{
  "mae": 25.889483595487974,
  "rmse": 39.27109189985146,
  "r2": 0.7966665805702169,
  "mape": 15.642172000057741,
  "max_error": 135.24999999999997,
  "bias": -8.220505618882418,
  "n_samples": 488
}