{
  "mse": 2079.342176709388,
  "mae": 32.14762981922411,
  "rmse": 45.5998045687631,
  "r2": 0.9760243301415976,
  "mape": 18.06459531819442,
  "max_error": 202.06795621906247,
  "bias": -0.7470318381824103,
  "n_samples": 900,
  "coefficients": {
    "params": {
      "feature": 0,
      "threshold": 72.58529281616211,
      "left": {
        "feature": 0,
        "threshold": 37.91666603088379,
        "left": {
          "feature": 0,
          "threshold": 20.111287117004395,
          "left": {
            "value": 46.56330140810489
          },
          "right": {
            "value": 134.44218547172918
          }
        },
        "right": {
          "feature": 0,
          "threshold": 50.68283653259277,
          "left": {
            "value": 235.5148363163099
          },
          "right": {
            "value": 340.73128917679105
          }
        }
      },
      "right": {
        "feature": 0,
        "threshold": 110.02702713012695,
        "left": {
          "feature": 0,
          "threshold": 88.0101432800293,
          "left": {
            "value": 477.02356476330755
          },
          "right": {
            "value": 601.4849623882949
          }
        },
        "right": {
          "feature": 0,
          "threshold": 131.8982696533203,
          "left": {
            "value": 714.8889116274898
          },
          "right": {
            "value": 834.2236705047768
          }
        }
      }
    }
  }
}