{
  "mse": 2051.0421982233843,
  "mae": 31.917064548150275,
  "rmse": 45.288433382303964,
  "r2": 0.9763506405241696,
  "mape": 18.068723303573087,
  "max_error": 219.97308076528543,
  "bias": 0.046631260360609134,
  "n_samples": 900,
  "coefficients": {
    "params": {
      "feature": 0,
      "threshold": 74.07368469238281,
      "left": {
        "feature": 0,
        "threshold": 38.29166603088379,
        "left": {
          "feature": 0,
          "threshold": 19.68606185913086,
          "left": {
            "value": 46.667710978207786
          },
          "right": {
            "value": 137.02347210649543
          }
        },
        "right": {
          "feature": 0,
          "threshold": 51.42354965209961,
          "left": {
            "value": 243.83090048166744
          },
          "right": {
            "value": 351.4579982876431
          }
        }
      },
      "right": {
        "feature": 0,
        "threshold": 111.98701477050781,
        "left": {
          "feature": 0,
          "threshold": 87.06122207641602,
          "left": {
            "value": 484.299832114761
          },
          "right": {
            "value": 589.409712388295
          }
        },
        "right": {
          "feature": 0,
          "threshold": 136.2368392944336,
          "left": {
            "value": 727.9942030805835
          },
          "right": {
            "value": 852.1287950509998
          }
        }
      }
    }
  }
}