{
  "mse": 1986.9576676401086,
  "mae": 31.56818148062669,
  "rmse": 44.575303337611835,
  "r2": 0.9770895614990363,
  "mape": 17.110291949826923,
  "max_error": 205.60960922452705,
  "bias": 0.26337866447238917,
  "n_samples": 900,
  "coefficients": {
    "params": {
      "feature": 0,
      "threshold": 74.1500015258789,
      "left": {
        "feature": 0,
        "threshold": 36.31562042236328,
        "left": {
          "feature": 0,
          "threshold": 19.033992767333984,
          "left": {
            "value": 43.050918522734285
          },
          "right": {
            "value": 127.95866041785729
          }
        },
        "right": {
          "feature": 0,
          "threshold": 51.90871620178223,
          "left": {
            "value": 229.38163798948395
          },
          "right": {
            "value": 343.7746441551461
          }
        }
      },
      "right": {
        "feature": 0,
        "threshold": 108.97058868408203,
        "left": {
          "feature": 0,
          "threshold": 91.90187454223633,
          "left": {
            "value": 483.87987904923426
          },
          "right": {
            "value": 590.4843708816919
          }
        },
        "right": {
          "feature": 0,
          "threshold": 135.5248260498047,
          "left": {
            "value": 713.3673144052676
          },
          "right": {
            "value": 837.7653235102414
          }
        }
      }
    }
  }
}