{
  "mae": 3.511601596182315,
  "rmse": 8.954358714488368,
  "r2": 0.9971800768972677,
  "mape": 36168937.05607511,
  "max_error": 127.50978290444232,
  "bias": -0.013199083355553734,
  "n_samples": 30
}