{
  "mae": 3.4098405162592553,
  "rmse": 9.337847580985425,
  "r2": 0.9969333666779157,
  "mape": 36168939.625624314,
  "max_error": 169.29738276903277,
  "bias": -0.22376210729312226,
  "n_samples": 30
}