{
  "mae": 3.487334062343225,
  "rmse": 9.096217393729042,
  "r2": 0.9970900203549347,
  "mape": 36168965.02818615,
  "max_error": 143.82444261678893,
  "bias": 0.011893934873608139,
  "n_samples": 30
}