{
  "mse": 324.343802100099,
  "mae": 11.22516799613725,
  "rmse": 18.0095475262456,
  "r2": 0.9913682025173606,
  "mape": 495880933.92431664,
  "max_error": 88.84092015798137,
  "bias": -0.8210148352418521,
  "n_samples": 2589,
  "coefficients": {
    "a": 0.0012142467472090735,
    "b": 5.240870713989852,
    "c": -1.9758926407000956
  }
}