{
  "mse": 215.6330977627281,
  "mae": 9.337084106208398,
  "rmse": 14.684450883935977,
  "r2": 0.9942613325169456,
  "mape": 521108922.0865316,
  "max_error": 83.75071894912071,
  "bias": -0.629821135231835,
  "n_samples": 2589,
  "coefficients": {
    "a": 0.0007589303275417235,
    "b": 5.0604355276151995,
    "c": -2.0764163699596736
  }
}