{
  "mse": 320.09221944332967,
  "mae": 11.24853010614871,
  "rmse": 17.89112124611897,
  "r2": 0.9914813503568948,
  "mape": 663271121.5844501,
  "max_error": 86.65404463726571,
  "bias": -0.8163133391704172,
  "n_samples": 2589,
  "coefficients": {
    "a": 0.001914204075631291,
    "b": 5.15375372331899,
    "c": -2.642877474063397
  }
}