{
  "mse": 408.47904201479713,
  "mae": 14.721382435286422,
  "rmse": 20.210864454911302,
  "r2": 0.9948606677984886,
  "mape": 14.015891339795584,
  "max_error": 78.2318677948058,
  "bias": 0.46181700578101315,
  "n_samples": 900,
  "coefficients": {
    "a": 6.057032599298907,
    "b": -14.384284628239016
  }
}