{
  "mse": 607.7953865460058,
  "mae": 17.627101865320686,
  "rmse": 24.653506577077547,
  "r2": 0.9923529432829681,
  "mape": 17.838983627422856,
  "max_error": 90.17954015462428,
  "bias": -0.09507979906924599,
  "n_samples": 900,
  "coefficients": {
    "a": 6.078097000908939,
    "b": -17.892902925071724
  }
}