{
  "mse": 517.5420306200301,
  "mae": 16.765466530633695,
  "rmse": 22.74955011906895,
  "r2": 0.9934884776205855,
  "mape": 10.85591582779247,
  "max_error": 65.82709255105141,
  "bias": -0.7482720116841378,
  "n_samples": 900,
  "coefficients": {
    "a": 6.090425266234931,
    "b": -14.518459596221135
  }
}