index,time,y_true,y_pred
0,2025-09-04 05:00:00+02:00,9.231776773950688,-14.089936904731871
1,2025-09-04 05:01:00+02:00,4.704665404040404,-14.089936904731871
2,2025-09-04 05:02:00+02:00,12.008492063492064,-14.089936904731871
3,2025-09-04 05:03:00+02:00,10.161666666666664,-14.089936904731871
4,2025-09-04 05:04:00+02:00,11.244766009852215,-14.089936904731871
5,2025-09-04 05:05:00+02:00,11.05645061728395,-14.089936904731871
6,2025-09-04 05:06:00+02:00,4.391586538461538,-14.089936904731871
7,2025-09-04 05:07:00+02:00,9.839023795300676,-14.089936904731871
8,2025-09-04 05:08:00+02:00,7.593682795698925,-14.089936904731871
9,2025-09-04 05:09:00+02:00,9.28898148148148,-14.089936904731871
10,2025-09-04 05:10:00+02:00,7.300175653594771,-14.089936904731871
11,2025-09-04 05:11:00+02:00,11.944659786721706,-14.089936904731871
12,2025-09-04 05:12:00+02:00,9.340016291951777,-14.089936904731871
13,2025-09-04 05:13:00+02:00,11.361290322580643,-14.089936904731871
14,2025-09-04 05:14:00+02:00,5.33653634085213,-14.089936904731871
15,2025-09-04 05:15:00+02:00,11.338849206349204,-14.089936904731871
16,2025-09-04 05:16:00+02:00,12.653005291005291,-14.089936904731871
17,2025-09-04 05:17:00+02:00,8.136484848484848,-14.089936904731871
18,2025-09-04 05:18:00+02:00,6.38236111111111,-14.089936904731871
19,2025-09-04 05:19:00+02:00,8.925095238095237,-14.089936904731871
20,2025-09-04 05:20:00+02:00,9.34657738095238,-14.089936904731871
21,2025-09-04 05:21:00+02:00,7.56988492063492,-14.089936904731871
22,2025-09-04 05:22:00+02:00,10.677013888888888,-14.089936904731871
23,2025-09-04 05:23:00+02:00,10.81254072681704,-14.089936904731871
24,2025-09-04 05:24:00+02:00,7.523323412698413,-14.089936904731871
25,2025-09-04 05:25:00+02:00,10.505537878787878,-14.089936904731871
26,2025-09-04 05:26:00+02:00,8.387188552188553,-14.089936904731871
27,2025-09-04 05:27:00+02:00,11.797598484848486,-14.089936904731871
28,2025-09-04 05:28:00+02:00,7.931528846153846,-14.089936904731871
29,2025-09-04 05:29:00+02:00,10.518148148148148,-14.089936904731871
30,2025-09-04 05:30:00+02:00,8.008584656084656,-14.089936904731871
31,2025-09-04 05:31:00+02:00,9.303257936507936,-14.089936904731871
32,2025-09-04 05:32:00+02:00,10.637055555555555,-14.089936904731871
33,2025-09-04 05:33:00+02:00,11.725776515151514,-14.089936904731871
34,2025-09-04 05:34:00+02:00,10.318263888888888,-14.089936904731871
35,2025-09-04 05:35:00+02:00,12.284913793103447,-14.089936904731871
36,2025-09-04 05:36:00+02:00,10.35546783625731,-14.089936904731871
37,2025-09-04 05:37:00+02:00,11.65573611111111,-14.089936904731871
38,2025-09-04 05:38:00+02:00,10.483391934293095,-14.089936904731871
39,2025-09-04 05:39:00+02:00,12.299836563307494,-14.089936904731871
40,2025-09-04 05:40:00+02:00,10.46062962962963,-14.089936904731871
41,2025-09-04 05:41:00+02:00,11.814533730158727,-14.089936904731871
42,2025-09-04 05:42:00+02:00,12.376398809523808,-14.089936904731871
43,2025-09-04 05:43:00+02:00,11.939322916666669,-14.089936904731871
44,2025-09-04 05:44:00+02:00,10.552448653198653,-14.089936904731871
45,2025-09-04 05:45:00+02:00,11.510642091648188,-14.089936904731871
46,2025-09-04 05:46:00+02:00,9.062761130468449,-14.089936904731871
47,2025-09-04 05:47:00+02:00,12.68114620467252,-14.089936904731871
48,2025-09-04 05:48:00+02:00,11.55127435897436,-14.089936904731871
49,2025-09-04 05:49:00+02:00,13.434580200501252,-14.089936904731871
50,2025-09-04 05:50:00+02:00,13.403912927350428,-14.062900964348254
51,2025-09-04 05:51:00+02:00,12.440531844316672,-13.47486926100457
52,2025-09-04 05:52:00+02:00,13.221550925925923,-12.66379104949604
53,2025-09-04 05:53:00+02:00,14.277727185649598,-11.85271283798751
54,2025-09-04 05:54:00+02:00,14.287992212036327,-11.04163462647898
55,2025-09-04 05:55:00+02:00,14.444393939393938,-10.23055641497045
56,2025-09-04 05:56:00+02:00,9.922928030303032,-9.419478203461923
57,2025-09-04 05:57:00+02:00,13.079947811447813,-8.608399991953394
58,2025-09-04 05:58:00+02:00,13.715840982286636,-7.797321780444866
59,2025-09-04 05:59:00+02:00,12.920304347826084,-6.986243568936334
60,2025-09-04 06:00:00+02:00,16.869637992241252,-6.1713691604889815
61,2025-09-04 06:01:00+02:00,10.757930790960453,-5.3382594488890796
62,2025-09-04 06:02:00+02:00,14.392423903998598,-4.502777114202416
63,2025-09-04 06:03:00+02:00,18.444014355742297,-3.66729477951575
64,2025-09-04 06:04:00+02:00,20.63370098039216,-2.831812444829092
65,2025-09-04 06:05:00+02:00,17.493537763638503,-1.9963301101424253
66,2025-09-04 06:06:00+02:00,17.217755758807588,-1.1608477754557622
67,2025-09-04 06:07:00+02:00,22.838871212121216,-0.32536544076909735
68,2025-09-04 06:08:00+02:00,22.584483327181,0.5101168939175658
69,2025-09-04 06:09:00+02:00,25.3485443583118,1.337476483683659
70,2025-09-04 06:10:00+02:00,22.00681917211329,1.6449803985336064
71,2025-09-04 06:11:00+02:00,23.99084656084656,1.6449803985336064
72,2025-09-04 06:12:00+02:00,24.375820105820107,1.6449803985336064
73,2025-09-04 06:13:00+02:00,21.78684135472371,1.6449803985336064
74,2025-09-04 06:14:00+02:00,21.73517948717949,1.6449803985336064
75,2025-09-04 06:15:00+02:00,22.16380687830688,1.6449803985336064
76,2025-09-04 06:16:00+02:00,23.417677248677247,1.6449803985336064
77,2025-09-04 06:17:00+02:00,20.43798397435897,1.6449803985336064
78,2025-09-04 06:18:00+02:00,23.160625,1.6449803985336064
79,2025-09-04 06:19:00+02:00,26.56576388888889,1.8657926475919062
80,2025-09-04 06:20:00+02:00,27.236764705882354,3.558686557038854
81,2025-09-04 06:21:00+02:00,25.868849206349207,5.521462104223726
82,2025-09-04 06:22:00+02:00,31.366136363636368,7.484237651408602
83,2025-09-04 06:23:00+02:00,28.45547288359789,9.447013198593474
84,2025-09-04 06:24:00+02:00,32.10469642857143,11.409788745778364
85,2025-09-04 06:25:00+02:00,27.109113425925926,13.372564292963258
86,2025-09-04 06:26:00+02:00,29.218697916666667,15.335339840148151
87,2025-09-04 06:27:00+02:00,29.69968055555556,17.17843825043124
88,2025-09-04 06:28:00+02:00,34.373114035087724,18.159861275021314
89,2025-09-04 06:29:00+02:00,31.949490740740742,18.973736307948855
90,2025-09-04 06:30:00+02:00,35.30596338383838,19.787611340876396
91,2025-09-04 06:31:00+02:00,35.67612381989833,20.601486373803937
92,2025-09-04 06:32:00+02:00,37.44074377828054,21.415361406731478
93,2025-09-04 06:33:00+02:00,39.26883333333333,22.22923643965901
94,2025-09-04 06:34:00+02:00,37.98869444444444,23.04311147258651
95,2025-09-04 06:35:00+02:00,34.92974740537241,23.85698650551401
96,2025-09-04 06:36:00+02:00,38.82118055555556,24.670861538441507
97,2025-09-04 06:37:00+02:00,41.22595833333333,25.82046002245162
98,2025-09-04 06:38:00+02:00,44.73447222222222,27.686268535437968
99,2025-09-04 06:39:00+02:00,41.0886037037037,29.574458611829826
100,2025-09-04 06:40:00+02:00,44.44565347222223,31.462648688221684
101,2025-09-04 06:41:00+02:00,48.101628472222224,33.14194417282882
102,2025-09-04 06:42:00+02:00,43.57473475355054,34.030424417108044
103,2025-09-04 06:43:00+02:00,47.41945370370371,34.84429945003559
104,2025-09-04 06:44:00+02:00,42.87685854076479,35.65817448296313
105,2025-09-04 06:45:00+02:00,44.08283333333333,36.472049515890674
106,2025-09-04 06:46:00+02:00,44.37138480392158,37.285924548818215
107,2025-09-04 06:47:00+02:00,43.36953533496732,38.09979958174574
108,2025-09-04 06:48:00+02:00,49.94092592592593,38.91367461467323
109,2025-09-04 06:49:00+02:00,51.033920138888895,39.727549647600746
110,2025-09-04 06:50:00+02:00,52.98494738247863,40.54142468052824
111,2025-09-04 06:51:00+02:00,55.59309821428571,46.98553365804618
112,2025-09-04 06:52:00+02:00,55.730879629629634,51.42178609828689
113,2025-09-04 06:53:00+02:00,59.304479166666674,54.01545378563833
114,2025-09-04 06:54:00+02:00,64.99244212962962,56.60912147298977
115,2025-09-04 06:55:00+02:00,58.51839583333334,59.20278916034121
116,2025-09-04 06:56:00+02:00,62.987678571428575,61.79645684769265
117,2025-09-04 06:57:00+02:00,66.3285909090909,64.4529454156829
118,2025-09-04 06:58:00+02:00,69.15118650793652,67.6274646301712
119,2025-09-04 06:59:00+02:00,71.4708134920635,70.91699437998278
120,2025-09-04 07:00:00+02:00,68.10162698412698,74.20652412979443
121,2025-09-04 07:01:00+02:00,71.53193347953216,77.49605387960602
122,2025-09-04 07:02:00+02:00,83.49599206349207,82.36596042201124
123,2025-09-04 07:03:00+02:00,90.55029970760232,92.36165769598414
124,2025-09-04 07:04:00+02:00,79.94534722222222,83.15386932653894
125,2025-09-04 07:05:00+02:00,78.80426587301588,85.53091773111343
126,2025-09-04 07:06:00+02:00,81.63570512820513,89.56551191143791
127,2025-09-04 07:07:00+02:00,92.59597222222222,93.6001060917624
128,2025-09-04 07:08:00+02:00,91.76939814814814,89.06395070582835
129,2025-09-04 07:09:00+02:00,86.55398214285714,90.7463688398579
130,2025-09-04 07:10:00+02:00,104.13118055555556,100.52591755250765
131,2025-09-04 07:11:00+02:00,105.99770833333334,107.31796818701072
132,2025-09-04 07:12:00+02:00,111.05402777777778,107.52869591182484
133,2025-09-04 07:13:00+02:00,110.20394444444445,104.7926176294533
134,2025-09-04 07:14:00+02:00,107.8890277777778,102.40257720924616
135,2025-09-04 07:15:00+02:00,95.48892195767196,101.57683500244563
136,2025-09-04 07:16:00+02:00,111.20431712962964,109.63860682967486
137,2025-09-04 07:17:00+02:00,117.22064814814814,104.46186650271443
138,2025-09-04 07:18:00+02:00,109.32807870370372,104.50633328122869
139,2025-09-04 07:19:00+02:00,107.72948412698412,103.56289329403886
140,2025-09-04 07:20:00+02:00,135.62587962962962,122.41144405229022
141,2025-09-04 07:21:00+02:00,134.3011111111111,122.73850504911002
142,2025-09-04 07:22:00+02:00,140.25956590413944,132.75386486956623
143,2025-09-04 07:23:00+02:00,145.94383796296296,138.30736509424813
144,2025-09-04 07:24:00+02:00,153.38979166666667,141.957895093667
145,2025-09-04 07:25:00+02:00,149.25219907407407,136.72074008636318
146,2025-09-04 07:26:00+02:00,147.24283333333335,130.53354346343534
147,2025-09-04 07:27:00+02:00,140.6078869047619,143.444972466774
148,2025-09-04 07:28:00+02:00,164.18680555555554,148.61132419656883
149,2025-09-04 07:29:00+02:00,157.67765625,150.29562520367898
150,2025-09-04 07:30:00+02:00,158.74180555555554,156.69621227057328
151,2025-09-04 07:31:00+02:00,157.90147817460317,152.8092107570924
152,2025-09-04 07:32:00+02:00,167.3439351851852,157.35180165028922
153,2025-09-04 07:33:00+02:00,167.2725,170.14983339943805
154,2025-09-04 07:34:00+02:00,171.55001984126986,172.49468873105207
155,2025-09-04 07:35:00+02:00,190.13054487179488,187.68145471047814
156,2025-09-04 07:36:00+02:00,187.8655687830688,180.0449211747463
157,2025-09-04 07:37:00+02:00,187.3601587301587,188.5613643393425
158,2025-09-04 07:38:00+02:00,199.03354166666668,197.20049950817986
159,2025-09-04 07:39:00+02:00,196.4743055555556,203.1010934969044
160,2025-09-04 07:40:00+02:00,199.48962009803924,209.05524383234194
161,2025-09-04 07:41:00+02:00,200.2495724789916,215.06858802467272
162,2025-09-04 07:42:00+02:00,202.2269756441224,221.01354310766078
163,2025-09-04 07:43:00+02:00,210.83064814814816,226.176483592513
164,2025-09-04 07:44:00+02:00,215.4163701201201,231.119389551654
165,2025-09-04 07:45:00+02:00,220.30405621530625,236.2312479461215
166,2025-09-04 07:46:00+02:00,221.8776136363637,248.5025349439759
167,2025-09-04 07:47:00+02:00,229.46661904761905,266.3213571630685
168,2025-09-04 07:48:00+02:00,229.678625,293.6973244555678
169,2025-09-04 07:49:00+02:00,229.50433827160492,333.93583817096635
170,2025-09-04 07:50:00+02:00,236.80807936507935,371.9327926894165
171,2025-09-04 07:51:00+02:00,239.96181576797383,374.4880356702885
172,2025-09-04 07:52:00+02:00,245.66082843137252,368.9016744975316
173,2025-09-04 07:53:00+02:00,252.4442943805875,360.08056374863787
174,2025-09-04 07:54:00+02:00,254.4434595959596,339.1402245091694
175,2025-09-04 07:55:00+02:00,254.81298611111117,316.0493774592767
176,2025-09-04 07:56:00+02:00,258.9481875,287.89823672047805
177,2025-09-04 07:57:00+02:00,263.8421701388889,260.51168499163924
178,2025-09-04 07:58:00+02:00,260.4986525341131,256.1572677788528
179,2025-09-04 07:59:00+02:00,265.1859371693121,259.788402541145
180,2025-09-04 08:00:00+02:00,277.461673992674,263.41953730343704
181,2025-09-04 08:01:00+02:00,280.1079556878307,267.050672065729
182,2025-09-04 08:02:00+02:00,282.7079563492064,270.49288968160425
183,2025-09-04 08:03:00+02:00,288.6481712962963,273.6836266804966
184,2025-09-04 08:04:00+02:00,292.0890277777778,276.87313694467184
185,2025-09-04 08:05:00+02:00,294.9993148148148,280.0626472088473
186,2025-09-04 08:06:00+02:00,299.1408485623781,283.2521574730229
187,2025-09-04 08:07:00+02:00,302.95236912393165,286.3854790248899
188,2025-09-04 08:08:00+02:00,308.30952777777776,289.46070716233606
189,2025-09-04 08:09:00+02:00,311.1153683862434,292.5359352997821
190,2025-09-04 08:10:00+02:00,315.4574603174603,295.61116343722824
191,2025-09-04 08:11:00+02:00,320.20237962962966,298.6863915746742
192,2025-09-04 08:12:00+02:00,324.71334722222224,301.75780618516393
193,2025-09-04 08:13:00+02:00,326.10333531746033,304.823119152524
194,2025-09-04 08:14:00+02:00,323.6992328042328,307.88836278303023
195,2025-09-04 08:15:00+02:00,328.58995701058205,310.9536064135364
196,2025-09-04 08:16:00+02:00,332.0451654259719,314.0188500440426
197,2025-09-04 08:17:00+02:00,336.4208186123912,317.0896030993749
198,2025-09-04 08:18:00+02:00,335.9662400793651,320.1742131929062
199,2025-09-04 08:19:00+02:00,342.19097222222223,323.25949109550726
200,2025-09-04 08:20:00+02:00,345.69511574074073,326.3447689981083
201,2025-09-04 08:21:00+02:00,345.5948247863248,329.4300469007094
202,2025-09-04 08:22:00+02:00,351.67559027777776,332.7592463468922
203,2025-09-04 08:23:00+02:00,349.7042881944444,336.9553561439126
204,2025-09-04 08:24:00+02:00,358.27242824074074,341.2272793936679
205,2025-09-04 08:25:00+02:00,358.67909722222225,345.49920264342325
206,2025-09-04 08:26:00+02:00,362.1525,349.03206311499315
207,2025-09-04 08:27:00+02:00,363.2418187830688,351.6914857577984
208,2025-09-04 08:28:00+02:00,373.5288194444445,354.35090840060394
209,2025-09-04 08:29:00+02:00,375.0714583333333,357.0103310434094
210,2025-09-04 08:30:00+02:00,376.3157001262626,359.66975368621496
211,2025-09-04 08:31:00+02:00,374.4029629629629,362.3291763290204
212,2025-09-04 08:32:00+02:00,379.9729652777778,365.329906988121
213,2025-09-04 08:33:00+02:00,385.6899444444445,368.61943673793274
214,2025-09-04 08:34:00+02:00,388.7931150793651,371.9089664877442
215,2025-09-04 08:35:00+02:00,384.1382744107744,375.1984962375558
216,2025-09-04 08:36:00+02:00,393.82973484848486,378.46483058528526
217,2025-09-04 08:37:00+02:00,398.7422916666666,381.2498603398131
218,2025-09-04 08:38:00+02:00,400.9936944444444,383.8435280271644
219,2025-09-04 08:39:00+02:00,401.4208981481481,386.4371957145158
220,2025-09-04 08:40:00+02:00,406.2734758297258,389.03086340186724
221,2025-09-04 08:41:00+02:00,411.60376984126987,391.62453108921886
222,2025-09-04 08:42:00+02:00,416.0090873015873,394.2293488030042
223,2025-09-04 08:43:00+02:00,413.762375,397.2389982457675
224,2025-09-04 08:44:00+02:00,418.00428472222217,400.45020585867877
225,2025-09-04 08:45:00+02:00,420.3708573717949,403.66141347159004
226,2025-09-04 08:46:00+02:00,424.93919444444447,406.8726210845013
227,2025-09-04 08:47:00+02:00,429.0158492063492,410.0852080821262
228,2025-09-04 08:48:00+02:00,430.2646904761905,413.3212446198797
229,2025-09-04 08:49:00+02:00,433.80925595238097,416.5655574659138
230,2025-09-04 08:50:00+02:00,434.3238734567901,419.80987031194786
231,2025-09-04 08:51:00+02:00,437.86327380952383,423.054183157982
232,2025-09-04 08:52:00+02:00,440.8408101851852,426.26206459498866
233,2025-09-04 08:53:00+02:00,443.0525854700855,429.18994463118344
234,2025-09-04 08:54:00+02:00,446.2151592592593,432.05953441293417
235,2025-09-04 08:55:00+02:00,444.7519805555556,434.9291241946846
236,2025-09-04 08:56:00+02:00,447.6434259259259,437.79871397643507
237,2025-09-04 08:57:00+02:00,451.06567708333336,440.6683037581855
238,2025-09-04 08:58:00+02:00,456.2679563492063,443.70964161106593
239,2025-09-04 08:59:00+02:00,458.3929722222222,446.95395445710005
240,2025-09-04 09:00:00+02:00,457.6244212962963,450.1982673031341
241,2025-09-04 09:01:00+02:00,464.5726041666667,453.4425801491683
242,2025-09-04 09:02:00+02:00,467.0649305555556,456.68822317677103
243,2025-09-04 09:03:00+02:00,465.6323611111111,460.076860723008
244,2025-09-04 09:04:00+02:00,470.1613194444444,463.56060625140617
245,2025-09-04 09:05:00+02:00,469.7845833333333,467.04435177980434
246,2025-09-04 09:06:00+02:00,475.0057657657658,470.5280973082027
247,2025-09-04 09:07:00+02:00,475.5455341484342,473.5446154998938
248,2025-09-04 09:08:00+02:00,479.0392595899471,474.58097974077737
249,2025-09-04 09:09:00+02:00,480.022290954416,475.39485477370505
250,2025-09-04 09:10:00+02:00,486.0135509259259,476.2087298066328
251,2025-09-04 09:11:00+02:00,483.3288506944445,477.0226048395605
252,2025-09-04 09:12:00+02:00,485.4184675925926,477.836479872488
253,2025-09-04 09:13:00+02:00,488.0599404761904,478.65035490541527
254,2025-09-04 09:14:00+02:00,495.4319791666667,479.4642299383427
255,2025-09-04 09:15:00+02:00,498.4633796296296,480.27810497127007
256,2025-09-04 09:16:00+02:00,495.0844444444445,481.09198000419747
257,2025-09-04 09:17:00+02:00,501.3008110119047,488.28869164619937
258,2025-09-04 09:18:00+02:00,502.50780555555554,492.11433756776574
259,2025-09-04 09:19:00+02:00,499.0437500000001,494.433981396257
260,2025-09-04 09:20:00+02:00,506.3939583333333,496.75362522474825
261,2025-09-04 09:21:00+02:00,504.5941944444445,499.0732690532395
262,2025-09-04 09:22:00+02:00,508.10850529100526,501.3929128817308
263,2025-09-04 09:23:00+02:00,510.8716666666666,503.7125567102221
264,2025-09-04 09:24:00+02:00,513.5574603174604,506.0193292301409
265,2025-09-04 09:25:00+02:00,516.9803777777778,508.3055076563443
266,2025-09-04 09:26:00+02:00,517.2546,510.5914520587555
267,2025-09-04 09:27:00+02:00,523.7589030934342,512.8773964611667
268,2025-09-04 09:28:00+02:00,522.6042058404558,515.163340863578
269,2025-09-04 09:29:00+02:00,520.4641250263546,517.4492852659898
270,2025-09-04 09:30:00+02:00,521.0788060224089,519.7352296684016
271,2025-09-04 09:31:00+02:00,529.8508829365079,522.1092097886607
272,2025-09-04 09:32:00+02:00,525.8233134920634,524.574209888389
273,2025-09-04 09:33:00+02:00,532.4471805555555,527.0392099881172
274,2025-09-04 09:34:00+02:00,531.786662037037,529.5042100878455
275,2025-09-04 09:35:00+02:00,534.2745256410257,531.9692101875738
276,2025-09-04 09:36:00+02:00,530.6952457264957,534.4342102873022
277,2025-09-04 09:37:00+02:00,537.9364115133233,533.9474649417548
278,2025-09-04 09:38:00+02:00,534.608197167756,527.9331614318079
279,2025-09-04 09:39:00+02:00,543.8914583333334,537.7535485626208
280,2025-09-04 09:40:00+02:00,544.8064351851853,539.8895101874988
281,2025-09-04 09:41:00+02:00,549.6918518518519,542.0254718123767
282,2025-09-04 09:42:00+02:00,547.6843428330928,544.1614334372548
283,2025-09-04 09:43:00+02:00,546.3302645502646,546.2973950621322
284,2025-09-04 09:44:00+02:00,548.5192180735932,548.4333566870096
285,2025-09-04 09:45:00+02:00,551.6412297771673,550.5693183118868
286,2025-09-04 09:46:00+02:00,554.5105937118437,553.5537313599797
287,2025-09-04 09:47:00+02:00,560.1256076388889,559.3771934011394
288,2025-09-04 09:48:00+02:00,567.1182407407408,565.4206792670836
289,2025-09-04 09:49:00+02:00,541.9346944444445,560.3185806531585
290,2025-09-04 09:50:00+02:00,566.655735042735,563.3966289881067
291,2025-09-04 09:51:00+02:00,560.0271924603175,570.219308052366
292,2025-09-04 09:52:00+02:00,553.0826898148149,572.8937982455558
293,2025-09-04 09:53:00+02:00,569.5755879629629,575.5682884387455
294,2025-09-04 09:54:00+02:00,573.5648333333334,578.2427786319353
295,2025-09-04 09:55:00+02:00,574.7687857142856,580.9172688251249
296,2025-09-04 09:56:00+02:00,584.1544484126983,582.979609537681
297,2025-09-04 09:57:00+02:00,580.9350925925926,577.751933068484
298,2025-09-04 09:58:00+02:00,577.3232559523809,570.7290128962982
299,2025-09-04 09:59:00+02:00,572.5596388888889,572.8531309433757
300,2025-09-04 10:00:00+02:00,572.3150529100529,578.9836182043881
301,2025-09-04 10:01:00+02:00,581.1480555555555,584.5988274413068
302,2025-09-04 10:02:00+02:00,581.9703009259259,588.7540822766263
303,2025-09-04 10:03:00+02:00,587.2840701058202,592.8234574412639
304,2025-09-04 10:04:00+02:00,591.6925,596.8928326059018
305,2025-09-04 10:05:00+02:00,598.5298633040935,597.3142445258986
306,2025-09-04 10:06:00+02:00,599.0677361111111,589.9134130738697
307,2025-09-04 10:07:00+02:00,592.7759027777778,587.9882905498318
308,2025-09-04 10:08:00+02:00,597.5329738562092,597.4494704030197
309,2025-09-04 10:09:00+02:00,602.1037608932462,593.005763408853
310,2025-09-04 10:10:00+02:00,591.5547777777778,584.0088550939524
311,2025-09-04 10:11:00+02:00,589.1121666666667,585.298347196487
312,2025-09-04 10:12:00+02:00,600.5561388888889,602.8129805217551
313,2025-09-04 10:13:00+02:00,614.3091527777777,616.9875640382201
314,2025-09-04 10:14:00+02:00,611.7076753968255,622.5864152426282
315,2025-09-04 10:15:00+02:00,623.5145734126985,628.0122487954782
316,2025-09-04 10:16:00+02:00,624.8773784722222,632.018340300148
317,2025-09-04 10:17:00+02:00,624.0504473304474,634.2441909920527
318,2025-09-04 10:18:00+02:00,630.4863194444445,636.4655910819255
319,2025-09-04 10:19:00+02:00,630.2722652116403,638.6869911717982
320,2025-09-04 10:20:00+02:00,634.0915324074074,640.908391261671
321,2025-09-04 10:21:00+02:00,639.4335694444444,643.1297913515438
322,2025-09-04 10:22:00+02:00,641.7265972222223,645.3511914414165
323,2025-09-04 10:23:00+02:00,647.7979305555556,647.0545441144969
324,2025-09-04 10:24:00+02:00,648.800337962963,647.8821034188117
325,2025-09-04 10:25:00+02:00,646.1604166666667,648.6959784517394
326,2025-09-04 10:26:00+02:00,654.0461557539683,649.5098534846671
327,2025-09-04 10:27:00+02:00,659.6554606227106,650.3237285175948
328,2025-09-04 10:28:00+02:00,652.4091527777778,651.1376035505225
329,2025-09-04 10:29:00+02:00,649.9346338383838,651.9514785834502
330,2025-09-04 10:30:00+02:00,658.7590740740741,652.7653536163778
331,2025-09-04 10:31:00+02:00,661.6202175925927,653.5792286493047
332,2025-09-04 10:32:00+02:00,662.2513888888889,654.5037481311526
333,2025-09-04 10:33:00+02:00,663.4397987117552,659.4514807635354
334,2025-09-04 10:34:00+02:00,652.0275865079365,668.7867420125813
335,2025-09-04 10:35:00+02:00,680.4336842592593,675.3293836103849
336,2025-09-04 10:36:00+02:00,673.7973981481482,664.3957989672048
337,2025-09-04 10:37:00+02:00,666.4189351851852,658.6474013377582
338,2025-09-04 10:38:00+02:00,635.6497853535353,654.4699896643251
339,2025-09-04 10:39:00+02:00,601.5052916666667,650.2925779908915
340,2025-09-04 10:40:00+02:00,661.8163525132276,654.0398709809118
341,2025-09-04 10:41:00+02:00,671.6096230158731,653.4639296863058
342,2025-09-04 10:42:00+02:00,667.2304970760234,636.4614773780552
343,2025-09-04 10:43:00+02:00,663.4319444444444,658.1053398461712
344,2025-09-04 10:44:00+02:00,685.371351851852,685.3161830853053
345,2025-09-04 10:45:00+02:00,687.3190740740741,694.2503146875696
346,2025-09-04 10:46:00+02:00,698.6569444444444,699.1331924826763
347,2025-09-04 10:47:00+02:00,685.8556712962964,681.8087970352695
348,2025-09-04 10:48:00+02:00,684.4663888888889,696.6087145797062
349,2025-09-04 10:49:00+02:00,680.2485972222222,692.0706732125326
350,2025-09-04 10:50:00+02:00,682.3074470899471,674.8195009813003
351,2025-09-04 10:51:00+02:00,684.8059351851851,678.0449130521288
352,2025-09-04 10:52:00+02:00,707.7903051346801,699.4136346207231
353,2025-09-04 10:53:00+02:00,618.4409722222223,629.6523792355113
354,2025-09-04 10:54:00+02:00,717.2123228276354,711.44471587046
355,2025-09-04 10:55:00+02:00,712.7930317460317,706.7414200678019
356,2025-09-04 10:56:00+02:00,714.6994935388685,715.3379551994116
357,2025-09-04 10:57:00+02:00,715.409212962963,710.2279636732289
358,2025-09-04 10:58:00+02:00,661.3195965608465,702.71808174942
359,2025-09-04 10:59:00+02:00,706.5262962962962,696.6828185081368
360,2025-09-04 11:00:00+02:00,702.8419444444444,690.9954990009325
361,2025-09-04 11:01:00+02:00,693.709375,683.3968589785642
362,2025-09-04 11:02:00+02:00,684.228134920635,675.7216010173731
363,2025-09-04 11:03:00+02:00,694.7807638888889,691.9489149238763
364,2025-09-04 11:04:00+02:00,711.0271626984127,711.6274389656569
365,2025-09-04 11:05:00+02:00,729.7515277777778,726.9065730337728
366,2025-09-04 11:06:00+02:00,713.5694573412699,701.0857925504778
367,2025-09-04 11:07:00+02:00,718.0819444444445,715.7292031746196
368,2025-09-04 11:08:00+02:00,716.410375,719.6189950439482
369,2025-09-04 11:09:00+02:00,718.4479907407407,721.6713755617653
370,2025-09-04 11:10:00+02:00,724.4453333333335,723.7237560795822
371,2025-09-04 11:11:00+02:00,704.1086111111111,725.7761365973996
372,2025-09-04 11:12:00+02:00,721.9203194444444,727.8285171152166
373,2025-09-04 11:13:00+02:00,723.3300347222222,729.8808976330338
374,2025-09-04 11:14:00+02:00,719.8054687499999,731.9332781508513
375,2025-09-04 11:15:00+02:00,731.8174305555555,735.7584681223606
376,2025-09-04 11:16:00+02:00,732.3259722222223,742.9411421204525
377,2025-09-04 11:17:00+02:00,683.3018885281385,752.8044898114944
378,2025-09-04 11:18:00+02:00,757.2877297008548,763.2910210568608
379,2025-09-04 11:19:00+02:00,764.2979530423281,759.2885332347034
380,2025-09-04 11:20:00+02:00,760.8877663690477,754.9177228726851
381,2025-09-04 11:21:00+02:00,752.551880787037,750.3271014081583
382,2025-09-04 11:22:00+02:00,737.2951455026455,734.0568445411726
383,2025-09-04 11:23:00+02:00,739.3103849206349,707.3888025277051
384,2025-09-04 11:24:00+02:00,708.8516666666666,685.9171966242909
385,2025-09-04 11:25:00+02:00,675.7854166666667,672.8977853485051
386,2025-09-04 11:26:00+02:00,687.7779861111111,681.3970502415707
387,2025-09-04 11:27:00+02:00,740.6587222222223,734.0429407175128
388,2025-09-04 11:28:00+02:00,738.52375,744.4829334679333
389,2025-09-04 11:29:00+02:00,742.3360251322752,738.4709652586488
390,2025-09-04 11:30:00+02:00,739.1926388888888,721.8291048052647
391,2025-09-04 11:31:00+02:00,546.5036944444445,585.3448501942527
392,2025-09-04 11:32:00+02:00,597.0452083333333,583.8915557488815
393,2025-09-04 11:33:00+02:00,537.6073611111111,573.1284352324117
394,2025-09-04 11:34:00+02:00,205.4924479166667,247.8039207086423
395,2025-09-04 11:35:00+02:00,739.0035357142857,730.2860977584149
396,2025-09-04 11:36:00+02:00,722.8790277777779,727.723997736995
397,2025-09-04 11:37:00+02:00,726.1420405982907,730.721124842379
398,2025-09-04 11:38:00+02:00,721.465707070707,733.7182519477627
399,2025-09-04 11:39:00+02:00,719.0320128205127,736.7153790531469
400,2025-09-04 11:40:00+02:00,719.9878089387465,739.7125061585305
401,2025-09-04 11:41:00+02:00,728.4111659356726,740.4409591917703
402,2025-09-04 11:42:00+02:00,726.3051636904762,738.7039249630274
403,2025-09-04 11:43:00+02:00,729.0409201388889,736.9620521988282
404,2025-09-04 11:44:00+02:00,727.1689202279202,735.2201794346294
405,2025-09-04 11:45:00+02:00,732.7820138888889,733.4783066704301
406,2025-09-04 11:46:00+02:00,729.4888670634922,731.736433906231
407,2025-09-04 11:47:00+02:00,732.0959583333333,729.994561142032
408,2025-09-04 11:48:00+02:00,731.9813095238096,728.2526883778328
409,2025-09-04 11:49:00+02:00,729.9291203703702,726.5108156136334
410,2025-09-04 11:50:00+02:00,723.9989384920635,732.0459578655554
411,2025-09-04 11:51:00+02:00,729.1919343711844,728.5721277770956
412,2025-09-04 11:52:00+02:00,730.7206481481481,686.7367235671697
413,2025-09-04 11:53:00+02:00,730.6100438034188,721.0892801394393
414,2025-09-04 11:54:00+02:00,729.8935694444444,733.436942649275
415,2025-09-04 11:55:00+02:00,726.1428333333333,727.0564739759857
416,2025-09-04 11:56:00+02:00,716.8080952380952,727.5215602044382
417,2025-09-04 11:57:00+02:00,713.737183080808,729.6819607495083
418,2025-09-04 11:58:00+02:00,720.3885902777778,731.8423612945788
419,2025-09-04 11:59:00+02:00,714.2271071428572,734.0027618396497
420,2025-09-04 12:00:00+02:00,718.7155021367521,736.163162384721
421,2025-09-04 12:01:00+02:00,726.0267261904761,738.323562929792
422,2025-09-04 12:02:00+02:00,729.5424074074075,740.3875101082338
423,2025-09-04 12:03:00+02:00,725.1547323848239,732.1911111934021
424,2025-09-04 12:04:00+02:00,725.2181822612087,722.78895549188
425,2025-09-04 12:05:00+02:00,721.5918859649123,718.0207987333143
426,2025-09-04 12:06:00+02:00,716.296736111111,713.2526419747492
427,2025-09-04 12:07:00+02:00,711.4994391025642,704.635574063477
428,2025-09-04 12:08:00+02:00,699.9016944444444,700.9611896741759
429,2025-09-04 12:09:00+02:00,711.6350347222223,712.5426642863788
430,2025-09-04 12:10:00+02:00,716.2553282828284,719.9012636565085
431,2025-09-04 12:11:00+02:00,720.7432916666667,725.2072241424935
432,2025-09-04 12:12:00+02:00,727.5870126262625,725.4511763487455
433,2025-09-04 12:13:00+02:00,725.1940567129628,725.4511763487455
434,2025-09-04 12:14:00+02:00,726.6025,725.4511763487455
435,2025-09-04 12:15:00+02:00,723.2014888888889,725.4511763487455
436,2025-09-04 12:16:00+02:00,723.0008023504273,725.4511763487455
437,2025-09-04 12:17:00+02:00,723.5738657407406,725.4511763487455
438,2025-09-04 12:18:00+02:00,717.0684543650794,725.4511763487455
439,2025-09-04 12:19:00+02:00,718.4905773809523,725.4511763487455
440,2025-09-04 12:20:00+02:00,723.7526785714285,725.4511763487455
441,2025-09-04 12:21:00+02:00,727.4151388888889,721.3794214325496
442,2025-09-04 12:22:00+02:00,715.1994004629629,713.1079593059704
443,2025-09-04 12:23:00+02:00,718.2532638888888,706.2467586463129
444,2025-09-04 12:24:00+02:00,715.9863422035481,700.3828143096919
445,2025-09-04 12:25:00+02:00,710.0398638344227,700.3056484877541
446,2025-09-04 12:26:00+02:00,708.9853472222222,702.2574995445816
447,2025-09-04 12:27:00+02:00,704.7991666666667,714.0284657074361
448,2025-09-04 12:28:00+02:00,719.4032407407408,726.8829935363036
449,2025-09-04 12:29:00+02:00,723.894861111111,728.6916047205875
450,2025-09-04 12:30:00+02:00,722.9968148148149,730.5002159048706
451,2025-09-04 12:31:00+02:00,724.0978450854701,732.3088270891541
452,2025-09-04 12:32:00+02:00,723.0871212121211,734.1174382734372
453,2025-09-04 12:33:00+02:00,723.3813596491227,735.9260494577206
454,2025-09-04 12:34:00+02:00,727.7445833333333,737.7346606420037
455,2025-09-04 12:35:00+02:00,728.3899074074075,739.5432718262872
456,2025-09-04 12:36:00+02:00,731.2455092592592,740.5853922559028
457,2025-09-04 12:37:00+02:00,731.2389583333334,737.6733169108762
458,2025-09-04 12:38:00+02:00,732.7872097578347,734.1895713824781
459,2025-09-04 12:39:00+02:00,733.4494907407408,730.70582585408
460,2025-09-04 12:40:00+02:00,705.1500694444445,727.2220803256816
461,2025-09-04 12:41:00+02:00,731.8664682539684,724.0185218411955
462,2025-09-04 12:42:00+02:00,731.5650853174603,721.104648266517
463,2025-09-04 12:43:00+02:00,729.736550925926,718.1907746918384
464,2025-09-04 12:44:00+02:00,732.0659305555555,715.2769011171596
465,2025-09-04 12:45:00+02:00,732.4516203703703,712.3630275424803
466,2025-09-04 12:46:00+02:00,712.2002678571429,715.7095304020659
467,2025-09-04 12:47:00+02:00,684.4249305555555,691.598879687257
468,2025-09-04 12:48:00+02:00,658.2391666666666,669.2910784963633
469,2025-09-04 12:49:00+02:00,634.7120833333333,653.2784027358331
470,2025-09-04 12:50:00+02:00,651.6411527777777,665.4813782807748
471,2025-09-04 12:51:00+02:00,662.5798958333334,679.4525151004972
472,2025-09-04 12:52:00+02:00,660.8766837606837,688.6138232228762
473,2025-09-04 12:53:00+02:00,680.9258333333333,699.0001007279934
474,2025-09-04 12:54:00+02:00,693.9672268518519,711.8530811802116
475,2025-09-04 12:55:00+02:00,703.6225793650793,721.8638386239313
476,2025-09-04 12:56:00+02:00,699.7841666666667,713.990645665612
477,2025-09-04 12:57:00+02:00,700.7037023809524,723.2766229440973
478,2025-09-04 12:58:00+02:00,707.4535011574075,731.6055593262324
479,2025-09-04 12:59:00+02:00,708.101537037037,738.5054474582086
480,2025-09-04 13:00:00+02:00,713.877232905983,729.694764909155
481,2025-09-04 13:01:00+02:00,713.3112777777778,723.7793413852743
482,2025-09-04 13:02:00+02:00,718.9642708333334,722.0934573884961
483,2025-09-04 13:03:00+02:00,718.5105158730158,720.4075733917178
484,2025-09-04 13:04:00+02:00,723.0136058201057,718.7216893949397
485,2025-09-04 13:05:00+02:00,718.6418194444444,717.0358053981611
486,2025-09-04 13:06:00+02:00,717.2936721611721,715.3499214013823
487,2025-09-04 13:07:00+02:00,715.6409885531135,713.6640374046036
488,2025-09-04 13:08:00+02:00,712.6422781986531,711.9781534078252
489,2025-09-04 13:09:00+02:00,706.3041633597883,710.2225645919485
490,2025-09-04 13:10:00+02:00,703.43083994709,704.9352649417955
491,2025-09-04 13:11:00+02:00,702.441858974359,697.6729954172115
492,2025-09-04 13:12:00+02:00,701.3163952991454,698.1571467188505
493,2025-09-04 13:13:00+02:00,706.0421441798941,705.4194162434349
494,2025-09-04 13:14:00+02:00,707.4550299145299,705.950481430891
495,2025-09-04 13:15:00+02:00,701.1237500000001,695.4544377568911
496,2025-09-04 13:16:00+02:00,698.3347685185186,687.5058180827936
497,2025-09-04 13:17:00+02:00,685.531875,678.8516135659976
498,2025-09-04 13:18:00+02:00,643.904675925926,621.3641282819451
499,2025-09-04 13:19:00+02:00,657.5038194444445,644.8649606850739
500,2025-09-04 13:20:00+02:00,687.1524930555555,678.437161012137
501,2025-09-04 13:21:00+02:00,699.4446388888888,688.5227398125704
502,2025-09-04 13:22:00+02:00,691.4447023809524,691.1746921670532
503,2025-09-04 13:23:00+02:00,690.219742063492,693.826644521536
504,2025-09-04 13:24:00+02:00,689.1567592592593,696.4785968760189
505,2025-09-04 13:25:00+02:00,696.3937222222222,699.1305492305019
506,2025-09-04 13:26:00+02:00,703.595517094017,703.0460788832978
507,2025-09-04 13:27:00+02:00,716.3533333333334,714.4444474312164
508,2025-09-04 13:28:00+02:00,724.8670138888889,714.600639625035
509,2025-09-04 13:29:00+02:00,722.2087847222223,710.6669102992187
510,2025-09-04 13:30:00+02:00,720.4422817460318,706.7331809734023
511,2025-09-04 13:31:00+02:00,708.1902223875662,702.8380176213689
512,2025-09-04 13:32:00+02:00,705.7078630952382,699.7430982253219
513,2025-09-04 13:33:00+02:00,699.0746964285714,696.9663481129808
514,2025-09-04 13:34:00+02:00,699.9434027777778,694.1895980006399
515,2025-09-04 13:35:00+02:00,696.6433333333333,691.4128478882985
516,2025-09-04 13:36:00+02:00,696.471550925926,688.6360977759578
517,2025-09-04 13:37:00+02:00,683.1485601851851,687.1332773685289
518,2025-09-04 13:38:00+02:00,679.3632962962963,681.4105411077654
519,2025-09-04 13:39:00+02:00,678.5407465277777,670.7484655091187
520,2025-09-04 13:40:00+02:00,673.9803712606838,666.6684267778584
521,2025-09-04 13:41:00+02:00,671.3977435897435,663.3205720324828
522,2025-09-04 13:42:00+02:00,668.9441018518519,659.9727172871072
523,2025-09-04 13:43:00+02:00,668.8563888888889,656.6248625417317
524,2025-09-04 13:44:00+02:00,661.0307407407407,658.6113994280367
525,2025-09-04 13:45:00+02:00,658.0255026455027,666.6805877886857
526,2025-09-04 13:46:00+02:00,666.4543402777778,669.5761638840886
527,2025-09-04 13:47:00+02:00,665.9219502314814,667.824596095228
528,2025-09-04 13:48:00+02:00,662.9563888888889,666.0730283063673
529,2025-09-04 13:49:00+02:00,664.1065625,664.3214605175066
530,2025-09-04 13:50:00+02:00,667.8545833333334,662.5698927286459
531,2025-09-04 13:51:00+02:00,666.5134722222223,660.8183249397852
532,2025-09-04 13:52:00+02:00,661.6230085470086,659.0667571509246
533,2025-09-04 13:53:00+02:00,660.2928174603175,657.3151893620638
534,2025-09-04 13:54:00+02:00,658.3978571428571,655.563621573203
535,2025-09-04 13:55:00+02:00,658.1136342592592,654.6440484840509
536,2025-09-04 13:56:00+02:00,659.0643531746032,654.6440484840509
537,2025-09-04 13:57:00+02:00,658.2680694444444,654.6440484840509
538,2025-09-04 13:58:00+02:00,658.6502643849207,654.6440484840509
539,2025-09-04 13:59:00+02:00,660.2943701923077,654.6440484840509
540,2025-09-04 14:00:00+02:00,658.5457361111111,654.6440484840509
541,2025-09-04 14:01:00+02:00,657.0259313725489,654.6440484840509
542,2025-09-04 14:02:00+02:00,655.9457046568627,654.6440484840509
543,2025-09-04 14:03:00+02:00,659.0776048976608,654.6440484840509
544,2025-09-04 14:04:00+02:00,653.5769415204678,654.4285016716774
545,2025-09-04 14:05:00+02:00,646.4336388888888,649.7403585025539
546,2025-09-04 14:06:00+02:00,645.0893783068783,643.273954131349
547,2025-09-04 14:07:00+02:00,645.1530972222222,638.7324049778445
548,2025-09-04 14:08:00+02:00,643.7699444444444,637.8362959101079
549,2025-09-04 14:09:00+02:00,645.1839682539683,637.0266089133701
550,2025-09-04 14:10:00+02:00,641.5288234126984,636.2169219166324
551,2025-09-04 14:11:00+02:00,642.3164675925926,635.4072349198946
552,2025-09-04 14:12:00+02:00,636.12515625,634.5975479231568
553,2025-09-04 14:13:00+02:00,638.8309722222222,633.7878609264194
554,2025-09-04 14:14:00+02:00,638.5709126984127,632.9781739296823
555,2025-09-04 14:15:00+02:00,635.954417989418,632.1684869329451
556,2025-09-04 14:16:00+02:00,633.9223015873016,631.3438723734698
557,2025-09-04 14:17:00+02:00,631.1751884920635,628.9145448196372
558,2025-09-04 14:18:00+02:00,624.8975892857143,625.4178965300225
559,2025-09-04 14:19:00+02:00,629.107800925926,622.4461927890045
560,2025-09-04 14:20:00+02:00,628.7433055555556,620.3619424735375
561,2025-09-04 14:21:00+02:00,628.3560277777777,618.2915586178447
562,2025-09-04 14:22:00+02:00,625.2373611111111,616.2211747621518
563,2025-09-04 14:23:00+02:00,627.9858589616402,614.150790906459
564,2025-09-04 14:24:00+02:00,627.03275,612.080407050766
565,2025-09-04 14:25:00+02:00,623.470302579365,610.0100231950731
566,2025-09-04 14:26:00+02:00,617.8813044871795,607.9001354635132
567,2025-09-04 14:27:00+02:00,612.4004662698412,604.9705423077079
568,2025-09-04 14:28:00+02:00,612.5852314814815,601.7150421759977
569,2025-09-04 14:29:00+02:00,605.7188472222223,598.4595420442876
570,2025-09-04 14:30:00+02:00,607.965,595.2040419125774
571,2025-09-04 14:31:00+02:00,601.3103472222223,592.0404723730542
572,2025-09-04 14:32:00+02:00,596.0170238095238,589.634976639872
573,2025-09-04 14:33:00+02:00,590.5401111111111,587.3977846062323
574,2025-09-04 14:34:00+02:00,597.3764583333333,585.1605925725927
575,2025-09-04 14:35:00+02:00,594.0683449074074,582.9234005389532
576,2025-09-04 14:36:00+02:00,590.6684628817414,580.6862085053136
577,2025-09-04 14:37:00+02:00,589.4976111111112,578.4490164716741
578,2025-09-04 14:38:00+02:00,588.1388576388889,576.1601334869829
579,2025-09-04 14:39:00+02:00,587.7820185185185,573.3712580303019
580,2025-09-04 14:40:00+02:00,585.6329710144927,570.4573844556235
581,2025-09-04 14:41:00+02:00,584.5027777777779,567.5435108809448
582,2025-09-04 14:42:00+02:00,578.9187499999999,564.6296373062657
583,2025-09-04 14:43:00+02:00,579.045267094017,561.7157637315867
584,2025-09-04 14:44:00+02:00,574.1488888888889,556.7444690220044
585,2025-09-04 14:45:00+02:00,574.1750000000001,549.6460100882003
586,2025-09-04 14:46:00+02:00,566.5493819444445,543.8724623815298
587,2025-09-04 14:47:00+02:00,568.4146031746031,541.0799649359088
588,2025-09-04 14:48:00+02:00,565.5180868055555,538.3978767592156
589,2025-09-04 14:49:00+02:00,560.8734132996633,535.7157885825224
590,2025-09-04 14:50:00+02:00,562.6098611111112,533.0337004058294
591,2025-09-04 14:51:00+02:00,559.1538888888889,530.3516122291369
592,2025-09-04 14:52:00+02:00,551.8369642857143,531.612440490113
593,2025-09-04 14:53:00+02:00,551.4292303240741,537.4044345894745
594,2025-09-04 14:54:00+02:00,554.0831096491228,542.964609561558
595,2025-09-04 14:55:00+02:00,551.732829710145,543.9395938551156
596,2025-09-04 14:56:00+02:00,551.3845833333334,543.1299068583778
597,2025-09-04 14:57:00+02:00,549.2552804232804,542.3202198616401
598,2025-09-04 14:58:00+02:00,546.1110945767197,541.5105328649023
599,2025-09-04 14:59:00+02:00,542.8562499999999,540.7008458681645
600,2025-09-04 15:00:00+02:00,544.9449603174603,539.8911588714268
601,2025-09-04 15:01:00+02:00,548.6423148148148,539.0814718746897
602,2025-09-04 15:02:00+02:00,551.3827222222222,538.2717848779525
603,2025-09-04 15:03:00+02:00,546.1157015669515,537.4620978812154
604,2025-09-04 15:04:00+02:00,546.3038995726496,536.0712811032755
605,2025-09-04 15:05:00+02:00,540.6833785529716,530.8350378277646
606,2025-09-04 15:06:00+02:00,540.7443287037037,526.3463083712384
607,2025-09-04 15:07:00+02:00,540.3477777777778,522.6727868218379
608,2025-09-04 15:08:00+02:00,535.0999305555556,518.9992652724374
609,2025-09-04 15:09:00+02:00,536.2604166666666,515.3257437230369
610,2025-09-04 15:10:00+02:00,530.017003968254,511.90692161758034
611,2025-09-04 15:11:00+02:00,528.159525462963,508.895618622434
612,2025-09-04 15:12:00+02:00,521.9462731481482,505.88894652626846
613,2025-09-04 15:13:00+02:00,525.694212962963,502.8822744301028
614,2025-09-04 15:14:00+02:00,520.4643518518518,499.87560233393776
615,2025-09-04 15:15:00+02:00,516.2067923280423,495.8697685569268
616,2025-09-04 15:16:00+02:00,509.4841773504274,488.312860157449
617,2025-09-04 15:17:00+02:00,504.50932692307697,480.66645759822603
618,2025-09-04 15:18:00+02:00,506.9318055555555,473.8057003404062
619,2025-09-04 15:19:00+02:00,500.6888333333333,463.63240017907674
620,2025-09-04 15:20:00+02:00,497.799875,441.10360769152817
621,2025-09-04 15:21:00+02:00,461.2548611111111,464.0199793308766
622,2025-09-04 15:22:00+02:00,459.66151175213673,480.507914258668
623,2025-09-04 15:23:00+02:00,487.3647156084656,478.6782727117764
624,2025-09-04 15:24:00+02:00,493.6076587301588,476.848631164885
625,2025-09-04 15:25:00+02:00,491.7026145833333,475.0189896179938
626,2025-09-04 15:26:00+02:00,493.1985127314815,473.1893480711025
627,2025-09-04 15:27:00+02:00,489.1496363636364,471.3597065242113
628,2025-09-04 15:28:00+02:00,486.80049242424246,469.53006497731997
629,2025-09-04 15:29:00+02:00,488.483373015873,467.70042343042877
630,2025-09-04 15:30:00+02:00,485.2753830891331,465.8249324537784
631,2025-09-04 15:31:00+02:00,485.9008234126984,463.6437786120666
632,2025-09-04 15:32:00+02:00,482.7311111111112,461.4065865784271
633,2025-09-04 15:33:00+02:00,480.02288194444446,459.1693945447875
634,2025-09-04 15:34:00+02:00,479.4271527777778,456.932202511148
635,2025-09-04 15:35:00+02:00,474.4177083333333,454.69501047750845
636,2025-09-04 15:36:00+02:00,471.06902777777776,452.4578184438686
637,2025-09-04 15:37:00+02:00,469.5726507936508,450.17957621211536
638,2025-09-04 15:38:00+02:00,463.4556944444444,447.5858338862914
639,2025-09-04 15:39:00+02:00,463.9524166666667,444.9264112434862
640,2025-09-04 15:40:00+02:00,463.6268194444445,442.26698860068063
641,2025-09-04 15:41:00+02:00,466.7484111721612,439.60756595787507
642,2025-09-04 15:42:00+02:00,462.41467460317466,436.9481433150696
643,2025-09-04 15:43:00+02:00,456.2336363636364,434.33931102411606
644,2025-09-04 15:44:00+02:00,452.6801816239317,432.00642610690045
645,2025-09-04 15:45:00+02:00,450.956748366013,429.71493329574537
646,2025-09-04 15:46:00+02:00,449.56350710155857,427.42344048459006
647,2025-09-04 15:47:00+02:00,446.454445611578,425.1319476734349
648,2025-09-04 15:48:00+02:00,446.85130411255415,422.8404548622796
649,2025-09-04 15:49:00+02:00,445.22204166666666,420.5489620511244
650,2025-09-04 15:50:00+02:00,445.8456392450142,417.7049648621684
651,2025-09-04 15:51:00+02:00,438.0244444444445,413.0122030244177
652,2025-09-04 15:52:00+02:00,431.674963023088,408.1706900080284
653,2025-09-04 15:53:00+02:00,426.3334325396825,403.4977868976824
654,2025-09-04 15:54:00+02:00,425.1309722222222,400.32551195112273
655,2025-09-04 15:55:00+02:00,421.9634325396826,397.50731780725425
656,2025-09-04 15:56:00+02:00,417.6920138888889,394.6891236633857
657,2025-09-04 15:57:00+02:00,415.8584490740741,391.87092951951723
658,2025-09-04 15:58:00+02:00,413.03657051282056,389.05273537564887
659,2025-09-04 15:59:00+02:00,412.4561111111111,385.8437009900145
660,2025-09-04 16:00:00+02:00,406.6550854700855,381.8944630444638
661,2025-09-04 16:01:00+02:00,404.2471527777778,377.92767716969104
662,2025-09-04 16:02:00+02:00,404.5684722222222,373.9608912949182
663,2025-09-04 16:03:00+02:00,399.93888888888887,370.4968594073731
664,2025-09-04 16:04:00+02:00,398.2627777777778,367.8827663359714
665,2025-09-04 16:05:00+02:00,395.3652991452991,365.2819535585721
666,2025-09-04 16:06:00+02:00,393.47583333333336,362.6811407811729
667,2025-09-04 16:07:00+02:00,387.3679166666666,360.0803280037738
668,2025-09-04 16:08:00+02:00,389.4938333333334,357.47951522637464
669,2025-09-04 16:09:00+02:00,389.328514957265,355.46330600238576
670,2025-09-04 16:10:00+02:00,383.4148680555556,354.62127923460827
671,2025-09-04 16:11:00+02:00,385.0247441520468,353.8115922378706
672,2025-09-04 16:12:00+02:00,384.9766319444445,353.0019052411332
673,2025-09-04 16:13:00+02:00,381.2868513431013,352.1922182443958
674,2025-09-04 16:14:00+02:00,382.1600712250713,351.38253124765833
675,2025-09-04 16:15:00+02:00,379.8055555555556,350.5728442509209
676,2025-09-04 16:16:00+02:00,377.3065740740741,349.76315725418345
677,2025-09-04 16:17:00+02:00,372.2190376984127,348.9534702574461
678,2025-09-04 16:18:00+02:00,373.4110694444444,348.09798533995564
679,2025-09-04 16:19:00+02:00,375.4265555555556,341.22506786515925
680,2025-09-04 16:20:00+02:00,369.0974038461538,333.06941966022765
681,2025-09-04 16:21:00+02:00,362.8144395424836,325.85962692200775
682,2025-09-04 16:22:00+02:00,362.8248888888889,322.0365871405234
683,2025-09-04 16:23:00+02:00,345.7852387566137,319.34685768697403
684,2025-09-04 16:24:00+02:00,324.6665743978244,316.65712823342426
685,2025-09-04 16:25:00+02:00,304.2684325396826,313.9673987798745
686,2025-09-04 16:26:00+02:00,295.1675747863248,311.27766932632477
687,2025-09-04 16:27:00+02:00,302.5519841269841,308.564591526824
688,2025-09-04 16:28:00+02:00,314.29564814814813,305.68340563647644
689,2025-09-04 16:29:00+02:00,339.7200114379085,302.76953206179775
690,2025-09-04 16:30:00+02:00,338.603192499222,299.8556584871189
691,2025-09-04 16:31:00+02:00,332.8493659722222,296.94178491244014
692,2025-09-04 16:32:00+02:00,334.7532349537037,294.0248320631505
693,2025-09-04 16:33:00+02:00,329.91252777777777,289.87616936949183
694,2025-09-04 16:34:00+02:00,321.78764087301585,284.7452180749487
695,2025-09-04 16:35:00+02:00,255.2900138888889,279.61426678040556
696,2025-09-04 16:36:00+02:00,176.88318452380952,236.5414351083119
697,2025-09-04 16:37:00+02:00,224.29310515873013,175.01275313775793
698,2025-09-04 16:38:00+02:00,271.9530740740741,212.15693626074875
699,2025-09-04 16:39:00+02:00,284.1671750992064,248.8877812000237
700,2025-09-04 16:40:00+02:00,309.3316388888889,262.27150396372076
701,2025-09-04 16:41:00+02:00,309.403875,276.2888339363316
702,2025-09-04 16:42:00+02:00,309.69108796296297,274.55741347800705
703,2025-09-04 16:43:00+02:00,308.1639087301588,272.8187485826185
704,2025-09-04 16:44:00+02:00,304.5311755952381,271.08008368723017
705,2025-09-04 16:45:00+02:00,302.5082638888889,269.3414187918417
706,2025-09-04 16:46:00+02:00,300.7962400793651,267.6027538964534
707,2025-09-04 16:47:00+02:00,299.12267022357724,265.864089001065
708,2025-09-04 16:48:00+02:00,299.2090955284553,264.12542410567664
709,2025-09-04 16:49:00+02:00,294.72093253968256,262.38675921028823
710,2025-09-04 16:50:00+02:00,287.1020087505088,260.06450049107855
711,2025-09-04 16:51:00+02:00,288.1541137566137,256.75563787348415
712,2025-09-04 16:52:00+02:00,283.9328587962964,253.43135956997753
713,2025-09-04 16:53:00+02:00,277.70550925925926,250.10708126647057
714,2025-09-04 16:54:00+02:00,277.3048544973545,246.7746681549458
715,2025-09-04 16:55:00+02:00,269.1226488095238,242.72639193785108
716,2025-09-04 16:56:00+02:00,261.3470701754386,238.2307012797752
717,2025-09-04 16:57:00+02:00,257.6816632553606,233.73501062169942
718,2025-09-04 16:58:00+02:00,253.05001253132832,229.49952205206478
719,2025-09-04 16:59:00+02:00,247.2304261363637,226.24908424581488
720,2025-09-04 17:00:00+02:00,248.89458333333332,223.09157575686524
721,2025-09-04 17:01:00+02:00,244.41076566951563,219.93406726791562
722,2025-09-04 17:02:00+02:00,245.54306666666665,216.776558778966
723,2025-09-04 17:03:00+02:00,243.58652777777775,213.62549774112517
724,2025-09-04 17:04:00+02:00,239.82837632275127,210.49735129303593
725,2025-09-04 17:05:00+02:00,241.5581994047619,207.37120878245346
726,2025-09-04 17:06:00+02:00,234.7054671717172,204.24506627187085
727,2025-09-04 17:07:00+02:00,234.2993650793651,201.11892376128827
728,2025-09-04 17:08:00+02:00,224.3632936507936,193.44097472916954
729,2025-09-04 17:09:00+02:00,225.3452380952381,160.46149690986593
730,2025-09-04 17:10:00+02:00,217.84897016178263,112.65266157252648
731,2025-09-04 17:11:00+02:00,214.0802297979798,71.98925729768517
732,2025-09-04 17:12:00+02:00,215.6742474747475,56.71719095996278
733,2025-09-04 17:13:00+02:00,214.44708333333327,56.71719095996278
734,2025-09-04 17:14:00+02:00,205.8945555555556,56.71719095996278
735,2025-09-04 17:15:00+02:00,184.2987222222222,56.71719095996278
736,2025-09-04 17:16:00+02:00,134.46166666666667,56.71719095996278
737,2025-09-04 17:17:00+02:00,81.83036111111112,56.71719095996278
738,2025-09-04 17:18:00+02:00,50.20405303030304,56.71719095996278
739,2025-09-04 17:19:00+02:00,47.79932291666666,56.71719095996278
740,2025-09-04 17:20:00+02:00,44.69572382478632,56.71719095996278
741,2025-09-04 17:21:00+02:00,49.30421626984127,56.68333786765798
742,2025-09-04 17:22:00+02:00,48.355401785714285,56.07398220617178
743,2025-09-04 17:23:00+02:00,45.91380341880342,55.26150799085687
744,2025-09-04 17:24:00+02:00,45.25862268518518,54.44903377554196
745,2025-09-04 17:25:00+02:00,46.94650462962963,53.636559560227056
746,2025-09-04 17:26:00+02:00,40.76117181540809,52.824085344912135
747,2025-09-04 17:27:00+02:00,44.55905092592593,52.01161112959723
748,2025-09-04 17:28:00+02:00,42.54344410491469,51.19913691428232
749,2025-09-04 17:29:00+02:00,41.39115909090909,50.38666269896741
750,2025-09-04 17:30:00+02:00,44.25628890445066,49.5741884836525
751,2025-09-04 17:31:00+02:00,44.78520401382244,48.911796310888825
752,2025-09-04 17:32:00+02:00,44.61979797979797,48.84973230833004
753,2025-09-04 17:33:00+02:00,44.36307870370371,48.84973230833004
754,2025-09-04 17:34:00+02:00,41.51211574074074,48.84973230833004
755,2025-09-04 17:35:00+02:00,40.99288492063492,48.84973230833004
756,2025-09-04 17:36:00+02:00,43.26228174603174,48.84973230833004
757,2025-09-04 17:37:00+02:00,41.86903600464576,48.84973230833004
758,2025-09-04 17:38:00+02:00,41.47073051948052,48.84973230833004
759,2025-09-04 17:39:00+02:00,41.0166617063492,48.84973230833004
760,2025-09-04 17:40:00+02:00,40.053023504273504,48.84973230833004
761,2025-09-04 17:41:00+02:00,40.10972426470588,46.32090631316238
762,2025-09-04 17:42:00+02:00,38.62259520609319,41.40800193871206
763,2025-09-04 17:43:00+02:00,39.67075268817205,40.9822736566973
764,2025-09-04 17:44:00+02:00,39.46842307692308,40.9822736566973
765,2025-09-04 17:45:00+02:00,39.065694444444446,40.9822736566973
766,2025-09-04 17:46:00+02:00,36.99806693510738,40.9822736566973
767,2025-09-04 17:47:00+02:00,37.5046,40.9822736566973
768,2025-09-04 17:48:00+02:00,36.52732976190476,40.9822736566973
769,2025-09-04 17:49:00+02:00,34.09972222222222,40.9822736566973
770,2025-09-04 17:50:00+02:00,37.40508333333333,40.9822736566973
771,2025-09-04 17:51:00+02:00,34.83632738095238,40.9822736566973
772,2025-09-04 17:52:00+02:00,34.63553571428572,40.611167116525934
773,2025-09-04 17:53:00+02:00,38.60821180555556,39.80148011978841
774,2025-09-04 17:54:00+02:00,33.289922528860025,38.991793123050876
775,2025-09-04 17:55:00+02:00,38.10332407407408,38.18210612631335
776,2025-09-04 17:56:00+02:00,35.43216726190476,37.37241912957584
777,2025-09-04 17:57:00+02:00,35.617393162393164,36.562732132838356
778,2025-09-04 17:58:00+02:00,35.31997707847708,35.75304513610087
779,2025-09-04 17:59:00+02:00,33.90540740740741,34.94335813936338
780,2025-09-04 18:00:00+02:00,35.2252380952381,34.1336711426259
781,2025-09-04 18:01:00+02:00,36.2223685515873,33.34760001662659
782,2025-09-04 18:02:00+02:00,36.90951058201058,33.114815005064564
783,2025-09-04 18:03:00+02:00,37.31077380952381,33.114815005064564
784,2025-09-04 18:04:00+02:00,34.38849977954145,33.114815005064564
785,2025-09-04 18:05:00+02:00,36.82948148148149,33.114815005064564
786,2025-09-04 18:06:00+02:00,33.87822222222223,33.114815005064564
787,2025-09-04 18:07:00+02:00,34.589224664224666,33.114815005064564
788,2025-09-04 18:08:00+02:00,33.386625,33.114815005064564
789,2025-09-04 18:09:00+02:00,30.964915674603176,33.114815005064564
790,2025-09-04 18:10:00+02:00,35.52553571428572,33.114815005064564
791,2025-09-04 18:11:00+02:00,35.46248207885305,32.445675480570024
792,2025-09-04 18:12:00+02:00,33.028691425120776,28.126684004287114
793,2025-09-04 18:13:00+02:00,31.855538302277434,25.26763330871954
794,2025-09-04 18:14:00+02:00,34.40135846560847,25.247356353431826
795,2025-09-04 18:15:00+02:00,34.47236111111111,25.247356353431826
796,2025-09-04 18:16:00+02:00,27.592822954822957,25.247356353431826
797,2025-09-04 18:17:00+02:00,34.17976851851852,25.247356353431826
798,2025-09-04 18:18:00+02:00,33.00691798941799,25.247356353431826
799,2025-09-04 18:19:00+02:00,28.24200244200244,25.247356353431826
800,2025-09-04 18:20:00+02:00,30.150808857808855,25.247356353431826
801,2025-09-04 18:21:00+02:00,32.188951851851854,25.247356353431826
802,2025-09-04 18:22:00+02:00,30.16332175925926,25.223740482693643
803,2025-09-04 18:23:00+02:00,34.04083333333333,24.64683849751816
804,2025-09-04 18:24:00+02:00,26.4924173414305,23.837151500780628
805,2025-09-04 18:25:00+02:00,27.569252136752137,23.027464504043103
806,2025-09-04 18:26:00+02:00,26.580016025641022,22.217777507305577
807,2025-09-04 18:27:00+02:00,32.04817982456141,21.408090510568073
808,2025-09-04 18:28:00+02:00,32.03688596491228,20.59840351383059
809,2025-09-04 18:29:00+02:00,29.918223684210528,19.788716517093107
810,2025-09-04 18:30:00+02:00,23.373230158730163,18.979029520355617
811,2025-09-04 18:31:00+02:00,28.978838383838383,18.169342523618134
812,2025-09-04 18:32:00+02:00,26.88030073995772,17.151250868853378
813,2025-09-04 18:33:00+02:00,26.75010527586109,14.996406533939894
814,2025-09-04 18:34:00+02:00,27.41888888888889,12.671049297004103
815,2025-09-04 18:35:00+02:00,25.69694599723948,10.368299699871873
816,2025-09-04 18:36:00+02:00,24.403832437275984,9.512439050166346
817,2025-09-04 18:37:00+02:00,16.62252688172043,9.512439050166346
818,2025-09-04 18:38:00+02:00,16.026772137887413,9.512439050166346
819,2025-09-04 18:39:00+02:00,15.867626050420162,9.512439050166346
820,2025-09-04 18:40:00+02:00,16.354180672268907,9.512439050166346
821,2025-09-04 18:41:00+02:00,16.840735294117653,9.512439050166346
822,2025-09-04 18:42:00+02:00,17.008872549019607,9.512439050166346
823,2025-09-04 18:43:00+02:00,19.594523809523803,9.512439050166346
824,2025-09-04 18:44:00+02:00,24.42309523809523,9.512439050166346
825,2025-09-04 18:45:00+02:00,22.234897660818717,9.438964220804834
826,2025-09-04 18:46:00+02:00,19.36314484126984,8.759604644708372
827,2025-09-04 18:47:00+02:00,23.646766666666664,7.945729611780838
828,2025-09-04 18:48:00+02:00,21.864246626984126,7.131854578853311
829,2025-09-04 18:49:00+02:00,23.11617424242424,6.317979545925791
830,2025-09-04 18:50:00+02:00,22.363524720893142,5.504104512998268
831,2025-09-04 18:51:00+02:00,23.75559595959596,4.690229480070752
832,2025-09-04 18:52:00+02:00,24.15481091617934,3.8763544471432283
833,2025-09-04 18:53:00+02:00,23.040974025974023,3.062479414215705
834,2025-09-04 18:54:00+02:00,19.9086531986532,2.2486043812881853
835,2025-09-04 18:55:00+02:00,20.01541456228956,0.5087725934840357
836,2025-09-04 18:56:00+02:00,20.144742424242423,-3.4318839450413687
837,2025-09-04 18:57:00+02:00,18.43355054302423,-6.149631413732163
838,2025-09-04 18:58:00+02:00,20.363333333333333,-6.2224782530991325
839,2025-09-04 18:59:00+02:00,14.703765567765569,-6.2224782530991325
840,2025-09-04 19:00:00+02:00,18.413942307692302,-6.2224782530991325
841,2025-09-04 19:01:00+02:00,15.994565018315017,-6.2224782530991325
842,2025-09-04 19:02:00+02:00,14.847838095238096,-6.2224782530991325
843,2025-09-04 19:03:00+02:00,16.31781177156177,-6.2224782530991325
844,2025-09-04 19:04:00+02:00,16.436178674055828,-6.2224782530991325
845,2025-09-04 19:05:00+02:00,14.356180555555556,-6.2224782530991325
846,2025-09-04 19:06:00+02:00,12.362359375,-6.223602818372379
847,2025-09-04 19:07:00+02:00,14.549680555555556,-6.674553492944242
848,2025-09-04 19:08:00+02:00,15.691380952380952,-7.484240489681748
849,2025-09-04 19:09:00+02:00,13.060006172839506,-8.293927486419253
850,2025-09-04 19:10:00+02:00,11.79735096153846,-9.103614483156758
851,2025-09-04 19:11:00+02:00,11.935671146953403,-9.91330147989426
852,2025-09-04 19:12:00+02:00,13.948992063492064,-10.72298847663176
853,2025-09-04 19:13:00+02:00,13.150648148148148,-11.532675473369263
854,2025-09-04 19:14:00+02:00,11.46946875,-12.342362470106764
855,2025-09-04 19:15:00+02:00,12.41986111111111,-13.152049466844266
856,2025-09-04 19:16:00+02:00,8.908561507936508,-13.914504722105413
857,2025-09-04 19:17:00+02:00,11.0605,-14.089936904731871
858,2025-09-04 19:18:00+02:00,10.83995987654321,-14.089936904731871
859,2025-09-04 19:19:00+02:00,11.810190377722634,-14.089936904731871
860,2025-09-04 19:20:00+02:00,13.728828185703186,-14.089936904731871
861,2025-09-04 19:21:00+02:00,12.894141414141414,-14.089936904731871
862,2025-09-04 19:22:00+02:00,11.14744363044363,-14.089936904731871
863,2025-09-04 19:23:00+02:00,11.287579365079369,-14.089936904731871
864,2025-09-04 19:24:00+02:00,12.599976293103447,-14.089936904731871
865,2025-09-04 19:25:00+02:00,12.971027777777778,-14.089936904731871
866,2025-09-04 19:26:00+02:00,12.543981196581194,-14.089936904731871
867,2025-09-04 19:27:00+02:00,10.231518518518518,-14.089936904731871
868,2025-09-04 19:28:00+02:00,9.806446225071223,-14.089936904731871
869,2025-09-04 19:29:00+02:00,6.971861772486772,-14.089936904731871
870,2025-09-04 19:30:00+02:00,10.898470169677068,-14.089936904731871
871,2025-09-04 19:31:00+02:00,11.994685618500272,-14.089936904731871
872,2025-09-04 19:32:00+02:00,10.790111111111113,-14.089936904731871
873,2025-09-04 19:33:00+02:00,7.3676006944444445,-14.089936904731871
874,2025-09-04 19:34:00+02:00,12.971333333333332,-14.089936904731871
875,2025-09-04 19:35:00+02:00,11.35793771043771,-14.089936904731871
876,2025-09-04 19:36:00+02:00,11.580436507936506,-14.089936904731871
877,2025-09-04 19:37:00+02:00,8.998561253561252,-14.089936904731871
878,2025-09-04 19:38:00+02:00,9.195972222222222,-14.089936904731871
879,2025-09-04 19:39:00+02:00,12.960603174603174,-14.089936904731871
880,2025-09-04 19:40:00+02:00,10.608166666666667,-14.089936904731871
881,2025-09-04 19:41:00+02:00,10.605427248677248,-14.089936904731871
882,2025-09-04 19:42:00+02:00,9.822977092352092,-14.089936904731871
883,2025-09-04 19:43:00+02:00,10.572407407407407,-14.089936904731871
884,2025-09-04 19:44:00+02:00,12.99181818181818,-14.089936904731871
885,2025-09-04 19:45:00+02:00,10.622351851851851,-14.089936904731871
886,2025-09-04 19:46:00+02:00,11.82112962962963,-14.089936904731871
887,2025-09-04 19:47:00+02:00,9.464848927875243,-14.089936904731871
888,2025-09-04 19:48:00+02:00,10.93097953216374,-14.089936904731871
889,2025-09-04 19:49:00+02:00,13.07461111111111,-14.089936904731871
890,2025-09-04 19:50:00+02:00,10.699222222222224,-14.089936904731871
891,2025-09-04 19:51:00+02:00,12.524301075268816,-14.089936904731871
892,2025-09-04 19:52:00+02:00,11.89831746031746,-14.089936904731871
893,2025-09-04 19:53:00+02:00,9.000224867724867,-14.089936904731871
894,2025-09-04 19:54:00+02:00,10.3690826873385,-14.089936904731871
895,2025-09-04 19:55:00+02:00,9.069642981539532,-14.089936904731871
896,2025-09-04 19:56:00+02:00,8.834069041867954,-14.089936904731871
897,2025-09-04 19:57:00+02:00,9.999492296918769,-14.089936904731871
898,2025-09-04 19:58:00+02:00,11.677373737373737,-14.089936904731871
899,2025-09-04 19:59:00+02:00,12.584090909090907,-14.089936904731871
900,2025-09-04 20:00:00+02:00,11.730092592592593,-14.089936904731871
901,2025-09-05 05:00:00+02:00,12.981944444444444,-14.089936904731871
902,2025-09-05 05:01:00+02:00,11.902219336219336,-14.089936904731871
903,2025-09-05 05:02:00+02:00,11.993181818181816,-14.089936904731871
904,2025-09-05 05:03:00+02:00,13.14767195767196,-14.089936904731871
905,2025-09-05 05:04:00+02:00,9.343651515151516,-14.089936904731871
906,2025-09-05 05:05:00+02:00,11.299989583333334,-14.089936904731871
907,2025-09-05 05:06:00+02:00,10.801157407407407,-14.089936904731871
908,2025-09-05 05:07:00+02:00,10.057976190476188,-14.089936904731871
909,2025-09-05 05:08:00+02:00,10.801286764705884,-14.089936904731871
910,2025-09-05 05:09:00+02:00,8.721078431372549,-14.089936904731871
911,2025-09-05 05:10:00+02:00,9.003712121212121,-14.089936904731871
912,2025-09-05 05:11:00+02:00,10.442336182336184,-14.089936904731871
913,2025-09-05 05:12:00+02:00,13.156324074074073,-14.089936904731871
914,2025-09-05 05:13:00+02:00,8.959169973544974,-14.089936904731871
915,2025-09-05 05:14:00+02:00,11.493253968253969,-14.089936904731871
916,2025-09-05 05:15:00+02:00,11.408425925925926,-14.089936904731871
917,2025-09-05 05:16:00+02:00,11.991474747474747,-14.089936904731871
918,2025-09-05 05:17:00+02:00,10.60664351851852,-14.089936904731871
919,2025-09-05 05:18:00+02:00,9.923680555555556,-14.089936904731871
920,2025-09-05 05:19:00+02:00,10.34517543859649,-14.089936904731871
921,2025-09-05 05:20:00+02:00,9.359916666666663,-14.089936904731871
922,2025-09-05 05:21:00+02:00,10.094310185185185,-14.089936904731871
923,2025-09-05 05:22:00+02:00,9.400540849673202,-14.089936904731871
924,2025-09-05 05:23:00+02:00,9.682152777777777,-14.089936904731871
925,2025-09-05 05:24:00+02:00,11.232666666666669,-14.089936904731871
926,2025-09-05 05:25:00+02:00,10.398527777777778,-14.089936904731871
927,2025-09-05 05:26:00+02:00,10.675651515151516,-14.089936904731871
928,2025-09-05 05:27:00+02:00,8.729132553606236,-14.089936904731871
929,2025-09-05 05:28:00+02:00,11.830500730994151,-14.089936904731871
930,2025-09-05 05:29:00+02:00,11.450525793650792,-14.089936904731871
931,2025-09-05 05:30:00+02:00,10.331267973856209,-14.089936904731871
932,2025-09-05 05:31:00+02:00,10.22675,-14.089936904731871
933,2025-09-05 05:32:00+02:00,10.865281746031746,-14.089936904731871
934,2025-09-05 05:33:00+02:00,13.79626636904762,-14.089936904731871
935,2025-09-05 05:34:00+02:00,10.28526851851852,-14.089936904731871
936,2025-09-05 05:35:00+02:00,8.514040113781492,-14.089936904731871
937,2025-09-05 05:36:00+02:00,11.54737962962963,-14.089936904731871
938,2025-09-05 05:37:00+02:00,7.787875,-14.089936904731871
939,2025-09-05 05:38:00+02:00,11.666176470588235,-14.089936904731871
940,2025-09-05 05:39:00+02:00,10.80360201627821,-14.089936904731871
941,2025-09-05 05:40:00+02:00,12.747133152173914,-14.089936904731871
942,2025-09-05 05:41:00+02:00,12.74689236111111,-14.089936904731871
943,2025-09-05 05:42:00+02:00,13.177072222222222,-14.089936904731871
944,2025-09-05 05:43:00+02:00,11.337354497354497,-14.089936904731871
945,2025-09-05 05:44:00+02:00,13.018798076923076,-14.089936904731871
946,2025-09-05 05:45:00+02:00,10.365252525252524,-14.089936904731871
947,2025-09-05 05:46:00+02:00,11.264444444444443,-14.089936904731871
948,2025-09-05 05:47:00+02:00,11.953209475709476,-14.089936904731871
949,2025-09-05 05:48:00+02:00,11.84547311827957,-14.089936904731871
950,2025-09-05 05:49:00+02:00,13.108194444444443,-14.089936904731871
951,2025-09-05 05:50:00+02:00,14.294666666666666,-14.089936904731871
952,2025-09-05 05:51:00+02:00,14.268333333333333,-14.089936904731871
953,2025-09-05 05:52:00+02:00,13.838958333333332,-14.089936904731871
954,2025-09-05 05:53:00+02:00,14.675944444444442,-14.089936904731871
955,2025-09-05 05:54:00+02:00,14.703261904761904,-14.089936904731871
956,2025-09-05 05:55:00+02:00,12.721005938505938,-14.089936904731871
957,2025-09-05 05:56:00+02:00,16.10392929292929,-14.089936904731871
958,2025-09-05 05:57:00+02:00,13.049947204968944,-14.047203424348504
959,2025-09-05 05:58:00+02:00,15.226454545454544,-13.421945132423431
960,2025-09-05 05:59:00+02:00,14.10732886904762,-12.612258135685929
961,2025-09-05 06:00:00+02:00,14.487092013888889,-11.802571138948425
962,2025-09-05 06:01:00+02:00,15.192073412698411,-10.992884142210922
963,2025-09-05 06:02:00+02:00,14.881765873015873,-10.183197145473422
964,2025-09-05 06:03:00+02:00,16.035246825396825,-9.373510148735914
965,2025-09-05 06:04:00+02:00,18.15672161172161,-8.563823151998408
966,2025-09-05 06:05:00+02:00,16.13112103174603,-7.754136155260907
967,2025-09-05 06:06:00+02:00,18.40527777777778,-6.944449158523404
968,2025-09-05 06:07:00+02:00,16.60777777777778,-6.134505173501811
969,2025-09-05 06:08:00+02:00,19.867669082125605,-5.3235332353438505
970,2025-09-05 06:09:00+02:00,18.793604497354497,-4.512455023835322
971,2025-09-05 06:10:00+02:00,19.083761904761904,-3.7013768123267923
972,2025-09-05 06:11:00+02:00,17.755303724053725,-2.8902986008182694
973,2025-09-05 06:12:00+02:00,21.63283333333333,-2.079220389309741
974,2025-09-05 06:13:00+02:00,18.06472685185185,-1.268142177801213
975,2025-09-05 06:14:00+02:00,16.88149928774929,-0.45706396629268475
976,2025-09-05 06:15:00+02:00,21.93027777777778,0.35401424521585234
977,2025-09-05 06:16:00+02:00,22.37333333333333,1.1650924567243859
978,2025-09-05 06:17:00+02:00,24.8131905982906,2.2316603048581065
979,2025-09-05 06:18:00+02:00,26.971158424908424,3.659526629027443
980,2025-09-05 06:19:00+02:00,27.81892063492064,5.089973656597028
981,2025-09-05 06:20:00+02:00,29.52948484848485,6.520420684166613
982,2025-09-05 06:21:00+02:00,28.54684027777778,7.950867711736205
983,2025-09-05 06:22:00+02:00,31.207619047619048,9.329584736736454
984,2025-09-05 06:23:00+02:00,34.42346031746032,10.247904738869561
985,2025-09-05 06:24:00+02:00,30.751196581196584,11.057591735607051
986,2025-09-05 06:25:00+02:00,34.38234548611111,11.867278732344559
987,2025-09-05 06:26:00+02:00,36.88348576388889,12.676965729082067
988,2025-09-05 06:27:00+02:00,37.55094444444445,13.486652725819567
989,2025-09-05 06:28:00+02:00,36.65104497354498,14.296339722557079
990,2025-09-05 06:29:00+02:00,37.52449372759857,15.106026719294587
991,2025-09-05 06:30:00+02:00,40.21169130824373,15.915713716032094
992,2025-09-05 06:31:00+02:00,39.44405505952381,16.72540071276959
993,2025-09-05 06:32:00+02:00,40.69750992063492,17.817472218120812
994,2025-09-05 06:33:00+02:00,44.15989087301588,19.753413708515303
995,2025-09-05 06:34:00+02:00,44.01291666666666,21.74517539247295
996,2025-09-05 06:35:00+02:00,46.03454670329671,23.736937076430607
997,2025-09-05 06:36:00+02:00,47.31704312354312,25.403628221402727
998,2025-09-05 06:37:00+02:00,49.01665764790764,26.25271770771426
999,2025-09-05 06:38:00+02:00,48.485166666666665,27.06240470445178
1000,2025-09-05 06:39:00+02:00,48.2144623655914,27.872091701189312
1001,2025-09-05 06:40:00+02:00,51.80091018748277,28.681778697926823
1002,2025-09-05 06:41:00+02:00,49.88459502923977,29.491465694664313
1003,2025-09-05 06:42:00+02:00,53.15943650793651,30.301152691401803
1004,2025-09-05 06:43:00+02:00,51.01568518518519,31.110839688139286
1005,2025-09-05 06:44:00+02:00,43.57517482517483,31.920526684876762
1006,2025-09-05 06:45:00+02:00,47.84290178571428,32.73021368161426
1007,2025-09-05 06:46:00+02:00,48.38082692307692,34.1431342894066
1008,2025-09-05 06:47:00+02:00,50.97520515499826,36.10183768815334
1009,2025-09-05 06:48:00+02:00,50.39313852813853,38.06054108690006
1010,2025-09-05 06:49:00+02:00,53.00792748917749,40.01924448564681
1011,2025-09-05 06:50:00+02:00,54.299675925925925,41.39599346510214
1012,2025-09-05 06:51:00+02:00,58.92104788011696,42.20986849802968
1013,2025-09-05 06:52:00+02:00,61.4550625,43.02374353095722
1014,2025-09-05 06:53:00+02:00,56.57098150782361,43.83761856388476
1015,2025-09-05 06:54:00+02:00,60.83597222222222,44.6514935968123
1016,2025-09-05 06:55:00+02:00,60.95205555555555,45.46536862973985
1017,2025-09-05 06:56:00+02:00,63.02726190476191,46.279243662667355
1018,2025-09-05 06:57:00+02:00,63.48666666666667,47.09311869559485
1019,2025-09-05 06:58:00+02:00,64.94480952380952,47.90699372852235
1020,2025-09-05 06:59:00+02:00,63.395595427963855,48.88685089833307
1021,2025-09-05 07:00:00+02:00,67.5345928030303,51.929628912263794
1022,2025-09-05 07:01:00+02:00,67.70566666666667,55.55707085462801
1023,2025-09-05 07:02:00+02:00,71.69730753968254,58.02843406856826
1024,2025-09-05 07:03:00+02:00,71.16964583333333,59.92420723763641
1025,2025-09-05 07:04:00+02:00,75.51488720538721,61.81998040670456
1026,2025-09-05 07:05:00+02:00,80.95306397306398,63.71575357577274
1027,2025-09-05 07:06:00+02:00,77.47484046546548,65.61152674484087
1028,2025-09-05 07:07:00+02:00,82.66803240740741,67.50729991390902
1029,2025-09-05 07:08:00+02:00,79.1016388888889,69.40307308297712
1030,2025-09-05 07:09:00+02:00,79.06030681818181,71.2988462520452
1031,2025-09-05 07:10:00+02:00,90.22760378510378,73.82030975279163
1032,2025-09-05 07:11:00+02:00,90.49092037037036,77.28249647948812
1033,2025-09-05 07:12:00+02:00,94.52894612794611,80.75343411991435
1034,2025-09-05 07:13:00+02:00,102.69633766233768,84.22437176034053
1035,2025-09-05 07:14:00+02:00,104.16947132616488,87.75023937718629
1036,2025-09-05 07:15:00+02:00,104.98468862007168,91.9042193330909
1037,2025-09-05 07:16:00+02:00,113.06241666666666,96.23493051747593
1038,2025-09-05 07:17:00+02:00,118.07231481481482,100.56564170186087
1039,2025-09-05 07:18:00+02:00,123.45754166666666,104.9396599980897
1040,2025-09-05 07:19:00+02:00,121.3083457402812,109.42916392590212
1041,2025-09-05 07:20:00+02:00,127.54055555555556,113.92485458397795
1042,2025-09-05 07:21:00+02:00,129.04710069444445,118.43172562458042
1043,2025-09-05 07:22:00+02:00,133.2092137254902,123.2404669934019
1044,2025-09-05 07:23:00+02:00,134.97090587245,128.1833729525429
1045,2025-09-05 07:24:00+02:00,140.66974206349207,133.12627891168387
1046,2025-09-05 07:25:00+02:00,136.4845588235294,136.62403003618448
1047,2025-09-05 07:26:00+02:00,141.76605158730158,138.89895783906627
1048,2025-09-05 07:27:00+02:00,145.17053703703704,141.17388564194806
1049,2025-09-05 07:28:00+02:00,153.79017653642654,143.4488134448298
1050,2025-09-05 07:29:00+02:00,157.2118695054945,145.72374124771162
1051,2025-09-05 07:30:00+02:00,160.5751456365272,147.99866905059338
1052,2025-09-05 07:31:00+02:00,159.84985323886642,150.28931901076658
1053,2025-09-05 07:32:00+02:00,164.38812499999997,153.9635188125963
1054,2025-09-05 07:33:00+02:00,167.40575492831542,158.50243726546137
1055,2025-09-05 07:34:00+02:00,175.28402860449737,163.04135571832643
1056,2025-09-05 07:35:00+02:00,177.51858333333334,167.9515035943231
1057,2025-09-05 07:36:00+02:00,184.4017911255411,174.10384223233737
1058,2025-09-05 07:37:00+02:00,185.1351186868687,180.3633315325392
1059,2025-09-05 07:38:00+02:00,195.7098017075517,187.08389469109193
1060,2025-09-05 07:39:00+02:00,207.6077314814815,194.07719127032098
1061,2025-09-05 07:40:00+02:00,208.2218297101449,200.44785670296073
1062,2025-09-05 07:41:00+02:00,211.4527976190476,205.88239838373522
1063,2025-09-05 07:42:00+02:00,212.31867938842203,211.3082319365854
1064,2025-09-05 07:43:00+02:00,212.84244152046784,214.46514411327593
1065,2025-09-05 07:44:00+02:00,214.47688888888888,215.27622232478447
1066,2025-09-05 07:45:00+02:00,213.5041501322752,216.08730053629301
1067,2025-09-05 07:46:00+02:00,214.35096296296297,216.8983787478015
1068,2025-09-05 07:47:00+02:00,211.8593543417367,217.70945695931005
1069,2025-09-05 07:48:00+02:00,213.846875,218.5205351708186
1070,2025-09-05 07:49:00+02:00,219.5007222222222,219.3316133823271
1071,2025-09-05 07:50:00+02:00,222.0356871345029,220.14269159383562
1072,2025-09-05 07:51:00+02:00,224.3419583333333,220.9537698053442
1073,2025-09-05 07:52:00+02:00,232.675382936508,221.860452082354
1074,2025-09-05 07:53:00+02:00,239.43010582010584,224.3924034728856
1075,2025-09-05 07:54:00+02:00,236.75973862942607,227.49797925642483
1076,2025-09-05 07:55:00+02:00,240.0009434523809,230.69058403642512
1077,2025-09-05 07:56:00+02:00,244.5006388888889,234.09004034424606
1078,2025-09-05 07:57:00+02:00,248.66989583333336,237.4983256806935
1079,2025-09-05 07:58:00+02:00,248.63777138157897,240.90661101714096
1080,2025-09-05 07:59:00+02:00,249.21477525252524,244.32201771001132
1081,2025-09-05 08:00:00+02:00,262.02043981481484,248.19319121395438
1082,2025-09-05 08:01:00+02:00,269.4641931652047,252.33395892534014
1083,2025-09-05 08:02:00+02:00,269.5235,256.4747266367258
1084,2025-09-05 08:03:00+02:00,276.98475210084035,260.5408350514969
1085,2025-09-05 08:04:00+02:00,283.0420454598506,263.67903506548953
1086,2025-09-05 08:05:00+02:00,281.2126360544217,266.53992912062876
1087,2025-09-05 08:06:00+02:00,289.7920289855072,269.40082317576804
1088,2025-09-05 08:07:00+02:00,289.7667485119048,272.2617172309072
1089,2025-09-05 08:08:00+02:00,292.8955275974026,275.1226112860464
1090,2025-09-05 08:09:00+02:00,301.72318650793653,275.7798013129668
1091,2025-09-05 08:10:00+02:00,299.6558760683761,271.7955671688524
1092,2025-09-05 08:11:00+02:00,302.5032777777778,267.6547994574666
1093,2025-09-05 08:12:00+02:00,307.2234294871795,263.5140317460811
1094,2025-09-05 08:13:00+02:00,299.10527777777776,277.52875849897487
1095,2025-09-05 08:14:00+02:00,303.4916666666666,282.7117126782598
1096,2025-09-05 08:15:00+02:00,302.59639741715404,286.9643930304936
1097,2025-09-05 08:16:00+02:00,307.72223684210525,291.2139724699709
1098,2025-09-05 08:17:00+02:00,314.508,295.26509349301034
1099,2025-09-05 08:18:00+02:00,322.71257936507936,299.19882281882656
1100,2025-09-05 08:19:00+02:00,318.2784072871573,303.13255214464306
1101,2025-09-05 08:20:00+02:00,326.4735912698413,307.06001841902616
1102,2025-09-05 08:21:00+02:00,325.5525598290598,310.586649401673
1103,2025-09-05 08:22:00+02:00,330.113253968254,313.8761791514847
1104,2025-09-05 08:23:00+02:00,332.0546825396825,317.16570890129617
1105,2025-09-05 08:24:00+02:00,337.4786423611111,320.4552386511077
1106,2025-09-05 08:25:00+02:00,337.15846759259256,323.71358673909697
1107,2025-09-05 08:26:00+02:00,343.46450000000004,326.61537930277024
1108,2025-09-05 08:27:00+02:00,342.73904861111106,329.4168482588413
1109,2025-09-05 08:28:00+02:00,346.6413888888889,332.2183172149123
1110,2025-09-05 08:29:00+02:00,345.3788833333333,335.01978617098337
1111,2025-09-05 08:30:00+02:00,347.9302651515152,337.8212551270544
1112,2025-09-05 08:31:00+02:00,352.8099363425926,340.93409568480513
1113,2025-09-05 08:32:00+02:00,359.1896514423077,344.83008299829646
1114,2025-09-05 08:33:00+02:00,358.74057539682536,348.7638123241129
1115,2025-09-05 08:34:00+02:00,360.9842546296297,352.69754164992935
1116,2025-09-05 08:35:00+02:00,364.0899629629629,356.1226215380863
1117,2025-09-05 08:36:00+02:00,366.8708657616893,358.26837102243326
1118,2025-09-05 08:37:00+02:00,367.25930847953214,360.3524660294883
1119,2025-09-05 08:38:00+02:00,369.6013333333333,362.4365610365433
1120,2025-09-05 08:39:00+02:00,375.4172916666666,364.5206560435984
1121,2025-09-05 08:40:00+02:00,378.58020691609977,366.6047510506536
1122,2025-09-05 08:41:00+02:00,379.8377891156462,368.68884605770864
1123,2025-09-05 08:42:00+02:00,384.9966666666666,370.7784664080665
1124,2025-09-05 08:43:00+02:00,389.5958035714286,373.0686992229571
1125,2025-09-05 08:44:00+02:00,390.67031770833336,375.4588132437063
1126,2025-09-05 08:45:00+02:00,391.1252564102565,377.8489272644554
1127,2025-09-05 08:46:00+02:00,391.1122485380117,380.23904128520473
1128,2025-09-05 08:47:00+02:00,395.3129006410256,382.6291553059539
1129,2025-09-05 08:48:00+02:00,402.1827662037037,385.0192693267032
1130,2025-09-05 08:49:00+02:00,402.6646527777778,387.55309541392177
1131,2025-09-05 08:50:00+02:00,405.6295695970696,390.6617697670181
1132,2025-09-05 08:51:00+02:00,405.82270833333337,393.8298739220381
1133,2025-09-05 08:52:00+02:00,411.65069444444447,396.9979780770579
1134,2025-09-05 08:53:00+02:00,415.8749934640523,400.16608223207777
1135,2025-09-05 08:54:00+02:00,420.6947222222222,403.2639948579148
1136,2025-09-05 08:55:00+02:00,421.227748015873,406.1124429948983
1137,2025-09-05 08:56:00+02:00,426.0161805555556,408.93907484578426
1138,2025-09-05 08:57:00+02:00,426.3016792929293,411.7657066966703
1139,2025-09-05 08:58:00+02:00,427.8210037878789,414.5923385475562
1140,2025-09-05 08:59:00+02:00,430.7195575396825,417.41885459084426
1141,2025-09-05 09:00:00+02:00,432.8971527777778,420.2216300765516
1142,2025-09-05 09:01:00+02:00,433.0514444444445,423.006571192174
1143,2025-09-05 09:02:00+02:00,433.9955370370371,425.79151230779644
1144,2025-09-05 09:03:00+02:00,434.0058531746032,428.5764534234185
1145,2025-09-05 09:04:00+02:00,443.33759502923976,431.36139453904053
1146,2025-09-05 09:05:00+02:00,446.6516666666666,434.17807617033066
1147,2025-09-05 09:06:00+02:00,451.5037191358024,437.2564949769762
1148,2025-09-05 09:07:00+02:00,450.39999629629625,440.39302334307564
1149,2025-09-05 09:08:00+02:00,452.6614603174603,443.529551709175
1150,2025-09-05 09:09:00+02:00,452.89791501322753,446.6660800752744
1151,2025-09-05 09:10:00+02:00,458.73852564102566,449.75737005147823
1152,2025-09-05 09:11:00+02:00,462.3047394179894,452.4460383576105
1153,2025-09-05 09:12:00+02:00,463.5598903903904,455.0397060449618
1154,2025-09-05 09:13:00+02:00,460.59625,457.63337373231303
1155,2025-09-05 09:14:00+02:00,462.5686253561253,460.2270414196646
1156,2025-09-05 09:15:00+02:00,468.5459259259259,462.8207091070163
1157,2025-09-05 09:16:00+02:00,475.0334330484331,465.399060279424
1158,2025-09-05 09:17:00+02:00,477.57633333333337,467.7870490518154
1159,2025-09-05 09:18:00+02:00,474.18773290598295,470.1181479115583
1160,2025-09-05 09:19:00+02:00,472.50586004273504,472.44924677130115
1161,2025-09-05 09:20:00+02:00,478.9927744708995,474.7803456310442
1162,2025-09-05 09:21:00+02:00,480.3133854166667,477.1114444907874
1163,2025-09-05 09:22:00+02:00,485.4760143849206,479.44254335053057
1164,2025-09-05 09:23:00+02:00,482.6905753205128,481.8098306401528
1165,2025-09-05 09:24:00+02:00,488.5753454415954,484.3304879421194
1166,2025-09-05 09:25:00+02:00,489.3833523638846,486.86837782974294
1167,2025-09-05 09:26:00+02:00,495.9165325295971,489.4062677173665
1168,2025-09-05 09:27:00+02:00,501.4812847222222,491.9441576049903
1169,2025-09-05 09:28:00+02:00,500.80444444444447,494.4820474926138
1170,2025-09-05 09:29:00+02:00,501.1752546296296,497.04070880044816
1171,2025-09-05 09:30:00+02:00,504.9876374007936,499.80028639105285
1172,2025-09-05 09:31:00+02:00,508.90441468253965,502.6100930523503
1173,2025-09-05 09:32:00+02:00,506.53824013157896,505.41989971364774
1174,2025-09-05 09:33:00+02:00,505.0338657407408,508.2297063749452
1175,2025-09-05 09:34:00+02:00,512.045625,511.0395130362426
1176,2025-09-05 09:35:00+02:00,514.876369047619,513.8990214663131
1177,2025-09-05 09:36:00+02:00,523.6097685185185,516.8645603364328
1178,2025-09-05 09:37:00+02:00,525.2747601010101,519.8334126578035
1179,2025-09-05 09:38:00+02:00,524.5478051900585,522.8022649791742
1180,2025-09-05 09:39:00+02:00,522.1535039941903,525.771117300545
1181,2025-09-05 09:40:00+02:00,530.2347115384615,528.5806706257093
1182,2025-09-05 09:41:00+02:00,536.8286507936508,530.4014715606272
1183,2025-09-05 09:42:00+02:00,534.630422979798,532.0519873616693
1184,2025-09-05 09:43:00+02:00,533.4921275252525,533.7025031627113
1185,2025-09-05 09:44:00+02:00,530.4343833333334,535.3530189637535
1186,2025-09-05 09:45:00+02:00,533.6891007834757,537.0035347647955
1187,2025-09-05 09:46:00+02:00,537.5602380952381,538.6540505658375
1188,2025-09-05 09:47:00+02:00,538.840167989418,540.304566366879
1189,2025-09-05 09:48:00+02:00,542.9151612103175,541.9550821679204
1190,2025-09-05 09:49:00+02:00,544.0198690476191,543.6055979689619
1191,2025-09-05 09:50:00+02:00,543.4356011825818,544.8713715414672
1192,2025-09-05 09:51:00+02:00,546.4732477069546,545.6824497529756
1193,2025-09-05 09:52:00+02:00,546.6125858585859,546.493527964484
1194,2025-09-05 09:53:00+02:00,544.8037089947089,547.3046061759923
1195,2025-09-05 09:54:00+02:00,547.7332261904762,548.1156843875007
1196,2025-09-05 09:55:00+02:00,543.926875,548.926762599009
1197,2025-09-05 09:56:00+02:00,551.3659788359788,549.7378408105174
1198,2025-09-05 09:57:00+02:00,552.7746031746032,550.548919022026
1199,2025-09-05 09:58:00+02:00,543.5998474945534,551.359997233535
1200,2025-09-05 09:59:00+02:00,550.2042003367004,552.3457692136766
1201,2025-09-05 10:00:00+02:00,553.0070132275132,556.9564368929445
1202,2025-09-05 10:01:00+02:00,557.174917929293,562.651920227809
1203,2025-09-05 10:02:00+02:00,563.9709154040403,567.9261941842111
1204,2025-09-05 10:03:00+02:00,569.5867592592593,573.2004681406128
1205,2025-09-05 10:04:00+02:00,567.2060615079365,574.9799750836571
1206,2025-09-05 10:05:00+02:00,565.6777870370371,572.5027981291413
1207,2025-09-05 10:06:00+02:00,566.7810617236025,570.0117821972259
1208,2025-09-05 10:07:00+02:00,572.6706944444445,567.5207662653105
1209,2025-09-05 10:08:00+02:00,569.8197863247864,565.0297503333951
1210,2025-09-05 10:09:00+02:00,568.0507222222222,562.5387344014797
1211,2025-09-05 10:10:00+02:00,562.6925036075036,562.3430666376921
1212,2025-09-05 10:11:00+02:00,566.0209841269841,570.3602553364672
1213,2025-09-05 10:12:00+02:00,573.8635555555555,578.3843259581056
1214,2025-09-05 10:13:00+02:00,579.9843097781849,585.1953307462571
1215,2025-09-05 10:14:00+02:00,580.9583392857143,589.7196891505174
1216,2025-09-05 10:15:00+02:00,581.1588253968254,580.623439796883
1217,2025-09-05 10:16:00+02:00,578.811617063492,587.1390530958491
1218,2025-09-05 10:17:00+02:00,582.1421527777778,585.610955413352
1219,2025-09-05 10:18:00+02:00,585.7408055555555,583.6699103430608
1220,2025-09-05 10:19:00+02:00,586.8688425925926,581.4589034562922
1221,2025-09-05 10:20:00+02:00,588.5247118055555,592.6588465548126
1222,2025-09-05 10:21:00+02:00,591.2090277777778,604.7238527623224
1223,2025-09-05 10:22:00+02:00,594.4013888888888,596.7602660734271
1224,2025-09-05 10:23:00+02:00,586.4587447089947,593.8979086348269
1225,2025-09-05 10:24:00+02:00,588.8888666666667,597.4075556169676
1226,2025-09-05 10:25:00+02:00,592.0182905982906,600.9172025991087
1227,2025-09-05 10:26:00+02:00,591.0844795482295,604.4268495812499
1228,2025-09-05 10:27:00+02:00,589.8848194444445,604.6385914410888
1229,2025-09-05 10:28:00+02:00,588.8547924836602,594.4602593473586
1230,2025-09-05 10:29:00+02:00,588.6762731481482,599.2550275071196
1231,2025-09-05 10:30:00+02:00,591.8979675925926,605.4315681206454
1232,2025-09-05 10:31:00+02:00,564.815692251462,604.9495944693075
1233,2025-09-05 10:32:00+02:00,594.2414583333333,600.9660711013922
1234,2025-09-05 10:33:00+02:00,589.4916666666667,596.9825477334771
1235,2025-09-05 10:34:00+02:00,591.3477187627187,593.1249809259538
1236,2025-09-05 10:35:00+02:00,593.8832457264957,593.3969058367063
1237,2025-09-05 10:36:00+02:00,596.1458333333334,595.6288090002896
1238,2025-09-05 10:37:00+02:00,580.7345441595442,597.8607121638735
1239,2025-09-05 10:38:00+02:00,593.9639097222222,600.0926153274573
1240,2025-09-05 10:39:00+02:00,595.9688194444444,602.3245184910413
1241,2025-09-05 10:40:00+02:00,601.1337083333334,604.5564216546253
1242,2025-09-05 10:41:00+02:00,602.8487530525031,606.791370026136
1243,2025-09-05 10:42:00+02:00,605.8147023809523,609.1237650513042
1244,2025-09-05 10:43:00+02:00,606.3945138888889,611.5018381953745
1245,2025-09-05 10:44:00+02:00,608.6595584795322,613.8799113394447
1246,2025-09-05 10:45:00+02:00,604.3955568181818,616.2579844835149
1247,2025-09-05 10:46:00+02:00,613.7170436507937,618.636057627585
1248,2025-09-05 10:47:00+02:00,614.2481018518519,621.0141307716557
1249,2025-09-05 10:48:00+02:00,614.2844017094018,622.1111786396253
1250,2025-09-05 10:49:00+02:00,611.8550892857143,616.4227068076792
1251,2025-09-05 10:50:00+02:00,608.5443113425926,609.9167090858326
1252,2025-09-05 10:51:00+02:00,604.9460683760684,610.4188872976388
1253,2025-09-05 10:52:00+02:00,606.1245833333334,614.4363129920895
1254,2025-09-05 10:53:00+02:00,597.4539409722222,618.4537386865402
1255,2025-09-05 10:54:00+02:00,617.440371896622,622.3587880567045
1256,2025-09-05 10:55:00+02:00,620.6986574074075,624.731970690543
1257,2025-09-05 10:56:00+02:00,622.6001666666667,626.6201607669344
1258,2025-09-05 10:57:00+02:00,616.0022992424243,628.508350843326
1259,2025-09-05 10:58:00+02:00,624.1929684343435,630.3965409197175
1260,2025-09-05 10:59:00+02:00,626.3178174603175,632.2847309961096
1261,2025-09-05 11:00:00+02:00,625.8780395299145,634.1729210725017
1262,2025-09-05 11:01:00+02:00,628.0450628306878,636.0611111488939
1263,2025-09-05 11:02:00+02:00,629.8270138888889,637.949301225286
1264,2025-09-05 11:03:00+02:00,630.7918447293447,640.1023961176653
1265,2025-09-05 11:04:00+02:00,624.6061111111111,642.5293756503022
1266,2025-09-05 11:05:00+02:00,634.050712962963,644.9563551829394
1267,2025-09-05 11:06:00+02:00,636.9342991452992,647.383334715577
1268,2025-09-05 11:07:00+02:00,635.7892857142857,649.8103142482145
1269,2025-09-05 11:08:00+02:00,638.189837962963,652.237293780852
1270,2025-09-05 11:09:00+02:00,644.4140138888889,653.7505715412796
1271,2025-09-05 11:10:00+02:00,642.984787037037,648.4941336225636
1272,2025-09-05 11:11:00+02:00,636.9692044159544,641.8838423346853
1273,2025-09-05 11:12:00+02:00,630.8670555555556,641.1445345615076
1274,2025-09-05 11:13:00+02:00,634.8245340501793,644.6282800899057
1275,2025-09-05 11:14:00+02:00,627.3338194444444,648.112025618304
1276,2025-09-05 11:15:00+02:00,633.6093201754386,651.5957711467021
1277,2025-09-05 11:16:00+02:00,646.568363095238,656.6138570751583
1278,2025-09-05 11:17:00+02:00,654.935625,667.0879436879974
1279,2025-09-05 11:18:00+02:00,661.0134166666667,669.2827942996988
1280,2025-09-05 11:19:00+02:00,657.7349537037037,667.6177236855963
1281,2025-09-05 11:20:00+02:00,662.6046843434343,665.9526530714938
1282,2025-09-05 11:21:00+02:00,657.5380407407407,664.2875824573913
1283,2025-09-05 11:22:00+02:00,650.0717314814815,662.6225118432891
1284,2025-09-05 11:23:00+02:00,652.40330634278,660.9574412291872
1285,2025-09-05 11:24:00+02:00,655.7793162393162,659.2923706150854
1286,2025-09-05 11:25:00+02:00,654.4432270069112,657.6273000009835
1287,2025-09-05 11:26:00+02:00,650.2845133053221,655.9622293868816
1288,2025-09-05 11:27:00+02:00,654.5589285714285,656.931694843119
1289,2025-09-05 11:28:00+02:00,655.4756944444445,663.8128912735477
1290,2025-09-05 11:29:00+02:00,657.5611825396826,669.2219419631136
1291,2025-09-05 11:30:00+02:00,660.5573437500001,666.1426418979756
1292,2025-09-05 11:31:00+02:00,660.488179563492,661.8707186482204
1293,2025-09-05 11:32:00+02:00,659.3715277777778,657.598795398465
1294,2025-09-05 11:33:00+02:00,653.2759722222222,649.7511460683535
1295,2025-09-05 11:34:00+02:00,629.8028472222222,648.2397538495745
1296,2025-09-05 11:35:00+02:00,661.3385049603174,666.5334932091947
1297,2025-09-05 11:36:00+02:00,656.6505972222222,659.9711537285722
1298,2025-09-05 11:37:00+02:00,658.7357589285714,668.3313050774408
1299,2025-09-05 11:38:00+02:00,658.3346527777777,662.8432674402708
1300,2025-09-05 11:39:00+02:00,657.5242063492063,657.4382074937943
1301,2025-09-05 11:40:00+02:00,658.729523046398,666.2086984889673
1302,2025-09-05 11:41:00+02:00,656.7783333333333,659.3390701323342
1303,2025-09-05 11:42:00+02:00,661.4183333333333,674.2697817023057
1304,2025-09-05 11:43:00+02:00,666.3224116161616,682.9536368515577
1305,2025-09-05 11:44:00+02:00,665.603888888889,674.5607681336799
1306,2025-09-05 11:45:00+02:00,649.4423771367522,668.1875731948523
1307,2025-09-05 11:46:00+02:00,643.0330961538461,663.8766369473819
1308,2025-09-05 11:47:00+02:00,661.7816666666666,659.5657006999121
1309,2025-09-05 11:48:00+02:00,651.7939444444445,658.729458900056
1310,2025-09-05 11:49:00+02:00,642.5602083333333,653.6554102246223
1311,2025-09-05 11:50:00+02:00,663.1850972222222,674.1876226935427
1312,2025-09-05 11:51:00+02:00,675.8022569444445,689.9894924515844
1313,2025-09-05 11:52:00+02:00,676.1418055555556,680.5784807451186
1314,2025-09-05 11:53:00+02:00,675.6207936507936,681.6143433822849
1315,2025-09-05 11:54:00+02:00,669.5542460317461,684.8475455678873
1316,2025-09-05 11:55:00+02:00,676.2322222222223,688.0807477534897
1317,2025-09-05 11:56:00+02:00,677.4665350877193,691.3139499390921
1318,2025-09-05 11:57:00+02:00,680.2561111111112,692.7447867629504
1319,2025-09-05 11:58:00+02:00,678.1472382478632,687.3320702366414
1320,2025-09-05 11:59:00+02:00,679.3670833333333,681.2411345063451
1321,2025-09-05 12:00:00+02:00,664.7539898989899,679.7241746089647
1322,2025-09-05 12:01:00+02:00,669.9589871031745,682.2217805301179
1323,2025-09-05 12:02:00+02:00,672.2388518518518,684.719386451271
1324,2025-09-05 12:03:00+02:00,670.227962962963,687.2169923724242
1325,2025-09-05 12:04:00+02:00,671.8024537037037,689.7145982935773
1326,2025-09-05 12:05:00+02:00,676.5972916666667,692.2122042147307
1327,2025-09-05 12:06:00+02:00,682.1704166666667,689.9289055813039
1328,2025-09-05 12:07:00+02:00,678.4351851851852,680.2539659795074
1329,2025-09-05 12:08:00+02:00,678.2356031746032,683.9124382385195
1330,2025-09-05 12:09:00+02:00,677.064032967033,688.2431494229045
1331,2025-09-05 12:10:00+02:00,681.8828670634921,692.465398799401
1332,2025-09-05 12:11:00+02:00,684.643167989418,687.9750023415057
1333,2025-09-05 12:12:00+02:00,671.3633432539683,678.1271219228643
1334,2025-09-05 12:13:00+02:00,668.4344316239316,669.8410198966063
1335,2025-09-05 12:14:00+02:00,666.2474305555555,670.2328718512233
1336,2025-09-05 12:15:00+02:00,675.5448611111111,681.4308719884198
1337,2025-09-05 12:16:00+02:00,679.5199074074075,685.9265626464959
1338,2025-09-05 12:17:00+02:00,681.3023148148148,690.4222533045715
1339,2025-09-05 12:18:00+02:00,679.1645497311828,692.8761511221044
1340,2025-09-05 12:19:00+02:00,681.6399710648149,688.6708071523628
1341,2025-09-05 12:20:00+02:00,679.9041666666666,683.9503319613834
1342,2025-09-05 12:21:00+02:00,676.9524074074073,679.7543540138455
1343,2025-09-05 12:22:00+02:00,676.0559201388888,682.3768402310561
1344,2025-09-05 12:23:00+02:00,675.5185185185186,687.0973154220355
1345,2025-09-05 12:24:00+02:00,681.4502430555556,691.8177906130155
1346,2025-09-05 12:25:00+02:00,680.9277751322751,702.6266564752234
1347,2025-09-05 12:26:00+02:00,680.9121388888889,701.1571556772202
1348,2025-09-05 12:27:00+02:00,688.7588194444444,708.294719063529
1349,2025-09-05 12:28:00+02:00,683.2282407407407,705.6023589108482
1350,2025-09-05 12:29:00+02:00,687.380042989418,701.998942734528
1351,2025-09-05 12:30:00+02:00,683.0603703703704,698.3955265582076
1352,2025-09-05 12:31:00+02:00,690.0326767676769,694.8968230555673
1353,2025-09-05 12:32:00+02:00,688.673574074074,693.3527561282955
1354,2025-09-05 12:33:00+02:00,678.0798958333334,692.5416779167872
1355,2025-09-05 12:34:00+02:00,682.6969166666667,691.7305997052788
1356,2025-09-05 12:35:00+02:00,681.2923148148149,690.9195214937705
1357,2025-09-05 12:36:00+02:00,689.517261904762,690.1084432822621
1358,2025-09-05 12:37:00+02:00,691.354898989899,689.2973650707537
1359,2025-09-05 12:38:00+02:00,684.7869003267974,688.4862868592454
1360,2025-09-05 12:39:00+02:00,684.0728023478023,687.6752086477369
1361,2025-09-05 12:40:00+02:00,683.2543837181338,686.8641304362278
1362,2025-09-05 12:41:00+02:00,680.1826458333334,685.7828620873488
1363,2025-09-05 12:42:00+02:00,680.6994463645673,683.4846028676274
1364,2025-09-05 12:43:00+02:00,685.0283333333333,681.0387607997621
1365,2025-09-05 12:44:00+02:00,682.4916547619048,679.7770986656594
1366,2025-09-05 12:45:00+02:00,684.568365834458,688.2354449741682
1367,2025-09-05 12:46:00+02:00,686.1310599415204,687.0598978147184
1368,2025-09-05 12:47:00+02:00,681.4863194444445,687.2347844576154
1369,2025-09-05 12:48:00+02:00,685.2954166666667,687.3865602254049
1370,2025-09-05 12:49:00+02:00,679.0554398148148,689.7441653514977
1371,2025-09-05 12:50:00+02:00,695.6124834656084,705.8505637792593
1372,2025-09-05 12:51:00+02:00,687.305,689.1537233741503
1373,2025-09-05 12:52:00+02:00,668.3821057692307,670.8058144069154
1374,2025-09-05 12:53:00+02:00,660.0497222222222,653.5261090278198
1375,2025-09-05 12:54:00+02:00,661.6915486111111,662.2199758121301
1376,2025-09-05 12:55:00+02:00,670.1856666666666,673.2009889993152
1377,2025-09-05 12:56:00+02:00,674.3648595848596,681.1550000616741
1378,2025-09-05 12:57:00+02:00,681.2976805555555,686.8767881719525
1379,2025-09-05 12:58:00+02:00,684.7647777777778,691.883352768446
1380,2025-09-05 12:59:00+02:00,680.3539021164021,678.4729118849812
1381,2025-09-05 13:00:00+02:00,677.3771428571429,671.5577600970728
1382,2025-09-05 13:01:00+02:00,494.6552777777778,512.9278071795479
1383,2025-09-05 13:02:00+02:00,334.60013888888886,357.9492784337211
1384,2025-09-05 13:03:00+02:00,377.8641666666667,424.9361099081851
1385,2025-09-05 13:04:00+02:00,487.92159722222215,494.6723892341853
1386,2025-09-05 13:05:00+02:00,706.0667777777777,684.5382764520158
1387,2025-09-05 13:06:00+02:00,708.3892521367521,707.1149219106661
1388,2025-09-05 13:07:00+02:00,691.3528472222223,690.3132564886672
1389,2025-09-05 13:08:00+02:00,676.6697222222223,678.0906331785206
1390,2025-09-05 13:09:00+02:00,691.9193055555555,677.1724089314506
1391,2025-09-05 13:10:00+02:00,300.12005555555555,374.2703091737206
1392,2025-09-05 13:11:00+02:00,215.3862103174603,286.79461548154825
1393,2025-09-05 13:12:00+02:00,364.428125,397.6950343269067
1394,2025-09-05 13:13:00+02:00,255.62833333333333,309.41871404744575
1395,2025-09-05 13:14:00+02:00,189.3638586182336,252.50451911916605
1396,2025-09-05 13:15:00+02:00,267.3663408119658,308.52061658496444
1397,2025-09-05 13:16:00+02:00,473.5716071428572,484.6667557699242
1398,2025-09-05 13:17:00+02:00,661.5784206349207,660.360151192789
1399,2025-09-05 13:18:00+02:00,675.9698148148149,671.249454909836
1400,2025-09-05 13:19:00+02:00,551.5065972222222,568.8200650184223
1401,2025-09-05 13:20:00+02:00,552.7666666666667,566.2013630526071
1402,2025-09-05 13:21:00+02:00,648.6171064814815,641.7369928246454
1403,2025-09-05 13:22:00+02:00,631.8957554436305,631.0090965819323
1404,2025-09-05 13:23:00+02:00,634.4244662698412,623.2961899806464
1405,2025-09-05 13:24:00+02:00,620.421717948718,613.8745875322862
1406,2025-09-05 13:25:00+02:00,594.5513888888889,581.7419459975614
1407,2025-09-05 13:26:00+02:00,618.4691157407407,619.8687885412437
1408,2025-09-05 13:27:00+02:00,649.5783171296297,653.2621010901776
1409,2025-09-05 13:28:00+02:00,660.0153951719576,667.3965304814687
1410,2025-09-05 13:29:00+02:00,661.362549475987,673.5670862866709
1411,2025-09-05 13:30:00+02:00,685.1410264550265,684.3411024745955
1412,2025-09-05 13:31:00+02:00,697.6188425925926,690.1809591732058
1413,2025-09-05 13:32:00+02:00,684.7737435897435,682.1801537647657
1414,2025-09-05 13:33:00+02:00,670.6784126984127,667.0401850417747
1415,2025-09-05 13:34:00+02:00,655.9507777777777,643.6480070710486
1416,2025-09-05 13:35:00+02:00,638.881590909091,623.2394725044529
1417,2025-09-05 13:36:00+02:00,629.3844444444445,610.0375005116765
1418,2025-09-05 13:37:00+02:00,376.250625,400.76552860622445
1419,2025-09-05 13:38:00+02:00,154.95791666666668,213.88576787216496
1420,2025-09-05 13:39:00+02:00,413.9159722222223,419.2306413820506
1421,2025-09-05 13:40:00+02:00,587.5613888888889,575.9666601662094
1422,2025-09-05 13:41:00+02:00,664.0715656565657,641.9920313316195
1423,2025-09-05 13:42:00+02:00,670.800300925926,653.0268486501042
1424,2025-09-05 13:43:00+02:00,670.6493386243386,661.2388300008606
1425,2025-09-05 13:44:00+02:00,624.6182142857143,631.5941246564158
1426,2025-09-05 13:45:00+02:00,651.2785069444445,637.3276854333863
1427,2025-09-05 13:46:00+02:00,536.5353472222222,537.2721802268553
1428,2025-09-05 13:47:00+02:00,621.7425480769231,585.450513473878
1429,2025-09-05 13:48:00+02:00,596.3763611111111,490.7641209396039
1430,2025-09-05 13:49:00+02:00,365.38409722222224,393.15459489607684
1431,2025-09-05 13:50:00+02:00,619.8229861111112,593.4839234898108
1432,2025-09-05 13:51:00+02:00,596.5452843915344,581.1882966657613
1433,2025-09-05 13:52:00+02:00,605.5030815527066,591.6825774675096
1434,2025-09-05 13:53:00+02:00,606.4679398148148,600.748280337819
1435,2025-09-05 13:54:00+02:00,613.5591595441596,603.4924373107684
1436,2025-09-05 13:55:00+02:00,618.3559065656566,587.9111402782374
1437,2025-09-05 13:56:00+02:00,292.36791666666664,350.4902824171102
1438,2025-09-05 13:57:00+02:00,294.6928472222222,347.0264152052108
1439,2025-09-05 13:58:00+02:00,151.24196031746033,213.71572454041927
1440,2025-09-05 13:59:00+02:00,150.04111111111112,215.32812622920017
1441,2025-09-05 14:00:00+02:00,406.7801613756614,403.3598931945024
1442,2025-09-05 14:01:00+02:00,599.4755317460317,568.7283844878941
1443,2025-09-05 14:02:00+02:00,619.0154444444445,589.0672107450685
1444,2025-09-05 14:03:00+02:00,618.0395138888889,581.2872812415122
1445,2025-09-05 14:04:00+02:00,456.0511111111111,464.4057415911987
1446,2025-09-05 14:05:00+02:00,285.26682539682537,321.15121786206316
1447,2025-09-05 14:06:00+02:00,134.2665462962963,164.03891455225326
1448,2025-09-05 14:07:00+02:00,144.77116666666666,168.95960105658986
1449,2025-09-05 14:08:00+02:00,154.91300462962965,183.4190364269391
1450,2025-09-05 14:09:00+02:00,179.10009259259257,208.03269644655884
1451,2025-09-05 14:10:00+02:00,194.2449074074074,231.73709913712986
1452,2025-09-05 14:11:00+02:00,323.4928472222222,347.4882258263557
1453,2025-09-05 14:12:00+02:00,630.7586666666667,594.568357750211
1454,2025-09-05 14:13:00+02:00,640.3830570818071,617.839430271276
1455,2025-09-05 14:14:00+02:00,632.6038854166667,611.3730259000711
1456,2025-09-05 14:15:00+02:00,618.203625,598.7802852203221
1457,2025-09-05 14:16:00+02:00,611.50625,578.0487188970836
1458,2025-09-05 14:17:00+02:00,609.4682936507936,581.9693925555849
1459,2025-09-05 14:18:00+02:00,614.5695016788767,596.3920479133308
1460,2025-09-05 14:19:00+02:00,603.448006021756,592.2087035435297
1461,2025-09-05 14:20:00+02:00,520.1430555555555,522.618257986339
1462,2025-09-05 14:21:00+02:00,157.8971527777778,216.94021499547026
1463,2025-09-05 14:22:00+02:00,160.41250802660247,209.49126575498332
1464,2025-09-05 14:23:00+02:00,162.94189950980393,214.62221704952645
1465,2025-09-05 14:24:00+02:00,170.129853988604,219.82351203117213
1466,2025-09-05 14:25:00+02:00,343.6796527777778,346.8737893272469
1467,2025-09-05 14:26:00+02:00,589.3218611111112,555.980809579994
1468,2025-09-05 14:27:00+02:00,601.4368824786325,578.7552784668836
1469,2025-09-05 14:28:00+02:00,602.2692222222223,587.2185475836548
1470,2025-09-05 14:29:00+02:00,594.3459722222223,581.3624779789234
1471,2025-09-05 14:30:00+02:00,593.3941944444445,567.1613289120913
1472,2025-09-05 14:31:00+02:00,522.8928472222223,513.9186825576329
1473,2025-09-05 14:32:00+02:00,493.9179166666667,482.5746105535992
1474,2025-09-05 14:33:00+02:00,552.5403823260073,530.5987078942157
1475,2025-09-05 14:34:00+02:00,412.6619191919192,425.78998498288126
1476,2025-09-05 14:35:00+02:00,139.84442857142858,185.4921912509237
1477,2025-09-05 14:36:00+02:00,144.24826240079366,188.53354679449475
1478,2025-09-05 14:37:00+02:00,154.6482158119658,192.90435715651287
1479,2025-09-05 14:38:00+02:00,162.84161375661378,197.4911960766538
1480,2025-09-05 14:39:00+02:00,165.4162554466231,206.56062757784147
1481,2025-09-05 14:40:00+02:00,241.1966666666667,246.95614106680938
1482,2025-09-05 14:41:00+02:00,535.1925,479.1213657815169
1483,2025-09-05 14:42:00+02:00,503.3484722222222,454.4203478073991
1484,2025-09-05 14:43:00+02:00,444.9088472222222,435.3705090620113
1485,2025-09-05 14:44:00+02:00,550.74,522.3970738329384
1486,2025-09-05 14:45:00+02:00,577.2330555555556,544.3938819492084
1487,2025-09-05 14:46:00+02:00,584.2254464285714,560.1477712234475
1488,2025-09-05 14:47:00+02:00,523.7530753968255,512.6312776922423
1489,2025-09-05 14:48:00+02:00,556.4334974747475,542.4170647769369
1490,2025-09-05 14:49:00+02:00,561.5784027777778,540.0369932520736
1491,2025-09-05 14:50:00+02:00,555.3313253968254,536.0702073773009
1492,2025-09-05 14:51:00+02:00,555.4878333333332,532.1034215025278
1493,2025-09-05 14:52:00+02:00,542.8910876068376,527.7675537988657
1494,2025-09-05 14:53:00+02:00,537.2641239316239,522.1966815139214
1495,2025-09-05 14:54:00+02:00,539.4095187138131,516.5264410442762
1496,2025-09-05 14:55:00+02:00,540.4140277777778,510.856200574631
1497,2025-09-05 14:56:00+02:00,537.4006226851852,505.1859601049857
1498,2025-09-05 14:57:00+02:00,524.6085416666666,492.7724649101548
1499,2025-09-05 14:58:00+02:00,520.0396717171717,499.02897506543957
1500,2025-09-05 14:59:00+02:00,520.9064748677248,505.25544012257524
1501,2025-09-05 15:00:00+02:00,526.3329444444445,510.81076595548336
1502,2025-09-05 15:01:00+02:00,523.7507361111111,508.5644783848162
1503,2025-09-05 15:02:00+02:00,524.1163446969697,499.68118483918636
1504,2025-09-05 15:03:00+02:00,519.7640740740741,474.8559969027254
1505,2025-09-05 15:04:00+02:00,515.1450066137567,441.6132138676575
1506,2025-09-05 15:05:00+02:00,210.58569444444444,244.60663188835304
1507,2025-09-05 15:06:00+02:00,300.2200138888889,310.14877405273194
1508,2025-09-05 15:07:00+02:00,318.5693055555556,326.4061239563987
1509,2025-09-05 15:08:00+02:00,399.7814814814815,387.0672007978328
1510,2025-09-05 15:09:00+02:00,443.6154861111111,419.541281118494
1511,2025-09-05 15:10:00+02:00,105.52222883597882,152.64828313683321
1512,2025-09-05 15:11:00+02:00,101.076841991342,137.50615698891647
1513,2025-09-05 15:12:00+02:00,115.47839781746032,131.60556300019192
1514,2025-09-05 15:13:00+02:00,107.8014494301994,129.09063969423377
1515,2025-09-05 15:14:00+02:00,102.10112654320989,132.65660630443347
1516,2025-09-05 15:15:00+02:00,110.84891203703704,136.34447754738633
1517,2025-09-05 15:16:00+02:00,118.66633333333334,140.03234879033917
1518,2025-09-05 15:17:00+02:00,126.92333333333332,146.99387385402915
1519,2025-09-05 15:18:00+02:00,147.5534722222222,166.91014810858036
1520,2025-09-05 15:19:00+02:00,191.8830109126984,208.35477801954784
1521,2025-09-05 15:20:00+02:00,206.84333333333333,233.8059653353685
1522,2025-09-05 15:21:00+02:00,197.52164983164985,225.72706163700192
1523,2025-09-05 15:22:00+02:00,200.6955555555556,222.35529364344507
1524,2025-09-05 15:23:00+02:00,194.8922673611111,218.9835256498881
1525,2025-09-05 15:24:00+02:00,184.419,215.71419852419098
1526,2025-09-05 15:25:00+02:00,176.62801282051282,223.59336470357908
1527,2025-09-05 15:26:00+02:00,252.85444444444445,263.9564530581013
1528,2025-09-05 15:27:00+02:00,142.35964616402117,173.39181345694507
1529,2025-09-05 15:28:00+02:00,134.91547123015872,161.49409356348292
1530,2025-09-05 15:29:00+02:00,132.9947023809524,151.52912031002302
1531,2025-09-05 15:30:00+02:00,111.78518022486772,127.70242489020646
1532,2025-09-05 15:31:00+02:00,97.60641203703705,111.97026263982029
1533,2025-09-05 15:32:00+02:00,90.98807407407408,100.46862588976812
1534,2025-09-05 15:33:00+02:00,80.9641736694678,87.05431692486142
1535,2025-09-05 15:34:00+02:00,74.53655303030304,72.87739132346704
1536,2025-09-05 15:35:00+02:00,65.42256335282651,63.974243336899875
1537,2025-09-05 15:36:00+02:00,65.819,57.188560249866626
1538,2025-09-05 15:37:00+02:00,61.97886363636365,55.81514613180141
1539,2025-09-05 15:38:00+02:00,65.94542121212122,55.00127109887387
1540,2025-09-05 15:39:00+02:00,67.7395,54.18739606594633
1541,2025-09-05 15:40:00+02:00,65.32541666666667,53.37352103301879
1542,2025-09-05 15:41:00+02:00,64.26172222222222,52.55964600009125
1543,2025-09-05 15:42:00+02:00,61.048110119047614,51.74577096716371
1544,2025-09-05 15:43:00+02:00,61.18230324074074,50.93189593423617
1545,2025-09-05 15:44:00+02:00,61.962409188034194,50.11802090130867
1546,2025-09-05 15:45:00+02:00,61.06726851851852,49.304145868381205
1547,2025-09-05 15:46:00+02:00,58.27391559829059,49.27409009519035
1548,2025-09-05 15:47:00+02:00,57.04224508713386,50.08239064159096
1549,2025-09-05 15:48:00+02:00,58.69096203844049,50.890691187991564
1550,2025-09-05 15:49:00+02:00,60.1205056980057,51.69899173439215
1551,2025-09-05 15:50:00+02:00,58.08452777777779,52.507292280792754
1552,2025-09-05 15:51:00+02:00,59.24652243589745,53.315592827193356
1553,2025-09-05 15:52:00+02:00,66.1432142857143,54.12389337359396
1554,2025-09-05 15:53:00+02:00,65.55034722222221,54.9321939199946
1555,2025-09-05 15:54:00+02:00,68.872791005291,55.74049446639529
1556,2025-09-05 15:55:00+02:00,70.20723684210527,56.478488920887585
1557,2025-09-05 15:56:00+02:00,70.37424074074075,55.47187627581229
1558,2025-09-05 15:57:00+02:00,71.72019764957265,53.71378495701164
1559,2025-09-05 15:58:00+02:00,67.898025,51.955693638211045
1560,2025-09-05 15:59:00+02:00,69.28960842293907,50.19760231941045
1561,2025-09-05 16:00:00+02:00,68.92413625502336,48.43951100060985
1562,2025-09-05 16:01:00+02:00,69.47121642246643,46.681419681809246
1563,2025-09-05 16:02:00+02:00,59.844569841269845,44.92332836300865
1564,2025-09-05 16:03:00+02:00,62.09821458333334,43.16523704420805
1565,2025-09-05 16:04:00+02:00,58.88979166666667,41.26139919400038
1566,2025-09-05 16:05:00+02:00,51.117148809523805,36.33332081709615
1567,2025-09-05 16:06:00+02:00,49.32575613454646,30.202833556083625
1568,2025-09-05 16:07:00+02:00,39.93318747078074,24.82538844740963
1569,2025-09-05 16:08:00+02:00,38.29060714285715,21.698313491654304
1570,2025-09-05 16:09:00+02:00,35.85875755360624,18.720095705547287
1571,2025-09-05 16:10:00+02:00,34.72604166666667,15.741877919440252
1572,2025-09-05 16:11:00+02:00,34.71126756066411,12.763660133333197
1573,2025-09-05 16:12:00+02:00,32.88777777777778,9.96603731177603
1574,2025-09-05 16:13:00+02:00,31.531013888888893,8.775709674712765
1575,2025-09-05 16:14:00+02:00,28.63843434343434,7.964631463204235
1576,2025-09-05 16:15:00+02:00,32.81604166666667,7.153553251695708
1577,2025-09-05 16:16:00+02:00,29.87613425925926,6.342475040187185
1578,2025-09-05 16:17:00+02:00,26.79371616809117,5.531396828678659
1579,2025-09-05 16:18:00+02:00,27.714077991452992,4.720318617170133
1580,2025-09-05 16:19:00+02:00,26.02091666666667,3.909240405661606
1581,2025-09-05 16:20:00+02:00,28.537745039682545,3.0981621941530832
1582,2025-09-05 16:21:00+02:00,29.501580687830693,2.2870839826445426
1583,2025-09-05 16:22:00+02:00,30.29196296296297,1.9313692447633315
1584,2025-09-05 16:23:00+02:00,26.81256097560976,2.6890352709677607
1585,2025-09-05 16:24:00+02:00,29.34993055555556,3.497335817368384
1586,2025-09-05 16:25:00+02:00,25.469220238095243,4.305636363769004
1587,2025-09-05 16:26:00+02:00,20.59996031746032,5.1139369101696275
1588,2025-09-05 16:27:00+02:00,25.261388888888888,5.922237456570247
1589,2025-09-05 16:28:00+02:00,23.46951625094482,6.730538002970871
1590,2025-09-05 16:29:00+02:00,24.919468652325797,7.538838549371494
1591,2025-09-05 16:30:00+02:00,26.90121164021164,8.347139095772118
1592,2025-09-05 16:31:00+02:00,27.143323529411763,9.157562653783888
1593,2025-09-05 16:32:00+02:00,28.82514619883041,10.817190856253955
1594,2025-09-05 16:33:00+02:00,30.83796477983577,13.15405976267952
1595,2025-09-05 16:34:00+02:00,30.82108716475096,15.490928669105092
1596,2025-09-05 16:35:00+02:00,36.25577962962964,17.827797575530653
1597,2025-09-05 16:36:00+02:00,34.39905251911831,20.164666481956218
1598,2025-09-05 16:37:00+02:00,32.85874446290144,22.501535388381782
1599,2025-09-05 16:38:00+02:00,41.91710830896687,24.990358155404728
1600,2025-09-05 16:39:00+02:00,46.91919590643275,29.550551969518224
1601,2025-09-05 16:40:00+02:00,48.760182980599645,34.766546655683584
1602,2025-09-05 16:41:00+02:00,50.34791666666667,39.73623048166891
1603,2025-09-05 16:42:00+02:00,56.27680555555556,40.9822736566973
1604,2025-09-05 16:43:00+02:00,59.38270833333333,40.9822736566973
1605,2025-09-05 16:44:00+02:00,59.1235625,40.9822736566973
1606,2025-09-05 16:45:00+02:00,64.80671626984127,40.9822736566973
1607,2025-09-05 16:46:00+02:00,66.27177248677249,40.9822736566973
1608,2025-09-05 16:47:00+02:00,66.10001851851852,40.9822736566973
1609,2025-09-05 16:48:00+02:00,64.48521969696971,40.9822736566973
1610,2025-09-05 16:49:00+02:00,57.85400462962963,40.9822736566973
1611,2025-09-05 16:50:00+02:00,58.05063492063493,40.9822736566973
1612,2025-09-05 16:51:00+02:00,50.90875308641975,40.11328414093511
1613,2025-09-05 16:52:00+02:00,41.49766666666667,35.07004141552952
1614,2025-09-05 16:53:00+02:00,51.11306944444445,29.48368024277255
1615,2025-09-05 16:54:00+02:00,48.30970726495727,24.637169203861504
1616,2025-09-05 16:55:00+02:00,43.92920061728395,21.651493350078177
1617,2025-09-05 16:56:00+02:00,41.23132300569801,18.755496300397397
1618,2025-09-05 16:57:00+02:00,37.848092185592186,15.859499250716645
1619,2025-09-05 16:58:00+02:00,34.763333333333335,12.963502201035904
1620,2025-09-05 16:59:00+02:00,34.412912698412704,10.166090819565603
1621,2025-09-05 17:00:00+02:00,29.77219841269841,8.859062775159163
1622,2025-09-05 17:01:00+02:00,29.941929683306498,8.050762228758533
1623,2025-09-05 17:02:00+02:00,22.64632575757576,7.242461682357909
1624,2025-09-05 17:03:00+02:00,29.72295008354219,6.4341611359572894
1625,2025-09-05 17:04:00+02:00,31.526726190476197,5.625860589556666
1626,2025-09-05 17:05:00+02:00,27.31957437275986,4.817560043156046
1627,2025-09-05 17:06:00+02:00,30.537188172043013,4.009259496755423
1628,2025-09-05 17:07:00+02:00,27.688386409865245,3.200958950354803
1629,2025-09-05 17:08:00+02:00,29.02014473684211,2.3926584039541794
1630,2025-09-05 17:09:00+02:00,27.923674603174604,1.891432593100765
1631,2025-09-05 17:10:00+02:00,30.252597222222224,2.584479326864315
1632,2025-09-05 17:11:00+02:00,25.66600747863248,3.3955575383728487
1633,2025-09-05 17:12:00+02:00,30.138497549019608,4.206635749881372
1634,2025-09-05 17:13:00+02:00,28.966411111111118,5.017713961389898
1635,2025-09-05 17:14:00+02:00,23.12417755779849,5.828792172898424
1636,2025-09-05 17:15:00+02:00,28.31025724637681,6.639870384406951
1637,2025-09-05 17:16:00+02:00,28.53911421911422,7.450948595915481
1638,2025-09-05 17:17:00+02:00,32.72250248015873,8.262026807424
1639,2025-09-05 17:18:00+02:00,31.585320767195768,9.073105018932544
1640,2025-09-05 17:19:00+02:00,31.27061818000797,9.512439050166346
1641,2025-09-05 17:20:00+02:00,30.018737373737377,9.512439050166346
1642,2025-09-05 17:21:00+02:00,33.566625,9.512439050166346
1643,2025-09-05 17:22:00+02:00,32.14842592592593,9.512439050166346
1644,2025-09-05 17:23:00+02:00,32.93065107212476,9.512439050166346
1645,2025-09-05 17:24:00+02:00,29.57193703703704,9.512439050166346
1646,2025-09-05 17:25:00+02:00,32.48884920634921,9.512439050166346
1647,2025-09-05 17:26:00+02:00,34.25888888888889,9.512439050166346
1648,2025-09-05 17:27:00+02:00,30.110776353276357,9.512439050166346
1649,2025-09-05 17:28:00+02:00,33.24126543209877,9.564296122258089
1650,2025-09-05 17:29:00+02:00,31.84255984848485,10.831090311927781
1651,2025-09-05 17:30:00+02:00,31.2850873015873,12.609047069358912
1652,2025-09-05 17:31:00+02:00,31.53723099415205,14.387003826790036
1653,2025-09-05 17:32:00+02:00,33.734375,16.164960584221163
1654,2025-09-05 17:33:00+02:00,36.4741335978836,17.942917341652276
1655,2025-09-05 17:34:00+02:00,35.36116762866763,19.72087409908338
1656,2025-09-05 17:35:00+02:00,38.52938988095238,21.498830856514495
1657,2025-09-05 17:36:00+02:00,43.44119444444445,23.276787613945636
1658,2025-09-05 17:37:00+02:00,42.09733592796093,25.106248674270624
1659,2025-09-05 17:38:00+02:00,49.04013888888889,27.433896809859647
1660,2025-09-05 17:39:00+02:00,49.051620370370365,29.886091714264673
1661,2025-09-05 17:40:00+02:00,52.12694444444444,32.338286618669706
1662,2025-09-05 17:41:00+02:00,54.921309523809526,34.790481523074696
1663,2025-09-05 17:42:00+02:00,53.67164384920636,37.242676427479694
1664,2025-09-05 17:43:00+02:00,55.521578947368425,39.69487133188469
1665,2025-09-05 17:44:00+02:00,57.461230854915065,39.888933921825114
1666,2025-09-05 17:45:00+02:00,55.49433531746032,37.15176171843879
1667,2025-09-05 17:46:00+02:00,53.58810810810812,34.39929805022908
1668,2025-09-05 17:47:00+02:00,51.42612903225807,31.646834382019357
1669,2025-09-05 17:48:00+02:00,48.55960934095861,28.894370713809643
1670,2025-09-05 17:49:00+02:00,44.81756260521886,26.152534447078523
1671,2025-09-05 17:50:00+02:00,47.99101262626263,23.858981297261366
1672,2025-09-05 17:51:00+02:00,38.08696801346802,21.802129362193995
1673,2025-09-05 17:52:00+02:00,36.73771441372248,19.74527742712661
1674,2025-09-05 17:53:00+02:00,38.07933333333333,17.688425492059217
1675,2025-09-05 17:54:00+02:00,39.90887962962963,15.631573556991825
1676,2025-09-05 17:55:00+02:00,38.58702047952048,13.57472162192444
1677,2025-09-05 17:56:00+02:00,35.60505747126437,11.51786968685705
1678,2025-09-05 17:57:00+02:00,34.442851851851856,9.495626350314701
1679,2025-09-05 17:58:00+02:00,25.195039682539683,7.662157187545276
1680,2025-09-05 17:59:00+02:00,31.56822115384616,5.857004150841792
1681,2025-09-05 18:00:00+02:00,24.74061088527552,4.051851114138298
1682,2025-09-05 18:01:00+02:00,28.864344566832767,2.246698077434793
1683,2025-09-05 18:02:00+02:00,23.187453703703707,0.4415450407312935
1684,2025-09-05 18:03:00+02:00,25.14559259259259,-1.3636079959722078
1685,2025-09-05 18:04:00+02:00,19.840085227272727,-3.168761032675709
1686,2025-09-05 18:05:00+02:00,23.227542087542087,-4.973914069379212
1687,2025-09-05 18:06:00+02:00,23.998,-6.189885212158653
1688,2025-09-05 18:07:00+02:00,19.731543209876545,-6.2224782530991325
1689,2025-09-05 18:08:00+02:00,20.402708333333333,-6.2224782530991325
1690,2025-09-05 18:09:00+02:00,15.98925,-6.2224782530991325
1691,2025-09-05 18:10:00+02:00,18.131834625323,-6.2224782530991325
1692,2025-09-05 18:11:00+02:00,17.796383838383836,-6.2224782530991325
1693,2025-09-05 18:12:00+02:00,18.155066666666663,-6.2224782530991325
1694,2025-09-05 18:13:00+02:00,15.3054945799458,-6.2224782530991325
1695,2025-09-05 18:14:00+02:00,18.792638888888888,-6.2224782530991325
1696,2025-09-05 18:15:00+02:00,24.23254298941799,-6.1538666950907075
1697,2025-09-05 18:16:00+02:00,24.72642857142857,-4.232743070854802
1698,2025-09-05 18:17:00+02:00,23.59767195767196,-1.488280750517795
1699,2025-09-05 18:18:00+02:00,24.66011111111111,1.2561815698192103
1700,2025-09-05 18:19:00+02:00,26.6372208994709,4.000643890156216
1701,2025-09-05 18:20:00+02:00,24.49762688700189,6.745106210493216
1702,2025-09-05 18:21:00+02:00,27.39225205350205,9.256119968140034
1703,2025-09-05 18:22:00+02:00,30.785732323232324,10.318142647020302
1704,2025-09-05 18:23:00+02:00,33.76996428571429,11.13061686233521
1705,2025-09-05 18:24:00+02:00,35.38154377723311,11.943091077650127
1706,2025-09-05 18:25:00+02:00,40.793970238095234,12.755565292965034
1707,2025-09-05 18:26:00+02:00,39.8140873015873,13.568039508279945
1708,2025-09-05 18:27:00+02:00,43.61974722222222,14.380513723594856
1709,2025-09-05 18:28:00+02:00,43.82696047307813,15.192987938909766
1710,2025-09-05 18:29:00+02:00,44.57478805916306,16.005462154224677
1711,2025-09-05 18:30:00+02:00,39.59708333333334,16.81793636953959
1712,2025-09-05 18:31:00+02:00,46.06268187830688,17.365228028467016
1713,2025-09-05 18:32:00+02:00,47.06758207070707,17.379897701799084
1714,2025-09-05 18:33:00+02:00,47.36580808080808,17.379897701799084
1715,2025-09-05 18:34:00+02:00,43.57349206349207,17.379897701799084
1716,2025-09-05 18:35:00+02:00,42.85217592592593,17.379897701799084
1717,2025-09-05 18:36:00+02:00,48.86760090968161,17.379897701799084
1718,2025-09-05 18:37:00+02:00,50.44407243867244,17.379897701799084
1719,2025-09-05 18:38:00+02:00,45.84451388888889,17.379897701799084
1720,2025-09-05 18:39:00+02:00,51.0702803030303,17.379897701799084
1721,2025-09-05 18:40:00+02:00,47.6115874534822,17.379897701799084
1722,2025-09-05 18:41:00+02:00,44.84086476608187,16.941317245232945
1723,2025-09-05 18:42:00+02:00,50.567546992481205,16.13163024849546
1724,2025-09-05 18:43:00+02:00,49.34490553306343,15.32194325175795
1725,2025-09-05 18:44:00+02:00,52.08122364672365,14.512256255020453
1726,2025-09-05 18:45:00+02:00,52.11907407407407,13.702569258282942
1727,2025-09-05 18:46:00+02:00,51.866129611129615,12.892882261545438
1728,2025-09-05 18:47:00+02:00,50.6364183964184,12.083195264807927
1729,2025-09-05 18:48:00+02:00,50.731590909090905,11.273508268070426
1730,2025-09-05 18:49:00+02:00,47.61510714285714,10.463821271332915
1731,2025-09-05 18:50:00+02:00,47.63084590878606,9.654060849371376
1732,2025-09-05 18:51:00+02:00,52.75068309859156,8.843299525671814
1733,2025-09-05 18:52:00+02:00,45.72623448773448,8.03222131416328
1734,2025-09-05 18:53:00+02:00,45.91636994949496,7.221143102654764
1735,2025-09-05 18:54:00+02:00,37.89059722222222,6.410064891146231
1736,2025-09-05 18:55:00+02:00,36.81166666666667,5.598986679637701
1737,2025-09-05 18:56:00+02:00,34.50366811983009,4.787908468129178
1738,2025-09-05 18:57:00+02:00,35.74443661971831,3.976830256620648
1739,2025-09-05 18:58:00+02:00,37.76726851851852,3.1657520451121215
1740,2025-09-05 18:59:00+02:00,31.131966666666667,2.3546738336035844
1741,2025-09-05 19:00:00+02:00,34.758473297491044,0.9610873904426356
1742,2025-09-05 19:01:00+02:00,34.22857103070813,-2.637708786830986
1743,2025-09-05 19:02:00+02:00,33.51294918699187,-5.978537032944258
1744,2025-09-05 19:03:00+02:00,29.2532895256917,-7.0808693602789905
1745,2025-09-05 19:04:00+02:00,31.10560118425636,-7.891947571787517
1746,2025-09-05 19:05:00+02:00,33.03000631313132,-8.703025783296045
1747,2025-09-05 19:06:00+02:00,30.90032738095238,-9.514103994804572
1748,2025-09-05 19:07:00+02:00,20.429871502694645,-10.325182206313102
1749,2025-09-05 19:08:00+02:00,18.017831400165697,-11.136260417821635
1750,2025-09-05 19:09:00+02:00,16.64272968580715,-11.947338629330165
1751,2025-09-05 19:10:00+02:00,15.216102564102563,-12.758416840838699
1752,2025-09-05 19:11:00+02:00,13.803846153846155,-13.56949505234723
1753,2025-09-05 19:12:00+02:00,12.376328125,-14.082051422119983
1754,2025-09-05 19:13:00+02:00,10.858649945175438,-14.089936904731871
1755,2025-09-05 19:14:00+02:00,9.474805194805196,-14.089936904731871
1756,2025-09-05 19:15:00+02:00,8.462225770586425,-14.089936904731871
1757,2025-09-05 19:16:00+02:00,7.916584699453548,-14.089936904731871
1758,2025-09-05 19:17:00+02:00,7.401830601092896,-14.089936904731871
1759,2025-09-05 19:18:00+02:00,6.92820175270995,-14.089936904731871
1760,2025-09-05 19:19:00+02:00,6.600734265734268,-14.089936904731871
1761,2025-09-05 19:20:00+02:00,6.286048951048952,-14.089936904731871
1762,2025-09-05 19:21:00+02:00,5.971363636363637,-14.089936904731871
1763,2025-09-05 19:22:00+02:00,5.656678321678322,-14.089936904731871
1764,2025-09-05 19:23:00+02:00,5.15467106967107,-14.089936904731871
1765,2025-09-05 19:24:00+02:00,4.35294871794872,-14.089936904731871
1766,2025-09-05 19:25:00+02:00,3.5225422776340207,-14.089936904731871
1767,2025-09-05 19:26:00+02:00,2.6600823335685715,-14.089936904731871
1768,2025-09-05 19:27:00+02:00,1.9690384615384624,-14.089936904731871
1769,2025-09-05 19:28:00+02:00,1.3921153846153846,-14.089936904731871
1770,2025-09-05 19:29:00+02:00,0.8808050204512469,-14.089936904731871
1771,2025-09-05 19:30:00+02:00,0.7504716981132078,-14.089936904731871
1772,2025-09-05 19:31:00+02:00,0.6815180102915956,-14.089936904731871
1773,2025-09-05 19:32:00+02:00,0.6125643224699834,-14.089936904731871
1774,2025-09-05 19:33:00+02:00,0.5436106346483712,-14.089936904731871
1775,2025-09-05 19:34:00+02:00,0.4746569468267589,-14.089936904731871
1776,2025-09-05 19:35:00+02:00,0.4057032590051463,-14.089936904731871
1777,2025-09-05 19:36:00+02:00,0.3367495711835338,-14.089936904731871
1778,2025-09-05 19:37:00+02:00,0.2677958833619213,-14.089936904731871
1779,2025-09-05 19:38:00+02:00,0.1988421955403088,-14.089936904731871
1780,2025-09-05 19:39:00+02:00,0.1466123499142367,-14.089936904731871
1781,2025-09-05 19:40:00+02:00,0.1300600343053174,-14.089936904731871
1782,2025-09-05 19:41:00+02:00,0.114622641509434,-14.089936904731871
1783,2025-09-05 19:42:00+02:00,0.0991852487135507,-14.089936904731871
1784,2025-09-05 19:43:00+02:00,0.0837478559176673,-14.089936904731871
1785,2025-09-05 19:44:00+02:00,0.0683104631217839,-14.089936904731871
1786,2025-09-05 19:45:00+02:00,0.0528730703259005,-14.089936904731871
1787,2025-09-05 19:46:00+02:00,0.0374356775300171,-14.089936904731871
1788,2025-09-05 19:47:00+02:00,0.0219982847341337,-14.089936904731871
1789,2025-09-05 19:48:00+02:00,0.0066739339514577,-14.089936904731871
1790,2025-09-05 19:49:00+02:00,0.0047508591065291,-14.089936904731871
1791,2025-09-05 19:50:00+02:00,0.0119673539518899,-14.089936904731871
1792,2025-09-05 19:51:00+02:00,0.0191838487972508,-14.089936904731871
1793,2025-09-05 19:52:00+02:00,0.0264003436426116,-14.089936904731871
1794,2025-09-05 19:53:00+02:00,0.0336168384879724,-14.089936904731871
1795,2025-09-05 19:54:00+02:00,0.0408333333333332,-14.089936904731871
1796,2025-09-05 19:55:00+02:00,0.048049828178694,-14.089936904731871
1797,2025-09-05 19:56:00+02:00,0.0552663230240549,-14.089936904731871
1798,2025-09-05 19:57:00+02:00,0.0624828178694157,-14.089936904731871
1799,2025-09-05 19:58:00+02:00,0.0698052274348228,-14.089936904731871
1800,2025-09-05 19:59:00+02:00,0.0778902229845626,-14.089936904731871
1801,2025-09-05 20:00:00+02:00,0.0861234991423671,-14.089936904731871
1802,2025-09-06 05:00:00+02:00,0.132314974182444,-14.089936904731871
1803,2025-09-06 05:01:00+02:00,0.1465070869117243,-14.089936904731871
1804,2025-09-06 05:02:00+02:00,0.1436192109777016,-14.089936904731871
1805,2025-09-06 05:03:00+02:00,0.1353859348198973,-14.089936904731871
1806,2025-09-06 05:04:00+02:00,0.1271526586620929,-14.089936904731871
1807,2025-09-06 05:05:00+02:00,0.1189193825042884,-14.089936904731871
1808,2025-09-06 05:06:00+02:00,0.1106861063464839,-14.089936904731871
1809,2025-09-06 05:07:00+02:00,0.1024528301886794,-14.089936904731871
1810,2025-09-06 05:08:00+02:00,0.0942195540308749,-14.089936904731871
1811,2025-09-06 05:09:00+02:00,0.0859862778730703,-14.089936904731871
1812,2025-09-06 05:10:00+02:00,0.0777530017152658,-14.089936904731871
1813,2025-09-06 05:11:00+02:00,0.070800457404231,-14.089936904731871
1814,2025-09-06 05:12:00+02:00,0.07,-14.089936904731871
1815,2025-09-06 05:13:00+02:00,0.07,-14.089936904731871
1816,2025-09-06 05:14:00+02:00,0.07,-14.089936904731871
1817,2025-09-06 05:15:00+02:00,0.07,-14.089936904731871
1818,2025-09-06 05:16:00+02:00,0.07,-14.089936904731871
1819,2025-09-06 05:17:00+02:00,0.07,-14.089936904731871
1820,2025-09-06 05:18:00+02:00,0.07,-14.089936904731871
1821,2025-09-06 05:19:00+02:00,0.07,-14.089936904731871
1822,2025-09-06 05:20:00+02:00,0.07,-14.089936904731871
1823,2025-09-06 05:21:00+02:00,0.07,-14.089936904731871
1824,2025-09-06 05:22:00+02:00,0.07,-14.089936904731871
1825,2025-09-06 05:23:00+02:00,0.07,-14.089936904731871
1826,2025-09-06 05:24:00+02:00,0.07,-14.089936904731871
1827,2025-09-06 05:25:00+02:00,0.07,-14.089936904731871
1828,2025-09-06 05:26:00+02:00,0.07,-14.089936904731871
1829,2025-09-06 05:27:00+02:00,0.07,-14.089936904731871
1830,2025-09-06 05:28:00+02:00,0.07,-14.089936904731871
1831,2025-09-06 05:29:00+02:00,0.07,-14.089936904731871
1832,2025-09-06 05:30:00+02:00,0.0703872633390705,-14.089936904731871
1833,2025-09-06 05:31:00+02:00,0.0812306368330463,-14.089936904731871
1834,2025-09-06 05:32:00+02:00,0.096721170395869,-14.089936904731871
1835,2025-09-06 05:33:00+02:00,0.1122117039586918,-14.089936904731871
1836,2025-09-06 05:34:00+02:00,0.1277022375215145,-14.089936904731871
1837,2025-09-06 05:35:00+02:00,0.1431927710843373,-14.089936904731871
1838,2025-09-06 05:36:00+02:00,0.1586833046471602,-14.089936904731871
1839,2025-09-06 05:37:00+02:00,0.174173838209983,-14.089936904731871
1840,2025-09-06 05:38:00+02:00,0.1896643717728056,-14.089936904731871
1841,2025-09-06 05:39:00+02:00,0.2051549053356283,-14.089936904731871
1842,2025-09-06 05:40:00+02:00,0.2218502581755594,-14.089936904731871
1843,2025-09-06 05:41:00+02:00,0.2447418244406195,-14.089936904731871
1844,2025-09-06 05:42:00+02:00,0.2684939759036144,-14.089936904731871
1845,2025-09-06 05:43:00+02:00,0.2922461273666092,-14.089936904731871
1846,2025-09-06 05:44:00+02:00,0.3159982788296041,-14.089936904731871
1847,2025-09-06 05:45:00+02:00,0.3397504302925989,-14.089936904731871
1848,2025-09-06 05:46:00+02:00,0.3635025817555936,-14.089936904731871
1849,2025-09-06 05:47:00+02:00,0.3872547332185885,-14.089936904731871
1850,2025-09-06 05:48:00+02:00,0.4110068846815833,-14.089936904731871
1851,2025-09-06 05:49:00+02:00,0.4347590361445781,-14.089936904731871
1852,2025-09-06 05:50:00+02:00,0.486511500547645,-14.089936904731871
1853,2025-09-06 05:51:00+02:00,0.5856003430531728,-14.089936904731871
1854,2025-09-06 05:52:00+02:00,0.6854288164665516,-14.089936904731871
1855,2025-09-06 05:53:00+02:00,0.7852572898799304,-14.089936904731871
1856,2025-09-06 05:54:00+02:00,0.8850857632933091,-14.089936904731871
1857,2025-09-06 05:55:00+02:00,0.984914236706688,-14.089936904731871
1858,2025-09-06 05:56:00+02:00,1.0847427101200675,-14.089936904731871
1859,2025-09-06 05:57:00+02:00,1.1845711835334485,-14.089936904731871
1860,2025-09-06 05:58:00+02:00,1.2843996569468272,-14.089936904731871
1861,2025-09-06 05:59:00+02:00,1.385147247119078,-14.089936904731871
1862,2025-09-06 06:00:00+02:00,1.544718309859155,-14.089936904731871
1863,2025-09-06 06:01:00+02:00,1.7846268656716415,-14.089936904731871
1864,2025-09-06 06:02:00+02:00,2.078358208955224,-14.089936904731871
1865,2025-09-06 06:03:00+02:00,2.372089552238806,-14.089936904731871
1866,2025-09-06 06:04:00+02:00,2.6658208955223883,-14.089936904731871
1867,2025-09-06 06:05:00+02:00,2.9595522388059705,-14.089936904731871
1868,2025-09-06 06:06:00+02:00,3.247982190496792,-14.089936904731871
1869,2025-09-06 06:07:00+02:00,3.4802173913043464,-14.089936904731871
1870,2025-09-06 06:08:00+02:00,3.6976086956521703,-14.089936904731871
1871,2025-09-06 06:09:00+02:00,3.914999999999996,-14.089936904731871
1872,2025-09-06 06:10:00+02:00,4.132391304347821,-14.089936904731871
1873,2025-09-06 06:11:00+02:00,4.349782608695646,-14.089936904731871
1874,2025-09-06 06:12:00+02:00,4.567173913043475,-14.01646207537036
1875,2025-09-06 06:13:00+02:00,4.831048186098034,-13.337102499273911
1876,2025-09-06 06:14:00+02:00,5.404808917197456,-12.523227466346388
1877,2025-09-06 06:15:00+02:00,6.035382165605097,-11.709352433418863
1878,2025-09-06 06:16:00+02:00,6.656057565810898,-10.895477400491336
1879,2025-09-06 06:17:00+02:00,7.260000000000002,-10.08160236756381
1880,2025-09-06 06:18:00+02:00,7.861175607899334,-9.267727334636287
1881,2025-09-06 06:19:00+02:00,8.302007299270072,-8.453852301708768
1882,2025-09-06 06:20:00+02:00,8.64799270072992,-7.639977268781242
1883,2025-09-06 06:21:00+02:00,8.99397810218977,-6.826102235853714
1884,2025-09-06 06:22:00+02:00,9.33996350364963,-6.246216274892852
1885,2025-09-06 06:23:00+02:00,9.72567808560053,-6.2224782530991325
1886,2025-09-06 06:24:00+02:00,10.29034090909091,-6.2224782530991325
1887,2025-09-06 06:25:00+02:00,10.876704545454544,-6.2224782530991325
1888,2025-09-06 06:26:00+02:00,11.380881113111313,-6.2224782530991325
1889,2025-09-06 06:27:00+02:00,11.592960396039604,-6.2224782530991325
1890,2025-09-06 06:28:00+02:00,11.779495049504948,-6.2224782530991325
1891,2025-09-06 06:29:00+02:00,11.966029702970287,-6.2224782530991325
1892,2025-09-06 06:30:00+02:00,12.152564356435636,-6.2224782530991325
1893,2025-09-06 06:31:00+02:00,12.33909900990098,-6.2213478711089545
1894,2025-09-06 06:32:00+02:00,12.525633663366325,-5.768064693047933
1895,2025-09-06 06:33:00+02:00,12.712168316831672,-4.954189660120413
1896,2025-09-06 06:34:00+02:00,12.915067641343567,-4.14031462719289
1897,2025-09-06 06:35:00+02:00,13.559813084112143,-3.32643959426537
1898,2025-09-06 06:36:00+02:00,14.38062420288946,-2.5125645613378484
1899,2025-09-06 06:37:00+02:00,15.045335570469796,-1.6986895284103287
1900,2025-09-06 06:38:00+02:00,15.677550335570466,-0.8848144954828037
1901,2025-09-06 06:39:00+02:00,16.84363040729112,-0.07093946255527328
1902,2025-09-06 06:40:00+02:00,17.71638321995464,0.7429355703722589
1903,2025-09-06 06:41:00+02:00,17.929988662131496,1.5900342644396517
1904,2025-09-06 06:42:00+02:00,18.14359410430836,2.758496371714422
1905,2025-09-06 06:43:00+02:00,18.35719954648524,4.007299332291044
1906,2025-09-06 06:44:00+02:00,18.57080498866211,5.256102292867677
1907,2025-09-06 06:45:00+02:00,18.78441043083899,6.504905253444299
1908,2025-09-06 06:46:00+02:00,18.99801587301587,7.753708214020925
1909,2025-09-06 06:47:00+02:00,19.533649049363337,8.99730782892848
1910,2025-09-06 06:48:00+02:00,20.89813701923077,9.512439050166346
1911,2025-09-06 06:49:00+02:00,22.1644089673913,9.512439050166346
1912,2025-09-06 06:50:00+02:00,22.58597826086956,9.512439050166346
1913,2025-09-06 06:51:00+02:00,22.912065217391294,9.512439050166346
1914,2025-09-06 06:52:00+02:00,23.23815217391304,9.512439050166346
1915,2025-09-06 06:53:00+02:00,23.564239130434785,9.512439050166346
1916,2025-09-06 06:54:00+02:00,24.952497522891893,9.512439050166346
1917,2025-09-06 06:55:00+02:00,25.23902214022139,9.512439050166346
1918,2025-09-06 06:56:00+02:00,24.89142066420662,9.512439050166346
1919,2025-09-06 06:57:00+02:00,24.543819188191872,9.512439050166346
1920,2025-09-06 06:58:00+02:00,24.19621771217712,9.512439050166346
1921,2025-09-06 06:59:00+02:00,24.120932173607443,9.512439050166346
1922,2025-09-06 07:00:00+02:00,24.539285714285697,9.512439050166346
1923,2025-09-06 07:01:00+02:00,24.96785714285713,9.512439050166346
1924,2025-09-06 07:02:00+02:00,25.35251572327044,9.512439050166346
1925,2025-09-06 07:03:00+02:00,25.18113207547171,9.512439050166346
1926,2025-09-06 07:04:00+02:00,24.841509433962283,9.512439050166346
1927,2025-09-06 07:05:00+02:00,24.501886792452847,9.512439050166346
1928,2025-09-06 07:06:00+02:00,24.1622641509434,9.512439050166346
1929,2025-09-06 07:07:00+02:00,23.07028278499777,9.33670543767283
1930,2025-09-06 07:08:00+02:00,21.799802631578952,8.572940121835632
1931,2025-09-06 07:09:00+02:00,21.20769736842106,7.761861910327113
1932,2025-09-06 07:10:00+02:00,20.660138535182043,6.9507836988185865
1933,2025-09-06 07:11:00+02:00,20.313225806451605,6.139705487310053
1934,2025-09-06 07:12:00+02:00,19.990645161290317,5.3286272758015265
1935,2025-09-06 07:13:00+02:00,19.668064516129014,4.517549064293004
1936,2025-09-06 07:14:00+02:00,19.345483870967733,3.7064708527844736
1937,2025-09-06 07:15:00+02:00,18.70256272401433,2.895392641275947
1938,2025-09-06 07:16:00+02:00,17.71236466165413,2.084314429767403
1939,2025-09-06 07:17:00+02:00,17.151815789473673,1.1429963778377843
1940,2025-09-06 07:18:00+02:00,16.656026315789468,0.04775851450143698
1941,2025-09-06 07:19:00+02:00,16.145258533931727,-1.0474793488349086
1942,2025-09-06 07:20:00+02:00,15.463217054263568,-2.142717212171254
1943,2025-09-06 07:21:00+02:00,14.722031007751935,-3.2379550755075996
1944,2025-09-06 07:22:00+02:00,13.630333333333333,-4.333192938843945
1945,2025-09-06 07:23:00+02:00,12.58815789473684,-5.428430802180289
1946,2025-09-06 07:24:00+02:00,11.799468450362182,-6.195097306515725
1947,2025-09-06 07:25:00+02:00,11.324474940334134,-6.2224782530991325
1948,2025-09-06 07:26:00+02:00,11.099653937947506,-6.2224782530991325
1949,2025-09-06 07:27:00+02:00,10.87483293556087,-6.2224782530991325
1950,2025-09-06 07:28:00+02:00,10.65001193317423,-6.2224782530991325
1951,2025-09-06 07:29:00+02:00,10.4251909307876,-6.2224782530991325
1952,2025-09-06 07:30:00+02:00,10.20036992840096,-6.2224782530991325
1953,2025-09-06 07:31:00+02:00,9.982736674622116,-6.2224782530991325
1954,2025-09-06 07:32:00+02:00,10.275,-6.2224782530991325
1955,2025-09-06 07:33:00+02:00,10.875,-6.212357165639914
1956,2025-09-06 07:34:00+02:00,11.530598958333334,-5.689434313580275
1957,2025-09-06 07:35:00+02:00,12.472135416666667,-4.879747316842767
1958,2025-09-06 07:36:00+02:00,12.75597932449495,-4.070060320105263
1959,2025-09-06 07:37:00+02:00,12.05064393939394,-3.2603733233677534
1960,2025-09-06 07:38:00+02:00,11.506502785587834,-2.4506863266302474
1961,2025-09-06 07:39:00+02:00,11.517843642611677,-1.6409993298927397
1962,2025-09-06 07:40:00+02:00,11.572482817869403,-0.8313123331552355
1963,2025-09-06 07:41:00+02:00,11.627121993127128,-0.021625336417740115
1964,2025-09-06 07:42:00+02:00,11.681761168384854,0.788061660319757
1965,2025-09-06 07:43:00+02:00,11.736400343642588,1.5190290879299955
1966,2025-09-06 07:44:00+02:00,11.791039518900329,1.6449803985336064
1967,2025-09-06 07:45:00+02:00,11.845678694158062,1.6449803985336064
1968,2025-09-06 07:46:00+02:00,11.9003178694158,1.6449803985336064
1969,2025-09-06 07:47:00+02:00,11.95495704467354,1.6449803985336064
1970,2025-09-06 07:48:00+02:00,12.10125,1.6449803985336064
1971,2025-09-06 07:49:00+02:00,12.325096153846154,1.6449803985336064
1972,2025-09-06 07:50:00+02:00,12.548942307692307,1.6449803985336064
1973,2025-09-06 07:51:00+02:00,12.77278846153846,1.6449803985336064
1974,2025-09-06 07:52:00+02:00,13.253964216163585,1.6449803985336064
1975,2025-09-06 07:53:00+02:00,14.491736701943696,2.9176575333565467
1976,2025-09-06 07:54:00+02:00,16.025545147020555,7.3913104921281025
1977,2025-09-06 07:55:00+02:00,17.471832090265824,9.512439050166346
1978,2025-09-06 07:56:00+02:00,18.63457831325301,9.512439050166346
1979,2025-09-06 07:57:00+02:00,19.61113534495123,9.512439050166346
1980,2025-09-06 07:58:00+02:00,20.45389377934272,9.512439050166346
1981,2025-09-06 07:59:00+02:00,21.572887323943657,9.512439050166346
1982,2025-09-06 08:00:00+02:00,22.233411098502557,9.512439050166346
1983,2025-09-06 08:01:00+02:00,21.821943127962097,9.512439050166346
1984,2025-09-06 08:02:00+02:00,21.395402843601897,9.512439050166346
1985,2025-09-06 08:03:00+02:00,20.899412848867826,9.512439050166346
1986,2025-09-06 08:04:00+02:00,19.28941919191919,9.512439050166346
1987,2025-09-06 08:05:00+02:00,17.75403759820426,9.512439050166346
1988,2025-09-06 08:06:00+02:00,16.828749999999996,9.512439050166346
1989,2025-09-06 08:07:00+02:00,16.35165895061728,9.512439050166346
1990,2025-09-06 08:08:00+02:00,16.57799999999999,9.512439050166346
1991,2025-09-06 08:09:00+02:00,16.817999999999987,9.512439050166346
1992,2025-09-06 08:10:00+02:00,17.05799999999998,9.512439050166346
1993,2025-09-06 08:11:00+02:00,17.297999999999977,9.512439050166346
1994,2025-09-06 08:12:00+02:00,17.537999999999986,9.512439050166346
1995,2025-09-06 08:13:00+02:00,17.966740740740736,9.512439050166346
1996,2025-09-06 08:14:00+02:00,19.02753891572732,9.94775052751714
1997,2025-09-06 08:15:00+02:00,20.14673913043478,11.758009232110087
1998,2025-09-06 08:16:00+02:00,21.28520652173913,13.669132791211148
1999,2025-09-06 08:17:00+02:00,22.444055555555558,15.580256350312204
2000,2025-09-06 08:18:00+02:00,23.471666666666664,17.491379909413283
2001,2025-09-06 08:19:00+02:00,24.230233494363933,19.402503468514382
2002,2025-09-06 08:20:00+02:00,24.686062801932376,21.313627027615475
2003,2025-09-06 08:21:00+02:00,25.14113526570049,23.22475058671654
2004,2025-09-06 08:22:00+02:00,25.703826949620435,25.02892529257943
2005,2025-09-06 08:23:00+02:00,26.880201542588864,26.011121669269016
2006,2025-09-06 08:24:00+02:00,27.431443661971823,26.822199880777546
2007,2025-09-06 08:25:00+02:00,27.74834507042252,27.633278092286083
2008,2025-09-06 08:26:00+02:00,28.06524647887323,28.4443563037946
2009,2025-09-06 08:27:00+02:00,28.38214788732394,29.25543451530313
2010,2025-09-06 08:28:00+02:00,29.009924882629107,30.066512726811652
2011,2025-09-06 08:29:00+02:00,31.39367567567568,30.877590938320182
2012,2025-09-06 08:30:00+02:00,33.0350731981982,31.688669149828705
2013,2025-09-06 08:31:00+02:00,32.24152777777777,32.499747361337235
2014,2025-09-06 08:32:00+02:00,30.36108950617284,31.055786432802293
2015,2025-09-06 08:33:00+02:00,26.65548560020122,22.251469780790238
2016,2025-09-06 08:34:00+02:00,21.594146776825784,13.002854218159818
2017,2025-09-06 08:35:00+02:00,19.026897974493625,10.6986936475529
2018,2025-09-06 08:36:00+02:00,19.535806451612903,12.33490688532746
2019,2025-09-06 08:37:00+02:00,20.182403560830853,13.971120123102018
2020,2025-09-06 08:38:00+02:00,20.449465875370905,15.607333360876584
2021,2025-09-06 08:39:00+02:00,20.716528189910967,17.243546598651164
2022,2025-09-06 08:40:00+02:00,20.98359050445103,18.879759836425734
2023,2025-09-06 08:41:00+02:00,21.25065281899109,20.515973074200296
2024,2025-09-06 08:42:00+02:00,21.63616088876022,22.152186311974866
2025,2025-09-06 08:43:00+02:00,23.57425685975609,23.78839954974947
2026,2025-09-06 08:44:00+02:00,26.90190025252525,25.272449884764164
2027,2025-09-06 08:45:00+02:00,31.006154714850368,26.14784860873918
2028,2025-09-06 08:46:00+02:00,33.09379407979407,26.960322824054096
2029,2025-09-06 08:47:00+02:00,32.554932432432416,27.772797039369003
2030,2025-09-06 08:48:00+02:00,31.860168918918912,28.585271254683917
2031,2025-09-06 08:49:00+02:00,29.52019500145307,29.397745469998824
2032,2025-09-06 08:50:00+02:00,27.48997260132341,30.21021968531374
2033,2025-09-06 08:51:00+02:00,28.241524390243907,31.022693900628646
2034,2025-09-06 08:52:00+02:00,30.483002636783123,31.83516811594356
2035,2025-09-06 08:53:00+02:00,33.12263090676884,32.64764233125847
2036,2025-09-06 08:54:00+02:00,34.560287356321844,33.63166208783611
2037,2025-09-06 08:55:00+02:00,33.91103448275862,34.84403792206868
2038,2025-09-06 08:56:00+02:00,32.99826149425287,36.05752768838735
2039,2025-09-06 08:57:00+02:00,30.39586206896552,37.271017454706026
2040,2025-09-06 08:58:00+02:00,29.02343251761216,38.48450722102471
2041,2025-09-06 08:59:00+02:00,31.02778972520908,39.69799698734339
2042,2025-09-06 09:00:00+02:00,37.86997222222222,40.74168969620136
2043,2025-09-06 09:01:00+02:00,43.437697344322345,40.28609819181915
2044,2025-09-06 09:02:00+02:00,43.64415384615385,39.47501998031062
2045,2025-09-06 09:03:00+02:00,41.46020526960785,38.6639417688021
2046,2025-09-06 09:04:00+02:00,39.70475260416666,37.85286355729357
2047,2025-09-06 09:05:00+02:00,39.24376953124999,37.041785345785044
2048,2025-09-06 09:06:00+02:00,38.87580078124997,36.230707134276514
2049,2025-09-06 09:07:00+02:00,38.50783203124997,35.419628922767984
2050,2025-09-06 09:08:00+02:00,37.96576612285539,34.60855071125946
2051,2025-09-06 09:09:00+02:00,36.87988922841863,33.79747249975093
2052,2025-09-06 09:10:00+02:00,37.42305194805194,34.23454731220956
2053,2025-09-06 09:11:00+02:00,38.08327662337663,37.97221005655607
2054,2025-09-06 09:12:00+02:00,39.66590769230769,41.8842060711801
2055,2025-09-06 09:13:00+02:00,41.44839743589744,45.79620208580413
2056,2025-09-06 09:14:00+02:00,43.42524132730015,49.70819810042812
2057,2025-09-06 09:15:00+02:00,46.08511859582543,53.62019411505209
2058,2025-09-06 09:16:00+02:00,49.48392473118279,56.03997814225326
2059,2025-09-06 09:17:00+02:00,52.93275793650793,53.74210155388319
2060,2025-09-06 09:18:00+02:00,55.28174783549783,51.09757763736799
2061,2025-09-06 09:19:00+02:00,54.65564285714285,48.453053720852786
2062,2025-09-06 09:20:00+02:00,51.52942606516291,45.80852980433759
2063,2025-09-06 09:21:00+02:00,46.45173902894491,43.16400588782238
2064,2025-09-06 09:22:00+02:00,42.92613924050633,40.67476909987682
2065,2025-09-06 09:23:00+02:00,41.69891637897968,38.67601238875503
2066,2025-09-06 09:24:00+02:00,42.28732323232322,36.71323684157012
2067,2025-09-06 09:25:00+02:00,43.90081470672345,34.750461294385246
2068,2025-09-06 09:26:00+02:00,43.7978488372093,32.78768574720038
2069,2025-09-06 09:27:00+02:00,40.71351155869324,30.824910200015502
2070,2025-09-06 09:28:00+02:00,37.64422077922078,28.862134652830633
2071,2025-09-06 09:29:00+02:00,35.40152867965368,26.899359105645757
2072,2025-09-06 09:30:00+02:00,31.717223118279566,27.039557359016108
2073,2025-09-06 09:31:00+02:00,31.719265704584043,32.85937803585569
2074,2025-09-06 09:32:00+02:00,35.88411306042885,38.88215604151849
2075,2025-09-06 09:33:00+02:00,37.70187969924812,38.98731092717615
2076,2025-09-06 09:34:00+02:00,38.37857142857143,35.615542933619274
2077,2025-09-06 09:35:00+02:00,37.83808673469388,32.2437749400624
2078,2025-09-06 09:36:00+02:00,34.98890884652981,28.872006946505508
2079,2025-09-06 09:37:00+02:00,30.983354978354978,25.804634674589146
2080,2025-09-06 09:38:00+02:00,28.06700564971751,25.247356353431826
2081,2025-09-06 09:39:00+02:00,27.54204724409449,25.247356353431826
2082,2025-09-06 09:40:00+02:00,28.25070866141733,25.247356353431826
2083,2025-09-06 09:41:00+02:00,28.422047244094497,25.247356353431826
2084,2025-09-06 09:42:00+02:00,27.716000000000008,25.247356353431826
2085,2025-09-06 09:43:00+02:00,26.437319515306125,25.247356353431826
2086,2025-09-06 09:44:00+02:00,24.52926779313876,25.247356353431826
2087,2025-09-06 09:45:00+02:00,25.155967741935488,25.247356353431826
2088,2025-09-06 09:46:00+02:00,27.211792114695346,25.247356353431826
2089,2025-09-06 09:47:00+02:00,30.07137387387387,24.72561962179722
2090,2025-09-06 09:48:00+02:00,29.433756127450977,22.812584939137047
2091,2025-09-06 09:49:00+02:00,27.59751436781609,20.825016437671927
2092,2025-09-06 09:50:00+02:00,24.404525041050903,18.837447936206807
2093,2025-09-06 09:51:00+02:00,23.38022471910112,16.849879434741695
2094,2025-09-06 09:52:00+02:00,24.12848732773353,14.862310933276579
2095,2025-09-06 09:53:00+02:00,23.43436893203884,12.87474243181147
2096,2025-09-06 09:54:00+02:00,21.72206373606616,10.887173930346371
2097,2025-09-06 09:55:00+02:00,18.29398809523809,9.548325703665022
2098,2025-09-06 09:56:00+02:00,16.164494047619048,9.512439050166346
2099,2025-09-06 09:57:00+02:00,14.626009615384618,9.512439050166346
2100,2025-09-06 09:58:00+02:00,13.88469137136272,9.512439050166346
2101,2025-09-06 09:59:00+02:00,14.476207865168549,9.512439050166346
2102,2025-09-06 10:00:00+02:00,15.10654494382023,9.512439050166346
2103,2025-09-06 10:01:00+02:00,15.39989014612017,9.512439050166346
2104,2025-09-06 10:02:00+02:00,15.142830985915497,9.512439050166346
2105,2025-09-06 10:03:00+02:00,14.87747887323944,9.512439050166346
2106,2025-09-06 10:04:00+02:00,14.612126760563385,9.52708351787414
2107,2025-09-06 10:05:00+02:00,14.34677464788733,10.073434813126408
2108,2025-09-06 10:06:00+02:00,14.081422535211273,10.884513024634941
2109,2025-09-06 10:07:00+02:00,14.106595201916898,11.69559123614346
2110,2025-09-06 10:08:00+02:00,14.496535269709549,12.506669447651987
2111,2025-09-06 10:09:00+02:00,14.88740663900415,13.31774765916052
2112,2025-09-06 10:10:00+02:00,15.278278008298756,14.12882587066904
2113,2025-09-06 10:11:00+02:00,16.113546511627906,14.93990408217757
2114,2025-09-06 10:12:00+02:00,17.564753796867585,15.750982293686096
2115,2025-09-06 10:13:00+02:00,19.751498144712432,16.562060505194633
2116,2025-09-06 10:14:00+02:00,22.46125,17.979319546693276
2117,2025-09-06 10:15:00+02:00,24.90665071321321,23.163207743110156
2118,2025-09-06 10:16:00+02:00,30.14420022295022,29.259239242012747
2119,2025-09-06 10:17:00+02:00,34.051048741048746,35.51152426317783
2120,2025-09-06 10:18:00+02:00,37.77380235042735,42.84276263695371
2121,2025-09-06 10:19:00+02:00,45.703755341880345,54.68171473904617
2122,2025-09-06 10:20:00+02:00,59.501488095238095,74.68723793672795
2123,2025-09-06 10:21:00+02:00,75.57875,98.40993916398003
2124,2025-09-06 10:22:00+02:00,88.96228703703703,118.89885532501515
2125,2025-09-06 10:23:00+02:00,99.56065962098168,132.3830312018509
2126,2025-09-06 10:24:00+02:00,97.4146852300242,123.8049273146708
2127,2025-09-06 10:25:00+02:00,89.28099404761905,123.09887333311403
2128,2025-09-06 10:26:00+02:00,87.74137387387385,127.63779178597912
2129,2025-09-06 10:27:00+02:00,91.26433652402402,132.17671023884415
2130,2025-09-06 10:28:00+02:00,104.44716132478634,134.63976887700218
2131,2025-09-06 10:29:00+02:00,105.85503418803415,132.21411311838824
2132,2025-09-06 10:30:00+02:00,105.35433333333332,129.5843219256419
2133,2025-09-06 10:31:00+02:00,107.0321875,126.95453073289562
2134,2025-09-06 10:32:00+02:00,106.0003125,124.32473954014932
2135,2025-09-06 10:33:00+02:00,101.24004301619432,121.69494834740306
2136,2025-09-06 10:34:00+02:00,91.98364886039884,115.24956920590844
2137,2025-09-06 10:35:00+02:00,81.98826388888888,100.38009642753741
2138,2025-09-06 10:36:00+02:00,75.0270596995597,90.21398887187968
2139,2025-09-06 10:37:00+02:00,74.52333333333334,90.96249014637533
2140,2025-09-06 10:38:00+02:00,74.46850649350648,93.58497636358624
2141,2025-09-06 10:39:00+02:00,72.23788741451784,96.20746258079713
2142,2025-09-06 10:40:00+02:00,70.91214285714288,98.82994879800803
2143,2025-09-06 10:41:00+02:00,73.54227002164502,101.45243501521894
2144,2025-09-06 10:42:00+02:00,82.16737001424501,104.99003504155871
2145,2025-09-06 10:43:00+02:00,88.36929050925926,112.923449615321
2146,2025-09-06 10:44:00+02:00,97.16632264957263,123.59381122638064
2147,2025-09-06 10:45:00+02:00,102.97461013645226,130.3136905284181
2148,2025-09-06 10:46:00+02:00,92.9728313840156,115.64325051990247
2149,2025-09-06 10:47:00+02:00,86.75592505720824,105.15841822842616
2150,2025-09-06 10:48:00+02:00,84.43914402173912,98.21417874994725
2151,2025-09-06 10:49:00+02:00,81.0791087962963,92.04362294474511
2152,2025-09-06 10:50:00+02:00,70.9439227582846,82.01277570250015
2153,2025-09-06 10:51:00+02:00,63.59108894328846,75.2837489923941
2154,2025-09-06 10:52:00+02:00,62.76056489629164,80.88489328503817
2155,2025-09-06 10:53:00+02:00,68.94944444444444,86.8777910464128
2156,2025-09-06 10:54:00+02:00,82.22810185185186,103.51319316247499
2157,2025-09-06 10:55:00+02:00,93.42980555555556,118.22387689186013
2158,2025-09-06 10:56:00+02:00,96.49576388888887,116.2084610887052
2159,2025-09-06 10:57:00+02:00,95.86983333333332,113.14321745819899
2160,2025-09-06 10:58:00+02:00,94.54411111111112,110.07797382769272
2161,2025-09-06 10:59:00+02:00,90.05888541666667,107.01273019718639
2162,2025-09-06 11:00:00+02:00,83.10336805555555,102.56282170359178
2163,2025-09-06 11:01:00+02:00,73.52557407407407,89.43907258015837
2164,2025-09-06 11:02:00+02:00,63.79735576923077,74.3364755750412
2165,2025-09-06 11:03:00+02:00,55.50110735735735,61.448600749284
2166,2025-09-06 11:04:00+02:00,53.44241068185121,62.70183899411076
2167,2025-09-06 11:05:00+02:00,58.29082375841751,70.7546265654088
2168,2025-09-06 11:06:00+02:00,63.53443540669857,78.52860071774136
2169,2025-09-06 11:07:00+02:00,68.41284151034151,86.24254798104953
2170,2025-09-06 11:08:00+02:00,73.2773139287613,94.8556333759729
2171,2025-09-06 11:09:00+02:00,80.49355911680912,104.91297404941683
2172,2025-09-06 11:10:00+02:00,91.7984837962963,120.78749809874674
2173,2025-09-06 11:11:00+02:00,97.95618055555556,132.51044846361427
2174,2025-09-06 11:12:00+02:00,95.82234953703704,124.89423119812125
2175,2025-09-06 11:13:00+02:00,92.34009377758164,118.0833684426982
2176,2025-09-06 11:14:00+02:00,91.55177184466017,115.34686108560854
2177,2025-09-06 11:15:00+02:00,91.09449029126208,112.61035372851889
2178,2025-09-06 11:16:00+02:00,90.63720873786406,109.87384637142921
2179,2025-09-06 11:17:00+02:00,89.0047997997998,107.13733901433953
2180,2025-09-06 11:18:00+02:00,85.23744658119658,104.4327815989285
2181,2025-09-06 11:19:00+02:00,81.27521781086297,102.16375233587289
2182,2025-09-06 11:20:00+02:00,79.12947470172338,100.03261229479854
2183,2025-09-06 11:21:00+02:00,78.78160958904115,97.9014722537242
2184,2025-09-06 11:22:00+02:00,78.47339041095898,95.77033221264985
2185,2025-09-06 11:23:00+02:00,78.16517123287676,93.6391921715755
2186,2025-09-06 11:24:00+02:00,77.85695205479453,91.50805213050117
2187,2025-09-06 11:25:00+02:00,76.53327272727273,89.37691208942685
2188,2025-09-06 11:26:00+02:00,73.0018765873016,85.18072971598625
2189,2025-09-06 11:27:00+02:00,68.48088421052631,78.3951525684185
2190,2025-09-06 11:28:00+02:00,63.38483913043478,73.4005941220364
2191,2025-09-06 11:29:00+02:00,59.003412698412696,74.75671736320153
2192,2025-09-06 11:30:00+02:00,56.53999084249083,76.66398006662772
2193,2025-09-06 11:31:00+02:00,55.45350596212297,78.5712427700539
2194,2025-09-06 11:32:00+02:00,55.4195744680851,80.47850547347997
2195,2025-09-06 11:33:00+02:00,56.05787234042552,82.38576817690601
2196,2025-09-06 11:34:00+02:00,57.44852504432624,84.29303088033213
2197,2025-09-06 11:35:00+02:00,62.24652777777777,86.20029358375821
2198,2025-09-06 11:36:00+02:00,69.92032814407814,89.37669253884224
2199,2025-09-06 11:37:00+02:00,79.17249465811966,101.61311827554269
2200,2025-09-06 11:38:00+02:00,88.21763162878788,114.65383549938326
2201,2025-09-06 11:39:00+02:00,96.36704586732712,126.74728587140973
2202,2025-09-06 11:40:00+02:00,105.4276208097458,138.62323771031444
2203,2025-09-06 11:41:00+02:00,113.91384615384614,150.83339039999916
2204,2025-09-06 11:42:00+02:00,123.42031342409602,161.8879313260418
2205,2025-09-06 11:43:00+02:00,132.81062500000002,173.25392223727272
2206,2025-09-06 11:44:00+02:00,140.53596590909092,185.33801540596204
2207,2025-09-06 11:45:00+02:00,146.12932043650792,197.9722020020629
2208,2025-09-06 11:46:00+02:00,153.23215277777777,209.09268323583822
2209,2025-09-06 11:47:00+02:00,161.16910515873016,215.44848510709363
2210,2025-09-06 11:48:00+02:00,165.64315891472867,218.00009331843407
2211,2025-09-06 11:49:00+02:00,162.50091246770026,220.55170152977448
2212,2025-09-06 11:50:00+02:00,160.41457446808514,223.10330974111486
2213,2025-09-06 11:51:00+02:00,161.4560227696902,225.65491795245504
2214,2025-09-06 11:52:00+02:00,164.2907906920078,228.2065261637954
2215,2025-09-06 11:53:00+02:00,186.32503968253968,246.06483039293317
2216,2025-09-06 11:54:00+02:00,228.06935714285717,297.8359567227345
2217,2025-09-06 11:55:00+02:00,227.4146111111111,296.5224064415039
2218,2025-09-06 11:56:00+02:00,201.45599603174605,270.1994894328275
2219,2025-09-06 11:57:00+02:00,171.27692460317462,231.54180042218672
2220,2025-09-06 11:58:00+02:00,148.0257242063492,196.54721945942822
2221,2025-09-06 11:59:00+02:00,134.3493304843305,175.15990775585283
2222,2025-09-06 12:00:00+02:00,122.85043287037035,158.14292020002813
2223,2025-09-06 12:01:00+02:00,111.56545548433049,142.06777376941224
2224,2025-09-06 12:02:00+02:00,104.4054544595616,139.13592948519965
2225,2025-09-06 12:03:00+02:00,104.23654620181408,144.82324899240402
2226,2025-09-06 12:04:00+02:00,115.26198743386242,152.32981957461269
2227,2025-09-06 12:05:00+02:00,140.0872222222222,178.81304666646463
2228,2025-09-06 12:06:00+02:00,158.3130736714976,205.7181162011628
2229,2025-09-06 12:07:00+02:00,193.022662037037,243.8441751524084
2230,2025-09-06 12:08:00+02:00,196.81446794871795,247.6553793807331
2231,2025-09-06 12:09:00+02:00,171.68081196581196,226.12980059178776
2232,2025-09-06 12:10:00+02:00,172.74709307992202,219.1365040125587
2233,2025-09-06 12:11:00+02:00,161.9134074074074,209.183544416763
2234,2025-09-06 12:12:00+02:00,146.30716666666666,190.5037303481539
2235,2025-09-06 12:13:00+02:00,138.09431597222223,188.95605846282302
2236,2025-09-06 12:14:00+02:00,146.77376273148147,196.65839761189065
2237,2025-09-06 12:15:00+02:00,147.81261616161615,201.8645183986502
2238,2025-09-06 12:16:00+02:00,143.71030555555552,206.23532876066838
2239,2025-09-06 12:17:00+02:00,149.35826785714286,210.60613912268653
2240,2025-09-06 12:18:00+02:00,164.48023148148147,220.86211708391622
2241,2025-09-06 12:19:00+02:00,189.64763888888888,252.1596573785145
2242,2025-09-06 12:20:00+02:00,243.7509477124183,312.6593577301421
2243,2025-09-06 12:21:00+02:00,254.81435151143796,335.48123183468
2244,2025-09-06 12:22:00+02:00,264.1722398589065,331.19119930626965
2245,2025-09-06 12:23:00+02:00,235.78939407814408,301.7721992705551
2246,2025-09-06 12:24:00+02:00,218.0665211640212,276.87202251061757
2247,2025-09-06 12:25:00+02:00,189.6128125,245.73359576631117
2248,2025-09-06 12:26:00+02:00,188.9884375,240.2358814880648
2249,2025-09-06 12:27:00+02:00,183.54382275132275,227.86824477214034
2250,2025-09-06 12:28:00+02:00,165.04644973544973,205.1126812726798
2251,2025-09-06 12:29:00+02:00,157.32219025875193,195.2778668473942
2252,2025-09-06 12:30:00+02:00,156.603493150685,190.96693059992424
2253,2025-09-06 12:31:00+02:00,155.56278662480975,186.65599435245423
2254,2025-09-06 12:32:00+02:00,148.6488653846154,180.75627544694228
2255,2025-09-06 12:33:00+02:00,136.848544973545,166.54980811953735
2256,2025-09-06 12:34:00+02:00,120.51007936507936,146.9600712105827
2257,2025-09-06 12:35:00+02:00,107.80109788359788,128.1046136471892
2258,2025-09-06 12:36:00+02:00,91.35620634920636,108.73810336866413
2259,2025-09-06 12:37:00+02:00,83.89526133040935,99.62673571400292
2260,2025-09-06 12:38:00+02:00,82.26749999999998,94.5235192913222
2261,2025-09-06 12:39:00+02:00,80.16877214452215,90.35189941904171
2262,2025-09-06 12:40:00+02:00,82.49980814143395,99.20613665971656
2263,2025-09-06 12:41:00+02:00,85.62165605095544,102.59466989430042
2264,2025-09-06 12:42:00+02:00,86.30955414012742,100.28636906741558
2265,2025-09-06 12:43:00+02:00,89.1806574368955,97.97806824053066
2266,2025-09-06 12:44:00+02:00,94.60117389060888,95.66976741364573
2267,2025-09-06 12:45:00+02:00,92.5994012605042,93.36146658676078
2268,2025-09-06 12:46:00+02:00,89.34554868742369,91.05316575987584
2269,2025-09-06 12:47:00+02:00,81.21260185185186,88.51921373036276
2270,2025-09-06 12:48:00+02:00,70.51249515013495,81.30299924631505
2271,2025-09-06 12:49:00+02:00,65.90057945041816,74.19351031017712
2272,2025-09-06 12:50:00+02:00,66.41278103616814,76.84862927443478
2273,2025-09-06 12:51:00+02:00,68.5360386119257,80.81541514920757
2274,2025-09-06 12:52:00+02:00,70.44089887640448,84.78220102398035
2275,2025-09-06 12:53:00+02:00,71.66617607924304,88.50436843647554
2276,2025-09-06 12:54:00+02:00,73.90645263751595,91.35714861141632
2277,2025-09-06 12:55:00+02:00,74.88375634517767,94.13389872375727
2278,2025-09-06 12:56:00+02:00,75.3832487309645,96.91064883609823
2279,2025-09-06 12:57:00+02:00,75.8827411167513,99.68739894843921
2280,2025-09-06 12:58:00+02:00,80.37967113095239,102.46414906078016
2281,2025-09-06 12:59:00+02:00,85.22606462585034,105.59524564268114
2282,2025-09-06 13:00:00+02:00,82.99691216931218,109.1179883225167
2283,2025-09-06 13:01:00+02:00,80.1088362745098,112.64073100235224
2284,2025-09-06 13:02:00+02:00,81.20214679759052,116.16347368218771
2285,2025-09-06 13:03:00+02:00,94.92625,122.81783099431829
2286,2025-09-06 13:04:00+02:00,114.21061507936508,145.29328022903292
2287,2025-09-06 13:05:00+02:00,144.05631944444443,179.45906301251213
2288,2025-09-06 13:06:00+02:00,149.06030753968255,187.69380280743235
2289,2025-09-06 13:07:00+02:00,147.011,193.46953403946674
2290,2025-09-06 13:08:00+02:00,170.52466865079364,212.90359988307475
2291,2025-09-06 13:09:00+02:00,182.43165173237756,225.10228336271672
2292,2025-09-06 13:10:00+02:00,172.08169312169312,215.12699900893264
2293,2025-09-06 13:11:00+02:00,178.1333043345543,216.31221655097372
2294,2025-09-06 13:12:00+02:00,178.9498901098901,217.98614392366147
2295,2025-09-06 13:13:00+02:00,174.79550010442776,219.66007129634926
2296,2025-09-06 13:14:00+02:00,170.91928205128204,221.33399866903704
2297,2025-09-06 13:15:00+02:00,166.36111698717949,223.00792604172486
2298,2025-09-06 13:16:00+02:00,166.976494047619,224.68185341441264
2299,2025-09-06 13:17:00+02:00,170.5575920168067,226.35578078710043
2300,2025-09-06 13:18:00+02:00,174.9087730994152,228.02970815978827
2301,2025-09-06 13:19:00+02:00,184.66031415343917,232.40923689353937
2302,2025-09-06 13:20:00+02:00,209.489125,259.8546632538444
2303,2025-09-06 13:21:00+02:00,227.671450094162,275.05167642616016
2304,2025-09-06 13:22:00+02:00,227.7276490897677,269.7402037450539
2305,2025-09-06 13:23:00+02:00,219.75782407407405,264.18670352037196
2306,2025-09-06 13:24:00+02:00,210.26908653846155,257.000209777242
2307,2025-09-06 13:25:00+02:00,202.93560294117648,247.92305541564014
2308,2025-09-06 13:26:00+02:00,194.99918091168087,236.53002882688472
2309,2025-09-06 13:27:00+02:00,177.96753472222224,219.6510883633204
2310,2025-09-06 13:28:00+02:00,162.9851666666667,204.56410873804813
2311,2025-09-06 13:29:00+02:00,153.98132936507935,189.2114693137324
2312,2025-09-06 13:30:00+02:00,153.228979958577,178.78346660400697
2313,2025-09-06 13:31:00+02:00,150.67419468810917,172.99147250464546
2314,2025-09-06 13:32:00+02:00,140.29543625356126,166.52222383998694
2315,2025-09-06 13:33:00+02:00,130.9512678062678,154.81098804625063
2316,2025-09-06 13:34:00+02:00,119.70538746438746,140.98425006014747
2317,2025-09-06 13:35:00+02:00,112.79931643625191,136.9185673972692
2318,2025-09-06 13:36:00+02:00,110.2096899641577,139.0740355210041
2319,2025-09-06 13:37:00+02:00,110.17061904761904,141.2295036447391
2320,2025-09-06 13:38:00+02:00,111.24622580645162,143.38497176847412
2321,2025-09-06 13:39:00+02:00,114.13804883512545,145.54043989220912
2322,2025-09-06 13:40:00+02:00,117.38016129032258,147.69590801594413
2323,2025-09-06 13:41:00+02:00,120.66018631100084,149.8513761396791
2324,2025-09-06 13:42:00+02:00,125.06621111111112,150.50812246387562
2325,2025-09-06 13:43:00+02:00,129.39242702702705,148.75302129642543
2326,2025-09-06 13:44:00+02:00,129.86580645161288,146.9615696110441
2327,2025-09-06 13:45:00+02:00,128.70736486486484,145.1701179256628
2328,2025-09-06 13:46:00+02:00,126.26920884260056,143.37866624028146
2329,2025-09-06 13:47:00+02:00,125.19006369426752,141.58721455490016
2330,2025-09-06 13:48:00+02:00,124.5327388535032,139.79576286951885
2331,2025-09-06 13:49:00+02:00,122.74110346527146,138.0043111841377
2332,2025-09-06 13:50:00+02:00,118.45212703962704,136.21285949875653
2333,2025-09-06 13:51:00+02:00,108.2449537037037,126.54913522664518
2334,2025-09-06 13:52:00+02:00,86.69204761904763,108.99284726035184
2335,2025-09-06 13:53:00+02:00,85.34240343915344,113.56343631538755
2336,2025-09-06 13:54:00+02:00,104.84343915343916,118.18402563427048
2337,2025-09-06 13:55:00+02:00,108.667882751938,113.7169288910419
2338,2025-09-06 13:56:00+02:00,102.3347435897436,108.99645370006229
2339,2025-09-06 13:57:00+02:00,93.6533173076923,103.86653642075837
2340,2025-09-06 13:58:00+02:00,86.37328947368421,95.36029669004127
2341,2025-09-06 13:59:00+02:00,81.88696575342466,87.23660651626184
2342,2025-09-06 14:00:00+02:00,80.20827829419439,82.13196576654602
2343,2025-09-06 14:01:00+02:00,76.06799198833573,77.18905980740503
2344,2025-09-06 14:02:00+02:00,67.10701923076923,70.63342605651046
2345,2025-09-06 14:03:00+02:00,52.76726851851851,58.91756110587558
2346,2025-09-06 14:04:00+02:00,45.162123263888894,60.3220131515136
2347,2025-09-06 14:05:00+02:00,45.9596342737722,63.47952164046323
2348,2025-09-06 14:06:00+02:00,48.44399990761272,66.63703012941282
2349,2025-09-06 14:07:00+02:00,54.6892297979798,69.79453861836238
2350,2025-09-06 14:08:00+02:00,64.57324705387207,73.50017282793384
2351,2025-09-06 14:09:00+02:00,71.85544041647667,79.03992002574003
2352,2025-09-06 14:10:00+02:00,74.44307170542636,84.72723953294441
2353,2025-09-06 14:11:00+02:00,78.02266741071428,87.6148291180228
2354,2025-09-06 14:12:00+02:00,80.56883333333333,86.02002379753519
2355,2025-09-06 14:13:00+02:00,82.26415511551154,84.36371671298089
2356,2025-09-06 14:14:00+02:00,83.19787997220773,82.70740962842656
2357,2025-09-06 14:15:00+02:00,83.15776315789476,81.05110254387229
2358,2025-09-06 14:16:00+02:00,82.51039473684214,79.39479545931806
2359,2025-09-06 14:17:00+02:00,81.66279135338345,77.73848837476382
2360,2025-09-06 14:18:00+02:00,79.52391046741276,76.0821812902096
2361,2025-09-06 14:19:00+02:00,76.27589989143921,74.42587420565538
2362,2025-09-06 14:20:00+02:00,70.32018079278812,72.84778162231619
2363,2025-09-06 14:21:00+02:00,66.48100960855356,72.45210826322825
2364,2025-09-06 14:22:00+02:00,68.82967147435896,72.45210826322825
2365,2025-09-06 14:23:00+02:00,69.11998931623928,72.45210826322825
2366,2025-09-06 14:24:00+02:00,69.3212713675213,72.45210826322825
2367,2025-09-06 14:25:00+02:00,69.52255341880333,72.45210826322825
2368,2025-09-06 14:26:00+02:00,69.72383547008535,72.45210826322825
2369,2025-09-06 14:27:00+02:00,69.9251175213674,72.45210826322825
2370,2025-09-06 14:28:00+02:00,70.1263995726495,72.45210826322825
2371,2025-09-06 14:29:00+02:00,70.32768162393161,72.45210826322825
2372,2025-09-06 14:30:00+02:00,71.30591262595524,73.84849702823668
2373,2025-09-06 14:31:00+02:00,72.71252688172042,79.655430794918
2374,2025-09-06 14:32:00+02:00,74.42959901433692,85.80825734642765
2375,2025-09-06 14:33:00+02:00,80.06511103479853,94.36255762637747
2376,2025-09-06 14:34:00+02:00,89.89892094017095,105.75920161746609
2377,2025-09-06 14:35:00+02:00,102.6704398148148,118.64968474007986
2378,2025-09-06 14:36:00+02:00,109.07994565217392,118.75791515526939
2379,2025-09-06 14:37:00+02:00,111.17359860248446,117.94683694376087
2380,2025-09-06 14:38:00+02:00,111.880248015873,117.13575873225233
2381,2025-09-06 14:39:00+02:00,111.18357142857144,116.32468052074381
2382,2025-09-06 14:40:00+02:00,109.90829781105992,115.51360230923527
2383,2025-09-06 14:41:00+02:00,107.58401785714284,114.70252409772675
2384,2025-09-06 14:42:00+02:00,105.81095547309832,113.89144588621822
2385,2025-09-06 14:43:00+02:00,104.51378787878788,113.08036767470969
2386,2025-09-06 14:44:00+02:00,102.58773737373735,112.26928946320118
2387,2025-09-06 14:45:00+02:00,98.41904616013072,109.98982173960742
2388,2025-09-06 14:46:00+02:00,95.82413793103446,105.7127177972937
2389,2025-09-06 14:47:00+02:00,93.34445945945946,106.2457829697077
2390,2025-09-06 14:48:00+02:00,92.4432380952381,109.6055517889103
2391,2025-09-06 14:49:00+02:00,93.42690929705216,112.96532060811285
2392,2025-09-06 14:50:00+02:00,95.71888274754347,116.32508942731542
2393,2025-09-06 14:51:00+02:00,101.72542906746033,119.07369309269464
2394,2025-09-06 14:52:00+02:00,106.335843837535,117.84129279187874
2395,2025-09-06 14:53:00+02:00,107.9888900560224,115.87851724469388
2396,2025-09-06 14:54:00+02:00,106.55854779411766,113.91574169750908
2397,2025-09-06 14:55:00+02:00,104.94306966726084,111.95296615032424
2398,2025-09-06 14:56:00+02:00,102.18675757575755,109.99019060313924
2399,2025-09-06 14:57:00+02:00,99.1642101042502,108.02741505595435
2400,2025-09-06 14:58:00+02:00,96.94455426356588,106.0646395087694
2401,2025-09-06 14:59:00+02:00,94.5789537037037,104.0373863107591
2402,2025-09-06 15:00:00+02:00,91.6151388888889,101.43628202040277
2403,2025-09-06 15:01:00+02:00,89.23547297297297,98.69977466331311
2404,2025-09-06 15:02:00+02:00,87.93542792792793,95.96326730622344
2405,2025-09-06 15:03:00+02:00,86.64874155405404,93.22675994913378
2406,2025-09-06 15:04:00+02:00,84.68302526595745,90.49025259204416
2407,2025-09-06 15:05:00+02:00,82.80180360065468,88.17031557185634
2408,2025-09-06 15:06:00+02:00,81.45769088319089,87.24428698668599
2409,2025-09-06 15:07:00+02:00,80.5129166666667,86.43041195375844
2410,2025-09-06 15:08:00+02:00,79.49406310916179,85.61653692083088
2411,2025-09-06 15:09:00+02:00,78.28537836669138,84.80266188790335
2412,2025-09-06 15:10:00+02:00,76.94987146925268,83.98878685497583
2413,2025-09-06 15:11:00+02:00,75.54297317436662,83.17491182204827
2414,2025-09-06 15:12:00+02:00,75.00272727272723,82.36103678912073
2415,2025-09-06 15:13:00+02:00,74.67545454545446,81.54716175619325
2416,2025-09-06 15:14:00+02:00,74.34818181818174,80.7332867232658
2417,2025-09-06 15:15:00+02:00,74.02090909090906,78.20965754919587
2418,2025-09-06 15:16:00+02:00,73.08373379296152,74.1267012055707
2419,2025-09-06 15:17:00+02:00,72.80659292035399,76.80120031288861
2420,2025-09-06 15:18:00+02:00,73.94616795722715,82.66514464950926
2421,2025-09-06 15:19:00+02:00,81.62792144892144,90.4411357933272
2422,2025-09-06 15:20:00+02:00,99.38819444444444,108.70293697344371
2423,2025-09-06 15:21:00+02:00,125.2319246031746,135.6455664650525
2424,2025-09-06 15:22:00+02:00,153.05017857142855,166.73048777196055
2425,2025-09-06 15:23:00+02:00,188.5102083333333,207.4227322423499
2426,2025-09-06 15:24:00+02:00,319.3983333333333,324.3772921768861
2427,2025-09-06 15:25:00+02:00,462.7136111111111,447.98667105487846
2428,2025-09-06 15:26:00+02:00,517.3198703703704,514.4488683557511
2429,2025-09-06 15:27:00+02:00,495.27484126984126,507.51306993686205
2430,2025-09-06 15:28:00+02:00,461.6320092592593,479.84077273907025
2431,2025-09-06 15:29:00+02:00,432.8047222222222,456.1825817410514
2432,2025-09-06 15:30:00+02:00,417.0533680555556,433.77829444809606
2433,2025-09-06 15:31:00+02:00,391.2616452991453,414.2859019927341
2434,2025-09-06 15:32:00+02:00,300.79979166666664,350.0584047265775
2435,2025-09-06 15:33:00+02:00,230.6255555555556,291.2036310023041
2436,2025-09-06 15:34:00+02:00,202.54088575268813,265.71923335137063
2437,2025-09-06 15:35:00+02:00,184.29667094017097,243.16254724910067
2438,2025-09-06 15:36:00+02:00,173.15621693121693,227.37292605970376
2439,2025-09-06 15:37:00+02:00,155.26694444444442,204.09289566967865
2440,2025-09-06 15:38:00+02:00,141.31838189588188,185.85834842333185
2441,2025-09-06 15:39:00+02:00,146.44994052706554,191.4331677266885
2442,2025-09-06 15:40:00+02:00,156.68482175925925,196.83790233966144
2443,2025-09-06 15:41:00+02:00,162.96750925925926,191.6837490689802
2444,2025-09-06 15:42:00+02:00,151.02556216931217,183.7585990172203
2445,2025-09-06 15:43:00+02:00,130.45601190476188,164.61052661637203
2446,2025-09-06 15:44:00+02:00,119.41144702842378,154.0098240146812
2447,2025-09-06 15:45:00+02:00,120.39515180878554,160.06455596882543
2448,2025-09-06 15:46:00+02:00,133.35849206349204,168.1012774607594
2449,2025-09-06 15:47:00+02:00,151.18716826923077,182.97289900611005
2450,2025-09-06 15:48:00+02:00,150.6391168091168,187.18334890885316
2451,2025-09-06 15:49:00+02:00,143.03517195767196,190.8285034964821
2452,2025-09-06 15:50:00+02:00,145.3549457671958,194.47365808411118
2453,2025-09-06 15:51:00+02:00,163.5098544973545,200.82398989580025
2454,2025-09-06 15:52:00+02:00,202.2247474747475,229.5038439466711
2455,2025-09-06 15:53:00+02:00,202.1411557239057,242.27800897527118
2456,2025-09-06 15:54:00+02:00,220.39380291005293,261.93420463313197
2457,2025-09-06 15:55:00+02:00,301.4943055555555,321.363330717867
2458,2025-09-06 15:56:00+02:00,335.024376984127,335.9973766946844
2459,2025-09-06 15:57:00+02:00,243.62329365079367,278.1433359019189
2460,2025-09-06 15:58:00+02:00,202.8756086309524,243.809104104671
2461,2025-09-06 15:59:00+02:00,209.5580555555556,234.81584958407848
2462,2025-09-06 16:00:00+02:00,172.37465656565655,204.92530996869087
2463,2025-09-06 16:01:00+02:00,159.4041543179043,189.65065359876135
2464,2025-09-06 16:02:00+02:00,171.18541666666667,195.92323678501083
2465,2025-09-06 16:03:00+02:00,165.81820436507937,184.74696808419958
2466,2025-09-06 16:04:00+02:00,153.6225,178.4530011628934
2467,2025-09-06 16:05:00+02:00,143.96052884615384,170.22693276806993
2468,2025-09-06 16:06:00+02:00,136.61634528423775,159.60351709892424
2469,2025-09-06 16:07:00+02:00,135.50704192546584,151.19336815795927
2470,2025-09-06 16:08:00+02:00,133.55761574074072,145.77726738563473
2471,2025-09-06 16:09:00+02:00,121.97941287878788,153.07482739805513
2472,2025-09-06 16:10:00+02:00,140.95424206349205,146.59382385151716
2473,2025-09-06 16:11:00+02:00,118.75723379629628,130.09912347428266
2474,2025-09-06 16:12:00+02:00,102.3584074074074,114.43082012573245
2475,2025-09-06 16:13:00+02:00,89.28029131054132,99.99482485373413
2476,2025-09-06 16:14:00+02:00,80.54912898212899,89.53573276391653
2477,2025-09-06 16:15:00+02:00,75.06595996732027,82.3875846175759
2478,2025-09-06 16:16:00+02:00,74.65588235294119,86.0290940506173
2479,2025-09-06 16:17:00+02:00,76.7560407239819,91.42392284030832
2480,2025-09-06 16:18:00+02:00,80.49819444444445,95.70981460100732
2481,2025-09-06 16:19:00+02:00,81.58500000000002,96.05448421812648
2482,2025-09-06 16:20:00+02:00,80.98500000000004,96.05448421812648
2483,2025-09-06 16:21:00+02:00,80.57253546099292,96.05448421812648
2484,2025-09-06 16:22:00+02:00,81.0868085106383,96.05448421812648
2485,2025-09-06 16:23:00+02:00,81.81398936170213,96.05448421812648
2486,2025-09-06 16:24:00+02:00,84.69811355311356,96.05448421812648
2487,2025-09-06 16:25:00+02:00,87.81175675675676,96.05448421812648
2488,2025-09-06 16:26:00+02:00,89.53706393140128,96.05448421812648
2489,2025-09-06 16:27:00+02:00,88.42485567269075,96.05448421812648
2490,2025-09-06 16:28:00+02:00,85.51474405025051,95.00402055128849
2491,2025-09-06 16:29:00+02:00,83.81616440019427,92.37418843430947
2492,2025-09-06 16:30:00+02:00,84.67694173103135,89.7296645177943
2493,2025-09-06 16:31:00+02:00,84.45116935483874,87.0851406012791
2494,2025-09-06 16:32:00+02:00,83.57490495391706,84.44061668476388
2495,2025-09-06 16:33:00+02:00,78.65630753968254,81.79609276824868
2496,2025-09-06 16:34:00+02:00,71.25076417004048,79.40190384790552
2497,2025-09-06 16:35:00+02:00,67.45991143127065,77.32161460928285
2498,2025-09-06 16:36:00+02:00,68.23366836572156,75.24211011986452
2499,2025-09-06 16:37:00+02:00,69.7146750926862,73.16260563044615
2500,2025-09-06 16:38:00+02:00,69.11756521739127,71.08310114102784
2501,2025-09-06 16:39:00+02:00,68.25627210884353,69.0035966516095
2502,2025-09-06 16:40:00+02:00,67.26367346938774,66.92409216219116
2503,2025-09-06 16:41:00+02:00,65.42847523219815,64.64574034848653
2504,2025-09-06 16:42:00+02:00,62.713093395252834,60.259606897347155
2505,2025-09-06 16:43:00+02:00,59.37133567821068,55.31670093820618
2506,2025-09-06 16:44:00+02:00,55.08445816864295,50.35446762207704
2507,2025-09-06 16:45:00+02:00,49.76329797979798,44.69050257530127
2508,2025-09-06 16:46:00+02:00,45.398921107628006,38.67715838297051
2509,2025-09-06 16:47:00+02:00,42.39464352449445,34.03025358588146
2510,2025-09-06 16:48:00+02:00,40.50921042053185,35.13248429026191
2511,2025-09-06 16:49:00+02:00,39.36923469387754,36.874357054461036
2512,2025-09-06 16:50:00+02:00,38.10781428571429,38.616229818660166
2513,2025-09-06 16:51:00+02:00,37.40672981220657,40.358102582859296
2514,2025-09-06 16:52:00+02:00,38.101584507042254,42.09997534705842
2515,2025-09-06 16:53:00+02:00,39.56376462478576,43.84184811125755
2516,2025-09-06 16:54:00+02:00,43.45186360153257,45.58372087545668
2517,2025-09-06 16:55:00+02:00,46.90889508856682,47.32559363965581
2518,2025-09-06 16:56:00+02:00,48.742207147325615,48.88675001934968
2519,2025-09-06 16:57:00+02:00,49.16359712230215,49.76376580055934
2520,2025-09-06 16:58:00+02:00,49.51755395683452,50.57624001587425
2521,2025-09-06 16:59:00+02:00,49.87151079136689,51.388714231189155
2522,2025-09-06 17:00:00+02:00,50.23248337179312,52.20118844650408
2523,2025-09-06 17:01:00+02:00,51.55898879716981,53.013662661818984
2524,2025-09-06 17:02:00+02:00,53.04656249999999,53.82613687713389
2525,2025-09-06 17:03:00+02:00,54.12980595501475,54.6386110924488
2526,2025-09-06 17:04:00+02:00,54.9662389380531,55.45108530776372
2527,2025-09-06 17:05:00+02:00,55.98000000000001,56.26355952307863
2528,2025-09-06 17:06:00+02:00,57.26782258064515,58.19934816768429
2529,2025-09-06 17:07:00+02:00,59.14094870071685,61.543681551212615
2530,2025-09-06 17:08:00+02:00,63.11255636724388,63.85064078666878
2531,2025-09-06 17:09:00+02:00,66.19231962481962,61.03255074276127
2532,2025-09-06 17:10:00+02:00,65.6188095238095,57.50980806292573
2533,2025-09-06 17:11:00+02:00,64.02711640211639,53.9870653830902
2534,2025-09-06 17:12:00+02:00,58.21436458333333,50.464322703254666
2535,2025-09-06 17:13:00+02:00,51.3380967911231,44.79112268645601
2536,2025-09-06 17:14:00+02:00,45.90461538461539,37.298304922996266
2537,2025-09-06 17:15:00+02:00,43.69268136335211,34.937057266288335
2538,2025-09-06 17:16:00+02:00,44.37048780487808,38.407994906714556
2539,2025-09-06 17:17:00+02:00,45.83698277545839,41.878932547140764
2540,2025-09-06 17:18:00+02:00,48.41027356624918,45.349870187566964
2541,2025-09-06 17:19:00+02:00,51.3021543040293,48.77914508313705
2542,2025-09-06 17:20:00+02:00,54.428126780626776,51.94982363132442
2543,2025-09-06 17:21:00+02:00,57.85403403403404,55.07596614190696
2544,2025-09-06 17:22:00+02:00,60.05823858341101,58.2021086524895
2545,2025-09-06 17:23:00+02:00,61.62322988505748,61.328251163072025
2546,2025-09-06 17:24:00+02:00,66.7912933671076,63.87851659433554
2547,2025-09-06 17:25:00+02:00,69.44828947368421,61.4316604573152
2548,2025-09-06 17:26:00+02:00,67.19009159482759,57.82824428099488
2549,2025-09-06 17:27:00+02:00,65.60185763888889,54.22482810467454
2550,2025-09-06 17:28:00+02:00,62.3036038961039,50.621411928354206
2551,2025-09-06 17:29:00+02:00,58.94915,50.24272374041462
2552,2025-09-06 17:30:00+02:00,57.462672199730086,52.597075456613894
2553,2025-09-06 17:31:00+02:00,57.71850202429148,54.95142717281318
2554,2025-09-06 17:32:00+02:00,58.082874493927086,57.30577888901249
2555,2025-09-06 17:33:00+02:00,58.447246963562726,59.66013060521182
2556,2025-09-06 17:34:00+02:00,59.14225737093712,62.01448232141121
2557,2025-09-06 17:35:00+02:00,60.983439844401225,64.1296835456339
2558,2025-09-06 17:36:00+02:00,62.38557614092872,63.91320270943028
2559,2025-09-06 17:37:00+02:00,62.114771689497736,63.09932767650275
2560,2025-09-06 17:38:00+02:00,61.68463470319636,62.2854526435752
2561,2025-09-06 17:39:00+02:00,61.25449771689498,61.47157761064766
2562,2025-09-06 17:40:00+02:00,60.59702661244293,60.6577025777201
2563,2025-09-06 17:41:00+02:00,59.6008621031746,59.843827544792575
2564,2025-09-06 17:42:00+02:00,58.336047619047626,59.02995251186505
2565,2025-09-06 17:43:00+02:00,56.60424293785311,58.216077478937535
2566,2025-09-06 17:44:00+02:00,54.83942188937065,57.40220244601008
2567,2025-09-06 17:45:00+02:00,52.96863372093024,52.049229761108776
2568,2025-09-06 17:46:00+02:00,51.48316939890711,46.723883203847265
2569,2025-09-06 17:47:00+02:00,49.86195293094883,44.54352514796749
2570,2025-09-06 17:48:00+02:00,48.12364973262032,42.36316709208777
2571,2025-09-06 17:49:00+02:00,47.001691176470594,40.18280903620803
2572,2025-09-06 17:50:00+02:00,45.60888333333333,38.002450980328305
2573,2025-09-06 17:51:00+02:00,43.64585384615384,35.82209292444856
2574,2025-09-06 17:52:00+02:00,40.15450162156685,33.65667065463969
2575,2025-09-06 17:53:00+02:00,36.02532407407408,31.80116594580109
2576,2025-09-06 17:54:00+02:00,33.35797271985461,30.06888147204706
2577,2025-09-06 17:55:00+02:00,31.584431698905387,28.336596998293054
2578,2025-09-06 17:56:00+02:00,30.49230769230769,26.60431252453907
2579,2025-09-06 17:57:00+02:00,29.64486866791745,24.872028050785076
2580,2025-09-06 17:58:00+02:00,28.62426829268293,23.13974357703109
2581,2025-09-06 17:59:00+02:00,27.64010055626872,21.407459103277105
2582,2025-09-06 18:00:00+02:00,26.84763157894737,19.67517462952312
2583,2025-09-06 18:01:00+02:00,26.600906148867324,17.96935561300704
2584,2025-09-06 18:02:00+02:00,26.9348867313916,17.379897701799084
2585,2025-09-06 18:03:00+02:00,27.268867313915862,17.379897701799084
2586,2025-09-06 18:04:00+02:00,27.60284789644013,17.379897701799084
2587,2025-09-06 18:05:00+02:00,27.9368284789644,17.379897701799084
2588,2025-09-06 18:06:00+02:00,28.29419613962089,17.379897701799084
2589,2025-09-06 18:07:00+02:00,28.686726190476183,17.379897701799084
2590,2025-09-06 18:08:00+02:00,29.07958333333333,17.379897701799084
2591,2025-09-06 18:09:00+02:00,29.472440476190467,17.379897701799084
2592,2025-09-06 18:10:00+02:00,29.915743714711837,17.379897701799084
2593,2025-09-06 18:11:00+02:00,30.50979865771811,17.49817994097741
2594,2025-09-06 18:12:00+02:00,31.14688114562197,18.22477083878713
2595,2025-09-06 18:13:00+02:00,32.70497606019152,19.03584905029566
2596,2025-09-06 18:14:00+02:00,33.907795624159824,19.84692726180419
2597,2025-09-06 18:15:00+02:00,34.51251773049645,20.658005473312713
2598,2025-09-06 18:16:00+02:00,34.7777659574468,21.46908368482125
2599,2025-09-06 18:17:00+02:00,35.043014184397144,22.280161896329766
2600,2025-09-06 18:18:00+02:00,35.30826241134749,23.091240107838296
2601,2025-09-06 18:19:00+02:00,35.57351063829784,23.90231831934682
2602,2025-09-06 18:20:00+02:00,35.83875886524819,24.713396530855356
2603,2025-09-06 18:21:00+02:00,36.10400709219856,24.77084790417056
2604,2025-09-06 18:22:00+02:00,35.73156249999999,23.206142854468695
2605,2025-09-06 18:23:00+02:00,34.42046401515151,21.583986431451642
2606,2025-09-06 18:24:00+02:00,32.285725267379675,19.96183000843459
2607,2025-09-06 18:25:00+02:00,30.30850354030501,18.339673585417536
2608,2025-09-06 18:26:00+02:00,28.88525267094017,16.717517162400483
2609,2025-09-06 18:27:00+02:00,27.48621737466514,15.095360739383423
2610,2025-09-06 18:28:00+02:00,26.097611940298503,13.473204316366374
2611,2025-09-06 18:29:00+02:00,25.551226765799257,11.851047893349296
2612,2025-09-06 18:30:00+02:00,25.885799256505575,10.231144465364189
2613,2025-09-06 18:31:00+02:00,26.2203717472119,9.512439050166346
2614,2025-09-06 18:32:00+02:00,26.55494423791822,9.512439050166346
2615,2025-09-06 18:33:00+02:00,27.102989360338423,9.512439050166346
2616,2025-09-06 18:34:00+02:00,28.73612818590705,9.512439050166346
2617,2025-09-06 18:35:00+02:00,29.90961738257377,9.512439050166346
2618,2025-09-06 18:36:00+02:00,29.416807228915676,9.512439050166346
2619,2025-09-06 18:37:00+02:00,28.874638554216872,9.512439050166346
2620,2025-09-06 18:38:00+02:00,28.9040625,9.512439050166346
2621,2025-09-06 18:39:00+02:00,29.4665625,9.512439050166346
2622,2025-09-06 18:40:00+02:00,29.942279317010307,9.326384284756116
2623,2025-09-06 18:41:00+02:00,29.34,6.8279345778186915
2624,2025-09-06 18:42:00+02:00,28.174562732309425,3.638424313643256
2625,2025-09-06 18:43:00+02:00,26.586921768707484,1.3568097625742688
2626,2025-09-06 18:44:00+02:00,25.394632327132328,0.5278283524756038
2627,2025-09-06 18:45:00+02:00,24.050470085470085,-0.28464586283930515
2628,2025-09-06 18:46:00+02:00,21.979644334160465,-1.0971200781542159
2629,2025-09-06 18:47:00+02:00,20.2484872080089,-1.9095942934691301
2630,2025-09-06 18:48:00+02:00,17.951391283524902,-2.722068508784041
2631,2025-09-06 18:49:00+02:00,13.895297619047618,-3.5345427240989498
2632,2025-09-06 18:50:00+02:00,11.176118188512518,-4.347016939413862
2633,2025-09-06 18:51:00+02:00,10.406932989690718,-5.1594911547287765
2634,2025-09-06 18:52:00+02:00,9.8966237113402,-6.023366085904923
2635,2025-09-06 18:53:00+02:00,9.326445244115927,-8.753482392965477
2636,2025-09-06 18:54:00+02:00,7.747693492491336,-12.412765486748148
2637,2025-09-06 18:55:00+02:00,6.187398573887386,-14.089936904731871
2638,2025-09-06 18:56:00+02:00,5.899913941480204,-14.089936904731871
2639,2025-09-06 18:57:00+02:00,5.753270223752146,-14.089936904731871
2640,2025-09-06 18:58:00+02:00,5.606626506024089,-14.089936904731871
2641,2025-09-06 18:59:00+02:00,5.459982788296031,-14.089936904731871
2642,2025-09-06 19:00:00+02:00,5.313339070567974,-14.089936904731871
2643,2025-09-06 19:01:00+02:00,5.166695352839921,-14.089936904731871
2644,2025-09-06 19:02:00+02:00,5.0200516351118685,-14.089936904731871
2645,2025-09-06 19:03:00+02:00,4.873407917383816,-14.089936904731871
2646,2025-09-06 19:04:00+02:00,4.726764199655764,-14.089936904731871
2647,2025-09-06 19:05:00+02:00,4.460208202191301,-14.089936904731871
2648,2025-09-06 19:06:00+02:00,3.947352941176472,-14.089936904731871
2649,2025-09-06 19:07:00+02:00,3.4179411764705887,-14.089936904731871
2650,2025-09-06 19:08:00+02:00,2.936317016317016,-14.089936904731871
2651,2025-09-06 19:09:00+02:00,2.597499999999998,-14.089936904731871
2652,2025-09-06 19:10:00+02:00,2.268129370629368,-14.089936904731871
2653,2025-09-06 19:11:00+02:00,1.93875874125874,-14.089936904731871
2654,2025-09-06 19:12:00+02:00,1.609388111888111,-14.089936904731871
2655,2025-09-06 19:13:00+02:00,1.371522020362227,-14.089936904731871
2656,2025-09-06 19:14:00+02:00,1.2554639175257738,-14.089936904731871
2657,2025-09-06 19:15:00+02:00,1.140000000000001,-14.089936904731871
2658,2025-09-06 19:16:00+02:00,1.0245360824742282,-14.089936904731871
2659,2025-09-06 19:17:00+02:00,0.909072164948455,-14.089936904731871
2660,2025-09-06 19:18:00+02:00,0.7936082474226817,-14.089936904731871
2661,2025-09-06 19:19:00+02:00,0.6781443298969081,-14.089936904731871
2662,2025-09-06 19:20:00+02:00,0.5626804123711346,-14.089936904731871
2663,2025-09-06 19:21:00+02:00,0.4472164948453611,-14.089936904731871
2664,2025-09-06 19:22:00+02:00,0.3338633131887665,-14.089936904731871
2665,2025-09-06 19:23:00+02:00,0.2775000000000001,-14.089936904731871
2666,2025-09-06 19:24:00+02:00,0.2464655172413797,-14.089936904731871
2667,2025-09-06 19:25:00+02:00,0.2154310344827589,-14.089936904731871
2668,2025-09-06 19:26:00+02:00,0.1843965517241381,-14.089936904731871
2669,2025-09-06 19:27:00+02:00,0.1533620689655174,-14.089936904731871
2670,2025-09-06 19:28:00+02:00,0.1223275862068967,-14.089936904731871
2671,2025-09-06 19:29:00+02:00,0.0912931034482759,-14.089936904731871
2672,2025-09-06 19:30:00+02:00,0.0602586206896551,-14.089936904731871
2673,2025-09-06 19:31:00+02:00,0.0292241379310344,-14.089936904731871
2674,2025-09-06 19:32:00+02:00,0.0061798919817199,-14.089936904731871
2675,2025-09-06 19:33:00+02:00,0.0176850258175558,-14.089936904731871
2676,2025-09-06 19:34:00+02:00,0.0331755593803786,-14.089936904731871
2677,2025-09-06 19:35:00+02:00,0.0486660929432013,-14.089936904731871
2678,2025-09-06 19:36:00+02:00,0.064156626506024,-14.089936904731871
2679,2025-09-06 19:37:00+02:00,0.0796471600688467,-14.089936904731871
2680,2025-09-06 19:38:00+02:00,0.0951376936316694,-14.089936904731871
2681,2025-09-06 19:39:00+02:00,0.1106282271944922,-14.089936904731871
2682,2025-09-06 19:40:00+02:00,0.1261187607573149,-14.089936904731871
2683,2025-09-06 19:41:00+02:00,0.1416092943201377,-14.089936904731871
2684,2025-09-06 19:42:00+02:00,0.15,-14.089936904731871
2685,2025-09-06 19:43:00+02:00,0.15,-14.089936904731871
2686,2025-09-06 19:44:00+02:00,0.15,-14.089936904731871
2687,2025-09-06 19:45:00+02:00,0.15,-14.089936904731871
2688,2025-09-06 19:46:00+02:00,0.15,-14.089936904731871
2689,2025-09-06 19:47:00+02:00,0.15,-14.089936904731871
2690,2025-09-06 19:48:00+02:00,0.15,-14.089936904731871
2691,2025-09-06 19:49:00+02:00,0.15,-14.089936904731871
2692,2025-09-06 19:50:00+02:00,0.15,-14.089936904731871
2693,2025-09-06 19:51:00+02:00,0.1502405498281787,-14.089936904731871
2694,2025-09-06 19:52:00+02:00,0.1554725085910652,-14.089936904731871
2695,2025-09-06 19:53:00+02:00,0.162689003436426,-14.089936904731871
2696,2025-09-06 19:54:00+02:00,0.1699054982817868,-14.089936904731871
2697,2025-09-06 19:55:00+02:00,0.1771219931271476,-14.089936904731871
2698,2025-09-06 19:56:00+02:00,0.1843384879725084,-14.089936904731871
2699,2025-09-06 19:57:00+02:00,0.1915549828178692,-14.089936904731871
2700,2025-09-06 19:58:00+02:00,0.19877147766323,-14.089936904731871
2701,2025-09-06 19:59:00+02:00,0.2059879725085908,-14.089936904731871
2702,2025-09-06 20:00:00+02:00,0.2132044673539517,-14.089936904731871
2703,2025-09-07 05:00:00+02:00,0.1027022375215147,-14.089936904731871
2704,2025-09-07 05:01:00+02:00,0.0944406196213426,-14.089936904731871
2705,2025-09-07 05:02:00+02:00,0.0861790017211704,-14.089936904731871
2706,2025-09-07 05:03:00+02:00,0.0779173838209982,-14.089936904731871
2707,2025-09-07 05:04:00+02:00,0.0724697806002334,-14.089936904731871
2708,2025-09-07 05:05:00+02:00,0.0793103448275861,-14.089936904731871
2709,2025-09-07 05:06:00+02:00,0.0875862068965515,-14.089936904731871
2710,2025-09-07 05:07:00+02:00,0.095862068965517,-14.089936904731871
2711,2025-09-07 05:08:00+02:00,0.1041379310344826,-14.089936904731871
2712,2025-09-07 05:09:00+02:00,0.1124137931034481,-14.089936904731871
2713,2025-09-07 05:10:00+02:00,0.1206896551724137,-14.089936904731871
2714,2025-09-07 05:11:00+02:00,0.1289655172413791,-14.089936904731871
2715,2025-09-07 05:12:00+02:00,0.1372413793103446,-14.089936904731871
2716,2025-09-07 05:13:00+02:00,0.1455172413793103,-14.089936904731871
2717,2025-09-07 05:14:00+02:00,0.1533132530120481,-14.089936904731871
2718,2025-09-07 05:15:00+02:00,0.1605421686746986,-14.089936904731871
2719,2025-09-07 05:16:00+02:00,0.1677710843373491,-14.089936904731871
2720,2025-09-07 05:17:00+02:00,0.1749999999999996,-14.089936904731871
2721,2025-09-07 05:18:00+02:00,0.1822289156626503,-14.089936904731871
2722,2025-09-07 05:19:00+02:00,0.189457831325301,-14.089936904731871
2723,2025-09-07 05:20:00+02:00,0.1966867469879516,-14.089936904731871
2724,2025-09-07 05:21:00+02:00,0.2039156626506023,-14.089936904731871
2725,2025-09-07 05:22:00+02:00,0.2111445783132529,-14.089936904731871
2726,2025-09-07 05:23:00+02:00,0.2176914900983243,-14.089936904731871
2727,2025-09-07 05:24:00+02:00,0.204258620689655,-14.089936904731871
2728,2025-09-07 05:25:00+02:00,0.1814999999999998,-14.089936904731871
2729,2025-09-07 05:26:00+02:00,0.1587413793103445,-14.089936904731871
2730,2025-09-07 05:27:00+02:00,0.1359827586206893,-14.089936904731871
2731,2025-09-07 05:28:00+02:00,0.1132241379310342,-14.089936904731871
2732,2025-09-07 05:29:00+02:00,0.090465517241379,-14.089936904731871
2733,2025-09-07 05:30:00+02:00,0.0677068965517239,-14.089936904731871
2734,2025-09-07 05:31:00+02:00,0.0449482758620688,-14.089936904731871
2735,2025-09-07 05:32:00+02:00,0.0221896551724137,-14.089936904731871
2736,2025-09-07 05:33:00+02:00,0.0053852648418058,-14.089936904731871
2737,2025-09-07 05:34:00+02:00,0.0171391752577319,-14.089936904731871
2738,2025-09-07 05:35:00+02:00,0.0326030927835051,-14.089936904731871
2739,2025-09-07 05:36:00+02:00,0.0480670103092783,-14.089936904731871
2740,2025-09-07 05:37:00+02:00,0.0635309278350515,-14.089936904731871
2741,2025-09-07 05:38:00+02:00,0.0789948453608246,-14.089936904731871
2742,2025-09-07 05:39:00+02:00,0.0944587628865978,-14.089936904731871
2743,2025-09-07 05:40:00+02:00,0.109922680412371,-14.089936904731871
2744,2025-09-07 05:41:00+02:00,0.1253865979381442,-14.089936904731871
2745,2025-09-07 05:42:00+02:00,0.1408505154639174,-14.089936904731871
2746,2025-09-07 05:43:00+02:00,0.1720870300051457,-14.089936904731871
2747,2025-09-07 05:44:00+02:00,0.2256282271944921,-14.089936904731871
2748,2025-09-07 05:45:00+02:00,0.2793287435456108,-14.089936904731871
2749,2025-09-07 05:46:00+02:00,0.3330292598967294,-14.089936904731871
2750,2025-09-07 05:47:00+02:00,0.386729776247848,-14.089936904731871
2751,2025-09-07 05:48:00+02:00,0.4404302925989666,-14.089936904731871
2752,2025-09-07 05:49:00+02:00,0.4941308089500855,-14.089936904731871
2753,2025-09-07 05:50:00+02:00,0.5478313253012047,-14.089936904731871
2754,2025-09-07 05:51:00+02:00,0.6015318416523238,-14.089936904731871
2755,2025-09-07 05:52:00+02:00,0.65466570716363,-14.089936904731871
2756,2025-09-07 05:53:00+02:00,0.6925000000000003,-14.089936904731871
2757,2025-09-07 05:54:00+02:00,0.7235344827586214,-14.089936904731871
2758,2025-09-07 05:55:00+02:00,0.7545689655172425,-14.089936904731871
2759,2025-09-07 05:56:00+02:00,0.7856034482758635,-14.089936904731871
2760,2025-09-07 05:57:00+02:00,0.8166379310344841,-14.089936904731871
2761,2025-09-07 05:58:00+02:00,0.8476724137931044,-14.089936904731871
2762,2025-09-07 05:59:00+02:00,0.878706896551725,-14.089936904731871
2763,2025-09-07 06:00:00+02:00,0.9097413793103452,-14.089936904731871
2764,2025-09-07 06:01:00+02:00,0.9407758620689658,-14.089936904731871
2765,2025-09-07 06:02:00+02:00,0.9706648626801524,-14.089936904731871
2766,2025-09-07 06:03:00+02:00,0.9950514579759862,-14.089936904731871
2767,2025-09-07 06:04:00+02:00,1.018722126929675,-14.089936904731871
2768,2025-09-07 06:05:00+02:00,1.042392795883363,-14.089936904731871
2769,2025-09-07 06:06:00+02:00,1.0660634648370506,-14.089936904731871
2770,2025-09-07 06:07:00+02:00,1.0897341337907382,-14.089936904731871
2771,2025-09-07 06:08:00+02:00,1.113404802744426,-14.089936904731871
2772,2025-09-07 06:09:00+02:00,1.1370754716981135,-14.089936904731871
2773,2025-09-07 06:10:00+02:00,1.1607461406518012,-14.089936904731871
2774,2025-09-07 06:11:00+02:00,1.1844168096054888,-14.089936904731871
2775,2025-09-07 06:12:00+02:00,1.2295926243567756,-14.089936904731871
2776,2025-09-07 06:13:00+02:00,1.313224699828475,-14.089936904731871
2777,2025-09-07 06:14:00+02:00,1.397615780445971,-14.089936904731871
2778,2025-09-07 06:15:00+02:00,1.482006861063467,-14.089936904731871
2779,2025-09-07 06:16:00+02:00,1.566397941680962,-14.089936904731871
2780,2025-09-07 06:17:00+02:00,1.6507890222984571,-14.089936904731871
2781,2025-09-07 06:18:00+02:00,1.735180102915953,-14.089936904731871
2782,2025-09-07 06:19:00+02:00,1.819571183533448,-14.089936904731871
2783,2025-09-07 06:20:00+02:00,1.903962264150944,-14.089936904731871
2784,2025-09-07 06:21:00+02:00,1.9898309748427672,-14.089936904731871
2785,2025-09-07 06:22:00+02:00,2.205731132075472,-14.089936904731871
2786,2025-09-07 06:23:00+02:00,2.502900943396227,-14.089936904731871
2787,2025-09-07 06:24:00+02:00,2.8000707547169816,-14.005449591033067
2788,2025-09-07 06:25:00+02:00,3.08646621554875,-13.312653618702864
2789,2025-09-07 06:26:00+02:00,3.3271989528795807,-12.501575407194334
2790,2025-09-07 06:27:00+02:00,3.562801047120418,-11.690497195685804
2791,2025-09-07 06:28:00+02:00,3.798403141361256,-10.879418984177274
2792,2025-09-07 06:29:00+02:00,4.034005235602094,-10.068340772668744
2793,2025-09-07 06:30:00+02:00,4.269607329842933,-9.257262561160218
2794,2025-09-07 06:31:00+02:00,4.521124927283305,-8.446184349651691
2795,2025-09-07 06:32:00+02:00,5.202361111111112,-7.6351061381431595
2796,2025-09-07 06:33:00+02:00,6.073765025990904,-6.824027926634626
2797,2025-09-07 06:34:00+02:00,6.938421052631579,-6.246134700934797
2798,2025-09-07 06:35:00+02:00,7.685024685206994,-6.2224782530991325
2799,2025-09-07 06:36:00+02:00,7.795877796901894,-6.2224782530991325
2800,2025-09-07 06:37:00+02:00,7.811368330464716,-6.2224782530991325
2801,2025-09-07 06:38:00+02:00,7.826858864027538,-6.2224782530991325
2802,2025-09-07 06:39:00+02:00,7.84234939759036,-6.2224782530991325
2803,2025-09-07 06:40:00+02:00,7.857839931153182,-6.2224782530991325
2804,2025-09-07 06:41:00+02:00,7.873330464716004,-6.2224782530991325
2805,2025-09-07 06:42:00+02:00,7.888820998278827,-6.2224782530991325
2806,2025-09-07 06:43:00+02:00,7.904311531841649,-6.2224782530991325
2807,2025-09-07 06:44:00+02:00,7.919802065404472,-6.2224782530991325
2808,2025-09-07 06:45:00+02:00,8.051356368330465,-6.2224782530991325
2809,2025-09-07 06:46:00+02:00,8.390460000000001,-6.2224782530991325
2810,2025-09-07 06:47:00+02:00,8.73366,-6.2224782530991325
2811,2025-09-07 06:48:00+02:00,9.07686,-6.2224782530991325
2812,2025-09-07 06:49:00+02:00,9.411101720430109,-6.2224782530991325
2813,2025-09-07 06:50:00+02:00,9.717048387096776,-6.2224782530991325
2814,2025-09-07 06:51:00+02:00,10.02091935483871,-6.2224782530991325
2815,2025-09-07 06:52:00+02:00,10.324790322580649,-6.2224782530991325
2816,2025-09-07 06:53:00+02:00,10.628661290322585,-5.775463556983635
2817,2025-09-07 06:54:00+02:00,11.038594758064514,-1.3500180654402172
2818,2025-09-07 06:55:00+02:00,12.04906501004016,1.63753015359835
2819,2025-09-07 06:56:00+02:00,12.512951807228916,1.6449803985336064
2820,2025-09-07 06:57:00+02:00,12.635843373493977,1.6449803985336064
2821,2025-09-07 06:58:00+02:00,12.758734939759035,1.6449803985336064
2822,2025-09-07 06:59:00+02:00,12.881626506024096,1.6449803985336064
2823,2025-09-07 07:00:00+02:00,13.00451807228916,1.6449803985336064
2824,2025-09-07 07:01:00+02:00,13.127409638554218,1.6449803985336064
2825,2025-09-07 07:02:00+02:00,13.25030120481928,1.6449803985336064
2826,2025-09-07 07:03:00+02:00,13.37319277108434,1.6449803985336064
2827,2025-09-07 07:04:00+02:00,13.4960843373494,1.6687184203273286
2828,2025-09-07 07:05:00+02:00,13.682840791738384,2.2486043812881995
2829,2025-09-07 07:06:00+02:00,14.29618956043956,3.062479414215737
2830,2025-09-07 07:07:00+02:00,15.020499999999998,3.876354447143264
2831,2025-09-07 07:08:00+02:00,15.78156043956044,4.6902294800707836
2832,2025-09-07 07:09:00+02:00,16.634285714285717,5.504104512998303
2833,2025-09-07 07:10:00+02:00,17.613595505617976,6.317979545925827
2834,2025-09-07 07:11:00+02:00,18.610900043343445,7.13185457885335
2835,2025-09-07 07:12:00+02:00,18.97928783382788,7.945729611780866
2836,2025-09-07 07:13:00+02:00,19.24635014836794,8.759604644708393
2837,2025-09-07 07:14:00+02:00,19.513412462908004,9.438964220804834
2838,2025-09-07 07:15:00+02:00,19.780474777448067,9.512439050166346
2839,2025-09-07 07:16:00+02:00,20.04753709198813,9.512439050166346
2840,2025-09-07 07:17:00+02:00,20.23604792967018,9.512439050166346
2841,2025-09-07 07:18:00+02:00,20.30645689655172,9.512439050166346
2842,2025-09-07 07:19:00+02:00,20.375767241379307,9.512439050166346
2843,2025-09-07 07:20:00+02:00,20.44507758620689,9.512439050166346
2844,2025-09-07 07:21:00+02:00,20.51438793103448,9.512439050166346
2845,2025-09-07 07:22:00+02:00,20.583698275862066,9.512439050166346
2846,2025-09-07 07:23:00+02:00,20.653008620689647,9.512439050166346
2847,2025-09-07 07:24:00+02:00,20.722318965517232,10.26548228121285
2848,2025-09-07 07:25:00+02:00,20.791629310344817,12.150723377119487
2849,2025-09-07 07:26:00+02:00,20.89582454361054,14.046496546187615
2850,2025-09-07 07:27:00+02:00,21.67147414611006,15.942269715255751
2851,2025-09-07 07:28:00+02:00,21.96081653225808,17.316705262830148
2852,2025-09-07 07:29:00+02:00,22.17734879032261,17.379897701799084
2853,2025-09-07 07:30:00+02:00,22.39388104838713,17.379897701799084
2854,2025-09-07 07:31:00+02:00,22.610413306451637,17.379897701799084
2855,2025-09-07 07:32:00+02:00,22.826945564516148,17.379897701799084
2856,2025-09-07 07:33:00+02:00,23.043477822580652,17.379897701799084
2857,2025-09-07 07:34:00+02:00,23.260010080645163,17.379897701799084
2858,2025-09-07 07:35:00+02:00,23.5957721203591,17.379897701799084
2859,2025-09-07 07:36:00+02:00,24.804182209209856,17.379897701799084
2860,2025-09-07 07:37:00+02:00,24.546896551724128,17.379897701799084
2861,2025-09-07 07:38:00+02:00,23.98137931034482,16.129290112666713
2862,2025-09-07 07:39:00+02:00,22.874125183119222,13.400691736377897
2863,2025-09-07 07:40:00+02:00,21.371736111111105,10.672093360089079
2864,2025-09-07 07:41:00+02:00,20.713402777777777,7.943494983800267
2865,2025-09-07 07:42:00+02:00,18.603847853535356,5.214896607511452
2866,2025-09-07 07:43:00+02:00,14.53090845372386,2.5355645907945323
2867,2025-09-07 07:44:00+02:00,13.292085889570556,1.6449803985336064
2868,2025-09-07 07:45:00+02:00,12.688404907975462,1.6449803985336064
2869,2025-09-07 07:46:00+02:00,12.071809583565718,1.6449803985336064
2870,2025-09-07 07:47:00+02:00,11.397045454545456,1.6449803985336064
2871,2025-09-07 07:48:00+02:00,10.797005582137162,1.6449803985336064
2872,2025-09-07 07:49:00+02:00,10.946754385964915,1.6449803985336064
2873,2025-09-07 07:50:00+02:00,11.277280701754394,1.6449803985336064
2874,2025-09-07 07:51:00+02:00,11.60780701754387,1.6449803985336064
2875,2025-09-07 07:52:00+02:00,11.938333333333338,1.6449803985336064
2876,2025-09-07 07:53:00+02:00,12.49028212422949,2.0274263052101986
2877,2025-09-07 07:54:00+02:00,13.625795480354304,3.9396558385931755
2878,2025-09-07 07:55:00+02:00,14.506218487394955,6.010039694286007
2879,2025-09-07 07:56:00+02:00,15.890751416845807,8.080423549978825
2880,2025-09-07 07:57:00+02:00,20.73651162790697,10.15080740567165
2881,2025-09-07 07:58:00+02:00,25.194033680834,12.22119126136447
2882,2025-09-07 07:59:00+02:00,18.40460098522168,14.291575117057292
2883,2025-09-07 08:00:00+02:00,19.37502556022409,16.36195897275011
2884,2025-09-07 08:01:00+02:00,20.859099264705897,18.313584428938377
2885,2025-09-07 08:02:00+02:00,22.343658088235312,20.150345203638622
2886,2025-09-07 08:03:00+02:00,23.82821691176472,21.98710597833886
2887,2025-09-07 08:04:00+02:00,25.35658717105264,23.823866753039106
2888,2025-09-07 08:05:00+02:00,28.840586124401916,25.66062752773935
2889,2025-09-07 08:06:00+02:00,31.49461734997029,27.497388302439596
2890,2025-09-07 08:07:00+02:00,32.01088235294118,29.334149077139834
2891,2025-09-07 08:08:00+02:00,32.516764705882345,31.170909851840094
2892,2025-09-07 08:09:00+02:00,34.07762578108166,33.671179392630485
2893,2025-09-07 08:10:00+02:00,42.148417022792025,41.27098773565629
2894,2025-09-07 08:11:00+02:00,46.888621913580245,48.24824464383212
2895,2025-09-07 08:12:00+02:00,47.89897222222223,48.84973230833004
2896,2025-09-07 08:13:00+02:00,48.42230555555557,48.84973230833004
2897,2025-09-07 08:14:00+02:00,48.9918498931624,48.84973230833004
2898,2025-09-07 08:15:00+02:00,49.84822115384616,48.84973230833004
2899,2025-09-07 08:16:00+02:00,51.9186647033522,48.84973230833004
2900,2025-09-07 08:17:00+02:00,52.733269980506826,48.84973230833004
2901,2025-09-07 08:18:00+02:00,48.79646802325581,48.84973230833004
2902,2025-09-07 08:19:00+02:00,48.75114380635975,48.84973230833004
2903,2025-09-07 08:20:00+02:00,46.92030612244898,48.84973230833004
2904,2025-09-07 08:21:00+02:00,46.74666666666668,50.93006993255986
2905,2025-09-07 08:22:00+02:00,49.66193191865606,55.468988385424936
2906,2025-09-07 08:23:00+02:00,54.15688864942528,60.00790683828997
2907,2025-09-07 08:24:00+02:00,57.4075625,63.84823030408711
2908,2025-09-07 08:25:00+02:00,59.87593137254902,62.94809809818334
2909,2025-09-07 08:26:00+02:00,59.38338235294117,61.14639001002311
2910,2025-09-07 08:27:00+02:00,58.45838782763965,59.34468192186293
2911,2025-09-07 08:28:00+02:00,57.47062153053133,57.5429738337027
2912,2025-09-07 08:29:00+02:00,55.27107466063348,55.74126574554252
2913,2025-09-07 08:30:00+02:00,53.73209383753502,53.939557657382394
2914,2025-09-07 08:31:00+02:00,52.34510382059801,52.13784956922227
2915,2025-09-07 08:32:00+02:00,51.542674418604655,50.33614148106214
2916,2025-09-07 08:33:00+02:00,50.6128175313059,49.41768271886713
2917,2025-09-07 08:34:00+02:00,48.197838104877576,50.94125740761966
2918,2025-09-07 08:35:00+02:00,45.325148305084745,52.60339655937307
2919,2025-09-07 08:36:00+02:00,45.97399660637773,54.265535711126475
2920,2025-09-07 08:37:00+02:00,45.35999999999999,55.92767486287988
2921,2025-09-07 08:38:00+02:00,44.77874025031743,57.58981401463329
2922,2025-09-07 08:39:00+02:00,45.39076576576576,59.251953166386684
2923,2025-09-07 08:40:00+02:00,46.6588536036036,60.91409231814009
2924,2025-09-07 08:41:00+02:00,50.01201298701299,62.576231469893486
2925,2025-09-07 08:42:00+02:00,54.188372319688106,64.12881021990906
2926,2025-09-07 08:43:00+02:00,55.23917989417989,63.21429308415952
2927,2025-09-07 08:44:00+02:00,55.73759259259258,61.2796721042499
2928,2025-09-07 08:45:00+02:00,56.168418209876535,59.345051124340216
2929,2025-09-07 08:46:00+02:00,55.78479166666665,57.41043014443049
2930,2025-09-07 08:47:00+02:00,55.159791666666656,55.47580916452078
2931,2025-09-07 08:48:00+02:00,54.42972822681705,53.54118818461107
2932,2025-09-07 08:49:00+02:00,53.55109022556392,51.60656720470138
2933,2025-09-07 08:50:00+02:00,51.429388575605685,49.67732017195809
2934,2025-09-07 08:51:00+02:00,46.33511111111111,48.84973230833004
2935,2025-09-07 08:52:00+02:00,44.71863782051283,48.84973230833004
2936,2025-09-07 08:53:00+02:00,45.02056089743591,48.84973230833004
2937,2025-09-07 08:54:00+02:00,45.32248397435898,48.84973230833004
2938,2025-09-07 08:55:00+02:00,45.624407051282056,48.84973230833004
2939,2025-09-07 08:56:00+02:00,45.92633012820513,48.84973230833004
2940,2025-09-07 08:57:00+02:00,45.94421650432125,48.84973230833004
2941,2025-09-07 08:58:00+02:00,45.45217877094973,48.84973230833004
2942,2025-09-07 08:59:00+02:00,44.94938547486034,48.84973230833004
2943,2025-09-07 09:00:00+02:00,44.060863382427634,48.84973230833004
2944,2025-09-07 09:01:00+02:00,43.499848484848485,48.84973230833004
2945,2025-09-07 09:02:00+02:00,44.27867768595042,48.84973230833004
2946,2025-09-07 09:03:00+02:00,45.0795,48.84973230833004
2947,2025-09-07 09:04:00+02:00,45.89950000000001,48.84973230833004
2948,2025-09-07 09:05:00+02:00,47.28360180754918,48.84973230833004
2949,2025-09-07 09:06:00+02:00,45.37796009292004,48.84973230833004
2950,2025-09-07 09:07:00+02:00,43.665,48.84973230833004
2951,2025-09-07 09:08:00+02:00,45.7536217948718,48.84973230833004
2952,2025-09-07 09:09:00+02:00,48.194211570593154,48.84973230833004
2953,2025-09-07 09:10:00+02:00,48.53778195488725,49.82916694737987
2954,2025-09-07 09:11:00+02:00,48.87612781954891,52.663530862017936
2955,2025-09-07 09:12:00+02:00,49.21447368421054,55.541869393103056
2956,2025-09-07 09:13:00+02:00,49.83796789270473,58.42020792418819
2957,2025-09-07 09:14:00+02:00,51.80913454438045,61.29854645527331
2958,2025-09-07 09:15:00+02:00,54.23835007932311,63.875760791614496
2959,2025-09-07 09:16:00+02:00,56.99972350230414,62.161889165894024
2960,2025-09-07 09:17:00+02:00,55.56560544217688,59.03574665531147
2961,2025-09-07 09:18:00+02:00,52.01781818181818,55.90960414472893
2962,2025-09-07 09:19:00+02:00,49.85069344608879,52.78346163414639
2963,2025-09-07 09:20:00+02:00,48.90441860465115,49.87505257478686
2964,2025-09-07 09:21:00+02:00,48.19301044540796,50.93787817029158
2965,2025-09-07 09:22:00+02:00,46.96618997175141,53.4689640635783
2966,2025-09-07 09:23:00+02:00,47.18069444444445,56.00004995686501
2967,2025-09-07 09:24:00+02:00,48.49719246031746,58.53113585015164
2968,2025-09-07 09:25:00+02:00,51.01024234693877,61.062221743438286
2969,2025-09-07 09:26:00+02:00,54.009503205128205,63.5963864812211
2970,2025-09-07 09:27:00+02:00,55.41461538461538,66.4615270023445
2971,2025-09-07 09:28:00+02:00,56.25036057692307,69.54680490494556
2972,2025-09-07 09:29:00+02:00,58.3459375,72.63208280754662
2973,2025-09-07 09:30:00+02:00,60.84918560606061,75.71736071014772
2974,2025-09-07 09:31:00+02:00,64.73719696969697,78.80263861274877
2975,2025-09-07 09:32:00+02:00,70.06541666666666,86.63423767472413
2976,2025-09-07 09:33:00+02:00,81.7058723036223,101.28445387098532
2977,2025-09-07 09:34:00+02:00,88.28363675213676,107.75697647772351
2978,2025-09-07 09:35:00+02:00,83.86561475908194,98.78189185709844
2979,2025-09-07 09:36:00+02:00,83.83209302325581,101.7251849345631
2980,2025-09-07 09:37:00+02:00,85.02911175710595,107.8556721955756
2981,2025-09-07 09:38:00+02:00,91.28761224668064,109.53422970564027
2982,2025-09-07 09:39:00+02:00,89.03268867924528,102.45822963224614
2983,2025-09-07 09:40:00+02:00,81.37344473938224,95.29669015215346
2984,2025-09-07 09:41:00+02:00,81.84914351851852,88.72960892177879
2985,2025-09-07 09:42:00+02:00,73.87783333333333,82.08107884955368
2986,2025-09-07 09:43:00+02:00,60.398829365079365,71.03159489557235
2987,2025-09-07 09:44:00+02:00,52.99348060344828,63.63243735415581
2988,2025-09-07 09:45:00+02:00,53.58822948175035,61.75923291329086
2989,2025-09-07 09:46:00+02:00,57.53980555555555,59.88602847242592
2990,2025-09-07 09:47:00+02:00,54.74837037505623,58.012824031560996
2991,2025-09-07 09:48:00+02:00,51.75425480769232,56.13961959069607
2992,2025-09-07 09:49:00+02:00,51.2782932692308,54.26641514983113
2993,2025-09-07 09:50:00+02:00,50.80233173076925,52.39321070896621
2994,2025-09-07 09:51:00+02:00,50.11528846153846,50.52000626810127
2995,2025-09-07 09:52:00+02:00,49.257458333333325,51.138163733586694
2996,2025-09-07 09:53:00+02:00,51.0945,59.56446171007748
2997,2025-09-07 09:54:00+02:00,59.24115625,66.30779042699035
2998,2025-09-07 09:55:00+02:00,62.58620689655172,70.23224441131525
2999,2025-09-07 09:56:00+02:00,60.858095238095245,74.1496512088087
3000,2025-09-07 09:57:00+02:00,62.2805,78.06705800630218
3001,2025-09-07 09:58:00+02:00,67.25466666666667,78.09433428431642
3002,2025-09-07 09:59:00+02:00,66.53271929824562,71.9310845114645
3003,2025-09-07 10:00:00+02:00,60.13213095238095,66.50585375072441
3004,2025-09-07 10:01:00+02:00,52.99108566252588,70.18957113465413
3005,2025-09-07 10:02:00+02:00,57.39525,76.36012693985626
3006,2025-09-07 10:03:00+02:00,67.93207969114219,81.58078993917734
3007,2025-09-07 10:04:00+02:00,70.26711581541218,85.19559642138628
3008,2025-09-07 10:05:00+02:00,66.97636363636364,88.7853113955153
3009,2025-09-07 10:06:00+02:00,70.25551195090439,92.37502636964426
3010,2025-09-07 10:07:00+02:00,74.68727252252252,94.2730703560891
3011,2025-09-07 10:08:00+02:00,69.14489001937984,81.673167595795
3012,2025-09-07 10:09:00+02:00,63.190549418604654,70.15374955600971
3013,2025-09-07 10:10:00+02:00,56.86458225667528,71.7078892015873
3014,2025-09-07 10:11:00+02:00,75.39446296296296,89.03694286069879
3015,2025-09-07 10:12:00+02:00,74.55534722222222,83.5591087125921
3016,2025-09-07 10:13:00+02:00,60.37500648148148,69.33487569663598
3017,2025-09-07 10:14:00+02:00,64.76636203703704,77.62033240234014
3018,2025-09-07 10:15:00+02:00,69.16934794372294,83.53662490601452
3019,2025-09-07 10:16:00+02:00,67.0703253968254,87.35887202421664
3020,2025-09-07 10:17:00+02:00,72.91990476190476,91.18111914241877
3021,2025-09-07 10:18:00+02:00,72.80043492063491,94.8884865000127
3022,2025-09-07 10:19:00+02:00,84.85791666666667,94.77912776301973
3023,2025-09-07 10:20:00+02:00,82.92890053763442,92.79155926155464
3024,2025-09-07 10:21:00+02:00,84.20313116039428,90.8039907600895
3025,2025-09-07 10:22:00+02:00,84.9915625,88.81642225862439
3026,2025-09-07 10:23:00+02:00,77.79124537037036,86.82885375715927
3027,2025-09-07 10:24:00+02:00,68.68257156970867,84.84128525569413
3028,2025-09-07 10:25:00+02:00,72.21601851851852,82.85371675422901
3029,2025-09-07 10:26:00+02:00,71.9130150462963,81.02401502176048
3030,2025-09-07 10:27:00+02:00,64.23218660968661,82.22742563788196
3031,2025-09-07 10:28:00+02:00,65.8003105590062,84.58766323337186
3032,2025-09-07 10:29:00+02:00,62.81125,86.94790082886166
3033,2025-09-07 10:30:00+02:00,62.272298634336686,89.30813842435155
3034,2025-09-07 10:31:00+02:00,64.778327991453,91.6683760198413
3035,2025-09-07 10:32:00+02:00,71.0456923076923,94.02861361533111
3036,2025-09-07 10:33:00+02:00,80.23023518199705,96.55710533495875
3037,2025-09-07 10:34:00+02:00,82.73308411214954,99.68358130659004
3038,2025-09-07 10:35:00+02:00,84.7848100553825,102.86235247896691
3039,2025-09-07 10:36:00+02:00,89.6505137576848,106.04112365134378
3040,2025-09-07 10:37:00+02:00,88.58520917678813,109.21989482372064
3041,2025-09-07 10:38:00+02:00,94.3317015022015,114.35656775836071
3042,2025-09-07 10:39:00+02:00,101.88580555555556,124.98187636347384
3043,2025-09-07 10:40:00+02:00,109.41428240740738,130.51703839018046
3044,2025-09-07 10:41:00+02:00,108.96356986215538,134.21937187330172
3045,2025-09-07 10:42:00+02:00,109.96318713450292,137.92170535642302
3046,2025-09-07 10:43:00+02:00,113.8159889214728,141.62930340104478
3047,2025-09-07 10:44:00+02:00,117.79143244289584,147.44272604585458
3048,2025-09-07 10:45:00+02:00,121.62795238975116,154.9355438093143
3049,2025-09-07 10:46:00+02:00,133.6368220899471,166.72112174975626
3050,2025-09-07 10:47:00+02:00,141.0136273148148,171.58405906794906
3051,2025-09-07 10:48:00+02:00,142.26869444444444,164.49545910488646
3052,2025-09-07 10:49:00+02:00,125.82626984126983,151.59314236351858
3053,2025-09-07 10:50:00+02:00,112.1073646640827,132.88467202603712
3054,2025-09-07 10:51:00+02:00,108.46697674418606,122.9694743421332
3055,2025-09-07 10:52:00+02:00,104.2686030361757,115.87101540832921
3056,2025-09-07 10:53:00+02:00,98.1951851851852,120.46914973510886
3057,2025-09-07 10:54:00+02:00,108.26574508101852,131.1515237874231
3058,2025-09-07 10:55:00+02:00,110.42337239583333,137.28201104843563
3059,2025-09-07 10:56:00+02:00,116.3179415954416,144.0790105872443
3060,2025-09-07 10:57:00+02:00,123.98014376218325,154.4657906026323
3061,2025-09-07 10:58:00+02:00,122.71381303418804,155.46536683008839
3062,2025-09-07 10:59:00+02:00,123.1768923237754,148.5234915492359
3063,2025-09-07 11:00:00+02:00,116.88788095238095,138.2981092605404
3064,2025-09-07 11:01:00+02:00,95.98228333333331,116.85851311536553
3065,2025-09-07 11:02:00+02:00,92.37209444444444,107.58571037909802
3066,2025-09-07 11:03:00+02:00,89.26073770491803,102.95779352519642
3067,2025-09-07 11:04:00+02:00,86.0377794117647,98.33175441533665
3068,2025-09-07 11:05:00+02:00,79.58306074297188,98.14657996444079
3069,2025-09-07 11:06:00+02:00,77.65614457831323,101.68251643708469
3070,2025-09-07 11:07:00+02:00,79.0415332535817,105.21845290972857
3071,2025-09-07 11:08:00+02:00,84.62925,108.75438938237251
3072,2025-09-07 11:09:00+02:00,97.25897486772487,119.0905342366409
3073,2025-09-07 11:10:00+02:00,120.96425925925926,150.01156303061444
3074,2025-09-07 11:11:00+02:00,125.91369047619048,154.3702961534745
3075,2025-09-07 11:12:00+02:00,122.75355555555556,146.33969778776884
3076,2025-09-07 11:13:00+02:00,114.93713384383088,147.40245399771763
3077,2025-09-07 11:14:00+02:00,115.90913338937928,152.98881517047457
3078,2025-09-07 11:15:00+02:00,126.67525595238097,157.74107835475434
3079,2025-09-07 11:16:00+02:00,133.05759550712943,154.2359898155303
3080,2025-09-07 11:17:00+02:00,131.23122469397364,148.58272611375835
3081,2025-09-07 11:18:00+02:00,119.13881084656084,138.92936069643244
3082,2025-09-07 11:19:00+02:00,98.85414351851853,116.17718364704987
3083,2025-09-07 11:20:00+02:00,74.20878769841269,89.37182737534083
3084,2025-09-07 11:21:00+02:00,57.27404463566828,69.48011529338002
3085,2025-09-07 11:22:00+02:00,61.850509334415584,81.05751461876731
3086,2025-09-07 11:23:00+02:00,75.2551917989418,93.42325638019153
3087,2025-09-07 11:24:00+02:00,73.36748148148148,86.10446298223805
3088,2025-09-07 11:25:00+02:00,64.66139814814815,81.87594776486569
3089,2025-09-07 11:26:00+02:00,62.79188718323587,85.06717127360496
3090,2025-09-07 11:27:00+02:00,60.4325303030303,88.32267140531502
3091,2025-09-07 11:28:00+02:00,67.47935515873016,91.57817153702511
3092,2025-09-07 11:29:00+02:00,72.59673141186299,94.84336065722242
3093,2025-09-07 11:30:00+02:00,88.17255949566588,98.96118076429616
3094,2025-09-07 11:31:00+02:00,84.3830950270179,103.61189523816775
3095,2025-09-07 11:32:00+02:00,84.41535714285713,108.26260971203932
3096,2025-09-07 11:33:00+02:00,94.211875,113.16159026738374
3097,2025-09-07 11:34:00+02:00,91.29140105820106,118.68499763370534
3098,2025-09-07 11:35:00+02:00,101.01038105413106,124.23849785838723
3099,2025-09-07 11:36:00+02:00,106.71166666666666,129.9816837197244
3100,2025-09-07 11:37:00+02:00,108.33695370370371,135.9931118955233
3101,2025-09-07 11:38:00+02:00,114.64765802154194,141.51892843370672
3102,2025-09-07 11:39:00+02:00,114.30920535714286,135.20220015938335
3103,2025-09-07 11:40:00+02:00,109.25032051282052,130.89493040404196
3104,2025-09-07 11:41:00+02:00,112.97533333333332,138.5127528091693
3105,2025-09-07 11:42:00+02:00,124.21552777777778,156.25547349498717
3106,2025-09-07 11:43:00+02:00,133.5920833333333,168.9727134876759
3107,2025-09-07 11:44:00+02:00,137.40578125,169.93417363731012
3108,2025-09-07 11:45:00+02:00,134.41975801282052,160.65725521179414
3109,2025-09-07 11:46:00+02:00,114.611579218107,145.90253572781012
3110,2025-09-07 11:47:00+02:00,114.85581750553972,150.79368065673535
3111,2025-09-07 11:48:00+02:00,123.92471296296296,155.78889249904176
3112,2025-09-07 11:49:00+02:00,133.8055603546911,159.5488517601181
3113,2025-09-07 11:50:00+02:00,135.50831521739136,161.22053495934134
3114,2025-09-07 11:51:00+02:00,134.50775778495887,162.85958884509813
3115,2025-09-07 11:52:00+02:00,133.63459459459463,164.4986427308549
3116,2025-09-07 11:53:00+02:00,131.58005065505066,166.1376966166117
3117,2025-09-07 11:54:00+02:00,128.4250305250305,167.77675050236846
3118,2025-09-07 11:55:00+02:00,129.03346153846155,169.41580438812525
3119,2025-09-07 11:56:00+02:00,130.4624434794596,171.05485827388205
3120,2025-09-07 11:57:00+02:00,135.56720085470087,172.69391215963898
3121,2025-09-07 11:58:00+02:00,140.20977243659618,174.17675574548576
3122,2025-09-07 11:59:00+02:00,139.22330935251804,170.24129502471968
3123,2025-09-07 12:00:00+02:00,137.52444890241657,163.5927384177061
3124,2025-09-07 12:01:00+02:00,129.98178872053873,153.8914488394166
3125,2025-09-07 12:02:00+02:00,118.097375,138.1494624885974
3126,2025-09-07 12:03:00+02:00,107.44986655011654,123.64606516882051
3127,2025-09-07 12:04:00+02:00,98.77545347707849,111.91476212628062
3128,2025-09-07 12:05:00+02:00,91.4276701388889,102.5732356723365
3129,2025-09-07 12:06:00+02:00,86.24817283950618,97.01053894621408
3130,2025-09-07 12:07:00+02:00,82.65409572879332,98.79464609893017
3131,2025-09-07 12:08:00+02:00,81.091875,100.8119431890924
3132,2025-09-07 12:09:00+02:00,81.75634615384617,102.82924027925463
3133,2025-09-07 12:10:00+02:00,83.07862393162394,104.84653736941688
3134,2025-09-07 12:11:00+02:00,87.47900500541125,106.8638344595791
3135,2025-09-07 12:12:00+02:00,91.7585212010212,108.88113154974135
3136,2025-09-07 12:13:00+02:00,93.02619658119654,110.90595158727614
3137,2025-09-07 12:14:00+02:00,94.4332727920228,115.93995057382813
3138,2025-09-07 12:15:00+02:00,99.73152777777776,123.37376977222124
3139,2025-09-07 12:16:00+02:00,105.3389701897019,123.96828566984786
3140,2025-09-07 12:17:00+02:00,100.42530949741317,114.80347411107513
3141,2025-09-07 12:18:00+02:00,94.42536652191892,113.97605908359361
3142,2025-09-07 12:19:00+02:00,95.77765313390312,116.68120245951323
3143,2025-09-07 12:20:00+02:00,100.64466503770667,119.38634583543279
3144,2025-09-07 12:21:00+02:00,102.7639208633094,122.09148921135247
3145,2025-09-07 12:22:00+02:00,103.44161870503596,124.796632587272
3146,2025-09-07 12:23:00+02:00,107.0359476418865,129.1084324456409
3147,2025-09-07 12:24:00+02:00,118.66277777777778,143.97669965639716
3148,2025-09-07 12:25:00+02:00,132.90914814814815,163.9540730159133
3149,2025-09-07 12:26:00+02:00,146.93282407407406,184.50770930626328
3150,2025-09-07 12:27:00+02:00,163.1125,205.40007077274385
3151,2025-09-07 12:28:00+02:00,173.24230589016554,219.61393099056372
3152,2025-09-07 12:29:00+02:00,172.9929603547209,216.03322865552573
3153,2025-09-07 12:30:00+02:00,169.25518518518518,209.981337385039
3154,2025-09-07 12:31:00+02:00,164.83824255952382,203.18506918686177
3155,2025-09-07 12:32:00+02:00,158.67579166666667,195.19779790437966
3156,2025-09-07 12:33:00+02:00,151.21599074074075,184.77027762021794
3157,2025-09-07 12:34:00+02:00,141.22249421296297,172.52455628715614
3158,2025-09-07 12:35:00+02:00,135.53791091954022,163.88473583625745
3159,2025-09-07 12:36:00+02:00,131.87918756530826,156.15350370654613
3160,2025-09-07 12:37:00+02:00,127.34906904186796,149.4527674068679
3161,2025-09-07 12:38:00+02:00,121.9752629556434,143.14131207767105
3162,2025-09-07 12:39:00+02:00,117.55858034083992,138.56061498875326
3163,2025-09-07 12:40:00+02:00,115.23020215633424,134.18980462673508
3164,2025-09-07 12:41:00+02:00,112.86761796733212,129.81899426471696
3165,2025-09-07 12:42:00+02:00,109.41399348032242,126.43321142041637
3166,2025-09-07 12:43:00+02:00,109.1424324324324,124.13614320096144
3167,2025-09-07 12:44:00+02:00,110.3006274131274,121.83907498150651
3168,2025-09-07 12:45:00+02:00,112.8252192982456,119.54200676205173
3169,2025-09-07 12:46:00+02:00,112.4032894736842,117.24493854259697
3170,2025-09-07 12:47:00+02:00,110.63753106725146,114.94787032314221
3171,2025-09-07 12:48:00+02:00,102.68178215303216,112.55927502299427
3172,2025-09-07 12:49:00+02:00,91.73500427350427,102.23017856605095
3173,2025-09-07 12:50:00+02:00,84.1453302373581,97.59821723960525
3174,2025-09-07 12:51:00+02:00,82.99184210526316,99.83012040318903
3175,2025-09-07 12:52:00+02:00,84.1286605263158,102.0620235667728
3176,2025-09-07 12:53:00+02:00,85.65095277777777,104.29392673035659
3177,2025-09-07 12:54:00+02:00,86.41489583333338,106.52582989394037
3178,2025-09-07 12:55:00+02:00,87.24721217105264,108.75773305752408
3179,2025-09-07 12:56:00+02:00,92.19372132253712,111.08267093457593
3180,2025-09-07 12:57:00+02:00,100.3568287037037,119.36183047358844
3181,2025-09-07 12:58:00+02:00,109.4542742165242,131.65127182686513
3182,2025-09-07 12:59:00+02:00,119.77894444444443,145.44724981356438
3183,2025-09-07 13:00:00+02:00,130.97046296296296,161.15320501818368
3184,2025-09-07 13:01:00+02:00,142.17440374440375,176.35389946594665
3185,2025-09-07 13:02:00+02:00,152.20630662393162,189.57605240325051
3186,2025-09-07 13:03:00+02:00,159.02759444444445,197.89436565315026
3187,2025-09-07 13:04:00+02:00,163.33045119047617,204.62429289005263
3188,2025-09-07 13:05:00+02:00,167.20904761904762,202.9376083785559
3189,2025-09-07 13:06:00+02:00,168.89435006435005,198.90301419823143
3190,2025-09-07 13:07:00+02:00,166.6914319126819,194.86842001790694
3191,2025-09-07 13:08:00+02:00,156.43355820105822,189.3819832348142
3192,2025-09-07 13:09:00+02:00,137.63006613756613,168.00971529994106
3193,2025-09-07 13:10:00+02:00,115.3658611111111,137.00368051302397
3194,2025-09-07 13:11:00+02:00,97.10811805555556,110.70080780079293
3195,2025-09-07 13:12:00+02:00,83.81099572649573,91.89355100328706
3196,2025-09-07 13:13:00+02:00,75.26268452380953,81.05232041672875
3197,2025-09-07 13:14:00+02:00,70.9780856374808,80.319566914861
3198,2025-09-07 13:15:00+02:00,68.69819743130228,80.319566914861
3199,2025-09-07 13:16:00+02:00,67.72982584712372,80.319566914861
3200,2025-09-07 13:17:00+02:00,68.01978723404257,80.319566914861
3201,2025-09-07 13:18:00+02:00,68.66078191489362,80.319566914861
3202,2025-09-07 13:19:00+02:00,70.21631140350878,80.319566914861
3203,2025-09-07 13:20:00+02:00,71.04397129186604,80.319566914861
3204,2025-09-07 13:21:00+02:00,71.47459330143543,80.319566914861
3205,2025-09-07 13:22:00+02:00,71.90521531100481,80.32246149125969
3206,2025-09-07 13:23:00+02:00,73.71717271551312,81.4831866271334
3207,2025-09-07 13:24:00+02:00,76.774227703236,83.5672816341885
3208,2025-09-07 13:25:00+02:00,77.30339779005526,85.65137664124356
3209,2025-09-07 13:26:00+02:00,76.78295580110499,87.7354716482986
3210,2025-09-07 13:27:00+02:00,76.27734612537466,89.81956665535361
3211,2025-09-07 13:28:00+02:00,76.67338235294118,91.9036616624086
3212,2025-09-07 13:29:00+02:00,77.9585673374613,93.9877566694636
3213,2025-09-07 13:30:00+02:00,82.1545562865497,96.86305267231292
3214,2025-09-07 13:31:00+02:00,87.64916666666666,104.33241897332269
3215,2025-09-07 13:32:00+02:00,95.0318287037037,113.0958365096411
3216,2025-09-07 13:33:00+02:00,102.97757326007326,124.18123495662331
3217,2025-09-07 13:34:00+02:00,110.6873247863248,134.71500683959053
3218,2025-09-07 13:35:00+02:00,115.66722544893378,141.6856911923576
3219,2025-09-07 13:36:00+02:00,115.71999999999998,136.8762036369755
3220,2025-09-07 13:37:00+02:00,113.00793430335098,130.93849899423387
3221,2025-09-07 13:38:00+02:00,107.27369047619048,125.84390960223445
3222,2025-09-07 13:39:00+02:00,107.54965354090352,121.87164895310622
3223,2025-09-07 13:40:00+02:00,112.32449018723212,117.90486307833342
3224,2025-09-07 13:41:00+02:00,105.16867691798944,113.9380772035606
3225,2025-09-07 13:42:00+02:00,87.3236011904762,100.35859714929569
3226,2025-09-07 13:43:00+02:00,78.57497495446265,88.39776106609105
3227,2025-09-07 13:44:00+02:00,74.37870722446952,81.35480104720543
3228,2025-09-07 13:45:00+02:00,68.5656173901957,81.22890502956169
3229,2025-09-07 13:46:00+02:00,66.15801749370364,82.03720557596226
3230,2025-09-07 13:47:00+02:00,66.12872881355935,82.84550612236288
3231,2025-09-07 13:48:00+02:00,66.93720697063739,83.65380666876347
3232,2025-09-07 13:49:00+02:00,68.07133802816901,84.46210721516408
3233,2025-09-07 13:50:00+02:00,69.96948232323233,85.27040776156467
3234,2025-09-07 13:51:00+02:00,71.64614583333335,86.07870830796527
3235,2025-09-07 13:52:00+02:00,75.20378228557506,86.88700885436597
3236,2025-09-07 13:53:00+02:00,78.82907755570612,87.69530940076666
3237,2025-09-07 13:54:00+02:00,82.30669612794613,92.5694145256635
3238,2025-09-07 13:55:00+02:00,87.70874722499723,100.85594795404943
3239,2025-09-07 13:56:00+02:00,93.20475852272727,107.79782323490183
3240,2025-09-07 13:57:00+02:00,97.97904135338348,113.58116282800066
3241,2025-09-07 13:58:00+02:00,101.2335012020629,117.8222958237651
3242,2025-09-07 13:59:00+02:00,103.71013098464316,122.05590586051821
3243,2025-09-07 14:00:00+02:00,106.83968398268398,126.27581813752471
3244,2025-09-07 14:01:00+02:00,110.69557990763872,130.05740210264528
3245,2025-09-07 14:02:00+02:00,112.64682432432431,133.63351967156936
3246,2025-09-07 14:03:00+02:00,114.04961902286902,137.2096372404933
3247,2025-09-07 14:04:00+02:00,116.16501025641026,140.78575480941717
3248,2025-09-07 14:05:00+02:00,120.35097352941176,142.5024188817063
3249,2025-09-07 14:06:00+02:00,123.23344975490195,140.02874332962688
3250,2025-09-07 14:07:00+02:00,122.3016271551724,137.39160635142593
3251,2025-09-07 14:08:00+02:00,119.59891159128227,134.754469373225
3252,2025-09-07 14:09:00+02:00,116.97690522243714,132.11733239502405
3253,2025-09-07 14:10:00+02:00,114.98597222222224,129.4801954168231
3254,2025-09-07 14:11:00+02:00,112.58746527777778,128.7121941958629
3255,2025-09-07 14:12:00+02:00,110.16307511737092,131.76064271399798
3256,2025-09-07 14:13:00+02:00,111.03025070422537,134.91815120294763
3257,2025-09-07 14:14:00+02:00,114.96445396825398,138.07565969189727
3258,2025-09-07 14:15:00+02:00,119.63156314699796,141.23316818084692
3259,2025-09-07 14:16:00+02:00,123.49292132616488,145.78353389181632
3260,2025-09-07 14:17:00+02:00,127.7593846930847,152.68861671774752
3261,2025-09-07 14:18:00+02:00,137.40746626984128,161.85767698454
3262,2025-09-07 14:19:00+02:00,153.82916666666668,181.4942676875541
3263,2025-09-07 14:20:00+02:00,169.39437037037038,202.21905760796173
3264,2025-09-07 14:21:00+02:00,185.5012896825397,222.8940059844171
3265,2025-09-07 14:22:00+02:00,208.28526455026451,250.48458033043346
3266,2025-09-07 14:23:00+02:00,225.49219312169316,273.43176535273943
3267,2025-09-07 14:24:00+02:00,246.6281349206349,293.44155245828534
3268,2025-09-07 14:25:00+02:00,246.3586177248677,290.6974547552742
3269,2025-09-07 14:26:00+02:00,234.75494570244567,280.8438179137931
3270,2025-09-07 14:27:00+02:00,229.30753338675217,273.16824849756597
3271,2025-09-07 14:28:00+02:00,216.75974702380952,260.63586882482656
3272,2025-09-07 14:29:00+02:00,197.73787698412696,237.77367527152862
3273,2025-09-07 14:30:00+02:00,180.4310185185185,215.3157386938788
3274,2025-09-07 14:31:00+02:00,159.13392857142858,191.2049853718207
3275,2025-09-07 14:32:00+02:00,138.32937996031748,164.18685953191056
3276,2025-09-07 14:33:00+02:00,125.7396527777778,146.86305332545228
3277,2025-09-07 14:34:00+02:00,123.69566666666668,150.08862731857633
3278,2025-09-07 14:35:00+02:00,131.51849326599327,156.6878309673928
3279,2025-09-07 14:36:00+02:00,144.83958723146222,166.03827338672002
3280,2025-09-07 14:37:00+02:00,218.0834084084084,227.2131008576763
3281,2025-09-07 14:38:00+02:00,510.0570138888889,492.6618164676569
3282,2025-09-07 14:39:00+02:00,306.8886111111111,335.8740844326946
3283,2025-09-07 14:40:00+02:00,195.0892748397436,229.24079880923478
3284,2025-09-07 14:41:00+02:00,183.71258703703705,226.3161351388002
3285,2025-09-07 14:42:00+02:00,183.06033333333332,230.45690285018583
3286,2025-09-07 14:43:00+02:00,188.3892720797721,234.59767056157148
3287,2025-09-07 14:44:00+02:00,205.93645833333332,246.77349942719349
3288,2025-09-07 14:45:00+02:00,228.1223055555556,270.93685081727705
3289,2025-09-07 14:46:00+02:00,252.0605238095238,299.61686968087145
3290,2025-09-07 14:47:00+02:00,255.6673703703704,307.0907303193268
3291,2025-09-07 14:48:00+02:00,243.52238425925927,294.06799172729274
3292,2025-09-07 14:49:00+02:00,230.0360515873016,279.3151190836796
3293,2025-09-07 14:50:00+02:00,207.51839285714289,253.6124942323642
3294,2025-09-07 14:51:00+02:00,183.45834482038427,225.35562829067962
3295,2025-09-07 14:52:00+02:00,177.66988648705097,210.7087091832042
3296,2025-09-07 14:53:00+02:00,175.04552579365077,215.0966264350933
3297,2025-09-07 14:54:00+02:00,188.21016666666665,225.1609924002667
3298,2025-09-07 14:55:00+02:00,191.9875992063492,233.45895944094033
3299,2025-09-07 14:56:00+02:00,206.9806904761905,248.6815676702014
3300,2025-09-07 14:57:00+02:00,225.80704365079364,273.8821893292959
3301,2025-09-07 14:58:00+02:00,246.64727182539684,298.854021612966
3302,2025-09-07 14:59:00+02:00,252.20083364129096,308.99603036769037
3303,2025-09-07 15:00:00+02:00,257.7653464963221,317.9158549301781
3304,2025-09-07 15:01:00+02:00,267.41019841269843,326.3365669972394
3305,2025-09-07 15:02:00+02:00,279.2023611111111,335.32513146460786
3306,2025-09-07 15:03:00+02:00,288.7804401709401,345.51966057933663
3307,2025-09-07 15:04:00+02:00,284.8947797619048,342.48077242871193
3308,2025-09-07 15:05:00+02:00,322.36358333333334,375.9987027963886
3309,2025-09-07 15:06:00+02:00,333.70373015873014,387.64773709236744
3310,2025-09-07 15:07:00+02:00,366.9766666666667,424.76674100665684
3311,2025-09-07 15:08:00+02:00,422.769,459.87302555776404
3312,2025-09-07 15:09:00+02:00,392.0912638888889,435.7784957812709
3313,2025-09-07 15:10:00+02:00,299.95708333333334,356.3615960101169
3314,2025-09-07 15:11:00+02:00,269.90744909688016,318.26513296587655
3315,2025-09-07 15:12:00+02:00,261.9007193090485,307.2770169700569
3316,2025-09-07 15:13:00+02:00,256.2708978174603,302.57392202646673
3317,2025-09-07 15:14:00+02:00,251.2493931051587,307.1375887632214
3318,2025-09-07 15:15:00+02:00,250.7980677083333,312.0040580322726
3319,2025-09-07 15:16:00+02:00,290.77519841269844,337.0935233580213
3320,2025-09-07 15:17:00+02:00,320.3688210978836,364.9805262234897
3321,2025-09-07 15:18:00+02:00,307.8490873015873,353.20718197218497
3322,2025-09-07 15:19:00+02:00,287.2380092592593,326.22915932841704
3323,2025-09-07 15:20:00+02:00,260.44462855297155,304.85041786458464
3324,2025-09-07 15:21:00+02:00,256.5176375430663,295.9536829117959
3325,2025-09-07 15:22:00+02:00,240.07547875817,281.7047329000316
3326,2025-09-07 15:23:00+02:00,234.840095996732,270.31501696924414
3327,2025-09-07 15:24:00+02:00,223.27597222222224,260.480346826161
3328,2025-09-07 15:25:00+02:00,206.63354956604957,248.24091458922976
3329,2025-09-07 15:26:00+02:00,203.25808677098152,251.94840478342718
3330,2025-09-07 15:27:00+02:00,209.3465555555556,257.40560153600484
3331,2025-09-07 15:28:00+02:00,223.30315277777777,260.6531000308614
3332,2025-09-07 15:29:00+02:00,200.9269427910053,236.5848066318801
3333,2025-09-07 15:30:00+02:00,186.36494318181815,220.50337561668067
3334,2025-09-07 15:31:00+02:00,176.72240740740742,208.46079970332926
3335,2025-09-07 15:32:00+02:00,167.13802243589743,197.68926773526346
3336,2025-09-07 15:33:00+02:00,164.69660256410256,190.57718888162768
3337,2025-09-07 15:34:00+02:00,157.59733333333335,184.14360758616786
3338,2025-09-07 15:35:00+02:00,153.4895033112583,182.59652938608662
3339,2025-09-07 15:36:00+02:00,152.09811258278145,182.59652938608662
3340,2025-09-07 15:37:00+02:00,151.47427152317874,182.59652938608662
3341,2025-09-07 15:38:00+02:00,150.60182475254575,182.59652938608662
3342,2025-09-07 15:39:00+02:00,149.6319804951238,182.59652938608662
3343,2025-09-07 15:40:00+02:00,150.56538461538466,182.59652938608662
3344,2025-09-07 15:41:00+02:00,151.87453063885266,182.59652938608662
3345,2025-09-07 15:42:00+02:00,153.41185420590082,182.59652938608662
3346,2025-09-07 15:43:00+02:00,154.94522852639872,182.59652938608662
3347,2025-09-07 15:44:00+02:00,153.6719184397163,181.984615935404
3348,2025-09-07 15:45:00+02:00,150.25856834795323,179.05617299285188
3349,2025-09-07 15:46:00+02:00,148.43989473684212,175.90918953219872
3350,2025-09-07 15:47:00+02:00,147.3001403508772,172.76220607154568
3351,2025-09-07 15:48:00+02:00,145.63709494324044,169.6152226108926
3352,2025-09-07 15:49:00+02:00,145.3084477124183,170.45192059447893
3353,2025-09-07 15:50:00+02:00,162.97119047619046,187.2103500539467
3354,2025-09-07 15:51:00+02:00,153.91072420634922,179.45281721801217
3355,2025-09-07 15:52:00+02:00,144.0108611111111,166.46915610346227
3356,2025-09-07 15:53:00+02:00,139.83436455722642,160.23387418841537
3357,2025-09-07 15:54:00+02:00,135.48438500765803,154.51208607813695
3358,2025-09-07 15:55:00+02:00,129.9612832270069,149.64108128716313
3359,2025-09-07 15:56:00+02:00,126.04486243386242,145.9732044224784
3360,2025-09-07 15:57:00+02:00,123.22459340659344,142.31392132869576
3361,2025-09-07 15:58:00+02:00,121.46218137254904,138.65463823491305
3362,2025-09-07 15:59:00+02:00,119.51429738562092,134.12798451104683
3363,2025-09-07 16:00:00+02:00,113.5775,126.13184826684636
3364,2025-09-07 16:01:00+02:00,105.33725694444443,117.01986905416987
3365,2025-09-07 16:02:00+02:00,97.0481971153846,106.43918203333386
3366,2025-09-07 16:03:00+02:00,92.64030555555556,103.25280334526468
3367,2025-09-07 16:04:00+02:00,92.92353174603176,102.44172513375615
3368,2025-09-07 16:05:00+02:00,93.44527518978607,101.63064692224762
3369,2025-09-07 16:06:00+02:00,92.565,100.81956871073909
3370,2025-09-07 16:07:00+02:00,90.68278260869566,100.00849049923056
3371,2025-09-07 16:08:00+02:00,88.59550825082509,99.19741228772203
3372,2025-09-07 16:09:00+02:00,87.96868811881187,98.3863340762135
3373,2025-09-07 16:10:00+02:00,87.50235148514851,97.575255864705
3374,2025-09-07 16:11:00+02:00,86.99638809275665,96.76417765319646
3375,2025-09-07 16:12:00+02:00,85.37054756030703,94.60610388732927
3376,2025-09-07 16:13:00+02:00,83.74334069293478,88.06048348548045
3377,2025-09-07 16:14:00+02:00,81.33770172978028,83.88096795057955
3378,2025-09-07 16:15:00+02:00,78.10667530721966,79.9958031843412
3379,2025-09-07 16:16:00+02:00,75.26250467237425,76.11063841810278
3380,2025-09-07 16:17:00+02:00,71.90666337285903,72.15924253256165
3381,2025-09-07 16:18:00+02:00,68.11088709677419,67.88970073465586
3382,2025-09-07 16:19:00+02:00,64.40375133652081,63.57876448718588
3383,2025-09-07 16:20:00+02:00,61.74440019910404,59.26782823971587
3384,2025-09-07 16:21:00+02:00,60.203232182925525,56.39942974324461
3385,2025-09-07 16:22:00+02:00,59.65405759162305,55.57098362192316
3386,2025-09-07 16:23:00+02:00,59.16086387434556,54.75710858899562
3387,2025-09-07 16:24:00+02:00,58.49387715033657,53.94323355606808
3388,2025-09-07 16:25:00+02:00,57.00002407704654,53.12935852314054
3389,2025-09-07 16:26:00+02:00,55.876399212522806,52.31548349021298
3390,2025-09-07 16:27:00+02:00,54.72532051282051,51.50160845728544
3391,2025-09-07 16:28:00+02:00,53.71833165997324,50.6877334243579
3392,2025-09-07 16:29:00+02:00,53.114457831325325,49.87385839143042
3393,2025-09-07 16:30:00+02:00,52.52168674698797,49.0205651755244
3394,2025-09-07 16:31:00+02:00,51.787387387387376,47.24376024412059
3395,2025-09-07 16:32:00+02:00,50.92826178588226,45.07840465192808
3396,2025-09-07 16:33:00+02:00,49.88500000000001,42.9130490597356
3397,2025-09-07 16:34:00+02:00,48.81450238453815,41.14768276443422
3398,2025-09-07 16:35:00+02:00,47.85913254310345,40.9822736566973
3399,2025-09-07 16:36:00+02:00,46.440868226600976,40.9822736566973
3400,2025-09-07 16:37:00+02:00,44.82973389355743,40.9822736566973
3401,2025-09-07 16:38:00+02:00,44.87943277310927,40.9822736566973
3402,2025-09-07 16:39:00+02:00,45.29539915966388,40.9822736566973
3403,2025-09-07 16:40:00+02:00,45.711365546218495,40.9822736566973
3404,2025-09-07 16:41:00+02:00,46.30352361634309,40.9822736566973
3405,2025-09-07 16:42:00+02:00,47.45849156836056,40.9822736566973
3406,2025-09-07 16:43:00+02:00,47.06542763157893,40.9822736566973
3407,2025-09-07 16:44:00+02:00,46.44569078947367,41.92001115254846
3408,2025-09-07 16:45:00+02:00,45.227483060417846,43.827273855974546
3409,2025-09-07 16:46:00+02:00,43.801558441558434,45.73453655940065
3410,2025-09-07 16:47:00+02:00,43.57582251082251,47.64179926282677
3411,2025-09-07 16:48:00+02:00,44.53888311688312,49.54906196625292
3412,2025-09-07 16:49:00+02:00,46.12987878787879,51.45632466967909
3413,2025-09-07 16:50:00+02:00,49.147281746031744,53.36358737310523
3414,2025-09-07 16:51:00+02:00,52.475895536562206,55.27085007653133
3415,2025-09-07 16:52:00+02:00,54.93265516890517,56.477881924021716
3416,2025-09-07 16:53:00+02:00,55.34257936507935,55.77769203163207
3417,2025-09-07 16:54:00+02:00,54.59496031746031,54.966613820123555
3418,2025-09-07 16:55:00+02:00,53.41281860311155,54.155535608615025
3419,2025-09-07 16:56:00+02:00,51.945526315789465,53.344457397106495
3420,2025-09-07 16:57:00+02:00,51.1925065859537,52.533379185597965
3421,2025-09-07 16:58:00+02:00,51.46883386581468,51.722300974089435
3422,2025-09-07 16:59:00+02:00,51.769792332268345,50.91122276258092
3423,2025-09-07 17:00:00+02:00,52.07075079872201,50.10014455107239
3424,2025-09-07 17:01:00+02:00,52.37170926517569,49.289066339563846
3425,2025-09-07 17:02:00+02:00,52.84248817396042,49.28906633956383
3426,2025-09-07 17:03:00+02:00,53.851836240310085,50.10014455107236
3427,2025-09-07 17:04:00+02:00,54.95172619047619,50.91122276258089
3428,2025-09-07 17:05:00+02:00,55.91259561803444,51.72230097408941
3429,2025-09-07 17:06:00+02:00,56.58634751773048,52.53337918559794
3430,2025-09-07 17:07:00+02:00,57.27096177131984,53.34445739710647
3431,2025-09-07 17:08:00+02:00,58.05817073170732,54.155535608615
3432,2025-09-07 17:09:00+02:00,58.758541040204925,54.96661382012353
3433,2025-09-07 17:10:00+02:00,58.55726027397261,55.77769203163204
3434,2025-09-07 17:11:00+02:00,58.14630136986303,56.54145734746925
3435,2025-09-07 17:12:00+02:00,57.73534246575344,56.71719095996278
3436,2025-09-07 17:13:00+02:00,57.36190589636689,56.71719095996278
3437,2025-09-07 17:14:00+02:00,57.09478260869566,56.71719095996278
3438,2025-09-07 17:15:00+02:00,56.8339130434783,56.71719095996278
3439,2025-09-07 17:16:00+02:00,56.57304347826092,56.71719095996278
3440,2025-09-07 17:17:00+02:00,56.31217391304352,56.71719095996278
3441,2025-09-07 17:18:00+02:00,56.0513043478261,56.71719095996278
3442,2025-09-07 17:19:00+02:00,56.16010288065843,56.71719095996278
3443,2025-09-07 17:20:00+02:00,56.62183127572016,56.71719095996278
3444,2025-09-07 17:21:00+02:00,57.08355967078188,56.71719095996278
3445,2025-09-07 17:22:00+02:00,57.545288065843614,56.71719095996278
3446,2025-09-07 17:23:00+02:00,57.93281967213115,56.71719095996278
3447,2025-09-07 17:24:00+02:00,58.2436393442623,56.71719095996278
3448,2025-09-07 17:25:00+02:00,58.55445901639344,56.71719095996278
3449,2025-09-07 17:26:00+02:00,58.86527868852459,56.71719095996278
3450,2025-09-07 17:27:00+02:00,59.176098360655736,56.71719095996278
3451,2025-09-07 17:28:00+02:00,58.91486433832264,56.71719095996278
3452,2025-09-07 17:29:00+02:00,57.47328502415459,56.71719095996278
3453,2025-09-07 17:30:00+02:00,55.91781481481481,56.71719095996278
3454,2025-09-07 17:31:00+02:00,54.85319344344344,55.698569901017876
3455,2025-09-07 17:32:00+02:00,53.67724041184041,53.05015514776113
3456,2025-09-07 17:33:00+02:00,52.91768571428573,50.38322001161448
3457,2025-09-07 17:34:00+02:00,52.3794,47.71628487546778
3458,2025-09-07 17:35:00+02:00,51.77334545454545,45.04934973932104
3459,2025-09-07 17:36:00+02:00,49.94567687747036,42.38241460317432
3460,2025-09-07 17:37:00+02:00,48.32868333690298,40.59634840442272
3461,2025-09-07 17:38:00+02:00,47.78182266009853,39.783874189107806
3462,2025-09-07 17:39:00+02:00,47.27344827586208,38.9713999737929
3463,2025-09-07 17:40:00+02:00,46.73375498475253,38.158925758477984
3464,2025-09-07 17:41:00+02:00,45.8911224489796,37.34645154316308
3465,2025-09-07 17:42:00+02:00,45.03774725274726,36.53397732784816
3466,2025-09-07 17:43:00+02:00,44.33884615384617,35.72150311253325
3467,2025-09-07 17:44:00+02:00,43.70013083228248,34.90902889721834
3468,2025-09-07 17:45:00+02:00,43.28854508196722,34.09655468190343
3469,2025-09-07 17:46:00+02:00,42.902479508196734,33.3179335588933
3470,2025-09-07 17:47:00+02:00,42.516413934426254,33.114815005064564
3471,2025-09-07 17:48:00+02:00,42.09375846400571,33.114815005064564
3472,2025-09-07 17:49:00+02:00,41.471521739130445,33.114815005064564
3473,2025-09-07 17:50:00+02:00,40.81322360248448,33.114815005064564
3474,2025-09-07 17:51:00+02:00,39.989571428571416,33.114815005064564
3475,2025-09-07 17:52:00+02:00,39.2223182434264,33.114815005064564
3476,2025-09-07 17:53:00+02:00,39.268814041745735,33.114815005064564
3477,2025-09-07 17:54:00+02:00,39.45666982922201,33.114815005064564
3478,2025-09-07 17:55:00+02:00,39.64452561669829,33.114815005064564
3479,2025-09-07 17:56:00+02:00,39.83238140417456,33.46567937031747
3480,2025-09-07 17:57:00+02:00,40.02023719165084,34.99058988083974
3481,2025-09-07 17:58:00+02:00,40.20809297912714,36.60996387431473
3482,2025-09-07 17:59:00+02:00,40.39594876660342,38.229337867789745
3483,2025-09-07 18:00:00+02:00,40.5838045540797,39.84871186126475
3484,2025-09-07 18:01:00+02:00,41.36095577922613,41.468085854739776
3485,2025-09-07 18:02:00+02:00,43.88387799564271,43.08745984821478
3486,2025-09-07 18:03:00+02:00,46.4421875,44.70683384168979
3487,2025-09-07 18:04:00+02:00,48.52940120967741,46.32620783516481
3488,2025-09-07 18:05:00+02:00,49.945243137512016,47.945581828639824
3489,2025-09-07 18:06:00+02:00,49.5498780487805,48.250439494312
3490,2025-09-07 18:07:00+02:00,48.67821895424837,46.64630316706521
3491,2025-09-07 18:08:00+02:00,47.01863849385908,45.024146744048146
3492,2025-09-07 18:09:00+02:00,46.45774725274728,43.40199032103109
3493,2025-09-07 18:10:00+02:00,45.963241758241765,41.77983389801406
3494,2025-09-07 18:11:00+02:00,45.31101488627652,40.15767747499699
3495,2025-09-07 18:12:00+02:00,44.2625303911205,38.53552105197995
3496,2025-09-07 18:13:00+02:00,43.605170454545465,36.913364628962896
3497,2025-09-07 18:14:00+02:00,43.09380681818183,35.29120820594583
3498,2025-09-07 18:15:00+02:00,42.534570565202586,33.653995840080384
3499,2025-09-07 18:16:00+02:00,41.4279213483146,31.253949036564613
3500,2025-09-07 18:17:00+02:00,39.67009852549179,28.427317185678604
3501,2025-09-07 18:18:00+02:00,36.98270880255255,25.79697921332634
3502,2025-09-07 18:19:00+02:00,34.459408049353705,25.247356353431826
3503,2025-09-07 18:20:00+02:00,32.529067321178125,25.247356353431826
3504,2025-09-07 18:21:00+02:00,31.362894585253454,25.247356353431826
3505,2025-09-07 18:22:00+02:00,31.081651785714268,25.247356353431826
3506,2025-09-07 18:23:00+02:00,30.851294642857116,25.247356353431826
3507,2025-09-07 18:24:00+02:00,30.62093749999998,25.247356353431826
3508,2025-09-07 18:25:00+02:00,30.39058035714284,25.247356353431826
3509,2025-09-07 18:26:00+02:00,30.160223214285704,25.247356353431826
3510,2025-09-07 18:27:00+02:00,29.929866071428563,25.247356353431826
3511,2025-09-07 18:28:00+02:00,29.647894345238097,24.589908555245245
3512,2025-09-07 18:29:00+02:00,28.10833333333333,22.069691995530036
3513,2025-09-07 18:30:00+02:00,26.127849099099095,19.43990080278371
3514,2025-09-07 18:31:00+02:00,24.77929617117117,16.810109610037387
3515,2025-09-07 18:32:00+02:00,23.29241883116883,14.180318417291065
3516,2025-09-07 18:33:00+02:00,22.115547619047614,11.550527224544744
3517,2025-09-07 18:34:00+02:00,21.194954545454557,9.397781738374167
3518,2025-09-07 18:35:00+02:00,20.349659874608147,8.517158136405584
3519,2025-09-07 18:36:00+02:00,19.564741379310338,7.70468392109067
3520,2025-09-07 18:37:00+02:00,18.63765517241379,6.892209705775755
3521,2025-09-07 18:38:00+02:00,17.183854166666666,6.079735490460845
3522,2025-09-07 18:39:00+02:00,16.14197916666667,5.267261275145934
3523,2025-09-07 18:40:00+02:00,15.319602649006626,4.454787059831023
3524,2025-09-07 18:41:00+02:00,14.667947019867553,3.642312844516116
3525,2025-09-07 18:42:00+02:00,14.035167165135654,2.829838629201202
3526,2025-09-07 18:43:00+02:00,13.528225806451609,2.017364413886284
3527,2025-09-07 18:44:00+02:00,13.044354838709674,1.0288541185864695
3528,2025-09-07 18:45:00+02:00,12.57063918757467,-0.10860978285440304
3529,2025-09-07 18:46:00+02:00,12.20456989247312,-1.2460736842952773
3530,2025-09-07 18:47:00+02:00,11.86693548387097,-2.383537585736157
3531,2025-09-07 18:48:00+02:00,11.52930107526882,-3.5210014871770365
3532,2025-09-07 18:49:00+02:00,11.191666666666672,-4.658465388617918
3533,2025-09-07 18:50:00+02:00,10.839042869269951,-5.788030235187684
3534,2025-09-07 18:51:00+02:00,10.446447368421053,-6.2224782530991325
3535,2025-09-07 18:52:00+02:00,10.051710526315787,-6.2224782530991325
3536,2025-09-07 18:53:00+02:00,9.656973684210524,-6.2224782530991325
3537,2025-09-07 18:54:00+02:00,9.247093447088035,-6.2224782530991325
3538,2025-09-07 18:55:00+02:00,8.817054794520542,-6.2224782530991325
3539,2025-09-07 18:56:00+02:00,8.386917808219176,-6.2224782530991325
3540,2025-09-07 18:57:00+02:00,7.950852135374698,-6.2224782530991325
3541,2025-09-07 18:58:00+02:00,7.4041176470588255,-6.2224782530991325
3542,2025-09-07 18:59:00+02:00,6.81588235294118,-6.2224782530991325
3543,2025-09-07 19:00:00+02:00,6.23275246514791,-6.290184437708709
3544,2025-09-07 19:01:00+02:00,5.663236994219653,-6.960475665343511
3545,2025-09-07 19:02:00+02:00,5.094450867052022,-7.772949880658421
3546,2025-09-07 19:03:00+02:00,4.560896955302465,-8.585424095973332
3547,2025-09-07 19:04:00+02:00,4.090346534653462,-9.397898311288241
3548,2025-09-07 19:05:00+02:00,3.621039603960394,-10.210372526603155
3549,2025-09-07 19:06:00+02:00,3.1797691889516053,-11.02284674191807
3550,2025-09-07 19:07:00+02:00,2.925408878504674,-11.835320957232986
3551,2025-09-07 19:08:00+02:00,2.705315420560748,-12.6477951725479
3552,2025-09-07 19:09:00+02:00,2.485221962616824,-13.460269387862814
3553,2025-09-07 19:10:00+02:00,2.265128504672899,-14.059469121657562
3554,2025-09-07 19:11:00+02:00,2.045035046728974,-14.089936904731871
3555,2025-09-07 19:12:00+02:00,1.824941588785048,-14.089936904731871
3556,2025-09-07 19:13:00+02:00,1.611350708991299,-14.089936904731871
3557,2025-09-07 19:14:00+02:00,1.478577586206896,-14.089936904731871
3558,2025-09-07 19:15:00+02:00,1.3699568965517228,-14.089936904731871
3559,2025-09-07 19:16:00+02:00,1.26133620689655,-14.089936904731871
3560,2025-09-07 19:17:00+02:00,1.1527155172413768,-14.089936904731871
3561,2025-09-07 19:18:00+02:00,1.044094827586204,-14.089936904731871
3562,2025-09-07 19:19:00+02:00,0.935474137931032,-14.089936904731871
3563,2025-09-07 19:20:00+02:00,0.8268534482758603,-14.089936904731871
3564,2025-09-07 19:21:00+02:00,0.7182327586206885,-14.089936904731871
3565,2025-09-07 19:22:00+02:00,0.6096120689655168,-14.089936904731871
3566,2025-09-07 19:23:00+02:00,0.5143649212824272,-14.089936904731871
3567,2025-09-07 19:24:00+02:00,0.461358595194085,-14.089936904731871
3568,2025-09-07 19:25:00+02:00,0.4114510166358596,-14.089936904731871
3569,2025-09-07 19:26:00+02:00,0.3615434380776341,-14.089936904731871
3570,2025-09-07 19:27:00+02:00,0.3116358595194086,-14.089936904731871
3571,2025-09-07 19:28:00+02:00,0.2617282809611831,-14.089936904731871
3572,2025-09-07 19:29:00+02:00,0.2118207024029577,-14.089936904731871
3573,2025-09-07 19:30:00+02:00,0.1619131238447322,-14.089936904731871
3574,2025-09-07 19:31:00+02:00,0.1120055452865065,-14.089936904731871
3575,2025-09-07 19:32:00+02:00,0.0729112754158965,-14.089936904731871
3576,2025-09-07 19:33:00+02:00,0.07,-14.089936904731871
3577,2025-09-07 19:34:00+02:00,0.07,-14.089936904731871
3578,2025-09-07 19:35:00+02:00,0.07,-14.089936904731871
3579,2025-09-07 19:36:00+02:00,0.07,-14.089936904731871
3580,2025-09-07 19:37:00+02:00,0.07,-14.089936904731871
3581,2025-09-07 19:38:00+02:00,0.07,-14.089936904731871
3582,2025-09-07 19:39:00+02:00,0.07,-14.089936904731871
3583,2025-09-07 19:40:00+02:00,0.07,-14.089936904731871
3584,2025-09-07 19:41:00+02:00,0.0700114744693057,-14.089936904731871
3585,2025-09-07 19:42:00+02:00,0.0746127366609294,-14.089936904731871
3586,2025-09-07 19:43:00+02:00,0.0828743545611015,-14.089936904731871
3587,2025-09-07 19:44:00+02:00,0.0911359724612737,-14.089936904731871
3588,2025-09-07 19:45:00+02:00,0.0993975903614459,-14.089936904731871
3589,2025-09-07 19:46:00+02:00,0.107659208261618,-14.089936904731871
3590,2025-09-07 19:47:00+02:00,0.1159208261617901,-14.089936904731871
3591,2025-09-07 19:48:00+02:00,0.1241824440619622,-14.089936904731871
3592,2025-09-07 19:49:00+02:00,0.1324440619621342,-14.089936904731871
3593,2025-09-07 19:50:00+02:00,0.1407056798623063,-14.089936904731871
3594,2025-09-07 19:51:00+02:00,0.1483935742971887,-14.089936904731871
3595,2025-09-07 19:52:00+02:00,0.15,-14.089936904731871
3596,2025-09-07 19:53:00+02:00,0.15,-14.089936904731871
3597,2025-09-07 19:54:00+02:00,0.15,-14.089936904731871
3598,2025-09-07 19:55:00+02:00,0.15,-14.089936904731871
3599,2025-09-07 19:56:00+02:00,0.15,-14.089936904731871
3600,2025-09-07 19:57:00+02:00,0.15,-14.089936904731871
3601,2025-09-07 19:58:00+02:00,0.15,-14.089936904731871
3602,2025-09-07 19:59:00+02:00,0.15,-14.089936904731871
3603,2025-09-07 20:00:00+02:00,0.15,-14.089936904731871
