time,irr_1_MAX_VALUE,irr_2_MAX_VALUE,irr_3_MAX_VALUE,irr_dav_1_MAX_VALUE
2025-09-04 05:00:00+02:00,0.0,0.0,0.0,9.231776773950688
2025-09-04 05:01:00+02:00,0.0,0.0,0.0,4.704665404040404
2025-09-04 05:02:00+02:00,0.0,0.0,0.0,12.008492063492064
2025-09-04 05:03:00+02:00,0.0,0.0,0.0,10.161666666666664
2025-09-04 05:04:00+02:00,0.0,0.0,0.0,11.244766009852215
2025-09-04 05:05:00+02:00,0.0,0.0,0.0,11.05645061728395
2025-09-04 05:06:00+02:00,0.0,0.0,0.0,4.391586538461538
2025-09-04 05:07:00+02:00,0.0,0.0,0.0,9.839023795300676
2025-09-04 05:08:00+02:00,0.0,0.0,0.0,7.593682795698925
2025-09-04 05:09:00+02:00,0.0,0.0,0.0,9.28898148148148
2025-09-04 05:10:00+02:00,0.0,0.0,0.0,7.300175653594771
2025-09-04 05:11:00+02:00,0.0,0.0,0.0,11.944659786721706
2025-09-04 05:12:00+02:00,0.0,0.0,0.0,9.340016291951777
2025-09-04 05:13:00+02:00,0.0,0.0,0.0,11.361290322580643
2025-09-04 05:14:00+02:00,0.0,0.0,0.0,5.33653634085213
2025-09-04 05:15:00+02:00,0.0,0.0,0.0,11.338849206349204
2025-09-04 05:16:00+02:00,0.0,0.0,0.0,12.653005291005291
2025-09-04 05:17:00+02:00,0.0,0.0,0.0,8.136484848484848
2025-09-04 05:18:00+02:00,0.0,0.0,0.0,6.38236111111111
2025-09-04 05:19:00+02:00,0.0,0.0,0.0,8.925095238095237
2025-09-04 05:20:00+02:00,0.0,0.0,0.0,9.34657738095238
2025-09-04 05:21:00+02:00,0.0,0.0,0.0,7.56988492063492
2025-09-04 05:22:00+02:00,0.0,0.0,0.0,10.677013888888888
2025-09-04 05:23:00+02:00,0.0,0.0,0.0,10.81254072681704
2025-09-04 05:24:00+02:00,0.0,0.0,0.0,7.523323412698413
2025-09-04 05:25:00+02:00,0.0,0.0,0.0,10.505537878787878
2025-09-04 05:26:00+02:00,0.0,0.0,0.0,8.387188552188553
2025-09-04 05:27:00+02:00,0.0,0.0,0.0,11.797598484848486
2025-09-04 05:28:00+02:00,0.0,0.0,0.0,7.931528846153846
2025-09-04 05:29:00+02:00,0.0,0.0,0.0,10.518148148148148
2025-09-04 05:30:00+02:00,0.0,0.0,0.0,8.008584656084656
2025-09-04 05:31:00+02:00,0.0,0.0,0.0,9.303257936507936
2025-09-04 05:32:00+02:00,0.0,0.0,0.0,10.637055555555555
2025-09-04 05:33:00+02:00,0.0,0.0,0.0,11.725776515151514
2025-09-04 05:34:00+02:00,0.0,0.0,0.0,10.318263888888888
2025-09-04 05:35:00+02:00,0.0,0.0,0.0,12.284913793103447
2025-09-04 05:36:00+02:00,0.0,0.0,0.0,10.35546783625731
2025-09-04 05:37:00+02:00,0.0,0.0,0.0,11.65573611111111
2025-09-04 05:38:00+02:00,0.0,0.0,0.0,10.483391934293095
2025-09-04 05:39:00+02:00,0.0,0.0,0.0,12.299836563307494
2025-09-04 05:40:00+02:00,0.0,0.0,0.0,10.46062962962963
2025-09-04 05:41:00+02:00,0.0,0.0,0.0,11.814533730158727
2025-09-04 05:42:00+02:00,0.0,0.0,0.0,12.376398809523808
2025-09-04 05:43:00+02:00,0.0,0.0,0.0,11.939322916666669
2025-09-04 05:44:00+02:00,0.0,0.0,0.0,10.552448653198653
2025-09-04 05:45:00+02:00,0.0,0.0,0.0,11.510642091648188
2025-09-04 05:46:00+02:00,0.0,0.0,0.0,9.062761130468449
2025-09-04 05:47:00+02:00,0.0,0.0,0.0,12.68114620467252
2025-09-04 05:48:00+02:00,0.0,0.0,0.0,11.55127435897436
2025-09-04 05:49:00+02:00,0.0,0.0,0.0,13.434580200501252
2025-09-04 05:50:00+02:00,0.0,0.0,0.0,13.403912927350428
2025-09-04 05:51:00+02:00,0.0,0.0,0.0,12.440531844316672
2025-09-04 05:52:00+02:00,0.0,0.0,0.0,13.221550925925923
2025-09-04 05:53:00+02:00,0.0,0.0,0.0,14.277727185649598
2025-09-04 05:54:00+02:00,0.0,0.0,0.0,14.287992212036327
2025-09-04 05:55:00+02:00,0.0,0.0,0.0,14.444393939393938
2025-09-04 05:56:00+02:00,0.0,0.0,0.0,9.922928030303032
2025-09-04 05:57:00+02:00,0.0,0.0,0.0,13.079947811447813
2025-09-04 05:58:00+02:00,0.0,0.0,0.0,13.715840982286636
2025-09-04 05:59:00+02:00,0.0,0.0,0.0,12.920304347826084
2025-09-04 06:00:00+02:00,0.0,0.0,0.0,16.869637992241252
2025-09-04 06:01:00+02:00,0.0,0.0,0.0,10.757930790960453
2025-09-04 06:02:00+02:00,0.0,0.0,0.0,14.392423903998598
2025-09-04 06:03:00+02:00,0.0,0.0,0.0,18.444014355742297
2025-09-04 06:04:00+02:00,0.0,0.0,0.0,20.63370098039216
2025-09-04 06:05:00+02:00,0.0,0.0,0.0,17.493537763638503
2025-09-04 06:06:00+02:00,0.0,0.3094629197226233,0.0,17.217755758807588
2025-09-04 06:07:00+02:00,0.0,0.5667143582142085,0.0,22.838871212121216
2025-09-04 06:08:00+02:00,0.5101168939175658,0.713687521423987,0.0,22.584483327181
2025-09-04 06:09:00+02:00,0.8851992875461575,0.8851992875461575,0.0,25.3485443583118
2025-09-04 06:10:00+02:00,1.082806807172631,1.082806807172631,0.0,22.00681917211329
2025-09-04 06:11:00+02:00,1.3076245914136129,1.3076245914136129,0.0,23.99084656084656
2025-09-04 06:12:00+02:00,1.558062361961405,1.558062361961405,0.0,24.375820105820107
2025-09-04 06:13:00+02:00,1.6449803985336064,1.8365788018794715,0.0,21.78684135472371
2025-09-04 06:14:00+02:00,1.6449803985336064,2.1435215996431904,0.0,21.73517948717949
2025-09-04 06:15:00+02:00,1.6449803985336064,2.4789874691660314,0.4442233553499157,22.16380687830688
2025-09-04 06:16:00+02:00,1.6449803985336064,2.625651022936577,1.2462036792263795,23.417677248677247
2025-09-04 06:17:00+02:00,1.6449803985336064,2.723618780580937,2.1394570018678305,20.43798397435897
2025-09-04 06:18:00+02:00,1.6449803985336064,2.7367967963295463,3.378888106410043,23.160625
2025-09-04 06:19:00+02:00,1.8657926475919064,3.793785373405013,3.793785373405013,26.56576388888889
2025-09-04 06:20:00+02:00,3.558686557038854,4.233267748825851,4.233267748825851,27.236764705882354
2025-09-04 06:21:00+02:00,4.696484623698384,4.696484623698384,4.696484623698384,25.868849206349207
2025-09-04 06:22:00+02:00,5.182489973807691,5.182489973807691,5.182489973807691,31.366136363636368
2025-09-04 06:23:00+02:00,5.690261685458048,5.690261685458048,5.690261685458048,28.45547288359789
2025-09-04 06:24:00+02:00,6.301679227114325,6.301679227114325,6.301679227114325,32.10469642857143
2025-09-04 06:25:00+02:00,7.004361167361,7.004361167361,7.004361167361,27.109113425925926
2025-09-04 06:26:00+02:00,7.756184260690474,7.756184260690474,7.756184260690474,29.218697916666667
2025-09-04 06:27:00+02:00,8.558320394727815,8.558320394727815,8.558320394727815,29.69968055555556
2025-09-04 06:28:00+02:00,9.411860393170194,9.411860393170194,9.411860393170194,34.373114035087724
2025-09-04 06:29:00+02:00,10.317813241034091,10.317813241034091,10.317813241034091,31.949490740740742
2025-09-04 06:30:00+02:00,11.27710538045537,11.27710538045537,11.27710538045537,35.30596338383838
2025-09-04 06:31:00+02:00,12.290580525201175,12.290580525201175,12.290580525201175,35.67612381989833
2025-09-04 06:32:00+02:00,13.338392266960224,13.338392266960224,13.338392266960224,37.44074377828054
2025-09-04 06:33:00+02:00,14.432549170364869,14.432549170364869,14.432549170364869,39.26883333333333
2025-09-04 06:34:00+02:00,15.574913692723582,15.574913692723582,15.574913692723582,37.98869444444444
2025-09-04 06:35:00+02:00,16.765388324833836,16.765388324833836,16.765388324833836,34.92974740537241
2025-09-04 06:36:00+02:00,18.00381752940226,18.00381752940226,18.00381752940226,38.82118055555556
2025-09-04 06:37:00+02:00,19.289988434000765,19.289988434000765,19.289988434000765,41.22595833333333
2025-09-04 06:38:00+02:00,20.623639745275295,20.623639745275295,20.623639745275295,44.73447222222222
2025-09-04 06:39:00+02:00,22.00446230352568,22.00446230352568,22.00446230352568,41.0886037037037
2025-09-04 06:40:00+02:00,23.43210360569183,23.43210360569183,23.43210360569183,44.44565347222223
2025-09-04 06:41:00+02:00,24.90617137852029,24.90617137852029,24.90617137852029,48.101628472222224
2025-09-04 06:42:00+02:00,26.42623702079558,26.42623702079558,26.42623702079558,43.57473475355054
2025-09-04 06:43:00+02:00,27.99183886784385,27.99183886784385,27.99183886784385,47.41945370370371
2025-09-04 06:44:00+02:00,29.602485326894275,29.602485326894275,29.602485326894275,42.87685854076479
2025-09-04 06:45:00+02:00,31.257657842042867,31.257657842042867,31.257657842042867,44.08283333333333
2025-09-04 06:46:00+02:00,33.46062446740399,33.46062446740399,33.46062446740399,44.37138480392158
2025-09-04 06:47:00+02:00,35.271553832793415,35.271553832793415,35.271553832793415,43.36953533496732
2025-09-04 06:48:00+02:00,37.12567751396846,37.12567751396846,37.12567751396846,49.94092592592593
2025-09-04 06:49:00+02:00,39.02232747119493,39.02232747119493,39.02232747119493,51.033920138888895
2025-09-04 06:50:00+02:00,40.54142468052824,40.96082773692001,40.96082773692001,52.98494738247863
2025-09-04 06:51:00+02:00,42.940497072309725,42.940497072309725,42.940497072309725,55.59309821428571
2025-09-04 06:52:00+02:00,44.96065031537307,44.96065031537307,44.96065031537307,55.730879629629634
2025-09-04 06:53:00+02:00,47.020599578458935,47.020599578458935,47.020599578458935,59.304479166666674
2025-09-04 06:54:00+02:00,49.11965537438898,49.11965537438898,49.11965537438898,64.99244212962962
2025-09-04 06:55:00+02:00,51.257127628024165,51.257127628024165,51.257127628024165,58.51839583333334
2025-09-04 06:56:00+02:00,53.43232659698285,53.43232659698285,53.43232659698285,62.987678571428575
2025-09-04 06:57:00+02:00,55.644563729565945,55.644563729565945,55.644563729565945,66.3285909090909
2025-09-04 06:58:00+02:00,57.89315240619351,57.89315240619351,57.89315240619351,69.15118650793652
2025-09-04 06:59:00+02:00,60.177410193634586,60.177410193634586,60.177410193634586,71.4708134920635
2025-09-04 07:00:00+02:00,62.496653320150976,62.496653320150976,62.496653320150976,68.10162698412698
2025-09-04 07:01:00+02:00,64.85020643174519,64.85020643174519,64.85020643174519,71.53193347953216
2025-09-04 07:02:00+02:00,67.2373970198255,67.2373970198255,67.2373970198255,83.49599206349207
2025-09-04 07:03:00+02:00,69.65755737768403,69.65755737768403,69.65755737768403,90.55029970760232
2025-09-04 07:04:00+02:00,72.11002503280857,72.11002503280857,72.11002503280857,79.94534722222222
2025-09-04 07:05:00+02:00,74.59414311318409,74.59414311318409,74.59414311318409,78.80426587301588
2025-09-04 07:06:00+02:00,77.10926067353014,77.10926067353014,77.10926067353014,81.63570512820513
2025-09-04 07:07:00+02:00,79.65473300640335,79.65473300640335,79.65473300640335,92.59597222222222
2025-09-04 07:08:00+02:00,82.22992187195368,82.22992187195368,82.22992187195368,91.76939814814814
2025-09-04 07:09:00+02:00,84.8341957428656,84.8341957428656,84.8341957428656,86.55398214285714
2025-09-04 07:10:00+02:00,87.46693177036136,87.46693177036136,87.46693177036136,104.13118055555556
2025-09-04 07:11:00+02:00,90.12750886706708,90.12750886706708,90.12750886706708,105.99770833333334
2025-09-04 07:12:00+02:00,92.81531846412858,92.81531846412858,92.81531846412858,111.05402777777778
2025-09-04 07:13:00+02:00,95.52975755813918,95.52975755813918,95.52975755813918,110.20394444444445
2025-09-04 07:14:00+02:00,98.27023058551218,98.27023058551218,98.27023058551218,107.8890277777778
2025-09-04 07:15:00+02:00,101.03614949702104,101.03614949702104,101.03614949702104,95.48892195767196
2025-09-04 07:16:00+02:00,103.82693381328208,103.82693381328208,103.82693381328208,111.20431712962964
2025-09-04 07:17:00+02:00,104.46186650271444,106.64201068932492,106.64201068932492,117.22064814814814
2025-09-04 07:18:00+02:00,104.50633328122868,109.48081491327844,109.48081491327844,109.32807870370372
2025-09-04 07:19:00+02:00,103.56289329403886,112.34278894065292,112.34278894065292,107.72948412698412
2025-09-04 07:20:00+02:00,115.22738289270384,115.22738289270384,115.22738289270384,135.62587962962962
2025-09-04 07:21:00+02:00,118.13405649633737,118.13405649633737,118.13405649633737,134.3011111111111
2025-09-04 07:22:00+02:00,121.06227127528868,121.06227127528868,121.06227127528868,140.25956590413944
2025-09-04 07:23:00+02:00,124.0115021824177,124.0115021824177,124.0115021824177,145.94383796296296
2025-09-04 07:24:00+02:00,126.98122980040044,126.98122980040044,126.98122980040044,153.38979166666667
2025-09-04 07:25:00+02:00,129.97094223173153,129.97094223173153,129.97094223173153,149.25219907407407
2025-09-04 07:26:00+02:00,130.53354346343534,132.98013503871937,132.98013503871937,147.24283333333335
2025-09-04 07:27:00+02:00,136.00831120554506,136.00831120554506,136.00831120554506,140.6078869047619
2025-09-04 07:28:00+02:00,139.05498103906504,139.05498103906504,139.05498103906504,164.18680555555554
2025-09-04 07:29:00+02:00,142.11966211890712,142.11966211890712,142.11966211890712,157.67765625
2025-09-04 07:30:00+02:00,145.20187921675682,145.20187921675682,145.20187921675682,158.74180555555554
2025-09-04 07:31:00+02:00,148.3011642094541,148.3011642094541,148.3011642094541,157.90147817460317
2025-09-04 07:32:00+02:00,151.41705811459087,151.41705811459087,151.41705811459087,167.3439351851852
2025-09-04 07:33:00+02:00,154.5491025988876,154.5491025988876,154.5491025988876,167.2725
2025-09-04 07:34:00+02:00,157.69685245007565,157.69685245007565,157.69685245007565,171.55001984126986
2025-09-04 07:35:00+02:00,160.8598671311419,160.8598671311419,160.8598671311419,190.13054487179488
2025-09-04 07:36:00+02:00,164.03771276497935,164.03771276497935,164.03771276497935,187.8655687830688
2025-09-04 07:37:00+02:00,167.22996206342648,167.22996206342648,167.22996206342648,187.3601587301587
2025-09-04 07:38:00+02:00,170.4361941933695,170.4361941933695,170.4361941933695,199.03354166666668
2025-09-04 07:39:00+02:00,173.6559947041016,173.6559947041016,173.6559947041016,196.4743055555556
2025-09-04 07:40:00+02:00,176.88895542180518,176.88895542180518,176.88895542180518,199.48962009803924
2025-09-04 07:41:00+02:00,180.13467435073932,180.13467435073932,180.13467435073932,200.2495724789916
2025-09-04 07:42:00+02:00,183.3927555677197,183.3927555677197,183.3927555677197,202.2269756441224
2025-09-04 07:43:00+02:00,186.66280914625668,186.66280914625668,186.66280914625668,210.83064814814816
2025-09-04 07:44:00+02:00,189.944453225278,189.944453225278,189.944453225278,215.4163701201201
2025-09-04 07:45:00+02:00,193.2373051235425,193.2373051235425,193.2373051235425,220.30405621530625
2025-09-04 07:46:00+02:00,196.5409944384337,196.5409944384337,196.5409944384337,221.8776136363637
2025-09-04 07:47:00+02:00,199.85515414608824,199.85515414608824,199.85515414608824,229.46661904761905
2025-09-04 07:48:00+02:00,203.17942272502785,203.17942272502785,203.17942272502785,229.678625
2025-09-04 07:49:00+02:00,206.5134440208431,206.5134440208431,206.5134440208431,229.50433827160492
2025-09-04 07:50:00+02:00,209.8568671756788,209.8568671756788,209.8568671756788,236.80807936507935
2025-09-04 07:51:00+02:00,213.20934653133293,213.20934653133293,213.20934653133293,239.96181576797383
2025-09-04 07:52:00+02:00,216.57054150408104,216.57054150408104,216.57054150408104,245.66082843137252
2025-09-04 07:53:00+02:00,219.9401165530087,219.9401165530087,219.9401165530087,252.4442943805875
2025-09-04 07:54:00+02:00,223.3177410248984,223.3177410248984,223.3177410248984,254.4434595959596
2025-09-04 07:55:00+02:00,226.7030913671721,226.7030913671721,226.7030913671721,254.81298611111117
2025-09-04 07:56:00+02:00,230.09584194494363,230.09584194494363,230.09584194494363,258.9481875
2025-09-04 07:57:00+02:00,233.49567856731252,233.49567856731252,233.49567856731252,263.8421701388889
2025-09-04 07:58:00+02:00,236.9022893491778,236.9022893491778,236.9022893491778,260.4986525341131
2025-09-04 07:59:00+02:00,240.3153668543856,240.3153668543856,240.3153668543856,265.1859371693121
2025-09-04 08:00:00+02:00,243.7346080357418,243.7346080357418,243.7346080357418,277.461673992674
2025-09-04 08:01:00+02:00,247.15971414547928,247.15971414547928,247.15971414547928,280.1079556878307
2025-09-04 08:02:00+02:00,250.5903906462015,250.5903906462015,250.5903906462015,282.7079563492064
2025-09-04 08:03:00+02:00,254.02634715514225,254.02634715514225,254.02634715514225,288.6481712962963
2025-09-04 08:04:00+02:00,257.4672973265495,257.4672973265495,257.4672973265495,292.0890277777778
2025-09-04 08:05:00+02:00,260.9129587993958,260.9129587993958,260.9129587993958,294.9993148148148
2025-09-04 08:06:00+02:00,264.36305542839943,264.36305542839943,264.36305542839943,299.1408485623781
2025-09-04 08:07:00+02:00,267.8173079455077,267.8173079455077,267.8173079455077,302.95236912393165
2025-09-04 08:08:00+02:00,271.27544779333243,271.27544779333243,271.27544779333243,308.30952777777776
2025-09-04 08:09:00+02:00,274.7372077618394,274.7372077618394,274.7372077618394,311.1153683862434
2025-09-04 08:10:00+02:00,278.20232425561795,278.20232425561795,278.20232425561795,315.4574603174603
2025-09-04 08:11:00+02:00,281.6705372175168,281.6705372175168,281.6705372175168,320.20237962962966
2025-09-04 08:12:00+02:00,285.14159005337035,285.14159005337035,285.14159005337035,324.71334722222224
2025-09-04 08:13:00+02:00,288.6152295913484,288.6152295913484,288.6152295913484,326.10333531746033
2025-09-04 08:14:00+02:00,292.0912059763109,292.0912059763109,292.0912059763109,323.6992328042328
2025-09-04 08:15:00+02:00,295.5692726327818,295.5692726327818,295.5692726327818,328.58995701058205
2025-09-04 08:16:00+02:00,299.0491861942346,299.0491861942346,299.0491861942346,332.0451654259719
2025-09-04 08:17:00+02:00,302.53070877041387,302.53070877041387,302.53070877041387,336.4208186123912
2025-09-04 08:18:00+02:00,306.01359857265294,306.01359857265294,306.01359857265294,335.9662400793651
2025-09-04 08:19:00+02:00,309.49762382457845,309.49762382457845,309.49762382457845,342.19097222222223
2025-09-04 08:20:00+02:00,316.9702650168032,316.9702650168032,316.9702650168032,345.69511574074073
2025-09-04 08:21:00+02:00,320.4894917278085,320.4894917278085,320.4894917278085,345.5948247863248
2025-09-04 08:22:00+02:00,324.00922897785324,324.00922897785324,324.00922897785324,351.67559027777776
2025-09-04 08:23:00+02:00,327.5292511490687,327.5292511490687,327.5292511490687,349.7042881944444
2025-09-04 08:24:00+02:00,331.04933533397684,331.04933533397684,331.04933533397684,358.27242824074074
2025-09-04 08:25:00+02:00,334.56926131408534,334.56926131408534,334.56926131408534,358.67909722222225
2025-09-04 08:26:00+02:00,338.0888115057473,338.0888115057473,338.0888115057473,362.1525
2025-09-04 08:27:00+02:00,341.6077709081592,341.6077709081592,341.6077709081592,363.2418187830688
2025-09-04 08:28:00+02:00,345.1259270827845,345.1259270827845,345.1259270827845,373.5288194444445
2025-09-04 08:29:00+02:00,348.6430724292742,348.6430724292742,348.6430724292742,375.0714583333333
2025-09-04 08:30:00+02:00,352.15899473338743,352.15899473338743,352.15899473338743,376.3157001262626
2025-09-04 08:31:00+02:00,355.6734912696225,355.6734912696225,355.44628176693175,374.4029629629629
2025-09-04 08:32:00+02:00,359.1863593174909,359.1863593174909,358.02233977695926,379.9729652777778
2025-09-04 08:33:00+02:00,362.69739850564736,362.69739850564736,360.5983977869866,385.6899444444445
2025-09-04 08:34:00+02:00,366.2064107321054,366.2064107321054,363.174455797014,388.7931150793651
2025-09-04 08:35:00+02:00,369.7132001512962,369.7132001512962,365.7505138070413,384.1382744107744
2025-09-04 08:36:00+02:00,373.2175731285415,372.3625077468336,368.3561835950049,393.82973484848486
2025-09-04 08:37:00+02:00,376.7193381953695,374.79447587425017,371.2060366594884,398.7422916666666
2025-09-04 08:38:00+02:00,380.2183060391188,377.22644400166666,374.11010205588593,400.9936944444444
2025-09-04 08:39:00+02:00,383.71428942721263,379.683437098109,377.01416745228346,401.4208981481481
2025-09-04 08:40:00+02:00,387.207105538343,382.4815600354849,379.9182328486809,406.2734758297258
2025-09-04 08:41:00+02:00,390.6965665545462,385.3876854707624,382.8219233070574,411.60376984126987
2025-09-04 08:42:00+02:00,394.1824936744272,388.2938109060399,385.5756385571692,416.0090873015873
2025-09-04 08:43:00+02:00,397.2389982457675,391.1999363413175,388.2097485786901,413.762375
2025-09-04 08:44:00+02:00,400.4502058586788,394.1060617765953,390.8438586002112,418.00428472222217
2025-09-04 08:45:00+02:00,403.6614134715901,396.8084812804766,393.4779686217322,420.3708573717949
2025-09-04 08:46:00+02:00,406.8726210845013,399.3265954178564,396.11207864325337,424.93919444444447
2025-09-04 08:47:00+02:00,410.0852080821262,401.8447095552359,398.748638947159,429.0158492063492
2025-09-04 08:48:00+02:00,413.3212446198797,404.3628236926154,401.5420173236766,430.2646904761905
2025-09-04 08:49:00+02:00,416.5655574659138,406.8809378299948,404.4281563904665,433.80925595238097
2025-09-04 08:50:00+02:00,419.8098703119479,409.3990519673743,407.31429545725655,434.3238734567901
2025-09-04 08:51:00+02:00,423.054183157982,412.0514009583848,410.20043452404656,437.86327380952383
2025-09-04 08:52:00+02:00,426.2620645949887,414.8935770151363,413.0865735908365,440.8408101851852
2025-09-04 08:53:00+02:00,429.1899446311834,417.73710897950025,416.0537012538884,443.0525854700855
2025-09-04 08:54:00+02:00,432.05953441293417,420.5806409438642,419.2245275075386,446.2151592592593
2025-09-04 08:55:00+02:00,434.9291241946846,423.4241729082281,422.4051705607357,444.7519805555556
2025-09-04 08:56:00+02:00,437.7987139764351,426.28903910614827,425.5858136139328,447.6434259259259
2025-09-04 08:57:00+02:00,440.6683037581855,429.2863246847618,428.76645666712994,451.06567708333336
2025-09-04 08:58:00+02:00,443.70964161106593,432.3064158233837,431.9786095874044,456.2679563492063
2025-09-04 08:59:00+02:00,446.95395445710005,435.3265069620055,435.2471095640988,458.3929722222222
2025-09-04 09:00:00+02:00,450.1982673031341,438.3465981006274,438.5167216537488,457.6244212962963
2025-09-04 09:01:00+02:00,453.4425801491683,441.3518735525982,441.7863337433992,464.5726041666667
2025-09-04 09:02:00+02:00,456.68822317677103,444.21384090823614,445.05403906111263,467.0649305555556
2025-09-04 09:03:00+02:00,460.076860723008,447.03998123979056,447.9308561317669,465.6323611111111
2025-09-04 09:04:00+02:00,463.56060625140617,449.8661215713449,450.5140303241426,470.1613194444444
2025-09-04 09:05:00+02:00,467.04435177980434,452.6922619028993,453.0972045165182,469.7845833333333
2025-09-04 09:06:00+02:00,470.5280973082027,455.5184022344535,455.6803787088939,475.0057657657658
2025-09-04 09:07:00+02:00,473.5446154998938,457.9982656924804,458.2635529012695,475.5455341484342
2025-09-04 09:08:00+02:00,474.58097974077737,460.0439261742976,460.846727093645,479.0392595899471
2025-09-04 09:09:00+02:00,475.39485477370505,462.0885011486741,463.45348363468656,480.022290954416
2025-09-04 09:10:00+02:00,476.2087298066328,464.1330761230507,466.0801944707538,486.0135509259259
2025-09-04 09:11:00+02:00,477.0226048395605,466.1776510974276,468.70690530682094,483.3288506944445
2025-09-04 09:12:00+02:00,477.836479872488,468.2222260718044,471.3336161428883,485.4184675925926
2025-09-04 09:13:00+02:00,478.65035490541527,470.2668010461813,473.9603269789557,488.0599404761904
2025-09-04 09:14:00+02:00,479.4642299383427,472.3616604576071,476.5821735356972,495.4319791666667
2025-09-04 09:15:00+02:00,480.27810497127007,474.904051358768,478.68111006488806,498.4633796296296
2025-09-04 09:16:00+02:00,481.0919800041975,477.55203957773153,480.43225062226617,495.0844444444445
2025-09-04 09:17:00+02:00,488.28869164619937,480.2000277966951,482.18339117964433,501.3008110119047
2025-09-04 09:18:00+02:00,492.11433756776574,482.8480160156586,483.9345317370224,502.50780555555554
2025-09-04 09:19:00+02:00,494.433981396257,485.4960042346222,485.6856722944005,499.0437500000001
2025-09-04 09:20:00+02:00,496.75362522474825,488.0523781485388,487.4368128517786,506.3939583333333
2025-09-04 09:21:00+02:00,499.0732690532395,490.2204819124945,489.1879534091567,504.5941944444445
2025-09-04 09:22:00+02:00,501.3929128817308,492.344959816904,490.93909396653487,508.10850529100526
2025-09-04 09:23:00+02:00,503.7125567102221,494.4694377213136,492.6978280821376,510.8716666666666
2025-09-04 09:24:00+02:00,506.0193292301409,496.5939156257236,494.6995560609057,513.5574603174604
2025-09-04 09:25:00+02:00,508.3055076563443,498.71839353013365,496.81518741303256,516.9803777777778
2025-09-04 09:26:00+02:00,510.5914520587555,500.8428714345438,498.9308187651595,517.2546
2025-09-04 09:27:00+02:00,512.8773964611667,502.9965709692207,501.0464501172865,523.7589030934342
2025-09-04 09:28:00+02:00,515.163340863578,505.5134536229253,503.1620814694127,522.6042058404558
2025-09-04 09:29:00+02:00,517.4492852659898,508.1388737604775,505.27771282153896,520.4641250263546
2025-09-04 09:30:00+02:00,519.7352296684016,510.7642938980297,507.3933441736653,521.0788060224089
2025-09-04 09:31:00+02:00,522.1092097886607,513.3897140355817,509.6452093628606,529.8508829365079
2025-09-04 09:32:00+02:00,524.574209888389,516.0151341731333,512.1406927077558,525.8233134920634
2025-09-04 09:33:00+02:00,527.0392099881172,516.5803287860782,514.640984305724,532.4471805555555
2025-09-04 09:34:00+02:00,529.5042100878455,506.0356295763703,517.1412759036916,531.786662037037
2025-09-04 09:35:00+02:00,531.9692101875738,510.81362244409206,519.6415675016592,534.2745256410257
2025-09-04 09:36:00+02:00,534.4342102873022,516.5388791050117,522.1418590996268,530.6952457264957
2025-09-04 09:37:00+02:00,533.9474649417548,520.9624102448324,521.3851283333815,537.9364115133233
2025-09-04 09:38:00+02:00,527.9331614318079,524.5723629339664,516.0814467153602,534.608197167756
2025-09-04 09:39:00+02:00,537.7535485626208,528.1823156231002,525.4745043256294,543.8914583333334
2025-09-04 09:40:00+02:00,539.8895101874988,531.7922683122341,527.575872994483,544.8064351851853
2025-09-04 09:41:00+02:00,542.0254718123767,531.763188137794,529.6772416633369,549.6918518518519
2025-09-04 09:42:00+02:00,544.1614334372548,524.289583306651,531.7786103321905,547.6843428330928
2025-09-04 09:43:00+02:00,546.2973950621322,522.323759462916,533.8799790010441,546.3302645502646
2025-09-04 09:44:00+02:00,548.4333566870096,531.280655769226,535.981347669898,548.5192180735932
2025-09-04 09:45:00+02:00,550.5693183118868,537.1392321872814,538.0827163387521,551.6412297771673
2025-09-04 09:46:00+02:00,553.5537313599797,541.4176946336623,541.2002685511059,554.5105937118437
2025-09-04 09:47:00+02:00,559.3771934011394,545.6961570800435,548.3825549374583,560.1256076388889
2025-09-04 09:48:00+02:00,565.4206792670836,547.9385048409532,553.5932617732235,567.1182407407408
2025-09-04 09:49:00+02:00,560.3185806531585,540.2243391768045,545.1678040404702,541.9346944444445
2025-09-04 09:50:00+02:00,563.3966289881067,545.8195156006677,551.7303405722753,566.655735042735
2025-09-04 09:51:00+02:00,570.219308052366,552.4282529142355,557.9444856104981,560.0271924603175
2025-09-04 09:52:00+02:00,572.8937982455558,555.2287010609576,560.6393243933221,553.0826898148149
2025-09-04 09:53:00+02:00,575.5682884387455,558.0291492076798,563.3341631761461,569.5755879629629
2025-09-04 09:54:00+02:00,578.2427786319353,560.8295973544019,566.0290019589704,573.5648333333334
2025-09-04 09:55:00+02:00,580.9172688251249,563.6300455011238,568.7238407417944,574.7687857142856
2025-09-04 09:56:00+02:00,582.979609537681,563.1263784030054,570.002472234514,584.1544484126983
2025-09-04 09:57:00+02:00,577.751933068484,559.2270202240254,564.2804044844725,580.9350925925926
2025-09-04 09:58:00+02:00,570.7290128962982,555.3276620450454,557.9446056502263,577.3232559523809
2025-09-04 09:59:00+02:00,572.8531309433757,551.4767125648258,560.340988488336,572.5596388888889
2025-09-04 10:00:00+02:00,578.9836182043881,557.9232348226433,566.5337637044947,572.3150529100529
2025-09-04 10:01:00+02:00,584.5988274413068,567.4529095140249,572.090132446312,581.1480555555555
2025-09-04 10:02:00+02:00,588.7540822766263,572.448303505475,576.1338829012889,581.9703009259259
2025-09-04 10:03:00+02:00,592.8234574412639,577.4436974969254,580.113070380608,587.2840701058202
2025-09-04 10:04:00+02:00,596.8928326059018,584.3917929135774,584.0922578599268,591.6925
2025-09-04 10:05:00+02:00,597.3142445258986,593.9392636040374,585.061888737514,598.5298633040935
2025-09-04 10:06:00+02:00,589.9134130738697,598.4593228222079,579.7078485604172,599.0677361111111
2025-09-04 10:07:00+02:00,587.9882905498318,578.0092876627859,574.1417232173224,592.7759027777778
2025-09-04 10:08:00+02:00,597.4494704030197,585.6697275875614,582.5461452608629,597.5329738562092
2025-09-04 10:09:00+02:00,593.005763408853,578.897400967683,580.208311584687,602.1037608932462
2025-09-04 10:10:00+02:00,584.0088550939524,567.2603048024326,571.1863466508332,591.5547777777778
2025-09-04 10:11:00+02:00,585.298347196487,575.7549024697067,569.4078719523927,589.1121666666667
2025-09-04 10:12:00+02:00,602.8129805217551,592.4418604644059,590.5508278945886,600.5561388888889
2025-09-04 10:13:00+02:00,616.9875640382201,600.1405118096918,602.9246499601813,614.3091527777777
2025-09-04 10:14:00+02:00,622.5864152426282,606.1027562511,606.648369221939,611.7076753968255
2025-09-04 10:15:00+02:00,628.0122487954782,611.4384037960638,610.0611760016468,623.5145734126985
2025-09-04 10:16:00+02:00,632.018340300148,614.6773617260006,613.4739827813546,624.8773784722222
2025-09-04 10:17:00+02:00,634.2441909920527,617.7476204915098,616.9655466405943,624.0504473304474
2025-09-04 10:18:00+02:00,636.4655910819255,620.8178792570191,622.977337044849,630.4863194444445
2025-09-04 10:19:00+02:00,638.6869911717982,623.8881380225282,630.1704836420795,630.2722652116403
2025-09-04 10:20:00+02:00,640.908391261671,627.2771067048905,630.144926596676,634.0915324074074
2025-09-04 10:21:00+02:00,643.1297913515438,631.7987876593111,622.8960191731105,639.4335694444444
2025-09-04 10:22:00+02:00,645.3511914414165,636.4195271014024,619.4819132213865,641.7265972222223
2025-09-04 10:23:00+02:00,647.0545441144969,641.0566903186916,623.0463189401271,647.7979305555556
2025-09-04 10:24:00+02:00,647.8821034188117,645.942142372788,626.757069168857,648.800337962963
2025-09-04 10:25:00+02:00,648.6959784517394,650.9106794072949,630.4678193975867,646.1604166666667
2025-09-04 10:26:00+02:00,649.5098534846671,656.7890253066732,634.3075088261835,654.0461557539683
2025-09-04 10:27:00+02:00,650.3237285175948,656.7858403470358,638.5325165613601,659.6554606227106
2025-09-04 10:28:00+02:00,651.1376035505225,632.574866774182,642.7830122779055,652.4091527777778
2025-09-04 10:29:00+02:00,651.9514785834502,642.595580652807,647.0335079944507,649.9346338383838
2025-09-04 10:30:00+02:00,652.7653536163778,645.9181859372543,644.8736678952098,658.7590740740741
2025-09-04 10:31:00+02:00,653.5792286493047,649.0089815506934,652.3677558352142,661.6202175925927
2025-09-04 10:32:00+02:00,654.5037481311526,652.0997771641322,656.4691113511792,662.2513888888889
2025-09-04 10:33:00+02:00,659.4514807635354,655.1905727775713,660.570466867144,663.4397987117552
2025-09-04 10:34:00+02:00,668.7867420125813,661.4618948570383,663.8915607940366,652.0275865079365
2025-09-04 10:35:00+02:00,675.3293836103849,670.0783788189434,662.0709504195352,680.4336842592593
2025-09-04 10:36:00+02:00,664.3957989672048,660.5235131669726,659.2961460941938,673.7973981481482
2025-09-04 10:37:00+02:00,658.6474013377582,653.9428071410346,656.5213417688528,666.4189351851852
2025-09-04 10:38:00+02:00,654.4699896643251,649.4783245882891,653.7465374435117,635.6497853535353
2025-09-04 10:39:00+02:00,650.2925779908915,645.0138420355436,650.9717331181705,601.5052916666667
2025-09-04 10:40:00+02:00,654.0398709809118,650.0300855901442,653.8493079740795,661.8163525132276
2025-09-04 10:41:00+02:00,653.4639296863058,650.68606012886,662.1287847826566,671.6096230158731
2025-09-04 10:42:00+02:00,636.4614773780552,637.8827612580651,648.267824401026,667.2304970760234
2025-09-04 10:43:00+02:00,658.1053398461712,652.3322003057035,659.5063003406301,663.4319444444444
2025-09-04 10:44:00+02:00,685.3161830853053,671.8569391713855,685.5920699499077,685.371351851852
2025-09-04 10:45:00+02:00,694.2503146875696,678.6998147602521,691.2939544477124,687.3190740740741
2025-09-04 10:46:00+02:00,699.1331924826763,687.801745567747,687.4288710505684,698.6569444444444
2025-09-04 10:47:00+02:00,681.8087970352695,662.0774496812373,667.9298988901439,685.8556712962964
2025-09-04 10:48:00+02:00,696.6087145797062,690.2327282909991,697.1067089218632,684.4663888888889
2025-09-04 10:49:00+02:00,692.0706732125326,677.4874814271673,689.1536122237703,680.2485972222222
2025-09-04 10:50:00+02:00,674.8195009813003,653.3645034574254,665.6706957423455,682.3074470899471
2025-09-04 10:51:00+02:00,678.0449130521288,671.5743662676922,676.3234153491178,684.8059351851851
2025-09-04 10:52:00+02:00,699.4136346207231,661.7565817088708,705.6898355378821,707.7903051346801
2025-09-04 10:53:00+02:00,629.6523792355113,604.5943786695639,635.6777650824758,618.4409722222223
2025-09-04 10:54:00+02:00,711.44471587046,699.632642893287,702.337501978911,717.2123228276354
2025-09-04 10:55:00+02:00,706.7414200678019,692.6910993680647,700.7651509847185,712.7930317460317
2025-09-04 10:56:00+02:00,715.3379551994116,702.0158897117101,698.5118761470324,714.6994935388685
2025-09-04 10:57:00+02:00,710.2279636732289,699.2606739194674,696.2586013093457,715.409212962963
2025-09-04 10:58:00+02:00,702.71808174942,695.6222964060096,694.0053264716591,661.3195965608465
2025-09-04 10:59:00+02:00,696.6828185081368,691.9839188925522,691.7520516339723,706.5262962962962
2025-09-04 11:00:00+02:00,690.9954990009325,687.0040326889907,689.498776796285,702.8419444444444
2025-09-04 11:01:00+02:00,683.3968589785642,671.9475201659384,683.443752659249,693.709375
2025-09-04 11:02:00+02:00,675.7216010173731,663.1880064273447,671.1332611576697,684.228134920635
2025-09-04 11:03:00+02:00,691.9489149238763,681.4392846828963,690.1545092286246,694.7807638888889
2025-09-04 11:04:00+02:00,711.6274389656569,700.7780732003265,706.5361588621945,711.0271626984127
2025-09-04 11:05:00+02:00,726.9065730337728,712.9442123357976,712.4468103391225,729.7515277777778
2025-09-04 11:06:00+02:00,701.0857925504778,698.604857509709,699.9778952305462,713.5694573412699
2025-09-04 11:07:00+02:00,715.7292031746196,706.6925789784888,707.4266061796011,718.0819444444445
2025-09-04 11:08:00+02:00,719.6189950439482,710.8554073046971,711.6388091419433,716.410375
2025-09-04 11:09:00+02:00,721.6713755617653,715.0182356309055,715.8510121042855,718.4479907407407
2025-09-04 11:10:00+02:00,723.7237560795822,716.1156841063099,719.5707812670735,724.4453333333335
2025-09-04 11:11:00+02:00,725.7761365973996,705.5390024678511,721.8953213311245,704.1086111111111
2025-09-04 11:12:00+02:00,727.8285171152166,708.8119309742114,724.1377890952494,721.9203194444444
2025-09-04 11:13:00+02:00,729.8808976330338,712.7444751802465,726.3802568593737,723.3300347222222
2025-09-04 11:14:00+02:00,731.9332781508513,716.6770193862818,728.6227246234985,719.8054687499999
2025-09-04 11:15:00+02:00,735.7584681223606,721.9683080327358,730.8651923876225,731.8174305555555
2025-09-04 11:16:00+02:00,742.9411421204525,729.0683149277991,733.107660151747,732.3259722222223
2025-09-04 11:17:00+02:00,752.8044898114944,739.5556525234091,739.1126947299397,683.3018885281385
2025-09-04 11:18:00+02:00,763.2910210568608,753.4056956841572,748.8662085514875,757.2877297008548
2025-09-04 11:19:00+02:00,759.2885332347034,761.7112933565443,745.1232790917409,764.2979530423281
2025-09-04 11:20:00+02:00,754.9177228726851,758.237168246069,740.6058440306781,760.8877663690477
2025-09-04 11:21:00+02:00,750.3271014081583,742.635983012112,735.6829981308024,752.551880787037
2025-09-04 11:22:00+02:00,734.0568445411726,725.1677729813988,719.2260542561214,737.2951455026455
2025-09-04 11:23:00+02:00,707.3888025277051,726.6394647082379,703.6005218221405,739.3103849206349
2025-09-04 11:24:00+02:00,685.9171966242909,705.5723469663053,682.3692192776637,708.8516666666666
2025-09-04 11:25:00+02:00,672.8977853485051,670.9481451978459,660.9127211873997,675.7854166666667
2025-09-04 11:26:00+02:00,681.3970502415707,673.9364474803359,666.0059835673196,687.7779861111111
2025-09-04 11:27:00+02:00,734.0429407175128,728.743287966355,717.658794211126,740.6587222222223
2025-09-04 11:28:00+02:00,744.4829334679333,735.5091599591494,730.1477284825442,738.52375
2025-09-04 11:29:00+02:00,738.4709652586488,738.8510043348768,739.1291712476973,742.3360251322752
2025-09-04 11:30:00+02:00,721.8291048052647,720.3374999409046,724.2064951625107,739.1926388888888
2025-09-04 11:31:00+02:00,585.3448501942527,552.3135123304461,561.0613286610492,546.5036944444445
2025-09-04 11:32:00+02:00,583.8915557488815,582.5622418263594,577.1876306967383,597.0452083333333
2025-09-04 11:33:00+02:00,573.1284352324117,567.8875350923754,539.3181473615639,537.6073611111111
2025-09-04 11:34:00+02:00,247.8039207086423,252.2460653961336,250.88126318743628,205.4924479166667
2025-09-04 11:35:00+02:00,730.2860977584149,728.1412601359186,716.9401014884852,739.0035357142857
2025-09-04 11:36:00+02:00,727.723997736995,721.2359770546444,713.7647507095319,722.8790277777779
2025-09-04 11:37:00+02:00,730.721124842379,724.2659701314253,716.8922057518062,726.1420405982907
2025-09-04 11:38:00+02:00,733.7182519477627,727.2959632082063,720.01966079408,721.465707070707
2025-09-04 11:39:00+02:00,736.7153790531469,730.3259562849881,723.147115836354,719.0320128205127
2025-09-04 11:40:00+02:00,739.7125061585305,733.3063383041489,726.2807652218014,719.9878089387465
2025-09-04 11:41:00+02:00,740.4409591917703,733.8693285766827,729.5300423464878,728.4111659356726
2025-09-04 11:42:00+02:00,738.7039249630274,733.0726493625286,732.8226798733895,726.3051636904762
2025-09-04 11:43:00+02:00,736.9620521988282,732.2759701483749,736.1153174002902,729.0409201388889
2025-09-04 11:44:00+02:00,735.2201794346294,731.479290934221,739.4079549271914,727.1689202279202
2025-09-04 11:45:00+02:00,733.4783066704301,730.6826117200669,738.2374246445186,732.7820138888889
2025-09-04 11:46:00+02:00,731.736433906231,729.8859325059132,728.6357850365807,729.4888670634922
2025-09-04 11:47:00+02:00,729.994561142032,729.0892532917594,731.2189592289562,732.0959583333333
2025-09-04 11:48:00+02:00,728.2526883778328,728.2925740776058,733.802133421332,731.9813095238096
2025-09-04 11:49:00+02:00,726.5108156136334,727.4958948634525,736.3853076137077,729.9291203703702
2025-09-04 11:50:00+02:00,732.0459578655554,726.655584037213,738.9684818060834,723.9989384920635
2025-09-04 11:51:00+02:00,728.5721277770956,725.4554802251536,741.5373050307235,729.1919343711844
2025-09-04 11:52:00+02:00,686.7367235671697,724.1754970001974,739.8510663218112,730.7206481481481
2025-09-04 11:53:00+02:00,721.0892801394393,722.8955137752415,734.68471793706,730.6100438034188
2025-09-04 11:54:00+02:00,733.436942649275,721.6155305502854,729.5183695523087,729.8935694444444
2025-09-04 11:55:00+02:00,727.0564739759857,720.3355473253295,728.1479583246698,726.1428333333333
2025-09-04 11:56:00+02:00,727.5215602044382,719.550092830508,730.1249330765518,716.8080952380952
2025-09-04 11:57:00+02:00,729.6819607495083,722.1651571498747,732.1019078284337,713.737183080808
2025-09-04 11:58:00+02:00,731.8423612945788,725.4191990105021,734.0788825803152,720.3885902777778
2025-09-04 11:59:00+02:00,734.0027618396497,728.6732408711298,736.0558573321966,714.2271071428572
2025-09-04 12:00:00+02:00,736.163162384721,731.9272827317576,738.0328320840779,718.7155021367521
2025-09-04 12:01:00+02:00,738.323562929792,741.5191737163028,740.0098068359591,726.0267261904761
2025-09-04 12:02:00+02:00,740.3875101082338,744.2314955907103,741.870085161514,729.5424074074075
2025-09-04 12:03:00+02:00,732.1911111934021,735.3800582642176,735.7675485142126,725.1547323848239
2025-09-04 12:04:00+02:00,722.78895549188,728.3872621331426,726.4575127067092,725.2181822612087
2025-09-04 12:05:00+02:00,718.0207987333143,721.8314287452226,721.8192746812529,721.5918859649123
2025-09-04 12:06:00+02:00,713.2526419747492,714.6383775461394,717.4900660810677,716.296736111111
2025-09-04 12:07:00+02:00,704.635574063477,707.0153959689758,713.2802543053717,711.4994391025642
2025-09-04 12:08:00+02:00,700.9611896741759,708.737477103644,716.402610111259,699.9016944444444
2025-09-04 12:09:00+02:00,712.5426642863788,716.7781931029749,723.8190493325453,711.6350347222223
2025-09-04 12:10:00+02:00,719.9012636565085,723.2762682788673,730.1979351382474,716.2553282828284
2025-09-04 12:11:00+02:00,725.2072241424935,729.1253055473376,735.7973905732172,720.7432916666667
2025-09-04 12:12:00+02:00,725.4511763487455,733.7843522617694,741.1055548927393,727.5870126262625
2025-09-04 12:13:00+02:00,725.4511763487455,733.5241009172158,740.592063164793,725.1940567129628
2025-09-04 12:14:00+02:00,725.4511763487455,732.7274217030621,737.8090004932453,726.6025
2025-09-04 12:15:00+02:00,725.4511763487455,731.9307424889081,735.0259378216981,723.2014888888889
2025-09-04 12:16:00+02:00,725.4511763487455,731.1340632747541,732.2428751501504,723.0008023504273
2025-09-04 12:17:00+02:00,725.4511763487455,730.3373840606005,729.459812478603,723.5738657407406
2025-09-04 12:18:00+02:00,725.4511763487455,729.5407048464464,726.7844070385686,717.0684543650794
2025-09-04 12:19:00+02:00,725.4511763487455,728.7440256322926,724.5396305245883,718.4905773809523
2025-09-04 12:20:00+02:00,725.4511763487455,727.9473464181394,722.3393739183764,723.7526785714285
2025-09-04 12:21:00+02:00,721.3794214325496,727.150667203986,720.1391173121651,727.4151388888889
2025-09-04 12:22:00+02:00,713.1079593059704,720.7385233045068,717.9388607059534,715.1994004629629
2025-09-04 12:23:00+02:00,706.2467586463129,713.8461606062729,715.7386040997417,718.2532638888888
2025-09-04 12:24:00+02:00,700.3828143096919,708.7961721449707,713.5383474935297,715.9863422035481
2025-09-04 12:25:00+02:00,700.3056484877541,708.7646097170873,716.3060952086487,710.0398638344227
2025-09-04 12:26:00+02:00,702.2574995445816,711.507182026533,719.8161786350315,708.9853472222222
2025-09-04 12:27:00+02:00,714.0284657074361,718.0352748678517,724.5446170295659,704.7991666666667
2025-09-04 12:28:00+02:00,726.8829935363036,731.0536428106363,733.7967518084313,719.4032407407408
2025-09-04 12:29:00+02:00,728.6916047205875,736.2768826594922,740.5006586554825,723.894861111111
2025-09-04 12:30:00+02:00,730.5002159048706,738.887469914911,742.5633992238056,722.9968148148149
2025-09-04 12:31:00+02:00,732.3088270891541,741.4980571703301,742.5633992238056,724.0978450854701
2025-09-04 12:32:00+02:00,734.1174382734372,744.1086444257492,742.5633992238056,723.0871212121211
2025-09-04 12:33:00+02:00,735.9260494577206,746.7192316811681,742.5633992238056,723.3813596491227
2025-09-04 12:34:00+02:00,737.7346606420037,749.7390828761085,742.5633992238056,727.7445833333333
2025-09-04 12:35:00+02:00,739.5432718262872,757.8455001765292,742.5633992238056,728.3899074074075
2025-09-04 12:36:00+02:00,740.5853922559028,767.6802551805591,742.5633992238056,731.2455092592592
2025-09-04 12:37:00+02:00,737.6733169108762,776.6065071578779,742.5633992238056,731.2389583333334
2025-09-04 12:38:00+02:00,734.1895713824781,760.541629093148,742.5633992238056,732.7872097578347
2025-09-04 12:39:00+02:00,730.70582585408,750.2759586963159,742.338921740833,733.4494907407408
2025-09-04 12:40:00+02:00,727.2220803256816,738.372539891461,740.3891744601567,705.1500694444445
2025-09-04 12:41:00+02:00,724.0185218411955,732.6452003226269,738.0802632067246,731.8664682539684
2025-09-04 12:42:00+02:00,721.104648266517,730.1938796636923,735.7713519532927,731.5650853174603
2025-09-04 12:43:00+02:00,718.1907746918384,727.7425590047582,733.4624406998607,729.736550925926
2025-09-04 12:44:00+02:00,715.2769011171596,725.2912383458236,731.1535294464288,732.0659305555555
2025-09-04 12:45:00+02:00,712.3630275424803,722.8399176868894,728.8446181929969,732.4516203703703
2025-09-04 12:46:00+02:00,715.7095304020659,720.388597027955,719.5608445760697,712.2002678571429
2025-09-04 12:47:00+02:00,691.598879687257,701.5960046206847,699.9266903068224,684.4249305555555
2025-09-04 12:48:00+02:00,669.2910784963633,674.2390626081796,676.4224753193043,658.2391666666666
2025-09-04 12:49:00+02:00,653.2784027358331,661.8749690623399,657.3614611335177,634.7120833333333
2025-09-04 12:50:00+02:00,665.4813782807748,674.2922646007581,669.5839058049078,651.6411527777777
2025-09-04 12:51:00+02:00,679.4525151004972,688.7733986043978,683.4747011630789,662.5798958333334
2025-09-04 12:52:00+02:00,688.6138232228762,698.1300947530264,691.9467602929938,660.8766837606837
2025-09-04 12:53:00+02:00,699.0001007279934,708.5849017053367,709.917830872587,680.9258333333333
2025-09-04 12:54:00+02:00,711.8530811802116,721.6271714517128,714.5232610487869,693.9672268518519
2025-09-04 12:55:00+02:00,721.8638386239313,729.8111238536299,717.149971884854,703.6225793650793
2025-09-04 12:56:00+02:00,713.990645665612,711.9034569633815,719.7766827209214,699.7841666666667
2025-09-04 12:57:00+02:00,723.2766229440973,722.4738387823479,722.4033935569885,700.7037023809524
2025-09-04 12:58:00+02:00,731.6055593262324,725.9109697511515,725.030104393056,707.4535011574075
2025-09-04 12:59:00+02:00,738.5054474582086,735.7691515091444,726.9016358637543,708.101537037037
2025-09-04 13:00:00+02:00,729.694764909155,736.8688794664033,726.9782482631397,713.877232905983
2025-09-04 13:01:00+02:00,723.7793413852743,731.8454260066321,726.9782482631397,713.3112777777778
2025-09-04 13:02:00+02:00,722.0934573884961,729.6912351245379,726.9782482631397,718.9642708333334
2025-09-04 13:03:00+02:00,720.4075733917178,727.537044242444,726.9782482631397,718.5105158730158
2025-09-04 13:04:00+02:00,718.7216893949397,725.38285336035,726.9782482631397,723.0136058201057
2025-09-04 13:05:00+02:00,717.0358053981611,723.2286624782561,726.9782482631397,718.6418194444444
2025-09-04 13:06:00+02:00,715.3499214013823,721.0744715961622,726.9782482631397,717.2936721611721
2025-09-04 13:07:00+02:00,713.6640374046036,718.719136384716,726.9782482631397,715.6409885531135
2025-09-04 13:08:00+02:00,711.9781534078252,715.1958663576766,726.9782482631397,712.6422781986531
2025-09-04 13:09:00+02:00,710.2225645919485,711.4844290547915,723.6069922042723,706.3041633597883
2025-09-04 13:10:00+02:00,704.9352649417955,707.7729917519072,716.975013072074,703.43083994709
2025-09-04 13:11:00+02:00,697.6729954172115,704.896524054775,711.1977588366547,702.441858974359
2025-09-04 13:12:00+02:00,698.1571467188505,709.3762994547867,708.2805456019955,701.3163952991454
2025-09-04 13:13:00+02:00,705.4194162434349,715.5786342763859,705.5934506087774,706.0421441798941
2025-09-04 13:14:00+02:00,705.950481430891,714.9722418347924,702.9063556155588,707.4550299145299
2025-09-04 13:15:00+02:00,695.4544377568911,704.9108290886941,700.2192606223405,701.1237500000001
2025-09-04 13:16:00+02:00,687.5058180827936,697.1970608272192,697.5321656291221,698.3347685185186
2025-09-04 13:17:00+02:00,678.8516135659976,688.9824129301679,688.9506292021697,685.531875
2025-09-04 13:18:00+02:00,621.3641282819451,635.725454360198,632.8621368070767,643.904675925926
2025-09-04 13:19:00+02:00,644.8649606850739,658.2289204143708,665.0077219298462,657.5038194444445
2025-09-04 13:20:00+02:00,678.437161012137,689.2667502018063,696.9548374911308,687.1524930555555
2025-09-04 13:21:00+02:00,688.5227398125704,704.649553169103,712.5810111945807,699.4446388888888
2025-09-04 13:22:00+02:00,691.1746921670532,707.2469463440294,715.3465153614111,691.4447023809524
2025-09-04 13:23:00+02:00,693.826644521536,709.8211744454733,718.0887706624085,690.219742063492
2025-09-04 13:24:00+02:00,696.4785968760189,712.3954025469167,720.8310259634054,689.1567592592593
2025-09-04 13:25:00+02:00,699.1305492305019,714.9696306483602,723.5732812644023,696.3937222222222
2025-09-04 13:26:00+02:00,703.0460788832978,717.5438587498036,726.651118492644,703.595517094017
2025-09-04 13:27:00+02:00,714.4444474312164,723.9807059022728,736.692280711226,716.3533333333334
2025-09-04 13:28:00+02:00,714.600639625035,732.7151101768823,746.6814269166643,724.8670138888889
2025-09-04 13:29:00+02:00,710.6669102992187,729.5222789769225,754.283939580404,722.2087847222223
2025-09-04 13:30:00+02:00,706.7331809734023,724.5803116591778,752.4930294949572,720.4422817460318
2025-09-04 13:31:00+02:00,702.8380176213689,719.0858049399349,746.4255953932336,708.1902223875662
2025-09-04 13:32:00+02:00,699.7430982253219,708.2011791212975,736.452674566566,705.7078630952382
2025-09-04 13:33:00+02:00,696.9663481129808,714.267577467453,729.7343881030877,699.0746964285714
2025-09-04 13:34:00+02:00,694.1895980006399,727.9723703165334,724.2924576849668,699.9434027777778
2025-09-04 13:35:00+02:00,691.4128478882985,715.408500786488,719.7530933274911,696.6433333333333
2025-09-04 13:36:00+02:00,688.6360977759578,707.7072683830023,715.2137289700156,696.471550925926
2025-09-04 13:37:00+02:00,687.1332773685289,701.1291323716912,709.8326056063115,683.1485601851851
2025-09-04 13:38:00+02:00,681.4105411077654,695.8782920965871,701.6348271063812,679.3632962962963
2025-09-04 13:39:00+02:00,670.7484655091187,690.6274518214838,694.9818190353844,678.5407465277777
2025-09-04 13:40:00+02:00,666.6684267778584,685.1868797672087,691.886682398178,673.9803712606838
2025-09-04 13:41:00+02:00,663.3205720324828,679.5746456270168,688.8895379826652,671.3977435897435
2025-09-04 13:42:00+02:00,659.9727172871072,673.962411486825,685.8923935671523,668.9441018518519
2025-09-04 13:43:00+02:00,656.6248625417317,668.3501773466328,682.89524915164,668.8563888888889
2025-09-04 13:44:00+02:00,658.6113994280367,658.4803862725017,686.5433862251462,661.0307407407407
2025-09-04 13:45:00+02:00,666.6805877886857,660.3855930831953,686.77673806649,658.0255026455027
2025-09-04 13:46:00+02:00,669.5761638840886,679.4283551636464,694.1977457961266,666.4543402777778
2025-09-04 13:47:00+02:00,667.824596095228,677.2384312574416,691.8122635062291,665.9219502314814
2025-09-04 13:48:00+02:00,666.0730283063673,675.0485073512373,689.4267812163312,662.9563888888889
2025-09-04 13:49:00+02:00,664.3214605175066,672.8585834450328,687.0412989264332,664.1065625
2025-09-04 13:50:00+02:00,662.5698927286459,670.6686595388286,684.6558166365353,667.8545833333334
2025-09-04 13:51:00+02:00,660.8183249397852,668.4787356326241,682.2703343466374,666.5134722222223
2025-09-04 13:52:00+02:00,659.0667571509246,666.2888117264198,680.3752011941074,661.6230085470086
2025-09-04 13:53:00+02:00,657.3151893620638,665.0356886023139,680.2227953811416,660.2928174603175
2025-09-04 13:54:00+02:00,655.563621573203,665.0296054803522,680.2227953811416,658.3978571428571
2025-09-04 13:55:00+02:00,654.6440484840509,665.0296054803522,680.2227953811416,658.1136342592592
2025-09-04 13:56:00+02:00,654.6440484840509,665.0296054803522,680.2227953811416,659.0643531746032
2025-09-04 13:57:00+02:00,654.6440484840509,665.0296054803522,680.2227953811416,658.2680694444444
2025-09-04 13:58:00+02:00,654.6440484840509,665.0296054803522,680.2227953811416,658.6502643849207
2025-09-04 13:59:00+02:00,654.6440484840509,665.0296054803522,680.2227953811416,660.2943701923077
2025-09-04 14:00:00+02:00,654.6440484840509,665.0296054803522,680.2227953811416,658.5457361111111
2025-09-04 14:01:00+02:00,654.6440484840509,665.0296054803522,680.2227953811416,657.0259313725489
2025-09-04 14:02:00+02:00,654.6440484840509,664.9648892416674,678.1717792274897,655.9457046568627
2025-09-04 14:03:00+02:00,654.6440484840509,663.5573110502737,673.5489559846187,659.0776048976608
2025-09-04 14:04:00+02:00,654.4285016716774,661.6158238897307,668.9197032240249,653.5769415204678
2025-09-04 14:05:00+02:00,649.7403585025539,659.6743367291879,664.6936128452451,646.4336388888888
2025-09-04 14:06:00+02:00,643.273954131349,657.7328495686455,662.2834471442161,645.0893783068783
2025-09-04 14:07:00+02:00,638.7324049778445,655.7913624081029,660.0934961895562,645.1530972222222
2025-09-04 14:08:00+02:00,637.8362959101079,653.8498752475607,657.9035452348958,643.7699444444444
2025-09-04 14:09:00+02:00,637.0266089133701,651.9083880870181,655.7135942802352,645.1839682539683
2025-09-04 14:10:00+02:00,636.2169219166324,650.0274658371349,653.5236433255748,641.5288234126984
2025-09-04 14:11:00+02:00,635.4072349198946,648.9721389483421,651.3336923709142,642.3164675925926
2025-09-04 14:12:00+02:00,634.5975479231568,648.1781974634468,649.2880341184621,636.12515625
2025-09-04 14:13:00+02:00,633.7878609264194,647.3842559785517,648.2812833219114,638.8309722222222
2025-09-04 14:14:00+02:00,632.9781739296823,646.5903144936564,647.4765423084518,638.5709126984127
2025-09-04 14:15:00+02:00,632.1684869329451,645.7963730087611,646.6718012949923,635.954417989418
2025-09-04 14:16:00+02:00,631.3438723734698,645.0024315238658,645.8670602815328,633.9223015873016
2025-09-04 14:17:00+02:00,628.9145448196372,644.2084900389706,645.062319268073,631.1751884920635
2025-09-04 14:18:00+02:00,625.4178965300225,643.4145485540749,644.2575782546135,624.8975892857143
2025-09-04 14:19:00+02:00,622.4461927890045,642.6206070691791,643.4528372411539,629.107800925926
2025-09-04 14:20:00+02:00,620.3619424735375,641.40876467884,642.6480962276942,628.7433055555556
2025-09-04 14:21:00+02:00,618.2915586178447,638.614868860753,641.8433552142346,628.3560277777777
2025-09-04 14:22:00+02:00,616.2211747621518,635.6717227192935,634.6153337913702,625.2373611111111
2025-09-04 14:23:00+02:00,614.150790906459,632.6691289239835,629.9811903105733,627.9858589616402
2025-09-04 14:24:00+02:00,612.080407050766,629.6090365782277,627.24695329993,627.03275
2025-09-04 14:25:00+02:00,610.0100231950731,626.5489442324719,624.5127162892868,623.470302579365
2025-09-04 14:26:00+02:00,607.9001354635132,623.488851886716,621.7784792786435,617.8813044871795
2025-09-04 14:27:00+02:00,604.9705423077079,620.42875954096,619.0410592581104,612.4004662698412
2025-09-04 14:28:00+02:00,601.7150421759977,616.8969029585664,615.6511222100833,612.5852314814815
2025-09-04 14:29:00+02:00,598.4595420442876,612.8436227462054,611.7710016389631,605.7188472222223
2025-09-04 14:30:00+02:00,595.2040419125774,608.7903425338444,607.8908810678429,607.965
2025-09-04 14:31:00+02:00,592.0404723730542,604.7724978934882,604.0132951298187,601.3103472222223
2025-09-04 14:32:00+02:00,589.634976639872,602.2493901085976,601.1495624301579,596.0170238095238
2025-09-04 14:33:00+02:00,587.3977846062323,600.5155291547173,599.094377688092,590.5401111111111
2025-09-04 14:34:00+02:00,585.1605925725927,598.7816682008369,597.0391929460261,597.3764583333333
2025-09-04 14:35:00+02:00,582.9234005389532,597.0478072469563,594.9840082039602,594.0683449074074
2025-09-04 14:36:00+02:00,580.6862085053136,595.3139462930757,592.9288234618946,590.6684628817414
2025-09-04 14:37:00+02:00,578.4490164716741,593.5800853391952,590.8736387198287,589.4976111111112
2025-09-04 14:38:00+02:00,576.1601334869829,591.8462243853146,588.8184539777628,588.1388576388889
2025-09-04 14:39:00+02:00,573.3712580303019,590.112363431434,586.711682441264,587.7820185185185
2025-09-04 14:40:00+02:00,570.4573844556235,588.2673840076917,584.260998941879,585.6329710144927
2025-09-04 14:41:00+02:00,567.5435108809448,584.533390596299,581.7472649159647,584.5027777777779
2025-09-04 14:42:00+02:00,564.6296373062657,580.1326863657354,579.2335308900506,578.9187499999999
2025-09-04 14:43:00+02:00,561.7157637315867,575.7319821351724,576.7197968641369,579.045267094017
2025-09-04 14:44:00+02:00,556.7444690220044,571.9916558600003,574.2060628382235,574.1488888888889
2025-09-04 14:45:00+02:00,549.6460100882003,569.6601358896617,571.6745600054974,574.1750000000001
2025-09-04 14:46:00+02:00,543.8724623815298,567.3726411163491,568.8113727789364,566.5493819444445
2025-09-04 14:47:00+02:00,541.0799649359088,565.0851463430366,565.8238039046876,568.4146031746031
2025-09-04 14:48:00+02:00,538.3978767592156,562.797651569724,562.836235030439,565.5180868055555
2025-09-04 14:49:00+02:00,535.7157885825224,560.5101567964115,559.8486661561894,560.8734132996633
2025-09-04 14:50:00+02:00,533.0337004058294,558.21055887615,556.86255215498,562.6098611111112
2025-09-04 14:51:00+02:00,530.3516122291369,551.0697021763909,554.4583873697086,559.1538888888889
2025-09-04 14:52:00+02:00,531.612440490113,543.8810517997607,552.5183270841483,551.8369642857143
2025-09-04 14:53:00+02:00,537.4044345894745,548.3296803661684,550.578266798588,551.4292303240741
2025-09-04 14:54:00+02:00,542.964609561558,553.5805206412722,548.6382065130274,554.0831096491228
2025-09-04 14:55:00+02:00,543.9395938551156,555.9283841074193,546.6981462274673,551.732829710145
2025-09-04 14:56:00+02:00,543.1299068583778,551.6629343643347,544.7580859419074,551.3845833333334
2025-09-04 14:57:00+02:00,542.3202198616401,547.1327976564021,542.8180256563478,549.2552804232804
2025-09-04 14:58:00+02:00,541.5105328649023,543.6599664059668,540.9035048117453,546.1110945767197
2025-09-04 14:59:00+02:00,540.7008458681645,550.934173241754,543.0480563550618,542.8562499999999
2025-09-04 15:00:00+02:00,539.8911588714268,556.4862392572778,548.130170798757,544.9449603174603
2025-09-04 15:01:00+02:00,539.0814718746897,554.4994176894156,553.2122852424527,548.6423148148148
2025-09-04 15:02:00+02:00,538.2717848779525,552.399081579374,553.3436817911038,551.3827222222222
2025-09-04 15:03:00+02:00,537.4620978812154,550.2987454693324,548.5482507262836,546.1157015669515
2025-09-04 15:04:00+02:00,536.0712811032755,548.1984093592907,543.7528196614633,546.3038995726496
2025-09-04 15:05:00+02:00,530.8350378277646,546.0980732492492,539.3330869811227,540.6833785529716
2025-09-04 15:06:00+02:00,526.3463083712384,543.9977371392075,535.9778330568083,540.7443287037037
2025-09-04 15:07:00+02:00,522.6727868218379,541.7501578845694,532.6851955299071,540.3477777777778
2025-09-04 15:08:00+02:00,518.9992652724374,538.4424279888359,529.3925580030061,535.0999305555556
2025-09-04 15:09:00+02:00,515.3257437230369,534.9285576906674,526.0999204761047,536.2604166666666
2025-09-04 15:10:00+02:00,511.90692161758034,531.4146873924988,520.8460730571878,530.017003968254
2025-09-04 15:11:00+02:00,508.895618622434,527.901506900043,513.4245725997278,528.159525462963
2025-09-04 15:12:00+02:00,505.88894652626846,524.529736578597,507.5621026203102,521.9462731481482
2025-09-04 15:13:00+02:00,502.8822744301028,521.2641963368362,504.19408140576144,525.694212962963
2025-09-04 15:14:00+02:00,499.87560233393776,517.9986560950755,500.8544061999045,520.4643518518518
2025-09-04 15:15:00+02:00,495.8697685569268,514.7331158533148,497.5147309940476,516.2067923280423
2025-09-04 15:16:00+02:00,488.312860157449,511.3517964604305,494.1003254016399,509.4841773504274
2025-09-04 15:17:00+02:00,480.666457598226,506.6465676438304,488.29454743960594,504.50932692307697
2025-09-04 15:18:00+02:00,473.8057003404062,501.5688319931805,481.36781367931,506.9318055555555
2025-09-04 15:19:00+02:00,463.6324001790768,492.8282505737022,456.9242698296372,500.6888333333333
2025-09-04 15:20:00+02:00,441.10360769152817,458.0064388347754,458.4316847822328,497.799875
2025-09-04 15:21:00+02:00,464.0199793308766,470.1653023136872,477.2114132766912,461.2548611111111
2025-09-04 15:22:00+02:00,480.507914258668,494.9406679439919,476.5227263492004,459.66151175213673
2025-09-04 15:23:00+02:00,478.6782727117764,493.3429296241712,475.7179853357408,487.3647156084656
2025-09-04 15:24:00+02:00,476.848631164885,491.7385062067781,474.9132443222812,493.6076587301588
2025-09-04 15:25:00+02:00,475.0189896179938,490.1340827893849,474.1085033088216,491.7026145833333
2025-09-04 15:26:00+02:00,473.1893480711025,488.5296593719918,473.303762295362,493.1985127314815
2025-09-04 15:27:00+02:00,471.3597065242113,486.9252359545988,472.4990212819024,489.1496363636364
2025-09-04 15:28:00+02:00,469.53006497732,485.3208125372061,471.6942802684428,486.80049242424246
2025-09-04 15:29:00+02:00,467.7004234304288,483.7163891198136,470.8895392549836,488.483373015873
2025-09-04 15:30:00+02:00,465.8249324537784,482.1119657024211,470.0649163454898,485.2753830891331
2025-09-04 15:31:00+02:00,463.6437786120666,480.45932855102114,468.40163891235954,485.9008234126984
2025-09-04 15:32:00+02:00,461.4065865784271,478.0778131855071,466.29553743118856,482.7311111111112
2025-09-04 15:33:00+02:00,459.1693945447875,475.4523930479551,464.1894359500175,480.02288194444446
2025-09-04 15:34:00+02:00,456.932202511148,472.8269729104031,461.9320798560149,479.4271527777778
2025-09-04 15:35:00+02:00,454.6950104775085,470.2015527728513,458.6663596764704,474.4177083333333
2025-09-04 15:36:00+02:00,452.4578184438686,467.5761326352994,455.2157727479097,471.06902777777776
2025-09-04 15:37:00+02:00,450.17957621211536,464.9528695330718,451.765185819349,469.5726507936508
2025-09-04 15:38:00+02:00,447.5858338862914,462.34618478805095,448.31459889078815,463.4556944444444
2025-09-04 15:39:00+02:00,444.9264112434862,459.7429512995489,445.08492255395,463.9524166666667
2025-09-04 15:40:00+02:00,442.26698860068063,457.1397178110466,442.116322370966,463.6268194444445
2025-09-04 15:41:00+02:00,439.6075659578751,454.5364843225442,439.147722187982,466.7484111721612
2025-09-04 15:42:00+02:00,436.9481433150696,451.933250834042,436.179122004998,462.41467460317466
2025-09-04 15:43:00+02:00,434.33931102411606,449.408686489423,433.210521822014,456.2336363636364
2025-09-04 15:44:00+02:00,432.0064261069005,447.3132265659858,430.5059995694181,452.6801816239317
2025-09-04 15:45:00+02:00,429.71493329574537,445.2821323057259,428.5496981195888,450.956748366013
2025-09-04 15:46:00+02:00,427.42344048459006,443.2510380454659,426.6374096581575,449.56350710155857
2025-09-04 15:47:00+02:00,425.1319476734349,441.21994378520594,424.7251211967263,446.454445611578
2025-09-04 15:48:00+02:00,422.8404548622796,439.188849524946,422.812832735295,446.85130411255415
2025-09-04 15:49:00+02:00,420.5489620511244,437.1577552646861,420.9005442738635,445.22204166666666
2025-09-04 15:50:00+02:00,417.7049648621684,435.12666100442607,418.9882558124319,445.8456392450142
2025-09-04 15:51:00+02:00,413.0122030244177,431.7822172799303,417.0759673510003,438.0244444444445
2025-09-04 15:52:00+02:00,408.1706900080284,426.79094037144,414.4367698640888,431.674963023088
2025-09-04 15:53:00+02:00,403.4977868976824,421.7955463799899,408.3058129512111,426.3334325396825
2025-09-04 15:54:00+02:00,400.32551195112273,417.46584605622223,401.7888880576477,425.1309722222222
2025-09-04 15:55:00+02:00,397.5073178072543,414.2615448385743,397.7535997512256,421.9634325396826
2025-09-04 15:56:00+02:00,394.6891236633857,411.0748279819594,394.9538720337408,417.6920138888889
2025-09-04 15:57:00+02:00,391.8709295195172,407.88811112534455,392.15414431625584,415.8584490740741
2025-09-04 15:58:00+02:00,389.05273537564887,404.7013942687299,389.35441659877097,413.03657051282056
2025-09-04 15:59:00+02:00,385.8437009900145,401.19927080520034,386.5546888812861,412.4561111111111
2025-09-04 16:00:00+02:00,381.8944630444638,397.4117794592239,383.7813277037174,406.6550854700855
2025-09-04 16:01:00+02:00,377.92767716969104,393.6242881132474,381.1077827129744,404.2471527777778
2025-09-04 16:02:00+02:00,373.9608912949182,389.8367967672706,378.4436543436299,404.5684722222222
2025-09-04 16:03:00+02:00,370.4968594073731,386.5539372624488,375.7795259742852,399.93888888888887
2025-09-04 16:04:00+02:00,367.8827663359714,383.8674608426281,373.1153976049404,398.2627777777778
2025-09-04 16:05:00+02:00,365.2819535585721,381.1809844228076,370.4512692355957,395.3652991452991
2025-09-04 16:06:00+02:00,362.6811407811729,378.4945080029868,368.3445408276646,393.47583333333336
2025-09-04 16:07:00+02:00,360.0803280037738,375.8080315831662,367.4919623329145,387.3679166666666
2025-09-04 16:08:00+02:00,357.47951522637464,373.1488831131335,366.6858338349489,389.4938333333334
2025-09-04 16:09:00+02:00,355.46330600238576,371.2275892873725,365.8797053369832,389.328514957265
2025-09-04 16:10:00+02:00,354.62127923460827,369.6342308590652,365.0735768390176,383.4148680555556
2025-09-04 16:11:00+02:00,353.8115922378706,368.04087243075776,364.26744834105216,385.0247441520468
2025-09-04 16:12:00+02:00,353.0019052411332,366.4475140024503,363.46131984308687,384.9766319444445
2025-09-04 16:13:00+02:00,352.1922182443958,364.85415557414296,362.6551913451215,381.2868513431013
2025-09-04 16:14:00+02:00,351.38253124765833,363.26079714583545,361.8490628471562,382.1600712250713
2025-09-04 16:15:00+02:00,350.5728442509209,361.66743871752806,361.0231369047704,379.8055555555556
2025-09-04 16:16:00+02:00,349.76315725418345,360.0740802892206,358.06898568718736,377.3065740740741
2025-09-04 16:17:00+02:00,348.9534702574461,358.48072186091326,353.7325266740943,372.2190376984127
2025-09-04 16:18:00+02:00,348.09798533995564,356.45066519669933,349.84876531694294,373.4110694444444
2025-09-04 16:19:00+02:00,341.22506786515925,352.3228973635776,346.10832908638315,375.4265555555556
2025-09-04 16:20:00+02:00,333.06941966022765,347.92219313301433,342.3678928558234,369.0974038461538
2025-09-04 16:21:00+02:00,325.8596269220077,343.48176032259187,338.6278277002863,362.8144395424836
2025-09-04 16:22:00+02:00,322.0365871405234,325.1647528833341,334.9065636792415,362.8248888888889
2025-09-04 16:23:00+02:00,319.34685768697403,313.620047573004,331.1958134505117,345.7852387566137
2025-09-04 16:24:00+02:00,316.65712823342426,319.35709116593296,327.4850632217817,324.6665743978244
2025-09-04 16:25:00+02:00,313.9673987798745,324.80994350540703,323.7743129930515,304.2684325396826
2025-09-04 16:26:00+02:00,311.2776693263248,324.12622139739835,306.9619087015293,295.1675747863248
2025-09-04 16:27:00+02:00,308.564591526824,321.4240345891576,275.4141044646558,302.5519841269841
2025-09-04 16:28:00+02:00,305.68340563647644,318.7218477809169,262.9692938592854,314.29564814814813
2025-09-04 16:29:00+02:00,302.76953206179775,316.01966097267626,270.43636743602593,339.7200114379085
2025-09-04 16:30:00+02:00,299.8556584871189,313.3174741644358,286.0743830792106,338.603192499222
2025-09-04 16:31:00+02:00,296.94178491244014,310.2709661529704,303.8654938500049,332.8493659722222
2025-09-04 16:32:00+02:00,294.0248320631505,305.5704866474421,303.1820279096441,334.7532349537037
2025-09-04 16:33:00+02:00,289.87616936949183,300.65480638989806,300.05457286737004,329.91252777777777
2025-09-04 16:34:00+02:00,284.7452180749487,291.49160628018666,296.927117825096,321.78764087301585
2025-09-04 16:35:00+02:00,279.6142667804056,223.50524605155437,293.7996627828217,255.2900138888889
2025-09-04 16:36:00+02:00,236.5414351083119,184.6951064606421,284.04319756500496,176.88318452380952
2025-09-04 16:37:00+02:00,175.01275313775793,238.4790969471808,206.1634432277547,224.29310515873013
2025-09-04 16:38:00+02:00,212.15693626074875,268.9433043951243,183.13224088639817,271.9530740740741
2025-09-04 16:39:00+02:00,248.8877812000237,279.148730271691,241.3153259964728,284.1671750992064
2025-09-04 16:40:00+02:00,262.2715039637208,283.9502465061596,265.9623172599896,309.3316388888889
2025-09-04 16:41:00+02:00,276.2888339363316,287.8995964566652,282.23815115594954,309.403875
2025-09-04 16:42:00+02:00,274.55741347800705,291.8489464071706,288.928022468695,309.69108796296297
2025-09-04 16:43:00+02:00,272.8187485826185,294.2542102311937,286.7783464741202,308.1639087301588
2025-09-04 16:44:00+02:00,271.08008368723017,289.29832456413595,284.6286704795457,304.5311755952381
2025-09-04 16:45:00+02:00,269.3414187918417,283.37429963837764,282.4789944849711,302.5082638888889
2025-09-04 16:46:00+02:00,267.6027538964534,278.9707744435639,280.32931849039653,300.7962400793651
2025-09-04 16:47:00+02:00,265.864089001065,276.59129109838426,278.17964249582207,299.12267022357724
2025-09-04 16:48:00+02:00,264.12542410567664,274.22168112808106,276.02996650124743,299.2090955284553
2025-09-04 16:49:00+02:00,262.38675921028823,271.85207115777774,273.41493451012,294.72093253968256
2025-09-04 16:50:00+02:00,260.06450049107855,269.4824611874745,270.37886614115894,287.1020087505088
2025-09-04 16:51:00+02:00,256.75563787348415,267.1128512171712,267.3427977721981,288.1541137566137
2025-09-04 16:52:00+02:00,253.43135956997756,264.56730447337185,264.3067294032372,283.9328587962964
2025-09-04 16:53:00+02:00,250.10708126647057,260.5709560281284,261.2706610342763,277.70550925925926
2025-09-04 16:54:00+02:00,246.7746681549458,256.2525079514076,257.8928944150867,277.3048544973545
2025-09-04 16:55:00+02:00,242.72639193785108,251.9340598746865,254.00138567142704,269.1226488095238
2025-09-04 16:56:00+02:00,238.2307012797752,247.8499100681749,250.10509793126045,261.3470701754386
2025-09-04 16:57:00+02:00,233.73501062169944,244.16185695997984,246.2088101910938,257.6816632553606
2025-09-04 16:58:00+02:00,229.4995220520648,240.4799928626959,242.75800058514957,253.05001253132832
2025-09-04 16:59:00+02:00,226.24908424581488,236.7981287654117,239.97696579639265,247.2304261363637
2025-09-04 17:00:00+02:00,223.09157575686524,233.44149599672107,237.20216147105148,248.89458333333332
2025-09-04 17:01:00+02:00,219.9340672679156,231.1121182781,234.42735714571037,244.41076566951563
2025-09-04 17:02:00+02:00,216.776558778966,228.85809903805549,231.6525528203692,245.54306666666665
2025-09-04 17:03:00+02:00,213.6254977411252,226.60407979801096,228.7276979350437,243.58652777777775
2025-09-04 17:04:00+02:00,210.49735129303596,224.3500605579664,223.0018992633412,239.82837632275127
2025-09-04 17:05:00+02:00,207.37120878245344,222.09604131792167,216.22574667174723,241.5581994047619
2025-09-04 17:06:00+02:00,204.24506627187083,219.842022077877,193.63830247149,234.7054671717172
2025-09-04 17:07:00+02:00,201.11892376128827,217.10777640794652,140.52922058674417,234.2993650793651
2025-09-04 17:08:00+02:00,193.44097472916957,213.5147728869262,88.20034317194008,224.3632936507936
2025-09-04 17:09:00+02:00,160.46149690986593,209.90482019779228,61.27977745687255,225.3452380952381
2025-09-04 17:10:00+02:00,112.65266157252648,206.29486750865837,56.81675695449999,217.84897016178263
2025-09-04 17:11:00+02:00,71.98925729768517,199.03875118520625,56.81675695449999,214.0802297979798
2025-09-04 17:12:00+02:00,56.71719095996278,166.82404591152235,56.81675695449999,215.6742474747475
2025-09-04 17:13:00+02:00,56.71719095996278,117.30160710581396,56.81675695449999,214.44708333333327
2025-09-04 17:14:00+02:00,56.71719095996278,73.92733775332177,56.81675695449999,205.8945555555556
2025-09-04 17:15:00+02:00,56.71719095996278,63.74362457997245,56.81675695449999,184.2987222222222
2025-09-04 17:16:00+02:00,56.71719095996278,62.94831658649717,56.81675695449999,134.46166666666667
2025-09-04 17:17:00+02:00,56.71719095996278,62.153008593021866,56.81675695449999,81.83036111111112
2025-09-04 17:18:00+02:00,56.71719095996278,61.357700599546575,56.81675695449999,50.20405303030304
2025-09-04 17:19:00+02:00,56.71719095996278,60.562392606071285,56.81675695449999,47.79932291666666
2025-09-04 17:20:00+02:00,56.71719095996278,59.76708461259601,56.81675695449999,44.69572382478632
2025-09-04 17:21:00+02:00,56.68333786765798,58.97177661912073,56.81675695449999,49.30421626984127
2025-09-04 17:22:00+02:00,56.07398220617178,58.17646862564543,56.81675695449999,48.355401785714285
2025-09-04 17:23:00+02:00,55.26150799085687,57.38116063217015,56.81675695449999,45.91380341880342
2025-09-04 17:24:00+02:00,54.44903377554196,56.51045871379786,56.81675695449999,45.25862268518518
2025-09-04 17:25:00+02:00,53.636559560227056,55.277596691902446,56.81675695449999,46.94650462962963
2025-09-04 17:26:00+02:00,52.824085344912135,53.997613466946405,56.81675695449999,40.76117181540809
2025-09-04 17:27:00+02:00,52.01161112959723,52.71763024199036,56.81675695449999,44.55905092592593
2025-09-04 17:28:00+02:00,51.19913691428232,51.43764701703429,56.81675695449999,42.54344410491469
2025-09-04 17:29:00+02:00,50.38666269896741,50.15766379207817,56.48422894908923,41.39115909090909
2025-09-04 17:30:00+02:00,49.5741884836525,49.06434478742815,55.681459319865255,44.25628890445066
2025-09-04 17:31:00+02:00,48.911796310888825,48.93101320149521,54.87533082189975,44.78520401382244
2025-09-04 17:32:00+02:00,48.84973230833004,48.93101320149521,54.06920232393425,44.61979797979797
2025-09-04 17:33:00+02:00,48.84973230833004,48.93101320149521,53.263073825968746,44.36307870370371
2025-09-04 17:34:00+02:00,48.84973230833004,48.93101320149521,52.45694532800324,41.51211574074074
2025-09-04 17:35:00+02:00,48.84973230833004,48.93101320149521,51.65081683003774,40.99288492063492
2025-09-04 17:36:00+02:00,48.84973230833004,48.93101320149521,50.84468833207224,43.26228174603174
2025-09-04 17:37:00+02:00,48.84973230833004,48.93101320149521,50.03855983410679,41.86903600464576
2025-09-04 17:38:00+02:00,48.84973230833004,48.93101320149521,49.21319417880357,41.47073051948052
2025-09-04 17:39:00+02:00,48.84973230833004,48.93101320149521,47.93712940872866,41.0166617063492
2025-09-04 17:40:00+02:00,48.84973230833004,48.66131595466072,46.4714412306096,40.053023504273504
2025-09-04 17:41:00+02:00,46.32090631316238,47.8808451464744,45.00575305249054,40.10972426470588
2025-09-04 17:42:00+02:00,41.40800193871206,47.08826548230776,43.54006487437148,38.62259520609319
2025-09-04 17:43:00+02:00,40.9822736566973,46.2956858181411,42.074376696252415,39.67075268817205
2025-09-04 17:44:00+02:00,40.9822736566973,45.503106153974464,41.23567734988429,39.46842307692308
2025-09-04 17:45:00+02:00,40.9822736566973,44.71052648980786,41.23160599383396,39.065694444444446
2025-09-04 17:46:00+02:00,40.9822736566973,43.917946825641245,41.23160599383396,36.99806693510738
2025-09-04 17:47:00+02:00,40.9822736566973,43.12536716147464,41.23160599383396,37.5046
2025-09-04 17:48:00+02:00,40.9822736566973,42.332787497308026,41.23160599383396,36.52732976190476
2025-09-04 17:49:00+02:00,40.9822736566973,41.544611053497896,41.23160599383396,34.09972222222222
2025-09-04 17:50:00+02:00,40.9822736566973,41.2297807980095,41.23160599383396,37.40508333333333
2025-09-04 17:51:00+02:00,40.9822736566973,41.2297807980095,41.23160599383396,34.83632738095238
2025-09-04 17:52:00+02:00,40.611167116525934,41.2297807980095,41.23160599383396,34.63553571428572
2025-09-04 17:53:00+02:00,39.80148011978841,41.2297807980095,41.21489807041987,38.60821180555556
2025-09-04 17:54:00+02:00,38.99179312305088,41.2297807980095,40.66353659775478,33.289922528860025
2025-09-04 17:55:00+02:00,38.18210612631335,41.2297807980095,39.861556273878286,38.10332407407408
2025-09-04 17:56:00+02:00,37.37241912957584,41.2297807980095,39.059575950001786,35.43216726190476
2025-09-04 17:57:00+02:00,36.56273213283836,41.2297807980095,38.257595626125294,35.617393162393164
2025-09-04 17:58:00+02:00,35.75304513610087,41.2297807980095,37.45561530224883,35.31997707847708
2025-09-04 17:59:00+02:00,34.94335813936338,40.26712674757378,36.65363497837239,33.90540740740741
2025-09-04 18:00:00+02:00,34.1336711426259,33.91361001469807,35.85165465449593,35.2252380952381
2025-09-04 18:01:00+02:00,33.34760001662659,33.52854839452379,35.04967433061948,36.2223685515873
2025-09-04 18:02:00+02:00,33.114815005064564,33.52854839452379,34.247694006743025,36.90951058201058
2025-09-04 18:03:00+02:00,33.114815005064564,33.52854839452379,33.54261963866832,37.31077380952381
2025-09-04 18:04:00+02:00,33.114815005064564,33.52854839452379,33.43903051350094,34.38849977954145
2025-09-04 18:05:00+02:00,33.114815005064564,33.52854839452379,33.43903051350094,36.82948148148149
2025-09-04 18:06:00+02:00,33.114815005064564,33.52854839452379,33.43903051350094,33.87822222222223
2025-09-04 18:07:00+02:00,33.114815005064564,33.52854839452379,33.43903051350094,34.589224664224666
2025-09-04 18:08:00+02:00,33.114815005064564,33.52854839452379,33.43903051350094,33.386625
2025-09-04 18:09:00+02:00,33.114815005064564,33.52634678434554,33.43903051350094,30.964915674603176
2025-09-04 18:10:00+02:00,33.114815005064564,33.07281508762796,33.43903051350094,35.52553571428572
2025-09-04 18:11:00+02:00,32.445675480570024,32.280235423461306,33.43903051350094,35.46248207885305
2025-09-04 18:12:00+02:00,28.126684004287117,31.48765575929466,33.43903051350094,33.028691425120776
2025-09-04 18:13:00+02:00,25.26763330871954,30.69507609512801,31.5175735457476,31.855538302277434
2025-09-04 18:14:00+02:00,25.247356353431822,29.902496430961385,26.26914942086577,34.40135846560847
2025-09-04 18:15:00+02:00,25.247356353431822,29.10991676679477,25.646455033167925,34.47236111111111
2025-09-04 18:16:00+02:00,25.247356353431822,28.317337102628173,25.646455033167925,27.592822954822957
2025-09-04 18:17:00+02:00,25.247356353431822,27.524757438461563,25.646455033167925,34.17976851851852
2025-09-04 18:18:00+02:00,25.247356353431822,26.732177774294957,25.646455033167925,33.00691798941799
2025-09-04 18:19:00+02:00,25.247356353431822,25.902634577818297,25.646455033167925,28.24200244200244
2025-09-04 18:20:00+02:00,25.247356353431822,24.650421424926748,25.646455033167925,30.150808857808855
2025-09-04 18:21:00+02:00,25.247356353431822,23.279282124602855,25.646455033167925,32.188951851851854
2025-09-04 18:22:00+02:00,25.223740482693643,21.908142824278976,25.646455033167925,30.16332175925926
2025-09-04 18:23:00+02:00,24.64683849751816,20.537003523955114,25.646455033167925,34.04083333333333
2025-09-04 18:24:00+02:00,23.837151500780628,19.165864223631274,25.36193230300112,26.4924173414305
2025-09-04 18:25:00+02:00,23.027464504043103,18.17178823089649,24.56861598477135,27.569252136752137
2025-09-04 18:26:00+02:00,22.217777507305577,18.12608358755236,23.7652576878298,26.580016025641022
2025-09-04 18:27:00+02:00,21.408090510568076,18.12608358755236,22.961899390888256,32.04817982456141
2025-09-04 18:28:00+02:00,20.59840351383059,18.12608358755236,22.15854109394671,32.03688596491228
2025-09-04 18:29:00+02:00,19.788716517093107,18.12608358755236,21.35518279700517,29.918223684210528
2025-09-04 18:30:00+02:00,18.979029520355617,18.12608358755236,20.551824500063624,23.373230158730163
2025-09-04 18:31:00+02:00,18.16934252361813,18.12608358755236,19.74846620312208,28.978838383838383
2025-09-04 18:32:00+02:00,17.151250868853378,18.12608358755236,18.94510790618053,26.88030073995772
2025-09-04 18:33:00+02:00,14.996406533939894,18.121817582440297,18.121817582440297,26.75010527586109
2025-09-04 18:34:00+02:00,12.671049297004105,16.872119275111913,16.057387600782075,27.41888888888889
2025-09-04 18:35:00+02:00,10.368299699871873,15.67081802597919,13.257659883297157,25.69694599723948
2025-09-04 18:36:00+02:00,9.512439050166346,14.518087407712454,10.636803658873784,24.403832437275984
2025-09-04 18:37:00+02:00,9.512439050166346,13.414043727730418,10.061304072501883,16.62252688172043
2025-09-04 18:38:00+02:00,9.512439050166346,12.354757994774712,10.061304072501883,16.026772137887413
2025-09-04 18:39:00+02:00,9.512439050166346,11.331376110438326,10.061304072501883,15.867626050420162
2025-09-04 18:40:00+02:00,9.512439050166346,10.362813455373416,10.061304072501883,16.354180672268907
2025-09-04 18:41:00+02:00,9.448233614694082,9.448233614694082,9.448233614694082,16.840735294117653
2025-09-04 18:42:00+02:00,8.586715413096506,8.586715413096506,8.586715413096506,17.008872549019607
2025-09-04 18:43:00+02:00,7.777252911378923,7.777252911378923,7.777252911378923,19.594523809523803
2025-09-04 18:44:00+02:00,7.018755901859748,7.018755901859748,7.018755901859748,24.42309523809523
2025-09-04 18:45:00+02:00,6.310050942386548,6.310050942386548,6.310050942386548,22.234897660818717
2025-09-04 18:46:00+02:00,5.649882921946581,4.461744149423193,5.649882921946581,19.36314484126984
2025-09-04 18:47:00+02:00,5.121422838396463,2.723618780580937,5.121422838396463,23.646766666666664
2025-09-04 18:48:00+02:00,4.636597197535719,2.723618780580937,4.636597197535719,21.864246626984126
2025-09-04 18:49:00+02:00,4.174827059064114,2.723618780580937,4.174827059064114,23.11617424242424
2025-09-04 18:50:00+02:00,3.7370582843073183,2.723618780580937,3.7370582843073183,22.363524720893142
2025-09-04 18:51:00+02:00,3.324137531909196,2.723618780580937,3.324137531909196,23.75559595959596
2025-09-04 18:52:00+02:00,2.9367913436922226,2.723618780580937,2.9367913436922226,24.15481091617934
2025-09-04 18:53:00+02:00,2.575604598785791,2.575604598785791,2.575604598785791,23.040974025974023
2025-09-04 18:54:00+02:00,2.2486043812881853,2.4278814633057557,2.4278814633057557,19.9086531986532
2025-09-04 18:55:00+02:00,0.5087725934840357,2.095496687724632,2.095496687724632,20.01541456228956
2025-09-04 18:56:00+02:00,0.0,1.7918288031347878,0.0698335308867719,20.144742424242423
2025-09-04 18:57:00+02:00,0.0,1.5167440810119586,0.0,18.43355054302423
2025-09-04 18:58:00+02:00,0.0,1.269670664148866,0.0,20.363333333333333
2025-09-04 18:59:00+02:00,0.0,0.5033839654624259,0.0,14.703765567765569
2025-09-04 19:00:00+02:00,0.0,0.0,0.0,18.413942307692302
2025-09-04 19:01:00+02:00,0.0,0.0,0.0,15.994565018315017
2025-09-04 19:02:00+02:00,0.0,0.0,0.0,14.847838095238096
2025-09-04 19:03:00+02:00,0.0,0.0,0.0,16.31781177156177
2025-09-04 19:04:00+02:00,0.0,0.0,0.0,16.436178674055828
2025-09-04 19:05:00+02:00,0.0,0.0,0.0,14.356180555555556
2025-09-04 19:06:00+02:00,0.0,0.0,0.0,12.362359375
2025-09-04 19:07:00+02:00,0.0,0.0,0.0,14.549680555555556
2025-09-04 19:08:00+02:00,0.0,0.0,0.0,15.691380952380952
2025-09-04 19:09:00+02:00,0.0,0.0,0.0,13.060006172839506
2025-09-04 19:10:00+02:00,0.0,0.0,0.0,11.79735096153846
2025-09-04 19:11:00+02:00,0.0,0.0,0.0,11.935671146953403
2025-09-04 19:12:00+02:00,0.0,0.0,0.0,13.948992063492064
2025-09-04 19:13:00+02:00,0.0,0.0,0.0,13.150648148148148
2025-09-04 19:14:00+02:00,0.0,0.0,0.0,11.46946875
2025-09-04 19:15:00+02:00,0.0,0.0,0.0,12.41986111111111
2025-09-04 19:16:00+02:00,0.0,0.0,0.0,8.908561507936508
2025-09-04 19:17:00+02:00,0.0,0.0,0.0,11.0605
2025-09-04 19:18:00+02:00,0.0,0.0,0.0,10.83995987654321
2025-09-04 19:19:00+02:00,0.0,0.0,0.0,11.810190377722634
2025-09-04 19:20:00+02:00,0.0,0.0,0.0,13.728828185703186
2025-09-04 19:21:00+02:00,0.0,0.0,0.0,12.894141414141414
2025-09-04 19:22:00+02:00,0.0,0.0,0.0,11.14744363044363
2025-09-04 19:23:00+02:00,0.0,0.0,0.0,11.287579365079369
2025-09-04 19:24:00+02:00,0.0,0.0,0.0,12.599976293103447
2025-09-04 19:25:00+02:00,0.0,0.0,0.0,12.971027777777778
2025-09-04 19:26:00+02:00,0.0,0.0,0.0,12.543981196581194
2025-09-04 19:27:00+02:00,0.0,0.0,0.0,10.231518518518518
2025-09-04 19:28:00+02:00,0.0,0.0,0.0,9.806446225071223
2025-09-04 19:29:00+02:00,0.0,0.0,0.0,6.971861772486772
2025-09-04 19:30:00+02:00,0.0,0.0,0.0,10.898470169677068
2025-09-04 19:31:00+02:00,0.0,0.0,0.0,11.994685618500272
2025-09-04 19:32:00+02:00,0.0,0.0,0.0,10.790111111111113
2025-09-04 19:33:00+02:00,0.0,0.0,0.0,7.3676006944444445
2025-09-04 19:34:00+02:00,0.0,0.0,0.0,12.971333333333332
2025-09-04 19:35:00+02:00,0.0,0.0,0.0,11.35793771043771
2025-09-04 19:36:00+02:00,0.0,0.0,0.0,11.580436507936506
2025-09-04 19:37:00+02:00,0.0,0.0,0.0,8.998561253561252
2025-09-04 19:38:00+02:00,0.0,0.0,0.0,9.195972222222222
2025-09-04 19:39:00+02:00,0.0,0.0,0.0,12.960603174603174
2025-09-04 19:40:00+02:00,0.0,0.0,0.0,10.608166666666667
2025-09-04 19:41:00+02:00,0.0,0.0,0.0,10.605427248677248
2025-09-04 19:42:00+02:00,0.0,0.0,0.0,9.822977092352092
2025-09-04 19:43:00+02:00,0.0,0.0,0.0,10.572407407407407
2025-09-04 19:44:00+02:00,0.0,0.0,0.0,12.99181818181818
2025-09-04 19:45:00+02:00,0.0,0.0,0.0,10.622351851851851
2025-09-04 19:46:00+02:00,0.0,0.0,0.0,11.82112962962963
2025-09-04 19:47:00+02:00,0.0,0.0,0.0,9.464848927875243
2025-09-04 19:48:00+02:00,0.0,0.0,0.0,10.93097953216374
2025-09-04 19:49:00+02:00,0.0,0.0,0.0,13.07461111111111
2025-09-04 19:50:00+02:00,0.0,0.0,0.0,10.699222222222224
2025-09-04 19:51:00+02:00,0.0,0.0,0.0,12.524301075268816
2025-09-04 19:52:00+02:00,0.0,0.0,0.0,11.89831746031746
2025-09-04 19:53:00+02:00,0.0,0.0,0.0,9.000224867724867
2025-09-04 19:54:00+02:00,0.0,0.0,0.0,10.3690826873385
2025-09-04 19:55:00+02:00,0.0,0.0,0.0,9.069642981539532
2025-09-04 19:56:00+02:00,0.0,0.0,0.0,8.834069041867954
2025-09-04 19:57:00+02:00,0.0,0.0,0.0,9.999492296918769
2025-09-04 19:58:00+02:00,0.0,0.0,0.0,11.677373737373737
2025-09-04 19:59:00+02:00,0.0,0.0,0.0,12.584090909090907
2025-09-04 20:00:00+02:00,0.0,0.0,0.0,11.730092592592593
2025-09-05 05:00:00+02:00,0.0,0.0,0.0,12.981944444444444
2025-09-05 05:01:00+02:00,0.0,0.0,0.0,11.902219336219336
2025-09-05 05:02:00+02:00,0.0,0.0,0.0,11.993181818181816
2025-09-05 05:03:00+02:00,0.0,0.0,0.0,13.14767195767196
2025-09-05 05:04:00+02:00,0.0,0.0,0.0,9.343651515151516
2025-09-05 05:05:00+02:00,0.0,0.0,0.0,11.299989583333334
2025-09-05 05:06:00+02:00,0.0,0.0,0.0,10.801157407407407
2025-09-05 05:07:00+02:00,0.0,0.0,0.0,10.057976190476188
2025-09-05 05:08:00+02:00,0.0,0.0,0.0,10.801286764705884
2025-09-05 05:09:00+02:00,0.0,0.0,0.0,8.721078431372549
2025-09-05 05:10:00+02:00,0.0,0.0,0.0,9.003712121212121
2025-09-05 05:11:00+02:00,0.0,0.0,0.0,10.442336182336184
2025-09-05 05:12:00+02:00,0.0,0.0,0.0,13.156324074074073
2025-09-05 05:13:00+02:00,0.0,0.0,0.0,8.959169973544974
2025-09-05 05:14:00+02:00,0.0,0.0,0.0,11.493253968253969
2025-09-05 05:15:00+02:00,0.0,0.0,0.0,11.408425925925926
2025-09-05 05:16:00+02:00,0.0,0.0,0.0,11.991474747474747
2025-09-05 05:17:00+02:00,0.0,0.0,0.0,10.60664351851852
2025-09-05 05:18:00+02:00,0.0,0.0,0.0,9.923680555555556
2025-09-05 05:19:00+02:00,0.0,0.0,0.0,10.34517543859649
2025-09-05 05:20:00+02:00,0.0,0.0,0.0,9.359916666666663
2025-09-05 05:21:00+02:00,0.0,0.0,0.0,10.094310185185185
2025-09-05 05:22:00+02:00,0.0,0.0,0.0,9.400540849673202
2025-09-05 05:23:00+02:00,0.0,0.0,0.0,9.682152777777777
2025-09-05 05:24:00+02:00,0.0,0.0,0.0,11.232666666666669
2025-09-05 05:25:00+02:00,0.0,0.0,0.0,10.398527777777778
2025-09-05 05:26:00+02:00,0.0,0.0,0.0,10.675651515151516
2025-09-05 05:27:00+02:00,0.0,0.0,0.0,8.729132553606236
2025-09-05 05:28:00+02:00,0.0,0.0,0.0,11.830500730994151
2025-09-05 05:29:00+02:00,0.0,0.0,0.0,11.450525793650792
2025-09-05 05:30:00+02:00,0.0,0.0,0.0,10.331267973856209
2025-09-05 05:31:00+02:00,0.0,0.0,0.0,10.22675
2025-09-05 05:32:00+02:00,0.0,0.0,0.0,10.865281746031746
2025-09-05 05:33:00+02:00,0.0,0.0,0.0,13.79626636904762
2025-09-05 05:34:00+02:00,0.0,0.0,0.0,10.28526851851852
2025-09-05 05:35:00+02:00,0.0,0.0,0.0,8.514040113781492
2025-09-05 05:36:00+02:00,0.0,0.0,0.0,11.54737962962963
2025-09-05 05:37:00+02:00,0.0,0.0,0.0,7.787875
2025-09-05 05:38:00+02:00,0.0,0.0,0.0,11.666176470588235
2025-09-05 05:39:00+02:00,0.0,0.0,0.0,10.80360201627821
2025-09-05 05:40:00+02:00,0.0,0.0,0.0,12.747133152173914
2025-09-05 05:41:00+02:00,0.0,0.0,0.0,12.74689236111111
2025-09-05 05:42:00+02:00,0.0,0.0,0.0,13.177072222222222
2025-09-05 05:43:00+02:00,0.0,0.0,0.0,11.337354497354497
2025-09-05 05:44:00+02:00,0.0,0.0,0.0,13.018798076923076
2025-09-05 05:45:00+02:00,0.0,0.0,0.0,10.365252525252524
2025-09-05 05:46:00+02:00,0.0,0.0,0.0,11.264444444444443
2025-09-05 05:47:00+02:00,0.0,0.0,0.0,11.953209475709476
2025-09-05 05:48:00+02:00,0.0,0.0,0.0,11.84547311827957
2025-09-05 05:49:00+02:00,0.0,0.0,0.0,13.108194444444443
2025-09-05 05:50:00+02:00,0.0,0.0,0.0,14.294666666666666
2025-09-05 05:51:00+02:00,0.0,0.0,0.0,14.268333333333333
2025-09-05 05:52:00+02:00,0.0,0.0,0.0,13.838958333333332
2025-09-05 05:53:00+02:00,0.0,0.0,0.0,14.675944444444442
2025-09-05 05:54:00+02:00,0.0,0.0,0.0,14.703261904761904
2025-09-05 05:55:00+02:00,0.0,0.0,0.0,12.721005938505938
2025-09-05 05:56:00+02:00,0.0,0.0,0.0,16.10392929292929
2025-09-05 05:57:00+02:00,0.0,0.0,0.0,13.049947204968944
2025-09-05 05:58:00+02:00,0.0,0.0,0.0,15.226454545454544
2025-09-05 05:59:00+02:00,0.0,0.0,0.0,14.10732886904762
2025-09-05 06:00:00+02:00,0.0,0.0,0.0,14.487092013888889
2025-09-05 06:01:00+02:00,0.0,0.0,0.0,15.192073412698411
2025-09-05 06:02:00+02:00,0.0,0.0,0.0,14.881765873015873
2025-09-05 06:03:00+02:00,0.0,0.0,0.0,16.035246825396825
2025-09-05 06:04:00+02:00,0.0,0.0,0.0,18.15672161172161
2025-09-05 06:05:00+02:00,0.0,0.0,0.0,16.13112103174603
2025-09-05 06:06:00+02:00,0.0,0.0,0.0,18.40527777777778
2025-09-05 06:07:00+02:00,0.0,0.0,0.0,16.60777777777778
2025-09-05 06:08:00+02:00,0.0,0.0,0.0,19.867669082125605
2025-09-05 06:09:00+02:00,0.0,0.0,0.0,18.793604497354497
2025-09-05 06:10:00+02:00,0.0,0.0,0.0,19.083761904761904
2025-09-05 06:11:00+02:00,0.0,0.0,0.0,17.755303724053725
2025-09-05 06:12:00+02:00,0.0,0.0,0.0,21.63283333333333
2025-09-05 06:13:00+02:00,0.0,1.0137297679189068,0.0,18.06472685185185
2025-09-05 06:14:00+02:00,0.0,1.6677124379777135,0.0,16.88149928774929
2025-09-05 06:15:00+02:00,0.3540142452158523,1.9582996499708645,0.6954852606583195,21.93027777777778
2025-09-05 06:16:00+02:00,1.165092456724386,2.277474885180422,1.4988435575998746,22.37333333333333
2025-09-05 06:17:00+02:00,2.2316603048581065,2.4238874748643013,2.417758867817368,24.8131905982906
2025-09-05 06:18:00+02:00,2.7726998043858653,2.7726998043858653,2.7726998043858653,26.971158424908424
2025-09-05 06:19:00+02:00,3.1477855147382847,3.1477855147382847,3.1477855147382847,27.81892063492064
2025-09-05 06:20:00+02:00,3.548631669955479,3.548631669955479,3.548631669955479,29.52948484848485
2025-09-05 06:21:00+02:00,3.974575051498659,3.974575051498659,3.974575051498659,28.54684027777778
2025-09-05 06:22:00+02:00,4.424823640645583,4.424823640645583,4.424823640645583,31.207619047619048
2025-09-05 06:23:00+02:00,4.898477710918211,4.898477710918211,4.898477710918211,34.42346031746032
2025-09-05 06:24:00+02:00,5.4334354639752815,5.4334354639752815,5.4334354639752815,30.751196581196584
2025-09-05 06:25:00+02:00,6.07909546216133,6.07909546216133,6.07909546216133,34.38234548611111
2025-09-05 06:26:00+02:00,6.773073473504961,6.773073473504961,6.773073473504961,36.88348576388889
2025-09-05 06:27:00+02:00,7.516649895099864,7.516649895099864,7.516649895099864,37.55094444444445
2025-09-05 06:28:00+02:00,8.31102226803125,8.31102226803125,8.31102226803125,36.65104497354498
2025-09-05 06:29:00+02:00,9.15730411813204,9.15730411813204,9.15730411813204,37.52449372759857
2025-09-05 06:30:00+02:00,10.056523902954437,10.056523902954437,10.056523902954437,40.21169130824373
2025-09-05 06:31:00+02:00,11.00962449092996,11.00962449092996,11.00962449092996,39.44405505952381
2025-09-05 06:32:00+02:00,12.017463136572408,12.017463136572408,12.017463136572408,40.69750992063492
2025-09-05 06:33:00+02:00,13.07300912410211,13.07300912410211,13.07300912410211,44.15989087301588
2025-09-05 06:34:00+02:00,14.163402298197612,14.163402298197612,14.163402298197612,44.01291666666666
2025-09-05 06:35:00+02:00,15.302644865366284,15.302644865366284,15.302644865366284,46.03454670329671
2025-09-05 06:36:00+02:00,16.490636657000877,16.490636657000877,16.490636657000877,47.31704312354312
2025-09-05 06:37:00+02:00,17.72721385302104,17.72721385302104,17.72721385302104,49.01665764790764
2025-09-05 06:38:00+02:00,19.01215807040357,19.01215807040357,19.01215807040357,48.485166666666665
2025-09-05 06:39:00+02:00,20.345197397419767,20.345197397419767,20.345197397419767,48.2144623655914
2025-09-05 06:40:00+02:00,21.726011235084968,21.726011235084968,21.726011235084968,51.80091018748277
2025-09-05 06:41:00+02:00,23.15423423111489,23.15423423111489,23.15423423111489,49.88459502923977
2025-09-05 06:42:00+02:00,24.629460036531064,24.629460036531064,24.629460036531064,53.15943650793651
2025-09-05 06:43:00+02:00,26.15124492780003,26.15124492780003,25.646455033167925,51.01568518518519
2025-09-05 06:44:00+02:00,27.719111251391997,27.719111251391997,25.67006889825984,43.57517482517483
2025-09-05 06:45:00+02:00,29.33255069762529,29.33255069762529,27.771702891440547,47.84290178571428
2025-09-05 06:46:00+02:00,30.991027418132354,30.991027418132354,30.991027418132354,48.38082692307692
2025-09-05 06:47:00+02:00,33.29138844523316,33.29138844523316,33.29138844523316,50.97520515499826
2025-09-05 06:48:00+02:00,35.10713978979336,35.10713978979336,35.10713978979336,50.39313852813853
2025-09-05 06:49:00+02:00,36.96652554157939,36.96652554157939,36.96652554157939,53.00792748917749
2025-09-05 06:50:00+02:00,38.868857973956615,38.868857973956615,38.868857973956615,54.299675925925925
2025-09-05 06:51:00+02:00,40.81344267524244,40.81344267524244,40.81344267524244,58.92104788011696
2025-09-05 06:52:00+02:00,42.79958005138161,42.79958005138161,42.79958005138161,61.4550625
2025-09-05 06:53:00+02:00,43.83761856388476,44.82656673085368,44.48410092323285,56.57098150782361
2025-09-05 06:54:00+02:00,44.6514935968123,46.893696827132246,45.28884193669237,60.83597222222222
2025-09-05 06:55:00+02:00,45.46536862973985,49.00026308809068,46.09358295015189,60.95205555555555
2025-09-05 06:56:00+02:00,46.27924366266736,51.14555796143681,46.8983239636114,63.02726190476191
2025-09-05 06:57:00+02:00,47.09311869559485,52.97349859542111,47.70306497707092,63.48666666666667
2025-09-05 06:58:00+02:00,47.90699372852235,53.76744008031655,48.50780599053044,64.94480952380952
2025-09-05 06:59:00+02:00,48.88685089833307,54.56138156521197,50.525884286162,63.395595427963855
2025-09-05 07:00:00+02:00,51.929628912263794,55.3553230501074,54.595189383352405,67.5345928030303
2025-09-05 07:01:00+02:00,55.55707085462801,56.14926453500284,57.60897812163181,67.70566666666667
2025-09-05 07:02:00+02:00,58.02843406856826,58.48183521238548,59.337460668101215,71.69730753968254
2025-09-05 07:03:00+02:00,59.92420723763641,63.04539762960383,61.06594321457065,71.16964583333333
2025-09-05 07:04:00+02:00,61.81998040670456,65.70156120988419,62.794425761040046,75.51488720538721
2025-09-05 07:05:00+02:00,63.71575357577274,67.54616777359338,64.52290830750945,80.95306397306398
2025-09-05 07:06:00+02:00,65.61152674484087,69.39077433730252,66.25139085397888,77.47484046546548
2025-09-05 07:07:00+02:00,67.50729991390902,71.2353809010117,67.97987340044828,82.66803240740741
2025-09-05 07:08:00+02:00,69.40307308297712,73.07998746472086,69.70835594691773,79.1016388888889
2025-09-05 07:09:00+02:00,71.2988462520452,74.92459402843,71.43683849338723,79.06030681818181
2025-09-05 07:10:00+02:00,73.82030975279163,76.76920059213916,73.8430795900417,90.22760378510378
2025-09-05 07:11:00+02:00,77.28249647948812,78.61380715584832,77.09917466811935,90.49092037037036
2025-09-05 07:12:00+02:00,80.75343411991435,81.09034956587735,80.3573943811506,94.52894612794611
2025-09-05 07:13:00+02:00,84.22437176034053,84.51700531128239,83.61561409418182,102.69633766233768
2025-09-05 07:14:00+02:00,87.75023937718629,87.95249932027228,86.87823680682527,104.16947132616488
2025-09-05 07:15:00+02:00,91.9042193330909,91.3879933292622,90.36394483315372,104.98468862007168
2025-09-05 07:16:00+02:00,96.23493051747592,94.815219001287,93.97440451516124,113.06241666666666
2025-09-05 07:17:00+02:00,100.56564170186088,98.16885647432268,97.5848641971688,118.07231481481482
2025-09-05 07:18:00+02:00,104.9396599980897,101.50513043973169,101.19532387917644,123.45754166666666
2025-09-05 07:19:00+02:00,109.42916392590212,104.84140440514064,104.71839009016423,121.3083457402812
2025-09-05 07:20:00+02:00,112.47352473651446,108.17767837054956,108.08517621179894,127.54055555555556
2025-09-05 07:21:00+02:00,115.3691437893202,111.6746842848129,111.44887785798583,129.04710069444445
2025-09-05 07:22:00+02:00,118.28682672390744,115.5145850232989,114.81257950417282,133.2092137254902
2025-09-05 07:23:00+02:00,121.226033213953,119.36520122504172,118.19556843044104,134.97090587245
2025-09-05 07:24:00+02:00,124.1862288935578,123.21581742678453,122.19575031931237,140.66974206349207
2025-09-05 07:25:00+02:00,127.16688723903904,127.16688723903904,126.48524140940398,136.4845588235294
2025-09-05 07:26:00+02:00,130.1674895357375,130.1674895357375,130.1674895357375,141.76605158730158
2025-09-05 07:27:00+02:00,133.18752478250343,133.18752478250343,133.18752478250343,145.17053703703704
2025-09-05 07:28:00+02:00,136.226489645915,136.226489645915,136.226489645915,153.79017653642654
2025-09-05 07:29:00+02:00,139.28388838007396,139.28388838007396,139.28388838007396,157.2118695054945
2025-09-05 07:30:00+02:00,142.35923274168937,142.35923274168937,142.35923274168937,160.5751456365272
2025-09-05 07:31:00+02:00,145.4520419295908,145.4520419295908,145.4520419295908,159.84985323886642
2025-09-05 07:32:00+02:00,148.56184455335995,148.56184455335995,148.56184455335995,164.38812499999997
2025-09-05 07:33:00+02:00,151.68817021248333,151.68817021248333,151.68817021248333,167.40575492831542
2025-09-05 07:34:00+02:00,154.8305619092475,154.8305619092475,154.8305619092475,175.28402860449737
2025-09-05 07:35:00+02:00,157.9885676156564,157.9885676156564,157.9885676156564,177.51858333333334
2025-09-05 07:36:00+02:00,161.16174227829669,161.16174227829669,161.16174227829669,184.4017911255411
2025-09-05 07:37:00+02:00,164.3496476822573,164.3496476822573,164.3496476822573,185.1351186868687
2025-09-05 07:38:00+02:00,167.5518523728536,167.5518523728536,167.5518523728536,195.7098017075517
2025-09-05 07:39:00+02:00,170.76793154668482,170.76793154668482,170.76793154668482,207.6077314814815
2025-09-05 07:40:00+02:00,173.9974669471565,173.9974669471565,173.9974669471565,208.2218297101449
2025-09-05 07:41:00+02:00,177.2400467545648,177.2400467545648,177.2400467545648,211.4527976190476
2025-09-05 07:42:00+02:00,180.49526550485436,180.49526550485436,180.49526550485436,212.31867938842203
2025-09-05 07:43:00+02:00,183.7627239475596,183.7627239475596,183.7627239475596,212.84244152046784
2025-09-05 07:44:00+02:00,187.04203116894405,187.04203116894405,187.04203116894405,214.47688888888888
2025-09-05 07:45:00+02:00,190.3327956759429,190.3327956759429,190.3327956759429,213.5041501322752
2025-09-05 07:46:00+02:00,193.63463848015004,193.63463848015004,193.63463848015004,214.35096296296297
2025-09-05 07:47:00+02:00,196.947184229918,196.947184229918,196.947184229918,211.8593543417367
2025-09-05 07:48:00+02:00,200.27006326514825,200.27006326514825,200.27006326514825,213.846875
2025-09-05 07:49:00+02:00,203.60291153842053,203.60291153842053,203.60291153842053,219.5007222222222
2025-09-05 07:50:00+02:00,206.94537050802444,206.94537050802444,206.94537050802444,222.0356871345029
2025-09-05 07:51:00+02:00,210.2970870299486,210.2970870299486,210.2970870299486,224.3419583333333
2025-09-05 07:52:00+02:00,213.65771328294733,213.65771328294733,213.65771328294733,232.675382936508
2025-09-05 07:53:00+02:00,217.0269066326637,217.0269066326637,217.0269066326637,239.43010582010584
2025-09-05 07:54:00+02:00,220.40432955879768,220.40432955879768,220.40432955879768,236.75973862942607
2025-09-05 07:55:00+02:00,223.78965182496376,223.78965182496376,223.78965182496376,240.0009434523809
2025-09-05 07:56:00+02:00,227.1825412916718,227.1825412916718,227.1825412916718,244.5006388888889
2025-09-05 07:57:00+02:00,230.5826774683665,230.5826774683665,230.5826774683665,248.66989583333336
2025-09-05 07:58:00+02:00,233.989742308444,233.989742308444,233.989742308444,248.63777138157897
2025-09-05 07:59:00+02:00,237.40342241035816,237.40342241035816,237.40342241035816,249.21477525252524
2025-09-05 08:00:00+02:00,240.82340892188373,240.82340892188373,240.82340892188373,262.02043981481484
2025-09-05 08:01:00+02:00,244.24939744539336,244.24939744539336,244.24939744539336,269.4641931652047
2025-09-05 08:02:00+02:00,247.6810879773081,247.6810879773081,247.6810879773081,269.5235
2025-09-05 08:03:00+02:00,251.1181847835277,251.1181847835277,251.1181847835277,276.98475210084035
2025-09-05 08:04:00+02:00,254.56039634237567,254.56039634237567,254.56039634237567,283.0420454598506
2025-09-05 08:05:00+02:00,258.00743525503515,258.00743525503515,258.00743525503515,281.2126360544217
2025-09-05 08:06:00+02:00,261.4590204748837,261.4590204748837,261.4590204748837,289.7920289855072
2025-09-05 08:07:00+02:00,264.91486799274287,264.91486799274287,264.91486799274287,289.7667485119048
2025-09-05 08:08:00+02:00,268.3747046073824,268.3747046073824,268.3747046073824,292.8955275974026
2025-09-05 08:09:00+02:00,271.83825862054687,271.83825862054687,271.83825862054687,301.72318650793653
2025-09-05 08:10:00+02:00,271.7955671688524,275.30526206838977,268.2021026649795,299.6558760683761
2025-09-05 08:11:00+02:00,267.6547994574666,272.33873738722656,262.5689155707629,302.5032777777778
2025-09-05 08:12:00+02:00,263.5140317460811,273.6539802000672,266.0074466759013,307.2234294871795
2025-09-05 08:13:00+02:00,277.52875849897487,280.1701083985068,278.8185739719873,299.10527777777776
2025-09-05 08:14:00+02:00,282.7117126782598,284.3804351884906,285.68680491336164,303.4916666666666
2025-09-05 08:15:00+02:00,286.9643930304936,287.669217709552,288.2141266907668,302.59639741715404
2025-09-05 08:16:00+02:00,291.2139724699709,290.9580002306136,290.7414484681722,307.72223684210525
2025-09-05 08:17:00+02:00,295.26509349301034,294.2473763947296,293.2687702455776,314.508
2025-09-05 08:18:00+02:00,299.19882281882656,297.56683047359894,295.79609202298303,322.71257936507936
2025-09-05 08:19:00+02:00,303.13255214464306,300.903104439008,298.4500266980261,318.2784072871573
2025-09-05 08:20:00+02:00,307.06001841902616,304.239378404417,301.9480473573195,326.4735912698413
2025-09-05 08:21:00+02:00,310.586649401673,307.575652369826,305.6008171137256,325.5525598290598
2025-09-05 08:22:00+02:00,313.8761791514847,310.7170997305629,309.25358687013176,330.113253968254
2025-09-05 08:23:00+02:00,317.16570890129617,312.8565816958443,312.87524903190337,332.0546825396825
2025-09-05 08:24:00+02:00,320.4552386511077,314.85690180064574,315.5014681653704,337.4786423611111
2025-09-05 08:25:00+02:00,323.71358673909697,316.8572219054472,317.6610733793197,337.15846759259256
2025-09-05 08:26:00+02:00,326.61537930277024,318.85754201024866,319.8206785932689,343.46450000000004
2025-09-05 08:27:00+02:00,329.4168482588413,320.85786211505007,321.98028380721803,342.73904861111106
2025-09-05 08:28:00+02:00,332.2183172149123,322.8581822198516,324.13988902116694,346.6413888888889
2025-09-05 08:29:00+02:00,335.01978617098337,324.8585023246531,326.299494235116,345.3788833333333
2025-09-05 08:30:00+02:00,337.8212551270544,327.275126162606,328.45909944906487,347.9302651515152
2025-09-05 08:31:00+02:00,340.9340956848052,330.43619902925303,331.3389218411154,352.8099363425926
2025-09-05 08:32:00+02:00,344.83008299829646,333.61196496883474,334.96337555289807,359.1896514423077
2025-09-05 08:33:00+02:00,348.7638123241129,336.7877309084165,338.5878292646808,358.74057539682536
2025-09-05 08:34:00+02:00,352.6975416499293,339.9634968479982,342.21228297646377,360.9842546296297
2025-09-05 08:35:00+02:00,356.1226215380863,342.51857478613795,345.4844286780248,364.0899629629629
2025-09-05 08:36:00+02:00,358.26837102243326,344.4319244516003,347.7037469536901,366.8708657616893
2025-09-05 08:37:00+02:00,360.3524660294883,346.3452741170627,349.8534229482647,367.25930847953214
2025-09-05 08:38:00+02:00,362.4365610365433,348.2586237825251,352.0030989428393,369.6013333333333
2025-09-05 08:39:00+02:00,364.5206560435984,350.1719734479874,354.1527749374139,375.4172916666666
2025-09-05 08:40:00+02:00,366.6047510506536,352.08532311344976,356.3024509319884,378.58020691609977
2025-09-05 08:41:00+02:00,368.68884605770864,353.998672778912,358.452126926563,379.8377891156462
2025-09-05 08:42:00+02:00,370.7784664080665,355.9120224443741,360.6609877076155,384.9966666666666
2025-09-05 08:43:00+02:00,373.0686992229571,358.3027291151002,363.32472584759887,389.5958035714286
2025-09-05 08:44:00+02:00,375.4588132437063,361.292002563587,366.08315964594703,390.67031770833336
2025-09-05 08:45:00+02:00,377.8489272644554,364.2827724290182,368.8415934442951,391.1252564102565
2025-09-05 08:46:00+02:00,380.23904128520473,367.2735422944496,371.6000272426429,391.1122485380117
2025-09-05 08:47:00+02:00,382.6291553059539,370.2643121598812,374.35846104099073,395.3129006410256
2025-09-05 08:48:00+02:00,385.0192693267032,373.3861351328844,377.1568027357269,402.1827662037037
2025-09-05 08:49:00+02:00,387.55309541392177,376.78753806870776,380.040281276091,402.6646527777778
2025-09-05 08:50:00+02:00,390.6617697670181,380.1976778783693,382.926420342881,405.6295695970696
2025-09-05 08:51:00+02:00,393.8298739220381,383.6078176880309,385.8125594096709,405.82270833333337
2025-09-05 08:52:00+02:00,396.9979780770579,387.0338762001237,388.69869847646095,411.65069444444447
2025-09-05 08:53:00+02:00,400.16608223207777,390.7570838242616,391.6309056834132,415.8749934640523
2025-09-05 08:54:00+02:00,403.2639948579148,394.5917223654161,395.00871744611726,420.6947222222222
2025-09-05 08:55:00+02:00,406.1124429948983,398.4263609065709,398.4979303477589,421.227748015873
2025-09-05 08:56:00+02:00,408.93907484578426,402.2039940931674,401.9871432494005,426.0161805555556
2025-09-05 08:57:00+02:00,411.7657066966703,404.7987661726824,405.476356151042,426.3016792929293
2025-09-05 08:58:00+02:00,414.5923385475562,406.9232440770923,408.528420083608,427.8210037878789
2025-09-05 08:59:00+02:00,417.41885459084426,409.04772198150215,410.9985649339633,430.7195575396825
2025-09-05 09:00:00+02:00,420.2216300765516,411.1721998859119,413.4658711546492,432.8971527777778
2025-09-05 09:01:00+02:00,423.006571192174,413.2966777903218,415.9331773753352,433.0514444444445
2025-09-05 09:02:00+02:00,425.7915123077965,415.42115569473145,418.4004835960211,433.9955370370371
2025-09-05 09:03:00+02:00,428.5764534234185,417.5456335991413,420.867789816707,434.0058531746032
2025-09-05 09:04:00+02:00,431.3613945390405,420.4110025866878,423.377126357899,443.33759502923976
2025-09-05 09:05:00+02:00,434.17807617033066,423.9929711464485,426.0545841811153,446.6516666666666
2025-09-05 09:06:00+02:00,437.2564949769762,427.57493970620914,428.74942296393937,451.5037191358024
2025-09-05 09:07:00+02:00,440.3930233430757,431.15690826597,431.4442617467635,450.39999629629625
2025-09-05 09:08:00+02:00,443.529551709175,434.9985695463136,434.1391005295876,452.6614603174603
2025-09-05 09:09:00+02:00,446.6660800752744,439.5760268683079,436.8339393124117,452.89791501322753
2025-09-05 09:10:00+02:00,449.75737005147823,444.1967663103993,439.5394718999295,458.73852564102566
2025-09-05 09:11:00+02:00,452.4460383576105,448.20041982272426,442.2652572440916,462.3047394179894
2025-09-05 09:12:00+02:00,455.0397060449618,443.7672745032819,444.9915227182605,463.5598903903904
2025-09-05 09:13:00+02:00,457.633373732313,436.9789816218057,447.7177881924296,460.59625
2025-09-05 09:14:00+02:00,460.2270414196646,443.2124186475595,450.4440536665987,462.5686253561253
2025-09-05 09:15:00+02:00,462.8207091070163,453.1561651705011,453.1688804782484,468.5459259259259
2025-09-05 09:16:00+02:00,465.399060279424,460.32010229002265,455.7390510690679,475.0334330484331
2025-09-05 09:17:00+02:00,467.7870490518154,465.3747639624976,458.2063572897538,477.57633333333337
2025-09-05 09:18:00+02:00,470.1181479115583,467.0545849196976,460.67366351043984,474.18773290598295
2025-09-05 09:19:00+02:00,472.4492467713012,468.6960554142241,463.1409697311257,472.50586004273504
2025-09-05 09:20:00+02:00,474.7803456310442,470.3375259087505,465.6082759518116,478.9927744708995
2025-09-05 09:21:00+02:00,477.1114444907874,471.9789964032767,468.07558217249766,480.3133854166667
2025-09-05 09:22:00+02:00,479.44254335053057,473.6204668978028,470.8008044263756,485.4760143849206
2025-09-05 09:23:00+02:00,481.8098306401528,475.26193739232895,474.076247551064,482.6905753205128
2025-09-05 09:24:00+02:00,484.3304879421194,476.9034078868552,477.3688850779651,488.5753454415954
2025-09-05 09:25:00+02:00,486.8683778297429,478.5448783813813,480.6615226048664,489.3833523638846
2025-09-05 09:26:00+02:00,489.4062677173665,480.4631869493814,483.94958702409167,495.9165325295971
2025-09-05 09:27:00+02:00,491.9441576049903,484.0998008010133,481.29566020264014,501.4812847222222
2025-09-05 09:28:00+02:00,494.4820474926138,488.03234500704855,473.5247307653082,500.80444444444447
2025-09-05 09:29:00+02:00,497.04070880044816,491.9648892130837,483.9561556696631,501.1752546296296
2025-09-05 09:30:00+02:00,499.8002863910529,494.6534932206127,488.5018246998574,504.9876374007936
2025-09-05 09:31:00+02:00,502.6100930523503,490.7277763482685,491.33548851088767,508.90441468253965
2025-09-05 09:32:00+02:00,505.4198997136477,485.8120960907245,494.1691523219179,506.53824013157896
2025-09-05 09:33:00+02:00,508.2297063749452,482.9314864526232,497.0028161329482,505.0338657407408
2025-09-05 09:34:00+02:00,511.0395130362426,495.39936376733607,499.8459642012694,512.045625
2025-09-05 09:35:00+02:00,513.8990214663131,504.7167951729296,504.0169082903325,514.876369047619
2025-09-05 09:36:00+02:00,516.8645603364328,511.5958168758549,509.1267938512066,523.6097685185185
2025-09-05 09:37:00+02:00,519.8334126578035,514.673367798418,514.2366794120808,525.2747601010101
2025-09-05 09:38:00+02:00,522.8022649791742,517.5886608218194,517.0146116764383,524.5478051900585
2025-09-05 09:39:00+02:00,525.771117300545,520.5039538452207,517.8193526898976,522.1535039941903
2025-09-05 09:40:00+02:00,528.5806706257093,523.4192468686223,518.6240937033572,530.2347115384615
2025-09-05 09:41:00+02:00,530.4014715606272,523.930256769089,519.4288347168167,536.8286507936508
2025-09-05 09:42:00+02:00,532.0519873616693,508.9947263130115,520.2335757302765,534.630422979798
2025-09-05 09:43:00+02:00,533.7025031627113,514.5468744232115,521.038316743736,533.4921275252525
2025-09-05 09:44:00+02:00,535.3530189637535,518.4462326021916,521.8430577571955,530.4343833333334
2025-09-05 09:45:00+02:00,537.0035347647955,522.3455907811715,522.6477987706553,533.6891007834757
2025-09-05 09:46:00+02:00,538.6540505658375,526.0440225436798,523.4525397841148,537.5602380952381
2025-09-05 09:47:00+02:00,540.304566366879,528.2957841075902,524.6726095905885,538.840167989418
2025-09-05 09:48:00+02:00,541.9550821679204,530.2662486884396,530.4158725082041,542.9151612103175
2025-09-05 09:49:00+02:00,543.6055979689619,532.2367132692892,533.6533877550787,544.0198690476191
2025-09-05 09:50:00+02:00,544.8713715414672,534.2071778501388,535.5348949133074,543.4356011825818
2025-09-05 09:51:00+02:00,545.6824497529756,536.1776424309877,537.4164020715366,546.4732477069546
2025-09-05 09:52:00+02:00,546.493527964484,538.1481070118366,539.297909229766,546.6125858585859
2025-09-05 09:53:00+02:00,547.3046061759923,540.1185715926855,541.1794163879956,544.8037089947089
2025-09-05 09:54:00+02:00,548.1156843875007,538.1777440807349,543.060923546225,547.7332261904762
2025-09-05 09:55:00+02:00,548.926762599009,535.1751210159941,544.9424307044546,543.926875
2025-09-05 09:56:00+02:00,549.7378408105174,543.258452167141,546.823937862684,551.3659788359788
2025-09-05 09:57:00+02:00,550.548919022026,545.4588042824222,543.5382872190896,552.7746031746032
2025-09-05 09:58:00+02:00,551.359997233535,547.6591563977038,535.8926769780787,543.5998474945534
2025-09-05 09:59:00+02:00,552.3457692136766,549.8595085129855,546.7827285589376,550.2042003367004
2025-09-05 10:00:00+02:00,556.9564368929445,552.0598606282673,553.0697492369977,553.0070132275132
2025-09-05 10:01:00+02:00,562.651920227809,554.2602127435491,558.0972172888255,557.174917929293
2025-09-05 10:02:00+02:00,567.9261941842111,556.4430189475669,562.6009907519212,563.9709154040403
2025-09-05 10:03:00+02:00,573.2004681406128,557.7368323142035,563.3341631761461,569.5867592592593
2025-09-05 10:04:00+02:00,574.9799750836571,558.5335115283574,563.3341631761461,567.2060615079365
2025-09-05 10:05:00+02:00,572.5027981291413,559.3301907425113,563.3341631761461,565.6777870370371
2025-09-05 10:06:00+02:00,570.0117821972259,560.1268699566651,563.3341631761461,566.7810617236025
2025-09-05 10:07:00+02:00,567.5207662653105,560.923549170819,563.3341631761461,572.6706944444445
2025-09-05 10:08:00+02:00,565.0297503333951,561.7202283849729,563.3341631761461,569.8197863247864
2025-09-05 10:09:00+02:00,562.5387344014797,562.5169075991267,563.3341631761461,568.0507222222222
2025-09-05 10:10:00+02:00,562.3430666376921,563.3135868132803,563.3341631761461,562.6925036075036
2025-09-05 10:11:00+02:00,570.3602553364672,564.1102660274335,563.3341631761461,566.0209841269841
2025-09-05 10:12:00+02:00,578.3843259581056,568.4187375373888,568.5042372929056,573.8635555555555
2025-09-05 10:13:00+02:00,585.1953307462571,574.7776299381899,576.5246032604578,579.9843097781849
2025-09-05 10:14:00+02:00,589.7196891505174,577.2032149471617,569.7205596224342,580.9583392857143
2025-09-05 10:15:00+02:00,580.623439796883,579.6287999561337,564.5090873756997,581.1588253968254
2025-09-05 10:16:00+02:00,587.1390530958491,582.0543849651056,566.429242451434,578.811617063492
2025-09-05 10:17:00+02:00,585.610955413352,584.4799699740776,569.0633524729553,582.1421527777778
2025-09-05 10:18:00+02:00,583.6699103430608,586.9055549830496,571.6974624944762,585.7408055555555
2025-09-05 10:19:00+02:00,581.4589034562922,588.0172814454951,574.3315725159969,586.8688425925926
2025-09-05 10:20:00+02:00,592.6588465548126,588.0172814454951,576.9656825375178,588.5247118055555
2025-09-05 10:21:00+02:00,604.7238527623224,588.0172814454951,578.8424859278514,591.2090277777778
2025-09-05 10:22:00+02:00,596.7602660734271,588.0172814454951,578.9193141368123,594.4013888888888
2025-09-05 10:23:00+02:00,593.8979086348269,588.0172814454951,578.9193141368123,586.4587447089947
2025-09-05 10:24:00+02:00,597.4075556169676,588.0172814454951,578.9193141368123,588.8888666666667
2025-09-05 10:25:00+02:00,600.9172025991087,588.0172814454951,578.9193141368123,592.0182905982906
2025-09-05 10:26:00+02:00,604.4268495812499,588.0172814454951,578.9193141368123,591.0844795482295
2025-09-05 10:27:00+02:00,604.6385914410888,588.0172814454951,578.9193141368123,589.8848194444445
2025-09-05 10:28:00+02:00,594.4602593473586,588.1225270457803,578.9193141368123,588.8547924836602
2025-09-05 10:29:00+02:00,599.2550275071196,589.4312332058498,578.9193141368123,588.6762731481482
2025-09-05 10:30:00+02:00,605.4315681206454,591.0785556450978,578.9310147005965,591.8979675925926
2025-09-05 10:31:00+02:00,604.9495944693075,592.7258780843459,583.6229407780941,564.815692251462
2025-09-05 10:32:00+02:00,600.9660711013922,594.373200523594,591.8099924088688,594.2414583333333
2025-09-05 10:33:00+02:00,596.9825477334771,596.0205229628422,588.9383397543832,589.4916666666667
2025-09-05 10:34:00+02:00,593.1249809259538,597.6678454020903,580.9435116714933,591.3477187627187
2025-09-05 10:35:00+02:00,593.3969058367063,599.3151678413384,581.610443807198,593.8832457264957
2025-09-05 10:36:00+02:00,595.6288090002896,600.9624902805871,584.4185791154264,596.1458333333334
2025-09-05 10:37:00+02:00,597.8607121638735,602.6098127198359,587.2267144236546,580.7345441595442
2025-09-05 10:38:00+02:00,600.0926153274573,607.148120670027,590.0348497318823,593.9639097222222
2025-09-05 10:39:00+02:00,602.3245184910413,614.4826277209656,592.8429850401101,595.9688194444444
2025-09-05 10:40:00+02:00,604.5564216546253,616.8857900690954,595.8137661990245,601.1337083333334
2025-09-05 10:41:00+02:00,606.791370026136,611.4010234706242,599.0145515912325,602.8487530525031
2025-09-05 10:42:00+02:00,609.1237650513042,605.8789582586186,602.2169798708214,605.8147023809523
2025-09-05 10:43:00+02:00,611.5018381953745,607.7042347022929,605.4194081504102,606.3945138888889
2025-09-05 10:44:00+02:00,613.8799113394447,614.2123184235481,608.6218364299991,608.6595584795322
2025-09-05 10:45:00+02:00,616.2579844835149,620.7204021448039,610.5240220669109,604.3955568181818
2025-09-05 10:46:00+02:00,618.636057627585,622.4793147956937,611.3260023907876,613.7170436507937
2025-09-05 10:47:00+02:00,621.0141307716557,614.7062555926518,612.1279827146643,614.2481018518519
2025-09-05 10:48:00+02:00,622.1111786396253,606.725298060355,612.9299630385412,614.2844017094018
2025-09-05 10:49:00+02:00,616.4227068076792,602.5054446885819,613.731943362418,611.8550892857143
2025-09-05 10:50:00+02:00,609.9167090858326,598.2855913168091,614.5339236862947,608.5443113425926
2025-09-05 10:51:00+02:00,610.4188872976388,598.960242098418,615.3359040101709,604.9460683760684
2025-09-05 10:52:00+02:00,614.4363129920895,605.7414413152823,616.1378843340469,606.1245833333334
2025-09-05 10:53:00+02:00,618.4537386865402,613.8383252689086,616.939864657923,597.4539409722222
2025-09-05 10:54:00+02:00,622.3587880567045,624.0359737500446,619.6599567669389,617.440371896622
2025-09-05 10:55:00+02:00,624.731970690543,619.2540558671102,626.2179672028951,620.6986574074075
2025-09-05 10:56:00+02:00,626.6201607669344,612.563489014132,627.0227082163544,622.6001666666667
2025-09-05 10:57:00+02:00,628.508350843326,614.4918056184999,627.827449229814,616.0022992424243
2025-09-05 10:58:00+02:00,630.3965409197175,617.4443547827752,628.6321902432735,624.1929684343435
2025-09-05 10:59:00+02:00,632.2847309961096,620.396903947051,629.4369312567333,626.3178174603175
2025-09-05 11:00:00+02:00,634.1729210725017,623.349453111327,630.2416722701928,625.8780395299145
2025-09-05 11:01:00+02:00,636.0611111488939,626.2290258251968,631.0464132836523,628.0450628306878
2025-09-05 11:02:00+02:00,637.949301225286,628.5068235018722,631.8511542971121,629.8270138888889
2025-09-05 11:03:00+02:00,640.1023961176653,630.6510181385732,632.6558953105716,630.7918447293447
2025-09-05 11:04:00+02:00,642.5293756503022,632.7952127752744,636.7299261042592,624.6061111111111
2025-09-05 11:05:00+02:00,644.9563551829394,634.9394074119755,639.6022867917743,634.050712962963
2025-09-05 11:06:00+02:00,647.383334715577,637.083602048677,637.5516090337919,636.9342991452992
2025-09-05 11:07:00+02:00,649.8103142482145,639.2277966853787,635.5009312758095,635.7892857142857
2025-09-05 11:08:00+02:00,652.237293780852,641.2587863091887,633.4502535178272,638.189837962963
2025-09-05 11:09:00+02:00,653.7505715412796,639.2574987967574,631.3995757598448,644.4140138888889
2025-09-05 11:10:00+02:00,648.4941336225636,635.2042185843965,629.3488980018622,642.984787037037
2025-09-05 11:11:00+02:00,641.8838423346853,631.1509383720354,627.2982202438798,636.9692044159544
2025-09-05 11:12:00+02:00,641.1445345615076,627.7728084141397,627.0945570418885,630.8670555555556
2025-09-05 11:13:00+02:00,644.6282800899057,630.6090737990452,631.1900601669918,634.8245340501793
2025-09-05 11:14:00+02:00,648.112025618304,634.9477962798823,635.459964539777,627.3338194444444
2025-09-05 11:15:00+02:00,651.5957711467021,639.2865187607192,639.8424464289817,633.6093201754386
2025-09-05 11:16:00+02:00,656.6138570751583,647.0721152124435,651.2295414924674,646.568363095238
2025-09-05 11:17:00+02:00,667.0879436879974,656.6311229195653,656.3831379194012,654.935625
2025-09-05 11:18:00+02:00,669.2827942996988,656.4321089609435,655.5797796224597,661.0134166666667
2025-09-05 11:19:00+02:00,667.6177236855963,655.6354297467897,654.7764213255184,657.7349537037037
2025-09-05 11:20:00+02:00,665.9526530714938,654.8387505326358,653.9730630285769,662.6046843434343
2025-09-05 11:21:00+02:00,664.2875824573913,654.0420713184818,653.1697047316356,657.5380407407407
2025-09-05 11:22:00+02:00,662.6225118432891,653.245392104328,652.3663464346942,650.0717314814815
2025-09-05 11:23:00+02:00,660.9574412291872,652.4487128901741,651.5629881377529,652.40330634278
2025-09-05 11:24:00+02:00,659.2923706150854,651.6520336760202,650.7596298408112,655.7793162393162
2025-09-05 11:25:00+02:00,657.6273000009835,650.855354461867,649.9562715438692,654.4432270069112
2025-09-05 11:26:00+02:00,655.9622293868816,650.0586752477138,649.1355734938963,650.2845133053221
2025-09-05 11:27:00+02:00,656.931694843119,649.1252831115423,648.1310740617969,654.5589285714285
2025-09-05 11:28:00+02:00,663.8128912735477,648.0303211584404,647.0780233212113,655.4756944444445
2025-09-05 11:29:00+02:00,669.2219419631136,646.9353592053386,646.0249725806259,657.5611825396826
2025-09-05 11:30:00+02:00,666.1426418979756,645.8403972522366,644.9719218400403,660.5573437500001
2025-09-05 11:31:00+02:00,661.8707186482204,644.745435299134,643.9188710994549,660.488179563492
2025-09-05 11:32:00+02:00,657.598795398465,643.6504733460315,642.8658203588693,659.3715277777778
2025-09-05 11:33:00+02:00,649.7511460683535,642.555511392929,641.8127696182839,653.2759722222222
2025-09-05 11:34:00+02:00,648.2397538495745,643.4229613141686,637.1770062469504,629.8028472222222
2025-09-05 11:35:00+02:00,666.5334932091947,674.5254151877366,666.6723724625624,661.3385049603174
2025-09-05 11:36:00+02:00,659.9711537285722,660.5471956012939,658.7218882507814,656.6505972222222
2025-09-05 11:37:00+02:00,668.3313050774408,660.3011285901288,659.876645301943,658.7357589285714
2025-09-05 11:38:00+02:00,662.8432674402708,662.6952941041654,662.3181833114468,658.3346527777777
2025-09-05 11:39:00+02:00,657.4382074937943,665.0894596182021,664.7597213209506,657.5242063492063
2025-09-05 11:40:00+02:00,666.2086984889673,667.4836251322394,667.2012593304544,658.729523046398
2025-09-05 11:41:00+02:00,659.3390701323342,669.8777906462768,669.6427973399582,656.7783333333333
2025-09-05 11:42:00+02:00,674.2697817023057,676.6512839130735,671.6705056278145,661.4183333333333
2025-09-05 11:43:00+02:00,682.9536368515577,693.054043844915,667.1014734326393,666.3224116161616
2025-09-05 11:44:00+02:00,674.5607681336799,694.9617287552335,660.2993408442396,665.603888888889
2025-09-05 11:45:00+02:00,668.1875731948523,663.2894231584106,667.2404491032696,649.4423771367522
2025-09-05 11:46:00+02:00,663.8766369473819,668.8756376151882,668.2507132874384,643.0330961538461
2025-09-05 11:47:00+02:00,659.5657006999121,683.226823078192,659.9340177791937,661.7816666666666
2025-09-05 11:48:00+02:00,658.729458900056,672.0132230462402,651.1439692362503,651.7939444444445
2025-09-05 11:49:00+02:00,653.6554102246223,652.5215516506206,648.1431663855296,642.5602083333333
2025-09-05 11:50:00+02:00,674.1876226935427,668.884923289179,674.9849733124897,663.1850972222222
2025-09-05 11:51:00+02:00,689.9894924515844,684.3030601197636,689.4340192181505,675.8022569444445
2025-09-05 11:52:00+02:00,680.5784807451186,676.9132726175335,685.073386452669,676.1418055555556
2025-09-05 11:53:00+02:00,681.6143433822849,684.6685503209494,683.4481991395573,675.6207936507936
2025-09-05 11:54:00+02:00,684.8475455678873,676.8138595364826,686.5445867476367,669.5542460317461
2025-09-05 11:55:00+02:00,688.0807477534897,685.9119016993884,689.640974355716,676.2322222222223
2025-09-05 11:56:00+02:00,691.3139499390921,685.1160288013842,692.7373619637951,677.4665350877193
2025-09-05 11:57:00+02:00,692.7447867629504,681.6677157848984,694.8392955079185,680.2561111111112
2025-09-05 11:58:00+02:00,687.3320702366414,678.219402768412,689.7165669170404,678.1472382478632
2025-09-05 11:59:00+02:00,681.2411345063451,674.7710897519257,683.161905228674,679.3670833333333
2025-09-05 12:00:00+02:00,679.7241746089647,675.5184005329522,681.8757659375756,664.7539898989899
2025-09-05 12:01:00+02:00,682.2217805301179,681.1880194803038,684.4518239476026,669.9589871031745
2025-09-05 12:02:00+02:00,684.719386451271,686.7135169381093,687.0278819576297,672.2388518518518
2025-09-05 12:03:00+02:00,687.2169923724242,689.5487465910544,689.6039399676574,670.227962962963
2025-09-05 12:04:00+02:00,689.7145982935773,691.3751258171771,692.1799979776852,671.8024537037037
2025-09-05 12:05:00+02:00,692.2122042147307,693.2015050432999,694.7453224126709,676.5972916666667
2025-09-05 12:06:00+02:00,689.9289055813039,695.027884269423,693.1071105219194,682.1704166666667
2025-09-05 12:07:00+02:00,680.2539659795074,696.8542634955465,687.7939908762376,678.4351851851852
2025-09-05 12:08:00+02:00,683.9124382385195,698.6806427216698,682.6143215750703,678.2356031746032
2025-09-05 12:09:00+02:00,688.2431494229045,700.5070219477929,687.6398250551933,677.064032967033
2025-09-05 12:10:00+02:00,692.465398799401,702.3334011739164,693.8466842519874,681.8828670634921
2025-09-05 12:11:00+02:00,687.9750023415057,699.5473777884952,687.4294629306223,684.643167989418
2025-09-05 12:12:00+02:00,678.1271219228643,682.2343945129091,681.7902211603232,671.3633432539683
2025-09-05 12:13:00+02:00,669.8410198966063,676.840822016268,684.3463665728184,668.4344316239316
2025-09-05 12:14:00+02:00,670.2328718512233,681.629153044342,688.2426543129845,666.2474305555555
2025-09-05 12:15:00+02:00,681.4308719884198,686.3682172415425,692.1389420531509,675.5448611111111
2025-09-05 12:16:00+02:00,685.9265626464959,687.0424304476093,695.1044499442776,679.5199074074075
2025-09-05 12:17:00+02:00,690.4222533045715,685.0886294150121,692.9939607516874,681.3023148148148
2025-09-05 12:18:00+02:00,692.8761511221044,683.1348283824149,690.107821684898,679.1645497311828
2025-09-05 12:19:00+02:00,688.6708071523628,681.181027349818,687.2216826181082,681.6399710648149
2025-09-05 12:20:00+02:00,683.9503319613834,679.2272263172214,684.3355435513176,679.9041666666666
2025-09-05 12:21:00+02:00,679.7543540138455,677.273425284625,681.8350247320625,676.9524074074073
2025-09-05 12:22:00+02:00,682.3768402310561,675.3196242520282,691.7168442146326,676.0559201388888
2025-09-05 12:23:00+02:00,687.0973154220355,675.4439077066021,686.1245253405114,675.5185185185186
2025-09-05 12:24:00+02:00,691.8177906130155,694.7498544740857,697.8013958832883,681.4502430555556
2025-09-05 12:25:00+02:00,702.6266564752234,709.7546030536472,702.150740337428,680.9277751322751
2025-09-05 12:26:00+02:00,701.1571556772202,713.8524381845443,706.5000847915671,680.9121388888889
2025-09-05 12:27:00+02:00,708.294719063529,716.6621595701189,711.7070008828691,688.7588194444444
2025-09-05 12:28:00+02:00,705.6023589108482,712.9206701433243,722.9913491801785,683.2282407407407
2025-09-05 12:29:00+02:00,701.998942734528,709.1791807165295,711.8884393097505,687.380042989418
2025-09-05 12:30:00+02:00,698.3955265582076,705.4572671952211,706.4275957173306,683.0603703703704
2025-09-05 12:31:00+02:00,694.8968230555673,710.8150145640891,702.0782512631913,690.0326767676769
2025-09-05 12:32:00+02:00,693.3527561282955,711.3921705001935,697.7698918499036,688.673574074074
2025-09-05 12:33:00+02:00,692.5416779167872,714.4009835063512,698.4986562610259,678.0798958333334
2025-09-05 12:34:00+02:00,691.7305997052788,701.3314292373626,702.691970420846,682.6969166666667
2025-09-05 12:35:00+02:00,690.9195214937705,705.4889786146065,706.8852845806668,681.2923148148149
2025-09-05 12:36:00+02:00,690.1084432822621,710.1730636646,710.4439416267444,689.517261904762
2025-09-05 12:37:00+02:00,689.2973650707537,706.9093162055027,707.6980263000623,691.354898989899
2025-09-05 12:38:00+02:00,688.4862868592454,702.8201662567494,703.3078429308605,684.7869003267974
2025-09-05 12:39:00+02:00,687.6752086477369,698.7310163079957,698.9176595616589,684.0728023478023
2025-09-05 12:40:00+02:00,686.8641304362278,697.8276887010728,695.3671287494083,683.2543837181338
2025-09-05 12:41:00+02:00,685.7828620873488,702.7032018325389,693.6078567253203,680.1826458333334
2025-09-05 12:42:00+02:00,683.4846028676274,707.6985958239891,691.904561538362,680.6994463645673
2025-09-05 12:43:00+02:00,681.0387607997621,706.5121897510197,690.2012663514042,685.0283333333333
2025-09-05 12:44:00+02:00,679.7770986656594,699.4926204859506,688.497971164446,682.4916547619048
2025-09-05 12:45:00+02:00,688.2354449741682,707.0654990160449,686.7946759774879,684.568365834458
2025-09-05 12:46:00+02:00,687.0598978147184,715.3529547919532,685.0913807905299,686.1310599415204
2025-09-05 12:47:00+02:00,687.2347844576154,703.5357674977807,683.3880856035719,681.4863194444445
2025-09-05 12:48:00+02:00,687.3865602254049,707.1232407993527,681.6847904166139,685.2954166666667
2025-09-05 12:49:00+02:00,689.7441653514977,710.3558609115532,689.4014108150632,679.0554398148148
2025-09-05 12:50:00+02:00,705.8505637792593,723.4872445823014,707.7226409089642,695.6124834656084
2025-09-05 12:51:00+02:00,689.1537233741503,691.092572549556,693.1293581800519,687.305
2025-09-05 12:52:00+02:00,670.8058144069154,681.1113456562457,671.3221013692014,668.3821057692307
2025-09-05 12:53:00+02:00,653.5261090278198,658.6352488786702,656.493930044089,660.0497222222222
2025-09-05 12:54:00+02:00,662.2199758121301,667.804260025723,666.7620614458237,661.6915486111111
2025-09-05 12:55:00+02:00,673.2009889993152,682.2155135807625,682.4492455183795,670.1856666666666
2025-09-05 12:56:00+02:00,681.1550000616741,680.5444112018515,690.5217547878974,674.3648595848596
2025-09-05 12:57:00+02:00,686.8767881719525,687.0586535939832,695.9902288091841,681.2976805555555
2025-09-05 12:58:00+02:00,691.883352768446,699.4924903096086,701.4283224192409,684.7647777777778
2025-09-05 12:59:00+02:00,678.4729118849812,687.8818256661397,692.4981965410209,680.3539021164021
2025-09-05 13:00:00+02:00,671.5577600970728,681.5859586440748,675.4152790565813,677.3771428571429
2025-09-05 13:01:00+02:00,512.9278071795479,524.3686700367202,515.5324848824368,494.6552777777778
2025-09-05 13:02:00+02:00,357.9492784337211,363.8869701472244,363.81949254476274,334.60013888888886
2025-09-05 13:03:00+02:00,424.9361099081851,421.0502844754785,436.2955046258081,377.8641666666667
2025-09-05 13:04:00+02:00,494.6723892341853,502.020186273238,503.48847662742,487.92159722222215
2025-09-05 13:05:00+02:00,684.5382764520158,698.775978026182,696.2467271146925,706.0667777777777
2025-09-05 13:06:00+02:00,707.1149219106661,706.0077680223562,708.2791858198377,708.3892521367521
2025-09-05 13:07:00+02:00,690.3132564886672,689.8765828336833,692.278773523434,691.3528472222223
2025-09-05 13:08:00+02:00,678.0906331785206,670.6564095341901,687.8610624361213,676.6697222222223
2025-09-05 13:09:00+02:00,677.1724089314506,684.74109317975,686.951577929116,691.9193055555555
2025-09-05 13:10:00+02:00,374.2703091737206,379.3751252882734,378.4675294456491,300.12005555555555
2025-09-05 13:11:00+02:00,286.79461548154825,289.7459545374586,292.94017312201026,215.3862103174603
2025-09-05 13:12:00+02:00,397.6950343269067,407.2473811967563,401.6923370667385,364.428125
2025-09-05 13:13:00+02:00,309.41871404744575,317.5062451590773,316.19046721308445,255.62833333333333
2025-09-05 13:14:00+02:00,252.50451911916605,256.1445467494893,249.2682275919471,189.3638586182336
2025-09-05 13:15:00+02:00,308.52061658496444,314.72149591608536,313.1296639375268,267.3663408119658
2025-09-05 13:16:00+02:00,484.6667557699242,489.9691837159316,490.4553541882949,473.5716071428572
2025-09-05 13:17:00+02:00,660.360151192789,672.0927767834933,667.5560626741967,661.5784206349207
2025-09-05 13:18:00+02:00,671.249454909836,675.9840111313564,684.5913604231464,675.9698148148149
2025-09-05 13:19:00+02:00,568.8200650184223,585.469079547283,593.1663460756031,551.5065972222222
2025-09-05 13:20:00+02:00,566.2013630526071,571.0282201479907,577.7937199007642,552.7666666666667
2025-09-05 13:21:00+02:00,641.7369928246454,645.0265917282273,665.9889759621046,648.6171064814815
2025-09-05 13:22:00+02:00,631.0090965819323,639.950574607414,648.1933120606957,631.8957554436305
2025-09-05 13:23:00+02:00,623.2961899806464,644.6229643436898,652.6762148056666,634.4244662698412
2025-09-05 13:24:00+02:00,613.8745875322862,628.3111353260682,635.2868649542936,620.421717948718
2025-09-05 13:25:00+02:00,581.7419459975614,587.0902812487792,593.6656809311926,594.5513888888889
2025-09-05 13:26:00+02:00,619.8687885412437,630.9713821666825,636.4544964332711,618.4691157407407
2025-09-05 13:27:00+02:00,653.2621010901776,662.0304364592778,670.9616191372072,649.5783171296297
2025-09-05 13:28:00+02:00,667.3965304814687,676.8564222676187,685.2679884805882,660.0153951719576
2025-09-05 13:29:00+02:00,673.5670862866709,674.8637650997044,691.2622773116134,661.362549475987
2025-09-05 13:30:00+02:00,684.3411024745955,697.6363591164296,703.3079434387214,685.1410264550265
2025-09-05 13:31:00+02:00,690.1809591732058,707.4415896665737,707.2944050043764,697.6188425925926
2025-09-05 13:32:00+02:00,682.1801537647657,697.1025823578636,701.2222682664542,684.7737435897435
2025-09-05 13:33:00+02:00,667.0401850417747,678.8603902049797,691.1913364984171,670.6784126984127
2025-09-05 13:34:00+02:00,643.6480070710486,653.4447650594416,664.7875016412511,655.9507777777777
2025-09-05 13:35:00+02:00,623.2394725044529,632.747587640873,644.8362980239865,638.881590909091
2025-09-05 13:36:00+02:00,610.0375005116765,616.7542875436872,627.9785244524801,629.3844444444445
2025-09-05 13:37:00+02:00,400.7655286062245,401.6474572811408,415.1309220964794,376.250625
2025-09-05 13:38:00+02:00,213.88576787216496,217.94386225400757,220.03208388205204,154.95791666666668
2025-09-05 13:39:00+02:00,419.2306413820506,423.93751899711793,431.5680391085921,413.9159722222223
2025-09-05 13:40:00+02:00,575.9666601662094,585.54646938271,578.4979893712587,587.5613888888889
2025-09-05 13:41:00+02:00,641.9920313316195,657.2214115157068,668.769006386297,664.0715656565657
2025-09-05 13:42:00+02:00,653.0268486501042,659.6672658808881,661.8551821939486,670.800300925926
2025-09-05 13:43:00+02:00,661.2388300008606,650.9106794072952,670.6571266393414,670.6493386243386
2025-09-05 13:44:00+02:00,631.5941246564158,619.2119862399345,620.553723920706,624.6182142857143
2025-09-05 13:45:00+02:00,637.3276854333863,647.0657881776036,656.4547842254287,651.2785069444445
2025-09-05 13:46:00+02:00,537.2721802268553,542.4806888152813,545.8463250356988,536.5353472222222
2025-09-05 13:47:00+02:00,585.450513473878,615.4079980272261,623.6034072116449,621.7425480769231
2025-09-05 13:48:00+02:00,490.7641209396039,596.1805877931899,608.2946595692986,596.3763611111111
2025-09-05 13:49:00+02:00,393.1545948960768,405.1946404225416,402.9257398416288,365.38409722222224
2025-09-05 13:50:00+02:00,593.4839234898108,597.8042642915915,611.4931175559461,619.8229861111112
2025-09-05 13:51:00+02:00,581.1882966657613,589.5044734416895,599.9592679337115,596.5452843915344
2025-09-05 13:52:00+02:00,591.6825774675096,601.1817812805134,606.2468067771567,605.5030815527066
2025-09-05 13:53:00+02:00,600.748280337819,608.7687513878959,608.7369384600597,606.4679398148148
2025-09-05 13:54:00+02:00,603.4924373107684,606.8364902061259,621.8157209044334,613.5591595441596
2025-09-05 13:55:00+02:00,587.9111402782374,600.3284064848704,606.6627605758292,618.3559065656566
2025-09-05 13:56:00+02:00,350.4902824171102,358.75087828188833,363.3110130415002,292.36791666666664
2025-09-05 13:57:00+02:00,347.0264152052108,354.8869187868016,356.24646978629625,294.6928472222222
2025-09-05 13:58:00+02:00,213.71572454041927,217.54226734731813,214.6744717894516,151.24196031746033
2025-09-05 13:59:00+02:00,215.32812622920017,219.80622106003287,213.2315852705821,150.04111111111112
2025-09-05 14:00:00+02:00,403.3598931945024,408.0233066476652,411.4085602497311,406.7801613756614
2025-09-05 14:01:00+02:00,568.7283844878941,576.4904368415765,581.0335006348839,599.4755317460317
2025-09-05 14:02:00+02:00,589.0672107450685,613.1435245396959,608.0228895177081,619.0154444444445
2025-09-05 14:03:00+02:00,581.2872812415122,599.5671584090433,624.1595440087456,618.0395138888889
2025-09-05 14:04:00+02:00,464.4057415911987,467.9857075868656,473.71748362441167,456.0511111111111
2025-09-05 14:05:00+02:00,321.1512178620632,323.7541589334608,322.4250972300614,285.26682539682537
2025-09-05 14:06:00+02:00,164.03891455225326,168.40846612786717,169.77094927499422,134.2665462962963
2025-09-05 14:07:00+02:00,168.95960105658986,174.04547931209245,175.75924626283887,144.77116666666666
2025-09-05 14:08:00+02:00,183.4190364269391,186.35808078561004,188.05004826850077,154.91300462962965
2025-09-05 14:09:00+02:00,208.03269644655884,211.44573518824672,212.2976737043774,179.10009259259257
2025-09-05 14:10:00+02:00,231.73709913712983,234.44980936570653,236.6513686003721,194.2449074074074
2025-09-05 14:11:00+02:00,347.4882258263557,352.9206596882291,352.3963222956844,323.4928472222222
2025-09-05 14:12:00+02:00,594.568357750211,604.6391080496852,604.6932424009208,630.7586666666667
2025-09-05 14:13:00+02:00,617.839430271276,643.8226932877907,627.8545084119107,640.3830570818071
2025-09-05 14:14:00+02:00,611.3730259000711,627.668221252631,621.3152842326101,632.6038854166667
2025-09-05 14:15:00+02:00,598.7802852203221,610.885037529929,607.449368444742,618.203625
2025-09-05 14:16:00+02:00,578.0487188970836,569.2389339411053,587.9935632158843,611.50625
2025-09-05 14:17:00+02:00,581.9693925555849,593.3838011519471,593.5553693658992,609.4682936507936
2025-09-05 14:18:00+02:00,596.3920479133308,608.3353850514673,607.4492745492403,614.5695016788767
2025-09-05 14:19:00+02:00,592.2087035435297,592.7342484524552,599.2258026225434,603.448006021756
2025-09-05 14:20:00+02:00,522.618257986339,509.0662791146216,547.1192044749746,520.1430555555555
2025-09-05 14:21:00+02:00,216.94021499547023,219.23209340705216,220.5072264193525,157.8971527777778
2025-09-05 14:22:00+02:00,209.4912657549833,214.48816004627844,216.93562932419988,160.41250802660247
2025-09-05 14:23:00+02:00,214.62221704952643,219.13211928456127,221.3885295986759,162.94189950980393
2025-09-05 14:24:00+02:00,219.82351203117213,223.7760785228442,225.84142987315184,170.129853988604
2025-09-05 14:25:00+02:00,346.8737893272469,352.8311515373668,357.91321509736747,343.6796527777778
2025-09-05 14:26:00+02:00,555.980809579994,566.7618800118746,572.2319187381524,589.3218611111112
2025-09-05 14:27:00+02:00,578.7552784668836,590.5540867733728,590.8096026248973,601.4368824786325
2025-09-05 14:28:00+02:00,587.2185475836548,582.8952353658182,599.692229232118,602.2692222222223
2025-09-05 14:29:00+02:00,581.3624779789234,578.5360472129015,590.5207431303236,594.3459722222223
2025-09-05 14:30:00+02:00,567.1613289120913,573.9294087289034,579.0040160442072,593.3941944444445
2025-09-05 14:31:00+02:00,513.9186825576329,523.5671379469363,525.602824618509,522.8928472222223
2025-09-05 14:32:00+02:00,482.5746105535992,492.0943331649638,491.9167732347749,493.9179166666667
2025-09-05 14:33:00+02:00,530.5987078942157,524.9351277875313,533.7682150301771,552.5403823260073
2025-09-05 14:34:00+02:00,425.78998498288126,425.6235653425345,434.1232026687126,412.6619191919192
2025-09-05 14:35:00+02:00,185.4921912509237,180.8899773929141,184.7965264198556,139.84442857142858
2025-09-05 14:36:00+02:00,188.53354679449475,179.0643380194867,179.86666708286194,144.24826240079366
2025-09-05 14:37:00+02:00,192.90435715651287,188.42851769850395,190.57645345094684,154.6482158119658
2025-09-05 14:38:00+02:00,197.4911960766538,194.39342151826563,196.55399010491607,162.84161375661378
2025-09-05 14:39:00+02:00,206.56062757784147,200.13347051465257,202.4048353575365,165.4162554466231
2025-09-05 14:40:00+02:00,246.95614106680935,251.49352122162972,254.48710975755364,241.1966666666667
2025-09-05 14:41:00+02:00,479.1213657815169,493.2154236168138,493.6929393758973,535.1925
2025-09-05 14:42:00+02:00,454.4203478073991,474.3884496403609,483.1860812913877,503.3484722222222
2025-09-05 14:43:00+02:00,435.3705090620113,445.1745732486661,443.4556712816482,444.9088472222222
2025-09-05 14:44:00+02:00,522.3970738329384,539.7776173625498,537.8826061637683,550.74
2025-09-05 14:45:00+02:00,544.3938819492084,582.8570325905221,559.2807670593602,577.2330555555556
2025-09-05 14:46:00+02:00,560.1477712234475,567.4240349940173,573.3386936756363,584.2254464285714
2025-09-05 14:47:00+02:00,512.6312776922423,525.5501567641984,531.9097135177944,523.7530753968255
2025-09-05 14:48:00+02:00,542.4170647769369,555.5866248667085,554.0678039005161,556.4334974747475
2025-09-05 14:49:00+02:00,540.0369932520736,552.1314557645222,550.5253144109026,561.5784027777778
2025-09-05 14:50:00+02:00,536.0702073773009,548.2968172233675,546.7394477807813,555.3313253968254
2025-09-05 14:51:00+02:00,532.1034215025278,544.4621786822128,542.9535811506598,555.4878333333332
2025-09-05 14:52:00+02:00,527.7675537988657,544.4552400267929,539.2418779526586,542.8910876068376
2025-09-05 14:53:00+02:00,522.1966815139214,550.8669702033278,535.7403044789974,537.2641239316239
2025-09-05 14:54:00+02:00,516.5264410442762,550.1675388393285,532.2510915773557,539.4095187138131
2025-09-05 14:55:00+02:00,510.856200574631,537.1522554512151,528.7618786757139,540.4140277777778
2025-09-05 14:56:00+02:00,505.1859601049857,531.6184357600877,524.2220113492876,537.4006226851852
2025-09-05 14:57:00+02:00,492.7724649101548,522.3509957464896,492.09124305704535,524.6085416666666
2025-09-05 14:58:00+02:00,499.0289750654396,516.7147154645025,507.01402804042624,520.0396717171717
2025-09-05 14:59:00+02:00,505.2554401225752,525.1273431568322,505.7629910732525,520.9064748677248
2025-09-05 15:00:00+02:00,510.81076595548336,521.9761575410001,503.50971623556615,526.3329444444445
2025-09-05 15:01:00+02:00,508.5644783848162,518.3089040155309,501.25644139787977,523.7507361111111
2025-09-05 15:02:00+02:00,499.6811848391864,514.6416504900616,499.0031665601932,524.1163446969697
2025-09-05 15:03:00+02:00,474.8559969027254,509.2777365645892,496.7498917225061,519.7640740740741
2025-09-05 15:04:00+02:00,441.6132138676575,478.0773476854829,494.4966168848191,515.1450066137567
2025-09-05 15:05:00+02:00,244.60663188835304,247.0725261159293,256.18925667350567,210.58569444444444
2025-09-05 15:06:00+02:00,310.14877405273194,303.9530379444664,314.55473577034644,300.2200138888889
2025-09-05 15:07:00+02:00,326.4061239563987,324.3784254995009,329.70842106716213,318.5693055555556
2025-09-05 15:08:00+02:00,387.0672007978328,395.1124007757908,394.79717045248543,399.7814814814815
2025-09-05 15:09:00+02:00,419.541281118494,421.05028447547846,430.4869857687189,443.6154861111111
2025-09-05 15:10:00+02:00,152.6482831368332,159.57221725650686,155.1412268859643,105.52222883597882
2025-09-05 15:11:00+02:00,137.50615698891647,142.64668589526383,137.88770788543454,101.076841991342
2025-09-05 15:12:00+02:00,131.60556300019192,136.39565164286873,132.25452079121794,115.47839781746032
2025-09-05 15:13:00+02:00,129.09063969423377,127.4279121575062,128.35759868313536,107.8014494301994
2025-09-05 15:14:00+02:00,132.65660630443347,120.84391754724784,131.75886799283785,102.10112654320989
2025-09-05 15:15:00+02:00,136.34447754738633,127.18738247076156,135.97107095518004,110.84891203703704
2025-09-05 15:16:00+02:00,140.03234879033917,135.50255927564405,140.18327391752217,118.66633333333334
2025-09-05 15:17:00+02:00,146.99387385402915,149.66597407344008,151.01030529263153,126.92333333333332
2025-09-05 15:18:00+02:00,166.91014810858036,169.6129183281222,172.48866223959337,147.5534722222222
2025-09-05 15:19:00+02:00,208.35477801954784,211.90477855488965,215.10036962007703,191.8830109126984
2025-09-05 15:20:00+02:00,233.8059653353685,236.6626269260857,239.99737976087377,206.84333333333333
2025-09-05 15:21:00+02:00,225.72706163700192,236.12500434236284,231.93718047616576,197.52164983164985
2025-09-05 15:22:00+02:00,222.3552936434451,239.30085936146656,228.5367839029296,200.6955555555556
2025-09-05 15:23:00+02:00,218.9835256498881,232.44720241324,225.1363873296933,194.8922673611111
2025-09-05 15:24:00+02:00,215.71419852419095,223.7132028035408,222.04194431286533,184.419
2025-09-05 15:25:00+02:00,223.59336470357908,218.753167324239,230.25802933017297,176.62801282051282
2025-09-05 15:26:00+02:00,263.9564530581013,270.045593675098,269.1356541619246,252.85444444444445
2025-09-05 15:27:00+02:00,173.39181345694507,176.2418217234603,177.84500298587787,142.35964616402117
2025-09-05 15:28:00+02:00,161.49409356348292,161.76897770593462,163.20392119636531,134.91547123015872
2025-09-05 15:29:00+02:00,151.52912031002302,148.23023707068216,149.87591921239,132.9947023809524
2025-09-05 15:30:00+02:00,127.70242489020646,129.21330496322918,131.58659969219843,111.78518022486772
2025-09-05 15:31:00+02:00,111.97026263982028,112.8696257985905,114.94547013902678,97.60641203703705
2025-09-05 15:32:00+02:00,100.46862588976812,101.31730338799684,102.82111822393593,90.98807407407408
2025-09-05 15:33:00+02:00,87.05431692486142,88.6874388350698,89.69994703968175,80.9641736694678
2025-09-05 15:34:00+02:00,72.87739132346704,75.03393012154754,75.44000469187344,74.53655303030304
2025-09-05 15:35:00+02:00,63.97424333689988,65.24535742416668,65.53202750537632,65.42256335282651
2025-09-05 15:36:00+02:00,57.18856024986663,63.48145486948759,63.74720358666589,65.819
2025-09-05 15:37:00+02:00,55.81514613180141,62.68887520532103,62.94522326278948,61.97886363636365
2025-09-05 15:38:00+02:00,55.00127109887387,61.89629554115443,62.14324293891305,65.94542121212122
2025-09-05 15:39:00+02:00,54.18739606594633,61.10371587698778,61.34126261503656,67.7395
2025-09-05 15:40:00+02:00,53.37352103301879,60.31113621282114,60.53928229116008,65.32541666666667
2025-09-05 15:41:00+02:00,52.55964600009125,59.51855654865449,59.73730196728357,64.26172222222222
2025-09-05 15:42:00+02:00,51.74577096716371,58.72597688448782,58.935321643407065,61.048110119047614
2025-09-05 15:43:00+02:00,50.93189593423617,57.93339722032118,58.13334131953059,61.18230324074074
2025-09-05 15:44:00+02:00,50.11802090130867,57.14081755615453,57.331360995654094,61.962409188034194
2025-09-05 15:45:00+02:00,49.304145868381205,51.22083509170562,51.819042966103424,61.06726851851852
2025-09-05 15:46:00+02:00,49.27409009519035,51.03388136230236,51.025803803428985,58.27391559829059
2025-09-05 15:47:00+02:00,50.08239064159096,52.70503486757954,52.85935097527204,57.04224508713386
2025-09-05 15:48:00+02:00,50.89069118799157,54.37618837285673,54.6928981471151,58.69096203844049
2025-09-05 15:49:00+02:00,51.69899173439215,56.04734187813392,56.52644531895815,60.1205056980057
2025-09-05 15:50:00+02:00,52.507292280792754,57.71849538341111,58.3599924908012,58.08452777777779
2025-09-05 15:51:00+02:00,53.31559282719336,59.38964888868827,60.19353966264427,59.24652243589745
2025-09-05 15:52:00+02:00,54.12389337359396,61.060802393965474,62.02708683448732,66.1432142857143
2025-09-05 15:53:00+02:00,54.9321939199946,62.73195589924266,63.85299422644772,65.55034722222221
2025-09-05 15:54:00+02:00,55.74049446639529,63.97912722424451,63.78120159110425,68.872791005291
2025-09-05 15:55:00+02:00,56.47848892088759,62.67497290284702,62.15209173458868,70.20723684210527
2025-09-05 15:56:00+02:00,55.47187627581229,60.94435887959173,60.5229818780731,70.37424074074075
2025-09-05 15:57:00+02:00,53.71378495701164,59.21374485633652,58.89387202155753,71.72019764957265
2025-09-05 15:58:00+02:00,51.955693638211045,57.48313083308132,57.26476216504194,67.898025
2025-09-05 15:59:00+02:00,50.19760231941045,55.75251680982612,55.63565230852636,69.28960842293907
2025-09-05 16:00:00+02:00,48.43951100060985,54.02190278657092,54.00654245201072,68.92413625502336
2025-09-05 16:01:00+02:00,46.681419681809246,52.29128876331572,52.377432595495065,69.47121642246643
2025-09-05 16:02:00+02:00,44.92332836300865,50.56067474006051,50.7483227389794,59.844569841269845
2025-09-05 16:03:00+02:00,43.16523704420805,48.2227043048499,48.71984776170749,62.09821458333334
2025-09-05 16:04:00+02:00,41.26139919400038,42.96725396221055,43.62196657062324,58.88979166666667
2025-09-05 16:05:00+02:00,36.33332081709615,37.33220586209906,37.88510118632899,51.117148809523805
2025-09-05 16:06:00+02:00,30.202833556083625,31.72025995048365,32.14823580203475,49.32575613454646
2025-09-05 16:07:00+02:00,24.82538844740963,26.1520667550405,26.411370417740507,39.93318747078074
2025-09-05 16:08:00+02:00,21.698313491654304,20.5915364628526,20.67450503344625,38.29060714285715
2025-09-05 16:09:00+02:00,18.720095705547287,17.681271026316544,17.444097566369113,35.85875755360624
2025-09-05 16:10:00+02:00,15.741877919440252,16.88459181216283,16.637969068403603,34.72604166666667
2025-09-05 16:11:00+02:00,12.763660133333197,16.087912598009137,15.831840570438118,34.71126756066411
2025-09-05 16:12:00+02:00,9.96603731177603,15.291233383855444,15.025712072472643,32.88777777777778
2025-09-05 16:13:00+02:00,8.775709674712765,14.494554169701754,14.219583574507158,31.531013888888893
2025-09-05 16:14:00+02:00,7.964631463204235,13.697874955548066,13.41345507654168,28.63843434343434
2025-09-05 16:15:00+02:00,7.153553251695708,12.901195741394368,12.607326578576195,32.81604166666667
2025-09-05 16:16:00+02:00,6.342475040187185,12.104516527240676,11.801198080610718,29.87613425925926
2025-09-05 16:17:00+02:00,5.531396828678659,11.307837313086988,10.995069582645232,26.79371616809117
2025-09-05 16:18:00+02:00,4.720318617170133,10.318078019603782,10.03542102514074,27.714077991452992
2025-09-05 16:19:00+02:00,3.909240405661606,7.460707776969631,7.1677374419370565,26.02091666666667
2025-09-05 16:20:00+02:00,3.0981621941530832,4.1456688886586335,3.739386219584663,28.537745039682545
2025-09-05 16:21:00+02:00,2.2870839826445426,2.723618780580937,2.2687285921688662,29.501580687830693
2025-09-05 16:22:00+02:00,1.9313692447633315,2.723618780580937,2.2687285921688662,30.29196296296297
2025-09-05 16:23:00+02:00,2.6890352709677607,2.723618780580937,2.2687285921688662,26.81256097560976
2025-09-05 16:24:00+02:00,3.497335817368384,2.723618780580937,2.2687285921688662,29.34993055555556
2025-09-05 16:25:00+02:00,4.305636363769004,2.723618780580937,2.2687285921688662,25.469220238095243
2025-09-05 16:26:00+02:00,5.113936910169628,2.723618780580937,2.2687285921688662,20.59996031746032
2025-09-05 16:27:00+02:00,5.922237456570247,2.723618780580937,2.2687285921688662,25.261388888888888
2025-09-05 16:28:00+02:00,6.730538002970871,2.723618780580937,2.2687285921688662,23.46951625094482
2025-09-05 16:29:00+02:00,7.538838549371494,2.723618780580937,2.2687285921688662,24.919468652325797
2025-09-05 16:30:00+02:00,8.347139095772118,3.209807694942409,2.776057725003046,26.90121164021164
2025-09-05 16:31:00+02:00,9.157562653783888,7.196556792706485,6.9361566142433375,27.143323529411763
2025-09-05 16:32:00+02:00,10.817190856253957,11.86397037057662,11.806516289451476,28.82514619883041
2025-09-05 16:33:00+02:00,13.15405976267952,16.504777126539924,16.600163339738742,30.83796477983577
2025-09-05 16:34:00+02:00,15.490928669105092,19.797504905891287,19.802023422918158,30.82108716475096
2025-09-05 16:35:00+02:00,17.827797575530653,22.33637273121624,22.371004350500456,36.25577962962964
2025-09-05 16:36:00+02:00,20.164666481956218,24.875240556541197,24.93998527808276,34.39905251911831
2025-09-05 16:37:00+02:00,22.501535388381782,27.414108381866143,27.508966205665068,32.85874446290144
2025-09-05 16:38:00+02:00,24.990358155404728,29.9529762071911,30.077947133247378,41.91710830896687
2025-09-05 16:39:00+02:00,29.550551969518224,32.49917525937603,32.681327958285046,46.91919590643275
2025-09-05 16:40:00+02:00,34.766546655683584,36.07174607195395,36.53368967554707,48.760182980599645
2025-09-05 16:41:00+02:00,39.73623048166891,40.37010834366692,41.00789569296315,50.34791666666667
2025-09-05 16:42:00+02:00,40.9822736566973,44.66847061537988,45.48210171037925,56.27680555555556
2025-09-05 16:43:00+02:00,40.9822736566973,48.25626459886914,48.51014043748136,59.38270833333333
2025-09-05 16:44:00+02:00,40.9822736566973,47.33913834714343,47.12869014111302,59.1235625
2025-09-05 16:45:00+02:00,40.9822736566973,45.61819255865501,45.44380895617617,64.80671626984127
2025-09-05 16:46:00+02:00,40.9822736566973,43.89724677016659,43.758927771239314,66.27177248677249
2025-09-05 16:47:00+02:00,40.9822736566973,42.176300981678175,42.07404658630247,66.10001851851852
2025-09-05 16:48:00+02:00,40.9822736566973,40.45535519318976,40.38916540136561,64.48521969696971
2025-09-05 16:49:00+02:00,40.9822736566973,38.73440940470135,38.70428421642873,57.85400462962963
2025-09-05 16:50:00+02:00,40.9822736566973,37.01346361621292,37.01940303149185,58.05063492063493
2025-09-05 16:51:00+02:00,40.11328414093511,35.29251782772445,35.33452184655495,50.90875308641975
2025-09-05 16:52:00+02:00,35.07004141552952,33.36835921354378,33.51879084525183,41.49766666666667
2025-09-05 16:53:00+02:00,29.48368024277255,30.089448428081692,30.31605179046672,51.11306944444445
2025-09-05 16:54:00+02:00,24.637169203861504,26.562166411218016,26.746933249856184,48.30970726495727
2025-09-05 16:55:00+02:00,21.651493350078177,23.034884394354336,23.17781470924564,43.92920061728395
2025-09-05 16:56:00+02:00,18.7554963003974,19.51830037320904,19.6086961686351,41.23132300569801
2025-09-05 16:57:00+02:00,15.859499250716643,17.151750891790744,17.035726189151063,37.848092185592186
2025-09-05 16:58:00+02:00,12.963502201035904,15.55010810423741,15.426244162232024,34.763333333333335
2025-09-05 16:59:00+02:00,10.166090819565603,13.948465316684064,13.816762135312988,34.412912698412704
2025-09-05 17:00:00+02:00,8.859062775159163,12.346822529130716,12.207280108393952,29.77219841269841
2025-09-05 17:01:00+02:00,8.050762228758533,10.745179741577356,10.597798081474911,29.941929683306498
2025-09-05 17:02:00+02:00,7.242461682357909,9.143536954023991,8.988316054555881,22.64632575757576
2025-09-05 17:03:00+02:00,6.4341611359572894,7.541894166470634,7.378834027636842,29.72295008354219
2025-09-05 17:04:00+02:00,5.625860589556666,5.940251378917271,5.769352000717806,31.526726190476197
2025-09-05 17:05:00+02:00,4.817560043156046,4.338608591363908,4.15986997379876,27.31957437275986
2025-09-05 17:06:00+02:00,4.009259496755423,3.05951313193542,2.700159191051334,30.537188172043013
2025-09-05 17:07:00+02:00,3.200958950354803,3.5771058768435253,2.9997016793945974,27.688386409865245
2025-09-05 17:08:00+02:00,2.3926584039541794,4.371047361738956,3.8044426928541135,29.02014473684211
2025-09-05 17:09:00+02:00,1.891432593100765,5.16498884663439,4.609183706313633,27.923674603174604
2025-09-05 17:10:00+02:00,2.584479326864315,5.9589303315298245,5.413924719773153,30.252597222222224
2025-09-05 17:11:00+02:00,3.3955575383728487,6.752871816425252,6.2186657332326725,25.66600747863248
2025-09-05 17:12:00+02:00,4.206635749881372,7.546813301320682,7.023406746692189,30.138497549019608
2025-09-05 17:13:00+02:00,5.017713961389898,8.340754786216117,7.828147760151705,28.966411111111118
2025-09-05 17:14:00+02:00,5.828792172898424,9.134696271111544,8.63288877361122,23.12417755779849
2025-09-05 17:15:00+02:00,6.639870384406951,9.928637756006992,9.43762978707074,28.31025724637681
2025-09-05 17:16:00+02:00,7.450948595915481,10.419337701532656,10.031126284497152,28.53911421911422
2025-09-05 17:17:00+02:00,8.262026807424,10.42485118406665,10.061304072501883,32.72250248015873
2025-09-05 17:18:00+02:00,9.073105018932544,10.42485118406665,10.061304072501883,31.585320767195768
2025-09-05 17:19:00+02:00,9.512439050166346,10.42485118406665,10.061304072501883,31.27061818000797
2025-09-05 17:20:00+02:00,9.512439050166346,10.42485118406665,10.061304072501883,30.018737373737377
2025-09-05 17:21:00+02:00,9.512439050166346,10.42485118406665,10.061304072501883,33.566625
2025-09-05 17:22:00+02:00,9.512439050166346,10.42485118406665,10.061304072501883,32.14842592592593
2025-09-05 17:23:00+02:00,9.512439050166346,10.42485118406665,10.061304072501883,32.93065107212476
2025-09-05 17:24:00+02:00,9.512439050166346,10.42485118406665,10.061304072501883,29.57193703703704
2025-09-05 17:25:00+02:00,9.512439050166346,10.44391364051092,10.062613308973711,32.48884920634921
2025-09-05 17:26:00+02:00,9.512439050166346,11.07297470317188,10.58761713417761,34.25888888888889
2025-09-05 17:27:00+02:00,9.512439050166346,11.987972612496918,11.530267393895333,30.110776353276357
2025-09-05 17:28:00+02:00,9.564296122258089,12.902970521821956,12.472917653613042,33.24126543209877
2025-09-05 17:29:00+02:00,10.83109031192778,13.81796843114699,13.415567913330747,31.84255984848485
2025-09-05 17:30:00+02:00,12.609047069358912,14.732966340472029,14.358218173048446,31.2850873015873
2025-09-05 17:31:00+02:00,14.387003826790036,15.647964249797065,15.300868432766144,31.53723099415205
2025-09-05 17:32:00+02:00,16.164960584221163,16.562962159122097,16.24351869248384,33.734375
2025-09-05 17:33:00+02:00,17.942917341652276,17.477960068447135,17.186168952201534,36.4741335978836
2025-09-05 17:34:00+02:00,19.72087409908338,19.023834512475435,18.756075644598106,35.36116762866763
2025-09-05 17:35:00+02:00,21.49883085651449,21.91557889720405,21.664129393376264,38.52938988095238
2025-09-05 17:36:00+02:00,23.27678761394564,24.849381717579547,24.614000237666342,43.44119444444445
2025-09-05 17:37:00+02:00,25.106248674270624,27.783184537955044,27.56387108195644,42.09733592796093
2025-09-05 17:38:00+02:00,27.433896809859647,30.716987358330563,30.51374192624657,49.04013888888889
2025-09-05 17:39:00+02:00,29.886091714264676,33.222943934068,33.08258778648256,49.051620370370365
2025-09-05 17:40:00+02:00,32.338286618669706,33.52854839452379,33.43903051350094,52.12694444444444
2025-09-05 17:41:00+02:00,34.790481523074696,33.52854839452379,33.43903051350094,54.921309523809526
2025-09-05 17:42:00+02:00,37.242676427479694,33.52854839452379,33.43903051350094,53.67164384920636
2025-09-05 17:43:00+02:00,39.69487133188469,33.52854839452379,33.43903051350094,55.521578947368425
2025-09-05 17:44:00+02:00,39.88893392182512,33.52854839452379,33.43903051350094,57.461230854915065
2025-09-05 17:45:00+02:00,37.15176171843879,33.52854839452379,33.43903051350094,55.49433531746032
2025-09-05 17:46:00+02:00,34.39929805022908,33.52854839452379,33.43903051350094,53.58810810810812
2025-09-05 17:47:00+02:00,31.64683438201936,33.52854839452379,33.43903051350094,51.42612903225807
2025-09-05 17:48:00+02:00,28.894370713809643,33.52854839452379,33.43903051350094,48.55960934095861
2025-09-05 17:49:00+02:00,26.152534447078523,32.66591034932814,32.651901677103666,44.81756260521886
2025-09-05 17:50:00+02:00,23.85898129726137,29.75294419671095,29.63457447091411,47.99101262626263
2025-09-05 17:51:00+02:00,21.802129362193995,26.75246403950872,26.486059125325006,38.08696801346802
2025-09-05 17:52:00+02:00,19.74527742712661,23.751983882306504,23.337543779735903,36.73771441372248
2025-09-05 17:53:00+02:00,17.688425492059217,20.751503725104293,20.189028434146792,38.07933333333333
2025-09-05 17:54:00+02:00,15.631573556991825,17.922304800117498,17.33608799855179,39.90887962962963
2025-09-05 17:55:00+02:00,13.57472162192444,15.74152768280333,15.185673435986168,38.58702047952048
2025-09-05 17:56:00+02:00,11.51786968685705,13.621922434137542,13.065244733854726,35.60505747126437
2025-09-05 17:57:00+02:00,9.4956263503147,11.50231718547175,10.944816031723292,34.442851851851856
2025-09-05 17:58:00+02:00,7.662157187545276,9.38271193680596,8.824387329591872,25.195039682539683
2025-09-05 17:59:00+02:00,5.857004150841792,7.263106688140169,6.7039586274604375,31.56822115384616
2025-09-05 18:00:00+02:00,4.051851114138298,5.143501439474377,4.58352992532901,24.74061088527552
2025-09-05 18:01:00+02:00,2.246698077434793,3.1085913757161414,2.572857090296744,28.864344566832767
2025-09-05 18:02:00+02:00,0.4415450407312935,2.0421523393790206,1.539011472446962,23.187453703703707
2025-09-05 18:03:00+02:00,0.0,1.2482108544835937,0.7356531755054174,25.14559259259259
2025-09-05 18:04:00+02:00,0.0,0.4542693695881628,0.0,19.840085227272727
2025-09-05 18:05:00+02:00,0.0,0.0,0.0,23.227542087542087
2025-09-05 18:06:00+02:00,0.0,0.0,0.0,23.998
2025-09-05 18:07:00+02:00,0.0,0.0,0.0,19.731543209876545
2025-09-05 18:08:00+02:00,0.0,0.0,0.0,20.402708333333333
2025-09-05 18:09:00+02:00,0.0,0.0,0.0,15.98925
2025-09-05 18:10:00+02:00,0.0,0.0,0.0,18.131834625323
2025-09-05 18:11:00+02:00,0.0,0.0,0.0,17.796383838383836
2025-09-05 18:12:00+02:00,0.0,0.0,0.0,18.155066666666663
2025-09-05 18:13:00+02:00,0.0,0.0,0.0,15.3054945799458
2025-09-05 18:14:00+02:00,0.0,0.0,0.0,18.792638888888888
2025-09-05 18:15:00+02:00,0.0,0.0,0.0,24.23254298941799
2025-09-05 18:16:00+02:00,0.0,0.0,0.0,24.72642857142857
2025-09-05 18:17:00+02:00,0.0,0.0,0.0,23.59767195767196
2025-09-05 18:18:00+02:00,1.2561815698192105,0.7916716862582103,0.3440563349781662,24.66011111111111
2025-09-05 18:19:00+02:00,4.000643890156216,1.5883509004119123,1.1487973484376894,26.6372208994709
2025-09-05 18:20:00+02:00,6.745106210493216,2.3953394458598805,1.973457486095784,24.49762688700189
2025-09-05 18:21:00+02:00,9.256119968140034,5.315740906632229,4.9394234750999,27.39225205350205
2025-09-05 18:22:00+02:00,10.318142647020302,9.823779386721426,9.329606844301598,30.785732323232324
2025-09-05 18:23:00+02:00,11.13061686233521,14.331817866810628,13.719790213503298,33.76996428571429
2025-09-05 18:24:00+02:00,11.943091077650127,17.86311467621383,17.42705616971807,35.38154377723311
2025-09-05 18:25:00+02:00,12.755565292965034,18.12608358755236,17.853879552834904,40.793970238095234
2025-09-05 18:26:00+02:00,13.568039508279943,18.12608358755236,17.853879552834904,39.8140873015873
2025-09-05 18:27:00+02:00,14.380513723594856,18.12608358755236,17.853879552834904,43.61974722222222
2025-09-05 18:28:00+02:00,15.192987938909766,18.12608358755236,17.853879552834904,43.82696047307813
2025-09-05 18:29:00+02:00,16.005462154224677,18.12608358755236,17.853879552834904,44.57478805916306
2025-09-05 18:30:00+02:00,16.81793636953959,18.12608358755236,17.853879552834904,39.59708333333334
2025-09-05 18:31:00+02:00,17.365228028467016,18.12608358755236,17.853879552834904,46.06268187830688
2025-09-05 18:32:00+02:00,16.995943770732573,16.995943770732573,16.995943770732573,47.06758207070707
2025-09-05 18:33:00+02:00,15.78116973750821,15.78116973750821,15.78116973750821,47.36580808080808
2025-09-05 18:34:00+02:00,14.615564574420516,14.615564574420516,14.615564574420516,43.57349206349207
2025-09-05 18:35:00+02:00,13.499267479238972,13.499267479238972,13.499267479238972,42.85217592592593
2025-09-05 18:36:00+02:00,12.422103078835883,12.422103078835883,12.422103078835883,48.86760090968161
2025-09-05 18:37:00+02:00,11.386286811707746,11.386286811707746,11.386286811707746,50.44407243867244
2025-09-05 18:38:00+02:00,10.40611639326366,10.40611639326366,10.40611639326366,45.84451388888889
2025-09-05 18:39:00+02:00,9.480769962315636,9.480769962315636,9.480769962315636,51.0702803030303
2025-09-05 18:40:00+02:00,8.60933801904715,8.60933801904715,8.60933801904715,47.6115874534822
2025-09-05 18:41:00+02:00,7.790823057897621,7.790823057897621,7.790823057897621,44.84086476608187
2025-09-05 18:42:00+02:00,7.024139725840994,7.024139725840994,7.024139725840994,50.567546992481205
2025-09-05 18:43:00+02:00,6.308115468829616,6.308115468829616,6.308115468829616,49.34490553306343
2025-09-05 18:44:00+02:00,5.6414917277665575,5.6414917277665575,5.6414917277665575,52.08122364672365
2025-09-05 18:45:00+02:00,5.022925647102043,5.022925647102043,5.022925647102043,52.11907407407407
2025-09-05 18:46:00+02:00,4.519379672481994,4.519379672481994,4.519379672481994,51.866129611129615
2025-09-05 18:47:00+02:00,4.062821902356608,4.062821902356608,4.062821902356608,50.6364183964184
2025-09-05 18:48:00+02:00,3.630548018706037,3.630548018706037,3.630548018706037,50.731590909090905
2025-09-05 18:49:00+02:00,3.2233825427195004,3.2233825427195004,3.2233825427195004,47.61510714285714
2025-09-05 18:50:00+02:00,2.842024159880165,2.842024159880165,2.842024159880165,47.63084590878606
2025-09-05 18:51:00+02:00,2.4870235564871845,2.4870235564871845,2.4870235564871845,52.75068309859156
2025-09-05 18:52:00+02:00,2.3390992867299385,2.3390992867299385,2.3390992867299385,45.72623448773448
2025-09-05 18:53:00+02:00,2.0136053641767973,2.0136053641767973,2.0136053641767973,45.91636994949496
2025-09-05 18:54:00+02:00,1.716907455239265,1.716907455239265,1.716907455239265,37.89059722222222
2025-09-05 18:55:00+02:00,1.4488081020390389,1.4488081020390389,1.4488081020390389,36.81166666666667
2025-09-05 18:56:00+02:00,1.208057527201327,1.208057527201327,1.208057527201327,34.50366811983009
2025-09-05 18:57:00+02:00,0.9938190498349996,0.9938190498349996,0.9050278831105948,35.74443661971831
2025-09-05 18:58:00+02:00,0.8067436242081765,0.2954810726090748,0.0988993851451134,37.76726851851852
2025-09-05 18:59:00+02:00,0.6453804377934466,0.0,0.0,31.131966666666667
2025-09-05 19:00:00+02:00,0.5080559844843773,0.0,0.0,34.758473297491044
2025-09-05 19:01:00+02:00,0.0,0.0,0.0,34.22857103070813
2025-09-05 19:02:00+02:00,0.0,0.0,0.0,33.51294918699187
2025-09-05 19:03:00+02:00,0.0,0.0,0.0,29.2532895256917
2025-09-05 19:04:00+02:00,0.0,0.0,0.0,31.10560118425636
2025-09-05 19:05:00+02:00,0.0,0.0,0.0,33.03000631313132
2025-09-05 19:06:00+02:00,0.0,0.0,0.0,30.90032738095238
2025-09-05 19:07:00+02:00,0.0,0.0,0.0,20.429871502694645
2025-09-05 19:08:00+02:00,0.0,0.0,0.0,18.017831400165697
2025-09-05 19:09:00+02:00,0.0,0.0,0.0,16.64272968580715
2025-09-05 19:10:00+02:00,0.0,0.0,0.0,15.216102564102563
2025-09-05 19:11:00+02:00,0.0,0.0,0.0,13.803846153846155
2025-09-05 19:12:00+02:00,0.0,0.0,0.0,12.376328125
2025-09-05 19:13:00+02:00,0.0,0.0,0.0,10.858649945175438
2025-09-05 19:14:00+02:00,0.0,0.0,0.0,9.474805194805196
2025-09-05 19:15:00+02:00,0.0,0.0,0.0,8.462225770586425
2025-09-05 19:16:00+02:00,0.0,0.0,0.0,7.916584699453548
2025-09-05 19:17:00+02:00,0.0,0.0,0.0,7.401830601092896
2025-09-05 19:18:00+02:00,0.0,0.0,0.0,6.92820175270995
2025-09-05 19:19:00+02:00,0.0,0.0,0.0,6.600734265734268
2025-09-05 19:20:00+02:00,0.0,0.0,0.0,6.286048951048952
2025-09-05 19:21:00+02:00,0.0,0.0,0.0,5.971363636363637
2025-09-05 19:22:00+02:00,0.0,0.0,0.0,5.656678321678322
2025-09-05 19:23:00+02:00,0.0,0.0,0.0,5.15467106967107
2025-09-05 19:24:00+02:00,0.0,0.0,0.0,4.35294871794872
2025-09-05 19:25:00+02:00,0.0,0.0,0.0,3.5225422776340207
2025-09-05 19:26:00+02:00,0.0,0.0,0.0,2.6600823335685715
2025-09-05 19:27:00+02:00,0.0,0.0,0.0,1.9690384615384624
2025-09-05 19:28:00+02:00,0.0,0.0,0.0,1.3921153846153846
2025-09-05 19:29:00+02:00,0.0,0.0,0.0,0.8808050204512469
2025-09-05 19:30:00+02:00,0.0,0.0,0.0,0.7504716981132078
2025-09-05 19:31:00+02:00,0.0,0.0,0.0,0.6815180102915956
2025-09-05 19:32:00+02:00,0.0,0.0,0.0,0.6125643224699834
2025-09-05 19:33:00+02:00,0.0,0.0,0.0,0.5436106346483712
2025-09-05 19:34:00+02:00,0.0,0.0,0.0,0.4746569468267589
2025-09-05 19:35:00+02:00,0.0,0.0,0.0,0.4057032590051463
2025-09-05 19:36:00+02:00,0.0,0.0,0.0,0.3367495711835338
2025-09-05 19:37:00+02:00,0.0,0.0,0.0,0.2677958833619213
2025-09-05 19:38:00+02:00,0.0,0.0,0.0,0.1988421955403088
2025-09-05 19:39:00+02:00,0.0,0.0,0.0,0.1466123499142367
2025-09-05 19:40:00+02:00,0.0,0.0,0.0,0.1300600343053174
2025-09-05 19:41:00+02:00,0.0,0.0,0.0,0.114622641509434
2025-09-05 19:42:00+02:00,0.0,0.0,0.0,0.0991852487135507
2025-09-05 19:43:00+02:00,0.0,0.0,0.0,0.0837478559176673
2025-09-05 19:44:00+02:00,0.0,0.0,0.0,0.0683104631217839
2025-09-05 19:45:00+02:00,0.0,0.0,0.0,0.0528730703259005
2025-09-05 19:46:00+02:00,0.0,0.0,0.0,0.0374356775300171
2025-09-05 19:47:00+02:00,0.0,0.0,0.0,0.0219982847341337
2025-09-05 19:48:00+02:00,0.0,0.0,0.0,0.0066739339514577
2025-09-05 19:49:00+02:00,0.0,0.0,0.0,0.0047508591065291
2025-09-05 19:50:00+02:00,0.0,0.0,0.0,0.0119673539518899
2025-09-05 19:51:00+02:00,0.0,0.0,0.0,0.0191838487972508
2025-09-05 19:52:00+02:00,0.0,0.0,0.0,0.0264003436426116
2025-09-05 19:53:00+02:00,0.0,0.0,0.0,0.0336168384879724
2025-09-05 19:54:00+02:00,0.0,0.0,0.0,0.0408333333333332
2025-09-05 19:55:00+02:00,0.0,0.0,0.0,0.048049828178694
2025-09-05 19:56:00+02:00,0.0,0.0,0.0,0.0552663230240549
2025-09-05 19:57:00+02:00,0.0,0.0,0.0,0.0624828178694157
2025-09-05 19:58:00+02:00,0.0,0.0,0.0,0.0698052274348228
2025-09-05 19:59:00+02:00,0.0,0.0,0.0,0.0778902229845626
2025-09-05 20:00:00+02:00,0.0,0.0,0.0,0.0861234991423671
2025-09-06 05:00:00+02:00,0.0,0.0,0.0,0.132314974182444
2025-09-06 05:01:00+02:00,0.0,0.0,0.0,0.1465070869117243
2025-09-06 05:02:00+02:00,0.0,0.0,0.0,0.1436192109777016
2025-09-06 05:03:00+02:00,0.0,0.0,0.0,0.1353859348198973
2025-09-06 05:04:00+02:00,0.0,0.0,0.0,0.1271526586620929
2025-09-06 05:05:00+02:00,0.0,0.0,0.0,0.1189193825042884
2025-09-06 05:06:00+02:00,0.0,0.0,0.0,0.1106861063464839
2025-09-06 05:07:00+02:00,0.0,0.0,0.0,0.1024528301886794
2025-09-06 05:08:00+02:00,0.0,0.0,0.0,0.0942195540308749
2025-09-06 05:09:00+02:00,0.0,0.0,0.0,0.0859862778730703
2025-09-06 05:10:00+02:00,0.0,0.0,0.0,0.0777530017152658
2025-09-06 05:11:00+02:00,0.0,0.0,0.0,0.070800457404231
2025-09-06 05:12:00+02:00,0.0,0.0,0.0,0.07
2025-09-06 05:13:00+02:00,0.0,0.0,0.0,0.07
2025-09-06 05:14:00+02:00,0.0,0.0,0.0,0.07
2025-09-06 05:15:00+02:00,0.0,0.0,0.0,0.07
2025-09-06 05:16:00+02:00,0.0,0.0,0.0,0.07
2025-09-06 05:17:00+02:00,0.0,0.0,0.0,0.07
2025-09-06 05:18:00+02:00,0.0,0.0,0.0,0.07
2025-09-06 05:19:00+02:00,0.0,0.0,0.0,0.07
2025-09-06 05:20:00+02:00,0.0,0.0,0.0,0.07
2025-09-06 05:21:00+02:00,0.0,0.0,0.0,0.07
2025-09-06 05:22:00+02:00,0.0,0.0,0.0,0.07
2025-09-06 05:23:00+02:00,0.0,0.0,0.0,0.07
2025-09-06 05:24:00+02:00,0.0,0.0,0.0,0.07
2025-09-06 05:25:00+02:00,0.0,0.0,0.0,0.07
2025-09-06 05:26:00+02:00,0.0,0.0,0.0,0.07
2025-09-06 05:27:00+02:00,0.0,0.0,0.0,0.07
2025-09-06 05:28:00+02:00,0.0,0.0,0.0,0.07
2025-09-06 05:29:00+02:00,0.0,0.0,0.0,0.07
2025-09-06 05:30:00+02:00,0.0,0.0,0.0,0.0703872633390705
2025-09-06 05:31:00+02:00,0.0,0.0,0.0,0.0812306368330463
2025-09-06 05:32:00+02:00,0.0,0.0,0.0,0.096721170395869
2025-09-06 05:33:00+02:00,0.0,0.0,0.0,0.1122117039586918
2025-09-06 05:34:00+02:00,0.0,0.0,0.0,0.1277022375215145
2025-09-06 05:35:00+02:00,0.0,0.0,0.0,0.1431927710843373
2025-09-06 05:36:00+02:00,0.0,0.0,0.0,0.1586833046471602
2025-09-06 05:37:00+02:00,0.0,0.0,0.0,0.174173838209983
2025-09-06 05:38:00+02:00,0.0,0.0,0.0,0.1896643717728056
2025-09-06 05:39:00+02:00,0.0,0.0,0.0,0.2051549053356283
2025-09-06 05:40:00+02:00,0.0,0.0,0.0,0.2218502581755594
2025-09-06 05:41:00+02:00,0.0,0.0,0.0,0.2447418244406195
2025-09-06 05:42:00+02:00,0.0,0.0,0.0,0.2684939759036144
2025-09-06 05:43:00+02:00,0.0,0.0,0.0,0.2922461273666092
2025-09-06 05:44:00+02:00,0.0,0.0,0.0,0.3159982788296041
2025-09-06 05:45:00+02:00,0.0,0.0,0.0,0.3397504302925989
2025-09-06 05:46:00+02:00,0.0,0.0,0.0,0.3635025817555936
2025-09-06 05:47:00+02:00,0.0,0.0,0.0,0.3872547332185885
2025-09-06 05:48:00+02:00,0.0,0.0,0.0,0.4110068846815833
2025-09-06 05:49:00+02:00,0.0,0.0,0.0,0.4347590361445781
2025-09-06 05:50:00+02:00,0.0,0.0,0.0,0.486511500547645
2025-09-06 05:51:00+02:00,0.0,0.0,0.0,0.5856003430531728
2025-09-06 05:52:00+02:00,0.0,0.0,0.0,0.6854288164665516
2025-09-06 05:53:00+02:00,0.0,0.0,0.0,0.7852572898799304
2025-09-06 05:54:00+02:00,0.0,0.0,0.0,0.8850857632933091
2025-09-06 05:55:00+02:00,0.0,0.0,0.0,0.984914236706688
2025-09-06 05:56:00+02:00,0.0,0.0,0.0,1.0847427101200675
2025-09-06 05:57:00+02:00,0.0,0.0,0.0,1.1845711835334485
2025-09-06 05:58:00+02:00,0.0,0.0,0.0,1.2843996569468272
2025-09-06 05:59:00+02:00,0.0,0.0,0.0,1.385147247119078
2025-09-06 06:00:00+02:00,0.0,0.0,0.0,1.544718309859155
2025-09-06 06:01:00+02:00,0.0,0.0,0.0,1.7846268656716415
2025-09-06 06:02:00+02:00,0.0,0.0,0.0,2.078358208955224
2025-09-06 06:03:00+02:00,0.0,0.0,0.0,2.372089552238806
2025-09-06 06:04:00+02:00,0.0,0.0,0.0,2.6658208955223883
2025-09-06 06:05:00+02:00,0.0,0.0,0.0,2.9595522388059705
2025-09-06 06:06:00+02:00,0.0,0.0,0.0,3.247982190496792
2025-09-06 06:07:00+02:00,0.0,0.0,0.0,3.4802173913043464
2025-09-06 06:08:00+02:00,0.0,0.0,0.0,3.6976086956521703
2025-09-06 06:09:00+02:00,0.0,0.0,0.0,3.914999999999996
2025-09-06 06:10:00+02:00,0.0,0.0,0.0,4.132391304347821
2025-09-06 06:11:00+02:00,0.0,0.0,0.0,4.349782608695646
2025-09-06 06:12:00+02:00,0.0,0.0,0.0,4.567173913043475
2025-09-06 06:13:00+02:00,0.0,0.0,0.0,4.831048186098034
2025-09-06 06:14:00+02:00,0.0,0.0,0.0,5.404808917197456
2025-09-06 06:15:00+02:00,0.0,0.0,0.0,6.035382165605097
2025-09-06 06:16:00+02:00,0.0,0.0,0.0,6.656057565810898
2025-09-06 06:17:00+02:00,0.0,0.0,0.0,7.260000000000002
2025-09-06 06:18:00+02:00,0.0,0.0,0.0,7.861175607899334
2025-09-06 06:19:00+02:00,0.0,0.0,0.0,8.302007299270072
2025-09-06 06:20:00+02:00,0.0,0.0,0.0,8.64799270072992
2025-09-06 06:21:00+02:00,0.0,0.0,0.0,8.99397810218977
2025-09-06 06:22:00+02:00,0.0,0.0,0.0,9.33996350364963
2025-09-06 06:23:00+02:00,0.0,0.0,0.0,9.72567808560053
2025-09-06 06:24:00+02:00,0.0,0.0,0.0,10.29034090909091
2025-09-06 06:25:00+02:00,0.0,0.0,0.0,10.876704545454544
2025-09-06 06:26:00+02:00,0.0,0.0,0.0,11.380881113111313
2025-09-06 06:27:00+02:00,0.0,0.0,0.0,11.592960396039604
2025-09-06 06:28:00+02:00,0.0,0.0,0.0,11.779495049504948
2025-09-06 06:29:00+02:00,0.0,0.0,0.0,11.966029702970287
2025-09-06 06:30:00+02:00,0.0,0.0,0.0,12.152564356435636
2025-09-06 06:31:00+02:00,0.0,0.0,0.0,12.33909900990098
2025-09-06 06:32:00+02:00,0.0,0.0,0.0,12.525633663366325
2025-09-06 06:33:00+02:00,0.0,0.0,0.0,12.712168316831672
2025-09-06 06:34:00+02:00,0.0,1.3174210550297951,0.8206829569345668,12.915067641343567
2025-09-06 06:35:00+02:00,0.0,2.6031501280804505,2.184134860900887,13.559813084112143
2025-09-06 06:36:00+02:00,0.0,2.723618780580937,2.2687285921688662,14.38062420288946
2025-09-06 06:37:00+02:00,0.0,2.723618780580937,2.2687285921688662,15.045335570469796
2025-09-06 06:38:00+02:00,0.0,2.723618780580937,2.2687285921688662,15.677550335570466
2025-09-06 06:39:00+02:00,0.0,2.723618780580937,2.2687285921688662,16.84363040729112
2025-09-06 06:40:00+02:00,0.7429355703722589,2.723618780580937,2.2687285921688662,17.71638321995464
2025-09-06 06:41:00+02:00,1.5900342644396517,2.723618780580937,2.2687285921688662,17.929988662131496
2025-09-06 06:42:00+02:00,2.758496371714422,2.723618780580937,2.2687285921688662,18.14359410430836
2025-09-06 06:43:00+02:00,4.007299332291044,2.723618780580937,2.2687285921688662,18.35719954648524
2025-09-06 06:44:00+02:00,5.256102292867677,2.723618780580937,2.2687285921688662,18.57080498866211
2025-09-06 06:45:00+02:00,6.504905253444299,3.063833866678697,2.6637130881651263,18.78441043083899
2025-09-06 06:46:00+02:00,7.753708214020925,3.8569326712832215,3.467071385106671,18.99801587301587
2025-09-06 06:47:00+02:00,8.99730782892848,4.652240664758505,4.270429682048217,19.533649049363337
2025-09-06 06:48:00+02:00,9.512439050166346,5.447548658233792,5.073787978989763,20.89813701923077
2025-09-06 06:49:00+02:00,9.512439050166346,6.242856651709079,5.87714627593131,22.1644089673913
2025-09-06 06:50:00+02:00,9.512439050166346,7.038164645184367,6.680504572872852,22.58597826086956
2025-09-06 06:51:00+02:00,9.512439050166346,7.833472638659654,7.483862869814395,22.912065217391294
2025-09-06 06:52:00+02:00,9.512439050166346,8.62878063213494,8.287221166755941,23.23815217391304
2025-09-06 06:53:00+02:00,9.512439050166346,9.424088625610228,9.090579463697496,23.564239130434785
2025-09-06 06:54:00+02:00,9.512439050166346,10.225371470804184,9.902632114502062,24.952497522891893
2025-09-06 06:55:00+02:00,9.512439050166346,11.166636556263851,10.862488780977674,25.23902214022139
2025-09-06 06:56:00+02:00,9.512439050166346,12.166796608664594,11.874511570631306,24.89142066420662
2025-09-06 06:57:00+02:00,9.512439050166346,13.166956661065342,12.886534360284948,24.543819188191872
2025-09-06 06:58:00+02:00,9.512439050166346,14.167116713466084,13.898557149938586,24.19621771217712
2025-09-06 06:59:00+02:00,9.512439050166346,15.167276765866829,14.910579939592235,24.120932173607443
2025-09-06 07:00:00+02:00,9.512439050166346,16.16743681826757,15.922602729245876,24.539285714285697
2025-09-06 07:01:00+02:00,9.512439050166346,17.16759687066832,16.934625518899516,24.96785714285713
2025-09-06 07:02:00+02:00,9.512439050166346,17.939339867076587,17.665955195196396,25.35251572327044
2025-09-06 07:03:00+02:00,9.512439050166346,17.366528076059357,17.045216059592814,25.18113207547171
2025-09-06 07:04:00+02:00,9.512439050166346,16.573948411892747,16.24323573571636,24.841509433962283
2025-09-06 07:05:00+02:00,9.512439050166346,15.781368747726113,15.441255411839888,24.501886792452847
2025-09-06 07:06:00+02:00,9.512439050166346,14.988789083559489,14.639275087963416,24.1622641509434
2025-09-06 07:07:00+02:00,9.33670543767283,14.19620941939286,13.83729476408694,23.07028278499777
2025-09-06 07:08:00+02:00,8.572940121835632,13.40362975522623,13.03531444021047,21.799802631578952
2025-09-06 07:09:00+02:00,7.761861910327113,12.611050091059605,12.233334116334,21.20769736842106
2025-09-06 07:10:00+02:00,6.9507836988185865,11.818470426892972,11.431353792457523,20.660138535182043
2025-09-06 07:11:00+02:00,6.139705487310053,11.025890762726345,10.62937346858105,20.313225806451605
2025-09-06 07:12:00+02:00,5.328627275801527,9.886513463283254,9.456263952272383,19.990645161290317
2025-09-06 07:13:00+02:00,4.517549064293004,7.8748875660236095,7.491412158775024,19.668064516129014
2025-09-06 07:14:00+02:00,3.7064708527844736,5.821225591760761,5.50181841911553,19.345483870967733
2025-09-06 07:15:00+02:00,2.895392641275947,3.767563617497899,3.5122246794560468,18.70256272401433
2025-09-06 07:16:00+02:00,2.084314429767403,2.331918166955372,1.9751788560534909,17.71236466165413
2025-09-06 07:17:00+02:00,1.1429963778377843,1.5352389528016843,1.1622096986620285,17.151815789473673
2025-09-06 07:18:00+02:00,0.0477585145014369,0.7385597386479912,0.3574686852025124,16.656026315789468
2025-09-06 07:19:00+02:00,0.0,0.0,0.0,16.145258533931727
2025-09-06 07:20:00+02:00,0.0,0.0,0.0,15.463217054263568
2025-09-06 07:21:00+02:00,0.0,0.0,0.0,14.722031007751935
2025-09-06 07:22:00+02:00,0.0,0.0,0.0,13.630333333333333
2025-09-06 07:23:00+02:00,0.0,0.0,0.0,12.58815789473684
2025-09-06 07:24:00+02:00,0.0,0.0,0.0,11.799468450362182
2025-09-06 07:25:00+02:00,0.0,0.0,0.0,11.324474940334134
2025-09-06 07:26:00+02:00,0.0,0.0,0.0,11.099653937947506
2025-09-06 07:27:00+02:00,0.0,0.0,0.0,10.87483293556087
2025-09-06 07:28:00+02:00,0.0,0.0,0.0,10.65001193317423
2025-09-06 07:29:00+02:00,0.0,0.0,0.0,10.4251909307876
2025-09-06 07:30:00+02:00,0.0,0.0,0.0,10.20036992840096
2025-09-06 07:31:00+02:00,0.0,0.0,0.0,9.982736674622116
2025-09-06 07:32:00+02:00,0.0,0.4977908903796813,0.0,10.275
2025-09-06 07:33:00+02:00,0.0,1.2903705545463031,0.7115501299754037,10.875
2025-09-06 07:34:00+02:00,0.0,2.082950218712922,1.513530453851862,11.530598958333334
2025-09-06 07:35:00+02:00,0.0,2.686191407550849,2.1907582829031007,12.472135416666667
2025-09-06 07:36:00+02:00,0.0,2.723618780580937,2.2687285921688662,12.75597932449495
2025-09-06 07:37:00+02:00,0.0,2.723618780580937,2.2687285921688662,12.05064393939394
2025-09-06 07:38:00+02:00,0.0,2.723618780580937,2.2687285921688662,11.506502785587834
2025-09-06 07:39:00+02:00,0.0,2.723618780580937,2.2687285921688662,11.517843642611677
2025-09-06 07:40:00+02:00,0.0,2.723618780580937,2.2687285921688662,11.572482817869403
2025-09-06 07:41:00+02:00,0.0,2.723618780580937,2.2687285921688662,11.627121993127128
2025-09-06 07:42:00+02:00,0.788061660319757,2.723618780580937,2.2687285921688662,11.681761168384854
2025-09-06 07:43:00+02:00,1.5190290879299957,2.723618780580937,2.2687285921688662,11.736400343642588
2025-09-06 07:44:00+02:00,1.6449803985336064,2.723618780580937,2.2687285921688662,11.791039518900329
2025-09-06 07:45:00+02:00,1.6449803985336064,2.723618780580937,2.5532513223356634,11.845678694158062
2025-09-06 07:46:00+02:00,1.6449803985336064,2.723618780580937,3.346567640565439,11.9003178694158
2025-09-06 07:47:00+02:00,1.6449803985336064,2.723618780580937,4.1499259375069855,11.95495704467354
2025-09-06 07:48:00+02:00,1.6449803985336064,2.723618780580937,4.953284234448532,12.10125
2025-09-06 07:49:00+02:00,1.6449803985336064,2.723618780580937,5.756642531390078,12.325096153846154
2025-09-06 07:50:00+02:00,1.6449803985336064,2.723618780580937,6.560000828331621,12.548942307692307
2025-09-06 07:51:00+02:00,1.6449803985336064,2.723618780580937,7.363359125273167,12.77278846153846
2025-09-06 07:52:00+02:00,1.6449803985336064,2.723618780580937,8.16671742221471,13.253964216163585
2025-09-06 07:53:00+02:00,2.9176575333565467,2.723618780580937,8.970075719156263,14.491736701943696
2025-09-06 07:54:00+02:00,7.3913104921281025,2.8608524816912717,9.780478715760548,16.025545147020555
2025-09-06 07:55:00+02:00,9.512439050166346,5.072736840763689,11.04174249077908,17.471832090265824
2025-09-06 07:56:00+02:00,9.512439050166346,7.9788622760413155,12.569698467314955,18.63457831325301
2025-09-06 07:57:00+02:00,9.512439050166346,10.884987711318942,14.097654443850832,19.61113534495123
2025-09-06 07:58:00+02:00,9.512439050166346,13.791113146596572,15.625610420386716,20.45389377934272
2025-09-06 07:59:00+02:00,9.512439050166346,16.6972385818742,17.153566396922617,21.572887323943657
2025-09-06 08:00:00+02:00,9.512439050166346,17.786453063458207,17.485673666736698,22.233411098502557
2025-09-06 08:01:00+02:00,9.512439050166346,16.994716971576366,16.682315369795155,21.821943127962097
2025-09-06 08:02:00+02:00,9.512439050166346,16.20077548668094,15.87895707285361,21.395402843601897
2025-09-06 08:03:00+02:00,9.512439050166346,15.406834001785512,15.07559877591206,20.899412848867826
2025-09-06 08:04:00+02:00,9.512439050166346,14.612892516890074,14.272240478970517,19.28941919191919
2025-09-06 08:05:00+02:00,9.512439050166346,13.81895103199465,13.46888218202897,17.75403759820426
2025-09-06 08:06:00+02:00,9.512439050166346,13.025009547099216,12.66552388508742,16.828749999999996
2025-09-06 08:07:00+02:00,9.512439050166346,12.23106806220378,11.86216558814588,16.35165895061728
2025-09-06 08:08:00+02:00,9.512439050166346,11.437126577308348,11.058807291204324,16.57799999999999
2025-09-06 08:09:00+02:00,9.512439050166346,9.276842212517668,9.502970056127513,16.817999999999987
2025-09-06 08:10:00+02:00,9.512439050166346,4.347812344349244,3.506429946445639,17.05799999999998
2025-09-06 08:11:00+02:00,9.512439050166346,6.537736250553703,5.777326009930743,17.297999999999977
2025-09-06 08:12:00+02:00,9.512439050166346,8.727660156758162,8.10346794435851,17.537999999999986
2025-09-06 08:13:00+02:00,9.512439050166346,10.917584062962623,10.42960987878628,17.966740740740736
2025-09-06 08:14:00+02:00,9.94775052751714,13.107507969167097,12.755751813214044,19.02753891572732
2025-09-06 08:15:00+02:00,11.758009232110089,15.297431875371572,15.08189374764181,20.14673913043478
2025-09-06 08:16:00+02:00,13.669132791211148,17.458329850491662,17.336257269792196,21.28520652173913
2025-09-06 08:17:00+02:00,15.580256350312204,18.69039803091124,18.50550008869036,22.444055555555558
2025-09-06 08:18:00+02:00,17.491379909413283,19.487077245064956,19.311628586655857,23.471666666666664
2025-09-06 08:19:00+02:00,19.402503468514382,20.283756459218665,20.11775708462136,24.230233494363933
2025-09-06 08:20:00+02:00,21.313627027615475,21.080435673372374,20.923885582586863,24.686062801932376
2025-09-06 08:21:00+02:00,23.22475058671654,21.877114887526083,21.730014080552365,25.14113526570049
2025-09-06 08:22:00+02:00,25.02892529257943,22.67379410167979,22.53614257851785,25.703826949620435
2025-09-06 08:23:00+02:00,26.011121669269016,23.470473315833463,23.342271076483307,26.880201542588864
2025-09-06 08:24:00+02:00,26.822199880777543,24.267152529987136,24.14839957444877,27.431443661971823
2025-09-06 08:25:00+02:00,27.633278092286083,25.063831744140806,24.954528072414234,27.74834507042252
2025-09-06 08:26:00+02:00,28.4443563037946,26.145434427245284,26.15698998687456,28.06524647887323
2025-09-06 08:27:00+02:00,29.25543451530313,28.69235780781104,28.768042286985533,28.38214788732394
2025-09-06 08:28:00+02:00,30.06651272681165,31.44279795191308,31.502279297628696,29.009924882629107
2025-09-06 08:29:00+02:00,30.877590938320186,32.71138864156594,32.550119682267976,31.39367567567568
2025-09-06 08:30:00+02:00,31.688669149828705,29.6500291768263,29.417950639307733,33.0350731981982
2025-09-06 08:31:00+02:00,32.499747361337235,26.3016672622673,26.09016039859612,32.24152777777777
2025-09-06 08:32:00+02:00,31.055786432802293,22.95330534770828,22.762370157884497,30.36108950617284
2025-09-06 08:33:00+02:00,22.25146978079024,19.609593935808377,19.434579917172904,26.65548560020122
2025-09-06 08:34:00+02:00,13.002854218159818,18.12608358755236,17.853879552834904,21.594146776825784
2025-09-06 08:35:00+02:00,10.6986936475529,18.12608358755236,17.853879552834904,19.026897974493625
2025-09-06 08:36:00+02:00,12.33490688532746,18.12608358755236,17.853879552834904,19.535806451612903
2025-09-06 08:37:00+02:00,13.971120123102018,18.12608358755236,17.853879552834904,20.182403560830853
2025-09-06 08:38:00+02:00,15.607333360876584,18.12608358755236,17.853879552834904,20.449465875370905
2025-09-06 08:39:00+02:00,17.243546598651164,18.12608358755236,17.853879552834904,20.716528189910967
2025-09-06 08:40:00+02:00,18.87975983642573,18.12608358755236,17.853879552834904,20.98359050445103
2025-09-06 08:41:00+02:00,20.515973074200296,18.12608358755236,17.853879552834904,21.25065281899109
2025-09-06 08:42:00+02:00,22.152186311974862,18.12608358755236,17.853879552834904,21.63616088876022
2025-09-06 08:43:00+02:00,23.78839954974947,18.94288096367963,18.521467794919516,23.57425685975609
2025-09-06 08:44:00+02:00,25.272449884764164,26.037349602042227,25.64645503316794,26.90190025252525
2025-09-06 08:45:00+02:00,26.14784860873918,33.033943382403365,32.77144227141634,31.006154714850368
2025-09-06 08:46:00+02:00,26.960322824054096,34.41153452354415,33.43903051350094,33.09379407979407
2025-09-06 08:47:00+02:00,27.772797039369003,35.20821373769786,33.43903051350094,32.554932432432416
2025-09-06 08:48:00+02:00,28.58527125468392,36.00489295185157,33.43903051350094,31.860168918918912
2025-09-06 08:49:00+02:00,29.397745469998824,36.80157216600528,33.43903051350094,29.52019500145307
2025-09-06 08:50:00+02:00,30.21021968531374,37.59825138015899,33.43903051350094,27.48997260132341
2025-09-06 08:51:00+02:00,31.02269390062865,38.39493059431269,33.43903051350094,28.241524390243907
2025-09-06 08:52:00+02:00,31.83516811594356,39.19160980846636,33.43903051350094,30.483002636783123
2025-09-06 08:53:00+02:00,32.64764233125847,39.98828902262003,33.43903051350094,33.12263090676884
2025-09-06 08:54:00+02:00,33.63166208783611,40.78496823677369,33.43903051350094,34.560287356321844
2025-09-06 08:55:00+02:00,34.84403792206868,41.7895631430991,34.574113425933014,33.91103448275862
2025-09-06 08:56:00+02:00,36.05752768838735,43.054867381301285,37.13249779596017,32.99826149425287
2025-09-06 08:57:00+02:00,37.271017454706026,44.3208233928332,39.69444041963131,30.39586206896552
2025-09-06 08:58:00+02:00,38.48450722102471,45.5867794043651,42.25638304330245,29.02343251761216
2025-09-06 08:59:00+02:00,39.69799698734339,46.852735415896994,44.81832566697359,31.02778972520908
2025-09-06 09:00:00+02:00,40.74168969620136,48.118691427428914,47.38026829064469,37.86997222222222
2025-09-06 09:01:00+02:00,40.28609819181915,48.34111286556613,48.414830537634096,43.437697344322345
2025-09-06 09:02:00+02:00,39.47501998031062,46.47624537288418,46.54029803981087,43.64415384615385
2025-09-06 09:03:00+02:00,38.6639417688021,44.55093727201277,44.59215416972764,41.46020526960785
2025-09-06 09:04:00+02:00,37.85286355729357,42.62562917114135,42.64401029964439,39.70475260416666
2025-09-06 09:05:00+02:00,37.04178534578504,40.70032107026991,40.69586642956112,39.24376953124999
2025-09-06 09:06:00+02:00,36.230707134276514,38.77501296939847,38.74772255947785,38.87580078124997
2025-09-06 09:07:00+02:00,35.419628922767984,36.84970486852702,36.79957868939458,38.50783203124997
2025-09-06 09:08:00+02:00,34.60855071125946,34.92439676765558,34.85143481931131,37.96576612285539
2025-09-06 09:09:00+02:00,33.79747249975093,34.746895901076186,34.67182864354931,36.87988922841863
2025-09-06 09:10:00+02:00,34.23454731220956,37.85717212475884,37.81899535244672,37.42305194805194
2025-09-06 09:11:00+02:00,37.97221005655607,41.0438889813736,41.043509344308646,38.08327662337663
2025-09-06 09:12:00+02:00,41.8842060711801,44.23060583798838,44.268023336170586,39.66590769230769
2025-09-06 09:13:00+02:00,45.79620208580413,47.41732269460318,47.49253732803254,41.44839743589744
2025-09-06 09:14:00+02:00,49.70819810042812,51.32105084395628,51.4788427504719,43.42524132730015
2025-09-06 09:15:00+02:00,53.62019411505209,55.87350349626308,56.154388038671726,46.08511859582543
2025-09-06 09:16:00+02:00,56.03997814225326,60.42595614856992,60.82993332687151,49.48392473118279
2025-09-06 09:17:00+02:00,53.74210155388319,63.43606003895012,63.66881186644282,52.93275793650793
2025-09-06 09:18:00+02:00,51.09757763736799,60.206657269046005,60.29094685614852,55.28174783549783
2025-09-06 09:19:00+02:00,48.45305372085279,56.30729909006591,56.39465911598201,54.65564285714285
2025-09-06 09:20:00+02:00,45.80852980433759,52.4079409110858,52.49837137581548,51.52942606516291
2025-09-06 09:21:00+02:00,43.16400588782238,48.87397304056106,48.965659053785615,46.45173902894491
2025-09-06 09:22:00+02:00,40.67476909987682,46.80156640385776,46.88724840430247,42.92613924050633
2025-09-06 09:23:00+02:00,38.67601238875503,44.880261022530746,44.95918849164276,41.69891637897968
2025-09-06 09:24:00+02:00,36.71323684157012,42.958955641203744,43.03112857898305,42.28732323232322
2025-09-06 09:25:00+02:00,34.750461294385246,41.03765025987676,41.10306866632334,43.90081470672345
2025-09-06 09:26:00+02:00,32.78768574720038,39.116344878549775,39.17500875366363,43.7978488372093
2025-09-06 09:27:00+02:00,30.824910200015506,37.19503949722278,37.24694884100392,40.71351155869324
2025-09-06 09:28:00+02:00,28.862134652830637,35.273734115895806,35.318888928344194,37.64422077922078
2025-09-06 09:29:00+02:00,26.89935910564576,33.54995573507188,33.545094585204914,35.40152867965368
2025-09-06 09:30:00+02:00,27.039557359016108,32.6633155944752,32.612748803086305,31.717223118279566
2025-09-06 09:31:00+02:00,32.85937803585569,31.87073593030855,31.8066203051208,31.719265704584043
2025-09-06 09:32:00+02:00,38.88215604151849,31.078156266141896,31.0004918071553,35.88411306042885
2025-09-06 09:33:00+02:00,38.98731092717615,30.28557660197525,30.1943633091898,37.70187969924812
2025-09-06 09:34:00+02:00,35.615542933619274,29.49299693780864,29.3882348112243,38.37857142857143
2025-09-06 09:35:00+02:00,32.2437749400624,28.70041727364203,28.58210631325881,37.83808673469388
2025-09-06 09:36:00+02:00,28.872006946505508,27.907837609475425,27.775977815293352,34.98890884652981
2025-09-06 09:37:00+02:00,25.804634674589146,27.11525794530881,26.96984931732789,30.983354978354978
2025-09-06 09:38:00+02:00,25.247356353431822,26.32267828114221,26.16372081936243,28.06700564971751
2025-09-06 09:39:00+02:00,25.247356353431822,25.265339064994254,25.088219887455097,27.54204724409449
2025-09-06 09:40:00+02:00,25.247356353431822,23.784384565676127,23.55732706722339,28.25070866141733
2025-09-06 09:41:00+02:00,25.247356353431822,22.29861625632197,22.019318748736616,28.422047244094497
2025-09-06 09:42:00+02:00,25.247356353431822,20.812847946967807,20.481310430249827,27.716000000000008
2025-09-06 09:43:00+02:00,25.247356353431822,19.327079637613643,18.94330211176305,26.437319515306125
2025-09-06 09:44:00+02:00,25.247356353431822,19.825030516586885,19.915237924140094,24.52926779313876
2025-09-06 09:45:00+02:00,25.247356353431822,25.057192750689488,25.15941906564709,25.155967741935488
2025-09-06 09:46:00+02:00,25.247356353431822,30.493356800208826,30.472538711328696,27.211792114695346
2025-09-06 09:47:00+02:00,24.72561962179722,31.93896205278289,31.80819795559033,30.07137387387387
2025-09-06 09:48:00+02:00,22.812584939137047,27.68993964211368,27.447569177207143,29.433756127450977
2025-09-06 09:49:00+02:00,20.825016437671927,23.39157737040072,23.03667739588656,27.59751436781609
2025-09-06 09:50:00+02:00,18.837447936206807,19.171693550665346,18.74163249586845,24.404525041050903
2025-09-06 09:51:00+02:00,16.849879434741695,16.41674083451139,16.0257635041312,23.38022471910112
2025-09-06 09:52:00+02:00,14.86231093327658,14.21113728220046,13.809865263278208,24.12848732773353
2025-09-06 09:53:00+02:00,12.87474243181147,12.005533729889509,11.593967022425224,23.43436893203884
2025-09-06 09:54:00+02:00,10.887173930346371,9.799930177578563,9.37806878157225,21.72206373606616
2025-09-06 09:55:00+02:00,9.548325703665022,7.5943266252676125,7.162170540719252,18.29398809523809
2025-09-06 09:56:00+02:00,9.512439050166346,5.388723072956665,4.946272299866244,16.164494047619048
2025-09-06 09:57:00+02:00,9.512439050166346,3.2750196686586754,2.8227031523821147,14.626009615384618
2025-09-06 09:58:00+02:00,9.512439050166346,2.723618780580937,2.2687285921688662,13.88469137136272
2025-09-06 09:59:00+02:00,9.512439050166346,2.723618780580937,2.2687285921688662,14.476207865168549
2025-09-06 10:00:00+02:00,9.512439050166346,2.723618780580937,2.2687285921688662,15.10654494382023
2025-09-06 10:01:00+02:00,9.512439050166346,2.723618780580937,2.2687285921688662,15.39989014612017
2025-09-06 10:02:00+02:00,9.512439050166346,2.723618780580937,2.2687285921688662,15.142830985915497
2025-09-06 10:03:00+02:00,9.512439050166346,2.723618780580937,2.2687285921688662,14.87747887323944
2025-09-06 10:04:00+02:00,9.52708351787414,2.723618780580937,2.2687285921688662,14.612126760563385
2025-09-06 10:05:00+02:00,10.073434813126408,2.723618780580937,2.2687285921688662,14.34677464788733
2025-09-06 10:06:00+02:00,10.88451302463494,2.723618780580937,2.2687285921688662,14.081422535211273
2025-09-06 10:07:00+02:00,11.69559123614346,3.334827701492504,2.8871869636238685,14.106595201916898
2025-09-06 10:08:00+02:00,12.506669447651989,5.677795231653505,5.257944054201381,14.496535269709549
2025-09-06 10:09:00+02:00,13.31774765916052,8.12263091529977,7.731777540021394,14.88740663900415
2025-09-06 10:10:00+02:00,14.12882587066904,10.56746659894603,10.2056110258414,15.278278008298756
2025-09-06 10:11:00+02:00,14.93990408217757,13.012302282592293,12.679444511661412,16.113546511627906
2025-09-06 10:12:00+02:00,15.750982293686096,15.457137966238552,15.153277997481418,17.564753796867585
2025-09-06 10:13:00+02:00,16.562060505194633,18.138307765970605,17.866248720264018,19.751498144712432
2025-09-06 10:14:00+02:00,17.979319546693276,22.922851198866304,22.707540852013743,22.46125
2025-09-06 10:15:00+02:00,23.16320774311016,28.20369627554222,28.051021181384947,24.90665071321321
2025-09-06 10:16:00+02:00,29.259239242012747,33.59588802972972,33.507168853271445,30.14420022295022
2025-09-06 10:17:00+02:00,35.51152426317783,39.67919709260971,39.66263106490787,34.051048741048746
2025-09-06 10:18:00+02:00,42.84276263695371,45.881531914208935,45.938530780612304,37.77380235042735
2025-09-06 10:19:00+02:00,54.68171473904617,56.63224560498091,56.81675695449998,45.703755341880345
2025-09-06 10:20:00+02:00,74.68723793672795,77.1396940127478,76.79567488921346,59.501488095238095
2025-09-06 10:21:00+02:00,98.40993916398004,100.2447366516472,101.72522808574573,75.57875
2025-09-06 10:22:00+02:00,118.89885532501516,120.79518143596798,122.5347724460252,88.96228703703703
2025-09-06 10:23:00+02:00,132.3830312018509,136.00384013844578,138.19811767080057,99.56065962098168
2025-09-06 10:24:00+02:00,123.8049273146708,131.3498407196118,131.20570294607194,97.4146852300242
2025-09-06 10:25:00+02:00,123.09887333311404,129.5489142252571,130.81143573426937,89.28099404761905
2025-09-06 10:26:00+02:00,127.63779178597912,133.7495864453402,134.98602974159067,87.74137387387385
2025-09-06 10:27:00+02:00,132.17671023884415,137.95025866542332,139.16062374891192,91.26433652402402
2025-09-06 10:28:00+02:00,134.63976887700218,140.6408771692002,141.8343518155057,104.44716132478634
2025-09-06 10:29:00+02:00,132.21411311838824,138.30644326093915,139.5134763376258,105.85503418803415
2025-09-06 10:30:00+02:00,129.5843219256419,135.56416466029137,136.78721086345672,105.35433333333332
2025-09-06 10:31:00+02:00,126.95453073289562,132.82188605964362,134.06094538928775,107.0321875
2025-09-06 10:32:00+02:00,124.32473954014932,130.07960745899584,131.33467991511884,106.0003125
2025-09-06 10:33:00+02:00,121.69494834740306,127.33732885834824,128.60841444094993,101.24004301619432
2025-09-06 10:34:00+02:00,115.24956920590844,117.691485318028,119.95666525536652,91.98364886039884
2025-09-06 10:35:00+02:00,100.3800964275374,102.83964002589518,104.66975567879854,81.98826388888888
2025-09-06 10:36:00+02:00,90.21398887187968,96.298321427805,96.9315581934645,75.0270596995597
2025-09-06 10:37:00+02:00,90.96249014637532,98.49725838152015,99.04748858985307,74.52333333333334
2025-09-06 10:38:00+02:00,93.58497636358624,100.72412076325098,101.3678584599274,74.46850649350648
2025-09-06 10:39:00+02:00,96.20746258079711,102.95098314498183,103.6882283300017,72.23788741451784
2025-09-06 10:40:00+02:00,98.82994879800803,105.17784552671266,106.0085982000761,70.91214285714288
2025-09-06 10:41:00+02:00,101.45243501521894,107.40470790844344,108.32896807015048,73.54227002164502
2025-09-06 10:42:00+02:00,104.99003504155873,109.66118681006589,110.77798695434572,82.16737001424501
2025-09-06 10:43:00+02:00,112.923449615321,116.0639784965272,117.89795465892846,88.36929050925926
2025-09-06 10:44:00+02:00,123.59381122638064,124.05389907316268,125.31664394197284,97.16632264957263
2025-09-06 10:45:00+02:00,130.3136905284181,120.06758214332255,120.97562840924188,102.97461013645226
2025-09-06 10:46:00+02:00,115.64325051990248,113.23090167155247,114.74156802497546,92.9728313840156
2025-09-06 10:47:00+02:00,105.15841822842616,107.34661126202606,108.84365795554692,86.75592505720824
2025-09-06 10:48:00+02:00,98.21417874994724,102.09577098692218,103.34301644001776,84.43914402173912
2025-09-06 10:49:00+02:00,92.04362294474512,96.66844413590506,97.76250449844238,81.0791087962963
2025-09-06 10:50:00+02:00,82.01277570250015,84.60206466254252,85.69859753824767,70.9439227582846
2025-09-06 10:51:00+02:00,75.2837489923941,83.54880787794812,83.82337883977175,63.59108894328846
2025-09-06 10:52:00+02:00,80.88489328503817,88.07894458588089,88.40724676937941,62.76056489629164
2025-09-06 10:53:00+02:00,86.8777910464128,92.60908129381365,92.99111469898708,68.94944444444444
2025-09-06 10:54:00+02:00,103.513193162475,105.33107693269692,105.68557910483771,82.22810185185186
2025-09-06 10:55:00+02:00,118.22387689186012,122.41885464966074,123.38664683211036,93.42980555555556
2025-09-06 10:56:00+02:00,116.2084610887052,123.20969367328294,124.24579627872497,96.49576388888887
2025-09-06 10:57:00+02:00,113.143217458199,119.68241165641916,120.7565833770834,95.86983333333332
2025-09-06 10:58:00+02:00,110.07797382769272,116.15512963955548,117.26737047544168,94.54411111111112
2025-09-06 10:59:00+02:00,107.0127301971864,112.62784762269186,113.77815757379996,90.05888541666667
2025-09-06 11:00:00+02:00,102.56282170359178,104.94952526171772,106.93941431314772,83.10336805555555
2025-09-06 11:01:00+02:00,89.43907258015837,91.00648454444824,93.06997694293732,73.52557407407407
2025-09-06 11:02:00+02:00,74.3364755750412,76.32294006788834,78.00698534289366,63.79735576923077
2025-09-06 11:03:00+02:00,61.448600749284,66.48691303411067,66.95838239047293,55.50110735735735
2025-09-06 11:04:00+02:00,62.70183899411076,70.37286552488433,70.81770300982359,53.44241068185121
2025-09-06 11:05:00+02:00,70.7546265654088,75.23680177971741,75.9556648649882,58.29082375841751
2025-09-06 11:06:00+02:00,78.52860071774136,80.50906848557358,81.61376606845347,63.53443540669857
2025-09-06 11:07:00+02:00,86.24254798104953,87.62053789519722,88.91474643301456,68.41284151034151
2025-09-06 11:08:00+02:00,94.8556333759729,95.48012897364642,97.01769639235556,73.2773139287613
2025-09-06 11:09:00+02:00,104.91297404941685,106.97860024274506,108.40962988105272,80.49355911680912
2025-09-06 11:10:00+02:00,120.78749809874674,122.39125747545933,123.84170109167752,91.7984837962963
2025-09-06 11:11:00+02:00,132.51044846361427,124.20661284467798,125.1397140973312,97.95618055555556
2025-09-06 11:12:00+02:00,124.89423119812125,122.10149236992116,123.07088874857018,95.82234953703704
2025-09-06 11:13:00+02:00,118.0833684426982,119.99637189516432,121.0020633998092,92.34009377758164
2025-09-06 11:14:00+02:00,115.34686108560854,117.89125142040734,118.9332380510483,91.55177184466017
2025-09-06 11:15:00+02:00,112.61035372851887,115.78613094565036,116.86441270228732,91.09449029126208
2025-09-06 11:16:00+02:00,109.8738463714292,113.6810104708934,114.79558735352634,90.63720873786406
2025-09-06 11:17:00+02:00,107.13733901433952,111.57588999613642,112.72676200476542,89.0047997997998
2025-09-06 11:18:00+02:00,104.4327815989285,109.4143132528518,110.60022926635376,85.23744658119658
2025-09-06 11:19:00+02:00,102.16375233587289,107.19813126623728,108.37050213703738,81.27521781086297
2025-09-06 11:20:00+02:00,100.03261229479854,104.98194927962268,106.13873827632152,79.12947470172338
2025-09-06 11:21:00+02:00,97.9014722537242,102.76576729300812,103.9069744156056,78.78160958904115
2025-09-06 11:22:00+02:00,95.77033221264983,100.54958530639352,101.67521055488967,78.47339041095898
2025-09-06 11:23:00+02:00,93.6391921715755,98.33340331977892,99.44344669417372,78.16517123287676
2025-09-06 11:24:00+02:00,91.50805213050116,96.11261350301912,97.21168283345784,77.85695205479453
2025-09-06 11:25:00+02:00,89.37691208942685,92.04869162819668,93.60915318320276,76.53327272727273
2025-09-06 11:26:00+02:00,85.18072971598625,86.51487193706923,87.6892534434626,73.0018765873016
2025-09-06 11:27:00+02:00,78.3951525684185,80.94956672011294,81.73090324980922,68.48088421052631
2025-09-06 11:28:00+02:00,73.4005941220364,74.79653168768519,75.72003682937236,63.38483913043478
2025-09-06 11:29:00+02:00,74.75671736320153,68.42309797445564,69.68707516717906,59.003412698412696
2025-09-06 11:30:00+02:00,76.66398006662772,65.60882534747589,65.75426911027056,56.53999084249083
2025-09-06 11:31:00+02:00,78.5712427700539,68.31053235414738,68.22644691012785,55.45350596212297
2025-09-06 11:32:00+02:00,80.47850547347997,71.06918276733634,71.13955923922431,55.4195744680851
2025-09-06 11:33:00+02:00,82.38576817690601,73.8278331805252,74.05267156832075,56.05787234042552
2025-09-06 11:34:00+02:00,84.29303088033213,76.58648359371409,76.96578389741717,57.44852504432624
2025-09-06 11:35:00+02:00,86.20029358375821,79.91626388147597,80.62166332468884,62.24652777777777
2025-09-06 11:36:00+02:00,89.37669253884224,89.77679012631185,91.47606375603684,69.92032814407814
2025-09-06 11:37:00+02:00,101.61311827554267,103.08412359425982,104.8327735171402,79.17249465811966
2025-09-06 11:38:00+02:00,114.65383549938326,116.36616360637647,117.99900498252006,88.21763162878788
2025-09-06 11:39:00+02:00,126.74728587140972,128.49326377129728,130.63561386954655,96.36704586732712
2025-09-06 11:40:00+02:00,138.62323771031444,141.26512892219571,143.22049394826365,105.4276208097458
2025-09-06 11:41:00+02:00,150.83339039999916,153.00822577596725,155.3057173833434,113.91384615384614
2025-09-06 11:42:00+02:00,161.8879313260418,165.17799421086744,163.0886588070952,123.42031342409602
2025-09-06 11:43:00+02:00,173.25392223727272,177.66647918949283,169.36455852279957,132.81062500000002
2025-09-06 11:44:00+02:00,185.33801540596204,189.4648110508785,188.0663788816084,140.53596590909092
2025-09-06 11:45:00+02:00,197.9722020020629,199.3165555249926,201.72274272942883,146.12932043650792
2025-09-06 11:46:00+02:00,209.09268323583825,209.83176163146464,212.57549780544213,153.23215277777777
2025-09-06 11:47:00+02:00,215.44848510709363,218.6269893282223,221.0520795339231,161.16910515873016
2025-09-06 11:48:00+02:00,218.00009331843407,221.5381293459123,223.8632341526248,165.64315891472867
2025-09-06 11:49:00+02:00,220.55170152977448,224.1340503807952,226.4973441741459,162.50091246770026
2025-09-06 11:50:00+02:00,223.10330974111488,226.72997141567797,229.13145419566695,160.41457446808514
2025-09-06 11:51:00+02:00,225.65491795245504,229.3258924505608,231.76556421718792,161.4560227696902
2025-09-06 11:52:00+02:00,228.2065261637954,231.92181348544364,234.39967423870888,164.2907906920078
2025-09-06 11:53:00+02:00,246.0648303929332,247.5900174798708,251.454113883447,186.32503968253968
2025-09-06 11:54:00+02:00,297.8359567227345,298.4685153309085,302.64932117007714,228.06935714285717
2025-09-06 11:55:00+02:00,296.5224064415039,298.58447250723464,301.63874024084964,227.4146111111111
2025-09-06 11:56:00+02:00,270.1994894328275,271.8527081497052,274.58991473283885,201.45599603174605
2025-09-06 11:57:00+02:00,231.54180042218672,232.81877350247493,236.4905958536388,171.27692460317462
2025-09-06 11:58:00+02:00,196.54721945942825,198.60589111738884,201.9543551961497,148.0257242063492
2025-09-06 11:59:00+02:00,175.15990775585283,177.57659994154062,180.75412788943285,134.3493304843305
2025-09-06 12:00:00+02:00,158.14292020002813,160.24882703369778,163.38332846931613,122.85043287037035
2025-09-06 12:01:00+02:00,142.06777376941224,145.1143738657681,147.70566508859724,111.56545548433049
2025-09-06 12:02:00+02:00,139.13592948519965,145.95851936832813,146.67081165509978,104.4054544595616
2025-09-06 12:03:00+02:00,144.82324899240402,150.77178962050672,151.8948846028091,104.23654620181408
2025-09-06 12:04:00+02:00,152.32981957461269,156.565540849981,158.5077440213908,115.26198743386242
2025-09-06 12:05:00+02:00,178.81304666646463,181.8369705704906,185.49045701555448,140.0872222222222
2025-09-06 12:06:00+02:00,205.7181162011628,207.6606253794358,212.19205361514,158.3130736714976
2025-09-06 12:07:00+02:00,243.8441751524084,245.42374908248183,250.265899993516,193.022662037037
2025-09-06 12:08:00+02:00,247.6553793807331,249.64771620773013,253.0268667279878,196.81446794871795
2025-09-06 12:09:00+02:00,226.12980059178776,229.48212843877135,232.09240691287275,171.68081196581196
2025-09-06 12:10:00+02:00,219.1365040125587,222.6365885245619,225.21660501846125,172.74709307992202
2025-09-06 12:11:00+02:00,209.183544416763,212.10257255290685,215.32276076953443,161.9134074074074
2025-09-06 12:12:00+02:00,190.5037303481539,193.7946044158647,196.7927998806008,146.30716666666666
2025-09-06 12:13:00+02:00,188.95605846282305,193.91254746408603,195.5125189920552,138.09431597222223
2025-09-06 12:14:00+02:00,196.65839761189065,200.6571612657281,202.50566859321677,146.77376273148147
2025-09-06 12:15:00+02:00,201.8645183986502,193.4221486380524,195.6180532694048,147.81261616161615
2025-09-06 12:16:00+02:00,206.2353287606684,193.8995824263697,195.7313423028856,143.71030555555552
2025-09-06 12:17:00+02:00,210.60613912268653,203.42153829314876,206.4547603324736,149.35826785714286
2025-09-06 12:18:00+02:00,220.86211708391625,222.61645458363765,225.9495685496105,164.48023148148147
2025-09-06 12:19:00+02:00,252.1596573785145,253.2278238109689,257.4437876777592,189.64763888888888
2025-09-06 12:20:00+02:00,312.6593577301421,315.65239947195346,318.9091071376054,243.7509477124183
2025-09-06 12:21:00+02:00,335.48123183468,337.20770074943465,340.7200723709185,254.81435151143796
2025-09-06 12:22:00+02:00,331.19119930626965,332.63585802101613,337.09397996844496,264.1722398589065
2025-09-06 12:23:00+02:00,301.7721992705551,302.5754155161642,306.96036056656226,235.78939407814408
2025-09-06 12:24:00+02:00,276.8720225106176,278.4376122002457,282.6687107148123,218.0665211640212
2025-09-06 12:25:00+02:00,245.7335957663112,247.6702548660032,251.1301575785306,189.6128125
2025-09-06 12:26:00+02:00,240.2358814880648,244.6909114578176,247.03576153243768,188.9884375
2025-09-06 12:27:00+02:00,227.86824477214037,231.76132136864115,234.9187782067423,183.54382275132275
2025-09-06 12:28:00+02:00,205.1126812726798,208.26999370989023,210.71494155907465,165.04644973544973
2025-09-06 12:29:00+02:00,195.2778668473942,199.44852726586612,201.3762474623444,157.32219025875193
2025-09-06 12:30:00+02:00,190.96693059992424,195.10980478502916,197.0470388621594,156.603493150685
2025-09-06 12:31:00+02:00,186.65599435245423,190.7710823041921,192.71783026197443,155.56278662480975
2025-09-06 12:32:00+02:00,180.75627544694228,183.6540983256828,185.8743505132205,148.6488653846154
2025-09-06 12:33:00+02:00,166.54980811953735,169.0414105531855,170.99368706926953,136.848544973545
2025-09-06 12:34:00+02:00,146.9600712105827,148.73875410544628,151.07261061099035,120.51007936507936
2025-09-06 12:35:00+02:00,128.1046136471892,130.157347878047,132.89880980546073,107.80109788359788
2025-09-06 12:36:00+02:00,108.73810336866411,111.66532871986266,113.9645817628532,91.35620634920636
2025-09-06 12:37:00+02:00,99.62673571400292,104.57127808111682,105.90998248059805,83.89526133040935
2025-09-06 12:38:00+02:00,94.5235192913222,99.10294738041694,100.40934096506886,82.26749999999998
2025-09-06 12:39:00+02:00,90.35189941904171,96.50889968868434,97.06473793582428,80.16877214452215
2025-09-06 12:40:00+02:00,99.20613665971656,99.71979770185534,100.1777167295348,82.49980814143395
2025-09-06 12:41:00+02:00,102.59466989430042,103.09260021433084,103.71979649332256,85.62165605095544
2025-09-06 12:42:00+02:00,100.28636906741558,106.46540272680627,107.26187625711032,86.30955414012742
2025-09-06 12:43:00+02:00,97.97806824053066,109.60975818935007,110.45880002613784,89.1806574368955
2025-09-06 12:44:00+02:00,95.66976741364572,107.55180962437504,108.21312145589646,94.60117389060888
2025-09-06 12:45:00+02:00,93.36146658676078,103.33195625260208,104.05708119971884,92.5994012605042
2025-09-06 12:46:00+02:00,91.05316575987584,99.11210288082908,99.90104094354125,89.34554868742369
2025-09-06 12:47:00+02:00,88.51921373036276,93.6817057135172,94.79065070261171,81.21260185185186
2025-09-06 12:48:00+02:00,81.30299924631505,83.01389054273307,84.35005436077147,70.51249515013495
2025-09-06 12:49:00+02:00,74.19351031017712,81.61118380257525,82.07399347070137,65.90057945041816
2025-09-06 12:50:00+02:00,76.84862927443478,83.79593058370597,84.60816435861456,66.41278103616814
2025-09-06 12:51:00+02:00,80.81541514920757,85.9806773648367,87.14233524652771,68.5360386119257
2025-09-06 12:52:00+02:00,84.78220102398035,88.16542414596744,89.67650613444088,70.44089887640448
2025-09-06 12:53:00+02:00,88.50436843647554,90.35017092709812,92.21067702235406,71.66617607924304
2025-09-06 12:54:00+02:00,91.35714861141632,92.5349177082288,94.74233904618228,73.90645263751595
2025-09-06 12:55:00+02:00,94.13389872375728,94.71567842989134,96.9227600981148,74.88375634517767
2025-09-06 12:56:00+02:00,96.91064883609825,96.83617931135976,98.8548036056354,75.3832487309645
2025-09-06 12:57:00+02:00,99.6873989484392,98.9365154214014,100.786847113156,75.8827411167513
2025-09-06 12:58:00+02:00,102.46414906078016,101.03685153144296,102.71889062067665,80.37967113095239
2025-09-06 12:59:00+02:00,105.59524564268114,103.13718764148447,104.65093412819722,85.22606462585034
2025-09-06 13:00:00+02:00,109.1179883225167,105.23752375152604,106.5829776357178,82.99691216931218
2025-09-06 13:01:00+02:00,112.64073100235224,107.33785986156757,108.51502114323836,80.1088362745098
2025-09-06 13:02:00+02:00,116.16347368218771,109.4381959716091,110.44706465075888,81.20214679759052
2025-09-06 13:03:00+02:00,122.81783099431829,122.1715348165165,123.52352605613125,94.92625
2025-09-06 13:04:00+02:00,145.29328022903292,147.05590384676296,148.67579383852217,114.21061507936508
2025-09-06 13:05:00+02:00,179.45906301251213,182.2455806643233,184.06982876509144,144.05631944444443
2025-09-06 13:06:00+02:00,187.69380280743235,192.4376947122702,194.23297261500684,149.06030753968255
2025-09-06 13:07:00+02:00,193.46953403946677,197.8469229441447,199.70635883149757,147.011
2025-09-06 13:08:00+02:00,212.90359988307475,213.4516117580096,216.7221927925308,170.52466865079364
2025-09-06 13:09:00+02:00,225.10228336271672,216.4139424076932,231.44375765750283,182.43165173237756
2025-09-06 13:10:00+02:00,215.12699900893264,214.14887405372687,219.98611919773265,172.08169312169312
2025-09-06 13:11:00+02:00,216.3122165509737,211.88380569976053,216.8553220431303,178.1333043345543
2025-09-06 13:12:00+02:00,217.98614392366147,209.61873734579413,214.06395172181692,178.9498901098901
2025-09-06 13:13:00+02:00,219.6600712963493,207.35366899182767,211.27258140050355,174.79550010442776
2025-09-06 13:14:00+02:00,221.33399866903704,205.0886006378612,208.48121107919025,170.91928205128204
2025-09-06 13:15:00+02:00,223.0079260417249,204.2857597435108,206.0283027767533,166.36111698717949
2025-09-06 13:16:00+02:00,224.68185341441264,209.1619485610773,210.20155202062335,166.976494047619
2025-09-06 13:17:00+02:00,226.35578078710043,214.59811261059664,216.9289553129972,170.5575920168067
2025-09-06 13:18:00+02:00,228.02970815978827,221.68760496242405,225.2888507630041,174.9087730994152
2025-09-06 13:19:00+02:00,232.40923689353937,233.34414493229923,237.0624158908985,184.66031415343917
2025-09-06 13:20:00+02:00,259.8546632538444,261.0828911984073,264.636683730002,209.489125
2025-09-06 13:21:00+02:00,275.05167642616016,277.9631503166854,280.81722527573936,227.671450094162
2025-09-06 13:22:00+02:00,269.7402037450539,272.5954640417539,275.6582516938521,227.7276490897677
2025-09-06 13:23:00+02:00,264.186703520372,266.9487595182675,270.4632013736301,219.75782407407405
2025-09-06 13:24:00+02:00,257.000209777242,258.9124882029196,263.37020090622565,210.26908653846155
2025-09-06 13:25:00+02:00,247.9230554156401,248.9789531077655,253.17618839410156,202.93560294117648
2025-09-06 13:26:00+02:00,236.53002882688472,238.43559375339296,242.1486123542275,194.99918091168087
2025-09-06 13:27:00+02:00,219.6510883633204,221.3457904694236,225.11693218173284,177.96753472222224
2025-09-06 13:28:00+02:00,204.56410873804813,202.18342645127512,206.0657337163985,162.9851666666667
2025-09-06 13:29:00+02:00,189.2114693137324,189.5877894498492,192.1200708656666,153.98132936507935
2025-09-06 13:30:00+02:00,178.78346660400695,182.5922798853056,184.55762617811865,153.228979958577
2025-09-06 13:31:00+02:00,172.99147250464546,176.9226609379541,178.82076079382438,150.67419468810917
2025-09-06 13:32:00+02:00,166.52222383998694,169.66128981665133,171.80935945694202,140.29543625356126
2025-09-06 13:33:00+02:00,154.81098804625063,156.74546164179466,159.41774714705073,130.9512678062678
2025-09-06 13:34:00+02:00,140.98425006014747,143.59462502999733,145.39401588366675,119.70538746438746
2025-09-06 13:35:00+02:00,136.9185673972692,143.41314106966925,144.56577957731773,112.79931643625191
2025-09-06 13:36:00+02:00,139.0740355210041,145.30688674265747,146.54694283502943,110.2096899641577
2025-09-06 13:37:00+02:00,141.2295036447391,147.20063241564569,148.52810609274115,110.17061904761904
2025-09-06 13:38:00+02:00,143.38497176847412,149.09437808863393,150.50926935045288,111.24622580645162
2025-09-06 13:39:00+02:00,145.54043989220912,150.98812376162218,152.49043260816464,114.13804883512545
2025-09-06 13:40:00+02:00,147.69590801594413,152.88186943461056,154.47159586587654,117.38016129032258
2025-09-06 13:41:00+02:00,149.8513761396791,154.77561510759895,156.45275912358838,120.66018631100084
2025-09-06 13:42:00+02:00,150.50812246387562,156.3352577882032,157.6892565726874,125.06621111111112
2025-09-06 13:43:00+02:00,148.75302129642543,155.02411034205215,156.0687234295172,129.39242702702705
2025-09-06 13:44:00+02:00,146.9615696110441,153.05364576120292,154.160337597599,129.86580645161288
2025-09-06 13:45:00+02:00,145.1701179256628,151.0831811803537,152.2519517656808,128.70736486486484
2025-09-06 13:46:00+02:00,143.37866624028146,149.11271659950447,150.34356593376248,126.26920884260056
2025-09-06 13:47:00+02:00,141.58721455490016,147.14225201865528,148.43518010184414,125.19006369426752
2025-09-06 13:48:00+02:00,139.79576286951885,145.17178743780607,146.52679426992577,124.5327388535032
2025-09-06 13:49:00+02:00,138.0043111841377,143.2013228569569,144.61840843800744,122.74110346527146
2025-09-06 13:50:00+02:00,136.21285949875653,139.67040955753606,141.77150891644848,118.45212703962704
2025-09-06 13:51:00+02:00,126.54913522664518,128.1572050280177,130.21352112033756,108.2449537037037
2025-09-06 13:52:00+02:00,108.99284726035184,114.05994096525228,115.09045130628444,86.69204761904763
2025-09-06 13:53:00+02:00,113.56343631538756,119.94647593855616,121.0405665382446,85.34240343915344
2025-09-06 13:54:00+02:00,118.18402563427048,124.55809734592572,125.51904524999094,104.84343915343916
2025-09-06 13:55:00+02:00,113.7169288910419,119.7548469121227,120.68884961988854,108.667882751938
2025-09-06 13:56:00+02:00,108.99645370006228,114.2539666239186,115.28359495144946,102.3347435897436
2025-09-06 13:57:00+02:00,103.86653642075837,106.96832075125042,108.45064801732484,93.6533173076923
2025-09-06 13:58:00+02:00,95.36029669004128,96.75952535203318,98.55677561777314,86.37328947368421
2025-09-06 13:59:00+02:00,87.23660651626184,90.89082067821892,92.0905959638798,81.88696575342466
2025-09-06 14:00:00+02:00,82.13196576654602,86.12717176884635,87.11661161473106,80.20827829419439
2025-09-06 14:01:00+02:00,77.18905980740503,81.26036637780949,82.09386271313967,76.06799198833573
2025-09-06 14:02:00+02:00,70.63342605651046,71.16696591578493,71.82892442396509,67.10701923076923
2025-09-06 14:03:00+02:00,58.91756110587558,58.062474479914,58.52471870361411,52.76726851851851
2025-09-06 14:04:00+02:00,60.3220131515136,50.98932766157397,51.07619897947279,45.162123263888894
2025-09-06 14:05:00+02:00,63.47952164046323,55.32954957653061,55.458051486134224,45.9596342737722
2025-09-06 14:06:00+02:00,66.63703012941282,59.92730026517879,60.25348255095452,48.44399990761272
2025-09-06 14:07:00+02:00,69.79453861836238,65.5183921519917,66.23001052618433,54.6892297979798
2025-09-06 14:08:00+02:00,73.50017282793384,76.08162088611944,77.00977821835147,64.57324705387207
2025-09-06 14:09:00+02:00,79.03992002574003,82.39928568831017,83.61093274401942,71.85544041647667
2025-09-06 14:10:00+02:00,84.72723953294441,86.249901890053,88.21738130382218,74.44307170542636
2025-09-06 14:11:00+02:00,87.6148291180228,90.10051809179588,92.82382986362498,78.02266741071428
2025-09-06 14:12:00+02:00,86.02002379753519,93.86972466087848,95.14796090971193,80.56883333333333
2025-09-06 14:13:00+02:00,84.36371671298089,93.83704196163524,93.285358104092,82.26415511551154
2025-09-06 14:14:00+02:00,82.70740962842656,91.6978107384447,91.32906300442684,83.19787997220773
2025-09-06 14:15:00+02:00,81.05110254387229,89.55857951525422,89.37276790476166,83.15776315789476
2025-09-06 14:16:00+02:00,79.39479545931806,87.41934829206377,87.41647280509648,82.51039473684214
2025-09-06 14:17:00+02:00,77.73848837476382,85.28011706887331,85.46017770543129,81.66279135338345
2025-09-06 14:18:00+02:00,76.0821812902096,83.14088584568286,83.50388260576611,79.52391046741276
2025-09-06 14:19:00+02:00,74.42587420565538,81.00165462249241,81.54758750610085,76.27589989143921
2025-09-06 14:20:00+02:00,72.84778162231619,79.74485627886803,80.22980539035413,70.32018079278812
2025-09-06 14:21:00+02:00,72.45210826322825,79.73594281543807,80.19448339549905,66.48100960855356
2025-09-06 14:22:00+02:00,72.45210826322825,79.73594281543807,80.19448339549905,68.82967147435896
2025-09-06 14:23:00+02:00,72.45210826322825,79.73594281543807,80.19448339549905,69.11998931623928
2025-09-06 14:24:00+02:00,72.45210826322825,79.73594281543807,80.19448339549905,69.3212713675213
2025-09-06 14:25:00+02:00,72.45210826322825,79.73594281543807,80.19448339549905,69.52255341880333
2025-09-06 14:26:00+02:00,72.45210826322825,79.73594281543807,80.19448339549905,69.72383547008535
2025-09-06 14:27:00+02:00,72.45210826322825,79.73594281543807,80.19448339549905,69.9251175213674
2025-09-06 14:28:00+02:00,72.45210826322825,79.73594281543807,80.19448339549905,70.1263995726495
2025-09-06 14:29:00+02:00,72.45210826322825,79.90708131329329,80.2726496618913,70.32768162393161
2025-09-06 14:30:00+02:00,73.84849702823668,82.98757427468759,83.18885267729365,71.30591262595524
2025-09-06 14:31:00+02:00,79.655430794918,87.09489822321329,87.51806127747864,72.71252688172042
2025-09-06 14:32:00+02:00,85.80825734642765,91.20222217173897,91.84726987766363,74.42959901433692
2025-09-06 14:33:00+02:00,94.36255762637748,96.6087524631376,97.630273528046,80.06511103479853
2025-09-06 14:34:00+02:00,105.75920161746608,108.83324135461432,109.7973132374538,89.89892094017095
2025-09-06 14:35:00+02:00,118.64968474007986,122.63442541436709,123.93373766771133,102.6704398148148
2025-09-06 14:36:00+02:00,118.7579151552694,125.34229765769268,126.29943729161732,109.07994565217392
2025-09-06 14:37:00+02:00,117.94683694376089,124.54971799352612,125.49469627815772,111.17359860248446
2025-09-06 14:38:00+02:00,117.13575873225231,123.75713832935956,124.68995526469814,111.880248015873
2025-09-06 14:39:00+02:00,116.3246805207438,122.96455866519298,123.88521425123852,111.18357142857144
2025-09-06 14:40:00+02:00,115.51360230923528,122.1719790010264,123.08047323777892,109.90829781105992
2025-09-06 14:41:00+02:00,114.70252409772677,121.37939933685983,122.27573222431944,107.58401785714284
2025-09-06 14:42:00+02:00,113.89144588621822,120.5868196726932,121.47099121086,105.81095547309832
2025-09-06 14:43:00+02:00,113.08036767470968,119.79424000852646,120.6662501974006,104.51378787878788
2025-09-06 14:44:00+02:00,112.26928946320118,119.00166034435976,119.86150918394117,102.58773737373735
2025-09-06 14:45:00+02:00,109.98982173960742,115.16315515422065,116.18376677441708,98.41904616013072
2025-09-06 14:46:00+02:00,105.7127177972937,112.7728222904434,113.26592303455304,95.82413793103446
2025-09-06 14:47:00+02:00,106.2457829697077,115.18574105915955,115.77291782715338,93.34445945945946
2025-09-06 14:48:00+02:00,109.6055517889103,117.59865982787576,118.27991261975384,92.4432380952381
2025-09-06 14:49:00+02:00,112.96532060811283,120.01157859659192,120.78690741235432,93.42690929705216
2025-09-06 14:50:00+02:00,116.32508942731542,122.42449736530811,123.2939022049548,95.71888274754347
2025-09-06 14:51:00+02:00,119.07369309269464,124.83741613402418,125.80089699755528,101.72542906746033
2025-09-06 14:52:00+02:00,117.84129279187874,124.704834949242,125.75940391244626,106.335843837535
2025-09-06 14:53:00+02:00,115.87851724469388,122.00264814100134,123.16187875233518,107.9888900560224
2025-09-06 14:54:00+02:00,113.91574169750908,119.30046133276068,120.56435359222412,106.55854779411766
2025-09-06 14:55:00+02:00,111.95296615032424,116.59827452452006,117.96682843211303,104.94306966726084
2025-09-06 14:56:00+02:00,109.99019060313924,113.89608771627954,115.36930327200211,102.18675757575755
2025-09-06 14:57:00+02:00,108.02741505595436,111.20116485107197,112.77177811189122,99.1642101042502
2025-09-06 14:58:00+02:00,106.0646395087694,108.656968803797,110.18409206223524,96.94455426356588
2025-09-06 14:59:00+02:00,104.0373863107591,106.17270028654352,107.6080340522078,94.5789537037037
2025-09-06 15:00:00+02:00,101.43628202040276,103.68843176929003,105.03197604218036,91.6151388888889
2025-09-06 15:01:00+02:00,98.69977466331312,101.20416325203658,102.45591803215292,89.23547297297297
2025-09-06 15:02:00+02:00,95.96326730622344,98.71989473478315,99.87986002212544,87.93542792792793
2025-09-06 15:03:00+02:00,93.22675994913378,96.23612592671424,97.30380201209802,86.64874155405404
2025-09-06 15:04:00+02:00,90.49025259204416,93.95224079244736,94.92935791719684,84.68302526595745
2025-09-06 15:05:00+02:00,88.17031557185634,91.82776288803755,92.840024409343,82.80180360065468
2025-09-06 15:06:00+02:00,87.24428698668599,89.70328498362771,90.75272740568236,81.45769088319089
2025-09-06 15:07:00+02:00,86.43041195375844,87.57880707921782,88.6654304020217,80.5129166666667
2025-09-06 15:08:00+02:00,85.61653692083088,85.45432917480795,86.57813339836106,79.49406310916179
2025-09-06 15:09:00+02:00,84.80266188790335,83.3298512703981,84.4908363947004,78.28537836669138
2025-09-06 15:10:00+02:00,83.98878685497583,81.20537336598822,82.4035393910398,76.94987146925268
2025-09-06 15:11:00+02:00,83.17491182204827,80.4804955353209,80.77550383831907,75.54297317436662
2025-09-06 15:12:00+02:00,82.36103678912073,82.21877256714097,82.1269164279203,75.00272727272723
2025-09-06 15:13:00+02:00,81.54716175619325,84.00284184980171,84.01221694735568,74.67545454545446
2025-09-06 15:14:00+02:00,80.7332867232658,85.78691113246248,85.89751746679103,74.34818181818174
2025-09-06 15:15:00+02:00,78.20965754919587,87.57098041512323,87.78281798622643,74.02090909090906
2025-09-06 15:16:00+02:00,74.1267012055707,89.35504969778403,89.66811850566188,73.08373379296152
2025-09-06 15:17:00+02:00,76.80120031288861,91.13911898044474,91.55341902509733,72.80659292035399
2025-09-06 15:18:00+02:00,82.66514464950926,92.9231882631056,93.43871954453276,73.94616795722715
2025-09-06 15:19:00+02:00,90.4411357933272,95.31746095258954,95.9860674556769,81.62792144892144
2025-09-06 15:20:00+02:00,108.70293697344373,110.96394248209884,112.7851793390163,99.38819444444444
2025-09-06 15:21:00+02:00,135.6455664650525,138.19270737362123,139.8673586953465,125.2319246031746
2025-09-06 15:22:00+02:00,166.73048777196055,171.25225454352665,172.01628419960994,153.05017857142855
2025-09-06 15:23:00+02:00,207.4227322423499,212.95656723962492,213.31223634043792,188.5102083333333
2025-09-06 15:24:00+02:00,324.3772921768861,333.04129327188747,332.31676924877354,319.3983333333333
2025-09-06 15:25:00+02:00,447.98667105487846,459.6099272734868,455.28433186319535,462.7136111111111
2025-09-06 15:26:00+02:00,514.4488683557511,534.7646855295402,517.4084752758502,517.3198703703704
2025-09-06 15:27:00+02:00,507.51306993686205,519.5099295451224,511.3942190192924,495.27484126984126
2025-09-06 15:28:00+02:00,479.8407727390703,483.1009331957392,477.0812812208138,461.6320092592593
2025-09-06 15:29:00+02:00,456.1825817410514,463.0436654669903,453.6625184898685,432.8047222222222
2025-09-06 15:30:00+02:00,433.77829444809606,444.8211492614306,419.0436083540709,417.0533680555556
2025-09-06 15:31:00+02:00,414.2859019927341,420.350172438798,416.9911699131649,391.2616452991453
2025-09-06 15:32:00+02:00,350.0584047265775,358.3816138340944,360.3903406163848,300.79979166666664
2025-09-06 15:33:00+02:00,291.2036310023041,293.4830030092119,292.29573336040943,230.6255555555556
2025-09-06 15:34:00+02:00,265.71923335137063,273.5591071497776,271.6158194118032,202.54088575268813
2025-09-06 15:35:00+02:00,243.16254724910067,245.43681836869237,247.86071033880825,184.29667094017097
2025-09-06 15:36:00+02:00,227.37292605970376,230.7159595184297,232.96524975329493,173.15621693121693
2025-09-06 15:37:00+02:00,204.09289566967863,205.44981040188384,208.34807714555907,155.26694444444442
2025-09-06 15:38:00+02:00,185.85834842333185,190.35232474228147,192.2743073803427,141.31838189588188
2025-09-06 15:39:00+02:00,191.4331677266885,195.8213907624589,198.0120318829181,146.44994052706554
2025-09-06 15:40:00+02:00,196.83790233966144,201.2156282180818,203.35432969551863,156.68482175925925
2025-09-06 15:41:00+02:00,191.6837490689802,197.16140070096785,198.41517978516663,162.96750925925926
2025-09-06 15:42:00+02:00,183.7585990172203,186.95421172174468,189.27388931785293,151.02556216931217
2025-09-06 15:43:00+02:00,164.61052661637203,165.52781607285775,169.19155254547886,130.45601190476188
2025-09-06 15:44:00+02:00,154.0098240146812,160.6216677632909,161.05391367377814,119.41144702842378
2025-09-06 15:45:00+02:00,160.06455596882543,166.0899984639908,166.83818201745177,120.39515180878554
2025-09-06 15:46:00+02:00,168.1012774607594,172.99836288905274,173.52190119033625,133.35849206349204
2025-09-06 15:47:00+02:00,182.97289900611003,185.49451119398543,188.32027386151705,151.18716826923077
2025-09-06 15:48:00+02:00,187.1833489088532,180.59246717647207,193.4361902756985,150.6391168091168
2025-09-06 15:49:00+02:00,190.8285034964821,174.8352424474871,197.1766265062582,143.03517195767196
2025-09-06 15:50:00+02:00,194.4736580841112,181.3815143853336,200.9170627368181,145.3549457671958
2025-09-06 15:51:00+02:00,200.82398989580025,201.3025109203995,207.324291465092,163.5098544973545
2025-09-06 15:52:00+02:00,229.5038439466711,234.34981187129517,239.1659749274292,202.2247474747475
2025-09-06 15:53:00+02:00,242.2780089752712,245.57804029860512,253.6776789374584,202.1411557239057
2025-09-06 15:54:00+02:00,261.934204633132,264.5266241399869,269.57920129527395,220.39380291005293
2025-09-06 15:55:00+02:00,321.363330717867,321.2887226964881,331.921312693949,301.4943055555555
2025-09-06 15:56:00+02:00,335.9973766946844,344.1820311148362,350.3446586349337,335.024376984127
2025-09-06 15:57:00+02:00,278.1433359019189,281.0812586977269,285.3490186373433,243.62329365079367
2025-09-06 15:58:00+02:00,243.809104104671,247.4724518168823,251.7592366517448,202.8756086309524
2025-09-06 15:59:00+02:00,234.81584958407848,238.26581184119144,234.2251311077745,209.5580555555556
2025-09-06 16:00:00+02:00,204.92530996869087,205.4529811991514,208.98187984403316,172.37465656565655
2025-09-06 16:01:00+02:00,189.65065359876132,200.03087216641265,201.9708384117995,159.4041543179043
2025-09-06 16:02:00+02:00,195.92323678501083,201.9770489725261,203.6732832756188,171.18541666666667
2025-09-06 16:03:00+02:00,184.7469680841996,188.9899935544405,191.30494738718627,165.81820436507937
2025-09-06 16:04:00+02:00,178.4530011628934,182.01536996514304,184.94366128079196,153.6225
2025-09-06 16:05:00+02:00,170.22693276806993,171.75066763630628,176.20670968404664,143.96052884615384
2025-09-06 16:06:00+02:00,159.60351709892424,161.48235776499197,165.18033975608492,136.61634528423775
2025-09-06 16:07:00+02:00,151.19336815795927,153.82052560599482,156.22671518491651,135.50704192546584
2025-09-06 16:08:00+02:00,145.77726738563473,144.68790883963672,146.7612172028015,133.55761574074072
2025-09-06 16:09:00+02:00,153.0748273980551,139.34027277158265,139.80697514284827,121.97941287878788
2025-09-06 16:10:00+02:00,146.59382385151716,150.3560402190951,151.5194504464386,140.95424206349205
2025-09-06 16:11:00+02:00,130.09912347428266,133.16482829814143,135.97818411769904,118.75723379629628
2025-09-06 16:12:00+02:00,114.43082012573244,116.45806671843228,118.66658415400956,102.3584074074074
2025-09-06 16:13:00+02:00,99.99482485373412,101.71784804300265,103.7198538530804,89.28029131054132
2025-09-06 16:14:00+02:00,89.53573276391653,90.5796051314184,92.21702733161096,80.54912898212899
2025-09-06 16:15:00+02:00,82.3875846175759,88.10771355750313,90.54537610899804,75.06595996732027
2025-09-06 16:16:00+02:00,86.0290940506173,88.90439277165684,94.07408953405456,74.65588235294119
2025-09-06 16:17:00+02:00,91.42392284030832,89.70107198581056,97.602802959111,76.7560407239819
2025-09-06 16:18:00+02:00,95.70981460100732,90.49775119996428,101.1315163841674,80.49819444444445
2025-09-06 16:19:00+02:00,96.05448421812648,91.29443041411798,103.29725243917925,81.58500000000002
2025-09-06 16:20:00+02:00,96.05448421812648,92.09110962827168,102.5864020950102,80.98500000000004
2025-09-06 16:21:00+02:00,96.05448421812648,92.8877888424254,101.78166108155068,80.57253546099292
2025-09-06 16:22:00+02:00,96.05448421812648,93.6844680565791,100.97692006809116,81.0868085106383
2025-09-06 16:23:00+02:00,96.05448421812648,94.48114727073276,100.17217905463164,81.81398936170213
2025-09-06 16:24:00+02:00,96.05448421812648,99.12951140026996,99.36743804117212,84.69811355311356
2025-09-06 16:25:00+02:00,96.05448421812648,101.44072702376388,98.5626970277126,87.81175675675676
2025-09-06 16:26:00+02:00,96.05448421812648,99.71011300050856,97.75795601425308,89.53706393140128
2025-09-06 16:27:00+02:00,96.05448421812648,97.97949897725336,96.95321500079352,88.42485567269075
2025-09-06 16:28:00+02:00,95.00402055128848,96.24888495399816,96.14847398733404,85.51474405025051
2025-09-06 16:29:00+02:00,92.37418843430947,94.51827093074296,94.88787835929602,83.81616440019427
2025-09-06 16:30:00+02:00,89.7296645177943,92.78765690748776,93.24155959584536,84.67694173103135
2025-09-06 16:31:00+02:00,87.0851406012791,91.05704288423256,91.59524083239474,84.45116935483874
2025-09-06 16:32:00+02:00,84.44061668476388,89.32642886097734,89.94892206894409,83.57490495391706
2025-09-06 16:33:00+02:00,81.79609276824868,86.93782096429702,87.90036866075181,78.65630753968254
2025-09-06 16:34:00+02:00,79.40190384790552,78.69306759413273,79.77097385852444,71.25076417004048
2025-09-06 16:35:00+02:00,77.32161460928285,71.63068462992877,72.12470167278263,67.45991143127065
2025-09-06 16:36:00+02:00,75.24211011986452,69.7184393633943,70.1438320657513,68.23366836572156
2025-09-06 16:37:00+02:00,73.16260563044615,67.94804110971938,68.37279218385737,69.7146750926862
2025-09-06 16:38:00+02:00,71.08310114102784,66.1776428560445,66.60175230196344,69.11756521739127
2025-09-06 16:39:00+02:00,69.0035966516095,64.40724460236966,64.8307124200696,68.25627210884353
2025-09-06 16:40:00+02:00,66.92409216219116,62.6368463486948,63.05967253817576,67.26367346938774
2025-09-06 16:41:00+02:00,64.64574034848653,60.86644809501995,61.28863265628193,65.42847523219815
2025-09-06 16:42:00+02:00,60.25960689734716,59.09604984134508,59.51759277438812,62.713093395252834
2025-09-06 16:43:00+02:00,55.31670093820618,57.295687482859975,57.746552892494265,59.37133567821068
2025-09-06 16:44:00+02:00,50.35446762207704,52.27418385727195,53.31930181765763,55.08445816864295
2025-09-06 16:45:00+02:00,44.69050257530127,45.11024673775035,45.95623837167368,49.76329797979798
2025-09-06 16:46:00+02:00,38.67715838297051,41.6598324356612,41.65466058780407,45.398921107628006
2025-09-06 16:47:00+02:00,34.03025358588146,42.45377392055663,42.38978087192469,42.39464352449445
2025-09-06 16:48:00+02:00,35.13248429026191,43.247715405452055,43.19313916886623,40.50921042053185
2025-09-06 16:49:00+02:00,36.87435705446104,44.04165689034748,43.99649746580778,39.36923469387754
2025-09-06 16:50:00+02:00,38.616229818660166,44.83559837524292,44.79985576274933,38.10781428571429
2025-09-06 16:51:00+02:00,40.358102582859296,45.62953986013835,45.60321405969087,37.40672981220657
2025-09-06 16:52:00+02:00,42.09997534705842,46.42348134503378,46.40657235663242,38.101584507042254
2025-09-06 16:53:00+02:00,43.84184811125755,47.21742282992921,47.20993065357396,39.56376462478576
2025-09-06 16:54:00+02:00,45.58372087545668,48.01136431482464,48.01328895051551,43.45186360153257
2025-09-06 16:55:00+02:00,47.32559363965581,48.82182311382893,48.827138867006674,46.90889508856682
2025-09-06 16:56:00+02:00,48.88675001934968,49.837568531043104,49.8867924415173,48.742207147325615
2025-09-06 16:57:00+02:00,49.76376580055934,50.91466397209011,51.0498634087312,49.16359712230215
2025-09-06 16:58:00+02:00,50.57624001587425,51.99175941313708,52.21293437594511,49.51755395683452
2025-09-06 16:59:00+02:00,51.38871423118916,53.06885485418401,53.37600534315901,49.87151079136689
2025-09-06 17:00:00+02:00,52.20118844650408,54.14595029523093,54.53907631037292,50.23248337179312
2025-09-06 17:01:00+02:00,53.01366266181898,55.22304573627787,55.70214727758675,51.55898879716981
2025-09-06 17:02:00+02:00,53.82613687713389,56.32261825276261,57.023416399195256,53.04656249999999
2025-09-06 17:03:00+02:00,54.6386110924488,58.23828150822038,59.15827602911932,54.12980595501475
2025-09-06 17:04:00+02:00,55.45108530776372,60.56026112736176,61.40613434075385,54.9662389380531
2025-09-06 17:05:00+02:00,56.26355952307863,62.88224074650314,63.6539926523884,55.98000000000001
2025-09-06 17:06:00+02:00,58.19934816768429,65.20422036564456,65.90185096402293,57.26782258064515
2025-09-06 17:07:00+02:00,61.543681551212615,67.52619998478599,68.14970927565747,59.14094870071685
2025-09-06 17:08:00+02:00,63.85064078666878,69.84817960392746,70.39756758729197,63.11255636724388
2025-09-06 17:09:00+02:00,61.03255074276127,71.19377518959595,71.49124539322561,66.19231962481962
2025-09-06 17:10:00+02:00,57.50980806292573,66.70308797876991,66.89336317906854,65.6188095238095
2025-09-06 17:11:00+02:00,53.9870653830902,61.23475727806999,61.51917319263198,64.02711640211639
2025-09-06 17:12:00+02:00,50.464322703254666,54.988172322417554,55.42465623120648,58.21436458333333
2025-09-06 17:13:00+02:00,44.79112268645601,46.13742889827,46.60318715018002,51.3380967911231
2025-09-06 17:14:00+02:00,37.298304922996266,42.43309836105415,42.38446922082806,45.90461538461539
2025-09-06 17:15:00+02:00,34.937057266288335,44.654607708213504,44.63373041085741,43.69268136335211
2025-09-06 17:16:00+02:00,38.40799490671456,46.87611705537285,46.91448420997927,44.37048780487808
2025-09-06 17:17:00+02:00,41.87893254714077,49.09762640253221,49.19523800910112,45.83698277545839
2025-09-06 17:18:00+02:00,45.34987018756696,51.31913574969157,51.47599180822297,48.41027356624918
2025-09-06 17:19:00+02:00,48.77914508313705,53.54064509685092,53.75674560734484,51.3021543040293
2025-09-06 17:20:00+02:00,51.94982363132442,55.74981272541487,56.00898998397767,54.428126780626776
2025-09-06 17:21:00+02:00,55.07596614190696,56.63224560498092,56.81675695449999,57.85403403403404
2025-09-06 17:22:00+02:00,58.2021086524895,56.63224560498092,56.81675695449999,60.05823858341101
2025-09-06 17:23:00+02:00,61.328251163072025,56.63224560498092,56.81675695449999,61.62322988505748
2025-09-06 17:24:00+02:00,63.87851659433554,56.63224560498092,56.81675695449999,66.7912933671076
2025-09-06 17:25:00+02:00,61.4316604573152,56.63224560498092,56.81675695449999,69.44828947368421
2025-09-06 17:26:00+02:00,57.82824428099488,56.63224560498092,56.81675695449999,67.19009159482759
2025-09-06 17:27:00+02:00,54.22482810467454,56.63224560498092,56.81675695449999,65.60185763888889
2025-09-06 17:28:00+02:00,50.621411928354206,56.63224560498092,56.81675695449999,62.3036038961039
2025-09-06 17:29:00+02:00,50.24272374041462,56.63224560498092,56.81675695449999,58.94915
2025-09-06 17:30:00+02:00,52.59707545661389,56.69829391032813,56.894861233369326,57.462672199730086
2025-09-06 17:31:00+02:00,54.95142717281318,57.35217213326556,57.57325268411997,57.71850202429148
2025-09-06 17:32:00+02:00,57.30577888901249,58.14475179743212,58.37661098106149,58.082874493927086
2025-09-06 17:33:00+02:00,59.66013060521182,58.9373314615987,59.17996927800306,58.447246963562726
2025-09-06 17:34:00+02:00,62.01448232141121,59.72991112576537,59.9833275749446,59.14225737093712
2025-09-06 17:35:00+02:00,64.1296835456339,60.52249078993201,60.786685871886135,60.983439844401225
2025-09-06 17:36:00+02:00,63.91320270943028,61.315070454098645,61.59004416882769,62.38557614092872
2025-09-06 17:37:00+02:00,63.09932767650275,62.1076501182653,62.39340246576921,62.114771689497736
2025-09-06 17:38:00+02:00,62.2854526435752,62.90022978243195,63.19676076271078,61.68463470319636
2025-09-06 17:39:00+02:00,61.47157761064766,63.69280944659859,64.00011905965232,61.25449771689498
2025-09-06 17:40:00+02:00,60.6577025777201,64.00323648173054,64.23443189626029,60.59702661244293
2025-09-06 17:41:00+02:00,59.843827544792575,62.576593086230574,62.74821904691844,59.6008621031746
2025-09-06 17:42:00+02:00,59.02995251186505,60.99143375789727,61.14150245303533,58.336047619047626
2025-09-06 17:43:00+02:00,58.216077478937535,59.40627442956398,59.53478585915225,56.60424293785311
2025-09-06 17:44:00+02:00,57.40220244601008,57.821115101230674,57.92806926526916,54.83942188937065
2025-09-06 17:45:00+02:00,52.049229761108776,56.23595577289747,56.32135267138608,52.96863372093024
2025-09-06 17:46:00+02:00,46.72388320384727,54.65079644456425,54.71463607750299,51.48316939890711
2025-09-06 17:47:00+02:00,44.54352514796749,53.06563711623103,53.107919483619895,49.86195293094883
2025-09-06 17:48:00+02:00,42.36316709208777,51.48047778789781,51.5012028897368,48.12364973262032
2025-09-06 17:49:00+02:00,40.18280903620803,49.89531845956459,49.894486295853696,47.001691176470594
2025-09-06 17:50:00+02:00,38.00245098032831,44.99652556604449,45.91844486968641,45.60888333333333
2025-09-06 17:51:00+02:00,35.82209292444856,39.166950689932975,40.20222033939292,43.64585384615384
2025-09-06 17:52:00+02:00,33.65667065463969,35.866422517010534,36.61487259605176,40.15450162156685
2025-09-06 17:53:00+02:00,31.80116594580109,32.56589434408811,33.0861591709953,36.02532407407408
2025-09-06 17:54:00+02:00,30.06888147204706,29.26536617116566,29.55744574593883,33.35797271985461
2025-09-06 17:55:00+02:00,28.336596998293054,26.22608263457191,26.236919170946702,31.584431698905387
2025-09-06 17:56:00+02:00,26.60431252453907,25.06776047954504,24.930127218395043,30.49230769230769
2025-09-06 17:57:00+02:00,24.87202805078508,24.27518081537839,24.126768921453497,29.64486866791745
2025-09-06 17:58:00+02:00,23.13974357703109,23.48260115121174,23.32341062451195,28.62426829268293
2025-09-06 17:59:00+02:00,21.407459103277105,22.690021487045087,22.52005232757041,27.64010055626872
2025-09-06 18:00:00+02:00,19.67517462952312,21.89744182287848,21.716694030628865,26.84763157894737
2025-09-06 18:01:00+02:00,17.96935561300704,21.104862158711867,20.91333573368732,26.600906148867324
2025-09-06 18:02:00+02:00,17.379897701799084,20.312282494545254,20.109977436745773,26.9348867313916
2025-09-06 18:03:00+02:00,17.379897701799084,19.519702830378648,19.306619139804223,27.268867313915862
2025-09-06 18:04:00+02:00,17.379897701799084,18.72712316621204,18.50326084286268,27.60284789644013
2025-09-06 18:05:00+02:00,17.379897701799084,18.419998546347497,18.131707630527192,27.9368284789644
2025-09-06 18:06:00+02:00,17.379897701799084,19.176251642573177,18.878161381435376,28.29419613962089
2025-09-06 18:07:00+02:00,17.379897701799084,19.96883130673983,19.68151967837692,28.686726190476183
2025-09-06 18:08:00+02:00,17.379897701799084,20.761410970906475,20.48487797531847,29.07958333333333
2025-09-06 18:09:00+02:00,17.379897701799084,21.553990635073117,21.28823627226001,29.472440476190467
2025-09-06 18:10:00+02:00,17.379897701799084,22.346570299239723,22.091594569201558,29.915743714711837
2025-09-06 18:11:00+02:00,17.49817994097741,23.13914996340633,22.8949528661431,30.50979865771811
2025-09-06 18:12:00+02:00,18.22477083878713,23.931729627572945,23.698311163084647,31.14688114562197
2025-09-06 18:13:00+02:00,19.03584905029566,24.724309291739544,24.501669460026196,32.70497606019152
2025-09-06 18:14:00+02:00,19.84692726180419,25.512485735549667,25.302796206142908,33.907795624159824
2025-09-06 18:15:00+02:00,20.658005473312716,25.411211667350585,25.25079070155033,34.51251773049645
2025-09-06 18:16:00+02:00,21.46908368482125,24.618632003183933,24.44604968809081,34.7777659574468
2025-09-06 18:17:00+02:00,22.28016189632977,23.826052339017288,23.64130867463129,35.043014184397144
2025-09-06 18:18:00+02:00,23.091240107838296,23.033472674850643,22.836567661171777,35.30826241134749
2025-09-06 18:19:00+02:00,23.90231831934682,22.240893010684005,22.031826647712258,35.57351063829784
2025-09-06 18:20:00+02:00,24.71339653085536,21.448313346517395,21.227085634252735,35.83875886524819
2025-09-06 18:21:00+02:00,24.77084790417056,20.655733682350785,20.42234462079322,36.10400709219856
2025-09-06 18:22:00+02:00,23.20614285446869,19.863154018184183,19.6176036073337,35.73156249999999
2025-09-06 18:23:00+02:00,21.58398643145164,19.07057435401757,18.812862593874183,34.42046401515151
2025-09-06 18:24:00+02:00,19.96183000843459,18.20632127049834,17.9389438031654,32.285725267379675
2025-09-06 18:25:00+02:00,18.339673585417536,16.258534729707083,16.01921979168853,30.30850354030501
2025-09-06 18:26:00+02:00,16.717517162400483,13.948165008661377,13.749537612950764,28.88525267094017
2025-09-06 18:27:00+02:00,15.095360739383423,11.637795287615653,11.479855434212991,27.48621737466514
2025-09-06 18:28:00+02:00,13.473204316366374,10.42485118406665,10.077065754298676,26.097611940298503
2025-09-06 18:29:00+02:00,11.851047893349296,10.42485118406665,10.061304072501883,25.551226765799257
2025-09-06 18:30:00+02:00,10.231144465364189,10.42485118406665,10.061304072501883,25.885799256505575
2025-09-06 18:31:00+02:00,9.512439050166346,10.42485118406665,10.061304072501883,26.2203717472119
2025-09-06 18:32:00+02:00,9.512439050166346,10.42485118406665,10.061304072501883,26.55494423791822
2025-09-06 18:33:00+02:00,9.512439050166346,10.42485118406665,10.061304072501883,27.102989360338423
2025-09-06 18:34:00+02:00,9.512439050166346,10.42485118406665,10.061304072501883,28.73612818590705
2025-09-06 18:35:00+02:00,9.512439050166346,10.42485118406665,10.061304072501883,29.90961738257377
2025-09-06 18:36:00+02:00,9.512439050166346,10.42485118406665,10.061304072501883,29.416807228915676
2025-09-06 18:37:00+02:00,9.497139223214027,9.497139223214027,9.497139223214027,28.874638554216872
2025-09-06 18:38:00+02:00,8.616749015669333,8.616749015669333,8.616749015669333,28.9040625
2025-09-06 18:39:00+02:00,7.790132869563799,7.790132869563799,7.790132869563799,29.4665625
2025-09-06 18:40:00+02:00,7.016208326196007,7.016208326196007,7.016208326196007,29.942279317010307
2025-09-06 18:41:00+02:00,6.293801549511001,6.293801549511001,6.293801549511001,29.34
2025-09-06 18:42:00+02:00,3.638424313643256,5.621648123523179,5.621648123523179,28.174562732309425
2025-09-06 18:43:00+02:00,1.3568097625742688,4.998394382074374,4.998394382074374,26.586921768707484
2025-09-06 18:44:00+02:00,0.5278283524756038,4.422599254342244,4.422599254342244,25.394632327132328
2025-09-06 18:45:00+02:00,0.0,3.9476427791823454,3.8742678506167856,24.050470085470085
2025-09-06 18:46:00+02:00,0.0,3.419513274871825,3.068139352651304,21.979644334160465
2025-09-06 18:47:00+02:00,0.0,1.5808790173633902,1.5155377578901987,20.2484872080089
2025-09-06 18:48:00+02:00,0.0,0.0,0.0,17.951391283524902
2025-09-06 18:49:00+02:00,0.0,0.0,0.0,13.895297619047618
2025-09-06 18:50:00+02:00,0.0,0.0,0.0,11.176118188512518
2025-09-06 18:51:00+02:00,0.0,0.0,0.0,10.406932989690718
2025-09-06 18:52:00+02:00,0.0,0.0,0.0,9.8966237113402
2025-09-06 18:53:00+02:00,0.0,0.0,0.0,9.326445244115927
2025-09-06 18:54:00+02:00,0.0,0.0,0.0,7.747693492491336
2025-09-06 18:55:00+02:00,0.0,0.0,0.0,6.187398573887386
2025-09-06 18:56:00+02:00,0.0,0.0,0.0,5.899913941480204
2025-09-06 18:57:00+02:00,0.0,0.0,0.0,5.753270223752146
2025-09-06 18:58:00+02:00,0.0,0.0,0.0,5.606626506024089
2025-09-06 18:59:00+02:00,0.0,0.0,0.0,5.459982788296031
2025-09-06 19:00:00+02:00,0.0,0.0,0.0,5.313339070567974
2025-09-06 19:01:00+02:00,0.0,0.0,0.0,5.166695352839921
2025-09-06 19:02:00+02:00,0.0,0.0,0.0,5.0200516351118685
2025-09-06 19:03:00+02:00,0.0,0.0,0.0,4.873407917383816
2025-09-06 19:04:00+02:00,0.0,0.0,0.0,4.726764199655764
2025-09-06 19:05:00+02:00,0.0,0.0,0.0,4.460208202191301
2025-09-06 19:06:00+02:00,0.0,0.0,0.0,3.947352941176472
2025-09-06 19:07:00+02:00,0.0,0.0,0.0,3.4179411764705887
2025-09-06 19:08:00+02:00,0.0,0.0,0.0,2.936317016317016
2025-09-06 19:09:00+02:00,0.0,0.0,0.0,2.597499999999998
2025-09-06 19:10:00+02:00,0.0,0.0,0.0,2.268129370629368
2025-09-06 19:11:00+02:00,0.0,0.0,0.0,1.93875874125874
2025-09-06 19:12:00+02:00,0.0,0.0,0.0,1.609388111888111
2025-09-06 19:13:00+02:00,0.0,0.0,0.0,1.371522020362227
2025-09-06 19:14:00+02:00,0.0,0.0,0.0,1.2554639175257738
2025-09-06 19:15:00+02:00,0.0,0.0,0.0,1.140000000000001
2025-09-06 19:16:00+02:00,0.0,0.0,0.0,1.0245360824742282
2025-09-06 19:17:00+02:00,0.0,0.0,0.0,0.909072164948455
2025-09-06 19:18:00+02:00,0.0,0.0,0.0,0.7936082474226817
2025-09-06 19:19:00+02:00,0.0,0.0,0.0,0.6781443298969081
2025-09-06 19:20:00+02:00,0.0,0.0,0.0,0.5626804123711346
2025-09-06 19:21:00+02:00,0.0,0.0,0.0,0.4472164948453611
2025-09-06 19:22:00+02:00,0.0,0.0,0.0,0.3338633131887665
2025-09-06 19:23:00+02:00,0.0,0.0,0.0,0.2775000000000001
2025-09-06 19:24:00+02:00,0.0,0.0,0.0,0.2464655172413797
2025-09-06 19:25:00+02:00,0.0,0.0,0.0,0.2154310344827589
2025-09-06 19:26:00+02:00,0.0,0.0,0.0,0.1843965517241381
2025-09-06 19:27:00+02:00,0.0,0.0,0.0,0.1533620689655174
2025-09-06 19:28:00+02:00,0.0,0.0,0.0,0.1223275862068967
2025-09-06 19:29:00+02:00,0.0,0.0,0.0,0.0912931034482759
2025-09-06 19:30:00+02:00,0.0,0.0,0.0,0.0602586206896551
2025-09-06 19:31:00+02:00,0.0,0.0,0.0,0.0292241379310344
2025-09-06 19:32:00+02:00,0.0,0.0,0.0,0.0061798919817199
2025-09-06 19:33:00+02:00,0.0,0.0,0.0,0.0176850258175558
2025-09-06 19:34:00+02:00,0.0,0.0,0.0,0.0331755593803786
2025-09-06 19:35:00+02:00,0.0,0.0,0.0,0.0486660929432013
2025-09-06 19:36:00+02:00,0.0,0.0,0.0,0.064156626506024
2025-09-06 19:37:00+02:00,0.0,0.0,0.0,0.0796471600688467
2025-09-06 19:38:00+02:00,0.0,0.0,0.0,0.0951376936316694
2025-09-06 19:39:00+02:00,0.0,0.0,0.0,0.1106282271944922
2025-09-06 19:40:00+02:00,0.0,0.0,0.0,0.1261187607573149
2025-09-06 19:41:00+02:00,0.0,0.0,0.0,0.1416092943201377
2025-09-06 19:42:00+02:00,0.0,0.0,0.0,0.15
2025-09-06 19:43:00+02:00,0.0,0.0,0.0,0.15
2025-09-06 19:44:00+02:00,0.0,0.0,0.0,0.15
2025-09-06 19:45:00+02:00,0.0,0.0,0.0,0.15
2025-09-06 19:46:00+02:00,0.0,0.0,0.0,0.15
2025-09-06 19:47:00+02:00,0.0,0.0,0.0,0.15
2025-09-06 19:48:00+02:00,0.0,0.0,0.0,0.15
2025-09-06 19:49:00+02:00,0.0,0.0,0.0,0.15
2025-09-06 19:50:00+02:00,0.0,0.0,0.0,0.15
2025-09-06 19:51:00+02:00,0.0,0.0,0.0,0.1502405498281787
2025-09-06 19:52:00+02:00,0.0,0.0,0.0,0.1554725085910652
2025-09-06 19:53:00+02:00,0.0,0.0,0.0,0.162689003436426
2025-09-06 19:54:00+02:00,0.0,0.0,0.0,0.1699054982817868
2025-09-06 19:55:00+02:00,0.0,0.0,0.0,0.1771219931271476
2025-09-06 19:56:00+02:00,0.0,0.0,0.0,0.1843384879725084
2025-09-06 19:57:00+02:00,0.0,0.0,0.0,0.1915549828178692
2025-09-06 19:58:00+02:00,0.0,0.0,0.0,0.19877147766323
2025-09-06 19:59:00+02:00,0.0,0.0,0.0,0.2059879725085908
2025-09-06 20:00:00+02:00,0.0,0.0,0.0,0.2132044673539517
2025-09-07 05:00:00+02:00,0.0,0.0,0.0,0.1027022375215147
2025-09-07 05:01:00+02:00,0.0,0.0,0.0,0.0944406196213426
2025-09-07 05:02:00+02:00,0.0,0.0,0.0,0.0861790017211704
2025-09-07 05:03:00+02:00,0.0,0.0,0.0,0.0779173838209982
2025-09-07 05:04:00+02:00,0.0,0.0,0.0,0.0724697806002334
2025-09-07 05:05:00+02:00,0.0,0.0,0.0,0.0793103448275861
2025-09-07 05:06:00+02:00,0.0,0.0,0.0,0.0875862068965515
2025-09-07 05:07:00+02:00,0.0,0.0,0.0,0.095862068965517
2025-09-07 05:08:00+02:00,0.0,0.0,0.0,0.1041379310344826
2025-09-07 05:09:00+02:00,0.0,0.0,0.0,0.1124137931034481
2025-09-07 05:10:00+02:00,0.0,0.0,0.0,0.1206896551724137
2025-09-07 05:11:00+02:00,0.0,0.0,0.0,0.1289655172413791
2025-09-07 05:12:00+02:00,0.0,0.0,0.0,0.1372413793103446
2025-09-07 05:13:00+02:00,0.0,0.0,0.0,0.1455172413793103
2025-09-07 05:14:00+02:00,0.0,0.0,0.0,0.1533132530120481
2025-09-07 05:15:00+02:00,0.0,0.0,0.0,0.1605421686746986
2025-09-07 05:16:00+02:00,0.0,0.0,0.0,0.1677710843373491
2025-09-07 05:17:00+02:00,0.0,0.0,0.0,0.1749999999999996
2025-09-07 05:18:00+02:00,0.0,0.0,0.0,0.1822289156626503
2025-09-07 05:19:00+02:00,0.0,0.0,0.0,0.189457831325301
2025-09-07 05:20:00+02:00,0.0,0.0,0.0,0.1966867469879516
2025-09-07 05:21:00+02:00,0.0,0.0,0.0,0.2039156626506023
2025-09-07 05:22:00+02:00,0.0,0.0,0.0,0.2111445783132529
2025-09-07 05:23:00+02:00,0.0,0.0,0.0,0.2176914900983243
2025-09-07 05:24:00+02:00,0.0,0.0,0.0,0.204258620689655
2025-09-07 05:25:00+02:00,0.0,0.0,0.0,0.1814999999999998
2025-09-07 05:26:00+02:00,0.0,0.0,0.0,0.1587413793103445
2025-09-07 05:27:00+02:00,0.0,0.0,0.0,0.1359827586206893
2025-09-07 05:28:00+02:00,0.0,0.0,0.0,0.1132241379310342
2025-09-07 05:29:00+02:00,0.0,0.0,0.0,0.090465517241379
2025-09-07 05:30:00+02:00,0.0,0.0,0.0,0.0677068965517239
2025-09-07 05:31:00+02:00,0.0,0.0,0.0,0.0449482758620688
2025-09-07 05:32:00+02:00,0.0,0.0,0.0,0.0221896551724137
2025-09-07 05:33:00+02:00,0.0,0.0,0.0,0.0053852648418058
2025-09-07 05:34:00+02:00,0.0,0.0,0.0,0.0171391752577319
2025-09-07 05:35:00+02:00,0.0,0.0,0.0,0.0326030927835051
2025-09-07 05:36:00+02:00,0.0,0.0,0.0,0.0480670103092783
2025-09-07 05:37:00+02:00,0.0,0.0,0.0,0.0635309278350515
2025-09-07 05:38:00+02:00,0.0,0.0,0.0,0.0789948453608246
2025-09-07 05:39:00+02:00,0.0,0.0,0.0,0.0944587628865978
2025-09-07 05:40:00+02:00,0.0,0.0,0.0,0.109922680412371
2025-09-07 05:41:00+02:00,0.0,0.0,0.0,0.1253865979381442
2025-09-07 05:42:00+02:00,0.0,0.0,0.0,0.1408505154639174
2025-09-07 05:43:00+02:00,0.0,0.0,0.0,0.1720870300051457
2025-09-07 05:44:00+02:00,0.0,0.0,0.0,0.2256282271944921
2025-09-07 05:45:00+02:00,0.0,0.0,0.0,0.2793287435456108
2025-09-07 05:46:00+02:00,0.0,0.0,0.0,0.3330292598967294
2025-09-07 05:47:00+02:00,0.0,0.0,0.0,0.386729776247848
2025-09-07 05:48:00+02:00,0.0,0.0,0.0,0.4404302925989666
2025-09-07 05:49:00+02:00,0.0,0.0,0.0,0.4941308089500855
2025-09-07 05:50:00+02:00,0.0,0.0,0.0,0.5478313253012047
2025-09-07 05:51:00+02:00,0.0,0.0,0.0,0.6015318416523238
2025-09-07 05:52:00+02:00,0.0,0.0,0.0,0.65466570716363
2025-09-07 05:53:00+02:00,0.0,0.0,0.0,0.6925000000000003
2025-09-07 05:54:00+02:00,0.0,0.0,0.0,0.7235344827586214
2025-09-07 05:55:00+02:00,0.0,0.0,0.0,0.7545689655172425
2025-09-07 05:56:00+02:00,0.0,0.0,0.0,0.7856034482758635
2025-09-07 05:57:00+02:00,0.0,0.0,0.0,0.8166379310344841
2025-09-07 05:58:00+02:00,0.0,0.0,0.0,0.8476724137931044
2025-09-07 05:59:00+02:00,0.0,0.0,0.0,0.878706896551725
2025-09-07 06:00:00+02:00,0.0,0.0,0.0,0.9097413793103452
2025-09-07 06:01:00+02:00,0.0,0.0,0.0,0.9407758620689658
2025-09-07 06:02:00+02:00,0.0,0.0,0.0,0.9706648626801524
2025-09-07 06:03:00+02:00,0.0,0.0,0.0,0.9950514579759862
2025-09-07 06:04:00+02:00,0.0,0.0,0.0,1.018722126929675
2025-09-07 06:05:00+02:00,0.0,0.0,0.0,1.042392795883363
2025-09-07 06:06:00+02:00,0.0,0.0,0.0,1.0660634648370506
2025-09-07 06:07:00+02:00,0.0,0.0,0.0,1.0897341337907382
2025-09-07 06:08:00+02:00,0.0,0.0,0.0,1.113404802744426
2025-09-07 06:09:00+02:00,0.0,0.0,0.0,1.1370754716981135
2025-09-07 06:10:00+02:00,0.0,0.0,0.0,1.1607461406518012
2025-09-07 06:11:00+02:00,0.0,0.0,0.0,1.1844168096054888
2025-09-07 06:12:00+02:00,0.0,0.0,0.0,1.2295926243567756
2025-09-07 06:13:00+02:00,0.0,0.0,0.0,1.313224699828475
2025-09-07 06:14:00+02:00,0.0,0.0,0.0,1.397615780445971
2025-09-07 06:15:00+02:00,0.0,0.0,0.0,1.482006861063467
2025-09-07 06:16:00+02:00,0.0,0.0,0.0,1.566397941680962
2025-09-07 06:17:00+02:00,0.0,0.0,0.0,1.6507890222984571
2025-09-07 06:18:00+02:00,0.0,0.0,0.0,1.735180102915953
2025-09-07 06:19:00+02:00,0.0,0.0,0.0,1.819571183533448
2025-09-07 06:20:00+02:00,0.0,0.0,0.0,1.903962264150944
2025-09-07 06:21:00+02:00,0.0,0.0,0.0,1.9898309748427672
2025-09-07 06:22:00+02:00,0.0,0.0,0.0,2.205731132075472
2025-09-07 06:23:00+02:00,0.0,0.0,0.0,2.502900943396227
2025-09-07 06:24:00+02:00,0.0,0.0,0.0,2.8000707547169816
2025-09-07 06:25:00+02:00,0.0,0.0,0.0,3.08646621554875
2025-09-07 06:26:00+02:00,0.0,0.0,0.0,3.3271989528795807
2025-09-07 06:27:00+02:00,0.0,0.0,0.0,3.562801047120418
2025-09-07 06:28:00+02:00,0.0,0.0,0.0,3.798403141361256
2025-09-07 06:29:00+02:00,0.0,0.0,0.0,4.034005235602094
2025-09-07 06:30:00+02:00,0.0,0.0,0.0,4.269607329842933
2025-09-07 06:31:00+02:00,0.0,0.0,0.0,4.521124927283305
2025-09-07 06:32:00+02:00,0.0,0.0,0.0,5.202361111111112
2025-09-07 06:33:00+02:00,0.0,0.0,0.0,6.073765025990904
2025-09-07 06:34:00+02:00,0.0,0.0,0.0,6.938421052631579
2025-09-07 06:35:00+02:00,0.0,0.0,0.0,7.685024685206994
2025-09-07 06:36:00+02:00,0.0,0.0,0.0,7.795877796901894
2025-09-07 06:37:00+02:00,0.0,0.0,0.0,7.811368330464716
2025-09-07 06:38:00+02:00,0.0,0.0,0.0,7.826858864027538
2025-09-07 06:39:00+02:00,0.0,0.0,0.0,7.84234939759036
2025-09-07 06:40:00+02:00,0.0,0.0,0.0,7.857839931153182
2025-09-07 06:41:00+02:00,0.0,0.0,0.0,7.873330464716004
2025-09-07 06:42:00+02:00,0.0,0.0,0.0,7.888820998278827
2025-09-07 06:43:00+02:00,0.0,0.0,0.0,7.904311531841649
2025-09-07 06:44:00+02:00,0.0,0.0,0.0,7.919802065404472
2025-09-07 06:45:00+02:00,0.0,0.0,0.0,8.051356368330465
2025-09-07 06:46:00+02:00,0.0,0.0,0.0,8.390460000000001
2025-09-07 06:47:00+02:00,0.0,0.0,0.0,8.73366
2025-09-07 06:48:00+02:00,0.0,0.0,0.0,9.07686
2025-09-07 06:49:00+02:00,0.0,0.0,0.0,9.411101720430109
2025-09-07 06:50:00+02:00,0.0,0.0,0.0,9.717048387096776
2025-09-07 06:51:00+02:00,0.0,0.0,0.0,10.02091935483871
2025-09-07 06:52:00+02:00,0.0,0.0,0.0,10.324790322580649
2025-09-07 06:53:00+02:00,0.0,0.0354527529491495,0.0,10.628661290322585
2025-09-07 06:54:00+02:00,0.0,0.8280324171157734,0.0565995321429593,11.038594758064514
2025-09-07 06:55:00+02:00,1.63753015359835,1.6206120812823936,0.8585798560194178,12.04906501004016
2025-09-07 06:56:00+02:00,1.6449803985336064,2.4087885250925307,1.660560179895887,12.512951807228916
2025-09-07 06:57:00+02:00,1.6449803985336064,2.723618780580937,2.2419959147063158,12.635843373493977
2025-09-07 06:58:00+02:00,1.6449803985336064,2.723618780580937,2.2687285921688662,12.758734939759035
2025-09-07 06:59:00+02:00,1.6449803985336064,2.723618780580937,2.2687285921688662,12.881626506024096
2025-09-07 07:00:00+02:00,1.6449803985336064,2.723618780580937,2.2687285921688662,13.00451807228916
2025-09-07 07:01:00+02:00,1.6449803985336064,2.723618780580937,2.2687285921688662,13.127409638554218
2025-09-07 07:02:00+02:00,1.6449803985336064,2.723618780580937,2.2687285921688662,13.25030120481928
2025-09-07 07:03:00+02:00,1.6449803985336064,2.723618780580937,2.2687285921688662,13.37319277108434
2025-09-07 07:04:00+02:00,1.6687184203273286,2.723618780580937,2.2687285921688662,13.4960843373494
2025-09-07 07:05:00+02:00,2.2486043812881995,2.723618780580937,2.2687285921688662,13.682840791738384
2025-09-07 07:06:00+02:00,3.062479414215737,2.889333875335131,2.2687285921688662,14.29618956043956
2025-09-07 07:07:00+02:00,3.876354447143264,4.657965886620783,3.630334522872218,15.020499999999998
2025-09-07 07:08:00+02:00,4.690229480070784,6.827327127039297,6.144068548786091,15.78156043956044
2025-09-07 07:09:00+02:00,5.504104512998303,8.996688367457804,8.657802574699971,16.634285714285717
2025-09-07 07:10:00+02:00,6.317979545925827,10.397734168561415,10.057812775243669,17.613595505617976
2025-09-07 07:11:00+02:00,7.13185457885335,10.42485118406665,10.061304072501883,18.610900043343445
2025-09-07 07:12:00+02:00,7.945729611780866,10.42485118406665,10.061304072501883,18.97928783382788
2025-09-07 07:13:00+02:00,8.759604644708393,10.42485118406665,10.061304072501883,19.24635014836794
2025-09-07 07:14:00+02:00,9.438964220804834,10.42485118406665,10.061304072501883,19.513412462908004
2025-09-07 07:15:00+02:00,9.512439050166346,10.42485118406665,10.061304072501883,19.780474777448067
2025-09-07 07:16:00+02:00,9.512439050166346,10.42485118406665,10.061304072501883,20.04753709198813
2025-09-07 07:17:00+02:00,9.512439050166346,10.42485118406665,10.061304072501883,20.23604792967018
2025-09-07 07:18:00+02:00,9.512439050166346,10.42485118406665,10.061304072501883,20.30645689655172
2025-09-07 07:19:00+02:00,9.512439050166346,10.43698084564144,10.084735356162682,20.375767241379307
2025-09-07 07:20:00+02:00,9.512439050166346,10.96076168637106,10.657128142733534,20.44507758620689
2025-09-07 07:21:00+02:00,9.512439050166346,11.7547031712665,11.460486439675073,20.51438793103448
2025-09-07 07:22:00+02:00,9.512439050166346,12.548644656161931,12.263844736616626,20.583698275862066
2025-09-07 07:23:00+02:00,9.512439050166346,13.342586141057351,13.067203033558176,20.653008620689647
2025-09-07 07:24:00+02:00,10.26548228121285,14.136527625952796,13.87056133049972,20.722318965517232
2025-09-07 07:25:00+02:00,12.150723377119489,14.930469110848223,14.673919627441254,20.791629310344817
2025-09-07 07:26:00+02:00,14.046496546187615,15.724410595743649,15.477277924382808,20.89582454361054
2025-09-07 07:27:00+02:00,15.942269715255753,16.518352080639094,16.28063622132435,21.67147414611006
2025-09-07 07:28:00+02:00,17.316705262830148,17.312293565534524,17.083994518265904,21.96081653225808
2025-09-07 07:29:00+02:00,17.379897701799084,18.016916633379235,17.770196396903497,22.17734879032261
2025-09-07 07:30:00+02:00,17.379897701799084,18.12608358755236,17.853879552834904,22.39388104838713
2025-09-07 07:31:00+02:00,17.379897701799084,18.12608358755236,17.853879552834904,22.610413306451637
2025-09-07 07:32:00+02:00,17.379897701799084,18.12608358755236,17.853879552834904,22.826945564516148
2025-09-07 07:33:00+02:00,17.379897701799084,18.12608358755236,17.853879552834904,23.043477822580652
2025-09-07 07:34:00+02:00,17.379897701799084,18.12608358755236,17.853879552834904,23.260010080645163
2025-09-07 07:35:00+02:00,17.379897701799084,18.12608358755236,17.853879552834904,23.5957721203591
2025-09-07 07:36:00+02:00,17.379897701799084,18.12608358755236,17.853879552834904,24.804182209209856
2025-09-07 07:37:00+02:00,17.379897701799084,18.12608358755236,17.853879552834904,24.546896551724128
2025-09-07 07:38:00+02:00,16.129290112666713,18.12608358755236,17.853879552834904,23.98137931034482
2025-09-07 07:39:00+02:00,13.400691736377896,17.765019518320894,17.371864574669974,22.874125183119222
2025-09-07 07:40:00+02:00,10.67209336008908,16.26352137676078,15.805315895633964,21.371736111111105
2025-09-07 07:41:00+02:00,7.943494983800267,14.678362048427529,14.198599301750871,20.713402777777777
2025-09-07 07:42:00+02:00,5.214896607511452,13.093202720094268,12.591882707867782,18.603847853535356
2025-09-07 07:43:00+02:00,2.5355645907945323,11.50804339176101,10.98516611398469,14.53090845372386
2025-09-07 07:44:00+02:00,1.6449803985336064,9.922884063427755,9.3784495201016,13.292085889570556
2025-09-07 07:45:00+02:00,1.6449803985336064,8.337724735094493,7.771732926218508,12.688404907975462
2025-09-07 07:46:00+02:00,1.6449803985336064,6.752565406761249,6.165016332335409,12.071809583565718
2025-09-07 07:47:00+02:00,1.6449803985336064,5.167406078428016,4.558299738452295,11.397045454545456
2025-09-07 07:48:00+02:00,1.6449803985336064,3.582246750094772,2.963856674105795,10.797005582137162
2025-09-07 07:49:00+02:00,1.6449803985336064,3.152932765337852,2.7976061376553822,10.946754385964915
2025-09-07 07:50:00+02:00,1.6449803985336064,3.945512429504461,3.6009644345969285,11.277280701754394
2025-09-07 07:51:00+02:00,1.6449803985336064,4.738092093671085,4.404322731538475,11.60780701754387
2025-09-07 07:52:00+02:00,1.6449803985336064,5.530671757837716,5.207681028480021,11.938333333333338
2025-09-07 07:53:00+02:00,2.0274263052101986,6.323251422004343,6.011039325421567,12.49028212422949
2025-09-07 07:54:00+02:00,3.939655838593176,7.115831086170967,6.8143976223631135,13.625795480354304
2025-09-07 07:55:00+02:00,6.010039694286007,7.908410750337602,7.617755919304653,14.506218487394955
2025-09-07 07:56:00+02:00,8.080423549978825,8.70099041450423,8.421114216246206,15.890751416845807
2025-09-07 07:57:00+02:00,10.15080740567165,9.49357007867086,9.224472513187756,20.73651162790697
2025-09-07 07:58:00+02:00,12.22119126136447,10.374038489580553,10.197812220615,25.194033680834
2025-09-07 07:59:00+02:00,14.291575117057292,12.452569290303584,12.395018083539105,18.40460098522168
2025-09-07 08:00:00+02:00,16.36195897275011,14.910409419075627,14.830197921143156,19.37502556022409
2025-09-07 08:01:00+02:00,18.313584428938377,17.368249547847665,17.26537775874723,20.859099264705897
2025-09-07 08:02:00+02:00,20.150345203638626,19.82608967661968,19.700557596351324,22.343658088235312
2025-09-07 08:03:00+02:00,21.98710597833886,22.283929805391715,22.13573743395541,23.82821691176472
2025-09-07 08:04:00+02:00,23.823866753039106,24.74247017351668,24.57169777791767,25.35658717105264
2025-09-07 08:05:00+02:00,25.66062752773935,27.48110628281224,27.3198606651625,28.840586124401916
2025-09-07 08:06:00+02:00,27.4973883024396,30.44311874569135,30.317005080675195,31.49461734997029
2025-09-07 08:07:00+02:00,29.334149077139838,33.40513120857046,33.31414949618788,32.01088235294118
2025-09-07 08:08:00+02:00,31.170909851840094,36.36714367144957,36.311293911700574,32.516764705882345
2025-09-07 08:09:00+02:00,33.671179392630485,39.32915613432871,39.30843832721329,34.07762578108166
2025-09-07 08:10:00+02:00,41.27098773565629,42.12027470999144,42.14282797426068,42.148417022792025
2025-09-07 08:11:00+02:00,48.24824464383212,44.62248588386944,44.70206993726099,46.888621913580245
2025-09-07 08:12:00+02:00,48.84973230833004,47.12018287959455,47.25701271769807,47.89897222222223
2025-09-07 08:13:00+02:00,48.84973230833004,49.61787987531963,49.81195549813513,48.42230555555557
2025-09-07 08:14:00+02:00,48.84973230833004,52.115576871044695,52.36689827857221,48.9918498931624
2025-09-07 08:15:00+02:00,48.84973230833004,54.61327386676979,54.921841059009225,49.84822115384616
2025-09-07 08:16:00+02:00,48.84973230833004,56.70428904529078,56.97399973323569,51.9186647033522
2025-09-07 08:17:00+02:00,48.84973230833004,57.579987630538994,57.83113531443992,52.733269980506826
2025-09-07 08:18:00+02:00,48.84973230833004,58.37529562401427,58.63726381240542,48.79646802325581
2025-09-07 08:19:00+02:00,48.84973230833004,59.170603617489576,59.443392310370925,48.75114380635975
2025-09-07 08:20:00+02:00,48.84973230833004,59.96591161096485,60.24952080833643,46.92030612244898
2025-09-07 08:21:00+02:00,50.93006993255986,60.76121960444014,61.055649306301945,46.74666666666668
2025-09-07 08:22:00+02:00,55.468988385424936,61.55652759791542,61.86177780426743,49.66193191865606
2025-09-07 08:23:00+02:00,60.00790683828997,62.35183559139071,62.66790630223292,54.15688864942528
2025-09-07 08:24:00+02:00,63.84823030408711,63.147143584866,63.47403480019837,57.4075625
2025-09-07 08:25:00+02:00,62.94809809818334,63.94245157834129,64.32550802617438,59.87593137254902
2025-09-07 08:26:00+02:00,61.14639001002311,63.65304783627112,70.10875335639086,59.38338235294117
2025-09-07 08:27:00+02:00,59.34468192186293,62.06685022706208,67.18965544156582,58.45838782763965
2025-09-07 08:28:00+02:00,57.5429738337027,60.476234240111495,60.996880225407125,57.47062153053133
2025-09-07 08:29:00+02:00,55.74126574554252,58.885618253160914,56.63800382203759,55.27107466063348
2025-09-07 08:30:00+02:00,53.9395576573824,57.295002266210375,55.75230721105245,53.73209383753502
2025-09-07 08:31:00+02:00,52.13784956922227,55.70438627925978,54.94894891411092,52.34510382059801
2025-09-07 08:32:00+02:00,50.33614148106214,54.11377029230921,54.14559061716936,51.542674418604655
2025-09-07 08:33:00+02:00,49.41768271886713,52.52315430535863,53.34223232022782,50.6128175313059
2025-09-07 08:34:00+02:00,50.94125740761966,50.932538318408064,52.53887402328628,48.197838104877576
2025-09-07 08:35:00+02:00,52.60339655937307,49.46757326416019,51.73551572634473,45.325148305084745
2025-09-07 08:36:00+02:00,54.26553571112648,50.23876964737019,50.93215742940319,45.97399660637773
2025-09-07 08:37:00+02:00,55.92767486287988,51.823928975703495,50.12879913246164,45.35999999999999
2025-09-07 08:38:00+02:00,57.58981401463329,53.40908830403679,49.347785150362576,44.77874025031743
2025-09-07 08:39:00+02:00,59.25195316638669,54.99424763237008,49.59420635870082,45.39076576576576
2025-09-07 08:40:00+02:00,60.91409231814009,56.57940696070331,50.39894737216034,46.6588536036036
2025-09-07 08:41:00+02:00,62.576231469893486,58.16456628903653,51.203688385619856,50.01201298701299
2025-09-07 08:42:00+02:00,64.12881021990906,59.74972561736975,52.008429399079375,54.188372319688106
2025-09-07 08:43:00+02:00,63.21429308415952,61.33488494570295,52.813170412538895,55.23917989417989
2025-09-07 08:44:00+02:00,61.2796721042499,62.92004427403617,53.617911425998415,55.73759259259258
2025-09-07 08:45:00+02:00,59.345051124340216,63.99330266477115,54.422652439457934,56.168418209876535
2025-09-07 08:46:00+02:00,57.41043014443049,62.70028561945155,55.227393452917454,55.78479166666665
2025-09-07 08:47:00+02:00,55.47580916452078,61.10692719114411,56.032134466376974,55.159791666666656
2025-09-07 08:48:00+02:00,53.54118818461107,59.51356876283669,56.64784998651693,54.42972822681705
2025-09-07 08:49:00+02:00,51.60656720470138,57.92021033452926,56.05765261891581,53.55109022556392
2025-09-07 08:50:00+02:00,49.67732017195809,56.32685190622185,55.25152412095031,51.429388575605685
2025-09-07 08:51:00+02:00,48.84973230833004,54.73349347791445,54.445395622984805,46.33511111111111
2025-09-07 08:52:00+02:00,48.84973230833004,53.14013504960711,53.6392671250193,44.71863782051283
2025-09-07 08:53:00+02:00,48.84973230833004,51.54677662129977,52.8331386270538,45.02056089743591
2025-09-07 08:54:00+02:00,48.84973230833004,49.95341819299242,52.02701012908831,45.32248397435898
2025-09-07 08:55:00+02:00,48.84973230833004,48.48932977158141,51.22088163112281,45.624407051282056
2025-09-07 08:56:00+02:00,48.84973230833004,47.24378083352722,50.414753133157326,45.92633012820513
2025-09-07 08:57:00+02:00,48.84973230833004,46.00164657490047,49.60862463519191,45.94421650432125
2025-09-07 08:58:00+02:00,48.84973230833004,44.75951231627373,48.309955845537615,45.45217877094973
2025-09-07 08:59:00+02:00,48.84973230833004,43.51737805764702,45.90307139958333,44.94938547486034
2025-09-07 09:00:00+02:00,48.84973230833004,42.27524379902031,43.455141929321655,44.060863382427634
2025-09-07 09:01:00+02:00,48.84973230833004,42.26337740234808,42.27068593728792,43.499848484848485
2025-09-07 09:02:00+02:00,48.84973230833004,45.592836418235215,45.57450379117368,44.27867768595042
2025-09-07 09:03:00+02:00,48.84973230833004,49.106706716403615,49.270587022952185,45.0795
2025-09-07 09:04:00+02:00,48.84973230833004,52.62057701457204,52.96667025473074,45.89950000000001
2025-09-07 09:05:00+02:00,48.84973230833004,55.482103799052666,55.56413900331499,47.28360180754918
2025-09-07 09:06:00+02:00,48.84973230833004,47.79008988246028,47.82532370796192,45.37796009292004
2025-09-07 09:07:00+02:00,48.84973230833004,44.81814914609802,44.76978255006757,43.665
2025-09-07 09:08:00+02:00,48.84973230833004,51.87041488221495,52.46590231131407,45.7536217948718
2025-09-07 09:09:00+02:00,48.84973230833004,56.52446754335453,56.80593393299954,48.194211570593154
2025-09-07 09:10:00+02:00,49.82916694737987,56.63224560498092,56.81675695449999,48.53778195488725
2025-09-07 09:11:00+02:00,52.663530862017936,56.63224560498092,56.81675695449999,48.87612781954891
2025-09-07 09:12:00+02:00,55.541869393103056,56.63224560498092,56.81675695449999,49.21447368421054
2025-09-07 09:13:00+02:00,58.42020792418819,56.63224560498092,56.81675695449999,49.83796789270473
2025-09-07 09:14:00+02:00,61.29854645527331,56.63224560498092,56.81675695449999,51.80913454438045
2025-09-07 09:15:00+02:00,63.875760791614496,56.63224560498092,56.81675695449999,54.23835007932311
2025-09-07 09:16:00+02:00,62.16188916589402,56.63224560498092,56.81675695449999,56.99972350230414
2025-09-07 09:17:00+02:00,59.03574665531147,56.63224560498092,56.81675695449999,55.56560544217688
2025-09-07 09:18:00+02:00,55.90960414472893,56.63665639100812,56.8368064625969,52.01781818181818
2025-09-07 09:19:00+02:00,52.78346163414639,57.11522667495901,57.398192689310406,49.85069344608879
2025-09-07 09:20:00+02:00,49.87505257478686,57.9091681598544,58.20017301318681,48.90441860465115
2025-09-07 09:21:00+02:00,50.93787817029158,58.70310964474984,59.002153337063234,48.19301044540796
2025-09-07 09:22:00+02:00,53.4689640635783,59.49705112964527,59.8041336609397,46.96618997175141
2025-09-07 09:23:00+02:00,56.00004995686501,60.29099261454071,60.60611398481619,47.18069444444445
2025-09-07 09:24:00+02:00,58.53113585015164,61.08493409943614,61.40809430869268,48.49719246031746
2025-09-07 09:25:00+02:00,61.062221743438286,61.87887558433157,62.21007463256917,51.01024234693877
2025-09-07 09:26:00+02:00,63.5963864812211,62.67281706922702,63.01205495644567,54.009503205128205
2025-09-07 09:27:00+02:00,66.4615270023445,63.46675855412242,63.81403528032216,55.41461538461538
2025-09-07 09:28:00+02:00,69.54680490494556,64.52365074448538,65.22292600812047,56.25036057692307
2025-09-07 09:29:00+02:00,72.63208280754662,67.92080421350911,70.15665114208443,58.3459375
2025-09-07 09:30:00+02:00,75.71736071014772,72.19926665989006,75.77552290970043,60.84918560606061
2025-09-07 09:31:00+02:00,78.80263861274877,78.84733907657429,81.47740740750505,64.73719696969697
2025-09-07 09:32:00+02:00,86.63423767472413,86.41499052585174,88.00986641382327,70.06541666666666
2025-09-07 09:33:00+02:00,101.28445387098532,100.32038066776148,101.8996825622629,81.7058723036223
2025-09-07 09:34:00+02:00,107.75697647772353,105.7404375645415,106.78860844079664,88.28363675213676
2025-09-07 09:35:00+02:00,98.78189185709844,108.82093052593576,109.9265582986488,83.86561475908194
2025-09-07 09:36:00+02:00,101.7251849345631,111.90142348733004,113.06450815650098,83.83209302325581
2025-09-07 09:37:00+02:00,107.8556721955756,114.98191644872436,116.2024580143532,85.02911175710595
2025-09-07 09:38:00+02:00,109.53422970564029,117.02488226687124,117.72110202710056,91.28761224668064
2025-09-07 09:39:00+02:00,102.45822963224614,108.32676811337878,109.35379809610002,89.03268867924528
2025-09-07 09:40:00+02:00,95.29669015215346,99.62654306285148,100.8789233801618,81.37344473938224
2025-09-07 09:41:00+02:00,88.72960892177879,93.50635837133969,94.50737713488618,81.84914351851852
2025-09-07 09:42:00+02:00,82.08107884955368,85.52405081905863,86.57478421579835,73.87783333333333
2025-09-07 09:43:00+02:00,71.03159489557235,69.47068898872834,72.43437206085748,60.398829365079365
2025-09-07 09:44:00+02:00,63.63243735415581,59.62716931744762,68.4648924285867,52.99348060344828
2025-09-07 09:45:00+02:00,61.75923291329086,63.884239451596656,65.20667271555546,53.58822948175035
2025-09-07 09:46:00+02:00,59.88602847242592,70.09870615496497,61.94845300252419,57.53980555555555
2025-09-07 09:47:00+02:00,58.012824031561,62.11937369246449,58.690233289492966,54.74837037505623
2025-09-07 09:48:00+02:00,56.13961959069607,58.04478320662527,58.04187835733585,51.75425480769232
2025-09-07 09:49:00+02:00,54.26641514983113,60.36676282576664,60.45195324816048,51.2782932692308
2025-09-07 09:50:00+02:00,52.39321070896621,62.688742444908016,62.86202813898511,50.80233173076925
2025-09-07 09:51:00+02:00,50.52000626810127,65.01072206404945,65.27210302980977,50.11528846153846
2025-09-07 09:52:00+02:00,51.13816373358669,67.33270168319089,67.68217792063439,49.257458333333325
2025-09-07 09:53:00+02:00,59.56446171007748,69.65468130233235,70.09225281145902,51.0945
2025-09-07 09:54:00+02:00,66.30779042699035,71.54933320169617,71.92897417970856,59.24115625
2025-09-07 09:55:00+02:00,70.23224441131525,70.09581190095713,70.36057265266416,62.58620689655172
2025-09-07 09:56:00+02:00,74.1496512088087,67.92134628114943,68.23048368309699,60.858095238095245
2025-09-07 09:57:00+02:00,78.06705800630218,65.74688066134169,66.10039471352991,62.2805
2025-09-07 09:58:00+02:00,78.09433428431642,63.57241504153397,63.97030574396281,67.25466666666667
2025-09-07 09:59:00+02:00,71.9310845114645,61.39794942172624,61.840216774395714,66.53271929824562
2025-09-07 10:00:00+02:00,66.50585375072441,59.22348380191852,59.71012780482863,60.13213095238095
2025-09-07 10:01:00+02:00,70.18957113465413,58.33614007500306,58.06601066394764,52.99108566252588
2025-09-07 10:02:00+02:00,76.36012693985626,70.53572805238925,70.38300821445021,57.39525
2025-09-07 10:03:00+02:00,81.58078993917734,84.43219668004842,85.21848246177652,67.93207969114219
2025-09-07 10:04:00+02:00,85.19559642138628,85.41053511274337,85.83664870229752,70.26711581541218
2025-09-07 10:05:00+02:00,88.7853113955153,82.85056866283126,83.28170592186048,66.97636363636364
2025-09-07 10:06:00+02:00,92.37502636964426,80.29060221291908,80.72676314142339,70.25551195090439
2025-09-07 10:07:00+02:00,94.2730703560891,77.73063576300692,78.17182036098632,74.68727252252252
2025-09-07 10:08:00+02:00,81.673167595795,75.17066931309475,75.61687758054924,69.14489001937984
2025-09-07 10:09:00+02:00,70.15374955600971,73.28772809372042,73.64531340164538,63.190549418604654
2025-09-07 10:10:00+02:00,71.7078892015873,79.88844246699223,80.52259183677621,56.86458225667528
2025-09-07 10:11:00+02:00,89.03694286069879,93.61996309891788,95.2314468454712,75.39446296296296
2025-09-07 10:12:00+02:00,83.5591087125921,87.7249135724606,89.17691395543235,74.55534722222222
2025-09-07 10:13:00+02:00,69.33487569663598,75.73982907544897,76.34681243640414,60.37500648148148
2025-09-07 10:14:00+02:00,77.62033240234014,83.11697167550498,84.48039990968222,64.76636203703704
2025-09-07 10:15:00+02:00,83.53662490601452,81.46535235862042,81.29202923779948,69.16934794372294
2025-09-07 10:16:00+02:00,87.35887202421664,80.39910449462712,80.80941565140458,67.0703253968254
2025-09-07 10:17:00+02:00,91.18111914241877,91.8653838509281,92.82599687571626,72.91990476190476
2025-09-07 10:18:00+02:00,94.8884865000127,99.54522394218188,100.34625116990864,72.80043492063491
2025-09-07 10:19:00+02:00,94.77912776301972,101.36440394860416,102.10799979401511,84.85791666666667
2025-09-07 10:20:00+02:00,92.79155926155464,98.36392379140192,99.129945470321,82.92890053763442
2025-09-07 10:21:00+02:00,90.8039907600895,95.36344363419973,96.15189114662678,84.20313116039428
2025-09-07 10:22:00+02:00,88.81642225862439,92.36296347699748,93.1738368229326,84.9915625
2025-09-07 10:23:00+02:00,86.82885375715927,89.36248331979522,90.19578249923852,77.79124537037036
2025-09-07 10:24:00+02:00,84.84128525569413,85.69479569708085,86.65146453926,68.68257156970867
2025-09-07 10:25:00+02:00,82.85371675422901,80.89914979304784,81.76124460318509,72.21601851851852
2025-09-07 10:26:00+02:00,81.02401502176048,76.0858795408693,76.81357763154506,71.9130150462963
2025-09-07 10:27:00+02:00,82.22742563788196,73.10165198451861,73.49126963826264,64.23218660968661
2025-09-07 10:28:00+02:00,84.58766323337186,75.62059674982537,75.98498924535126,65.8003105590062
2025-09-07 10:29:00+02:00,86.94790082886166,78.5085589011325,78.99177078117108,62.81125
2025-09-07 10:30:00+02:00,89.30813842435155,81.39652105243965,81.99855231699091,62.272298634336686
2025-09-07 10:31:00+02:00,91.6683760198413,84.28448320374679,85.00533385281075,64.778327991453
2025-09-07 10:32:00+02:00,94.02861361533112,87.68680462710046,89.04473849843222,71.0456923076923
2025-09-07 10:33:00+02:00,96.55710533495876,95.66692357166828,99.04850517346657,80.23023518199705
2025-09-07 10:34:00+02:00,99.68358130659004,103.36815597515402,105.60630123026154,82.73308411214954
2025-09-07 10:35:00+02:00,102.86235247896693,107.21877217689683,109.0442021774673,84.7848100553825
2025-09-07 10:36:00+02:00,106.04112365134378,110.84288154324308,112.482103124673,89.6505137576848
2025-09-07 10:37:00+02:00,109.21989482372064,114.4669909095893,115.92000407187874,88.58520917678813
2025-09-07 10:38:00+02:00,114.35656775836073,118.85960561031696,120.4950906452994,94.3317015022015
2025-09-07 10:39:00+02:00,124.98187636347384,128.77496781920237,130.4928448160534,101.88580555555556
2025-09-07 10:40:00+02:00,130.51703839018046,135.5698777407094,136.91372553670163,109.41428240740738
2025-09-07 10:41:00+02:00,134.21937187330172,139.01819075719547,140.48284407731225,108.96356986215538
2025-09-07 10:42:00+02:00,137.92170535642302,142.46650377368164,144.05196261792287,109.96318713450292
2025-09-07 10:43:00+02:00,141.62930340104478,145.91481679016783,147.62108115853331,113.8159889214728
2025-09-07 10:44:00+02:00,147.44272604585458,150.3147315717805,152.54646474457576,117.79143244289584
2025-09-07 10:45:00+02:00,154.9355438093143,158.74762526273864,160.88306041458364,121.62795238975116
2025-09-07 10:46:00+02:00,166.72112174975626,168.72384779396342,170.82268116712032,133.6368220899471
2025-09-07 10:47:00+02:00,171.58405906794906,177.64990227016742,179.34584844146707,141.0136273148148
2025-09-07 10:48:00+02:00,164.49545910488646,170.75050758390563,172.28174556212673,142.26869444444444
2025-09-07 10:49:00+02:00,151.59314236351858,154.74030001916717,157.13045542612568,125.82626984126983
2025-09-07 10:50:00+02:00,132.88467202603712,135.10027057127806,137.3445780458435,112.1073646640827
2025-09-07 10:51:00+02:00,122.9694743421332,127.21802397899822,128.80271646163231,108.46697674418606
2025-09-07 10:52:00+02:00,115.8710154083292,121.0442385553216,122.33194809100816,104.2686030361757
2025-09-07 10:53:00+02:00,120.46914973510886,126.67183219343886,127.64777885782549,98.1951851851852
2025-09-07 10:54:00+02:00,131.1515237874231,136.17038511882242,137.70871790840854,108.26574508101852
2025-09-07 10:55:00+02:00,137.28201104843563,141.91980694296237,143.7416795706019,110.42337239583333
2025-09-07 10:56:00+02:00,144.0790105872443,147.41181845845344,149.08352428241352,116.3179415954416
2025-09-07 10:57:00+02:00,154.4657906026323,146.5418142673623,147.3831399224925,123.98014376218325
2025-09-07 10:58:00+02:00,155.4653668300884,142.83037696447758,143.81402138188187,122.71381303418804
2025-09-07 10:59:00+02:00,148.5234915492359,139.11893966159283,140.2449028412713,123.1768923237754
2025-09-07 11:00:00+02:00,138.2981092605404,135.40750235870823,136.67578430066084,116.88788095238095
2025-09-07 11:01:00+02:00,116.85851311536553,120.90341679002054,122.41949663965816,95.98228333333331
2025-09-07 11:02:00+02:00,107.58571037909802,112.24684163268476,113.3129291869143,92.37209444444444
2025-09-07 11:03:00+02:00,102.95779352519642,106.39780436421458,107.61104468910972,89.26073770491803
2025-09-07 11:04:00+02:00,98.33175441533665,104.2106261399701,104.8141428374831,86.0377794117647
2025-09-07 11:05:00+02:00,98.1465799644408,107.00819701493792,107.6155273027087,79.58306074297188
2025-09-07 11:06:00+02:00,101.68251643708469,109.8343373464923,110.5561218235891,77.65614457831323
2025-09-07 11:07:00+02:00,105.21845290972855,112.66047767804665,113.4967163444694,79.0415332535817
2025-09-07 11:08:00+02:00,108.75438938237252,115.486618009601,116.43731086534976,84.62925
2025-09-07 11:09:00+02:00,119.0905342366409,123.6563313458885,125.09348177823858,97.25897486772487
2025-09-07 11:10:00+02:00,150.01156303061444,151.88949802359355,154.46269357999648,120.96425925925926
2025-09-07 11:11:00+02:00,154.3702961534745,161.72523372822073,162.45134319827594,125.91369047619048
2025-09-07 11:12:00+02:00,146.33969778776884,152.58490184660587,153.34632472852897,122.75355555555556
2025-09-07 11:13:00+02:00,147.40245399771763,153.3924225627429,154.72459078281832,114.93713384383088
2025-09-07 11:14:00+02:00,152.98881517047457,158.5552599282082,159.94866373052764,115.90913338937928
2025-09-07 11:15:00+02:00,157.74107835475434,163.1617425154831,164.61562238785612,126.67525595238097
2025-09-07 11:16:00+02:00,154.2359898155303,159.76835798891705,161.29682947743632,133.05759550712943
2025-09-07 11:17:00+02:00,148.58272611375835,153.72817571167337,155.340720830048,131.23122469397364
2025-09-07 11:18:00+02:00,138.92936069643244,142.70915747161592,144.55621138244243,119.13881084656084
2025-09-07 11:19:00+02:00,116.17718364704989,118.6193080526292,120.394045036927,98.85414351851853
2025-09-07 11:20:00+02:00,89.37182737534083,91.29943349535066,93.65697513603652,74.20878769841269
2025-09-07 11:21:00+02:00,69.48011529338002,76.98550267133601,77.15347833000324,57.27404463566828
2025-09-07 11:22:00+02:00,81.05751461876731,84.38244504215281,84.81866403720728,61.850509334415584
2025-09-07 11:23:00+02:00,93.42325638019152,98.70362869092028,99.3245230272924,75.2551917989418
2025-09-07 11:24:00+02:00,86.10446298223805,92.09411703556152,92.13511944666612,73.36748148148148
2025-09-07 11:25:00+02:00,81.87594776486569,77.82185445874421,78.16752781831892,64.66139814814815
2025-09-07 11:26:00+02:00,85.06717127360496,76.46875331092897,76.68301419757117,62.79188718323587
2025-09-07 11:27:00+02:00,88.32267140531502,82.0696496043731,82.4552923311512,60.4325303030303
2025-09-07 11:28:00+02:00,91.57817153702511,88.33475475312956,88.88435211134049,67.47935515873016
2025-09-07 11:29:00+02:00,94.84336065722242,98.01579115777776,98.6911460740917,72.59673141186299
2025-09-07 11:30:00+02:00,98.96118076429616,105.12821380617636,105.88792802169144,88.17255949566588
2025-09-07 11:31:00+02:00,103.61189523816776,109.4874019590928,110.29881980301202,84.3830950270179
2025-09-07 11:32:00+02:00,108.26260971203932,113.8465901120092,114.70971158433257,84.41535714285713
2025-09-07 11:33:00+02:00,113.16159026738374,116.22598031214277,117.26684510360238,94.211875
2025-09-07 11:34:00+02:00,118.68499763370534,108.48815810471652,109.4121793673386,91.29140105820106
2025-09-07 11:35:00+02:00,124.23849785838723,121.66853248869204,123.66003025545116,101.01038105413106
2025-09-07 11:36:00+02:00,129.9816837197244,131.68534681064247,134.56941508946187,106.71166666666666
2025-09-07 11:37:00+02:00,135.9931118955233,135.99835877206073,141.29653219493147,108.33695370370371
2025-09-07 11:38:00+02:00,141.51892843370672,138.74063737270848,147.48930741109015,114.64765802154194
2025-09-07 11:39:00+02:00,135.20220015938335,141.48291597335626,142.93815148714597,114.30920535714286
2025-09-07 11:40:00+02:00,130.89493040404196,144.225194574004,138.7852764807097,109.25032051282052
2025-09-07 11:41:00+02:00,138.5127528091693,146.9674731746517,145.81617165093502,112.97533333333332
2025-09-07 11:42:00+02:00,156.25547349498717,157.7842902352884,161.5528944458867,124.21552777777778
2025-09-07 11:43:00+02:00,168.9727134876759,171.4569269362318,176.07538174483952,133.5920833333333
2025-09-07 11:44:00+02:00,169.93417363731012,177.53443248452177,176.85722489967958,137.40578125
2025-09-07 11:45:00+02:00,160.65725521179414,164.7807350560814,166.1126233068631,134.41975801282052
2025-09-07 11:46:00+02:00,145.90253572781012,143.32314549827277,152.89881706479906,114.611579218107
2025-09-07 11:47:00+02:00,150.79368065673535,138.59569474796848,157.64556355028114,114.85581750553972
2025-09-07 11:48:00+02:00,155.78889249904176,152.3379839724639,162.3923100357631,123.92471296296296
2025-09-07 11:49:00+02:00,159.5488517601181,164.1964304054705,166.24851832478456,133.8055603546911
2025-09-07 11:50:00+02:00,161.22053495934134,165.44854228894098,167.98808510337798,135.50831521739136
2025-09-07 11:51:00+02:00,162.85958884509813,166.24248377383643,169.637307427258,134.50775778495887
2025-09-07 11:52:00+02:00,164.4986427308549,167.03642525873184,171.28652975113806,133.63459459459463
2025-09-07 11:53:00+02:00,166.1376966166117,167.8303667436273,172.93575207501806,131.58005065505066
2025-09-07 11:54:00+02:00,167.77675050236846,168.62430822852272,174.5849743988981,128.4250305250305
2025-09-07 11:55:00+02:00,169.41580438812525,169.41824971341816,176.23419672277817,129.03346153846155
2025-09-07 11:56:00+02:00,171.05485827388205,170.21219119831358,177.8834190466582,130.4624434794596
2025-09-07 11:57:00+02:00,172.69391215963898,171.00613268320905,179.53264137053813,135.56720085470087
2025-09-07 11:58:00+02:00,174.17675574548576,171.7989714715977,180.9320887039856,140.20977243659618
2025-09-07 11:59:00+02:00,170.24129502471968,168.4722100343727,176.5130082663799,139.22330935251804
2025-09-07 12:00:00+02:00,163.5927384177061,160.72795398617473,169.63720637196843,137.52444890241657
2025-09-07 12:01:00+02:00,153.8914488394166,152.9836979379768,158.52330244781197,129.98178872053873
2025-09-07 12:02:00+02:00,138.1494624885974,140.9380783459058,142.91214734205033,118.097375
2025-09-07 12:03:00+02:00,123.64606516882051,126.377209484436,128.43969335461964,107.44986655011654
2025-09-07 12:04:00+02:00,111.91476212628062,114.49583019078518,115.87078625917306,98.77545347707849
2025-09-07 12:05:00+02:00,102.5732356723365,105.15568825545095,106.15337992283594,91.4276701388889
2025-09-07 12:06:00+02:00,97.01053894621408,104.33935370446876,105.0745622264002,86.24817283950618
2025-09-07 12:07:00+02:00,98.79464609893016,105.96066578941318,106.75944341133716,82.65409572879332
2025-09-07 12:08:00+02:00,100.8119431890924,107.58197787435758,108.444324596274,81.091875
2025-09-07 12:09:00+02:00,102.82924027925463,109.203289959302,110.12920578121084,81.75634615384617
2025-09-07 12:10:00+02:00,104.84653736941688,110.82460204424636,111.81408696614774,83.07862393162394
2025-09-07 12:11:00+02:00,106.8638344595791,112.44591412919075,113.49896815108468,87.47900500541125
2025-09-07 12:12:00+02:00,108.88113154974135,114.06722621413516,115.18384933602158,91.7585212010212
2025-09-07 12:13:00+02:00,110.90595158727614,115.68853829907944,116.86873052095837,93.02619658119654
2025-09-07 12:14:00+02:00,115.93995057382811,117.30985038402368,118.63713573044755,94.4332727920228
2025-09-07 12:15:00+02:00,123.37376977222124,118.99204761957093,125.75107851129206,99.73152777777776
2025-09-07 12:16:00+02:00,123.96828566984786,120.75529326988185,132.02346372540953,105.3389701897019
2025-09-07 12:17:00+02:00,114.80347411107512,122.5189342783136,121.86306441225346,100.42530949741317
2025-09-07 12:18:00+02:00,113.9760590835936,124.28257528674548,121.67041359434464,94.42536652191892
2025-09-07 12:19:00+02:00,116.68120245951324,126.04621629517736,124.2045844822577,95.77765313390312
2025-09-07 12:20:00+02:00,119.3863458354328,127.80985730360923,126.73875537017082,100.64466503770667
2025-09-07 12:21:00+02:00,122.09148921135248,129.57349831204112,129.27292625808408,102.7639208633094
2025-09-07 12:22:00+02:00,124.796632587272,131.33713932047297,131.80709714599735,103.44161870503596
2025-09-07 12:23:00+02:00,129.1084324456409,133.4239581626308,135.22264948109046,107.0359476418865
2025-09-07 12:24:00+02:00,143.97669965639716,147.17773834887268,150.01992608259016,118.66277777777778
2025-09-07 12:25:00+02:00,163.9540730159133,166.63888615918577,170.435983974581,132.90914814814815
2025-09-07 12:26:00+02:00,184.50770930626328,187.39278656786607,190.1791322731483,146.93282407407406
2025-09-07 12:27:00+02:00,205.40007077274385,208.5121418547997,211.5637680449861,163.1125
2025-09-07 12:28:00+02:00,219.6139309905637,223.09224071583915,225.72655704151947,173.24230589016554
2025-09-07 12:29:00+02:00,216.03322865552573,220.45331430559975,221.9854763746021,172.9929603547209
2025-09-07 12:30:00+02:00,209.981337385039,213.6558784945641,215.20087772386623,169.25518518518518
2025-09-07 12:31:00+02:00,203.18506918686177,205.9661430289357,207.67302586863923,164.83824255952382
2025-09-07 12:32:00+02:00,195.19779790437968,197.4667829036342,199.6043245833585,158.67579166666667
2025-09-07 12:33:00+02:00,184.77027762021797,186.32099927968036,188.3164681851197,151.21599074074075
2025-09-07 12:34:00+02:00,172.52455628715614,174.29537865570563,176.77267950813703,141.22249421296297
2025-09-07 12:35:00+02:00,163.88473583625745,163.91095984674487,167.11997015476618,135.53791091954022
2025-09-07 12:36:00+02:00,156.15350370654613,157.92223520448505,160.09506897124237,131.87918756530826
2025-09-07 12:37:00+02:00,149.4527674068679,152.28718710437357,153.69021241206457,127.34906904186796
2025-09-07 12:38:00+02:00,143.14131207767105,146.94862356116334,147.98989007439633,121.9752629556434
2025-09-07 12:39:00+02:00,138.56061498875326,142.004731019023,143.06826345523857,117.55858034083992
2025-09-07 12:40:00+02:00,134.18980462673508,137.0627637012782,138.14663683608094,115.23020215633424
2025-09-07 12:41:00+02:00,129.81899426471696,133.05444914928418,134.15010391087023,112.86761796733212
2025-09-07 12:42:00+02:00,126.43321142041636,130.92138610977676,132.01163151137436,109.41399348032242
2025-09-07 12:43:00+02:00,124.13614320096144,128.83997194667262,129.9243345077137,109.1424324324324
2025-09-07 12:44:00+02:00,121.83907498150651,126.75855778356843,127.83703750405304,110.3006274131274
2025-09-07 12:45:00+02:00,119.54200676205171,124.67714362046416,125.7497405003924,112.8252192982456
2025-09-07 12:46:00+02:00,117.24493854259696,122.59572945735984,123.66244349673173,112.4032894736842
2025-09-07 12:47:00+02:00,114.9478703231422,120.51431529425552,121.57514649307107,110.63753106725146
2025-09-07 12:48:00+02:00,112.55927502299429,117.32281357749557,118.68506562769178,102.68178215303216
2025-09-07 12:49:00+02:00,102.23017856605097,105.76969672707804,107.01810154366142,91.73500427350427
2025-09-07 12:50:00+02:00,97.59821723960523,104.81049304958294,105.50326472526493,84.1453302373581
2025-09-07 12:51:00+02:00,99.83012040318904,106.7979078633857,107.55394248324734,82.99184210526316
2025-09-07 12:52:00+02:00,102.0620235667728,108.78532267718846,109.60462024122968,84.1286605263158
2025-09-07 12:53:00+02:00,104.2939267303566,110.77273749099125,111.65529799921208,85.65095277777777
2025-09-07 12:54:00+02:00,106.52582989394035,112.760152304794,113.7059757571945,86.41489583333338
2025-09-07 12:55:00+02:00,108.75773305752408,114.74756711859676,115.75665351517692,87.24721217105264
2025-09-07 12:56:00+02:00,111.08267093457592,116.73498193239952,117.80733127315916,92.19372132253712
2025-09-07 12:57:00+02:00,119.36183047358844,121.56439992994028,123.54752009737804,100.3568287037037
2025-09-07 12:58:00+02:00,131.65127182686513,133.79779207619907,136.26044052327003,109.4542742165242
2025-09-07 12:59:00+02:00,145.44724981356438,148.15027635815954,150.86319591159645,119.77894444444443
2025-09-07 13:00:00+02:00,161.15320501818368,164.03587537057172,166.4613615704104,130.97046296296296
2025-09-07 13:01:00+02:00,176.35389946594665,178.46404964957466,181.47826747022225,142.17440374440375
2025-09-07 13:02:00+02:00,189.5760524032505,191.6541425805455,195.04612603152663,152.20630662393162
2025-09-07 13:03:00+02:00,197.89436565315023,200.2211657076529,203.3998245125824,159.02759444444445
2025-09-07 13:04:00+02:00,204.62429289005263,206.91788953677093,210.3326744766748,163.33045119047617
2025-09-07 13:05:00+02:00,202.9376083785559,208.95536498536055,210.10584309240215,167.20904761904762
2025-09-07 13:06:00+02:00,198.90301419823143,204.41161565594797,205.89364013006005,168.89435006435005
2025-09-07 13:07:00+02:00,194.8684200179069,199.81386496729976,201.6814371677179,166.6914319126819
2025-09-07 13:08:00+02:00,189.3819832348142,192.8985488908778,195.91962295296932,156.43355820105822
2025-09-07 13:09:00+02:00,168.00971529994106,169.76654078637893,174.01519155054268,137.63006613756613
2025-09-07 13:10:00+02:00,137.00368051302397,139.6218232035381,141.69331642576827,115.3658611111111
2025-09-07 13:11:00+02:00,110.70080780079292,112.5230646332326,114.31842279727994,97.10811805555556
2025-09-07 13:12:00+02:00,91.89355100328706,93.5642703679622,95.51547925513684,83.81099572649573
2025-09-07 13:13:00+02:00,81.05232041672875,83.66013767071738,84.7991870884231,75.26268452380953
2025-09-07 13:14:00+02:00,80.319566914861,77.77384538779835,78.72705035050124,70.9780856374808
2025-09-07 13:15:00+02:00,80.319566914861,73.0228146130976,73.55746760048093,68.69819743130228
2025-09-07 13:16:00+02:00,80.319566914861,74.03914076354447,74.33076323208017,67.72982584712372
2025-09-07 13:17:00+02:00,80.319566914861,75.84764935144712,76.18246433631772,68.01978723404257
2025-09-07 13:18:00+02:00,80.319566914861,77.65615793934978,78.03416544055523,68.66078191489362
2025-09-07 13:19:00+02:00,80.319566914861,79.46466652725252,79.88586654479279,70.21631140350878
2025-09-07 13:20:00+02:00,80.319566914861,81.27317511515527,81.73756764903037,71.04397129186604
2025-09-07 13:21:00+02:00,80.319566914861,83.08168370305799,83.58926875326793,71.47459330143543
2025-09-07 13:22:00+02:00,80.32246149125969,84.89019229096074,85.44096985750546,71.90521531100481
2025-09-07 13:23:00+02:00,81.4831866271334,86.70007888984385,87.29487877757364,73.71717271551312
2025-09-07 13:24:00+02:00,83.5672816341885,88.70288702597817,89.34307549073917,76.774227703236
2025-09-07 13:25:00+02:00,85.65137664124356,90.8421182491687,91.51270207459062,77.30339779005526
2025-09-07 13:26:00+02:00,87.7354716482986,92.9813494723592,93.68232865844207,76.78295580110499
2025-09-07 13:27:00+02:00,89.81956665535361,95.12058069554963,95.85195524229349,76.27734612537466
2025-09-07 13:28:00+02:00,91.9036616624086,97.25981191874008,98.02158182614488,76.67338235294118
2025-09-07 13:29:00+02:00,93.9877566694636,99.39904314193056,100.19120840999628,77.9585673374613
2025-09-07 13:30:00+02:00,96.86305267231292,101.538274365121,102.36083499384772,82.1545562865497
2025-09-07 13:31:00+02:00,104.33241897332267,106.65163121944154,107.88487628955218,87.64916666666666
2025-09-07 13:32:00+02:00,113.0958365096411,116.29939936963794,117.70407676556592,95.0318287037037
2025-09-07 13:33:00+02:00,124.18123495662331,127.05676842721772,128.63989240576217,102.97757326007326
2025-09-07 13:34:00+02:00,134.71500683959053,132.9145527826629,138.82433700943315,110.6873247863248
2025-09-07 13:35:00+02:00,141.6856911923576,130.9826219177638,147.48909737258734,115.66722544893378
2025-09-07 13:36:00+02:00,136.8762036369755,128.9736047690285,145.3324220259751,115.71999999999998
2025-09-07 13:37:00+02:00,130.93849899423387,126.96458762029305,137.4043031724649,113.00793430335098
2025-09-07 13:38:00+02:00,125.84390960223443,124.9555704715576,132.18705178249826,107.27369047619048
2025-09-07 13:39:00+02:00,121.87164895310622,122.94655332282215,128.4011851523769,107.54965354090352
2025-09-07 13:40:00+02:00,117.90486307833342,120.93753617408667,124.61531852225556,112.32449018723212
2025-09-07 13:41:00+02:00,113.9380772035606,118.6414196152448,120.79281447313318,105.16867691798944
2025-09-07 13:42:00+02:00,100.35859714929568,103.92712045942716,105.3228460331167,87.3236011904762
2025-09-07 13:43:00+02:00,88.39776106609105,92.02514045099964,93.63270029525702,78.57497495446265
2025-09-07 13:44:00+02:00,81.35480104720543,82.3785225617322,84.45521981884443,74.37870722446952
2025-09-07 13:45:00+02:00,81.22890502956169,74.1058160160676,75.87328138215076,68.5656173901957
2025-09-07 13:46:00+02:00,82.03720557596226,74.17815686908018,74.09063837173954,66.15801749370364
2025-09-07 13:47:00+02:00,82.84550612236288,76.45438319523366,76.53217638124337,66.12872881355935
2025-09-07 13:48:00+02:00,83.65380666876347,78.7306095213871,78.97371439074723,66.93720697063739
2025-09-07 13:49:00+02:00,84.46210721516408,81.00683584754049,81.41525240025108,68.07133802816901
2025-09-07 13:50:00+02:00,85.27040776156467,83.28306217369386,83.85679040975486,69.96948232323233
2025-09-07 13:51:00+02:00,86.07870830796527,85.55928849984724,86.29832841925862,71.64614583333335
2025-09-07 13:52:00+02:00,86.88700885436597,88.40771645254922,89.50815096765044,75.20378228557506
2025-09-07 13:53:00+02:00,87.69530940076666,93.06346417691076,94.26108118563862,78.82907755570612
2025-09-07 13:54:00+02:00,92.5694145256635,97.8517952049848,99.05651225045894,82.30669612794613
2025-09-07 13:55:00+02:00,100.85594795404944,102.80524109609584,104.15247232845428,87.70874722499723
2025-09-07 13:56:00+02:00,107.79782323490184,108.9475140010735,110.69204498759372,93.20475852272727
2025-09-07 13:57:00+02:00,113.58116282800066,115.3209477143031,117.35068101500464,97.97904135338348
2025-09-07 13:58:00+02:00,117.8222958237651,120.60333174902964,122.39819826328392,101.2335012020629
2025-09-07 13:59:00+02:00,122.0559058605182,124.96251990194612,126.7678667569286,103.71013098464316
2025-09-07 14:00:00+02:00,126.27581813752472,129.32170805486254,131.13753525057328,106.83968398268398
2025-09-07 14:01:00+02:00,130.05740210264528,133.5896490381091,135.33110983868357,110.69557990763872
2025-09-07 14:02:00+02:00,133.63351967156936,137.327767745853,138.96848538370315,112.64682432432431
2025-09-07 14:03:00+02:00,137.2096372404933,140.98052619809923,142.56505868231838,114.04961902286902
2025-09-07 14:04:00+02:00,140.78575480941717,144.63328465034544,146.16163198093358,116.16501025641026
2025-09-07 14:05:00+02:00,142.5024188817063,148.05863748605768,149.43865058623285,120.35097352941176
2025-09-07 14:06:00+02:00,140.02874332962688,146.48998462533962,147.83074592726285,123.23344975490195
2025-09-07 14:07:00+02:00,137.3916063514259,142.88003193620568,144.53810840036152,122.3016271551724
2025-09-07 14:08:00+02:00,134.754469373225,139.27007924707175,141.24547087346022,119.59891159128227
2025-09-07 14:09:00+02:00,132.11733239502405,135.66012655793782,137.95283334655898,116.97690522243714
2025-09-07 14:10:00+02:00,129.4801954168231,134.79427969059537,135.58031507998328,114.98597222222224
2025-09-07 14:11:00+02:00,128.7121941958629,136.98420359679974,137.57424000614793,112.58746527777778
2025-09-07 14:12:00+02:00,131.76064271399798,139.17412750300414,140.12918278658506,110.16307511737092
2025-09-07 14:13:00+02:00,134.91815120294763,141.36405140920854,142.68412556702214,111.03025070422537
2025-09-07 14:14:00+02:00,138.07565969189727,143.55397531541306,145.2390683474592,114.96445396825398
2025-09-07 14:15:00+02:00,141.23316818084692,145.74389922161762,147.79401112789628,119.63156314699796
2025-09-07 14:16:00+02:00,145.78353389181632,147.93382312782217,151.0254814654031,123.49292132616488
2025-09-07 14:17:00+02:00,152.68861671774752,153.78008352811844,158.18517632783198,127.7593846930847
2025-09-07 14:18:00+02:00,161.85767698454,164.3129988893942,167.54110272234885,137.40746626984128
2025-09-07 14:19:00+02:00,181.4942676875541,184.3983771613004,187.8401936676948,153.82916666666668
2025-09-07 14:20:00+02:00,202.21905760796173,205.8471954227038,208.40006044579616,169.39437037037038
2025-09-07 14:21:00+02:00,222.8940059844171,226.8372607446449,229.04054635822368,185.5012896825397
2025-09-07 14:22:00+02:00,250.48458033043343,254.00688639034792,256.32580523705207,208.28526455026451
2025-09-07 14:23:00+02:00,273.43176535273943,276.4692357572416,278.4525590630626,225.49219312169316
2025-09-07 14:24:00+02:00,293.44155245828534,296.296709681301,299.275287165806,246.6281349206349
2025-09-07 14:25:00+02:00,290.6974547552742,293.5147314615957,296.1462313942278,246.3586177248677
2025-09-07 14:26:00+02:00,280.8438179137931,283.94913087058046,286.728413055349,234.75494570244567
2025-09-07 14:27:00+02:00,273.168248497566,276.11736910432376,279.365349609365,229.30753338675217
2025-09-07 14:28:00+02:00,260.63586882482656,262.6028849962681,266.6244153351637,216.75974702380952
2025-09-07 14:29:00+02:00,237.77367527152865,240.6266558556925,244.42301164351744,197.73787698412696
2025-09-07 14:30:00+02:00,215.3157386938788,217.19533878836185,221.72157935349645,180.4310185185185
2025-09-07 14:31:00+02:00,191.2049853718207,191.8598872399552,196.74627076021252,159.13392857142858
2025-09-07 14:32:00+02:00,164.18685953191056,166.3815945747494,169.7549863118265,138.32937996031748
2025-09-07 14:33:00+02:00,146.86305332545228,151.71374108816931,153.3603491730128,125.7396527777778
2025-09-07 14:34:00+02:00,150.08862731857633,156.18130495555997,157.22682190172105,123.69566666666668
2025-09-07 14:35:00+02:00,156.6878309673928,161.85092390291143,163.18293054910936,131.51849326599327
2025-09-07 14:36:00+02:00,166.03827338672002,170.4087862326687,172.24428125693285,144.83958723146222
2025-09-07 14:37:00+02:00,227.2131008576763,232.98639291866436,238.0316011774366,218.0834084084084
2025-09-07 14:38:00+02:00,492.6618164676569,506.63481362612026,510.148148818224,510.0570138888889
2025-09-07 14:39:00+02:00,335.8740844326946,342.1269138812379,341.4838684596654,306.8886111111111
2025-09-07 14:40:00+02:00,229.2407988092348,233.6663196787066,236.18034775182036,195.0892748397436
2025-09-07 14:41:00+02:00,226.3161351388002,230.46472447518596,232.7878903228822,183.71258703703705
2025-09-07 14:42:00+02:00,230.45690285018583,234.38060535831423,236.8185328127096,183.06033333333332
2025-09-07 14:43:00+02:00,234.59767056157148,238.2964862414425,240.8491753025372,188.3892720797721
2025-09-07 14:44:00+02:00,246.77349942719349,249.94079314530063,253.5050195129573,205.93645833333332
2025-09-07 14:45:00+02:00,270.93685081727705,275.75172745553726,276.9137221879059,228.1223055555556
2025-09-07 14:46:00+02:00,299.61686968087145,303.81472298483186,305.2044637417914,252.0605238095238
2025-09-07 14:47:00+02:00,307.0907303193268,308.9796539651969,313.3987643142886,255.6673703703704
2025-09-07 14:48:00+02:00,294.06799172729274,296.3554914669722,300.17678310381893,243.52238425925927
2025-09-07 14:49:00+02:00,279.3151190836796,282.65744669968694,285.0348930362832,230.0360515873016
2025-09-07 14:50:00+02:00,253.6124942323642,256.2032952222688,259.1723460405671,207.51839285714289
2025-09-07 14:51:00+02:00,225.3556282906796,227.6233979566135,235.1734372489336,183.45834482038427
2025-09-07 14:52:00+02:00,210.7087091832042,214.29223397783528,228.93885641133585,177.66988648705097
2025-09-07 14:53:00+02:00,215.0966264350933,219.3797181317045,221.71481970499528,175.04552579365077
2025-09-07 14:54:00+02:00,225.1609924002667,228.46466617525397,231.45200340410463,188.21016666666665
2025-09-07 14:55:00+02:00,233.45895944094036,236.8133316577052,239.6688570412616,191.9875992063492
2025-09-07 14:56:00+02:00,248.6815676702014,251.756729007592,255.66414355352413,206.9806904761905
2025-09-07 14:57:00+02:00,273.8821893292959,276.7099007168849,280.3222175955837,225.80704365079364
2025-09-07 14:58:00+02:00,298.854021612966,301.6427148404837,304.73325589372183,246.64727182539684
2025-09-07 14:59:00+02:00,308.9960303676904,311.28208731032265,314.4869594074952,252.20083364129096
2025-09-07 15:00:00+02:00,317.9158549301781,320.0882655362296,323.32188428633,257.7653464963221
2025-09-07 15:01:00+02:00,326.3365669972394,330.2057645397103,332.8327331078625,267.41019841269843
2025-09-07 15:02:00+02:00,335.32513146460786,336.8394050972885,339.4174545359755,279.2023611111111
2025-09-07 15:03:00+02:00,345.51966057933663,348.75401451832374,350.6629544578103,288.7804401709401
2025-09-07 15:04:00+02:00,342.480772428712,356.24869226259256,347.652990714929,284.8947797619048
2025-09-07 15:05:00+02:00,375.9987027963886,383.7757029273,382.10266815090137,322.36358333333334
2025-09-07 15:06:00+02:00,387.6477370923674,399.17134532118126,394.17956391121487,333.70373015873014
2025-09-07 15:07:00+02:00,424.7667410066568,434.8829310760205,434.4507997517253,366.9766666666667
2025-09-07 15:08:00+02:00,459.873025557764,466.2583523107023,467.5636217037607,422.769
2025-09-07 15:09:00+02:00,435.7784957812709,441.9943768320481,446.27038861693273,392.0912638888889
2025-09-07 15:10:00+02:00,356.3615960101169,351.5435895590679,354.5180273240544,299.95708333333334
2025-09-07 15:11:00+02:00,318.26513296587655,323.362175656054,326.7103277349587,269.90744909688016
2025-09-07 15:12:00+02:00,307.2770169700569,312.82916990181553,316.04113648964034,261.9007193090485
2025-09-07 15:13:00+02:00,302.57392202646673,303.9818281642083,306.9074504074308,256.2708978174603
2025-09-07 15:14:00+02:00,307.1375887632214,297.9224271251735,301.00273355592606,251.2493931051587
2025-09-07 15:15:00+02:00,312.0040580322726,304.95923947816243,308.2571924532453,250.7980677083333
2025-09-07 15:16:00+02:00,337.0935233580213,339.2664860925934,341.4993299189518,290.77519841269844
2025-09-07 15:17:00+02:00,364.9805262234897,379.591219358896,373.9996693070909,320.3688210978836
2025-09-07 15:18:00+02:00,353.20718197218497,358.3493165750424,356.030665296984,307.8490873015873
2025-09-07 15:19:00+02:00,326.22915932841704,330.37247994687687,338.4948502730305,287.2380092592593
2025-09-07 15:20:00+02:00,304.85041786458464,307.8846899638837,307.5621139613268,260.44462855297155
2025-09-07 15:21:00+02:00,295.9536829117959,299.32513702293613,296.8713738347588,256.5176375430663
2025-09-07 15:22:00+02:00,281.7047329000316,285.6766598359268,288.3496684849209,240.07547875817
2025-09-07 15:23:00+02:00,270.31501696924414,273.6737088224485,280.1355647987804,234.840095996732
2025-09-07 15:24:00+02:00,260.480346826161,263.9308035427639,266.8228982467283,223.27597222222224
2025-09-07 15:25:00+02:00,248.24091458922976,251.9391126807052,249.2143989420628,206.63354956604957
2025-09-07 15:26:00+02:00,251.9484047834272,255.278740247833,250.2990797781531,203.25808677098152
2025-09-07 15:27:00+02:00,257.40560153600484,260.7149042973523,260.20285698540937,209.3465555555556
2025-09-07 15:28:00+02:00,260.6531000308614,264.2433189154108,269.6374953084347,223.30315277777777
2025-09-07 15:29:00+02:00,236.5848066318801,241.114701841611,243.53671944680804,200.9269427910053
2025-09-07 15:30:00+02:00,220.50337561668067,223.89484743914332,227.18193839328063,186.36494318181815
2025-09-07 15:31:00+02:00,208.4607997033293,211.87782076305277,215.29826078577275,176.72240740740742
2025-09-07 15:32:00+02:00,197.68926773526343,201.59162185015077,204.26872009835165,167.13802243589743
2025-09-07 15:33:00+02:00,190.57718888162768,194.09313191799183,197.1952389887005,164.69660256410256
2025-09-07 15:34:00+02:00,184.14360758616783,188.113471308407,190.82289309231317,157.59733333333335
2025-09-07 15:35:00+02:00,182.59652938608664,187.55319646423803,189.29054012016127,153.4895033112583
2025-09-07 15:36:00+02:00,182.59652938608664,187.55319646423803,189.29054012016127,152.09811258278145
2025-09-07 15:37:00+02:00,182.59652938608664,187.55319646423803,189.29054012016127,151.47427152317874
2025-09-07 15:38:00+02:00,182.59652938608664,187.55319646423803,189.29054012016127,150.60182475254575
2025-09-07 15:39:00+02:00,182.59652938608664,187.55319646423803,189.29054012016127,149.6319804951238
2025-09-07 15:40:00+02:00,182.59652938608664,187.55319646423803,189.29054012016127,150.56538461538466
2025-09-07 15:41:00+02:00,182.59652938608664,187.55319646423803,189.29054012016127,151.87453063885266
2025-09-07 15:42:00+02:00,182.59652938608664,187.55319646423803,189.29054012016127,153.41185420590082
2025-09-07 15:43:00+02:00,182.59652938608664,187.55319646423803,189.29054012016127,154.94522852639872
2025-09-07 15:44:00+02:00,181.984615935404,185.9537868700245,188.61208205595324,153.6719184397163
2025-09-07 15:45:00+02:00,179.05617299285188,182.34884800407,185.36517560581453,150.25856834795323
2025-09-07 15:46:00+02:00,175.90918953219872,178.73889531493603,181.87596270417296,148.43989473684212
2025-09-07 15:47:00+02:00,172.76220607154568,175.1289426258021,178.38674980253123,147.3001403508772
2025-09-07 15:48:00+02:00,169.6152226108926,174.28485074701933,175.19400597096367,145.63709494324044
2025-09-07 15:49:00+02:00,170.4519205944789,180.7013646934898,180.50479325507996,145.3084477124183
2025-09-07 15:50:00+02:00,187.2103500539467,191.90471435598616,194.15453331213388,162.97119047619046
2025-09-07 15:51:00+02:00,179.45281721801217,181.8120771140645,185.36780698809324,153.91072420634922
2025-09-07 15:52:00+02:00,166.46915610346227,169.6785472941974,172.80624583484146,144.0108611111111
2025-09-07 15:53:00+02:00,160.23387418841537,163.76276515410694,166.46229015533956,139.83436455722642
2025-09-07 15:54:00+02:00,154.51208607813695,157.90788121042513,160.4724415382631,135.48438500765803
2025-09-07 15:55:00+02:00,149.64108128716313,152.52781745403473,154.95991592069416,129.9612832270069
2025-09-07 15:56:00+02:00,145.9732044224784,147.30664294319695,149.76486560047215,126.04486243386242
2025-09-07 15:57:00+02:00,142.31392132869576,142.12382956175128,144.57147745458178,123.22459340659344
2025-09-07 15:58:00+02:00,138.65463823491305,137.37966735552862,139.55677304934483,121.46218137254904
2025-09-07 15:59:00+02:00,134.12798451104683,132.7589279134371,134.6609141088215,119.51429738562092
2025-09-07 16:00:00+02:00,126.13184826684636,128.13818847134573,129.76505516829812,113.5775
2025-09-07 16:01:00+02:00,117.01986905416987,119.64232890622762,121.76848556544326,105.33725694444443
2025-09-07 16:02:00+02:00,106.43918203333386,110.48219878009746,111.7992540704,97.0481971153846
2025-09-07 16:03:00+02:00,103.25280334526468,108.4696023425228,109.4685458127358,92.64030555555556
2025-09-07 16:04:00+02:00,102.44172513375617,106.8014653598183,107.8076061011195,92.92353174603176
2025-09-07 16:05:00+02:00,101.63064692224762,105.13332837711378,106.1466663895032,93.44527518978607
2025-09-07 16:06:00+02:00,100.81956871073908,103.46519139440927,104.48572667788687,92.565
2025-09-07 16:07:00+02:00,100.00849049923056,101.79705441170478,102.82478696627066,90.68278260869566
2025-09-07 16:08:00+02:00,99.19741228772205,100.12891742900024,101.1638472546544,88.59550825082509
2025-09-07 16:09:00+02:00,98.3863340762135,98.4607804462958,99.50290754303816,87.96868811881187
2025-09-07 16:10:00+02:00,97.575255864705,96.7926434635914,97.84196783142193,87.50235148514851
2025-09-07 16:11:00+02:00,96.76417765319646,94.91058891457968,96.12304622441836,86.99638809275665
2025-09-07 16:12:00+02:00,94.60610388732928,91.78643236765488,93.2010002881276,85.37054756030703
2025-09-07 16:13:00+02:00,88.06048348548045,88.46215938773298,89.80060371489132,83.74334069293478
2025-09-07 16:14:00+02:00,83.88096795057955,85.13788640781111,86.40020714165512,81.33770172978028
2025-09-07 16:15:00+02:00,79.9958031843412,81.81361342788924,82.99981056841894,78.10667530721966
2025-09-07 16:16:00+02:00,76.11063841810278,77.95814461677942,79.28722906035526,75.26250467237425
2025-09-07 16:17:00+02:00,72.15924253256165,73.25276247576895,74.58860001423908,71.90666337285903
2025-09-07 16:18:00+02:00,67.88970073465586,68.53772222873687,69.81763543444336,68.11088709677419
2025-09-07 16:19:00+02:00,63.57876448718588,64.38772162660128,65.3771894851756,64.40375133652081
2025-09-07 16:20:00+02:00,59.26782823971587,62.49787960405155,63.87835934760727,61.74440019910404
2025-09-07 16:21:00+02:00,56.39942974324461,60.841700592549216,63.07361833414775,60.203232182925525
2025-09-07 16:22:00+02:00,55.57098362192316,59.1855215810469,62.26887732068823,59.65405759162305
2025-09-07 16:23:00+02:00,54.75710858899562,57.52934256954457,61.46413630722873,59.16086387434556
2025-09-07 16:24:00+02:00,53.94323355606808,55.87316355804224,60.65939529376922,58.49387715033657
2025-09-07 16:25:00+02:00,53.12935852314054,54.21698454653991,59.85465428030969,57.00002407704654
2025-09-07 16:26:00+02:00,52.31548349021298,52.56080553503763,59.04991326685017,55.876399212522806
2025-09-07 16:27:00+02:00,51.50160845728544,50.90462652353538,58.24517225339064,54.72532051282051
2025-09-07 16:28:00+02:00,50.6877334243579,49.2891642841229,57.44043123993113,53.71833165997324
2025-09-07 16:29:00+02:00,49.87385839143042,48.28924383453807,52.993398868678256,53.114457831325325
2025-09-07 16:30:00+02:00,49.0205651755244,47.49530234964264,48.41391953896018,52.52168674698797
2025-09-07 16:31:00+02:00,47.24376024412059,46.70136086474721,47.60917852550065,51.787387387387376
2025-09-07 16:32:00+02:00,45.07840465192808,45.907419379851774,46.80443751204114,50.92826178588226
2025-09-07 16:33:00+02:00,42.9130490597356,45.11347789495635,45.99969649858162,49.88500000000001
2025-09-07 16:34:00+02:00,41.14768276443422,44.31953641006091,45.1949554851221,48.81450238453815
2025-09-07 16:35:00+02:00,40.9822736566973,43.525594925165485,44.39021447166259,47.85913254310345
2025-09-07 16:36:00+02:00,40.9822736566973,42.73165344027005,43.58547345820307,46.440868226600976
2025-09-07 16:37:00+02:00,40.9822736566973,41.93771195537462,42.78073244474355,44.82973389355743
2025-09-07 16:38:00+02:00,40.9822736566973,41.29042910588346,41.97599143128403,44.87943277310927
2025-09-07 16:39:00+02:00,40.9822736566973,41.2297807980095,41.30425622421572,45.29539915966388
2025-09-07 16:40:00+02:00,40.9822736566973,41.2297807980095,41.23160599383396,45.711365546218495
2025-09-07 16:41:00+02:00,40.9822736566973,41.2297807980095,41.23160599383396,46.30352361634309
2025-09-07 16:42:00+02:00,40.9822736566973,41.2297807980095,41.23160599383396,47.45849156836056
2025-09-07 16:43:00+02:00,40.9822736566973,41.2297807980095,41.23160599383396,47.06542763157893
2025-09-07 16:44:00+02:00,41.92001115254846,41.2297807980095,41.23160599383396,46.44569078947367
2025-09-07 16:45:00+02:00,43.82727385597455,41.2297807980095,41.23160599383396,45.227483060417846
2025-09-07 16:46:00+02:00,45.73453655940065,41.2297807980095,41.23160599383396,43.801558441558434
2025-09-07 16:47:00+02:00,47.64179926282677,41.2297807980095,41.23160599383396,43.57582251082251
2025-09-07 16:48:00+02:00,49.54906196625292,41.6466000775796,41.23160599383396,44.53888311688312
2025-09-07 16:49:00+02:00,51.45632466967909,42.44054156247503,41.586927831773686,46.12987878787879
2025-09-07 16:50:00+02:00,53.36358737310523,43.23448304737045,42.38779429408924,49.147281746031744
2025-09-07 16:51:00+02:00,55.27085007653133,44.028424532265895,43.189774617965725,52.475895536562206
2025-09-07 16:52:00+02:00,56.47788192402172,44.82236601716133,43.99175494184222,54.93265516890517
2025-09-07 16:53:00+02:00,55.77769203163207,45.61630750205676,44.793735265718695,55.34257936507935
2025-09-07 16:54:00+02:00,54.96661382012356,46.41024898695219,45.59571558959515,54.59496031746031
2025-09-07 16:55:00+02:00,54.15553560861503,47.20419047184762,46.3976959134716,53.41281860311155
2025-09-07 16:56:00+02:00,53.344457397106495,47.99813195674305,47.19967623734806,51.945526315789465
2025-09-07 16:57:00+02:00,52.533379185597965,48.79214556292467,48.0016565612245,51.1925065859537
2025-09-07 16:58:00+02:00,51.72230097408944,49.58714229611234,48.803740589453184,51.46883386581468
2025-09-07 16:59:00+02:00,50.91122276258092,50.38245028958763,49.608624635191966,51.769792332268345
2025-09-07 17:00:00+02:00,50.10014455107239,51.177758283062914,50.41475313315747,52.07075079872201
2025-09-07 17:01:00+02:00,49.289066339563846,51.973066276538205,51.22088163112296,52.37170926517569
2025-09-07 17:02:00+02:00,49.28906633956383,52.768374270013496,52.02701012908847,52.84248817396042
2025-09-07 17:03:00+02:00,50.10014455107236,53.56368226348877,52.83313862705397,53.851836240310085
2025-09-07 17:04:00+02:00,50.91122276258089,54.35899025696406,53.63926712501947,54.95172619047619
2025-09-07 17:05:00+02:00,51.72230097408941,55.15429825043935,54.445395622984975,55.91259561803444
2025-09-07 17:06:00+02:00,52.53337918559794,55.94960624391463,55.25152412095048,56.58634751773048
2025-09-07 17:07:00+02:00,53.34445739710647,57.81496499224758,56.057652618915895,57.27096177131984
2025-09-07 17:08:00+02:00,54.155535608615,63.07022553976617,60.68692016001023,58.05817073170732
2025-09-07 17:09:00+02:00,54.96661382012353,63.71922876873754,63.903969999113215,58.758541040204925
2025-09-07 17:10:00+02:00,55.77769203163204,62.92664910457097,63.0978415011477,58.55726027397261
2025-09-07 17:11:00+02:00,56.54145734746925,62.1340694404044,62.29171300318221,58.14630136986303
2025-09-07 17:12:00+02:00,56.71719095996278,61.341489776237765,61.48558450521672,57.73534246575344
2025-09-07 17:13:00+02:00,56.71719095996278,60.54891011207111,60.6794560072512,57.36190589636689
2025-09-07 17:14:00+02:00,56.71719095996278,59.75633044790448,59.8733275092857,57.09478260869566
2025-09-07 17:15:00+02:00,56.71719095996278,58.96375078373782,59.0671990113202,56.8339130434783
2025-09-07 17:16:00+02:00,56.71719095996278,58.17117111957116,58.26107051335471,56.57304347826092
2025-09-07 17:17:00+02:00,56.71719095996278,57.37859145540452,57.45494201538929,56.31217391304352
2025-09-07 17:18:00+02:00,56.71719095996278,56.70930196121935,57.10182720862133,56.0513043478261
2025-09-07 17:19:00+02:00,56.71719095996278,56.63224560498092,57.856214096885225,56.16010288065843
2025-09-07 17:20:00+02:00,56.71719095996278,56.63224560498092,58.66095511034476,56.62183127572016
2025-09-07 17:21:00+02:00,56.71719095996278,56.63224560498092,59.46569612380426,57.08355967078188
2025-09-07 17:22:00+02:00,56.71719095996278,56.63224560498092,60.27043713726376,57.545288065843614
2025-09-07 17:23:00+02:00,56.71719095996278,56.63224560498092,61.07517815072329,57.93281967213115
2025-09-07 17:24:00+02:00,56.71719095996278,56.63224560498092,61.87991916418281,58.2436393442623
2025-09-07 17:25:00+02:00,56.71719095996278,56.63224560498092,62.68466017764234,58.55445901639344
2025-09-07 17:26:00+02:00,56.71719095996278,56.63224560498092,63.48940119110185,58.86527868852459
2025-09-07 17:27:00+02:00,56.71719095996278,56.63224560498092,64.28967142115326,59.176098360655736
2025-09-07 17:28:00+02:00,56.71719095996278,56.06109163762427,63.165414037006585,58.91486433832264
2025-09-07 17:29:00+02:00,56.71719095996278,54.57609132249692,60.415093279242015,57.47328502415459
2025-09-07 17:30:00+02:00,56.71719095996278,53.08070638978123,57.664772521477445,55.91781481481481
2025-09-07 17:31:00+02:00,55.69856990101788,51.58532145706555,54.91445176371285,54.85319344344344
2025-09-07 17:32:00+02:00,53.05015514776113,50.08993652434986,52.16413100594826,53.67724041184041
2025-09-07 17:33:00+02:00,50.38322001161448,48.77868049668699,49.53819951651401,52.91768571428573
2025-09-07 17:34:00+02:00,47.71628487546778,47.95843488249831,48.33463226929215,52.3794
2025-09-07 17:35:00+02:00,45.04934973932104,47.16449339760288,47.53127397235061,51.77334545454545
2025-09-07 17:36:00+02:00,42.38241460317432,46.37055191270744,46.727915675409065,49.94567687747036
2025-09-07 17:37:00+02:00,40.59634840442272,45.576610427812014,45.92455737846752,48.32868333690298
2025-09-07 17:38:00+02:00,39.783874189107806,44.78266894291658,45.12119908152597,47.78182266009853
2025-09-07 17:39:00+02:00,38.9713999737929,43.98872745802115,44.317840784584426,47.27344827586208
2025-09-07 17:40:00+02:00,38.158925758477984,43.19478597312572,43.51448248764288,46.73375498475253
2025-09-07 17:41:00+02:00,37.34645154316308,42.40084448823029,42.71112419070133,45.8911224489796
2025-09-07 17:42:00+02:00,36.53397732784816,41.60690300333485,41.90776589375979,45.03774725274726
2025-09-07 17:43:00+02:00,35.72150311253325,40.363392152617344,40.9205057299035,44.33884615384617
2025-09-07 17:44:00+02:00,34.90902889721834,38.71312806615612,39.3178816267557,43.70013083228248
2025-09-07 17:45:00+02:00,34.09655468190343,37.062863979694896,37.66574548251547,43.28854508196722
2025-09-07 17:46:00+02:00,33.3179335588933,35.41259989323368,36.013609338275245,42.902479508196734
2025-09-07 17:47:00+02:00,33.114815005064564,33.867769345629696,34.36147319403504,42.516413934426254
2025-09-07 17:48:00+02:00,33.114815005064564,33.52854839452379,33.44132514703462,42.09375846400571
2025-09-07 17:49:00+02:00,33.114815005064564,33.52854839452379,33.43903051350094,41.471521739130445
2025-09-07 17:50:00+02:00,33.114815005064564,33.52854839452379,33.43903051350094,40.81322360248448
2025-09-07 17:51:00+02:00,33.114815005064564,33.52854839452379,33.43903051350094,39.989571428571416
2025-09-07 17:52:00+02:00,33.114815005064564,33.52854839452379,33.43903051350094,39.2223182434264
2025-09-07 17:53:00+02:00,33.114815005064564,33.52854839452379,33.43903051350094,39.268814041745735
2025-09-07 17:54:00+02:00,33.114815005064564,33.52854839452379,33.43903051350094,39.45666982922201
2025-09-07 17:55:00+02:00,33.114815005064564,33.52854839452379,33.43903051350094,39.64452561669829
2025-09-07 17:56:00+02:00,33.46567937031747,33.52854839452379,33.43903051350094,39.83238140417456
2025-09-07 17:57:00+02:00,34.99058988083974,34.084654891930846,33.554341209861015,40.02023719165084
2025-09-07 17:58:00+02:00,36.60996387431473,36.03945348887686,35.24151876712938,40.20809297912714
2025-09-07 17:59:00+02:00,38.22933786778975,38.06165893399344,37.426353013951726,40.39594876660342
2025-09-07 18:00:00+02:00,39.84871186126475,40.08386437911005,39.61118726077408,40.5838045540797
2025-09-07 18:01:00+02:00,41.468085854739776,42.10606982422666,41.79602150759642,41.36095577922613
2025-09-07 18:02:00+02:00,43.08745984821478,44.12827526934327,43.98085575441876,43.88387799564271
2025-09-07 18:03:00+02:00,44.70683384168979,46.150480714459874,46.16569000124112,46.4421875
2025-09-07 18:04:00+02:00,46.32620783516481,48.15864306620762,48.3065973602849,48.52940120967741
2025-09-07 18:05:00+02:00,47.945581828639824,48.50096156384352,48.53378663790463,49.945243137512016
2025-09-07 18:06:00+02:00,48.250439494312,47.70702007894809,47.72765813993913,49.5498780487805
2025-09-07 18:07:00+02:00,46.64630316706521,46.91307859405266,46.92152964197364,48.67821895424837
2025-09-07 18:08:00+02:00,45.02414674404815,46.11913710915722,46.11540114400813,47.01863849385908
2025-09-07 18:09:00+02:00,43.40199032103109,45.3251956242618,45.30927264604263,46.45774725274728
2025-09-07 18:10:00+02:00,41.77983389801406,44.53125413936636,44.50314414807713,45.963241758241765
2025-09-07 18:11:00+02:00,40.15767747499699,43.73731265447093,43.69701565011166,45.31101488627652
2025-09-07 18:12:00+02:00,38.53552105197995,42.9433711695755,42.890887152146206,44.2625303911205
2025-09-07 18:13:00+02:00,36.913364628962896,42.14942968468007,42.08475865418074,43.605170454545465
2025-09-07 18:14:00+02:00,35.29120820594583,40.72401887150524,40.72401887150524,43.09380681818183
2025-09-07 18:15:00+02:00,33.653995840080384,34.18359574838349,36.445948226020754,42.534570565202586
2025-09-07 18:16:00+02:00,31.253949036564613,32.64556226550343,33.12767798493891,41.4279213483146
2025-09-07 18:17:00+02:00,28.427317185678604,31.84888305134972,32.3037328788662,39.67009852549179
2025-09-07 18:18:00+02:00,25.79697921332634,31.05220383719601,31.497604380900697,36.98270880255255
2025-09-07 18:19:00+02:00,25.247356353431822,30.25552462304229,30.54621372557744,34.459408049353705
2025-09-07 18:20:00+02:00,25.247356353431822,28.870449684063185,28.870449684063185,32.529067321178125
2025-09-07 18:21:00+02:00,25.247356353431822,27.24112601150916,27.24112601150916,31.362894585253454
2025-09-07 18:22:00+02:00,25.247356353431822,25.658833320773947,25.658833320773947,31.081651785714268
2025-09-07 18:23:00+02:00,24.124133375581025,24.124133375581025,24.124133375581025,30.851294642857116
2025-09-07 18:24:00+02:00,22.637555565359744,22.637555565359744,22.637555565359744,30.62093749999998
2025-09-07 18:25:00+02:00,21.199592246025915,21.199592246025915,21.199592246025915,30.39058035714284
2025-09-07 18:26:00+02:00,19.81069860860134,19.81069860860134,19.81069860860134,30.160223214285704
2025-09-07 18:27:00+02:00,18.471282736941287,18.471282736941287,18.471282736941287,29.929866071428563
2025-09-07 18:28:00+02:00,17.18170513049946,17.18170513049946,17.18170513049946,29.647894345238097
2025-09-07 18:29:00+02:00,15.942273139759632,15.942273139759632,15.942273139759632,28.10833333333333
2025-09-07 18:30:00+02:00,14.753236211443545,14.753236211443545,14.753236211443545,26.127849099099095
2025-09-07 18:31:00+02:00,13.614780927199236,13.614780927199236,13.614780927199236,24.77929617117117
2025-09-07 18:32:00+02:00,12.49983763310948,12.49983763310948,12.49983763310948,23.29241883116883
2025-09-07 18:33:00+02:00,11.442043861726956,11.442043861726956,11.442043861726956,22.115547619047614
2025-09-07 18:34:00+02:00,9.397781738374167,10.441550372142537,10.441550372142537,21.194954545454557
2025-09-07 18:35:00+02:00,8.517158136405584,9.49756026247347,9.49756026247347,20.349659874608147
2025-09-07 18:36:00+02:00,7.70468392109067,8.609182053620875,8.609182053620875,19.564741379310338
2025-09-07 18:37:00+02:00,6.892209705775755,7.775430945657482,7.775430945657482,18.63765517241379
2025-09-07 18:38:00+02:00,6.079735490460845,6.995224632305652,6.995224632305652,17.183854166666666
2025-09-07 18:39:00+02:00,5.267261275145934,6.267385605081625,6.267385605081625,16.14197916666667
2025-09-07 18:40:00+02:00,4.454787059831023,5.549070928613034,5.590640960173821,15.319602649006626
2025-09-07 18:41:00+02:00,3.642312844516116,3.015332129197821,3.187664379943985,14.667947019867553
2025-09-07 18:42:00+02:00,2.829838629201202,2.723618780580937,2.2687285921688662,14.035167165135654
2025-09-07 18:43:00+02:00,2.017364413886284,2.723618780580937,2.2687285921688662,13.528225806451609
2025-09-07 18:44:00+02:00,1.0288541185864697,2.723618780580937,2.2687285921688662,13.044354838709674
2025-09-07 18:45:00+02:00,0.0,2.723618780580937,2.2687285921688662,12.57063918757467
2025-09-07 18:46:00+02:00,0.0,2.646721854319691,2.2687285921688662,12.20456989247312
2025-09-07 18:47:00+02:00,0.0,2.305144589176146,2.2687285921688662,11.86693548387097
2025-09-07 18:48:00+02:00,0.0,2.157462259835385,2.157462259835385,11.52930107526882
2025-09-07 18:49:00+02:00,0.0,1.846785096689384,1.846785096689384,11.191666666666672
2025-09-07 18:50:00+02:00,0.0,1.56499223084087,1.56499223084087,10.839042869269951
2025-09-07 18:51:00+02:00,0.0,1.3117460322217631,1.3117460322217631,10.446447368421053
2025-09-07 18:52:00+02:00,0.0,1.0845825859693627,1.0845825859693627,10.051710526315787
2025-09-07 18:53:00+02:00,0.0,0.8512401120358781,0.6687066507602886,9.656973684210524
2025-09-07 18:54:00+02:00,0.0,0.0572986271404456,0.0,9.247093447088035
2025-09-07 18:55:00+02:00,0.0,0.0,0.0,8.817054794520542
2025-09-07 18:56:00+02:00,0.0,0.0,0.0,8.386917808219176
2025-09-07 18:57:00+02:00,0.0,0.0,0.0,7.950852135374698
2025-09-07 18:58:00+02:00,0.0,0.0,0.0,7.4041176470588255
2025-09-07 18:59:00+02:00,0.0,0.0,0.0,6.81588235294118
2025-09-07 19:00:00+02:00,0.0,0.0,0.0,6.23275246514791
2025-09-07 19:01:00+02:00,0.0,0.0,0.0,5.663236994219653
2025-09-07 19:02:00+02:00,0.0,0.0,0.0,5.094450867052022
2025-09-07 19:03:00+02:00,0.0,0.0,0.0,4.560896955302465
2025-09-07 19:04:00+02:00,0.0,0.0,0.0,4.090346534653462
2025-09-07 19:05:00+02:00,0.0,0.0,0.0,3.621039603960394
2025-09-07 19:06:00+02:00,0.0,0.0,0.0,3.1797691889516053
2025-09-07 19:07:00+02:00,0.0,0.0,0.0,2.925408878504674
2025-09-07 19:08:00+02:00,0.0,0.0,0.0,2.705315420560748
2025-09-07 19:09:00+02:00,0.0,0.0,0.0,2.485221962616824
2025-09-07 19:10:00+02:00,0.0,0.0,0.0,2.265128504672899
2025-09-07 19:11:00+02:00,0.0,0.0,0.0,2.045035046728974
2025-09-07 19:12:00+02:00,0.0,0.0,0.0,1.824941588785048
2025-09-07 19:13:00+02:00,0.0,0.0,0.0,1.611350708991299
2025-09-07 19:14:00+02:00,0.0,0.0,0.0,1.478577586206896
2025-09-07 19:15:00+02:00,0.0,0.0,0.0,1.3699568965517228
2025-09-07 19:16:00+02:00,0.0,0.0,0.0,1.26133620689655
2025-09-07 19:17:00+02:00,0.0,0.0,0.0,1.1527155172413768
2025-09-07 19:18:00+02:00,0.0,0.0,0.0,1.044094827586204
2025-09-07 19:19:00+02:00,0.0,0.0,0.0,0.935474137931032
2025-09-07 19:20:00+02:00,0.0,0.0,0.0,0.8268534482758603
2025-09-07 19:21:00+02:00,0.0,0.0,0.0,0.7182327586206885
2025-09-07 19:22:00+02:00,0.0,0.0,0.0,0.6096120689655168
2025-09-07 19:23:00+02:00,0.0,0.0,0.0,0.5143649212824272
2025-09-07 19:24:00+02:00,0.0,0.0,0.0,0.461358595194085
2025-09-07 19:25:00+02:00,0.0,0.0,0.0,0.4114510166358596
2025-09-07 19:26:00+02:00,0.0,0.0,0.0,0.3615434380776341
2025-09-07 19:27:00+02:00,0.0,0.0,0.0,0.3116358595194086
2025-09-07 19:28:00+02:00,0.0,0.0,0.0,0.2617282809611831
2025-09-07 19:29:00+02:00,0.0,0.0,0.0,0.2118207024029577
2025-09-07 19:30:00+02:00,0.0,0.0,0.0,0.1619131238447322
2025-09-07 19:31:00+02:00,0.0,0.0,0.0,0.1120055452865065
2025-09-07 19:32:00+02:00,0.0,0.0,0.0,0.0729112754158965
2025-09-07 19:33:00+02:00,0.0,0.0,0.0,0.07
2025-09-07 19:34:00+02:00,0.0,0.0,0.0,0.07
2025-09-07 19:35:00+02:00,0.0,0.0,0.0,0.07
2025-09-07 19:36:00+02:00,0.0,0.0,0.0,0.07
2025-09-07 19:37:00+02:00,0.0,0.0,0.0,0.07
2025-09-07 19:38:00+02:00,0.0,0.0,0.0,0.07
2025-09-07 19:39:00+02:00,0.0,0.0,0.0,0.07
2025-09-07 19:40:00+02:00,0.0,0.0,0.0,0.07
2025-09-07 19:41:00+02:00,0.0,0.0,0.0,0.0700114744693057
2025-09-07 19:42:00+02:00,0.0,0.0,0.0,0.0746127366609294
2025-09-07 19:43:00+02:00,0.0,0.0,0.0,0.0828743545611015
2025-09-07 19:44:00+02:00,0.0,0.0,0.0,0.0911359724612737
2025-09-07 19:45:00+02:00,0.0,0.0,0.0,0.0993975903614459
2025-09-07 19:46:00+02:00,0.0,0.0,0.0,0.107659208261618
2025-09-07 19:47:00+02:00,0.0,0.0,0.0,0.1159208261617901
2025-09-07 19:48:00+02:00,0.0,0.0,0.0,0.1241824440619622
2025-09-07 19:49:00+02:00,0.0,0.0,0.0,0.1324440619621342
2025-09-07 19:50:00+02:00,0.0,0.0,0.0,0.1407056798623063
2025-09-07 19:51:00+02:00,0.0,0.0,0.0,0.1483935742971887
2025-09-07 19:52:00+02:00,0.0,0.0,0.0,0.15
2025-09-07 19:53:00+02:00,0.0,0.0,0.0,0.15
2025-09-07 19:54:00+02:00,0.0,0.0,0.0,0.15
2025-09-07 19:55:00+02:00,0.0,0.0,0.0,0.15
2025-09-07 19:56:00+02:00,0.0,0.0,0.0,0.15
2025-09-07 19:57:00+02:00,0.0,0.0,0.0,0.15
2025-09-07 19:58:00+02:00,0.0,0.0,0.0,0.15
2025-09-07 19:59:00+02:00,0.0,0.0,0.0,0.15
2025-09-07 20:00:00+02:00,0.0,0.0,0.0,0.15
