time,irr_1_MAX_VALUE,irr_2_MAX_VALUE,irr_3_MAX_VALUE,irr_dav_1_MAX_VALUE
2025-09-04 05:00:00+02:00,0.0,0.0,0.0,9.231776773950688
2025-09-04 05:01:00+02:00,0.0,0.0,0.0,4.704665404040404
2025-09-04 05:02:00+02:00,0.0,0.0,0.0,12.008492063492064
2025-09-04 05:03:00+02:00,0.0,0.0,0.0,10.161666666666664
2025-09-04 05:04:00+02:00,0.0,0.0,0.0,11.244766009852215
2025-09-04 05:05:00+02:00,0.0,0.0,0.0,11.05645061728395
2025-09-04 05:06:00+02:00,0.0,0.0,0.0,4.391586538461538
2025-09-04 05:07:00+02:00,0.0,0.0,0.0,9.839023795300676
2025-09-04 05:08:00+02:00,0.0,0.0,0.0,7.593682795698925
2025-09-04 05:09:00+02:00,0.0,0.0,0.0,9.28898148148148
2025-09-04 05:10:00+02:00,0.0,0.0,0.0,7.300175653594771
2025-09-04 05:11:00+02:00,0.0,0.0,0.0,11.944659786721706
2025-09-04 05:12:00+02:00,0.0,0.0,0.0,9.340016291951777
2025-09-04 05:13:00+02:00,0.0,0.0,0.0,11.361290322580643
2025-09-04 05:14:00+02:00,0.0,0.0,0.0,5.33653634085213
2025-09-04 05:15:00+02:00,0.0,0.0,0.0,11.338849206349204
2025-09-04 05:16:00+02:00,0.0,0.0,0.0,12.653005291005291
2025-09-04 05:17:00+02:00,0.0,0.0,0.0,8.136484848484848
2025-09-04 05:18:00+02:00,0.0,0.0,0.0,6.38236111111111
2025-09-04 05:19:00+02:00,0.0,0.0,0.0,8.925095238095237
2025-09-04 05:20:00+02:00,0.0,0.0,0.0,9.34657738095238
2025-09-04 05:21:00+02:00,0.0,0.0,0.0,7.56988492063492
2025-09-04 05:22:00+02:00,0.0,0.0,0.0,10.677013888888888
2025-09-04 05:23:00+02:00,0.0,0.0,0.0,10.81254072681704
2025-09-04 05:24:00+02:00,0.0,0.0,0.0,7.523323412698413
2025-09-04 05:25:00+02:00,0.0,0.0,0.0,10.505537878787878
2025-09-04 05:26:00+02:00,0.0,0.0,0.0,8.387188552188553
2025-09-04 05:27:00+02:00,0.0,0.0,0.0,11.797598484848486
2025-09-04 05:28:00+02:00,0.0,0.0,0.0,7.931528846153846
2025-09-04 05:29:00+02:00,0.0,0.0,0.0,10.518148148148148
2025-09-04 05:30:00+02:00,0.0,0.0,0.0,8.008584656084656
2025-09-04 05:31:00+02:00,0.0,0.0,0.0,9.303257936507936
2025-09-04 05:32:00+02:00,0.0,0.0,0.0,10.637055555555555
2025-09-04 05:33:00+02:00,0.0,0.0,0.0,11.725776515151514
2025-09-04 05:34:00+02:00,0.0,0.0,0.0,10.318263888888888
2025-09-04 05:35:00+02:00,0.0,0.0,0.0,12.284913793103447
2025-09-04 05:36:00+02:00,0.0,0.0,0.0,10.35546783625731
2025-09-04 05:37:00+02:00,0.0,0.0,0.0,11.65573611111111
2025-09-04 05:38:00+02:00,0.0,0.0,0.0,10.483391934293095
2025-09-04 05:39:00+02:00,0.0,0.0,0.0,12.299836563307494
2025-09-04 05:40:00+02:00,0.0,0.0,0.0,10.46062962962963
2025-09-04 05:41:00+02:00,0.0,0.0,0.0,11.814533730158727
2025-09-04 05:42:00+02:00,0.0,0.0,0.0,12.376398809523808
2025-09-04 05:43:00+02:00,0.0,0.0,0.0,11.939322916666669
2025-09-04 05:44:00+02:00,0.0,0.0,0.0,10.552448653198653
2025-09-04 05:45:00+02:00,0.0,0.0,0.0,11.510642091648188
2025-09-04 05:46:00+02:00,0.0,0.0,0.0,9.062761130468449
2025-09-04 05:47:00+02:00,0.0,0.0,0.0,12.68114620467252
2025-09-04 05:48:00+02:00,0.0,0.0,0.0,11.55127435897436
2025-09-04 05:49:00+02:00,0.0,0.0,0.0,13.434580200501252
2025-09-04 05:50:00+02:00,0.0,0.0,0.0,13.403912927350428
2025-09-04 05:51:00+02:00,0.0,0.0,0.0,12.440531844316672
2025-09-04 05:52:00+02:00,0.0,0.0,0.0,13.221550925925923
2025-09-04 05:53:00+02:00,0.0,0.0,0.0,14.277727185649598
2025-09-04 05:54:00+02:00,0.0,0.0,0.0,14.287992212036327
2025-09-04 05:55:00+02:00,2.425989052240638e-05,2.425989052240638e-05,0.0,14.444393939393938
2025-09-04 05:56:00+02:00,8.270427414803743e-05,8.270427414803743e-05,0.0,9.922928030303032
2025-09-04 05:57:00+02:00,0.0001799058263866,0.0001799058263866,0.0,13.079947811447813
2025-09-04 05:58:00+02:00,0.0003314827397108,0.0003314827397108,0.0,13.715840982286636
2025-09-04 05:59:00+02:00,0.0390798954177387,0.0390798954177387,0.0390798954177387,12.920304347826084
2025-09-04 06:00:00+02:00,0.0614659050052928,0.0614659050052928,0.0614659050052928,16.869637992241252
2025-09-04 06:01:00+02:00,0.0922326472470981,0.0922326472470981,0.0922326472470981,10.757930790960453
2025-09-04 06:02:00+02:00,0.1332982486589253,0.1332982486589253,0.1332982486589253,14.392423903998598
2025-09-04 06:03:00+02:00,0.1867148083438085,0.1867148083438085,0.1867148083438085,18.444014355742297
2025-09-04 06:04:00+02:00,0.2546183274527149,0.2546183274527149,0.2546183274527149,20.63370098039216
2025-09-04 06:05:00+02:00,0.3391738478174514,0.3391738478174514,0.3391738478174514,17.493537763638503
2025-09-04 06:06:00+02:00,0.442519753149531,0.442519753149531,0.442519753149531,17.217755758807588
2025-09-04 06:07:00+02:00,0.5667143582142085,0.5667143582142085,0.5667143582142085,22.838871212121216
2025-09-04 06:08:00+02:00,0.713687521423987,0.6776804230510197,0.713687521423987,22.584483327181
2025-09-04 06:09:00+02:00,0.8851992875461575,0.6654085872096454,0.8851992875461575,25.3485443583118
2025-09-04 06:10:00+02:00,1.082806807172631,0.665124397327003,0.963701453551766,22.00681917211329
2025-09-04 06:11:00+02:00,1.2056168065395707,0.665124397327003,0.9733805712551488,23.99084656084656
2025-09-04 06:12:00+02:00,1.2056168065395707,0.665124397327003,0.9830596889585312,24.375820105820107
2025-09-04 06:13:00+02:00,1.2056168065395707,0.665124397327003,0.9927388066619142,21.78684135472371
2025-09-04 06:14:00+02:00,1.2056168065395707,0.665124397327003,1.0024179243652966,21.73517948717949
2025-09-04 06:15:00+02:00,1.2056168065395707,0.665124397327003,1.012097042068679,22.16380687830688
2025-09-04 06:16:00+02:00,1.2056168065395707,0.665124397327003,1.0217761597720618,23.417677248677247
2025-09-04 06:17:00+02:00,1.2056168065395707,0.665124397327003,1.0325568532521627,20.43798397435897
2025-09-04 06:18:00+02:00,1.2056168065395707,0.6648527803400461,1.0730800927036577,23.160625
2025-09-04 06:19:00+02:00,1.213346704688186,0.6406788685008696,1.1218651504805404,26.56576388888889
2025-09-04 06:20:00+02:00,1.2726092571609036,0.6015660223790567,1.13597025248619,27.236764705882354
2025-09-04 06:21:00+02:00,1.3413194629263734,0.5624531762572436,1.1440930174910735,25.868849206349207
2025-09-04 06:22:00+02:00,1.4100296686918432,0.5365321100420276,1.152215782495957,31.366136363636368
2025-09-04 06:23:00+02:00,1.478739874457313,0.5176553741554202,1.1603385475008403,28.45547288359789
2025-09-04 06:24:00+02:00,1.547450080222783,0.4987786382688126,1.1684613125057235,32.10469642857143
2025-09-04 06:25:00+02:00,1.6161602859882538,0.4826862612407511,1.176584077510607,27.109113425925926
2025-09-04 06:26:00+02:00,1.684870491753724,0.4682279057307932,1.18470684251549,29.218697916666667
2025-09-04 06:27:00+02:00,1.749391201316361,0.4580336225538124,1.192829607520374,29.69968055555556
2025-09-04 06:28:00+02:00,1.7837475382185968,0.4519636060595453,1.200952372525257,34.373114035087724
2025-09-04 06:29:00+02:00,1.812238580436866,0.4458935895652782,1.214261814687264,31.949490740740742
2025-09-04 06:30:00+02:00,1.8407296226551344,0.4398235730710116,1.2370030806551835,35.30596338383838
2025-09-04 06:31:00+02:00,1.869220664859012,0.4337535565767449,1.2589253775730334,35.67612381989833
2025-09-04 06:32:00+02:00,1.897711707053629,0.4276835400824785,1.2773312125030136,37.44074377828054
2025-09-04 06:33:00+02:00,1.9264735501971648,0.4216135235882119,1.2925992107431952,39.26883333333333
2025-09-04 06:34:00+02:00,1.956098873756865,0.4141938643748559,1.3068196619343078,37.98869444444444
2025-09-04 06:35:00+02:00,1.985724197316565,0.4054734915739948,1.32104011312542,34.92974740537241
2025-09-04 06:36:00+02:00,2.015349520876265,0.396144234157114,1.3352605643165325,38.82118055555556
2025-09-04 06:37:00+02:00,2.057195290404342,0.3792474107982735,1.3494810155076444,41.22595833333333
2025-09-04 06:38:00+02:00,2.123674109248232,0.3600890160085026,1.3637014666987572,44.73447222222222
2025-09-04 06:39:00+02:00,2.1908556904043746,0.3409306212187319,1.37792191788987,41.0886037037037
2025-09-04 06:40:00+02:00,2.258037271560517,0.3217722264289604,1.3921423690809822,44.44565347222223
2025-09-04 06:41:00+02:00,2.31778640767496,0.304726724214486,1.406372417763308,48.101628472222224
2025-09-04 06:42:00+02:00,2.349398430417254,0.292504292134909,1.424441462930873,43.57473475355054
2025-09-04 06:43:00+02:00,2.3783560085017994,0.2802834352394328,1.4455721077954162,47.41945370370371
2025-09-04 06:44:00+02:00,2.407313586586344,0.2680625783439572,1.46670275265996,42.87685854076479
2025-09-04 06:45:00+02:00,2.436271164670889,0.2558417214484818,1.4878333975245035,44.08283333333333
2025-09-04 06:46:00+02:00,2.4652287427554334,0.2436208645530058,1.5089640423890471,44.37138480392158
2025-09-04 06:47:00+02:00,2.4941863208399777,0.2314000076575302,1.5300946872535892,43.36953533496732
2025-09-04 06:48:00+02:00,2.5231438989245207,0.2191791507620539,1.560314355287982,49.94092592592593
2025-09-04 06:49:00+02:00,2.552101477009065,0.2069582938665775,1.6413845638539246,51.033920138888895
2025-09-04 06:50:00+02:00,2.5810590550936072,0.1935491308805268,1.7465243080298147,52.98494738247863
2025-09-04 06:51:00+02:00,2.8103396956737257,0.1639414796071574,1.8453447154984677,55.59309821428571
2025-09-04 06:52:00+02:00,2.968181036473843,0.1292053494165688,1.707513082117885,55.730879629629634
2025-09-04 06:53:00+02:00,3.0604634281718406,0.0944692192259797,1.7565225159560691,59.304479166666674
2025-09-04 06:54:00+02:00,3.152745819869838,0.0618850855191266,1.9497625550796704,64.99244212962962
2025-09-04 06:55:00+02:00,3.2450282115678357,0.0319993800050437,2.0340446172125706,58.51839583333334
2025-09-04 06:56:00+02:00,3.3373106032658324,0.002120420561444,2.1183266793454707,62.987678571428575
2025-09-04 06:57:00+02:00,3.431828154518848,0.0,2.199195922134477,66.3285909090909
2025-09-04 06:58:00+02:00,3.544777175333222,0.0141470209571452,2.139605634387196,69.15118650793652
2025-09-04 06:59:00+02:00,3.66181825748678,0.0,2.005298090214122,71.4708134920635
2025-09-04 07:00:00+02:00,3.77885933964034,0.0122811476006634,2.039745488117772,68.10162698412698
2025-09-04 07:01:00+02:00,3.895900421793898,0.0,2.380613060875544,71.53193347953216
2025-09-04 07:02:00+02:00,4.069171124617742,0.0,2.6140200628463544,83.49599206349207
2025-09-04 07:03:00+02:00,4.424816859663052,0.0,2.842449683110833,90.55029970760232
2025-09-04 07:04:00+02:00,4.0972048309034586,0.0,2.632180625289229,79.94534722222222
2025-09-04 07:05:00+02:00,4.181779933961494,0.0,2.701157107783706,78.80426587301588
2025-09-04 07:06:00+02:00,4.325330321047268,0.0,2.8032045065426585,81.63570512820513
2025-09-04 07:07:00+02:00,4.468880708133042,0.0,2.889654738281994,92.59597222222222
2025-09-04 07:08:00+02:00,4.307484832258438,0.0,2.732107530081722,91.76939814814814
2025-09-04 07:09:00+02:00,4.3673450718725855,0.0,2.8699146032022957,86.55398214285714
2025-09-04 07:10:00+02:00,4.715300266491974,0.0,3.201371254633351,104.13118055555556
2025-09-04 07:11:00+02:00,4.956960630362989,0.0,3.454270865950314,105.99770833333334
2025-09-04 07:12:00+02:00,4.964458298062579,0.0,3.503728680203482,111.05402777777778
2025-09-04 07:13:00+02:00,4.867108954119435,0.0,3.4709418758544186,110.20394444444445
2025-09-04 07:14:00+02:00,4.782071596671062,0.0,3.312574907347963,107.8890277777778
2025-09-04 07:15:00+02:00,4.7526917859338775,0.0,3.1370742582964994,95.48892195767196
2025-09-04 07:16:00+02:00,5.0395286807174005,0.0,3.5331268726657243,111.20431712962964
2025-09-04 07:17:00+02:00,4.855340867875728,0.0,3.438449563817142,117.22064814814814
2025-09-04 07:18:00+02:00,4.856922990632784,0.0,3.456462475870804,109.32807870370372
2025-09-04 07:19:00+02:00,4.823355506692576,0.0,3.447284836436965,107.72948412698412
2025-09-04 07:20:00+02:00,5.493984728969211,0.0,4.024802431231678,135.62587962962962
2025-09-04 07:21:00+02:00,5.5056215208237935,0.0,4.159982102314965,134.3011111111111
2025-09-04 07:22:00+02:00,5.861966846963676,0.0,4.279393889633235,140.25956590413944
2025-09-04 07:23:00+02:00,6.059559732717036,0.0,4.237165631726527,145.94383796296296
2025-09-04 07:24:00+02:00,6.189445161353296,0.0,4.151847314731338,153.38979166666667
2025-09-04 07:25:00+02:00,6.003107801280517,0.0,4.066528997736146,149.25219907407407
2025-09-04 07:26:00+02:00,5.78296807210318,0.0,3.951010705042658,147.24283333333335
2025-09-04 07:27:00+02:00,6.242355199635968,0.0,4.161202474345582,140.6078869047619
2025-09-04 07:28:00+02:00,6.426173387410596,0.0,4.486914518693377,164.18680555555554
2025-09-04 07:29:00+02:00,6.4861006194278135,0.0,4.531319585926229,157.67765625
2025-09-04 07:30:00+02:00,6.713832755539451,0.0,4.572496636925453,158.74180555555554
2025-09-04 07:31:00+02:00,6.575533698205685,0.0,4.775823244302703,157.90147817460317
2025-09-04 07:32:00+02:00,6.73715854867287,0.0,4.917515177760552,167.3439351851852
2025-09-04 07:33:00+02:00,7.192511015219726,0.0,5.059571241617031,167.2725
2025-09-04 07:34:00+02:00,7.275940692522801,0.0,5.163712021168736,171.55001984126986
2025-09-04 07:35:00+02:00,7.816284042433734,0.0,5.274054581090246,190.13054487179488
2025-09-04 07:36:00+02:00,7.544577076118811,0.0,5.10640332369365,187.8655687830688
2025-09-04 07:37:00+02:00,7.847591123686159,0.0,5.403329768586438,187.3601587301587
2025-09-04 07:38:00+02:00,8.154970538354622,0.0,5.652789908837455,199.03354166666668
2025-09-04 07:39:00+02:00,8.364912979467567,0.0,5.5319017821706185,196.4743055555556
2025-09-04 07:40:00+02:00,8.57676094910654,0.0,5.393615784688096,199.48962009803924
2025-09-04 07:41:00+02:00,8.79071502922164,0.0,5.430028032610301,200.2495724789916
2025-09-04 07:42:00+02:00,9.002235832858414,0.0,5.525085883509056,202.2269756441224
2025-09-04 07:43:00+02:00,9.185932648938625,0.0,5.6201437344078045,210.83064814814816
2025-09-04 07:44:00+02:00,9.36180066243638,0.0,5.705278658051832,215.4163701201201
2025-09-04 07:45:00+02:00,9.54367998374013,0.0,5.7622986211408085,220.30405621530625
2025-09-04 07:46:00+02:00,9.980290933900417,0.0,5.817664763020665,221.8776136363637
2025-09-04 07:47:00+02:00,10.614282535692103,0.0,5.873030904900524,229.46661904761905
2025-09-04 07:48:00+02:00,11.588316236739509,0.0,5.928397046780384,229.678625
2025-09-04 07:49:00+02:00,13.01999782884877,0.0,5.98376318866024,229.50433827160492
2025-09-04 07:50:00+02:00,14.371925007994554,0.0,6.045582418064269,236.80807936507935
2025-09-04 07:51:00+02:00,14.46284025314887,0.0,6.156998234439788,239.96181576797383
2025-09-04 07:52:00+02:00,14.264078178722418,0.0,6.278738990853974,245.66082843137252
2025-09-04 07:53:00+02:00,13.950224094287998,0.0,6.400112426020361,252.4442943805875
2025-09-04 07:54:00+02:00,13.20516928352352,0.0,6.51992911875559,254.4434595959596
2025-09-04 07:55:00+02:00,12.3835996574344,0.0,6.639570896610914,254.81298611111117
2025-09-04 07:56:00+02:00,11.381985376209306,0.0,6.715249638516755,258.9481875
2025-09-04 07:57:00+02:00,10.40757508216005,0.0,6.64398966627304,263.8421701388889
2025-09-04 07:58:00+02:00,10.252645429141472,0.0,6.560718988885737,260.4986525341131
2025-09-04 07:59:00+02:00,10.38184077751867,0.0,6.477448311498433,265.1859371693121
2025-09-04 08:00:00+02:00,10.51103612589587,0.0,6.4162583787984495,277.461673992674
2025-09-04 08:01:00+02:00,10.640231474273062,0.0,6.494434025617375,280.1079556878307
2025-09-04 08:02:00+02:00,10.762705172768468,0.0,6.596984120921942,282.7079563492064
2025-09-04 08:03:00+02:00,10.87623122044721,0.0,6.699262627961358,288.6481712962963
2025-09-04 08:04:00+02:00,10.989713621048796,0.0,6.784159486031593,292.0890277777778
2025-09-04 08:05:00+02:00,11.103196021650389,0.0,6.858774788349968,294.9993148148148
2025-09-04 08:06:00+02:00,11.216678422251986,0.0,6.933390090668344,299.1408485623781
2025-09-04 08:07:00+02:00,11.328161635068827,0.0,7.008005392986716,302.95236912393165
2025-09-04 08:08:00+02:00,11.43757789102346,0.0,7.082524780244483,308.30952777777776
2025-09-04 08:09:00+02:00,11.546994146978092,0.0,7.156448832643328,311.1153683862434
2025-09-04 08:10:00+02:00,11.656410402932728,0.0,7.230270355149805,315.4574603174603
2025-09-04 08:11:00+02:00,11.765826658887354,0.0,7.304091877656282,320.20237962962966
2025-09-04 08:12:00+02:00,11.87510723000076,0.0,7.377913400162756,324.71334722222224
2025-09-04 08:13:00+02:00,11.98417070536824,0.0,7.447522281439247,326.10333531746033
2025-09-04 08:14:00+02:00,12.0932317137386,0.0,7.508144194758421,323.6992328042328
2025-09-04 08:15:00+02:00,12.20229272210896,0.0,7.568485265328929,328.58995701058205
2025-09-04 08:16:00+02:00,12.311353730479318,0.0,7.628826335899439,332.0451654259719
2025-09-04 08:17:00+02:00,12.420610763537924,0.0,7.689167406469954,336.4208186123912
2025-09-04 08:18:00+02:00,12.530360828388188,0.0,7.749508477040472,335.9662400793651
2025-09-04 08:19:00+02:00,12.64013465380672,0.0,7.806453729786666,342.19097222222223
2025-09-04 08:20:00+02:00,12.749908479225253,0.0,7.86052559821998,345.69511574074073
2025-09-04 08:21:00+02:00,12.859682304643789,0.0,7.914597466653298,345.5948247863248
2025-09-04 08:22:00+02:00,12.978134829935154,0.0,7.968669335086611,351.67559027777776
2025-09-04 08:23:00+02:00,13.127431923693475,0.0,8.022741203519926,349.7042881944444
2025-09-04 08:24:00+02:00,13.27942645119606,0.0,8.076813071953243,358.27242824074074
2025-09-04 08:25:00+02:00,13.431420978698643,0.0,8.133470901731984,358.67909722222225
2025-09-04 08:26:00+02:00,13.557119739353949,0.0,8.199918442318408,362.1525
2025-09-04 08:27:00+02:00,13.651741684644284,0.0,8.267289540528196,363.2418187830688
2025-09-04 08:28:00+02:00,13.74636362993463,0.0,8.33466063873799,373.5288194444445
2025-09-04 08:29:00+02:00,13.840985575224972,0.0,8.402031736947793,375.0714583333333
2025-09-04 08:30:00+02:00,13.935607520515315,0.0,8.468275343637963,376.3157001262626
2025-09-04 08:31:00+02:00,14.030229465805656,0.0,8.52700234019729,374.4029629629629
2025-09-04 08:32:00+02:00,14.13699511023025,0.0,8.584351291565962,379.9729652777778
2025-09-04 08:33:00+02:00,14.25403619238381,0.0,8.641700242934625,385.6899444444445
2025-09-04 08:34:00+02:00,14.371077274537363,0.0,8.699049194303296,388.7931150793651
2025-09-04 08:35:00+02:00,14.488118356690924,0.0,8.756398145671959,384.1382744107744
2025-09-04 08:36:00+02:00,14.604334149162623,0.0,8.814406323038716,393.82973484848486
2025-09-04 08:37:00+02:00,14.703425180735897,0.0,8.87785057940512,398.7422916666666
2025-09-04 08:38:00+02:00,14.79570757243389,0.0,8.942501726444958,400.9936944444444
2025-09-04 08:39:00+02:00,14.887989964131885,0.0,9.007152873484792,401.4208981481481
2025-09-04 08:40:00+02:00,14.980272355829884,0.0,9.071804020524624,406.2734758297258
2025-09-04 08:41:00+02:00,15.072554747527889,0.0,9.13644682058538,411.60376984126987
2025-09-04 08:42:00+02:00,15.165233855856869,0.0,9.197750829014966,416.0090873015873
2025-09-04 08:43:00+02:00,15.272316829556695,0.0,9.256392151118698,413.762375
2025-09-04 08:44:00+02:00,15.38657121927802,0.0,9.315033473222435,418.00428472222217
2025-09-04 08:45:00+02:00,15.50082560899935,0.0,9.373674795326172,420.3708573717949
2025-09-04 08:46:00+02:00,15.615079998720676,0.0,9.432316117429911,424.93919444444447
2025-09-04 08:47:00+02:00,15.729383466788116,0.0,9.491011988431524,429.0158492063492
2025-09-04 08:48:00+02:00,15.844521266739251,0.0,9.553198988897206,430.2646904761905
2025-09-04 08:49:00+02:00,15.959953536766989,0.0,9.617451054782467,433.80925595238097
2025-09-04 08:50:00+02:00,16.075385806794724,0.0,9.68170312066773,434.3238734567901
2025-09-04 08:51:00+02:00,16.190818076822463,0.0,9.745955186553005,437.86327380952383
2025-09-04 08:52:00+02:00,16.304954121595753,0.0,9.810207252438264,440.8408101851852
2025-09-04 08:53:00+02:00,16.409127749413422,0.0,9.876262309968268,443.0525854700855
2025-09-04 08:54:00+02:00,16.51122741682398,0.0,9.94685216466535,446.2151592592593
2025-09-04 08:55:00+02:00,16.613327084234523,0.0,10.017660563804212,444.7519805555556
2025-09-04 08:56:00+02:00,16.715426751645072,0.0,10.08846896294308,447.6434259259259
2025-09-04 08:57:00+02:00,16.817526419055625,0.0,10.159277362081946,451.06567708333336
2025-09-04 08:58:00+02:00,16.925736862665712,0.0,10.230787243030464,456.2679563492063
2025-09-04 08:59:00+02:00,17.041169132693447,0.0,10.303551538509172,458.3929722222222
2025-09-04 09:00:00+02:00,17.156601402721183,0.0,10.376340592169402,457.6244212962963
2025-09-04 09:01:00+02:00,17.272033672748925,0.0,10.449129645829638,464.5726041666667
2025-09-04 09:02:00+02:00,17.387513270480646,0.0,10.521876250379387,467.0649305555556
2025-09-04 09:03:00+02:00,17.50808059639112,0.0,10.585920787280072,465.6323611111111
2025-09-04 09:04:00+02:00,17.632031853136773,0.0,10.643428161166332,470.1613194444444
2025-09-04 09:05:00+02:00,17.75598310988242,0.0,10.7009355350526,469.7845833333333
2025-09-04 09:06:00+02:00,17.87993436662807,0.0,10.758442908938862,475.0057657657658
2025-09-04 09:07:00+02:00,17.987261729608033,0.0,10.81595028282512,475.5455341484342
2025-09-04 09:08:00+02:00,18.02413544758101,0.0,10.87345765671138,479.0392595899471
2025-09-04 09:09:00+02:00,18.05309302566556,0.0,10.93149002769069,480.022290954416
2025-09-04 09:10:00+02:00,18.082050603750112,0.0,10.98996662697953,486.0135509259259
2025-09-04 09:11:00+02:00,18.111008181834663,0.0,11.048443226268372,483.3288506944445
2025-09-04 09:12:00+02:00,18.139965759919203,0.0,11.106919825557206,485.4184675925926
2025-09-04 09:13:00+02:00,18.168923338003744,0.0,11.16539642484605,488.0599404761904
2025-09-04 09:14:00+02:00,18.19788091608828,0.0,11.223764734136212,495.4319791666667
2025-09-04 09:15:00+02:00,18.22683849417282,0.0,11.27049186856793,498.4633796296296
2025-09-04 09:16:00+02:00,18.25579607225736,0.0,11.309476268093828,495.0844444444445
2025-09-04 09:17:00+02:00,18.51185422724904,0.0,11.348460667619714,501.3008110119047
2025-09-04 09:18:00+02:00,18.64797025982851,0.0,11.387445067145608,502.50780555555554
2025-09-04 09:19:00+02:00,18.73050291481149,0.0,11.426429466671497,499.0437500000001
2025-09-04 09:20:00+02:00,18.813035569794465,0.0,11.46541386619739,506.3939583333333
2025-09-04 09:21:00+02:00,18.895568224777445,0.0,11.504398265723276,504.5941944444445
2025-09-04 09:22:00+02:00,18.97810087976042,0.0,11.543382665249172,508.10850529100526
2025-09-04 09:23:00+02:00,19.0606335347434,0.0,11.58253611477302,510.8716666666666
2025-09-04 09:24:00+02:00,19.14270823007906,0.0,11.62709916423107,513.5574603174604
2025-09-04 09:25:00+02:00,19.22405018997904,0.0,11.67419796365829,516.9803777777778
2025-09-04 09:26:00+02:00,19.305383823339977,0.0,11.721296763085505,517.2546
2025-09-04 09:27:00+02:00,19.386717456700914,0.0,11.768395562512715,523.7589030934342
2025-09-04 09:28:00+02:00,19.46805109006185,0.0,11.81549436193992,522.6042058404558
2025-09-04 09:29:00+02:00,19.54938472342282,0.0,11.862593161367124,520.4641250263546
2025-09-04 09:30:00+02:00,19.63071835678378,0.0,11.909691960794328,521.0788060224089
2025-09-04 09:31:00+02:00,19.715184290646228,0.0,11.959823637457376,529.8508829365079
2025-09-04 09:32:00+02:00,19.80288870468819,0.0,12.015378812236296,525.8233134920634
2025-09-04 09:33:00+02:00,19.890593118730152,0.0,12.071041029741188,532.4471805555555
2025-09-04 09:34:00+02:00,19.97829753277212,0.0,12.126703247246072,531.786662037037
2025-09-04 09:35:00+02:00,20.06600194681408,0.0,12.182365464750948,534.2745256410257
2025-09-04 09:36:00+02:00,20.15370636085604,0.0,12.238027682255826,530.6952457264957
2025-09-04 09:37:00+02:00,20.136388018628143,0.0,12.221181122223546,537.9364115133233
2025-09-04 09:38:00+02:00,19.92239980610493,0.0,12.103109022137732,534.608197167756
2025-09-04 09:39:00+02:00,20.27180802684622,0.0,12.312219997898982,543.8914583333334
2025-09-04 09:40:00+02:00,20.347805290597524,0.0,12.359001277330051,544.8064351851853
2025-09-04 09:41:00+02:00,20.423802554348832,0.0,12.40578255676112,549.6918518518519
2025-09-04 09:42:00+02:00,20.499799818100136,0.0,12.45256383619219,547.6843428330928
2025-09-04 09:43:00+02:00,20.575797081851416,0.0,12.499345115623257,546.3302645502646
2025-09-04 09:44:00+02:00,20.6517943456027,0.0,12.54612639505432,548.5192180735932
2025-09-04 09:45:00+02:00,20.72779160935397,0.0,12.592907674485394,551.6412297771673
2025-09-04 09:46:00+02:00,20.83397667509536,0.0,12.66231152700721,554.5105937118437
2025-09-04 09:47:00+02:00,21.04117477057285,0.0,12.822205671891922,560.1256076388889
2025-09-04 09:48:00+02:00,21.25620128789508,0.0,12.93820794038024,567.1182407407408
2025-09-04 09:49:00+02:00,21.07466921843677,0.0,12.75063795403149,541.9346944444445
2025-09-04 09:50:00+02:00,21.184185816687304,0.0,12.896735047712069,566.655735042735
2025-09-04 09:51:00+02:00,21.42693593649184,0.0,13.035076148808272,560.0271924603175
2025-09-04 09:52:00+02:00,21.522093983455218,0.0,13.095069432228524,553.0826898148149
2025-09-04 09:53:00+02:00,21.6172520304186,0.0,13.155062715648771,569.5755879629629
2025-09-04 09:54:00+02:00,21.71241007738198,0.0,13.215055999069016,573.5648333333334
2025-09-04 09:55:00+02:00,21.80756812434535,0.0,13.275049282489269,574.7687857142856
2025-09-04 09:56:00+02:00,21.880945964682788,0.0,13.303514548026374,584.1544484126983
2025-09-04 09:57:00+02:00,21.69494584988262,0.0,13.176128214392584,580.9350925925926
2025-09-04 09:58:00+02:00,21.445071174975745,0.0,13.03507882116756,577.3232559523809
2025-09-04 09:59:00+02:00,21.520647045619896,0.0,13.088427791690934,572.5596388888889
2025-09-04 10:00:00+02:00,21.738769062360618,0.0,13.226293151603697,572.3150529100529
2025-09-04 10:01:00+02:00,21.938557547521828,0.0,13.349990645806272,581.1480555555555
2025-09-04 10:02:00+02:00,22.08640102654112,0.0,13.440013792523771,581.9703009259259
2025-09-04 10:03:00+02:00,22.23118891696384,0.0,13.528599619531544,587.2840701058202
2025-09-04 10:04:00+02:00,22.37597680738657,0.0,13.61718544653931,591.6925
2025-09-04 10:05:00+02:00,22.39097059400657,0.0,13.638771650665094,598.5298633040935
2025-09-04 10:06:00+02:00,22.12764988014735,0.0,13.519578453715718,599.0677361111111
2025-09-04 10:07:00+02:00,22.05915424684156,0.0,13.3956637552227,592.7759027777778
2025-09-04 10:08:00+02:00,22.395781914832703,0.0,13.582765438950569,597.5329738562092
2025-09-04 10:09:00+02:00,22.23767534187941,0.0,13.5307199068697,602.1037608932462
2025-09-04 10:10:00+02:00,21.91756640069333,0.0,13.329870304016277,591.5547777777778
2025-09-04 10:11:00+02:00,21.96344637825479,0.0,13.290277383905671,589.1121666666667
2025-09-04 10:12:00+02:00,22.58661497493021,0.0,13.760968007874178,600.5561388888889
2025-09-04 10:13:00+02:00,23.090944991686573,0.0,14.036437627394386,614.3091527777777
2025-09-04 10:14:00+02:00,23.290151459972265,0.0,14.119336146768497,611.7076753968255
2025-09-04 10:15:00+02:00,23.48320198053589,0.0,14.195313042194863,623.5145734126985
2025-09-04 10:16:00+02:00,23.62573824576942,0.0,14.271289937621246,624.8773784722222
2025-09-04 10:17:00+02:00,23.70493375196835,0.0,14.349020146018994,624.0504473304474
2025-09-04 10:18:00+02:00,23.78397090626969,0.0,14.482856369500842,630.4863194444445
2025-09-04 10:19:00+02:00,23.86300806057104,0.0,14.642992287553351,630.2722652116403
2025-09-04 10:20:00+02:00,23.942045214872383,0.0,14.642423329188182,634.0915324074074
2025-09-04 10:21:00+02:00,24.02108236917373,0.0,14.481046047429835,639.4335694444444
2025-09-04 10:22:00+02:00,24.100119523475072,0.0,14.405040229458828,641.7265972222223
2025-09-04 10:23:00+02:00,24.16072461152995,0.0,14.484392064482172,647.7979305555556
2025-09-04 10:24:00+02:00,24.19016907438328,0.0,14.56700186347751,648.800337962963
2025-09-04 10:25:00+02:00,24.219126652467825,0.0,14.649611662472852,646.1604166666667
2025-09-04 10:26:00+02:00,24.248084230552376,0.0,14.735091943372668,654.0461557539683
2025-09-04 10:27:00+02:00,24.27704180863693,0.0,14.829150292289397,659.6554606227106
2025-09-04 10:28:00+02:00,24.305999386721485,0.0,14.9237760620477,652.4091527777778
2025-09-04 10:29:00+02:00,24.334956964806032,0.0,15.018401831806,649.9346338383838
2025-09-04 10:30:00+02:00,24.363914542890573,0.0,14.970318844414685,658.7590740740741
2025-09-04 10:31:00+02:00,24.392872120975102,0.0,15.137154406017292,661.6202175925927
2025-09-04 10:32:00+02:00,24.425766415557398,0.0,15.22845997332794,662.2513888888889
2025-09-04 10:33:00+02:00,24.60180616152222,0.0,15.31976554063858,663.4397987117552
2025-09-04 10:34:00+02:00,24.93395366036671,0.0,15.393700697907072,652.0275865079365
2025-09-04 10:35:00+02:00,25.16674008000426,0.0,15.353169741142064,680.4336842592593
2025-09-04 10:36:00+02:00,24.777724422514428,0.0,15.291396241596583,673.7973981481482
2025-09-04 10:37:00+02:00,24.573197109989614,0.0,15.229622742051102,666.4189351851852
2025-09-04 10:38:00+02:00,24.424565293272494,0.0,15.167849242505625,635.6497853535353
2025-09-04 10:39:00+02:00,24.27593347655536,0.0,15.106075742960142,601.5052916666667
2025-09-04 10:40:00+02:00,24.40926172103271,0.0,15.170137149896194,661.8163525132276
2025-09-04 10:41:00+02:00,24.388769797413097,0.0,15.354457266525882,671.6096230158731
2025-09-04 10:42:00+02:00,23.78382454116913,0.0,15.045880542028629,667.2304970760234
2025-09-04 10:43:00+02:00,24.553910625782336,0.0,15.296074756448297,663.4319444444444
2025-09-04 10:44:00+02:00,25.522069232404306,0.0,15.876803733402038,685.371351851852
2025-09-04 10:45:00+02:00,25.839944585527707,0.0,16.003740741614404,687.3190740740741
2025-09-04 10:46:00+02:00,26.013676803999243,0.0,15.917695132813732,698.6569444444444
2025-09-04 10:47:00+02:00,25.397276848675293,0.0,15.483603353119964,685.8556712962964
2025-09-04 10:48:00+02:00,25.923856176703413,0.0,16.13314596943088,684.4663888888889
2025-09-04 10:49:00+02:00,25.7623931978378,0.0,15.956091821584122,680.2485972222222
2025-09-04 10:50:00+02:00,25.148598515945512,0.0,15.433308316691935,682.3074470899471
2025-09-04 10:51:00+02:00,25.26335829861127,0.0,15.670462253557796,684.8059351851851
2025-09-04 10:52:00+02:00,26.023654902333917,0.0,16.3242260262375,707.7903051346801
2025-09-04 10:53:00+02:00,23.5415576289642,0.0,14.76559698599936,618.4409722222223
2025-09-04 10:54:00+02:00,26.45171936018757,0.0,16.249595403209362,717.2123228276354
2025-09-04 10:55:00+02:00,26.284376647916037,0.0,16.214591268850025,712.7930317460317
2025-09-04 10:56:00+02:00,26.590240358263177,0.0,16.164428210182987,714.6994935388685
2025-09-04 10:57:00+02:00,26.40842745991374,0.0,16.114265151515944,715.409212962963
2025-09-04 10:58:00+02:00,26.141226743076214,0.0,16.064102092848888,661.3195965608465
2025-09-04 10:59:00+02:00,25.926492785773704,0.0,16.013939034181835,706.5262962962962
2025-09-04 11:00:00+02:00,25.72413862566484,0.0,15.963775975514768,702.8419444444444
2025-09-04 11:01:00+02:00,25.453779906104923,0.0,15.828977270120983,693.709375
2025-09-04 11:02:00+02:00,25.180695129280224,0.0,15.55491753400465,684.228134920635
2025-09-04 11:03:00+02:00,25.758061052227536,0.0,15.978374081313136,694.7807638888889
2025-09-04 11:04:00+02:00,26.458220626454438,0.0,16.343067121810364,711.0271626984127
2025-09-04 11:05:00+02:00,27.00185042211262,0.0,16.474651761126726,729.7515277777778
2025-09-04 11:06:00+02:00,26.08315008508499,0.0,16.197065152673687,713.5694573412699
2025-09-04 11:07:00+02:00,26.604160915270256,0.0,16.362890518528733,718.0819444444445
2025-09-04 11:08:00+02:00,26.742559253137365,0.0,16.456663803874797,716.410375
2025-09-04 11:09:00+02:00,26.815582710915773,0.0,16.55043708922086,718.4479907407407
2025-09-04 11:10:00+02:00,26.88860616869418,0.0,16.633247670344815,724.4453333333335
2025-09-04 11:11:00+02:00,26.9616296264726,0.0,16.684997256172807,704.1086111111111
2025-09-04 11:12:00+02:00,27.03465308425101,0.0,16.734919724630434,721.9203194444444
2025-09-04 11:13:00+02:00,27.10767654202942,0.0,16.78484219308804,723.3300347222222
2025-09-04 11:14:00+02:00,27.18069999980785,0.0,16.834764661545655,719.8054687499999
2025-09-04 11:15:00+02:00,27.316799809737827,0.0,16.884687130003268,731.8174305555555
2025-09-04 11:16:00+02:00,27.57235850700788,0.0,16.93460959846088,732.3259722222223
2025-09-04 11:17:00+02:00,27.92329525943653,0.0,17.06829542178139,683.3018885281385
2025-09-04 11:18:00+02:00,28.296404809537147,0.0,17.285430978375338,757.2877297008548
2025-09-04 11:19:00+02:00,28.153996762904168,0.0,17.202104795995968,764.2979530423281
2025-09-04 11:20:00+02:00,27.99848384356124,0.0,17.101536345045112,760.8877663690477
2025-09-04 11:21:00+02:00,27.83515007100717,0.0,16.991942520290998,752.551880787037
2025-09-04 11:22:00+02:00,27.256256242569407,0.0,16.625573257536722,737.2951455026455
2025-09-04 11:23:00+02:00,26.3074104398064,0.0,16.277713117672732,739.3103849206349
2025-09-04 11:24:00+02:00,25.543453223534296,0.0,15.80505569599312,708.8516666666666
2025-09-04 11:25:00+02:00,25.08022409943001,0.0,15.32738490568846,675.7854166666667
2025-09-04 11:26:00+02:00,25.382626946113827,0.0,15.440772591601162,687.7779861111111
2025-09-04 11:27:00+02:00,27.255761546156545,0.0,16.590682459366565,740.6587222222223
2025-09-04 11:28:00+02:00,27.627215262072784,0.0,16.868714740235276,738.52375
2025-09-04 11:29:00+02:00,27.41331013927286,0.0,17.068662226803617,742.3360251322752
2025-09-04 11:30:00+02:00,26.821194698874688,0.0,16.736449279048372,739.1926388888888
2025-09-04 11:31:00+02:00,21.965100949453657,0.0,13.104464213764125,546.5036944444445
2025-09-04 11:32:00+02:00,21.91339290377213,0.0,13.463472631898052,597.0452083333333
2025-09-04 11:33:00+02:00,21.530442339890197,0.0,12.620411198618315,537.6073611111111
2025-09-04 11:34:00+02:00,9.955434321457252,0.0,6.199145536492998,205.4924479166667
2025-09-04 11:35:00+02:00,27.122093514901024,0.0,16.574682713305215,739.0035357142857
2025-09-04 11:36:00+02:00,27.030934297049345,0.0,16.503992132312153,722.8790277777779
2025-09-04 11:37:00+02:00,27.13757172745593,0.0,16.573616444508904,726.1420405982907
2025-09-04 11:38:00+02:00,27.244209157862496,0.0,16.64324075670564,721.465707070707
2025-09-04 11:39:00+02:00,27.35084658826909,0.0,16.712865068902385,719.0320128205127
2025-09-04 11:40:00+02:00,27.457484018675647,0.0,16.78262728136535,719.9878089387465
2025-09-04 11:41:00+02:00,27.48340229204384,0.0,16.854963632131383,728.4111659356726
2025-09-04 11:42:00+02:00,27.421598818194283,0.0,16.928265284761057,726.3051636904762
2025-09-04 11:43:00+02:00,27.35962318982145,0.0,17.001566937390717,729.0409201388889
2025-09-04 11:44:00+02:00,27.297647561448635,0.0,17.074868590020383,727.1689202279202
2025-09-04 11:45:00+02:00,27.235671933075807,0.0,17.048809905008145,732.7820138888889
2025-09-04 11:46:00+02:00,27.17369630470298,0.0,16.83505541625375,729.4888670634922
2025-09-04 11:47:00+02:00,27.11172067633016,0.0,16.89256279014,732.0959583333333
2025-09-04 11:48:00+02:00,27.049745047957337,0.0,16.95007016402627,731.9813095238096
2025-09-04 11:49:00+02:00,26.987769419584502,0.0,17.007577537912532,729.9291203703702
2025-09-04 11:50:00+02:00,27.184709130823148,0.0,17.065084911798788,723.9989384920635
2025-09-04 11:51:00+02:00,27.061110664265968,0.0,17.122272800274576,729.1919343711844
2025-09-04 11:52:00+02:00,25.57261189591111,0.0,17.084733264543257,730.7206481481481
2025-09-04 11:53:00+02:00,26.794871824154665,0.0,16.969718516770726,730.6100438034188
2025-09-04 11:54:00+02:00,27.23420020606117,0.0,16.85470376899821,729.8935694444444
2025-09-04 11:55:00+02:00,27.007183880031167,0.0,16.824195276354402,726.1428333333333
2025-09-04 11:56:00+02:00,27.023731593416613,0.0,16.868207262288504,716.8080952380952
2025-09-04 11:57:00+02:00,27.100598391078083,0.0,16.91221924822261,713.737183080808
2025-09-04 11:58:00+02:00,27.17746518873957,0.0,16.956231234156704,720.3885902777778
2025-09-04 11:59:00+02:00,27.254331986401063,0.0,17.0002432200908,714.2271071428572
2025-09-04 12:00:00+02:00,27.33119878406257,0.0,17.044255206024886,718.7155021367521
2025-09-04 12:01:00+02:00,27.40806558172407,0.0,17.088267191958966,726.0267261904761
2025-09-04 12:02:00+02:00,27.48150057992903,0.0,17.12968124816778,729.5424074074075
2025-09-04 12:03:00+02:00,27.18987366918014,0.0,16.993824805475374,725.1547323848239
2025-09-04 12:04:00+02:00,26.85534607357307,0.0,16.786562085192383,725.2181822612087
2025-09-04 12:05:00+02:00,26.685695616108053,0.0,16.68330428357348,721.5918859649123
2025-09-04 12:06:00+02:00,26.516045158643053,0.0,16.58692618474558,716.296736111111
2025-09-04 12:07:00+02:00,26.20945089440702,0.0,16.493206132690904,711.4994391025642
2025-09-04 12:08:00+02:00,26.07871672938038,0.0,16.562716924206658,699.9016944444444
2025-09-04 12:09:00+02:00,26.49078423587544,0.0,16.72782384748814,711.6350347222223
2025-09-04 12:10:00+02:00,26.752602337220715,0.0,16.86983245538187,716.2553282828284
2025-09-04 12:11:00+02:00,26.941387788143988,0.0,16.99448915805747,720.7432916666667
2025-09-04 12:12:00+02:00,26.950067578991032,0.0,17.112661053345622,727.5870126262625
2025-09-04 12:13:00+02:00,26.950067578991032,0.0,17.10122955140756,725.1940567129628
2025-09-04 12:14:00+02:00,26.950067578991032,0.0,17.039272202161044,726.6025
2025-09-04 12:15:00+02:00,26.950067578991032,0.0,16.977314852914542,723.2014888888889
2025-09-04 12:16:00+02:00,26.950067578991032,0.0,16.915357503668037,723.0008023504273
2025-09-04 12:17:00+02:00,26.950067578991032,0.0,16.85340015442153,723.5738657407406
2025-09-04 12:18:00+02:00,26.950067578991032,0.0,16.793839501720864,717.0684543650794
2025-09-04 12:19:00+02:00,26.950067578991032,0.0,16.743865635203626,718.4905773809523
2025-09-04 12:20:00+02:00,26.950067578991032,0.0,16.694882883799327,723.7526785714285
2025-09-04 12:21:00+02:00,26.80519501728736,0.0,16.645900132395035,727.4151388888889
2025-09-04 12:22:00+02:00,26.510897366280417,0.0,16.59691738099073,715.1994004629629
2025-09-04 12:23:00+02:00,26.26677665263585,0.0,16.547934629586432,718.2532638888888
2025-09-04 12:24:00+02:00,26.05813820184037,0.0,16.498951878182133,715.9863422035481
2025-09-04 12:25:00+02:00,26.055392650958705,0.0,16.560568281421986,710.0398638344227
2025-09-04 12:26:00+02:00,26.124839282321968,0.0,16.638710777800572,708.9853472222222
2025-09-04 12:27:00+02:00,26.54364887593404,0.0,16.743976646225256,704.7991666666667
2025-09-04 12:28:00+02:00,27.001011466362,0.0,16.94995035699734,719.4032407407408
2025-09-04 12:29:00+02:00,27.065361639883225,0.0,17.09919467768231,723.894861111111
2025-09-04 12:30:00+02:00,27.129711813404437,0.0,17.14511600712383,722.9968148148149
2025-09-04 12:31:00+02:00,27.194061986925643,0.0,17.14511600712383,724.0978450854701
2025-09-04 12:32:00+02:00,27.25841216044684,0.0,17.14511600712383,723.0871212121211
2025-09-04 12:33:00+02:00,27.32276233396805,0.0,17.14511600712383,723.3813596491227
2025-09-04 12:34:00+02:00,27.38711250748925,0.0,17.14511600712383,727.7445833333333
2025-09-04 12:35:00+02:00,27.45146268101046,0.0,17.14511600712383,728.3899074074075
2025-09-04 12:36:00+02:00,27.488541203502475,0.0,17.14511600712383,731.2455092592592
2025-09-04 12:37:00+02:00,27.38492990474036,0.0,17.14511600712383,731.2389583333334
2025-09-04 12:38:00+02:00,27.260978647994712,0.0,17.14511600712383,732.7872097578347
2025-09-04 12:39:00+02:00,27.137027391249067,0.0,17.14011862422165,733.4494907407408
2025-09-04 12:40:00+02:00,27.01307613450341,0.0,17.09671278415692,705.1500694444445
2025-09-04 12:41:00+02:00,26.89909389987308,0.0,17.045311131448706,731.8664682539684
2025-09-04 12:42:00+02:00,26.795418620311143,0.0,16.993909478740488,731.5650853174603
2025-09-04 12:43:00+02:00,26.6917433407492,0.0,16.942507826032276,729.736550925926
2025-09-04 12:44:00+02:00,26.58806806118725,0.0,16.891106173324072,732.0659305555555
2025-09-04 12:45:00+02:00,26.48439278162529,0.0,16.83970452061586,732.4516203703703
2025-09-04 12:46:00+02:00,26.603460960333297,0.0,16.633026456844615,712.2002678571429
2025-09-04 12:47:00+02:00,25.745606839619136,0.0,16.19592521379458,684.4249305555555
2025-09-04 12:48:00+02:00,24.95189789322698,0.0,15.6726675553758,658.2391666666666
2025-09-04 12:49:00+02:00,24.382168770304823,0.0,15.248325723272991,634.7120833333333
2025-09-04 12:50:00+02:00,24.81634920699344,0.0,15.52042533529156,651.6411527777777
2025-09-04 12:51:00+02:00,25.31344061417386,0.0,15.829666254699024,662.5798958333334
2025-09-04 12:52:00+02:00,25.6393988812018,0.0,16.018273694881945,660.8766837606837
2025-09-04 12:53:00+02:00,26.00894141499883,0.0,16.41835088596236,680.9258333333333
2025-09-04 12:54:00+02:00,26.46624894994734,0.0,16.520878309715474,693.9672268518519
2025-09-04 12:55:00+02:00,26.82243052406347,0.0,16.579354909004312,703.6225793650793
2025-09-04 12:56:00+02:00,26.542303243287776,0.0,16.637831508293146,699.7841666666667
2025-09-04 12:57:00+02:00,26.872697224247982,0.0,16.69630810758198,700.7037023809524
2025-09-04 12:58:00+02:00,27.169039802517432,0.0,16.754784706870822,707.4535011574075
2025-09-04 12:59:00+02:00,27.414537011883368,0.0,16.79644928386413,708.101537037037
2025-09-04 13:00:00+02:00,27.101053961574507,0.0,16.79815485134339,713.877232905983
2025-09-04 13:01:00+02:00,26.89058388734238,0.0,16.79815485134339,713.3112777777778
2025-09-04 13:02:00+02:00,26.830600332738697,0.0,16.79815485134339,718.9642708333334
2025-09-04 13:03:00+02:00,26.770616778135008,0.0,16.79815485134339,718.5105158730158
2025-09-04 13:04:00+02:00,26.71063322353132,0.0,16.79815485134339,723.0136058201057
2025-09-04 13:05:00+02:00,26.650649668927613,0.0,16.79815485134339,718.6418194444444
2025-09-04 13:06:00+02:00,26.590666114323906,0.0,16.79815485134339,717.2936721611721
2025-09-04 13:07:00+02:00,26.5306825597202,0.0,16.79815485134339,715.6409885531135
2025-09-04 13:08:00+02:00,26.470699005116497,0.0,16.79815485134339,712.6422781986531
2025-09-04 13:09:00+02:00,26.40823536123589,0.0,16.723102970128476,706.3041633597883
2025-09-04 13:10:00+02:00,26.22011386065986,0.0,16.575459925115517,703.43083994709
2025-09-04 13:11:00+02:00,25.96172316390547,0.0,16.44684501392105,702.441858974359
2025-09-04 13:12:00+02:00,25.97894921035577,0.0,16.381901165888404,701.3163952991454
2025-09-04 13:13:00+02:00,26.237339907110176,0.0,16.32208027696074,706.0421441798941
2025-09-04 13:14:00+02:00,26.25623514410796,0.0,16.262259388033083,707.4550299145299
2025-09-04 13:15:00+02:00,25.88278714291377,0.0,16.202438499105405,701.1237500000001
2025-09-04 13:16:00+02:00,25.599976188449315,0.0,16.142617610177748,698.3347685185186
2025-09-04 13:17:00+02:00,25.292060608150333,0.0,15.951572954621833,685.531875
2025-09-04 13:18:00+02:00,23.24666263346485,0.0,14.702914651824598,643.904675925926
2025-09-04 13:19:00+02:00,24.082819490270648,0.0,15.418549001185948,657.5038194444445
2025-09-04 13:20:00+02:00,25.277314434960093,0.0,16.12976496354458,687.1524930555555
2025-09-04 13:21:00+02:00,25.63615814416057,0.0,16.47763937953569,699.4446388888888
2025-09-04 13:22:00+02:00,25.730514297469757,0.0,16.539205836252126,691.4447023809524
2025-09-04 13:23:00+02:00,25.82487045077894,0.0,16.60025471996717,690.219742063492
2025-09-04 13:24:00+02:00,25.919226604088127,0.0,16.661303603682203,689.1567592592593
2025-09-04 13:25:00+02:00,26.01358275739732,0.0,16.722352487397238,696.3937222222222
2025-09-04 13:26:00+02:00,26.152896842577366,0.0,16.790872193411634,703.595517094017
2025-09-04 13:27:00+02:00,26.558449456810425,0.0,17.014411462138046,716.3533333333334
2025-09-04 13:28:00+02:00,26.56400675672222,0.0,17.236792735277195,724.8670138888889
2025-09-04 13:29:00+02:00,26.42404512931358,0.0,17.40604207956034,722.2087847222223
2025-09-04 13:30:00+02:00,26.28408350190496,0.0,17.366172319253636,720.4422817460318
2025-09-04 13:31:00+02:00,26.14549404731407,0.0,17.23109733962279,708.1902223875662
2025-09-04 13:32:00+02:00,26.035377178691093,0.0,17.009077280576822,705.7078630952382
2025-09-04 13:33:00+02:00,25.93658073581441,0.0,16.85951283669587,699.0746964285714
2025-09-04 13:34:00+02:00,25.83778429293773,0.0,16.738363001682206,699.9434027777778
2025-09-04 13:35:00+02:00,25.73898785006104,0.0,16.637306354367507,696.6433333333333
2025-09-04 13:36:00+02:00,25.640191407184364,0.0,16.536249707052818,696.471550925926
2025-09-04 13:37:00+02:00,25.586721233589497,0.0,16.41645357633968,683.1485601851851
2025-09-04 13:38:00+02:00,25.383106949548576,0.0,16.233952251177904,679.3632962962963
2025-09-04 13:39:00+02:00,25.003751551975373,0.0,16.085841053823746,678.5407465277777
2025-09-04 13:40:00+02:00,24.85858425310462,0.0,16.016936223344153,673.9803712606838
2025-09-04 13:41:00+02:00,24.739467974458982,0.0,15.950212924155604,671.3977435897435
2025-09-04 13:42:00+02:00,24.620351695813337,0.0,15.883489624967051,668.9441018518519
2025-09-04 13:43:00+02:00,24.5012354171677,0.0,15.816766325778511,668.8563888888889
2025-09-04 13:44:00+02:00,24.57191616627004,0.0,15.897982212532751,661.0307407407407
2025-09-04 13:45:00+02:00,24.859016940441588,0.0,15.90317715897763,658.0255026455027
2025-09-04 13:46:00+02:00,24.962041197839888,0.0,16.068385787718462,666.4543402777778
2025-09-04 13:47:00+02:00,24.899720621628244,0.0,16.01527948836432,665.9219502314814
2025-09-04 13:48:00+02:00,24.83740004541661,0.0,15.962173189010167,662.9563888888889
2025-09-04 13:49:00+02:00,24.775079469204982,0.0,15.90906688965602,664.1065625
2025-09-04 13:50:00+02:00,24.71275889299335,0.0,15.85596059030186,667.8545833333334
2025-09-04 13:51:00+02:00,24.65043831678171,0.0,15.802854290947716,666.5134722222223
2025-09-04 13:52:00+02:00,24.58811774057008,0.0,15.760664286460804,661.6230085470086
2025-09-04 13:53:00+02:00,24.525797164358448,0.0,15.757271384002069,660.2928174603175
2025-09-04 13:54:00+02:00,24.4634765881468,0.0,15.757271384002069,658.3978571428571
2025-09-04 13:55:00+02:00,24.430758285635694,0.0,15.757271384002069,658.1136342592592
2025-09-04 13:56:00+02:00,24.430758285635694,0.0,15.757271384002069,659.0643531746032
2025-09-04 13:57:00+02:00,24.430758285635694,0.0,15.757271384002069,658.2680694444444
2025-09-04 13:58:00+02:00,24.430758285635694,0.0,15.757271384002069,658.6502643849207
2025-09-04 13:59:00+02:00,24.430758285635694,0.0,15.757271384002069,660.2943701923077
2025-09-04 14:00:00+02:00,24.430758285635694,0.0,15.757271384002069,658.5457361111111
2025-09-04 14:01:00+02:00,24.430758285635694,0.0,15.757271384002069,657.0259313725489
2025-09-04 14:02:00+02:00,24.430758285635694,0.0,15.711611066884098,655.9457046568627
2025-09-04 14:03:00+02:00,24.430758285635694,0.0,15.608696433630746,659.0776048976608
2025-09-04 14:04:00+02:00,24.42308915536673,0.0,15.505638664587051,653.5769415204678
2025-09-04 14:05:00+02:00,24.25628557201672,0.0,15.411556213544086,646.4336388888888
2025-09-04 14:06:00+02:00,24.02621166394774,0.0,15.357900404924596,645.0893783068783
2025-09-04 14:07:00+02:00,23.864623878456456,0.0,15.309147080927348,645.1530972222222
2025-09-04 14:08:00+02:00,23.832740423071527,0.0,15.2603937569301,643.7699444444444
2025-09-04 14:09:00+02:00,23.803931854822743,0.0,15.211640432932835,645.1839682539683
2025-09-04 14:10:00+02:00,23.77512328657396,0.0,15.162887108935587,641.5288234126984
2025-09-04 14:11:00+02:00,23.746314718325173,0.0,15.114133784938332,642.3164675925926
2025-09-04 14:12:00+02:00,23.717506150076392,0.0,15.068592746972522,636.12515625
2025-09-04 14:13:00+02:00,23.688697581827626,0.0,15.046180168433136,638.8309722222222
2025-09-04 14:14:00+02:00,23.659889013578866,0.0,15.028264790337756,638.5709126984127
2025-09-04 14:15:00+02:00,23.631080445330092,0.0,15.010349412242377,635.954417989418
2025-09-04 14:16:00+02:00,23.601740756152317,0.0,14.992434034147005,633.9223015873016
2025-09-04 14:17:00+02:00,23.515305567103688,0.0,14.97451865605163,631.1751884920635
2025-09-04 14:18:00+02:00,23.390895231629347,0.0,14.956603277956248,624.8975892857143
2025-09-04 14:19:00+02:00,23.285162361541012,0.0,14.938687899860875,629.107800925926
2025-09-04 14:20:00+02:00,23.21100498010523,0.0,14.9207725217655,628.7433055555556
2025-09-04 14:21:00+02:00,23.137340965679638,0.0,14.902857143670122,628.3560277777777
2025-09-04 14:22:00+02:00,23.063676951254035,0.0,14.741944832123558,625.2373611111111
2025-09-04 14:23:00+02:00,22.990012936828435,0.0,14.6387781844467,627.9858589616402
2025-09-04 14:24:00+02:00,22.91634892240284,0.0,14.57790780623961,627.03275
2025-09-04 14:25:00+02:00,22.842684907977247,0.0,14.517037428032507,623.470302579365
2025-09-04 14:26:00+02:00,22.7676153502879,0.0,14.45616704982541,617.8813044871795
2025-09-04 14:27:00+02:00,22.663380769875683,0.0,14.395225810527966,612.4004662698412
2025-09-04 14:28:00+02:00,22.54755045753751,0.0,14.319758047708422,612.5852314814815
2025-09-04 14:29:00+02:00,22.43172014519933,0.0,14.2333776769747,605.7188472222223
2025-09-04 14:30:00+02:00,22.31588983286115,0.0,14.146997306240989,607.965
2025-09-04 14:31:00+02:00,22.20333040019603,0.0,14.060673362245163,601.3103472222223
2025-09-04 14:32:00+02:00,22.11774314452718,0.0,13.996920113410535,596.0170238095238
2025-09-04 14:33:00+02:00,22.03814411472132,0.0,13.951166993966964,590.5401111111111
2025-09-04 14:34:00+02:00,21.958545084915468,0.0,13.9054138745234,597.3764583333333
2025-09-04 14:35:00+02:00,21.87894605510961,0.0,13.85966075507982,594.0683449074074
2025-09-04 14:36:00+02:00,21.799347025303764,0.0,13.81390763563624,590.6684628817414
2025-09-04 14:37:00+02:00,21.719747995497908,0.0,13.76815451619267,589.4976111111112
2025-09-04 14:38:00+02:00,21.63830980772458,0.0,13.722401396749095,588.1388576388889
2025-09-04 14:39:00+02:00,21.53908194652036,0.0,13.67549983710981,587.7820185185185
2025-09-04 14:40:00+02:00,21.43540666695843,0.0,13.620942009499116,585.6329710144927
2025-09-04 14:41:00+02:00,21.331731387396488,0.0,13.564980532760329,584.5027777777779
2025-09-04 14:42:00+02:00,21.22805610783452,0.0,13.509019056021538,578.9187499999999
2025-09-04 14:43:00+02:00,21.124380828272564,0.0,13.453057579282762,579.045267094017
2025-09-04 14:44:00+02:00,20.94750274636828,0.0,13.397096102543983,574.1488888888889
2025-09-04 14:45:00+02:00,20.694940411194807,0.0,13.340739051468844,574.1750000000001
2025-09-04 14:46:00+02:00,20.489518261876164,0.0,13.27699794611474,566.5493819444445
2025-09-04 14:47:00+02:00,20.39016153073085,0.0,13.210487820406048,568.4146031746031
2025-09-04 14:48:00+02:00,20.29473314840678,0.0,13.14397769469734,565.5180868055555
2025-09-04 14:49:00+02:00,20.199304766082705,0.0,13.077467568988618,560.8734132996633
2025-09-04 14:50:00+02:00,20.10387638375865,0.0,13.010989832085928,562.6098611111112
2025-09-04 14:51:00+02:00,20.0084480014346,0.0,12.957467617595386,559.1538888888889
2025-09-04 14:52:00+02:00,20.05330812287988,0.0,12.914277432228523,551.8369642857143
2025-09-04 14:53:00+02:00,20.259386592683992,0.0,12.871087246861654,551.4292303240741
2025-09-04 14:54:00+02:00,20.457216965165973,0.0,12.827897061494784,554.0831096491228
2025-09-04 14:55:00+02:00,20.49190679182197,0.0,12.784706876127926,551.732829710145
2025-09-04 14:56:00+02:00,20.463098223573184,0.0,12.74151669076107,551.3845833333334
2025-09-04 14:57:00+02:00,20.4342896553244,0.0,12.698326505394215,549.2552804232804
2025-09-04 14:58:00+02:00,20.40548108707562,0.0,12.655704886477247,546.1110945767197
2025-09-04 14:59:00+02:00,20.37667251882684,0.0,12.703447515597595,542.8562499999999
2025-09-04 15:00:00+02:00,20.34786395057805,0.0,12.816587022917302,544.9449603174603
2025-09-04 15:01:00+02:00,20.319055382329285,0.0,12.929726530237016,548.6423148148148
2025-09-04 15:02:00+02:00,20.290246814080533,0.0,12.932651718353616,551.3827222222222
2025-09-04 15:03:00+02:00,20.26143824583176,0.0,12.825894439651949,546.1157015669515
2025-09-04 15:04:00+02:00,20.21195314821964,0.0,12.719137160950272,546.3038995726496
2025-09-04 15:05:00+02:00,20.025648227456976,0.0,12.6207437887666,540.6833785529716
2025-09-04 15:06:00+02:00,19.86593976058068,0.0,12.546048151717264,540.7443287037037
2025-09-04 15:07:00+02:00,19.735236295296357,0.0,12.4727464990876,540.3477777777778
2025-09-04 15:08:00+02:00,19.604532830012037,0.0,12.399444846457929,535.0999305555556
2025-09-04 15:09:00+02:00,19.47382936472771,0.0,12.326143193828258,536.2604166666666
2025-09-04 15:10:00+02:00,19.35218807574528,0.0,12.2091805171521,530.017003968254
2025-09-04 15:11:00+02:00,19.24504626884586,0.0,12.043960919161412,528.159525462963
2025-09-04 15:12:00+02:00,19.138069228788304,0.0,11.91344891033196,521.9462731481482
2025-09-04 15:13:00+02:00,19.03109218873075,0.0,11.838469044160489,525.694212962963
2025-09-04 15:14:00+02:00,18.92411514867321,0.0,11.764120225064689,520.4643518518518
2025-09-04 15:15:00+02:00,18.78158805335951,0.0,11.689771405968877,516.2067923280423
2025-09-04 15:16:00+02:00,18.512714140040792,0.0,11.613758917309967,509.4841773504274
2025-09-04 15:17:00+02:00,18.240656035029136,0.0,11.48450900263184,504.50932692307697
2025-09-04 15:18:00+02:00,17.996551097569885,0.0,11.330304044507196,506.9318055555555
2025-09-04 15:19:00+02:00,17.634586272651323,0.0,10.78613477422828,500.6888333333333
2025-09-04 15:20:00+02:00,16.8330144818789,0.0,10.819693283575637,497.799875
2025-09-04 15:21:00+02:00,17.648376293352428,0.0,11.237773051947777,461.2548611111111
2025-09-04 15:22:00+02:00,18.23501508162807,0.0,11.222441303610132,459.66151175213673
2025-09-04 15:23:00+02:00,18.16991665027521,0.0,11.204525925514751,487.3647156084656
2025-09-04 15:24:00+02:00,18.10481821892236,0.0,11.186610547419376,493.6076587301588
2025-09-04 15:25:00+02:00,18.039719787569517,0.0,11.168695169324,491.7026145833333
2025-09-04 15:26:00+02:00,17.97462135621666,0.0,11.15077979122862,493.1985127314815
2025-09-04 15:27:00+02:00,17.90952292486382,0.0,11.132864413133245,489.1496363636364
2025-09-04 15:28:00+02:00,17.84442449351097,0.0,11.114949035037869,486.80049242424246
2025-09-04 15:29:00+02:00,17.779326062158116,0.0,11.097033656942498,488.483373015873
2025-09-04 15:30:00+02:00,17.712596313479313,0.0,11.07867566230497,485.2753830891331
2025-09-04 15:31:00+02:00,17.634991115960737,0.0,11.04164729716184,485.9008234126984
2025-09-04 15:32:00+02:00,17.55539208615489,0.0,10.994760654488804,482.7311111111112
2025-09-04 15:33:00+02:00,17.475793056349037,0.0,10.947874011815776,480.02288194444446
2025-09-04 15:34:00+02:00,17.396194026543185,0.0,10.897620095035638,479.4271527777778
2025-09-04 15:35:00+02:00,17.31659499673733,0.0,10.82491768420818,474.4177083333333
2025-09-04 15:36:00+02:00,17.23699596693147,0.0,10.748099716138713,471.06902777777776
2025-09-04 15:37:00+02:00,17.155936375897944,0.0,10.671281748069246,469.5726507936508
2025-09-04 15:38:00+02:00,17.06365132857186,0.0,10.594463779999774,463.4556944444444
2025-09-04 15:39:00+02:00,16.969029383281526,0.0,10.52256378766385,463.9524166666667
2025-09-04 15:40:00+02:00,16.87440743799118,0.0,10.456475948467578,463.6268194444445
2025-09-04 15:41:00+02:00,16.779785492700835,0.0,10.3903881092713,466.7484111721612
2025-09-04 15:42:00+02:00,16.685163547410497,0.0,10.324300270075028,462.41467460317466
2025-09-04 15:43:00+02:00,16.59234160089737,0.0,10.258212430878752,456.2336363636364
2025-09-04 15:44:00+02:00,16.509337829532704,0.0,10.198003571242886,452.6801816239317
2025-09-04 15:45:00+02:00,16.4278067844403,0.0,10.154451820361492,450.956748366013
2025-09-04 15:46:00+02:00,16.346275739347888,0.0,10.111879899406842,449.56350710155857
2025-09-04 15:47:00+02:00,16.264744694255484,0.0,10.06930797845219,446.454445611578
2025-09-04 15:48:00+02:00,16.183213649163072,0.0,10.026736057497535,446.85130411255415
2025-09-04 15:49:00+02:00,16.101682604070664,0.0,9.984164136542882,445.22204166666666
2025-09-04 15:50:00+02:00,16.000493518105976,0.0,9.941592215588228,445.8456392450142
2025-09-04 15:51:00+02:00,15.833525603068662,0.0,9.899020294633564,438.0244444444445
2025-09-04 15:52:00+02:00,15.661265138565732,0.0,9.840265713898177,431.674963023088
2025-09-04 15:53:00+02:00,15.495003794717134,0.0,9.703776571001791,426.3334325396825
2025-09-04 15:54:00+02:00,15.382134624692078,0.0,9.558694896854922,425.1309722222222
2025-09-04 15:55:00+02:00,15.281863608041116,0.0,9.4688601369455,421.9634325396826
2025-09-04 15:56:00+02:00,15.181592591390158,0.0,9.406531785607706,417.6920138888889
2025-09-04 15:57:00+02:00,15.081321574739196,0.0,9.344203434269897,415.8584490740741
2025-09-04 15:58:00+02:00,14.981050558088237,0.0,9.281875082932098,413.03657051282056
2025-09-04 15:59:00+02:00,14.866873491538184,0.0,9.219546731594292,412.4561111111111
2025-09-04 16:00:00+02:00,14.726360069260846,0.0,9.157805359823534,406.6550854700855
2025-09-04 16:01:00+02:00,14.585222293722731,0.0,9.098286124985172,404.2471527777778
2025-09-04 16:02:00+02:00,14.444084518184615,0.0,9.038976525706468,404.5684722222222
2025-09-04 16:03:00+02:00,14.320834670465215,0.0,8.979666926427763,399.93888888888887
2025-09-04 16:04:00+02:00,14.22782554600161,0.0,8.920357327149052,398.2627777777778
2025-09-04 16:05:00+02:00,14.135288932838876,0.0,8.86104772787034,395.3652991452991
2025-09-04 16:06:00+02:00,14.042752319676149,0.0,8.814147128371749,393.47583333333336
2025-09-04 16:07:00+02:00,13.950215706513422,0.0,8.795166778378437,387.3679166666666
2025-09-04 16:08:00+02:00,13.857679093350692,0.0,8.777220511700136,389.4938333333334
2025-09-04 16:09:00+02:00,13.785942605958487,0.0,8.759274245021832,389.328514957265
2025-09-04 16:10:00+02:00,13.755983392454317,0.0,8.741327978343532,383.4148680555556
2025-09-04 16:11:00+02:00,13.727174824205536,0.0,8.723381711665233,385.0247441520468
2025-09-04 16:12:00+02:00,13.69836625595676,0.0,8.705435444986941,384.9766319444445
2025-09-04 16:13:00+02:00,13.669557687707991,0.0,8.687489178308644,381.2868513431013
2025-09-04 16:14:00+02:00,13.640749119459215,0.0,8.669542911630352,382.1600712250713
2025-09-04 16:15:00+02:00,13.611940551210449,0.0,8.651155908496248,379.8055555555556
2025-09-04 16:16:00+02:00,13.583131982961673,0.0,8.585389736362934,377.3065740740741
2025-09-04 16:17:00+02:00,13.554323414712904,0.0,8.488850226737744,372.2190376984127
2025-09-04 16:18:00+02:00,13.523885361822558,0.0,8.40238880376831,373.4110694444444
2025-09-04 16:19:00+02:00,13.279347765271456,0.0,8.319118126381007,375.4265555555556
2025-09-04 16:20:00+02:00,12.989170759994764,0.0,8.2358474489937,369.0974038461538
2025-09-04 16:21:00+02:00,12.732647181135976,0.0,8.152585032586293,362.8144395424836
2025-09-04 16:22:00+02:00,12.59662387471455,0.0,8.069741172493798,362.8248888888889
2025-09-04 16:23:00+02:00,12.500923616657374,0.0,7.9871313734984595,345.7852387566137
2025-09-04 16:24:00+02:00,12.405223358600187,0.0,7.904521574503117,324.6665743978244
2025-09-04 16:25:00+02:00,12.309523100543004,0.0,7.821911775507768,304.2684325396826
2025-09-04 16:26:00+02:00,12.213822842485817,0.0,7.447629149747096,295.1675747863248
2025-09-04 16:27:00+02:00,12.117291853021882,0.0,6.745302772031152,302.5519841269841
2025-09-04 16:28:00+02:00,12.014779597429374,0.0,6.468252785027147,314.29564814814813
2025-09-04 16:29:00+02:00,11.91110431786743,0.0,6.6344869450312505,339.7200114379085
2025-09-04 16:30:00+02:00,11.80742903830548,0.0,6.982624989722996,338.603192499222
2025-09-04 16:31:00+02:00,11.703753758743536,0.0,7.378695863289231,332.8493659722222
2025-09-04 16:32:00+02:00,11.59996891895258,0.0,7.363480346082974,334.7532349537037
2025-09-04 16:33:00+02:00,11.452359987559358,0.0,7.293856033886231,329.91252777777777
2025-09-04 16:34:00+02:00,11.269801343113317,0.0,7.224231721689492,321.78764087301585
2025-09-04 16:35:00+02:00,11.087242698667277,0.0,7.154607409492743,255.2900138888889
2025-09-04 16:36:00+02:00,9.554716406540376,0.0,6.937406148058138,176.88318452380952
2025-09-04 16:37:00+02:00,7.365533128374794,0.0,5.203624444887887,224.29310515873013
2025-09-04 16:38:00+02:00,8.687118801425404,0.0,4.6908971313355305,271.9530740740741
2025-09-04 16:39:00+02:00,9.993997950444657,0.0,5.986185865311352,284.1671750992064
2025-09-04 16:40:00+02:00,10.470189234501603,0.0,6.534884340987505,309.3316388888889
2025-09-04 16:41:00+02:00,10.968924188636564,0.0,6.897221680810833,309.403875
2025-09-04 16:42:00+02:00,10.907320452079167,0.0,7.046153538355918,309.69108796296297
2025-09-04 16:43:00+02:00,10.845458959301872,0.0,6.998296827213785,308.1639087301588
2025-09-04 16:44:00+02:00,10.783597466524578,0.0,6.9504401160716585,304.5311755952381
2025-09-04 16:45:00+02:00,10.721735973747286,0.0,6.902583404929531,302.5082638888889
2025-09-04 16:46:00+02:00,10.659874480969997,0.0,6.854726693787402,300.7962400793651
2025-09-04 16:47:00+02:00,10.5980129881927,0.0,6.806869982645273,299.12267022357724
2025-09-04 16:48:00+02:00,10.536151495415409,0.0,6.759013271503146,299.2090955284553
2025-09-04 16:49:00+02:00,10.474290002638115,0.0,6.700796670051269,294.72093253968256
2025-09-04 16:50:00+02:00,10.391664310150489,0.0,6.633206834509623,287.1020087505088
2025-09-04 16:51:00+02:00,10.2739353668318,0.0,6.56561699896798,288.1541137566137
2025-09-04 16:52:00+02:00,10.15565793521888,0.0,6.49802716342634,283.9328587962964
2025-09-04 16:53:00+02:00,10.03738050360595,0.0,6.430437327884693,277.70550925925926
2025-09-04 16:54:00+02:00,9.918813636479149,0.0,6.355240506685565,277.3048544973545
2025-09-04 16:55:00+02:00,9.774776444132,0.0,6.268606609148256,269.1226488095238
2025-09-04 16:56:00+02:00,9.614820298522137,0.0,6.181866320203143,261.3470701754386
2025-09-04 16:57:00+02:00,9.454864152912275,0.0,6.095126031258032,257.6816632553606
2025-09-04 16:58:00+02:00,9.304165967049247,0.0,6.018303105879998,253.05001253132832
2025-09-04 16:59:00+02:00,9.188515771656393,0.0,5.956390901948962,247.2304261363637
2025-09-04 17:00:00+02:00,9.076171990458828,0.0,5.894617402403484,248.89458333333332
2025-09-04 17:01:00+02:00,8.963828209261264,0.0,5.832843902858004,244.41076566951563
2025-09-04 17:02:00+02:00,8.851484428063698,0.0,5.771070403312526,245.54306666666665
2025-09-04 17:03:00+02:00,8.739370046419355,0.0,5.705956434634021,243.58652777777775
2025-09-04 17:04:00+02:00,8.628070963187126,0.0,5.578487042138954,239.82837632275127
2025-09-04 17:05:00+02:00,8.51684317981603,0.0,5.427634365712674,241.5581994047619
2025-09-04 17:06:00+02:00,8.405615396444933,0.0,4.924786124741092,234.7054671717172
2025-09-04 17:07:00+02:00,8.294387613073834,0.0,3.742456323786637,234.2993650793651
2025-09-04 17:08:00+02:00,8.021207088261585,0.0,2.577495661271664,224.3632936507936
2025-09-04 17:09:00+02:00,6.847801140784855,0.0,1.9781822110306952,225.3452380952381
2025-09-04 17:10:00+02:00,5.14676839447698,0.0,1.8788251527844784,217.84897016178263
2025-09-04 17:11:00+02:00,3.699969246164783,0.0,1.8788251527844784,214.0802297979798
2025-09-04 17:12:00+02:00,3.156590919523922,0.0,1.8788251527844784,215.6742474747475
2025-09-04 17:13:00+02:00,3.156590919523922,0.0,1.8788251527844784,214.44708333333327
2025-09-04 17:14:00+02:00,3.156590919523922,0.0018717986780103,1.8788251527844784,205.8945555555556
2025-09-04 17:15:00+02:00,3.156590919523922,0.0795755802722744,1.8788251527844784,184.2987222222222
2025-09-04 17:16:00+02:00,3.156590919523922,0.0856439403658111,1.8788251527844784,134.46166666666667
2025-09-04 17:17:00+02:00,3.156590919523922,0.0917123004593469,1.8788251527844784,81.83036111111112
2025-09-04 17:18:00+02:00,3.156590919523922,0.0977806605528837,1.8788251527844784,50.20405303030304
2025-09-04 17:19:00+02:00,3.156590919523922,0.1038490206464208,1.8788251527844784,47.79932291666666
2025-09-04 17:20:00+02:00,3.156590919523922,0.1099173807399567,1.8788251527844784,44.69572382478632
2025-09-04 17:21:00+02:00,3.155386430475656,0.1159857408334934,1.8788251527844784,49.30421626984127
2025-09-04 17:22:00+02:00,3.133705627606848,0.1220541009270301,1.8788251527844784,48.355401785714285
2025-09-04 17:23:00+02:00,3.104797890448439,0.1281224610205669,1.8788251527844784,45.91380341880342
2025-09-04 17:24:00+02:00,3.07589015329003,0.134766091938606,1.8788251527844784,45.25862268518518
2025-09-04 17:25:00+02:00,3.046982416131621,0.1441730773529173,1.8788251527844784,46.94650462962963
2025-09-04 17:26:00+02:00,3.018074678973212,0.1539396070325418,1.8788251527844784,40.76117181540809
2025-09-04 17:27:00+02:00,2.9891669418148035,0.1637061367121677,1.8788251527844784,44.55905092592593
2025-09-04 17:28:00+02:00,2.9602592046563947,0.1734726663917936,1.8788251527844784,42.54344410491469
2025-09-04 17:29:00+02:00,2.931351467497986,0.1832391960714181,1.8714223177796792,41.39115909090909
2025-09-04 17:30:00+02:00,2.9024437303395767,0.191581440172766,1.8535508272125405,44.25628890445066
2025-09-04 17:31:00+02:00,2.8788758946284854,0.1925987870143934,1.835604560534242,44.78520401382244
2025-09-04 17:32:00+02:00,2.8766676647066625,0.1925987870143934,1.817658293855942,44.61979797979797
2025-09-04 17:33:00+02:00,2.8766676647066625,0.1925987870143934,1.7997120271776428,44.36307870370371
2025-09-04 17:34:00+02:00,2.8766676647066625,0.1925987870143934,1.7817657604993449,41.51211574074074
2025-09-04 17:35:00+02:00,2.8766676647066625,0.1925987870143934,1.763819493821045,40.99288492063492
2025-09-04 17:36:00+02:00,2.8766676647066625,0.1925987870143934,1.745873227142746,43.26228174603174
2025-09-04 17:37:00+02:00,2.8766676647066625,0.1925987870143934,1.727926960464449,41.86903600464576
2025-09-04 17:38:00+02:00,2.8766676647066625,0.1925987870143934,1.7095524306040557,41.47073051948052
2025-09-04 17:39:00+02:00,2.8766676647066625,0.1925987870143934,1.6811443061917035,41.0166617063492
2025-09-04 17:40:00+02:00,2.8766676647066625,0.1946566313004494,1.6485147304129788,40.053023504273504
2025-09-04 17:41:00+02:00,2.7866923328011146,0.2006117806833591,1.6170372444308352,40.10972426470588
2025-09-04 17:42:00+02:00,2.6118917721630632,0.2066593230750317,1.5911373004119125,38.62259520609319
2025-09-04 17:43:00+02:00,2.5967444098894017,0.2127068654667039,1.5652373563929902,39.67075268817205
2025-09-04 17:44:00+02:00,2.5967444098894017,0.2187544078583763,1.550416832871051,39.46842307692308
2025-09-04 17:45:00+02:00,2.5967444098894017,0.2248019502500478,1.5503448885821092,39.065694444444446
2025-09-04 17:46:00+02:00,2.5967444098894017,0.2308494926417195,1.5503448885821092,36.99806693510738
2025-09-04 17:47:00+02:00,2.5967444098894017,0.2368970350333916,1.5503448885821092,37.5046
2025-09-04 17:48:00+02:00,2.5967444098894017,0.2429445774250636,1.5503448885821092,36.52732976190476
2025-09-04 17:49:00+02:00,2.5967444098894017,0.2489585223590038,1.5503448885821092,34.09972222222222
2025-09-04 17:50:00+02:00,2.5967444098894017,0.2513607405868066,1.5503448885821092,37.40508333333333
2025-09-04 17:51:00+02:00,2.5967444098894017,0.2513607405868066,1.5503448885821092,34.83632738095238
2025-09-04 17:52:00+02:00,2.583540482775379,0.2513607405868066,1.5503448885821092,34.63553571428572
2025-09-04 17:53:00+02:00,2.554731914526604,0.2513607405868066,1.5500496455095665,38.60821180555556
2025-09-04 17:54:00+02:00,2.5259233462778288,0.2513607405868066,1.5403066241156556,33.289922528860025
2025-09-04 17:55:00+02:00,2.497114778029053,0.2513607405868066,1.5261349566336035,38.10332407407408
2025-09-04 17:56:00+02:00,2.468306209780278,0.2513607405868066,1.5119632891515504,35.43216726190476
2025-09-04 17:57:00+02:00,2.439497641531504,0.2513607405868066,1.4977916216694978,35.617393162393164
2025-09-04 17:58:00+02:00,2.41068907328273,0.2513607405868066,1.4836199541874455,35.31997707847708
2025-09-04 17:59:00+02:00,2.381880505033956,0.2587059847833584,1.4694482867053944,33.90540740740741
2025-09-04 18:00:00+02:00,2.3530719367851822,0.307184596480599,1.455276619223342,35.2252380952381
2025-09-04 18:01:00+02:00,2.325103618443664,0.3110754560046713,1.4411049517412906,36.2223685515873
2025-09-04 18:02:00+02:00,2.3168211550721414,0.3110754560046713,1.4269332842592384,36.90951058201058
2025-09-04 18:03:00+02:00,2.3168211550721414,0.3110754560046713,1.4144740265979354,37.31077380952381
2025-09-04 18:04:00+02:00,2.3168211550721414,0.3110754560046713,1.41264351954817,34.38849977954145
2025-09-04 18:05:00+02:00,2.3168211550721414,0.3110754560046713,1.41264351954817,36.82948148148149
2025-09-04 18:06:00+02:00,2.3168211550721414,0.3110754560046713,1.41264351954817,33.87822222222223
2025-09-04 18:07:00+02:00,2.3168211550721414,0.3110754560046713,1.41264351954817,34.589224664224666
2025-09-04 18:08:00+02:00,2.3168211550721414,0.3110754560046713,1.41264351954817,33.386625
2025-09-04 18:09:00+02:00,2.3168211550721414,0.3110995546144699,1.41264351954817,30.964915674603176
2025-09-04 18:10:00+02:00,2.3168211550721414,0.3160638682329519,1.41264351954817,35.52553571428572
2025-09-04 18:11:00+02:00,2.2930132493789213,0.3247393677603953,1.41264351954817,35.46248207885305
2025-09-04 18:12:00+02:00,2.139344039904498,0.3334148672878392,1.41264351954817,33.028691425120776
2025-09-04 18:13:00+02:00,2.0370722130224883,0.342090366815283,1.3786897573206234,31.855538302277434
2025-09-04 18:14:00+02:00,2.036334125064386,0.3507658663427262,1.285945684569454,34.40135846560847
2025-09-04 18:15:00+02:00,2.036334125064386,0.3594413658701698,1.2755497860690694,34.47236111111111
2025-09-04 18:16:00+02:00,2.036334125064386,0.3681168653976128,1.2755497860690694,27.592822954822957
2025-09-04 18:17:00+02:00,2.036334125064386,0.3767923649250566,1.2755497860690694,34.17976851851852
2025-09-04 18:18:00+02:00,2.036334125064386,0.3854678644524998,1.2755497860690694,33.00691798941799
2025-09-04 18:19:00+02:00,2.036334125064386,0.3945479631913366,1.2755497860690694,28.24200244200244
2025-09-04 18:20:00+02:00,2.036334125064386,0.4082545659561092,1.2755497860690694,30.150808857808855
2025-09-04 18:21:00+02:00,2.036334125064386,0.4218562341883909,1.2755497860690694,32.188951851851854
2025-09-04 18:22:00+02:00,2.0354744994665275,0.4323031468491469,1.2755497860690694,30.16332175925926
2025-09-04 18:23:00+02:00,2.014475074147408,0.4427500595099025,1.2755497860690694,34.04083333333333
2025-09-04 18:24:00+02:00,1.9850021965065376,0.4531969721706581,1.2731351630873888,26.4924173414305
2025-09-04 18:25:00+02:00,1.9555293188656684,0.460770983849706,1.2664026260678802,27.569252136752137
2025-09-04 18:26:00+02:00,1.9260564412247985,0.4611192142717315,1.2595848670607823,26.580016025641022
2025-09-04 18:27:00+02:00,1.897457177302742,0.4611192142717315,1.2527671080536849,32.04817982456141
2025-09-04 18:28:00+02:00,1.8691127442446331,0.4611192142717315,1.2459493490465874,32.03688596491228
2025-09-04 18:29:00+02:00,1.840768311177297,0.4611192142717315,1.23913159003949,29.918223684210528
2025-09-04 18:30:00+02:00,1.8124238780956583,0.4611192142717315,1.2323138310323924,23.373230158730163
2025-09-04 18:31:00+02:00,1.78407944501402,0.4611192142717315,1.2254960720252943,28.978838383838383
2025-09-04 18:32:00+02:00,1.7484394620382155,0.4611192142717315,1.2180291368060705,26.88030073995772
2025-09-04 18:33:00+02:00,1.67300557054878,0.4611192142717315,1.20969583185705,26.75010527586109
2025-09-04 18:34:00+02:00,1.5916025927822988,0.4611276158791348,1.1887811955009735,27.41888888888889
2025-09-04 18:35:00+02:00,1.5109910328552152,0.4644966604482371,1.160424476950992,25.69694599723948
2025-09-04 18:36:00+02:00,1.4810302146494965,0.4705458177792936,1.133879437641703,24.403832437275984
2025-09-04 18:37:00+02:00,1.4810302146494965,0.4765949751103495,1.128050556606429,16.62252688172043
2025-09-04 18:38:00+02:00,1.4810302146494965,0.4826441324414053,1.128050556606429,16.026772137887413
2025-09-04 18:39:00+02:00,1.4810302146494965,0.4886932897724622,1.128050556606429,15.867626050420162
2025-09-04 18:40:00+02:00,1.4810302146494965,0.49564238104,1.128050556606429,16.354180672268907
2025-09-04 18:41:00+02:00,1.4810302146494965,0.5035401219135205,1.128050556606429,16.840735294117653
2025-09-04 18:42:00+02:00,1.4810302146494965,0.5114378627870413,1.128050556606429,17.008872549019607
2025-09-04 18:43:00+02:00,1.4810302146494965,0.5193356036605619,1.128050556606429,19.594523809523803
2025-09-04 18:44:00+02:00,1.4810302146494965,0.5287681022802215,1.128050556606429,24.42309523809523
2025-09-04 18:45:00+02:00,1.4784581066714588,0.563160512160778,1.128050556606429,22.234897660818717
2025-09-04 18:46:00+02:00,1.454676000597598,0.6292992484848161,1.1260614339479744,19.36314484126984
2025-09-04 18:47:00+02:00,1.4261849583793291,0.665124397327003,1.11691555622019,23.646766666666664
2025-09-04 18:48:00+02:00,1.397693916161061,0.665124397327003,1.1072031196951089,21.864246626984126
2025-09-04 18:49:00+02:00,1.3692028739427933,0.665124397327003,1.0974906831700282,23.11617424242424
2025-09-04 18:50:00+02:00,1.3407118317245252,0.665124397327003,1.0877782466449468,22.363524720893142
2025-09-04 18:51:00+02:00,1.3122207895062572,0.665124397327003,1.078065810119866,23.75559595959596
2025-09-04 18:52:00+02:00,1.283729747287989,0.665124397327003,1.0683533735947854,24.15481091617934
2025-09-04 18:53:00+02:00,1.255238705069721,0.665124397327003,1.058640937069704,23.040974025974023
2025-09-04 18:54:00+02:00,1.2267476628514529,0.665124397327003,1.048928500544623,19.9086531986532
2025-09-04 18:55:00+02:00,1.1658419722803708,0.665124397327003,1.0392160640195425,20.01541456228956
2025-09-04 18:56:00+02:00,1.0347277515170608,0.6658074135368899,1.0075785232596246,20.144742424242423
2025-09-04 18:57:00+02:00,0.9454794512660412,0.6781017053148524,0.9540359121685942,18.43355054302423
2025-09-04 18:58:00+02:00,0.943087228785086,0.6944940943521354,0.9400682744926732,20.363333333333333
2025-09-04 18:59:00+02:00,0.943087228785086,0.7108864833894185,0.9400682744926732,14.703765567765569
2025-09-04 19:00:00+02:00,0.8545313955882258,0.7272788724267014,0.8545313955882258,18.413942307692302
2025-09-04 19:01:00+02:00,0.6867016239418455,0.6867016239418455,0.6867016239418455,15.994565018315017
2025-09-04 19:02:00+02:00,0.5432951054686848,0.5432951054686848,0.5432951054686848,14.847838095238096
2025-09-04 19:03:00+02:00,0.422501631867572,0.422501631867572,0.422501631867572,16.31781177156177
2025-09-04 19:04:00+02:00,0.3223451925812163,0.3223451925812163,0.3223451925812163,16.436178674055828
2025-09-04 19:05:00+02:00,0.2407274465713923,0.2407274465713923,0.2407274465713923,14.356180555555556
2025-09-04 19:06:00+02:00,0.1754780857577555,0.1754780857577555,0.1754780857577555,12.362359375
2025-09-04 19:07:00+02:00,0.124409899002114,0.124409899002114,0.124409899002114,14.549680555555556
2025-09-04 19:08:00+02:00,0.0853756328246596,0.0853756328246596,0.0853756328246596,15.691380952380952
2025-09-04 19:09:00+02:00,0.0563232052790225,0.0,0.0563232052790225,13.060006172839506
2025-09-04 19:10:00+02:00,0.0353455879787803,0.0,0.0353455879787803,11.79735096153846
2025-09-04 19:11:00+02:00,0.0002942504484759,0.0,0.0002942504484759,11.935671146953403
2025-09-04 19:12:00+02:00,0.0001551239201305,0.0,0.0001551239201305,13.948992063492064
2025-09-04 19:13:00+02:00,6.714137978959668e-05,0.0,6.714137978959668e-05,13.150648148148148
2025-09-04 19:14:00+02:00,1.524941557173232e-05,0.0,1.524941557173232e-05,11.46946875
2025-09-04 19:15:00+02:00,0.0,0.0,0.0,12.41986111111111
2025-09-04 19:16:00+02:00,0.0,0.0,0.0,8.908561507936508
2025-09-04 19:17:00+02:00,0.0,0.0,0.0,11.0605
2025-09-04 19:18:00+02:00,0.0,0.0,0.0,10.83995987654321
2025-09-04 19:19:00+02:00,0.0,0.0,0.0,11.810190377722634
2025-09-04 19:20:00+02:00,0.0,0.0,0.0,13.728828185703186
2025-09-04 19:21:00+02:00,0.0,0.0,0.0,12.894141414141414
2025-09-04 19:22:00+02:00,0.0,0.0,0.0,11.14744363044363
2025-09-04 19:23:00+02:00,0.0,0.0,0.0,11.287579365079369
2025-09-04 19:24:00+02:00,0.0,0.0,0.0,12.599976293103447
2025-09-04 19:25:00+02:00,0.0,0.0,0.0,12.971027777777778
2025-09-04 19:26:00+02:00,0.0,0.0,0.0,12.543981196581194
2025-09-04 19:27:00+02:00,0.0,0.0,0.0,10.231518518518518
2025-09-04 19:28:00+02:00,0.0,0.0,0.0,9.806446225071223
2025-09-04 19:29:00+02:00,0.0,0.0,0.0,6.971861772486772
2025-09-04 19:30:00+02:00,0.0,0.0,0.0,10.898470169677068
2025-09-04 19:31:00+02:00,0.0,0.0,0.0,11.994685618500272
2025-09-04 19:32:00+02:00,0.0,0.0,0.0,10.790111111111113
2025-09-04 19:33:00+02:00,0.0,0.0,0.0,7.3676006944444445
2025-09-04 19:34:00+02:00,0.0,0.0,0.0,12.971333333333332
2025-09-04 19:35:00+02:00,0.0,0.0,0.0,11.35793771043771
2025-09-04 19:36:00+02:00,0.0,0.0,0.0,11.580436507936506
2025-09-04 19:37:00+02:00,0.0,0.0,0.0,8.998561253561252
2025-09-04 19:38:00+02:00,0.0,0.0,0.0,9.195972222222222
2025-09-04 19:39:00+02:00,0.0,0.0,0.0,12.960603174603174
2025-09-04 19:40:00+02:00,0.0,0.0,0.0,10.608166666666667
2025-09-04 19:41:00+02:00,0.0,0.0,0.0,10.605427248677248
2025-09-04 19:42:00+02:00,0.0,0.0,0.0,9.822977092352092
2025-09-04 19:43:00+02:00,0.0,0.0,0.0,10.572407407407407
2025-09-04 19:44:00+02:00,0.0,0.0,0.0,12.99181818181818
2025-09-04 19:45:00+02:00,0.0,0.0,0.0,10.622351851851851
2025-09-04 19:46:00+02:00,0.0,0.0,0.0,11.82112962962963
2025-09-04 19:47:00+02:00,0.0,0.0,0.0,9.464848927875243
2025-09-04 19:48:00+02:00,0.0,0.0,0.0,10.93097953216374
2025-09-04 19:49:00+02:00,0.0,0.0,0.0,13.07461111111111
2025-09-04 19:50:00+02:00,0.0,0.0,0.0,10.699222222222224
2025-09-04 19:51:00+02:00,0.0,0.0,0.0,12.524301075268816
2025-09-04 19:52:00+02:00,0.0,0.0,0.0,11.89831746031746
2025-09-04 19:53:00+02:00,0.0,0.0,0.0,9.000224867724867
2025-09-04 19:54:00+02:00,0.0,0.0,0.0,10.3690826873385
2025-09-04 19:55:00+02:00,0.0,0.0,0.0,9.069642981539532
2025-09-04 19:56:00+02:00,0.0,0.0,0.0,8.834069041867954
2025-09-04 19:57:00+02:00,0.0,0.0,0.0,9.999492296918769
2025-09-04 19:58:00+02:00,0.0,0.0,0.0,11.677373737373737
2025-09-04 19:59:00+02:00,0.0,0.0,0.0,12.584090909090907
2025-09-04 20:00:00+02:00,0.0,0.0,0.0,11.730092592592593
2025-09-05 05:00:00+02:00,0.0,0.0,0.0,12.981944444444444
2025-09-05 05:01:00+02:00,0.0,0.0,0.0,11.902219336219336
2025-09-05 05:02:00+02:00,0.0,0.0,0.0,11.993181818181816
2025-09-05 05:03:00+02:00,0.0,0.0,0.0,13.14767195767196
2025-09-05 05:04:00+02:00,0.0,0.0,0.0,9.343651515151516
2025-09-05 05:05:00+02:00,0.0,0.0,0.0,11.299989583333334
2025-09-05 05:06:00+02:00,0.0,0.0,0.0,10.801157407407407
2025-09-05 05:07:00+02:00,0.0,0.0,0.0,10.057976190476188
2025-09-05 05:08:00+02:00,0.0,0.0,0.0,10.801286764705884
2025-09-05 05:09:00+02:00,0.0,0.0,0.0,8.721078431372549
2025-09-05 05:10:00+02:00,0.0,0.0,0.0,9.003712121212121
2025-09-05 05:11:00+02:00,0.0,0.0,0.0,10.442336182336184
2025-09-05 05:12:00+02:00,0.0,0.0,0.0,13.156324074074073
2025-09-05 05:13:00+02:00,0.0,0.0,0.0,8.959169973544974
2025-09-05 05:14:00+02:00,0.0,0.0,0.0,11.493253968253969
2025-09-05 05:15:00+02:00,0.0,0.0,0.0,11.408425925925926
2025-09-05 05:16:00+02:00,0.0,0.0,0.0,11.991474747474747
2025-09-05 05:17:00+02:00,0.0,0.0,0.0,10.60664351851852
2025-09-05 05:18:00+02:00,0.0,0.0,0.0,9.923680555555556
2025-09-05 05:19:00+02:00,0.0,0.0,0.0,10.34517543859649
2025-09-05 05:20:00+02:00,0.0,0.0,0.0,9.359916666666663
2025-09-05 05:21:00+02:00,0.0,0.0,0.0,10.094310185185185
2025-09-05 05:22:00+02:00,0.0,0.0,0.0,9.400540849673202
2025-09-05 05:23:00+02:00,0.0,0.0,0.0,9.682152777777777
2025-09-05 05:24:00+02:00,0.0,0.0,0.0,11.232666666666669
2025-09-05 05:25:00+02:00,0.0,0.0,0.0,10.398527777777778
2025-09-05 05:26:00+02:00,0.0,0.0,0.0,10.675651515151516
2025-09-05 05:27:00+02:00,0.0,0.0,0.0,8.729132553606236
2025-09-05 05:28:00+02:00,0.0,0.0,0.0,11.830500730994151
2025-09-05 05:29:00+02:00,0.0,0.0,0.0,11.450525793650792
2025-09-05 05:30:00+02:00,0.0,0.0,0.0,10.331267973856209
2025-09-05 05:31:00+02:00,0.0,0.0,0.0,10.22675
2025-09-05 05:32:00+02:00,0.0,0.0,0.0,10.865281746031746
2025-09-05 05:33:00+02:00,0.0,0.0,0.0,13.79626636904762
2025-09-05 05:34:00+02:00,0.0,0.0,0.0,10.28526851851852
2025-09-05 05:35:00+02:00,0.0,0.0,0.0,8.514040113781492
2025-09-05 05:36:00+02:00,0.0,0.0,0.0,11.54737962962963
2025-09-05 05:37:00+02:00,0.0,0.0,0.0,7.787875
2025-09-05 05:38:00+02:00,0.0,0.0,0.0,11.666176470588235
2025-09-05 05:39:00+02:00,0.0,0.0,0.0,10.80360201627821
2025-09-05 05:40:00+02:00,0.0,0.0,0.0,12.747133152173914
2025-09-05 05:41:00+02:00,0.0,0.0,0.0,12.74689236111111
2025-09-05 05:42:00+02:00,0.0,0.0,0.0,13.177072222222222
2025-09-05 05:43:00+02:00,0.0,0.0,0.0,11.337354497354497
2025-09-05 05:44:00+02:00,0.0,0.0,0.0,13.018798076923076
2025-09-05 05:45:00+02:00,0.0,0.0,0.0,10.365252525252524
2025-09-05 05:46:00+02:00,0.0,0.0,0.0,11.264444444444443
2025-09-05 05:47:00+02:00,0.0,0.0,0.0,11.953209475709476
2025-09-05 05:48:00+02:00,0.0,0.0,0.0,11.84547311827957
2025-09-05 05:49:00+02:00,0.0,0.0,0.0,13.108194444444443
2025-09-05 05:50:00+02:00,0.0,0.0,0.0,14.294666666666666
2025-09-05 05:51:00+02:00,0.0,0.0,0.0,14.268333333333333
2025-09-05 05:52:00+02:00,0.0,0.0,0.0,13.838958333333332
2025-09-05 05:53:00+02:00,0.0,0.0,0.0,14.675944444444442
2025-09-05 05:54:00+02:00,0.0,0.0,0.0,14.703261904761904
2025-09-05 05:55:00+02:00,0.0,0.0,0.0,12.721005938505938
2025-09-05 05:56:00+02:00,1.4551692447993665e-06,0.0,0.0,16.10392929292929
2025-09-05 05:57:00+02:00,4.203602254697093e-05,0.0,0.0,13.049947204968944
2025-09-05 05:58:00+02:00,0.0001134030702186,0.0,0.0001134030702186,15.226454545454544
2025-09-05 05:59:00+02:00,0.0002291479579676,0.0,0.0002291479579676,14.10732886904762
2025-09-05 06:00:00+02:00,0.0285735277008973,0.0200527203434237,0.0285735277008973,14.487092013888889
2025-09-05 06:01:00+02:00,0.0466785566468683,0.0466785566468683,0.0466785566468683,15.192073412698411
2025-09-05 06:02:00+02:00,0.0720926921230784,0.0720926921230784,0.0720926921230784,14.881765873015873
2025-09-05 06:03:00+02:00,0.1066406048796951,0.1066406048796951,0.1066406048796951,16.035246825396825
2025-09-05 06:04:00+02:00,0.1523093987508344,0.1523093987508344,0.1523093987508344,18.15672161172161
2025-09-05 06:05:00+02:00,0.2112023120495573,0.2112023120495573,0.2112023120495573,16.13112103174603
2025-09-05 06:06:00+02:00,0.2854857256423784,0.2854857256423784,0.2854857256423784,18.40527777777778
2025-09-05 06:07:00+02:00,0.377333002788946,0.377333002788946,0.377333002788946,16.60777777777778
2025-09-05 06:08:00+02:00,0.4888687215725431,0.4888687215725431,0.4888687215725431,19.867669082125605
2025-09-05 06:09:00+02:00,0.6221164248456091,0.6221164248456091,0.6221164248456091,18.793604497354497
2025-09-05 06:10:00+02:00,0.7789523686542196,0.7789523686542196,0.7789523686542196,19.083761904761904
2025-09-05 06:11:00+02:00,0.9610669971772156,0.77126551868749,0.9610669971772156,17.755303724053725
2025-09-05 06:12:00+02:00,1.07914796515034,0.7336681786082788,0.9860422819152104,21.63283333333333
2025-09-05 06:13:00+02:00,1.1057830195774696,0.7003675561234486,0.9957380304050252,18.06472685185185
2025-09-05 06:14:00+02:00,1.1324180740045993,0.668716256922065,1.0054337788948395,16.88149928774929
2025-09-05 06:15:00+02:00,1.1604244002259998,0.6497411852420302,1.0151295273846543,21.93027777777778
2025-09-05 06:16:00+02:00,1.1888175350826935,0.6334050308155097,1.0248252758744687,22.37333333333333
2025-09-05 06:17:00+02:00,1.2261545074192457,0.6170688763889888,1.0359156844321795,24.8131905982906
2025-09-05 06:18:00+02:00,1.2761393307374151,0.6007327219624683,1.0541786304819292,26.971158424908424
2025-09-05 06:19:00+02:00,1.3262144958483106,0.5843965675359476,1.073437762294462,27.81892063492064
2025-09-05 06:20:00+02:00,1.3762896609592064,0.568060413109427,1.0926968941069948,29.52948484848485
2025-09-05 06:21:00+02:00,1.426364826070102,0.5517242586829065,1.1119560259195274,28.54684027777778
2025-09-05 06:22:00+02:00,1.4746290968452265,0.5423466357708508,1.1288707085265848,31.207619047619048
2025-09-05 06:23:00+02:00,1.506776408031985,0.534462441622671,1.137475592512797,34.42346031746032
2025-09-05 06:24:00+02:00,1.5351208411136237,0.5244872368454497,1.1456123141585828,30.751196581196584
2025-09-05 06:25:00+02:00,1.5634652741952628,0.5089360037241193,1.1537490358043674,34.38234548611111
2025-09-05 06:26:00+02:00,1.591809707276902,0.49308605479864,1.1618857574501524,36.88348576388889
2025-09-05 06:27:00+02:00,1.620154140358541,0.4806444339949556,1.1700224790959373,37.55094444444445
2025-09-05 06:28:00+02:00,1.6484985734401802,0.4685044010064219,1.1781592007417228,36.65104497354498
2025-09-05 06:29:00+02:00,1.6768430065218194,0.4587755134586671,1.1862959223875078,37.52449372759857
2025-09-05 06:30:00+02:00,1.7051874396034583,0.4526717746505431,1.1944326440332929,40.21169130824373
2025-09-05 06:31:00+02:00,1.7335318726850972,0.446601758156276,1.202569365679078,39.44405505952381
2025-09-05 06:32:00+02:00,1.7717616427425606,0.4405317416620093,1.2185218124163606,40.69750992063492
2025-09-05 06:33:00+02:00,1.8395324779487043,0.4344617251677427,1.2401971670899783,44.15989087301588
2025-09-05 06:34:00+02:00,1.909257391346628,0.4283917086734758,1.2613032082715252,44.01291666666666
2025-09-05 06:35:00+02:00,1.981354357923704,0.4223216921792097,1.2752273326621288,46.03454670329671
2025-09-05 06:36:00+02:00,2.0420224733544967,0.4152112412016229,1.2755497860690694,47.31704312354312
2025-09-05 06:37:00+02:00,2.072668539163778,0.406490868400762,1.2755497860690694,49.01665764790764
2025-09-05 06:38:00+02:00,2.101477107412553,0.3971341440711895,1.2755497860690694,48.485166666666665
2025-09-05 06:39:00+02:00,2.130285675661329,0.370595928466406,1.2755497860690694,48.2144623655914
2025-09-05 06:40:00+02:00,2.159094243910104,0.3364214945170853,1.2755497860690694,51.80091018748277
2025-09-05 06:41:00+02:00,2.1879028121588777,0.309578004214053,1.2755497860690694,49.88459502923977
2025-09-05 06:42:00+02:00,2.216711380407652,0.3025128699830319,1.2755497860690694,53.15943650793651
2025-09-05 06:43:00+02:00,2.2455199486564257,0.2964653275913607,1.2755497860690694,51.01568518518519
2025-09-05 06:44:00+02:00,2.2743285169052,0.2904177851996876,1.2757501868641266,43.57517482517483
2025-09-05 06:45:00+02:00,2.3031370851539736,0.2843702428080157,1.3124970693416684,47.84290178571428
2025-09-05 06:46:00+02:00,2.353408634436223,0.2783227004163442,1.3725849394655685,48.38082692307692
2025-09-05 06:47:00+02:00,2.4230990713201885,0.2722751580246727,1.4326728095894692,50.97520515499826
2025-09-05 06:48:00+02:00,2.4927895082041527,0.2662276156329999,1.49276067971337,50.39313852813853
2025-09-05 06:49:00+02:00,2.5624799450881186,0.2601800732413282,1.5461595512429067,53.00792748917749
2025-09-05 06:50:00+02:00,2.611464512082379,0.254132530849656,1.5651578585728514,54.299675925925925
2025-09-05 06:51:00+02:00,2.6404220901669238,0.2294094360913652,1.5793783097639646,58.92104788011696
2025-09-05 06:52:00+02:00,2.669379668251469,0.1949157724452765,1.5935987609550764,61.4550625
2025-09-05 06:53:00+02:00,2.698337246336013,0.1859855430985981,1.6078192121461894,56.57098150782361
2025-09-05 06:54:00+02:00,2.7272948244205577,0.1799276097406172,1.6221873615682234,60.83597222222222
2025-09-05 06:55:00+02:00,2.7562524025051025,0.1738696763826364,1.640102739663599,60.95205555555555
2025-09-05 06:56:00+02:00,2.7852099805896464,0.1678117430246555,1.6580181177589737,63.02726190476191
2025-09-05 06:57:00+02:00,2.814167558674189,0.161753809666675,1.6759334958543497,63.48666666666667
2025-09-05 06:58:00+02:00,2.8431251367587325,0.1556958763086942,1.693848873949726,64.94480952380952
2025-09-05 06:59:00+02:00,2.8779883397795105,0.1496379429507137,1.7387759189090526,63.395595427963855
2025-09-05 07:00:00+02:00,2.9862500241506287,0.1435800095927333,1.829367970491214,67.5345928030303
2025-09-05 07:01:00+02:00,3.1153139824285025,0.1375220762347524,1.8964618104258129,67.70566666666667
2025-09-05 07:02:00+02:00,3.2032447953268,0.1197240923969067,1.9349417907341795,71.69730753968254
2025-09-05 07:03:00+02:00,3.2706961820297558,0.0849031924635381,1.9734217710425448,71.16964583333333
2025-09-05 07:04:00+02:00,3.3381475687327096,0.0646361296341488,2.011901751350912,75.51488720538721
2025-09-05 07:05:00+02:00,3.405598955435665,0.0505614102156068,2.0503817316592774,80.95306397306398
2025-09-05 07:06:00+02:00,3.4730503421386203,0.0364866907970644,2.088861711967644,77.47484046546548
2025-09-05 07:07:00+02:00,3.540501728841575,0.0224119713785224,2.1273416922760098,82.66803240740741
2025-09-05 07:08:00+02:00,3.607953115544528,0.0083372519599804,2.165821672584378,79.1016388888889
2025-09-05 07:09:00+02:00,3.675404502247481,0.0,2.2043016528927457,79.06030681818181
2025-09-05 07:10:00+02:00,3.7651178774662224,0.0,2.257870090830157,90.22760378510378
2025-09-05 07:11:00+02:00,3.888302074579336,0.0,2.330358224854144,90.49092037037036
2025-09-05 07:12:00+02:00,4.011797628175187,0.0,2.402893658118347,94.52894612794611
2025-09-05 07:13:00+02:00,4.135293181771035,0.0,2.47542909138255,102.69633766233768
2025-09-05 07:14:00+02:00,4.260743137476544,0.0,2.5480625455025168,104.16947132616488
2025-09-05 07:15:00+02:00,4.408541256435981,0.0,2.6256623896477795,104.98468862007168
2025-09-05 07:16:00+02:00,4.562627451748237,0.0,2.706039491372976,113.06241666666666
2025-09-05 07:17:00+02:00,4.716713647060488,0.0,2.7864165930981746,118.07231481481482
2025-09-05 07:18:00+02:00,4.872340704325863,0.0,2.8667936948233748,123.45754166666666
2025-09-05 07:19:00+02:00,5.032076726799564,0.0,2.9452252177223417,121.3083457402812
2025-09-05 07:20:00+02:00,5.192032872409426,0.0,3.0201775878967534,127.54055555555556
2025-09-05 07:21:00+02:00,5.352386814716487,0.0,3.0950612905831787,129.04710069444445
2025-09-05 07:22:00+02:00,5.523481267847876,0.0,3.1699449932696044,133.2092137254902
2025-09-05 07:23:00+02:00,5.699349281345631,0.0,3.2452580749851965,134.97090587245
2025-09-05 07:24:00+02:00,5.875217294843385,0.0,3.334311285634074,140.66974206349207
2025-09-05 07:25:00+02:00,5.999666869053444,0.0,3.429805181720436,136.4845588235294
2025-09-05 07:26:00+02:00,6.0806085330969895,0.0,3.525299077806796,141.76605158730158
2025-09-05 07:27:00+02:00,6.161550197140537,0.0,3.630309205898984,145.17053703703704
2025-09-05 07:28:00+02:00,6.242491861184082,0.0,3.77818236218549,153.79017653642654
2025-09-05 07:29:00+02:00,6.323433525227629,0.0,3.930408587379648,157.2118695054945
2025-09-05 07:30:00+02:00,6.404375189271174,0.0,4.069862321592774,160.5751456365272
2025-09-05 07:31:00+02:00,6.485876245824632,0.0,4.205041992676062,159.84985323886642
2025-09-05 07:32:00+02:00,6.616603843250729,0.0,4.332864228536328,164.38812499999997
2025-09-05 07:33:00+02:00,6.778098028722225,0.0,4.442181400047777,167.40575492831542
2025-09-05 07:34:00+02:00,6.939592214193722,0.0,4.550606761229165,175.28402860449737
2025-09-05 07:35:00+02:00,7.114294698940536,0.0,4.659542187953745,177.51858333333334
2025-09-05 07:36:00+02:00,7.333194185108605,0.0,4.771100808900458,184.4017911255411
2025-09-05 07:37:00+02:00,7.555906079252807,0.0,4.883023762378021,185.1351186868687
2025-09-05 07:38:00+02:00,7.795022927125485,0.0,4.992326297500352,195.7098017075517
2025-09-05 07:39:00+02:00,8.043843598074158,0.0,5.081489045835357,207.6077314814815
2025-09-05 07:40:00+02:00,8.270511125953218,0.0,5.166459124801994,208.2218297101449
2025-09-05 07:41:00+02:00,8.463871480685652,0.0,5.251429203768632,211.4527976190476
2025-09-05 07:42:00+02:00,8.656922001249278,0.0,5.33211720583907,212.31867938842203
2025-09-05 07:43:00+02:00,8.769244565726698,0.0,5.363840589487748,212.84244152046784
2025-09-05 07:44:00+02:00,8.798102633233635,0.0,5.381786856166044,214.47688888888888
2025-09-05 07:45:00+02:00,8.82696070074057,0.0,5.399733122844343,213.5041501322752
2025-09-05 07:46:00+02:00,8.8558187682475,0.0,5.417679389522642,214.35096296296297
2025-09-05 07:47:00+02:00,8.884676835754437,0.0,5.435625656200941,211.8593543417367
2025-09-05 07:48:00+02:00,8.913534903261372,0.0,5.45357192287924,213.846875
2025-09-05 07:49:00+02:00,8.942392970768303,0.0,5.471518189557542,219.5007222222222
2025-09-05 07:50:00+02:00,8.971251038275236,0.0,5.489464456235837,222.0356871345029
2025-09-05 07:51:00+02:00,9.000109105782172,0.0,5.507410722914137,224.3419583333333
2025-09-05 07:52:00+02:00,9.03236875471125,0.0,5.531696129090057,232.675382936508
2025-09-05 07:53:00+02:00,9.12245528781678,0.0,5.574925242834443,239.43010582010584
2025-09-05 07:54:00+02:00,9.23295130945517,0.0,5.61940744229347,236.75973862942607
2025-09-05 07:55:00+02:00,9.346543812566372,0.0,5.6638896417525,240.0009434523809
2025-09-05 07:56:00+02:00,9.46749606874338,0.0,5.721805278548161,244.5006388888889
2025-09-05 07:57:00+02:00,9.58876246072198,0.0,5.808378914995299,248.66989583333336
2025-09-05 07:58:00+02:00,9.710028852700576,0.0,5.895848113931543,248.63777138157897
2025-09-05 07:59:00+02:00,9.831548621704322,0.0,5.983317312867791,249.21477525252524
2025-09-05 08:00:00+02:00,9.96928452031768,0.0,6.073076036776191,262.02043981481484
2025-09-05 08:01:00+02:00,10.116612549168874,0.0,6.167170840631859,269.4641931652047
2025-09-05 08:02:00+02:00,10.263940578020064,0.0,6.261368439486276,269.5235
2025-09-05 08:03:00+02:00,10.408612237866205,0.0,6.3552807392787445,276.98475210084035
2025-09-05 08:04:00+02:00,10.520269025792516,0.0,6.430933899106352,283.0420454598506
2025-09-05 08:05:00+02:00,10.622059300271522,0.0,6.4957864515886765,281.2126360544217
2025-09-05 08:06:00+02:00,10.723849574750528,0.0,6.560639004070998,289.7920289855072
2025-09-05 08:07:00+02:00,10.825639849229532,0.0,6.625491556553319,289.7667485119048
2025-09-05 08:08:00+02:00,10.927430123708534,0.0,6.690344109035652,292.8955275974026
2025-09-05 08:09:00+02:00,10.9508128676815,0.0,6.703578327200347,301.72318650793653
2025-09-05 08:10:00+02:00,10.809054284769458,0.0,6.584747093987252,299.6558760683761
2025-09-05 08:11:00+02:00,10.661726255918262,0.0,6.459339447319628,302.5032777777778
2025-09-05 08:12:00+02:00,10.51439822706708,0.0,6.535889025147702,307.2234294871795
2025-09-05 08:13:00+02:00,11.013040558950244,0.0,6.821094060679185,299.10527777777776
2025-09-05 08:14:00+02:00,11.197449459927824,0.0,6.973996612062904,303.4916666666666
2025-09-05 08:15:00+02:00,11.34875932739661,0.0,7.030260583270538,302.59639741715404
2025-09-05 08:16:00+02:00,11.499958864753708,0.0,7.086524554478183,307.72223684210525
2025-09-05 08:17:00+02:00,11.64409727496226,0.0,7.1427885256858215,314.508
2025-09-05 08:18:00+02:00,11.784058902370884,0.0,7.1990524968934615,322.71257936507936
2025-09-05 08:19:00+02:00,11.92402052977952,0.0,7.258135161189923,318.2784072871573
2025-09-05 08:20:00+02:00,12.063759318553728,0.0,7.336009112745186,326.4735912698413
2025-09-05 08:21:00+02:00,12.189236434724789,0.0,7.417328133631224,325.5525598290598
2025-09-05 08:22:00+02:00,12.306277516878344,0.0,7.498647154517265,330.113253968254
2025-09-05 08:23:00+02:00,12.4233185990319,0.0,7.579273649099572,332.0546825396825
2025-09-05 08:24:00+02:00,12.54035968118546,0.0,7.637739301962357,337.4786423611111
2025-09-05 08:25:00+02:00,12.65629132347356,0.0,7.685817060269121,337.15846759259256
2025-09-05 08:26:00+02:00,12.75953676208281,0.0,7.733894818575883,343.46450000000004
2025-09-05 08:27:00+02:00,12.859212698516256,0.0,7.781972576882645,342.73904861111106
2025-09-05 08:28:00+02:00,12.958888634949702,0.0,7.830050335189397,346.6413888888889
2025-09-05 08:29:00+02:00,13.058564571383153,0.0,7.878128093496151,345.3788833333333
2025-09-05 08:30:00+02:00,13.158240507816595,0.0,7.926205851802905,347.9302651515152
2025-09-05 08:31:00+02:00,13.26899500926821,0.0,7.990317294041097,352.8099363425926
2025-09-05 08:32:00+02:00,13.407613780310992,0.0,8.071005934920263,359.1896514423077
2025-09-05 08:33:00+02:00,13.547575407719624,0.0,8.151694575799436,358.74057539682536
2025-09-05 08:34:00+02:00,13.687537035128258,0.0,8.232383216678612,360.9842546296297
2025-09-05 08:35:00+02:00,13.809400975284216,0.0,8.305228674342825,364.0899629629629
2025-09-05 08:36:00+02:00,13.885746489925872,0.0,8.354635782166994,366.8708657616893
2025-09-05 08:37:00+02:00,13.959898345506607,0.0,8.402492493309126,367.25930847953214
2025-09-05 08:38:00+02:00,14.034050201087334,0.0,8.45034920445125,369.6013333333333
2025-09-05 08:39:00+02:00,14.108202056668068,0.0,8.498205915593381,375.4172916666666
2025-09-05 08:40:00+02:00,14.182353912248804,0.0,8.546062626735505,378.58020691609977
2025-09-05 08:41:00+02:00,14.256505767829536,0.0,8.593919337877637,379.8377891156462
2025-09-05 08:42:00+02:00,14.330854214476048,0.0,8.64309363792043,384.9966666666666
2025-09-05 08:43:00+02:00,14.412340429049344,0.0,8.702394549799795,389.5958035714286
2025-09-05 08:44:00+02:00,14.49738040519636,0.0,8.763803603920232,390.67031770833336
2025-09-05 08:45:00+02:00,14.582420381343372,0.0,8.825212658040664,391.1252564102565
2025-09-05 08:46:00+02:00,14.667460357490391,0.0,8.886621712161094,391.1122485380117
2025-09-05 08:47:00+02:00,14.75250033363741,0.0,8.948030766281523,395.3129006410256
2025-09-05 08:48:00+02:00,14.837540309784426,0.0,9.010328261578469,402.1827662037037
2025-09-05 08:49:00+02:00,14.9276935443779,0.0,9.074521098051964,402.6646527777778
2025-09-05 08:50:00+02:00,15.038299812757217,0.0,9.138773163937232,405.6295695970696
2025-09-05 08:51:00+02:00,15.151020586509135,0.0,9.2030252298225,405.82270833333337
2025-09-05 08:52:00+02:00,15.263741360261053,0.0,9.267277295707766,411.65069444444447
2025-09-05 08:53:00+02:00,15.37646213401297,0.0,9.332554943905048,415.8749934640523
2025-09-05 08:54:00+02:00,15.48668550140033,0.0,9.4077527701022,420.6947222222222
2025-09-05 08:55:00+02:00,15.588032951573084,0.0,9.485430640799317,421.227748015873
2025-09-05 08:56:00+02:00,15.688604180848747,0.0,9.563108511496424,426.0161805555556
2025-09-05 08:57:00+02:00,15.789175410124413,0.0,9.640786382193534,426.3016792929293
2025-09-05 08:58:00+02:00,15.889746639400071,0.0,9.708732315616416,427.8210037878789
2025-09-05 08:59:00+02:00,15.990313748254998,0.0,9.76372339747294,430.7195575396825
2025-09-05 09:00:00+02:00,16.09003617085946,0.0,9.81865128493159,432.8971527777778
2025-09-05 09:01:00+02:00,16.189124048670884,0.0,9.873579172390237,433.0514444444445
2025-09-05 09:02:00+02:00,16.288211926482308,0.0,9.928507059848885,433.9955370370371
2025-09-05 09:03:00+02:00,16.38729980429373,0.0,9.983434947307526,434.0058531746032
2025-09-05 09:04:00+02:00,16.48638768210514,0.0,10.039298525964632,443.33759502923976
2025-09-05 09:05:00+02:00,16.5866048837362,0.0,10.09890486941559,446.6516666666666
2025-09-05 09:06:00+02:00,16.696134663326216,0.0,10.15889815283584,451.5037191358024
2025-09-05 09:07:00+02:00,16.807731974216818,0.0,10.218891436256088,450.39999629629625
2025-09-05 09:08:00+02:00,16.919329285107416,0.0,10.278884719676338,452.6614603174603
2025-09-05 09:09:00+02:00,17.030926595998015,0.0,10.338878003096587,452.89791501322753
2025-09-05 09:10:00+02:00,17.140914330289235,0.0,10.399109355101832,458.73852564102566
2025-09-05 09:11:00+02:00,17.236576832845937,0.0,10.45979157985582,462.3047394179894
2025-09-05 09:12:00+02:00,17.32885922454393,0.0,10.520484493403414,463.5598903903904
2025-09-05 09:13:00+02:00,17.421141616241922,0.0,10.581177406951015,460.59625
2025-09-05 09:14:00+02:00,17.51342400793992,0.0,10.641870320498612,462.5686253561253
2025-09-05 09:15:00+02:00,17.60570639963793,0.0,10.7025312061235,468.5459259259259
2025-09-05 09:16:00+02:00,17.697443831533104,0.0,10.759749090056363,475.0334330484331
2025-09-05 09:17:00+02:00,17.782408191593156,0.0,10.814676977515017,477.57633333333337
2025-09-05 09:18:00+02:00,17.865348415242707,0.0,10.86960486497366,474.18773290598295
2025-09-05 09:19:00+02:00,17.948288638892258,0.0,10.924532752432308,472.50586004273504
2025-09-05 09:20:00+02:00,18.031228862541816,0.0,10.979460639890943,478.9927744708995
2025-09-05 09:21:00+02:00,18.11416908619138,0.0,11.034388527349591,480.3133854166667
2025-09-05 09:22:00+02:00,18.197109309840943,0.0,11.09505821642418,485.4760143849206
2025-09-05 09:23:00+02:00,18.281337113575397,0.0,11.167977082279451,482.6905753205128
2025-09-05 09:24:00+02:00,18.37102180433623,0.0,11.241278734909123,488.5753454415954
2025-09-05 09:25:00+02:00,18.46131962847084,0.0,11.314580387538792,489.3833523638846
2025-09-05 09:26:00+02:00,18.55161745260544,0.0,11.387780232317596,495.9165325295971
2025-09-05 09:27:00+02:00,18.64191527674005,0.0,11.328697742860069,501.4812847222222
2025-09-05 09:28:00+02:00,18.73221310087465,0.0,11.155699055463987,500.80444444444447
2025-09-05 09:29:00+02:00,18.823249969700814,0.0,11.387926465412486,501.1752546296296
2025-09-05 09:30:00+02:00,18.92143541627098,0.0,11.489123469181786,504.9876374007936
2025-09-05 09:31:00+02:00,19.021408007277145,0.0,11.552207315687316,508.90441468253965
2025-09-05 09:32:00+02:00,19.12138059828331,0.0,11.615291162192856,506.53824013157896
2025-09-05 09:33:00+02:00,19.221353189289477,0.0,11.678375008698398,505.0338657407408
2025-09-05 09:34:00+02:00,19.32132578029564,0.0,11.741669996493457,512.045625
2025-09-05 09:35:00+02:00,19.42306675439744,0.0,11.834524764823213,514.876369047619
2025-09-05 09:36:00+02:00,19.52858027910325,0.0,11.948282520816806,523.6097685185185
2025-09-05 09:37:00+02:00,19.634211696015413,0.0,12.062040276810391,525.2747601010101
2025-09-05 09:38:00+02:00,19.739843112927588,0.0,12.123883411442444,524.5478051900585
2025-09-05 09:39:00+02:00,19.845474529839752,0.0,12.141798789537813,522.1535039941903
2025-09-05 09:40:00+02:00,19.94543810717606,0.0,12.159714167633185,530.2347115384615
2025-09-05 09:41:00+02:00,20.0102219905932,0.0,12.177629545728562,536.8286507936508
2025-09-05 09:42:00+02:00,20.06894714894648,0.0,12.195544923823944,534.630422979798
2025-09-05 09:43:00+02:00,20.12767230729976,0.0,12.21346030191932,533.4921275252525
2025-09-05 09:44:00+02:00,20.18639746565304,0.0,12.231375680014697,530.4343833333334
2025-09-05 09:45:00+02:00,20.24512262400632,0.0,12.249291058110076,533.6891007834757
2025-09-05 09:46:00+02:00,20.303847782359597,0.0,12.26720643620545,537.5602380952381
2025-09-05 09:47:00+02:00,20.36257294071285,0.0,12.294367984480171,538.840167989418
2025-09-05 09:48:00+02:00,20.421298099066117,0.0,12.422226171088438,542.9151612103175
2025-09-05 09:49:00+02:00,20.48002325741937,0.0,12.494300675515596,544.0198690476191
2025-09-05 09:50:00+02:00,20.525059332468057,0.0,12.53618733416111,543.4356011825818
2025-09-05 09:51:00+02:00,20.553917399974985,0.0,12.578073992806628,546.4732477069546
2025-09-05 09:52:00+02:00,20.582775467481916,0.0,12.619960651452162,546.6125858585859
2025-09-05 09:53:00+02:00,20.61163353498884,0.0,12.661847310097686,544.8037089947089
2025-09-05 09:54:00+02:00,20.640491602495768,0.0,12.70373396874322,547.7332261904762
2025-09-05 09:55:00+02:00,20.669349670002696,0.0,12.745620627388748,543.926875
2025-09-05 09:56:00+02:00,20.69820773750962,0.0,12.78750728603428,551.3659788359788
2025-09-05 09:57:00+02:00,20.72706580501656,0.0,12.714361177429405,552.7746031746032
2025-09-05 09:58:00+02:00,20.75592387252351,0.0,12.544152382367812,543.5998474945534
2025-09-05 09:59:00+02:00,20.790997523801188,0.0,12.786589872549298,550.2042003367004
2025-09-05 10:00:00+02:00,20.955044538321378,0.0,12.926553352298743,553.0070132275132
2025-09-05 10:01:00+02:00,21.157689166459576,0.0,13.03847630577631,557.174917929293
2025-09-05 10:02:00+02:00,21.34534721438177,0.0,13.138740618266622,563.9709154040403
2025-09-05 10:03:00+02:00,21.53300526230395,0.0,13.155062715648771,569.5867592592593
2025-09-05 10:04:00+02:00,21.59631991034008,0.0,13.155062715648771,567.2060615079365
2025-09-05 10:05:00+02:00,21.508182245234902,0.0,13.155062715648771,565.6777870370371
2025-09-05 10:06:00+02:00,21.4195521909392,0.0,13.155062715648771,566.7810617236025
2025-09-05 10:07:00+02:00,21.3309221366435,0.0,13.155062715648771,572.6706944444445
2025-09-05 10:08:00+02:00,21.242292082347795,0.0,13.155062715648771,569.8197863247864
2025-09-05 10:09:00+02:00,21.15366202805209,0.0,13.155062715648771,568.0507222222222
2025-09-05 10:10:00+02:00,21.14670019199708,0.0,13.155062715648771,562.6925036075036
2025-09-05 10:11:00+02:00,21.431950824306345,0.0,13.155062715648771,566.0209841269841
2025-09-05 10:12:00+02:00,21.71744631462284,0.0,13.270160406749016,573.8635555555555
2025-09-05 10:13:00+02:00,21.95978106505456,0.0,13.448712122603874,579.9843097781849
2025-09-05 10:14:00+02:00,22.12075720570673,0.0,13.297238527603913,580.9583392857143
2025-09-05 10:15:00+02:00,21.79711372202978,0.0,13.181219219314364,581.1588253968254
2025-09-05 10:16:00+02:00,22.02893847796908,0.0,13.22396626912067,578.811617063492
2025-09-05 10:17:00+02:00,21.974568941896013,0.0,13.282607591224414,582.1421527777778
2025-09-05 10:18:00+02:00,21.90550678626457,0.0,13.341248913328144,585.7408055555555
2025-09-05 10:19:00+02:00,21.826839420909028,0.0,13.39989023543188,586.8688425925926
2025-09-05 10:20:00+02:00,22.22533208095693,0.0,13.458531557535606,588.5247118055555
2025-09-05 10:21:00+02:00,22.65460358482377,0.0,13.500313499534526,591.2090277777778
2025-09-05 10:22:00+02:00,22.37126010573064,0.0,13.502023871429206,594.4013888888888
2025-09-05 10:23:00+02:00,22.26941776423996,0.0,13.502023871429206,586.4587447089947
2025-09-05 10:24:00+02:00,22.39429059166773,0.0,13.502023871429206,588.8888666666667
2025-09-05 10:25:00+02:00,22.519163419095506,0.0,13.502023871429206,592.0182905982906
2025-09-05 10:26:00+02:00,22.644036246523285,0.0,13.502023871429206,591.0844795482295
2025-09-05 10:27:00+02:00,22.65156999702795,0.0,13.502023871429206,589.8848194444445
2025-09-05 10:28:00+02:00,22.28942613654555,0.0,13.502023871429206,588.8547924836602
2025-09-05 10:29:00+02:00,22.46002342453967,0.0,13.502023871429206,588.6762731481482
2025-09-05 10:30:00+02:00,22.679784014153995,0.0,13.502284352777398,591.8979675925926
2025-09-05 10:31:00+02:00,22.662635448245656,0.0,13.606737373398984,564.815692251462
2025-09-05 10:32:00+02:00,22.520902154667297,0.0,13.788999893885109,594.2414583333333
2025-09-05 10:33:00+02:00,22.379168861088942,0.0,13.725070328716631,589.4916666666667
2025-09-05 10:34:00+02:00,22.241917087136137,0.0,13.54708714466496,591.3477187627187
2025-09-05 10:35:00+02:00,22.251592143524004,0.0,13.561934581511428,593.8832457264957
2025-09-05 10:36:00+02:00,22.33100299595441,0.0,13.62445010507548,596.1458333333334
2025-09-05 10:37:00+02:00,22.41041384838485,0.0,13.686965628639523,580.7345441595442
2025-09-05 10:38:00+02:00,22.48982470081528,0.0,13.749481152203556,593.9639097222222
2025-09-05 10:39:00+02:00,22.569235553245715,0.0,13.811996675767595,595.9688194444444
2025-09-05 10:40:00+02:00,22.648646405676157,0.0,13.87813306848327,601.1337083333334
2025-09-05 10:41:00+02:00,22.72816560624697,0.0,13.949389882221457,602.8487530525031
2025-09-05 10:42:00+02:00,22.81115194731013,0.0,14.020683270395514,605.8147023809523
2025-09-05 10:43:00+02:00,22.895763510479068,0.0,14.091976658569571,606.3945138888889
2025-09-05 10:44:00+02:00,22.980375073648013,0.0,14.16327004674364,608.6595584795322
2025-09-05 10:45:00+02:00,23.064986636816947,0.0,14.205617055685511,604.3955568181818
2025-09-05 10:46:00+02:00,23.14959819998589,0.0,14.223470974507848,613.7170436507937
2025-09-05 10:47:00+02:00,23.23420976315484,0.0,14.241324893330177,614.2481018518519
2025-09-05 10:48:00+02:00,23.273242597452445,0.0,14.2591788121525,614.2844017094018
2025-09-05 10:49:00+02:00,23.07084743776461,0.0,14.277032730974822,611.8550892857143
2025-09-05 10:50:00+02:00,22.83936480292991,0.0,14.29488664979715,608.5443113425926
2025-09-05 10:51:00+02:00,22.85723224472675,0.0,14.31274056861947,604.9460683760684
2025-09-05 10:52:00+02:00,23.00017177910152,0.0,14.33059448744178,606.1245833333334
2025-09-05 10:53:00+02:00,23.14311131347629,0.0,14.348448406264083,597.4539409722222
2025-09-05 10:54:00+02:00,23.2820525114312,0.0,14.40900388656424,617.440371896622
2025-09-05 10:55:00+02:00,23.36649007082045,0.0,14.5550002189849,620.6986574074075
2025-09-05 10:56:00+02:00,23.433671651976585,0.0,14.572915597080268,622.6001666666667
2025-09-05 10:57:00+02:00,23.50085323313272,0.0,14.590830975175646,616.0022992424243
2025-09-05 10:58:00+02:00,23.568034814288847,0.0,14.608746353271025,624.1929684343435
2025-09-05 10:59:00+02:00,23.635216395445,0.0,14.626661731366402,626.3178174603175
2025-09-05 11:00:00+02:00,23.702397976601148,0.0,14.644577109461776,625.8780395299145
2025-09-05 11:01:00+02:00,23.769579557757304,0.0,14.662492487557158,628.0450628306878
2025-09-05 11:02:00+02:00,23.836761138913456,0.0,14.680407865652532,629.8270138888889
2025-09-05 11:03:00+02:00,23.913368002310207,0.0,14.698323243747906,630.7918447293447
2025-09-05 11:04:00+02:00,23.99971964904045,0.0,14.789020500157582,624.6061111111111
2025-09-05 11:05:00+02:00,24.086071295770708,0.0,14.852965827762922,634.050712962963
2025-09-05 11:06:00+02:00,24.172422942500976,0.0,14.80731304410761,636.9342991452992
2025-09-05 11:07:00+02:00,24.258774589231244,0.0,14.761660260452285,635.7892857142857
2025-09-05 11:08:00+02:00,24.345126235961505,0.0,14.716007476796952,638.189837962963
2025-09-05 11:09:00+02:00,24.39896848094789,0.0,14.670354693141636,644.4140138888889
2025-09-05 11:10:00+02:00,24.211945037151786,0.0,14.624701909486316,642.984787037037
2025-09-05 11:11:00+02:00,23.976751649486623,0.0,14.579049125830997,636.9692044159544
2025-09-05 11:12:00+02:00,23.950447165746294,0.0,14.574515116495355,630.8670555555556
2025-09-05 11:13:00+02:00,24.07439842249193,0.0,14.665690396181429,634.8245340501793
2025-09-05 11:14:00+02:00,24.198349679237584,0.0,14.760748247080178,627.3338194444444
2025-09-05 11:15:00+02:00,24.32230093598324,0.0,14.858312331335949,633.6093201754386
2025-09-05 11:16:00+02:00,24.50084384395957,0.0,15.111815147842506,646.568363095238
2025-09-05 11:17:00+02:00,24.873510615496457,0.0,15.226546007827604,654.935625
2025-09-05 11:18:00+02:00,24.951603142482607,0.0,15.208661412168825,661.0134166666667
2025-09-05 11:19:00+02:00,24.892360125590056,0.0,15.19077681651004,657.7349537037037
2025-09-05 11:20:00+02:00,24.8331171086975,0.0,15.172892220851262,662.6046843434343
2025-09-05 11:21:00+02:00,24.77387409180495,0.0,15.155007625192484,657.5380407407407
2025-09-05 11:22:00+02:00,24.714631074912404,0.0,15.1371230295337,650.0717314814815
2025-09-05 11:23:00+02:00,24.65538805801987,0.0,15.11923843387492,652.40330634278
2025-09-05 11:24:00+02:00,24.596145041127343,0.0,15.101353838216133,655.7793162393162
2025-09-05 11:25:00+02:00,24.53690202423481,0.0,15.083469242557335,654.4432270069112
2025-09-05 11:26:00+02:00,24.47765900734227,0.0,15.065198624282024,650.2845133053221
2025-09-05 11:27:00+02:00,24.512152474414588,0.0,15.04283616627173,654.5589285714285
2025-09-05 11:28:00+02:00,24.75698463523475,0.0,15.019392844935217,655.4756944444445
2025-09-05 11:29:00+02:00,24.94943802349382,0.0,14.995949523598703,657.5611825396826
2025-09-05 11:30:00+02:00,24.839876888830148,0.0,14.972506202262192,660.5573437500001
2025-09-05 11:31:00+02:00,24.687882361327564,0.0,14.949062880925672,660.488179563492
2025-09-05 11:32:00+02:00,24.535887833824976,0.0,14.925619559589157,659.3715277777778
2025-09-05 11:33:00+02:00,24.256669392340896,0.0,14.902176238252643,653.2759722222222
2025-09-05 11:34:00+02:00,24.20289423470492,0.0,14.79897352810233,629.8028472222222
2025-09-05 11:35:00+02:00,24.853783332579088,0.0,15.455607934670736,661.3385049603174
2025-09-05 11:36:00+02:00,24.620296064584306,0.0,15.278611946752775,656.6505972222222
2025-09-05 11:37:00+02:00,24.917749267704025,0.0,15.304319483505404,658.7357589285714
2025-09-05 11:38:00+02:00,24.722485533125973,0.0,15.35867371156501,658.3346527777777
2025-09-05 11:39:00+02:00,24.530174135037324,0.0,15.413027939624609,657.5242063492063
2025-09-05 11:40:00+02:00,24.84222717457949,0.0,15.467382167684203,658.729523046398
2025-09-05 11:41:00+02:00,24.597806604466346,0.0,15.5217363957438,656.7783333333333
2025-09-05 11:42:00+02:00,25.129039568561662,0.0,15.566877826386069,661.4183333333333
2025-09-05 11:43:00+02:00,25.438010114881056,0.0,15.465160705054553,666.3224116161616
2025-09-05 11:44:00+02:00,25.13939283161452,0.0,15.313729654396193,665.603888888889
2025-09-05 11:45:00+02:00,24.912635304202382,0.0,15.46825462178523,649.4423771367522
2025-09-05 11:46:00+02:00,24.759252698823047,0.0,15.49074541637987,643.0330961538461
2025-09-05 11:47:00+02:00,24.60587009344373,0.0,15.305596726251862,661.7816666666666
2025-09-05 11:48:00+02:00,24.576116708418773,0.0,15.10991011342899,651.7939444444445
2025-09-05 11:49:00+02:00,24.39558265247762,0.0,15.043105369093633,642.5602083333333
2025-09-05 11:50:00+02:00,25.126116360679177,0.0,15.64066546832642,663.1850972222222
2025-09-05 11:51:00+02:00,25.68834503079129,0.0,15.962334323508204,675.8022569444445
2025-09-05 11:52:00+02:00,25.353502339568436,0.0,15.865256650788574,676.1418055555556
2025-09-05 11:53:00+02:00,25.390358210540057,0.0,15.829076258956627,675.6207936507936
2025-09-05 11:54:00+02:00,25.505395164574548,0.0,15.898008938913,669.5542460317461
2025-09-05 11:55:00+02:00,25.620432118609035,0.0,15.966941618869384,676.2322222222223
2025-09-05 11:56:00+02:00,25.73546907264352,0.0,16.035874298825757,677.4665350877193
2025-09-05 11:57:00+02:00,25.7863780787892,0.0,16.08266815367409,680.2561111111112
2025-09-05 11:58:00+02:00,25.593794260489357,0.0,15.96862448241762,678.1472382478632
2025-09-05 11:59:00+02:00,25.37707948256632,0.0,15.822702700788106,679.3670833333333
2025-09-05 12:00:00+02:00,25.3231062275796,0.0,15.794070294463618,664.7539898989899
2025-09-05 12:01:00+02:00,25.411970752918407,0.0,15.851419245832288,669.9589871031745
2025-09-05 12:02:00+02:00,25.50083527825722,0.0,15.908768197200942,672.2388518518518
2025-09-05 12:03:00+02:00,25.589699803596023,0.0,15.966117148569618,670.227962962963
2025-09-05 12:04:00+02:00,25.678564328934836,0.0,16.023466099938293,671.8024537037037
2025-09-05 12:05:00+02:00,25.76742885427366,0.0,16.08057609734293,676.5972916666667
2025-09-05 12:06:00+02:00,25.68618935706244,0.0,16.044105748581917,682.1704166666667
2025-09-05 12:07:00+02:00,25.341956142321205,0.0,15.925823536384035,678.4351851851852
2025-09-05 12:08:00+02:00,25.472124155621003,0.0,15.81051223450258,678.2356031746032
2025-09-05 12:09:00+02:00,25.626210350933253,0.0,15.922391452114432,677.064032967033
2025-09-05 12:10:00+02:00,25.77643748785933,0.0,16.060570353693343,681.8828670634921
2025-09-05 12:11:00+02:00,25.616669709270106,0.0,15.917708309419336,684.643167989418
2025-09-05 12:12:00+02:00,25.26628328057687,0.0,15.79216587179481,671.3633432539683
2025-09-05 12:13:00+02:00,24.971464743658764,0.0,15.849071523135658,668.4344316239316
2025-09-05 12:14:00+02:00,24.98540679018228,0.0,15.935811812080756,666.2474305555555
2025-09-05 12:15:00+02:00,25.383830319894464,0.0,16.022552101025866,675.5448611111111
2025-09-05 12:16:00+02:00,25.543786465504336,0.0,16.088571098722984,679.5199074074075
2025-09-05 12:17:00+02:00,25.703742611114198,0.0,16.041586775544378,681.3023148148148
2025-09-05 12:18:00+02:00,25.791052007259573,0.0,15.977334709659123,679.1645497311828
2025-09-05 12:19:00+02:00,25.641426362720352,0.0,15.913082643773857,681.6399710648149
2025-09-05 12:20:00+02:00,25.47347240983,0.0,15.84883057788858,679.9041666666666
2025-09-05 12:21:00+02:00,25.32418000726077,0.0,15.79316330191742,676.9524074074073
2025-09-05 12:22:00+02:00,25.41748775886653,0.0,16.01315523639014,676.0559201388888
2025-09-05 12:23:00+02:00,25.585441711756875,0.0,15.888657409904225,675.5185185185186
2025-09-05 12:24:00+02:00,25.75339566464724,0.0,16.148611292266057,681.4502430555556
2025-09-05 12:25:00+02:00,26.137973842557905,0.0,16.245437661321077,680.9277751322751
2025-09-05 12:26:00+02:00,26.085689176753117,0.0,16.342264030376075,680.9121388888889
2025-09-05 12:27:00+02:00,26.33964284375401,0.0,16.458181908210523,688.7588194444444
2025-09-05 12:28:00+02:00,26.243848985730708,0.0,16.709397346376303,683.2282407407407
2025-09-05 12:29:00+02:00,26.11563986138693,0.0,16.46222114314977,687.380042989418
2025-09-05 12:30:00+02:00,25.987430737043145,0.0,16.340650257558476,683.0603703703704
2025-09-05 12:31:00+02:00,25.862947277330733,0.0,16.243823888503467,690.0326767676769
2025-09-05 12:32:00+02:00,25.80800955740412,0.0,16.14790994032776,688.673574074074
2025-09-05 12:33:00+02:00,25.77915148989718,0.0,16.164133905242366,678.0798958333334
2025-09-05 12:34:00+02:00,25.750293422390268,0.0,16.257486682582392,682.6969166666667
2025-09-05 12:35:00+02:00,25.721435354883333,0.0,16.350839459922422,681.2923148148149
2025-09-05 12:36:00+02:00,25.692577287376405,0.0,16.430063316325832,689.517261904762
2025-09-05 12:37:00+02:00,25.66371921986948,0.0,16.368932952056326,691.354898989899
2025-09-05 12:38:00+02:00,25.634861152362557,0.0,16.271197415216758,684.7869003267974
2025-09-05 12:39:00+02:00,25.606003084855622,0.0,16.1734618783772,684.0728023478023
2025-09-05 12:40:00+02:00,25.577145017348663,0.0,16.09441893055067,683.2543837181338
2025-09-05 12:41:00+02:00,25.538673616487056,0.0,16.055253505951935,680.1826458333334
2025-09-05 12:42:00+02:00,25.45690182337255,0.0,16.017334253954076,680.6994463645673
2025-09-05 12:43:00+02:00,25.369879049854237,0.0,15.97941500195622,685.0283333333333
2025-09-05 12:44:00+02:00,25.32498925930104,0.0,15.94149574995835,682.4916547619048
2025-09-05 12:45:00+02:00,25.62593622755208,0.0,15.903576497960492,684.568365834458
2025-09-05 12:46:00+02:00,25.58411039768311,0.0,15.865657245962623,686.1310599415204
2025-09-05 12:47:00+02:00,25.590332843897507,0.0,15.827737993964764,681.4863194444445
2025-09-05 12:48:00+02:00,25.59573300788988,0.0,15.7898187419669,685.2954166666667
2025-09-05 12:49:00+02:00,25.67961632138309,0.0,15.96160838577093,679.0554398148148
2025-09-05 12:50:00+02:00,26.252680085797905,0.0,16.369480929626466,695.6124834656084
2025-09-05 12:51:00+02:00,25.658608465174584,0.0,16.0446010324068,687.305
2025-09-05 12:52:00+02:00,25.00579201902353,0.0,15.55912154962287,668.3821057692307
2025-09-05 12:53:00+02:00,24.390982131081397,0.0,15.229012494275516,660.0497222222222
2025-09-05 12:54:00+02:00,24.700308890200333,0.0,15.45760461685699,661.6915486111111
2025-09-05 12:55:00+02:00,25.09101204971553,0.0,15.80683726339928,670.1856666666666
2025-09-05 12:56:00+02:00,25.374014829141128,0.0,15.986549808582124,674.3648595848596
2025-09-05 12:57:00+02:00,25.577595378099137,0.0,16.108290564996334,681.2976805555555
2025-09-05 12:58:00+02:00,25.75572835843739,0.0,16.229354983874877,684.7647777777778
2025-09-05 12:59:00+02:00,25.278586446817062,0.0,16.030549928743117,680.3539021164021
2025-09-05 13:00:00+02:00,25.03254615836573,0.0,15.650245059739149,677.3771428571429
2025-09-05 13:01:00+02:00,19.388511064140346,0.0,12.090887874424046,494.6552777777778
2025-09-05 13:02:00+02:00,13.874393213095896,0.0,8.713409189665839,334.60013888888886
2025-09-05 13:03:00+02:00,16.25777680956841,0.0,10.326891213770788,377.8641666666667
2025-09-05 13:04:00+02:00,18.738985437684736,0.0,11.82276066571517,487.92159722222215
2025-09-05 13:05:00+02:00,25.494391405754502,0.0,16.114000804746944,706.0667777777777
2025-09-05 13:06:00+02:00,26.29766579961855,0.0,16.381870894023198,708.3892521367521
2025-09-05 13:07:00+02:00,25.699864517205643,0.0,16.025665069816885,691.3528472222223
2025-09-05 13:08:00+02:00,25.26498501533861,0.0,15.927316702924156,676.6697222222223
2025-09-05 13:09:00+02:00,25.232314704470355,0.0,15.907069494763569,691.9193055555555
2025-09-05 13:10:00+02:00,14.455093569972266,0.0,9.039508040159676,300.12005555555555
2025-09-05 13:11:00+02:00,11.342718662144964,0.0,7.135473201113939,215.3862103174603
2025-09-05 13:12:00+02:00,15.288542539763649,0.0,9.55654545066206,364.428125
2025-09-05 13:13:00+02:00,12.147681431991648,0.0,7.653077998811032,255.62833333333333
2025-09-05 13:14:00+02:00,10.122681060833452,0.0,6.163235669726976,189.3638586182336
2025-09-05 13:15:00+02:00,12.115727229755231,0.0,7.584937507597041,267.3663408119658
2025-09-05 13:16:00+02:00,18.382986174155945,0.0,11.532613509853832,473.5716071428572
2025-09-05 13:17:00+02:00,24.634136548674626,0.0,15.475280902738508,661.5784206349207
2025-09-05 13:18:00+02:00,25.02157669601329,0.0,15.854525647364769,675.9698148148149
2025-09-05 13:19:00+02:00,21.37715103368073,0.0,13.81919543302648,551.5065972222222
2025-09-05 13:20:00+02:00,21.283977925295197,0.0,13.476965565733956,552.7666666666667
2025-09-05 13:21:00+02:00,23.97152676116641,0.0,15.44039396335576,648.6171064814815
2025-09-05 13:22:00+02:00,23.589829472807757,0.0,15.044221726673806,631.8957554436305
2025-09-05 13:23:00+02:00,23.315405161790185,0.0,15.144021409177483,634.4244662698412
2025-09-05 13:24:00+02:00,22.980185653214576,0.0,14.756894653849288,620.421717948718
2025-09-05 13:25:00+02:00,21.83691004128495,0.0,13.830311770561748,594.5513888888889
2025-09-05 13:26:00+02:00,23.193458621113564,0.0,14.782888804852004,618.4691157407407
2025-09-05 13:27:00+02:00,24.38158875966697,0.0,15.551096389509464,649.5783171296297
2025-09-05 13:28:00+02:00,24.88449009736564,0.0,15.869588937636124,660.0153951719576
2025-09-05 13:29:00+02:00,25.104037748202696,0.0,16.00303553601322,661.362549475987
2025-09-05 13:30:00+02:00,25.487375978795345,0.0,16.271199652751946,685.1410264550265
2025-09-05 13:31:00+02:00,25.695157394259425,0.0,16.359947417581726,697.6188425925926
2025-09-05 13:32:00+02:00,25.410489677496106,0.0,16.22476774649844,684.7737435897435
2025-09-05 13:33:00+02:00,24.87181136847295,0.0,16.00145623103242,670.6784126984127
2025-09-05 13:34:00+02:00,24.039520423610927,0.0,15.413646393181056,655.9507777777777
2025-09-05 13:35:00+02:00,23.313387160648503,0.0,14.969486905491292,638.881590909091
2025-09-05 13:36:00+02:00,22.84366254767487,0.0,14.594194255646798,629.3844444444445
2025-09-05 13:37:00+02:00,15.397790365602049,0.0,9.855719132440337,376.250625
2025-09-05 13:38:00+02:00,8.748630427113858,0.0,5.512372149845181,154.95791666666668
2025-09-05 13:39:00+02:00,16.054776909497562,0.0,10.22164700382344,413.9159722222223
2025-09-05 13:40:00+02:00,21.63142604969428,0.0,13.49264421716828,587.5613888888889
2025-09-05 13:41:00+02:00,23.98060100129109,0.0,15.50228380783125,664.0715656565657
2025-09-05 13:42:00+02:00,24.373218505478807,0.0,15.348366246256504,670.800300925926
2025-09-05 13:43:00+02:00,24.66539983746781,0.0,15.54431768911364,670.6493386243386
2025-09-05 13:44:00+02:00,23.610644702988196,0.0,14.428901190443572,624.6182142857143
2025-09-05 13:45:00+02:00,23.81464412204444,0.0,15.228141018694652,651.2785069444445
2025-09-05 13:46:00+02:00,20.254680997994857,0.0,12.765743385433469,536.5353472222222
2025-09-05 13:47:00+02:00,21.96886043653292,0.0,14.496794125331338,621.7425480769231
2025-09-05 13:48:00+02:00,18.59992971077713,0.0,14.15598634047606,596.3763611111111
2025-09-05 13:49:00+02:00,15.1269942380748,0.0,9.584003821350851,365.38409722222224
2025-09-05 13:50:00+02:00,22.254688221401512,0.0,14.2271913408359,619.8229861111112
2025-09-05 13:51:00+02:00,21.81721126308384,0.0,13.970421431732808,596.5452843915344
2025-09-05 13:52:00+02:00,22.19059654149037,0.0,14.1103964470305,605.5030815527066
2025-09-05 13:53:00+02:00,22.513153184878195,0.0,14.165832481556318,606.4679398148148
2025-09-05 13:54:00+02:00,22.610789967683285,0.0,14.456996133711725,613.5591595441596
2025-09-05 13:55:00+02:00,22.05640924923928,0.0,14.119656531267283,618.3559065656566
2025-09-05 13:56:00+02:00,13.609003010860086,0.0,8.702089271328964,292.36791666666664
2025-09-05 13:57:00+02:00,13.48575902228082,0.0,8.54481635821618,294.6928472222222
2025-09-05 13:58:00+02:00,8.74258030534139,0.0,5.3930994338757685,151.24196031746033
2025-09-05 13:59:00+02:00,8.799949368056799,0.0,5.360977475255639,150.04111111111112
2025-09-05 14:00:00+02:00,15.490097552953165,0.0,9.772850832233273,406.7801613756614
2025-09-05 14:01:00+02:00,21.373889051172128,0.0,13.549090505095942,599.4755317460317
2025-09-05 14:02:00+02:00,22.097542100672356,0.0,14.149936116680076,619.0154444444445
2025-09-05 14:03:00+02:00,21.82073312266364,0.0,14.509175004180763,618.0395138888889
2025-09-05 14:04:00+02:00,17.66210166926815,0.0,11.15999017557847,456.0511111111111
2025-09-05 14:05:00+02:00,12.56512253977072,0.0,7.791875142452,285.26682539682537
2025-09-05 14:06:00+02:00,6.975085240344748,0.0,4.393444178078149,134.2665462962963
2025-09-05 14:07:00+02:00,7.150162688250166,0.0,4.52675738430264,144.77116666666666
2025-09-05 14:08:00+02:00,7.6646277005127965,0.0,4.800378787144076,154.91300462962965
2025-09-05 14:09:00+02:00,8.540378833215293,0.0,5.340186464810833,179.10009259259257
2025-09-05 14:10:00+02:00,9.3837786969396,0.0,5.882355491595634,194.2449074074074
2025-09-05 14:11:00+02:00,13.502190189942976,0.0,8.459103256903314,323.4928472222222
2025-09-05 14:12:00+02:00,22.293272265023223,0.0,14.07581054581475,630.7586666666667
2025-09-05 14:13:00+02:00,23.12125429220975,0.0,14.591433374544028,640.3830570818071
2025-09-05 14:14:00+02:00,22.891180384140768,0.0,14.445855267223552,632.6038854166667
2025-09-05 14:15:00+02:00,22.443132149732374,0.0,14.137168224033864,618.203625
2025-09-05 14:16:00+02:00,21.70550545480765,0.0,13.704037439104011,611.50625
2025-09-05 14:17:00+02:00,21.84500256310656,0.0,13.827855982466614,609.4682936507936
2025-09-05 14:18:00+02:00,22.358158946840454,0.0,14.13716613370494,614.5695016788767
2025-09-05 14:19:00+02:00,22.20931604548333,0.0,13.954092814016487,603.448006021756
2025-09-05 14:20:00+02:00,19.73329616573354,0.0,12.794080597086724,520.1430555555555
2025-09-05 14:21:00+02:00,8.857307297026024,0.0,5.5229499109665365,157.8971527777778
2025-09-05 14:22:00+02:00,8.59227455790474,0.0,5.44343797943352,160.41250802660247
2025-09-05 14:23:00+02:00,8.774833202350779,0.0,5.542569738227931,162.94189950980393
2025-09-05 14:24:00+02:00,8.959894666922288,0.0,5.641701497022341,170.129853988604
2025-09-05 14:25:00+02:00,13.480328611468284,0.0,8.58192192626492,343.6796527777778
2025-09-05 14:26:00+02:00,20.920331833110904,0.0,13.353147133402366,589.3218611111112
2025-09-05 14:27:00+02:00,21.730644761317976,0.0,13.766728926054643,601.4368824786325
2025-09-05 14:28:00+02:00,22.031766882508823,0.0,13.964476538624172,602.2692222222223
2025-09-05 14:29:00+02:00,21.82340861374912,0.0,13.760298252117105,594.3459722222223
2025-09-05 14:30:00+02:00,21.318133397830724,0.0,13.50390952988454,593.3941944444445
2025-09-05 14:31:00+02:00,19.423766293717467,0.0,12.315076701516414,522.8928472222223
2025-09-05 14:32:00+02:00,18.30854789307486,0.0,11.565148044984484,493.9179166666667
2025-09-05 14:33:00+02:00,20.017239636177504,0.0,12.496856993653529,552.5403823260073
2025-09-05 14:34:00+02:00,16.28815758444121,0.0,10.278530796881656,412.6619191919192
2025-09-05 14:35:00+02:00,7.738390305664772,0.0,4.727947939100844,139.84442857142858
2025-09-05 14:36:00+02:00,7.846601378707557,0.0,4.618197979173271,144.24826240079366
2025-09-05 14:37:00+02:00,8.002114298050477,0.0,4.856622352848603,154.6482158119658
2025-09-05 14:38:00+02:00,8.165313488119544,0.0,4.989696009396137,162.84161375661378
2025-09-05 14:39:00+02:00,8.488002795756103,0.0,5.119949225182435,165.4162554466231
2025-09-05 14:40:00+02:00,9.925270421369842,0.0,6.2794199397818975,241.1966666666667
2025-09-05 14:41:00+02:00,18.18568184965672,0.0,11.604689571321783,535.1925
2025-09-05 14:42:00+02:00,17.30682253119309,0.0,11.370782846014922,503.3484722222222
2025-09-05 14:43:00+02:00,16.629031505974773,0.0,10.486292922792456,444.9088472222222
2025-09-05 14:44:00+02:00,19.72542645953292,0.0,12.588452763668617,550.74
2025-09-05 14:45:00+02:00,20.508070308855107,0.0,13.06482483440749,577.2330555555556
2025-09-05 14:46:00+02:00,21.068591838988677,0.0,13.377786478408872,584.2254464285714
2025-09-05 14:47:00+02:00,19.377960579808445,0.0,12.45548249337545,523.7530753968255
2025-09-05 14:48:00+02:00,20.437735386036536,0.0,12.94877233499968,556.4334974747475
2025-09-05 14:49:00+02:00,20.35305272071368,0.0,12.869908405432462,561.5784027777778
2025-09-05 14:50:00+02:00,20.21191494517557,0.0,12.785626343299556,555.3313253968254
2025-09-05 14:51:00+02:00,20.07077716963745,0.0,12.701344281166657,555.4878333333332
2025-09-05 14:52:00+02:00,19.916507505974938,0.0,12.618713266892708,542.8910876068376
2025-09-05 14:53:00+02:00,19.718296524357733,0.0,12.54076022155245,537.2641239316239
2025-09-05 14:54:00+02:00,19.516550034399348,0.0,12.46308235085533,539.4095187138131
2025-09-05 14:55:00+02:00,19.314803544440963,0.0,12.385404480158211,540.4140277777778
2025-09-05 14:56:00+02:00,19.113057054482574,0.0,12.284336635602711,537.4006226851852
2025-09-05 14:57:00+02:00,18.67138635337576,0.0,11.569032142824572,524.6085416666666
2025-09-05 14:58:00+02:00,18.893992249893707,0.0,11.901247514903044,520.0396717171717
2025-09-05 14:59:00+02:00,19.1155291453482,0.0,11.873396566705615,520.9064748677248
2025-09-05 15:00:00+02:00,19.31318698602784,0.0,11.823233508038571,526.3329444444445
2025-09-05 15:01:00+02:00,19.233264338082783,0.0,11.773070449371522,523.7507361111111
2025-09-05 15:02:00+02:00,18.917197797043663,0.0,11.72290739070447,524.1163446969697
2025-09-05 15:03:00+02:00,18.03392052590324,0.0,11.672744332037407,519.7640740740741
2025-09-05 15:04:00+02:00,16.85114620977397,0.0,11.622581273370352,515.1450066137567
2025-09-05 15:05:00+02:00,9.841675160742698,0.0,6.317313628637225,210.58569444444444
2025-09-05 15:06:00+02:00,12.173656881236518,0.0,7.616662870503897,300.2200138888889
2025-09-05 15:07:00+02:00,12.75209148143528,0.0,7.954018612401153,318.5693055555556
2025-09-05 15:08:00+02:00,14.910405471004225,0.0,9.403043249508038,399.7814814814815
2025-09-05 15:09:00+02:00,16.065829434836576,0.0,10.197580280491128,443.6154861111111
2025-09-05 15:10:00+02:00,6.569807912377299,0.0,4.067753050564818,105.52222883597882
2025-09-05 15:11:00+02:00,6.031052842428662,0.0,3.683650201076104,101.076841991342
2025-09-05 15:12:00+02:00,5.821110401315716,0.0,3.5582425544084777,115.47839781746032
2025-09-05 15:13:00+02:00,5.731629725459418,0.0,3.471488142980633,107.8014494301994
2025-09-05 15:14:00+02:00,5.858506398638961,0.0,3.5472081878998822,102.10112654320989
2025-09-05 15:15:00+02:00,5.98972042433455,0.0,3.640981473245948,110.84891203703704
2025-09-05 15:16:00+02:00,6.12093445003014,0.0,3.734754758592011,118.66633333333334
2025-09-05 15:17:00+02:00,6.368624694187399,0.0,3.9757892746554,126.92333333333332
2025-09-05 15:18:00+02:00,7.077243393061677,0.0,4.4539466931745135,147.5534722222222
2025-09-05 15:19:00+02:00,8.55183845775479,0.0,5.402580895039098,191.8830109126984
2025-09-05 15:20:00+02:00,9.457388713291216,0.0,5.956845363553362,206.84333333333333
2025-09-05 15:21:00+02:00,9.169942268544707,0.0,5.777406866826512,197.52164983164985
2025-09-05 15:22:00+02:00,9.049975159337311,0.0,5.701706251019873,200.6955555555556
2025-09-05 15:23:00+02:00,8.930008050129915,0.0,5.62600563521323,194.8922673611111
2025-09-05 15:24:00+02:00,8.813685774969617,0.0,5.557116246311894,184.419
2025-09-05 15:25:00+02:00,9.0940255822494,0.0,5.740025116478754,176.62801282051282
2025-09-05 15:26:00+02:00,10.530139525387789,0.0,6.605530088465656,252.85444444444445
2025-09-05 15:27:00+02:00,7.307860284905645,0.0,4.573191106063109,142.35964616402117
2025-09-05 15:28:00+02:00,6.884540808445377,0.0,4.247247092278069,134.91547123015872
2025-09-05 15:29:00+02:00,6.529988230441481,0.0,3.950535242372033,132.9947023809524
2025-09-05 15:30:00+02:00,5.68223720577351,0.0,3.543373100973549,111.78518022486772
2025-09-05 15:31:00+02:00,5.122488720596864,0.0,3.172903443167056,97.60641203703705
2025-09-05 15:32:00+02:00,4.713261835860424,0.0,2.902987600570114,90.98807407407408
2025-09-05 15:33:00+02:00,4.235982298356689,0.0,2.610880277980068,80.9641736694678
2025-09-05 15:34:00+02:00,3.731568950493605,0.0,2.2934213011087548,74.53655303030304
2025-09-05 15:35:00+02:00,3.4147959907777743,0.0681170563574822,2.0728470362364213,65.42256335282651
2025-09-05 15:36:00+02:00,3.173362183497887,0.0815759879406141,2.033112767940705,65.819
2025-09-05 15:37:00+02:00,3.124496270480218,0.0876235303322863,2.0152588491183847,61.97886363636365
2025-09-05 15:38:00+02:00,3.095538692395673,0.0936710727239571,1.997404930296064,65.94542121212122
2025-09-05 15:39:00+02:00,3.066581114311129,0.0997186151156297,1.9795510114737425,67.7395
2025-09-05 15:40:00+02:00,3.037623536226584,0.1057661575073023,1.9616970926514212,65.32541666666667
2025-09-05 15:41:00+02:00,3.008665958142039,0.1118136998989745,1.9438431738291,64.26172222222222
2025-09-05 15:42:00+02:00,2.9797083800574944,0.1178612422906462,1.9259892550067783,61.048110119047614
2025-09-05 15:43:00+02:00,2.950750801972949,0.1239087846823188,1.9081353361844569,61.18230324074074
2025-09-05 15:44:00+02:00,2.9217932238884066,0.1299563270739905,1.8902814173621347,61.962409188034194
2025-09-05 15:45:00+02:00,2.8928356458038644,0.1751269850284234,1.7675645929060095,61.06726851851852
2025-09-05 15:46:00+02:00,2.8917662649236884,0.1765534796193946,1.7499052723523345,58.27391559829059
2025-09-05 15:47:00+02:00,2.920525503432311,0.1638022419544955,1.7907242318559156,57.04224508713386
2025-09-05 15:48:00+02:00,2.9492847419409327,0.1510510042895951,1.8315431913594968,58.69096203844049
2025-09-05 15:49:00+02:00,2.978043980449553,0.1382997666246952,1.872362150863077,60.1205056980057
2025-09-05 15:50:00+02:00,3.006803218958176,0.1255485289597948,1.9131811103666576,58.08452777777779
2025-09-05 15:51:00+02:00,3.035562457466797,0.1127972912948962,1.9540000698702389,59.24652243589745
2025-09-05 15:52:00+02:00,3.06432169597542,0.1000460536299963,1.9948190293738204,66.1432142857143
2025-09-05 15:53:00+02:00,3.093080934484042,0.0872948159650968,2.0354679098794697,65.55034722222221
2025-09-05 15:54:00+02:00,3.121840172992668,0.0777786476874804,2.033869641386713,68.872791005291
2025-09-05 15:55:00+02:00,3.148097929008417,0.0877296076988325,1.9976019247546124,70.20723684210527
2025-09-05 15:56:00+02:00,3.1122827693200708,0.1009345410858926,1.961334208122512,70.37424074074075
2025-09-05 15:57:00+02:00,3.0497300866793413,0.1141394744729513,1.9250664914904112,71.72019764957265
2025-09-05 15:58:00+02:00,2.987177404038613,0.1273444078600105,1.8887987748583093,67.898025
2025-09-05 15:59:00+02:00,2.924624721397885,0.1405493412470702,1.852531058226209,69.28960842293907
2025-09-05 16:00:00+02:00,2.862072038757157,0.1537542746341285,1.8162633415941063,68.92413625502336
2025-09-05 16:01:00+02:00,2.7995193561164284,0.1669592080211868,1.7799956249620033,69.47121642246643
2025-09-05 16:02:00+02:00,2.7369666734757008,0.1801641414082473,1.7437279083299009,59.844569841269845
2025-09-05 16:03:00+02:00,2.6744139908349727,0.1980033264853431,1.6985694094252557,62.09821458333334
2025-09-05 16:04:00+02:00,2.6066756637242445,0.2381034705735178,1.5925845723348515,58.88979166666667
2025-09-05 16:05:00+02:00,2.4313352138610216,0.2811000219679671,1.4912093313282704,51.117148809523805
2025-09-05 16:06:00+02:00,2.213213197120299,0.3308688045486905,1.3898340903216893,49.32575613454646
2025-09-05 16:07:00+02:00,2.0209743520747283,0.391817702962044,1.288458849315108,39.93318747078074
2025-09-05 16:08:00+02:00,1.9076169129690796,0.4423345650013128,1.2333549683613385,38.29060714285715
2025-09-05 16:09:00+02:00,1.8033594714595376,0.464508306814363,1.2028263270896735,35.85875755360624
2025-09-05 16:10:00+02:00,1.6991020299037292,0.4705783233086299,1.1946615477830405,34.72604166666667
2025-09-05 16:11:00+02:00,1.5948445883479208,0.4766483398028969,1.186496768476408,34.71126756066411
2025-09-05 16:12:00+02:00,1.4969091723503718,0.4827183562971633,1.1783319891697754,32.88777777777778
2025-09-05 16:13:00+02:00,1.4552397838213336,0.4887883727914299,1.1701672098631426,31.531013888888893
2025-09-05 16:14:00+02:00,1.42684664896464,0.4957937544067428,1.1620024305565102,28.63843434343434
2025-09-05 16:15:00+02:00,1.3984535141079468,0.5037187288694822,1.1538376512498774,32.81604166666667
2025-09-05 16:16:00+02:00,1.3700603792512536,0.5116437033322221,1.1456728719432443,29.87613425925926
2025-09-05 16:17:00+02:00,1.3416672443945603,0.5195686777949617,1.137508092636612,26.79371616809117
2025-09-05 16:18:00+02:00,1.313274109537867,0.5294143182808204,1.1277884031532015,27.714077991452992
2025-09-05 16:19:00+02:00,1.2848809746811738,0.5674864930558331,1.093243277564666,26.02091666666667
2025-09-05 16:20:00+02:00,1.2564878398244803,0.6358139933157746,1.0518664332434884,28.537745039682545
2025-09-05 16:21:00+02:00,1.2280947049677868,0.665124397327003,1.0341170348438746,29.501580687830693
2025-09-05 16:22:00+02:00,1.2156423219794807,0.665124397327003,1.0341170348438746,30.29196296296297
2025-09-05 16:23:00+02:00,1.2421656749103234,0.665124397327003,1.0341170348438746,26.81256097560976
2025-09-05 16:24:00+02:00,1.270461573003809,0.665124397327003,1.0341170348438746,29.34993055555556
2025-09-05 16:25:00+02:00,1.2987574710972942,0.665124397327003,1.0341170348438746,25.469220238095243
2025-09-05 16:26:00+02:00,1.32705336919078,0.665124397327003,1.0341170348438746,20.59996031746032
2025-09-05 16:27:00+02:00,1.3553492672842653,0.665124397327003,1.0341170348438746,25.261388888888888
2025-09-05 16:28:00+02:00,1.3836451653777508,0.665124397327003,1.0341170348438746,23.46951625094482
2025-09-05 16:29:00+02:00,1.4119410634712362,0.665124397327003,1.0341170348438746,24.919468652325797
2025-09-05 16:30:00+02:00,1.440236961564722,0.6551033766718457,1.0402400010125723,26.90121164021164
2025-09-05 16:31:00+02:00,1.4686071791925288,0.572931007299556,1.0904483235958962,27.143323529411763
2025-09-05 16:32:00+02:00,1.5267052105489154,0.5140365386350707,1.145726736806726,28.82514619883041
2025-09-05 16:33:00+02:00,1.6085111733538435,0.4734721874455835,1.19427863683044,30.83796477983577
2025-09-05 16:34:00+02:00,1.6903171361587723,0.4483844086047304,1.225950589292434,30.82108716475096
2025-09-05 16:35:00+02:00,1.7721230989637005,0.4290403999966277,1.2477524340294166,36.25577962962964
2025-09-05 16:36:00+02:00,1.853929061766931,0.4057937177180568,1.269554278766399,34.39905251911831
2025-09-05 16:37:00+02:00,1.9363853230548007,0.3780035186823443,1.3078542909151991,32.85874446290144
2025-09-05 16:38:00+02:00,2.026979304652429,0.350213319646633,1.353250346640673,41.91710830896687
2025-09-05 16:39:00+02:00,2.1900050948786856,0.3223428737183564,1.3992542775142536,46.91919590643275
2025-09-05 16:40:00+02:00,2.375589573210572,0.2907175839097253,1.46732875222672,48.760182980599645
2025-09-05 16:41:00+02:00,2.552410340065673,0.2579202144739594,1.5463917392318525,50.34791666666667
2025-09-05 16:42:00+02:00,2.5967444098894017,0.2251228450381939,1.62648976676234,56.27680555555556
2025-09-05 16:43:00+02:00,2.5967444098894017,0.1977472546859595,1.693900844085545,59.38270833333333
2025-09-05 16:44:00+02:00,2.5967444098894017,0.2047451126131605,1.6631465964885297,59.1235625
2025-09-05 16:45:00+02:00,2.5967444098894017,0.217876275422638,1.625637282350104,64.80671626984127
2025-09-05 16:46:00+02:00,2.5967444098894017,0.2310074382321159,1.5950047920525772,66.27177248677249
2025-09-05 16:47:00+02:00,2.5967444098894017,0.2441386010415938,1.565231523072266,66.10001851851852
2025-09-05 16:48:00+02:00,2.5967444098894017,0.257269763851071,1.5354582540919557,64.48521969696971
2025-09-05 16:49:00+02:00,2.5967444098894017,0.2704009266605491,1.5056849851116432,57.85400462962963
2025-09-05 16:50:00+02:00,2.5967444098894017,0.2835320894700273,1.475911716131332,58.05063492063493
2025-09-05 16:51:00+02:00,2.56582586497862,0.2966632522795045,1.4461384471510204,50.90875308641975
2025-09-05 16:52:00+02:00,2.386387881121402,0.31282887112081,1.4140529517576383,41.49766666666667
2025-09-05 16:53:00+02:00,2.187625806694945,0.348719508057244,1.3574578563857134,51.11306944444445
2025-09-05 16:54:00+02:00,2.0141231086225018,0.3873287922137296,1.294388527057191,48.30970726495727
2025-09-05 16:55:00+02:00,1.9059778964429115,0.423718336559602,1.2545994892117631,43.92920061728395
2025-09-05 16:56:00+02:00,1.804598727858396,0.4505117091399342,1.2243099033939706,41.23132300569801
2025-09-05 16:57:00+02:00,1.7032195592289754,0.4685427988577291,1.1986901848015077,37.848092185592186
2025-09-05 16:58:00+02:00,1.6018403905995555,0.4807459516018348,1.1823887321411046,34.763333333333335
2025-09-05 16:59:00+02:00,1.50391237641211,0.4933010042793015,1.1660872794807018,34.412912698412704
2025-09-05 17:00:00+02:00,1.4581576970239287,0.5092333619513603,1.1497858268202998,29.77219841269841
2025-09-05 17:01:00+02:00,1.429861798930443,0.5251657196234192,1.133484374159897,29.941929683306498
2025-09-05 17:02:00+02:00,1.4015659008369576,0.5410980772954781,1.115215879828301,22.64632575757576
2025-09-05 17:03:00+02:00,1.373270002743472,0.5658131301673032,1.095791006778139,29.72295008354219
2025-09-05 17:04:00+02:00,1.3449741046499866,0.5988251857328546,1.0763661337279773,31.526726190476197
2025-09-05 17:05:00+02:00,1.3166782065565013,0.6318372412984058,1.056941260677815,27.31957437275986
2025-09-05 17:06:00+02:00,1.2883823084630155,0.6582011538439745,1.039323979980932,30.537188172043013
2025-09-05 17:07:00+02:00,1.2600864103695302,0.6475328571500941,1.0429391646874897,27.688386409865245
2025-09-05 17:08:00+02:00,1.2317905122760446,0.6311686337297135,1.0526516012125702,29.02014473684211
2025-09-05 17:09:00+02:00,1.2142442734062475,0.6148044103093333,1.0623640377376515,27.923674603174604
2025-09-05 17:10:00+02:00,1.2385055210819071,0.5984401868889524,1.072076474262733,30.252597222222224
2025-09-05 17:11:00+02:00,1.2668986559386004,0.5820759634685723,1.0817889107878136,25.66600747863248
2025-09-05 17:12:00+02:00,1.2952917907952937,0.5657117400481914,1.0915013473128945,30.138497549019608
2025-09-05 17:13:00+02:00,1.3236849256519871,0.5493475166278112,1.1012137838379754,28.966411111111118
2025-09-05 17:14:00+02:00,1.3520780605086804,0.5411860200773025,1.1109262203630563,23.12417755779849
2025-09-05 17:15:00+02:00,1.3804711953653737,0.5332882792037819,1.1206386568881377,28.31025724637681
2025-09-05 17:16:00+02:00,1.408864330222067,0.528407036580564,1.1277449043690468,28.53911421911422
2025-09-05 17:17:00+02:00,1.4372574650787602,0.5283521911578315,1.128050556606429,32.72250248015873
2025-09-05 17:18:00+02:00,1.465650599935454,0.5283521911578315,1.128050556606429,31.585320767195768
2025-09-05 17:19:00+02:00,1.4810302146494965,0.5283521911578315,1.128050556606429,31.27061818000797
2025-09-05 17:20:00+02:00,1.4810302146494965,0.5283521911578315,1.128050556606429,30.018737373737377
2025-09-05 17:21:00+02:00,1.4810302146494965,0.5283521911578315,1.128050556606429,33.566625
2025-09-05 17:22:00+02:00,1.4810302146494965,0.5283521911578315,1.128050556606429,32.14842592592593
2025-09-05 17:23:00+02:00,1.4810302146494965,0.5283521911578315,1.128050556606429,32.93065107212476
2025-09-05 17:24:00+02:00,1.4810302146494965,0.5283521911578315,1.128050556606429,29.57193703703704
2025-09-05 17:25:00+02:00,1.4810302146494965,0.5281625671814125,1.128063817056692,32.48884920634921
2025-09-05 17:26:00+02:00,1.4810302146494965,0.5219049759595957,1.1333812576120703,34.25888888888889
2025-09-05 17:27:00+02:00,1.4810302146494965,0.5128030250914992,1.142928781801278,30.110776353276357
2025-09-05 17:28:00+02:00,1.4828455572641572,0.5037010742234018,1.1524763059904857,33.24126543209877
2025-09-05 17:29:00+02:00,1.527191783993722,0.4945991233553048,1.1620238301796932,31.84255984848485
2025-09-05 17:30:00+02:00,1.5894321022106546,0.4869718752811407,1.1715713543689006,31.2850873015873
2025-09-05 17:31:00+02:00,1.651672420427587,0.4800003711887155,1.1811188785581084,31.53723099415205
2025-09-05 17:32:00+02:00,1.7139127386445194,0.4730288670962905,1.1906664027473155,33.734375
2025-09-05 17:33:00+02:00,1.7761530568614514,0.4660573630038653,1.2002139269365233,36.4741335978836
2025-09-05 17:34:00+02:00,1.838393375078383,0.4542791174985086,1.2161145453959548,35.36116762866763
2025-09-05 17:35:00+02:00,1.900633693254845,0.43224649031223,1.241753487949974,38.52938988095238
2025-09-05 17:36:00+02:00,1.9646047635014436,0.4060767660415683,1.2667877828530076,43.44119444444445
2025-09-05 17:37:00+02:00,2.0311977583216048,0.3739636471558565,1.3088245063017605,42.09733592796093
2025-09-05 17:38:00+02:00,2.1146947528924063,0.3418505282701451,1.3609512075133463,49.04013888888889
2025-09-05 17:39:00+02:00,2.201943559588696,0.3144205725552671,1.406344876485103,49.051620370370365
2025-09-05 17:40:00+02:00,2.289192366284986,0.3110754560046713,1.41264351954817,52.12694444444444
2025-09-05 17:41:00+02:00,2.376441172981274,0.3110754560046713,1.41264351954817,54.921309523809526
2025-09-05 17:42:00+02:00,2.463689979677562,0.3110754560046713,1.41264351954817,53.67164384920636
2025-09-05 17:43:00+02:00,2.550938786373851,0.3110754560046713,1.41264351954817,55.521578947368425
2025-09-05 17:44:00+02:00,2.557843510531901,0.3110754560046713,1.41264351954817,57.461230854915065
2025-09-05 17:45:00+02:00,2.460455245007528,0.3110754560046713,1.41264351954817,55.49433531746032
2025-09-05 17:46:00+02:00,2.362522910960674,0.3110754560046713,1.41264351954817,53.58810810810812
2025-09-05 17:47:00+02:00,2.2645905769138177,0.3110754560046713,1.41264351954817,51.42612903225807
2025-09-05 17:48:00+02:00,2.1666582428669625,0.3110754560046713,1.41264351954817,48.55960934095861
2025-09-05 17:49:00+02:00,2.0691040305165616,0.3205178077224873,1.3987342903528222,44.81756260521886
2025-09-05 17:50:00+02:00,1.9857968084037203,0.3524028504797494,1.3454155784373245,47.99101262626263
2025-09-05 17:51:00+02:00,1.9112511592948056,0.3852458129764999,1.289778661655934,38.08696801346802
2025-09-05 17:52:00+02:00,1.8392476539558724,0.4180887754732498,1.255955041663485,36.73771441372248
2025-09-05 17:53:00+02:00,1.7672441485676562,0.4411157508247161,1.2292349356558705,38.07933333333333
2025-09-05 17:54:00+02:00,1.6952406431794396,0.4626718349237276,1.201732364667481,39.90887962962963
2025-09-05 17:55:00+02:00,1.6232371377912238,0.4792874975859927,1.1799521393492716,38.58702047952048
2025-09-05 17:56:00+02:00,1.5512336324030076,0.4965492928742534,1.1584756223522337,35.60505747126437
2025-09-05 17:57:00+02:00,1.480441658271802,0.5176340873164043,1.136999105355195,34.442851851851856
2025-09-05 17:58:00+02:00,1.4162580364515605,0.5387188817585558,1.1132374205361544,25.195039682539683
2025-09-05 17:59:00+02:00,1.3530656674779644,0.5715593226374011,1.0876459211208611,31.56822115384616
2025-09-05 18:00:00+02:00,1.2898732985043675,0.615247295255114,1.0620544217055687,24.74061088527552
2025-09-05 18:01:00+02:00,1.2266809295307706,0.6571895838963308,1.037787568200733,28.864344566832767
2025-09-05 18:02:00+02:00,1.1634885605571734,0.6791703557628298,1.0253100632989596,23.187453703703707
2025-09-05 18:03:00+02:00,1.10264801086088,0.6955345791832104,1.0156143148091452,25.14559259259259
2025-09-05 18:04:00+02:00,1.0433684633404612,0.7118988026035905,1.0059185663193306,19.840085227272727
2025-09-05 18:05:00+02:00,0.9840889158200422,0.7282630260239715,0.996222817829516,23.227542087542087
2025-09-05 18:06:00+02:00,0.9441575539486492,0.7446272494443518,0.9865270693397016,23.998
2025-09-05 18:07:00+02:00,0.943087228785086,0.7626666484580829,0.9768313208498872,19.731543209876545
2025-09-05 18:08:00+02:00,0.943087228785086,0.78620790773323,0.9671355723600724,20.402708333333333
2025-09-05 18:09:00+02:00,0.943087228785086,0.8097491670083774,0.957439823870258,15.98925
2025-09-05 18:10:00+02:00,0.943087228785086,0.8332904262835248,0.9477440753804433,18.131834625323
2025-09-05 18:11:00+02:00,0.943087228785086,0.845300527351656,0.94350740042717,17.796383838383836
2025-09-05 18:12:00+02:00,0.943087228785086,0.8237731281012823,0.9526135050042362,18.155066666666663
2025-09-05 18:13:00+02:00,0.943087228785086,0.800150692070014,0.962325941529317,15.3054945799458
2025-09-05 18:14:00+02:00,0.943087228785086,0.7765282560387459,0.9720383780543982,18.792638888888888
2025-09-05 18:15:00+02:00,0.94534036856366,0.7542064332172425,0.9817508145794792,24.23254298941799
2025-09-05 18:16:00+02:00,1.0084282823637336,0.7377857814402398,0.9914632511045604,24.72642857142857
2025-09-05 18:17:00+02:00,1.0985538735066962,0.7213651296632373,1.0011756876296412,23.59767195767196
2025-09-05 18:18:00+02:00,1.1920062602085577,0.7049444778862347,1.010888124154722,24.66011111111111
2025-09-05 18:19:00+02:00,1.2880807048980665,0.6885238261092319,1.0206005606798034,26.6372208994709
2025-09-05 18:20:00+02:00,1.3841551495875757,0.6718906848681773,1.0305534015414073,24.49762688700189
2025-09-05 18:21:00+02:00,1.4720573410609177,0.6116972034964632,1.0663497085792624,27.39225205350205
2025-09-05 18:22:00+02:00,1.5092352022270197,0.534331358882565,1.1193349256785303,30.785732323232324
2025-09-05 18:23:00+02:00,1.5376772065068738,0.490028284697271,1.1651051105801926,33.76996428571429
2025-09-05 18:24:00+02:00,1.5661192107867286,0.463122813212115,1.2026537252736065,35.38154377723311
2025-09-05 18:25:00+02:00,1.5945612150665829,0.4611192142717315,1.2069767565705456,40.793970238095234
2025-09-05 18:26:00+02:00,1.6230032193464377,0.4611192142717315,1.2069767565705456,39.8140873015873
2025-09-05 18:27:00+02:00,1.6514452236262924,0.4611192142717315,1.2069767565705456,43.61974722222222
2025-09-05 18:28:00+02:00,1.6798872279061468,0.4611192142717315,1.2069767565705456,43.82696047307813
2025-09-05 18:29:00+02:00,1.7083292321860015,0.4611192142717315,1.2069767565705456,44.57478805916306
2025-09-05 18:30:00+02:00,1.7367712364658558,0.4611192142717315,1.2069767565705456,39.59708333333334
2025-09-05 18:31:00+02:00,1.7559300865710363,0.4611192142717315,1.2069767565705456,46.06268187830688
2025-09-05 18:32:00+02:00,1.756443622759423,0.4611192142717315,1.2069767565705456,47.06758207070707
2025-09-05 18:33:00+02:00,1.756443622759423,0.4611192142717315,1.2069767565705456,47.36580808080808
2025-09-05 18:34:00+02:00,1.756443622759423,0.4611192142717315,1.2069767565705456,43.57349206349207
2025-09-05 18:35:00+02:00,1.756443622759423,0.4611192142717315,1.2069767565705456,42.85217592592593
2025-09-05 18:36:00+02:00,1.756443622759423,0.4611192142717315,1.2069767565705456,48.86760090968161
2025-09-05 18:37:00+02:00,1.756443622759423,0.4611192142717315,1.2069767565705456,50.44407243867244
2025-09-05 18:38:00+02:00,1.756443622759423,0.4611192142717315,1.2069767565705456,45.84451388888889
2025-09-05 18:39:00+02:00,1.756443622759423,0.4611192142717315,1.2069767565705456,51.0702803030303
2025-09-05 18:40:00+02:00,1.756443622759423,0.4611192142717315,1.2069767565705456,47.6115874534822
2025-09-05 18:41:00+02:00,1.741090388173535,0.4611192142717315,1.2069767565705456,44.84086476608187
2025-09-05 18:42:00+02:00,1.7127459550918966,0.4611192142717315,1.2069767565705456,50.567546992481205
2025-09-05 18:43:00+02:00,1.6844015220102575,0.4611948287383691,1.2069314747576,49.34490553306343
2025-09-05 18:44:00+02:00,1.6560570889286188,0.4651015761813428,1.202018398053006,52.08122364672365
2025-09-05 18:45:00+02:00,1.6277126558469792,0.4711507335123989,1.193867671722805,52.11907407407407
2025-09-05 18:46:00+02:00,1.59936822276534,0.4771998908434554,1.1857169453926035,51.866129611129615
2025-09-05 18:47:00+02:00,1.571023789683701,0.4832490481745112,1.177566219062402,50.6364183964184
2025-09-05 18:48:00+02:00,1.5426793566020618,0.4892982055055673,1.1694154927322011,50.731590909090905
2025-09-05 18:49:00+02:00,1.5143349235204226,0.4964321551273521,1.161264766402,47.61510714285714
2025-09-05 18:50:00+02:00,1.485987920067322,0.5043298960008725,1.1531140400717983,47.63084590878606
2025-09-05 18:51:00+02:00,1.4576058783927248,0.5122276368743933,1.1449633137415969,52.75068309859156
2025-09-05 18:52:00+02:00,1.4292127435360311,0.520125377747914,1.1368125874113957,45.72623448773448
2025-09-05 18:53:00+02:00,1.4008196086793383,0.5314004420212955,1.1259693228428704,45.91636994949496
2025-09-05 18:54:00+02:00,1.3724264738226448,0.5864541109626208,1.0892127638555853,37.89059722222222
2025-09-05 18:55:00+02:00,1.3440333389659511,0.6595476422403208,1.0476860572912678,36.81166666666667
2025-09-05 18:56:00+02:00,1.208057527201327,0.682443200446906,1.0273876838877107,34.50366811983009
2025-09-05 18:57:00+02:00,0.9938190498349996,0.6988074238672866,0.9938190498349996,35.74443661971831
2025-09-05 18:58:00+02:00,0.8067436242081765,0.7151716472876668,0.8067436242081765,37.76726851851852
2025-09-05 18:59:00+02:00,0.6453804377934466,0.6453804377934466,0.6453804377934466,31.131966666666667
2025-09-05 19:00:00+02:00,0.5080559844843773,0.5080559844843773,0.5080559844843773,34.758473297491044
2025-09-05 19:01:00+02:00,0.3929022712789041,0.3929022712789041,0.3929022712789041,34.22857103070813
2025-09-05 19:02:00+02:00,0.2978951069049902,0.2978951069049902,0.2978951069049902,33.51294918699187
2025-09-05 19:03:00+02:00,0.220899934332258,0.220899934332258,0.220899934332258,29.2532895256917
2025-09-05 19:04:00+02:00,0.1597242477367613,0.1597242477367613,0.1597242477367613,31.10560118425636
2025-09-05 19:05:00+02:00,0.1121740454515164,0.1121740454515164,0.1121740454515164,33.03000631313132
2025-09-05 19:06:00+02:00,0.0761111975666888,0.0761111975666888,0.0761111975666888,30.90032738095238
2025-09-05 19:07:00+02:00,0.0495081342438928,0.0495081342438928,0.0495081342438928,20.429871502694645
2025-09-05 19:08:00+02:00,0.0304961238333661,0.0304961238333661,0.0304961238333661,18.017831400165697
2025-09-05 19:09:00+02:00,0.000246977298901,0.000246977298901,0.000246977298901,16.64272968580715
2025-09-05 19:10:00+02:00,0.0001243901696331,0.0001243901696331,0.0001243901696331,15.216102564102563
2025-09-05 19:11:00+02:00,4.8358127165864393e-05,0.0,0.0,13.803846153846155
2025-09-05 19:12:00+02:00,4.7428755944299405e-06,0.0,0.0,12.376328125
2025-09-05 19:13:00+02:00,0.0,0.0,0.0,10.858649945175438
2025-09-05 19:14:00+02:00,0.0,0.0,0.0,9.474805194805196
2025-09-05 19:15:00+02:00,0.0,0.0,0.0,8.462225770586425
2025-09-05 19:16:00+02:00,0.0,0.0,0.0,7.916584699453548
2025-09-05 19:17:00+02:00,0.0,0.0,0.0,7.401830601092896
2025-09-05 19:18:00+02:00,0.0,0.0,0.0,6.92820175270995
2025-09-05 19:19:00+02:00,0.0,0.0,0.0,6.600734265734268
2025-09-05 19:20:00+02:00,0.0,0.0,0.0,6.286048951048952
2025-09-05 19:21:00+02:00,0.0,0.0,0.0,5.971363636363637
2025-09-05 19:22:00+02:00,0.0,0.0,0.0,5.656678321678322
2025-09-05 19:23:00+02:00,0.0,0.0,0.0,5.15467106967107
2025-09-05 19:24:00+02:00,0.0,0.0,0.0,4.35294871794872
2025-09-05 19:25:00+02:00,0.0,0.0,0.0,3.5225422776340207
2025-09-05 19:26:00+02:00,0.0,0.0,0.0,2.6600823335685715
2025-09-05 19:27:00+02:00,0.0,0.0,0.0,1.9690384615384624
2025-09-05 19:28:00+02:00,0.0,0.0,0.0,1.3921153846153846
2025-09-05 19:29:00+02:00,0.0,0.0,0.0,0.8808050204512469
2025-09-05 19:30:00+02:00,0.0,0.0,0.0,0.7504716981132078
2025-09-05 19:31:00+02:00,0.0,0.0,0.0,0.6815180102915956
2025-09-05 19:32:00+02:00,0.0,0.0,0.0,0.6125643224699834
2025-09-05 19:33:00+02:00,0.0,0.0,0.0,0.5436106346483712
2025-09-05 19:34:00+02:00,0.0,0.0,0.0,0.4746569468267589
2025-09-05 19:35:00+02:00,0.0,0.0,0.0,0.4057032590051463
2025-09-05 19:36:00+02:00,0.0,0.0,0.0,0.3367495711835338
2025-09-05 19:37:00+02:00,0.0,0.0,0.0,0.2677958833619213
2025-09-05 19:38:00+02:00,0.0,0.0,0.0,0.1988421955403088
2025-09-05 19:39:00+02:00,0.0,0.0,0.0,0.1466123499142367
2025-09-05 19:40:00+02:00,0.0,0.0,0.0,0.1300600343053174
2025-09-05 19:41:00+02:00,0.0,0.0,0.0,0.114622641509434
2025-09-05 19:42:00+02:00,0.0,0.0,0.0,0.0991852487135507
2025-09-05 19:43:00+02:00,0.0,0.0,0.0,0.0837478559176673
2025-09-05 19:44:00+02:00,0.0,0.0,0.0,0.0683104631217839
2025-09-05 19:45:00+02:00,0.0,0.0,0.0,0.0528730703259005
2025-09-05 19:46:00+02:00,0.0,0.0,0.0,0.0374356775300171
2025-09-05 19:47:00+02:00,0.0,0.0,0.0,0.0219982847341337
2025-09-05 19:48:00+02:00,0.0,0.0,0.0,0.0066739339514577
2025-09-05 19:49:00+02:00,0.0,0.0,0.0,0.0047508591065291
2025-09-05 19:50:00+02:00,0.0,0.0,0.0,0.0119673539518899
2025-09-05 19:51:00+02:00,0.0,0.0,0.0,0.0191838487972508
2025-09-05 19:52:00+02:00,0.0,0.0,0.0,0.0264003436426116
2025-09-05 19:53:00+02:00,0.0,0.0,0.0,0.0336168384879724
2025-09-05 19:54:00+02:00,0.0,0.0,0.0,0.0408333333333332
2025-09-05 19:55:00+02:00,0.0,0.0,0.0,0.048049828178694
2025-09-05 19:56:00+02:00,0.0,0.0,0.0,0.0552663230240549
2025-09-05 19:57:00+02:00,0.0,0.0,0.0,0.0624828178694157
2025-09-05 19:58:00+02:00,0.0,0.0,0.0,0.0698052274348228
2025-09-05 19:59:00+02:00,0.0,0.0,0.0,0.0778902229845626
2025-09-05 20:00:00+02:00,0.0,0.0,0.0,0.0861234991423671
2025-09-06 05:00:00+02:00,0.0,0.0,0.0,0.132314974182444
2025-09-06 05:01:00+02:00,0.0,0.0,0.0,0.1465070869117243
2025-09-06 05:02:00+02:00,0.0,0.0,0.0,0.1436192109777016
2025-09-06 05:03:00+02:00,0.0,0.0,0.0,0.1353859348198973
2025-09-06 05:04:00+02:00,0.0,0.0,0.0,0.1271526586620929
2025-09-06 05:05:00+02:00,0.0,0.0,0.0,0.1189193825042884
2025-09-06 05:06:00+02:00,0.0,0.0,0.0,0.1106861063464839
2025-09-06 05:07:00+02:00,0.0,0.0,0.0,0.1024528301886794
2025-09-06 05:08:00+02:00,0.0,0.0,0.0,0.0942195540308749
2025-09-06 05:09:00+02:00,0.0,0.0,0.0,0.0859862778730703
2025-09-06 05:10:00+02:00,0.0,0.0,0.0,0.0777530017152658
2025-09-06 05:11:00+02:00,0.0,0.0,0.0,0.070800457404231
2025-09-06 05:12:00+02:00,0.0,0.0,0.0,0.07
2025-09-06 05:13:00+02:00,0.0,0.0,0.0,0.07
2025-09-06 05:14:00+02:00,0.0,0.0,0.0,0.07
2025-09-06 05:15:00+02:00,0.0,0.0,0.0,0.07
2025-09-06 05:16:00+02:00,0.0,0.0,0.0,0.07
2025-09-06 05:17:00+02:00,0.0,0.0,0.0,0.07
2025-09-06 05:18:00+02:00,0.0,0.0,0.0,0.07
2025-09-06 05:19:00+02:00,0.0,0.0,0.0,0.07
2025-09-06 05:20:00+02:00,0.0,0.0,0.0,0.07
2025-09-06 05:21:00+02:00,0.0,0.0,0.0,0.07
2025-09-06 05:22:00+02:00,0.0,0.0,0.0,0.07
2025-09-06 05:23:00+02:00,0.0,0.0,0.0,0.07
2025-09-06 05:24:00+02:00,0.0,0.0,0.0,0.07
2025-09-06 05:25:00+02:00,0.0,0.0,0.0,0.07
2025-09-06 05:26:00+02:00,0.0,0.0,0.0,0.07
2025-09-06 05:27:00+02:00,0.0,0.0,0.0,0.07
2025-09-06 05:28:00+02:00,0.0,0.0,0.0,0.07
2025-09-06 05:29:00+02:00,0.0,0.0,0.0,0.07
2025-09-06 05:30:00+02:00,0.0,0.0,0.0,0.0703872633390705
2025-09-06 05:31:00+02:00,0.0,0.0,0.0,0.0812306368330463
2025-09-06 05:32:00+02:00,0.0,0.0,0.0,0.096721170395869
2025-09-06 05:33:00+02:00,0.0,0.0,0.0,0.1122117039586918
2025-09-06 05:34:00+02:00,0.0,0.0,0.0,0.1277022375215145
2025-09-06 05:35:00+02:00,0.0,0.0,0.0,0.1431927710843373
2025-09-06 05:36:00+02:00,0.0,0.0,0.0,0.1586833046471602
2025-09-06 05:37:00+02:00,0.0,0.0,0.0,0.174173838209983
2025-09-06 05:38:00+02:00,0.0,0.0,0.0,0.1896643717728056
2025-09-06 05:39:00+02:00,0.0,0.0,0.0,0.2051549053356283
2025-09-06 05:40:00+02:00,0.0,0.0,0.0,0.2218502581755594
2025-09-06 05:41:00+02:00,0.0,0.0,0.0,0.2447418244406195
2025-09-06 05:42:00+02:00,0.0,0.0,0.0,0.2684939759036144
2025-09-06 05:43:00+02:00,0.0,0.0,0.0,0.2922461273666092
2025-09-06 05:44:00+02:00,0.0,0.0,0.0,0.3159982788296041
2025-09-06 05:45:00+02:00,0.0,0.0,0.0,0.3397504302925989
2025-09-06 05:46:00+02:00,0.0,0.0,0.0,0.3635025817555936
2025-09-06 05:47:00+02:00,0.0,0.0,0.0,0.3872547332185885
2025-09-06 05:48:00+02:00,0.0,0.0,0.0,0.4110068846815833
2025-09-06 05:49:00+02:00,0.0,0.0,0.0,0.4347590361445781
2025-09-06 05:50:00+02:00,0.0,0.0,0.0,0.486511500547645
2025-09-06 05:51:00+02:00,0.0,0.0,0.0,0.5856003430531728
2025-09-06 05:52:00+02:00,0.0,0.0,0.0,0.6854288164665516
2025-09-06 05:53:00+02:00,0.0,0.0,0.0,0.7852572898799304
2025-09-06 05:54:00+02:00,0.0,0.0,0.0,0.8850857632933091
2025-09-06 05:55:00+02:00,0.0,0.0,0.0,0.984914236706688
2025-09-06 05:56:00+02:00,0.0,0.0,0.0,1.0847427101200675
2025-09-06 05:57:00+02:00,0.0,0.0,0.0,1.1845711835334485
2025-09-06 05:58:00+02:00,1.3401481991945245e-05,0.0,0.0,1.2843996569468272
2025-09-06 05:59:00+02:00,6.408314081879414e-05,0.0,0.0,1.385147247119078
2025-09-06 06:00:00+02:00,0.0001503680918739,0.0,0.0,1.544718309859155
2025-09-06 06:01:00+02:00,0.0002871997946393,0.0,0.0,1.7846268656716415
2025-09-06 06:02:00+02:00,0.0007691230330786,0.0,0.0,2.078358208955224
2025-09-06 06:03:00+02:00,0.0007691230330786,0.0,0.0,2.372089552238806
2025-09-06 06:04:00+02:00,0.0007691230330786,0.0,0.0,2.6658208955223883
2025-09-06 06:05:00+02:00,0.0007691230330786,0.0,0.0,2.9595522388059705
2025-09-06 06:06:00+02:00,0.0007691230330786,0.0,0.0,3.247982190496792
2025-09-06 06:07:00+02:00,0.0007691230330786,0.0,0.0,3.4802173913043464
2025-09-06 06:08:00+02:00,0.0007691230330786,0.0,0.0,3.6976086956521703
2025-09-06 06:09:00+02:00,0.0007691230330786,0.0,0.0,3.914999999999996
2025-09-06 06:10:00+02:00,0.0007691230330786,0.0,0.0,4.132391304347821
2025-09-06 06:11:00+02:00,0.0007691230330786,0.0182503529045047,0.0,4.349782608695646
2025-09-06 06:12:00+02:00,0.0076937216995365,0.1357319396049555,0.0819358710826121,4.567173913043475
2025-09-06 06:13:00+02:00,0.0883118291613283,0.2537050810614755,0.1995367495741394,4.831048186098034
2025-09-06 06:14:00+02:00,0.1848925901804464,0.3716782225179951,0.3171376280656665,5.404808917197456
2025-09-06 06:15:00+02:00,0.2880199511872131,0.4896513639745143,0.4347385065571934,6.035382165605097
2025-09-06 06:16:00+02:00,0.3950904014314726,0.6076245054310344,0.5363017313696028,6.656057565810898
2025-09-06 06:17:00+02:00,0.5021608516757322,0.7180058268367645,0.6316735830542746,7.260000000000002
2025-09-06 06:18:00+02:00,0.6092313019199912,0.7862846807634337,0.7270454347389465,7.861175607899334
2025-09-06 06:19:00+02:00,0.7163017521642501,0.836750217284121,0.8262986074434774,8.302007299270072
2025-09-06 06:20:00+02:00,0.8233722024085096,0.8531209559808763,0.9166540373366716,8.64799270072992
2025-09-06 06:21:00+02:00,0.922994801493146,0.8531043195067736,0.9397460441116604,8.99397810218977
2025-09-06 06:22:00+02:00,0.942307694218016,0.8531043195067736,0.9400682744926732,9.33996350364963
2025-09-06 06:23:00+02:00,0.943087228785086,0.8531043195067736,0.9400682744926732,9.72567808560053
2025-09-06 06:24:00+02:00,0.943087228785086,0.8531043195067736,0.9400682744926732,10.29034090909091
2025-09-06 06:25:00+02:00,0.943087228785086,0.8531043195067736,0.9400682744926732,10.876704545454544
2025-09-06 06:26:00+02:00,0.943087228785086,0.8531043195067736,0.9400682744926732,11.380881113111313
2025-09-06 06:27:00+02:00,0.943087228785086,0.8531043195067736,0.9400682744926732,11.592960396039604
2025-09-06 06:28:00+02:00,0.943087228785086,0.8531043195067736,0.9400682744926732,11.779495049504948
2025-09-06 06:29:00+02:00,0.943087228785086,0.8531043195067736,0.9400682744926732,11.966029702970287
2025-09-06 06:30:00+02:00,0.943087228785086,0.8474540155527645,0.9400682744926732,12.152564356435636
2025-09-06 06:31:00+02:00,0.943124349478756,0.8067328594704214,0.9517793270268268,12.33909900990098
2025-09-06 06:32:00+02:00,0.9580097476404236,0.7599717232993098,0.9733997317052636,12.525633663366325
2025-09-06 06:33:00+02:00,0.9847366470828188,0.7266131064555627,0.9950201363837008,12.712168316831672
2025-09-06 06:34:00+02:00,1.0114635465252146,0.6941080619823154,1.0166405410621375,12.915067641343567
2025-09-06 06:35:00+02:00,1.03819044596761,0.6676074215575984,1.033096071289615,13.559813084112143
2025-09-06 06:36:00+02:00,1.0649173454100058,0.665124397327003,1.0341170348438746,14.38062420288946
2025-09-06 06:37:00+02:00,1.0916442448524015,0.665124397327003,1.0341170348438746,15.045335570469796
2025-09-06 06:38:00+02:00,1.1183711442947972,0.665124397327003,1.0341170348438746,15.677550335570466
2025-09-06 06:39:00+02:00,1.1455481925293878,0.665124397327003,1.0341170348438746,16.84363040729112
2025-09-06 06:40:00+02:00,1.1740392347476565,0.665124397327003,1.0341170348438746,17.71638321995464
2025-09-06 06:41:00+02:00,1.2036933261981595,0.665124397327003,1.0341170348438746,17.929988662131496
2025-09-06 06:42:00+02:00,1.2445972756768215,0.665124397327003,1.0341170348438746,18.14359410430836
2025-09-06 06:43:00+02:00,1.288313689662524,0.665124397327003,1.0341170348438746,18.35719954648524
2025-09-06 06:44:00+02:00,1.332030103648227,0.665124397327003,1.0341170348438746,18.57080498866211
2025-09-06 06:45:00+02:00,1.3757465176339294,0.6581120975721653,1.0388841111847,18.78441043083899
2025-09-06 06:46:00+02:00,1.419462931619632,0.6417652429488746,1.0485798596745144,18.99801587301587
2025-09-06 06:47:00+02:00,1.462997193880394,0.6253728539115919,1.058275608164329,19.533649049363337
2025-09-06 06:48:00+02:00,1.4810302146494965,0.6089804648743089,1.0679713566541431,20.89813701923077
2025-09-06 06:49:00+02:00,1.4810302146494965,0.5925880758370254,1.0776671051439577,22.1644089673913
2025-09-06 06:50:00+02:00,1.4810302146494965,0.5761956867997428,1.0873628536337725,22.58597826086956
2025-09-06 06:51:00+02:00,1.4810302146494965,0.5598032977624595,1.0970586021235866,22.912065217391294
2025-09-06 06:52:00+02:00,1.4810302146494965,0.5462186209635317,1.1067543506134014,23.23815217391304
2025-09-06 06:53:00+02:00,1.4810302146494965,0.538307286732225,1.1164500991032158,23.564239130434785
2025-09-06 06:54:00+02:00,1.4810302146494965,0.5303365176036005,1.1262507799359938,24.952497522891893
2025-09-06 06:55:00+02:00,1.4810302146494965,0.5209732737377983,1.1361652633126964,25.23902214022139
2025-09-06 06:56:00+02:00,1.4810302146494965,0.5110241715984283,1.146415419152192,24.89142066420662
2025-09-06 06:57:00+02:00,1.4810302146494965,0.5010750694590582,1.1566655749916877,24.543819188191872
2025-09-06 06:58:00+02:00,1.4810302146494965,0.4912831670886586,1.1669157308311833,24.19621771217712
2025-09-06 06:59:00+02:00,1.4810302146494965,0.4836628000612243,1.1771658866706791,24.120932173607443
2025-09-06 07:00:00+02:00,1.4810302146494965,0.47604243303379,1.1874160425101747,24.539285714285697
2025-09-06 07:01:00+02:00,1.4810302146494965,0.4684220660063556,1.1976661983496704,24.96785714285713
2025-09-06 07:02:00+02:00,1.4810302146494965,0.4625420422347934,1.205073386437457,25.35251572327044
2025-09-06 07:03:00+02:00,1.4810302146494965,0.4669063797972823,1.1987863018572884,25.18113207547171
2025-09-06 07:04:00+02:00,1.4810302146494965,0.4729451612152493,1.190663536852405,24.841509433962283
2025-09-06 07:05:00+02:00,1.4810302146494965,0.4789839426332164,1.1825407718475216,24.501886792452847
2025-09-06 07:06:00+02:00,1.4810302146494965,0.4850227240511831,1.1744180068426382,24.1622641509434
2025-09-06 07:07:00+02:00,1.4748783687638798,0.4910615054691498,1.1662952418377548,23.07028278499777
2025-09-06 07:08:00+02:00,1.4481415001071605,0.4987207614842542,1.1581724768328714,21.799802631578952
2025-09-06 07:09:00+02:00,1.419748365250467,0.5066049556324346,1.1500497118279878,21.20769736842106
2025-09-06 07:10:00+02:00,1.3913552303937735,0.5144891497806143,1.141926946823105,20.660138535182043
2025-09-06 07:11:00+02:00,1.3629620955370805,0.5223733439287946,1.1338041818182216,20.313225806451605
2025-09-06 07:12:00+02:00,1.334568960680387,0.5337073110275896,1.1208635530270097,19.990645161290317
2025-09-06 07:13:00+02:00,1.3061758258236935,0.5589496792814805,1.097149714653722,19.668064516129014
2025-09-06 07:14:00+02:00,1.2777826909670005,0.6012784705288647,1.0731372652023512,19.345483870967733
2025-09-06 07:15:00+02:00,1.2493895561103072,0.6436072617762493,1.049124815750981,18.70256272401433
2025-09-06 07:16:00+02:00,1.2209964212536133,0.6731978844506962,1.0305741767922905,17.71236466165413
2025-09-06 07:17:00+02:00,1.1880440252796567,0.6896185362276983,1.020762434621888,17.151815789473673
2025-09-06 07:18:00+02:00,1.1497034116216622,0.706039188004701,1.011049998096807,16.656026315789468
2025-09-06 07:19:00+02:00,1.113029381736096,0.7224598397817037,1.0013375615717262,16.145258533931727
2025-09-06 07:20:00+02:00,1.077062788518951,0.7388804915587062,0.9916251250466452,15.463217054263568
2025-09-06 07:21:00+02:00,1.041096195301806,0.7553011433357085,0.981912688521564,14.722031007751935
2025-09-06 07:22:00+02:00,1.0051296020846607,0.778103085107496,0.972200251996483,13.630333333333333
2025-09-06 07:23:00+02:00,0.9691630088675158,0.8017255211387645,0.962487815471402,12.58815789473684
2025-09-06 07:24:00+02:00,0.9439863936155146,0.8253479571700333,0.9527753789463214,11.799468450362182
2025-09-06 07:25:00+02:00,0.943087228785086,0.8458305270970312,0.9435877832772016,11.324474940334134
2025-09-06 07:26:00+02:00,0.943087228785086,0.8317576870611364,0.9475695907127948,11.099653937947506
2025-09-06 07:27:00+02:00,0.943087228785086,0.8082568073044712,0.9572487084161776,10.87483293556087
2025-09-06 07:28:00+02:00,0.943087228785086,0.7847559275478064,0.9669278261195602,10.65001193317423
2025-09-06 07:29:00+02:00,0.943087228785086,0.7612550477911412,0.976606943822943,10.4251909307876
2025-09-06 07:30:00+02:00,0.943087228785086,0.7436740731945226,0.9862860615263256,10.20036992840096
2025-09-06 07:31:00+02:00,0.943087228785086,0.727337918768002,0.995965179229708,9.982736674622116
2025-09-06 07:32:00+02:00,0.943087228785086,0.7110017643414814,1.005644296933091,10.275
2025-09-06 07:33:00+02:00,0.9434195958879288,0.6946656099149608,1.0153234146364736,10.875
2025-09-06 07:34:00+02:00,0.960591896201475,0.6783294554884404,1.025002532339856,11.530598958333334
2025-09-06 07:35:00+02:00,0.9871812644289012,0.6658958268415888,1.0331760095116014,12.472135416666667
2025-09-06 07:36:00+02:00,1.0137706326563276,0.665124397327003,1.0341170348438746,12.75597932449495
2025-09-06 07:37:00+02:00,1.040360000883754,0.665124397327003,1.0341170348438746,12.05064393939394
2025-09-06 07:38:00+02:00,1.0669493691111804,0.665124397327003,1.0341170348438746,11.506502785587834
2025-09-06 07:39:00+02:00,1.0935387373386067,0.665124397327003,1.0341170348438746,11.517843642611677
2025-09-06 07:40:00+02:00,1.120128105566033,0.665124397327003,1.0341170348438746,11.572482817869403
2025-09-06 07:41:00+02:00,1.1472745151131971,0.665124397327003,1.0341170348438746,11.627121993127128
2025-09-06 07:42:00+02:00,1.1756189481948365,0.665124397327003,1.0341170348438746,11.681761168384854
2025-09-06 07:43:00+02:00,1.201207672504649,0.665124397327003,1.0341170348438746,11.736400343642588
2025-09-06 07:44:00+02:00,1.2056168065395707,0.665124397327003,1.0341170348438746,11.791039518900329
2025-09-06 07:45:00+02:00,1.2056168065395707,0.665124397327003,1.0375509457673502,11.845678694158062
2025-09-06 07:46:00+02:00,1.2056168065395707,0.665124397327003,1.0471254974010422,11.9003178694158
2025-09-06 07:47:00+02:00,1.2056168065395707,0.665124397327003,1.0568212458908566,11.95495704467354
2025-09-06 07:48:00+02:00,1.2056168065395707,0.665124397327003,1.0665169943806712,12.10125
2025-09-06 07:49:00+02:00,1.2056168065395707,0.665124397327003,1.0762127428704855,12.325096153846154
2025-09-06 07:50:00+02:00,1.2056168065395707,0.665124397327003,1.0859084913603,12.548942307692307
2025-09-06 07:51:00+02:00,1.2056168065395707,0.665124397327003,1.095604239850115,12.77278846153846
2025-09-06 07:52:00+02:00,1.2056168065395707,0.665124397327003,1.105299988339929,13.253964216163585
2025-09-06 07:53:00+02:00,1.250168975498529,0.665124397327003,1.1149957368297436,14.491736701943696
2025-09-06 07:54:00+02:00,1.406776599717899,0.6622958224401889,1.124776507950651,16.025545147020555
2025-09-06 07:55:00+02:00,1.4810302146494965,0.6167058507350655,1.1379808137914569,17.471832090265824
2025-09-06 07:56:00+02:00,1.4810302146494965,0.5568066178378237,1.153456539274617,18.63457831325301
2025-09-06 07:57:00+02:00,1.4810302146494965,0.5237749784440269,1.168932264757777,19.61113534495123
2025-09-06 07:58:00+02:00,1.4810302146494965,0.494866266567366,1.184407990240937,20.45389377934272
2025-09-06 07:59:00+02:00,1.4810302146494965,0.472005795216899,1.199883715724097,21.572887323943657
2025-09-06 08:00:00+02:00,1.4810302146494965,0.4637069093522383,1.2032474258162276,22.233411098502557
2025-09-06 08:01:00+02:00,1.4810302146494965,0.4697392634684859,1.195110704170442,21.821943127962097
2025-09-06 08:02:00+02:00,1.4810302146494965,0.4757884207995422,1.1869739825246568,21.395402843601897
2025-09-06 08:03:00+02:00,1.4810302146494965,0.4818375781305984,1.1788372608788722,20.899412848867826
2025-09-06 08:04:00+02:00,1.4810302146494965,0.4878867354616543,1.170700539233087,19.28941919191919
2025-09-06 08:05:00+02:00,1.4810302146494965,0.4945893489235308,1.162563817587302,17.75403759820426
2025-09-06 08:06:00+02:00,1.4810302146494965,0.5024870897970509,1.1544270959415164,16.828749999999996
2025-09-06 08:07:00+02:00,1.4810302146494965,0.5103848306705717,1.1462903742957309,16.35165895061728
2025-09-06 08:08:00+02:00,1.4810302146494965,0.5182825715440924,1.1381536526499456,16.57799999999999
2025-09-06 08:09:00+02:00,1.4810302146494965,0.5397720219013591,1.1214272499946545,16.817999999999987
2025-09-06 08:10:00+02:00,1.4810302146494965,0.6316475393203338,1.0490548789941834,17.05799999999998
2025-09-06 08:11:00+02:00,1.4810302146494965,0.5865102026821278,1.0764623722159326,17.297999999999977
2025-09-06 08:12:00+02:00,1.4810302146494965,0.5452350159019143,1.1045366290371863,17.537999999999986
2025-09-06 08:13:00+02:00,1.4810302146494965,0.5234507259095494,1.131780899390803,17.966740740740736
2025-09-06 08:14:00+02:00,1.4962690132088854,0.5016664359171845,1.155340959081584,19.02753891572732
2025-09-06 08:15:00+02:00,1.5596401145351226,0.4826711290756242,1.1789010187723648,20.14673913043478
2025-09-06 08:16:00+02:00,1.626542156990975,0.4662069285311926,1.201734079111672,21.28520652173913
2025-09-06 08:17:00+02:00,1.6934441994468266,0.4568196192549587,1.2135766198434077,22.444055555555558
2025-09-06 08:18:00+02:00,1.7603462419026794,0.4507496027606921,1.2217413991500403,23.471666666666664
2025-09-06 08:19:00+02:00,1.8272482843585327,0.4446795862664252,1.2286300861297936,24.230233494363933
2025-09-06 08:20:00+02:00,1.8941503267793,0.4386095697721581,1.2354713546507088,24.686062801932376
2025-09-06 08:21:00+02:00,1.9627105982962505,0.4325395532778913,1.2423126231716244,25.14113526570049
2025-09-06 08:22:00+02:00,2.028383161351979,0.4264695367836251,1.2491538916925389,25.703826949620435
2025-09-06 08:23:00+02:00,2.0640725804905777,0.4203995202893584,1.2559951602134545,26.880201542588864
2025-09-06 08:24:00+02:00,2.092930647997512,0.4124497898146837,1.262836428734369,27.431443661971823
2025-09-06 08:25:00+02:00,2.121788715504445,0.4037294170138228,1.2696776972552837,27.74834507042252
2025-09-06 08:26:00+02:00,2.15064678301138,0.3918902997737647,1.2839637329477285,28.06524647887323
2025-09-06 08:27:00+02:00,2.179504850518313,0.3640119254178364,1.3301032252442002,28.38214788732394
2025-09-06 08:28:00+02:00,2.208362918025247,0.3339058764624818,1.37841949508067,29.009924882629107
2025-09-06 08:29:00+02:00,2.237220985532181,0.3200200067812624,1.3969357168173782,31.39367567567568
2025-09-06 08:30:00+02:00,2.266079053039115,0.3535293482272219,1.3415876529648203,33.0350731981982
2025-09-06 08:31:00+02:00,2.2949371205460487,0.3901801904337405,1.2827827978613584,32.24152777777777
2025-09-06 08:32:00+02:00,2.2435611602973644,0.4243398993541754,1.251073788608713,30.36108950617284
2025-09-06 08:33:00+02:00,1.9272828512546711,0.4498161300147945,1.2228322530775333,26.65548560020122
2025-09-06 08:34:00+02:00,1.6032179730733889,0.4611192142717315,1.2069767565705456,21.594146776825784
2025-09-06 08:35:00+02:00,1.5225570196851352,0.4611192142717315,1.2069767565705456,19.026897974493625
2025-09-06 08:36:00+02:00,1.5798353714584294,0.4611192142717315,1.2069767565705456,19.535806451612903
2025-09-06 08:37:00+02:00,1.637113723231724,0.4611192142717315,1.2069767565705456,20.182403560830853
2025-09-06 08:38:00+02:00,1.6943920750050183,0.4611192142717315,1.2069767565705456,20.449465875370905
2025-09-06 08:39:00+02:00,1.7516704267783134,0.4611192142717315,1.2069767565705456,20.716528189910967
2025-09-06 08:40:00+02:00,1.808948778551608,0.4611192142717315,1.2069767565705456,20.98359050445103
2025-09-06 08:41:00+02:00,1.866227130312996,0.4611192142717315,1.2069767565705456,21.25065281899109
2025-09-06 08:42:00+02:00,1.92366889976484,0.4611192142717315,1.2069767565705456,21.63616088876022
2025-09-06 08:43:00+02:00,1.983227609174292,0.4548959145326599,1.2137383469101506,23.57425685975609
2025-09-06 08:44:00+02:00,2.037247538002368,0.3930733857048916,1.27554978606907,26.90190025252525
2025-09-06 08:45:00+02:00,2.0689373089387844,0.31648935411854,1.4008466732913685,31.006154714850368
2025-09-06 08:46:00+02:00,2.097845046097193,0.3033853322410034,1.41264351954817,33.09379407979407
2025-09-06 08:47:00+02:00,2.1267527832556024,0.2973065094576501,1.41264351954817,32.554932432432416
2025-09-06 08:48:00+02:00,2.155660520414011,0.2912276866742969,1.41264351954817,31.860168918918912
2025-09-06 08:49:00+02:00,2.18456825757242,0.2851488638909438,1.41264351954817,29.52019500145307
2025-09-06 08:50:00+02:00,2.2134759947308287,0.2790700411075908,1.41264351954817,27.48997260132341
2025-09-06 08:51:00+02:00,2.242383731889238,0.2729912183242378,1.41264351954817,28.241524390243907
2025-09-06 08:52:00+02:00,2.2712914690476467,0.2669123955408847,1.41264351954817,30.483002636783123
2025-09-06 08:53:00+02:00,2.3001992062060554,0.2608335727575313,1.41264351954817,33.12263090676884
2025-09-06 08:54:00+02:00,2.335210513575118,0.2547547499741789,1.41264351954817,34.560287356321844
2025-09-06 08:55:00+02:00,2.3783467033674524,0.2470894886040824,1.432701390197406,33.91103448275862
2025-09-06 08:56:00+02:00,2.4215225267325824,0.2374349625484133,1.4779101958300105,32.99826149425287
2025-09-06 08:57:00+02:00,2.4646983500977124,0.2277754633310302,1.5231818788000724,30.39586206896552
2025-09-06 08:58:00+02:00,2.5078741734628425,0.2181159641136469,1.5684535617701347,29.02343251761216
2025-09-06 08:59:00+02:00,2.551049996827973,0.2084564648962639,1.6137252447401975,31.02778972520908
2025-09-06 09:00:00+02:00,2.5881844608307727,0.1987969656788806,1.6687473022982395,37.86997222222222
2025-09-06 09:01:00+02:00,2.5719745686126165,0.1970998453302717,1.6917790274222488,43.437697344322345
2025-09-06 09:02:00+02:00,2.5431165011056827,0.2113291597155999,1.6500476406917512,43.64415384615385
2025-09-06 09:03:00+02:00,2.514258433598749,0.2260196481087026,1.6097286039779966,41.46020526960785
2025-09-06 09:04:00+02:00,2.485400366091816,0.2407101365018065,1.5753032617195115,39.70475260416666
2025-09-06 09:05:00+02:00,2.4565422985848806,0.255400624894909,1.5408779194610271,39.24376953124999
2025-09-06 09:06:00+02:00,2.4276842310779467,0.2700911132880128,1.506452577202542,38.87580078124997
2025-09-06 09:07:00+02:00,2.398826163571013,0.2847816016811166,1.4720272349440569,38.50783203124997
2025-09-06 09:08:00+02:00,2.369968096064079,0.2994720900742194,1.437601892685571,37.96576612285539
2025-09-06 09:09:00+02:00,2.341110028557145,0.3008264574188906,1.4344281003557064,36.87988922841863
2025-09-06 09:10:00+02:00,2.3566610990513857,0.2770944237030015,1.4900411855913835,37.42305194805194
2025-09-06 09:11:00+02:00,2.4896467005187106,0.2527791325695894,1.5470210624330138,38.08327662337663
2025-09-06 09:12:00+02:00,2.628835059267625,0.2284638414361768,1.6040009392746435,39.66590769230769
2025-09-06 09:13:00+02:00,2.768023418016539,0.2041485503027647,1.6712466682054905,41.44839743589744
2025-09-06 09:14:00+02:00,2.907211776765453,0.1743623186643348,1.7599909569296786,43.42524132730015
2025-09-06 09:15:00+02:00,3.046400135514365,0.1396261884737457,1.8640793036638104,46.08511859582543
2025-09-06 09:16:00+02:00,3.132495767006296,0.1048900582831566,1.9681676503979413,49.48392473118279
2025-09-06 09:17:00+02:00,3.0507375878703376,0.081922359636041,2.0313675887043376,52.93275793650793
2025-09-06 09:18:00+02:00,2.956645737511593,0.1065633528809444,1.9561685770938688,55.28174783549783
2025-09-06 09:19:00+02:00,2.862553887152852,0.1363162407657108,1.8694282881487592,54.65564285714285
2025-09-06 09:20:00+02:00,2.768462036794109,0.1660691286504771,1.782687999203648,51.52942606516291
2025-09-06 09:21:00+02:00,2.674370186435365,0.193034014925066,1.7040417317799486,46.45173902894491
2025-09-06 09:22:00+02:00,2.585803433873155,0.2088468947589488,1.6577715504418895,42.92613924050633
2025-09-06 09:23:00+02:00,2.514687904839019,0.2235068415961414,1.6162144094395816,41.69891637897968
2025-09-06 09:24:00+02:00,2.4448525813918844,0.2381667884333345,1.5821439676167517,42.28732323232322
2025-09-06 09:25:00+02:00,2.375017257944751,0.2528267352705262,1.5480735257939209,43.90081470672345
2025-09-06 09:26:00+02:00,2.305181934497618,0.2674866821077188,1.514003083971091,43.7978488372093
2025-09-06 09:27:00+02:00,2.2353466110504847,0.2821466289449115,1.4799326421482606,40.71351155869324
2025-09-06 09:28:00+02:00,2.1655112876033518,0.2968065757821032,1.4458622003254296,37.64422077922078
2025-09-06 09:29:00+02:00,2.0956759641562184,0.3108411333476499,1.4145177609868076,35.40152867965368
2025-09-06 09:30:00+02:00,2.100664201545299,0.3205462096554643,1.3980424261075022,31.717223118279566
2025-09-06 09:31:00+02:00,2.307732737707944,0.3292217091829079,1.3837974568970943,31.719265704584043
2025-09-06 09:32:00+02:00,2.5220224717934303,0.337897208710352,1.3695524876866858,35.88411306042885
2025-09-06 09:33:00+02:00,2.5257638702750254,0.3465727082377956,1.3553075184762788,37.70187969924812
2025-09-06 09:34:00+02:00,2.4057967610676285,0.3552482077652386,1.3410625492658703,38.37857142857143
2025-09-06 09:35:00+02:00,2.285829651860232,0.363923707292682,1.3268175800554625,37.83808673469388
2025-09-06 09:36:00+02:00,2.1658625426528344,0.3725992068201256,1.3125726108450562,34.98890884652981
2025-09-06 09:37:00+02:00,2.056619242446237,0.3812747063475687,1.2983276416346483,30.983354978354978
2025-09-06 09:38:00+02:00,2.036334125064386,0.3899502058750121,1.2840826724242416,28.06700564971751
2025-09-06 09:39:00+02:00,2.036334125064386,0.4015237375775748,1.2708122826322443,27.54204724409449
2025-09-06 09:40:00+02:00,2.036334125064386,0.4177341207603289,1.25782024862479,28.25070866141733
2025-09-06 09:41:00+02:00,2.036334125064386,0.4293280721503654,1.2447678284204124,28.422047244094497
2025-09-06 09:42:00+02:00,2.036334125064386,0.4406483601461037,1.2317154082160344,27.716000000000008
2025-09-06 09:43:00+02:00,2.036334125064386,0.4519686481418423,1.218010847026055,26.437319515306125
2025-09-06 09:44:00+02:00,2.036334125064386,0.4481746869150356,1.2269113924463677,24.52926779313876
2025-09-06 09:45:00+02:00,2.036334125064386,0.4038020867871632,1.271416519671016,25.155967741935488
2025-09-06 09:46:00+02:00,2.036334125064386,0.3442983664989336,1.3602231120182036,27.211792114695346
2025-09-06 09:47:00+02:00,2.0173427334350618,0.3284749127155681,1.383825335309059,30.07137387387387
2025-09-06 09:48:00+02:00,1.9477076307942065,0.3749842966708292,1.3067693537343392,29.433756127450977
2025-09-06 09:49:00+02:00,1.8770457046056177,0.4210006401398571,1.2534017170681817,27.59751436781609
2025-09-06 09:50:00+02:00,1.8074675804724183,0.4531525576677835,1.215968259633613,24.404525041050903
2025-09-06 09:51:00+02:00,1.737889456318332,0.474142948945587,1.188460894493656,23.38022471910112
2025-09-06 09:52:00+02:00,1.668311332164245,0.4909477678795948,1.1660174253095468,24.12848732773353
2025-09-06 09:53:00+02:00,1.5987332080101586,0.5126283357003351,1.143573956125438,23.43436893203884
2025-09-06 09:54:00+02:00,1.529155083856073,0.5345685991293992,1.1199198138372697,21.72206373606616
2025-09-06 09:55:00+02:00,1.482286486335612,0.5647324252456468,1.0931760905146528,18.29398809523809
2025-09-06 09:56:00+02:00,1.4810302146494965,0.610192940905129,1.066432367192036,16.164494047619048
2025-09-06 09:57:00+02:00,1.4810302146494965,0.6537592684121325,1.0408029656745283,14.626009615384618
2025-09-06 09:58:00+02:00,1.4810302146494965,0.665124397327003,1.0341170348438746,13.88469137136272
2025-09-06 09:59:00+02:00,1.4810302146494965,0.665124397327003,1.0341170348438746,14.476207865168549
2025-09-06 10:00:00+02:00,1.4810302146494965,0.665124397327003,1.0341170348438746,15.10654494382023
2025-09-06 10:01:00+02:00,1.4810302146494965,0.665124397327003,1.0341170348438746,15.39989014612017
2025-09-06 10:02:00+02:00,1.4810302146494965,0.665124397327003,1.0341170348438746,15.142830985915497
2025-09-06 10:03:00+02:00,1.4810302146494965,0.665124397327003,1.0341170348438746,14.87747887323944
2025-09-06 10:04:00+02:00,1.4815428684732983,0.665124397327003,1.0341170348438746,14.612126760563385
2025-09-06 10:05:00+02:00,1.500668799592043,0.665124397327003,1.0341170348438746,14.34677464788733
2025-09-06 10:06:00+02:00,1.5290619344487362,0.665124397327003,1.0341170348438746,14.081422535211273
2025-09-06 10:07:00+02:00,1.5574550693054294,0.6525265427890912,1.041581222173335,14.106595201916898
2025-09-06 10:08:00+02:00,1.585848204162123,0.604234767060428,1.0701939402696,14.496535269709549
2025-09-06 10:09:00+02:00,1.6142413390188164,0.55384334890878,1.1000506895874411,14.88740663900415
2025-09-06 10:10:00+02:00,1.6426344738755092,0.5269335228898098,1.1295121529020613,15.278278008298756
2025-09-06 10:11:00+02:00,1.671027608732203,0.5026134954380164,1.154568089398606,16.113546511627906
2025-09-06 10:12:00+02:00,1.6994207435888962,0.4814543048023476,1.179624025895151,17.564753796867585
2025-09-06 10:13:00+02:00,1.7278138784455894,0.4610260764525067,1.2071020362530285,19.751498144712432
2025-09-06 10:14:00+02:00,1.777427376282371,0.4245719340081562,1.2506084756899614,22.46125
2025-09-06 10:15:00+02:00,1.9604704181938264,0.3693607667822383,1.317432858673274,24.90665071321321
2025-09-06 10:16:00+02:00,2.179640222247788,0.3103383629403156,1.4138475813751974,30.14420022295022
2025-09-06 10:17:00+02:00,2.4020957889899823,0.2631920064067554,1.5226197807229267,34.051048741048746
2025-09-06 10:18:00+02:00,2.66294038929845,0.2158669431269597,1.636650923246453,37.77380235042735
2025-09-06 10:19:00+02:00,3.084168914643876,0.1338368334419799,1.8788251527844773,45.703755341880345
2025-09-06 10:20:00+02:00,3.795963080432737,0.0,2.3236016246560403,59.501488095238095
2025-09-06 10:21:00+02:00,4.640014003943049,0.0,2.8785905761258537,75.57875
2025-09-06 10:22:00+02:00,5.369007234595065,0.0,3.341858694652847,88.96228703703703
2025-09-06 10:23:00+02:00,5.848772628619593,0.0,3.6905606338443193,99.56065962098168
2025-09-06 10:24:00+02:00,5.5435646997845645,0.0,3.5348934670192413,97.4146852300242
2025-09-06 10:25:00+02:00,5.518443382044554,0.0,3.5261161758759854,89.28099404761905
2025-09-06 10:26:00+02:00,5.679937567516052,0.0,3.619052199745747,87.74137387387385
2025-09-06 10:27:00+02:00,5.841431752987548,0.0,3.71198822361551,91.26433652402402
2025-09-06 10:28:00+02:00,5.92906709005486,0.0,3.771511534141617,104.44716132478634
2025-09-06 10:29:00+02:00,5.842762543048879,0.0,3.719843530394972,105.85503418803415
2025-09-06 10:30:00+02:00,5.749194881271521,0.0,3.6591506168473713,105.35433333333332
2025-09-06 10:31:00+02:00,5.655627219494165,0.0,3.598457703299773,107.0321875
2025-09-06 10:32:00+02:00,5.56205955771681,0.0,3.537764789752176,106.0003125
2025-09-06 10:33:00+02:00,5.4684918959394535,0.0,3.4770718762045774,101.24004301619432
2025-09-06 10:34:00+02:00,5.239166063074222,0.0,3.2844641238299923,91.98364886039884
2025-09-06 10:35:00+02:00,4.710111967991757,0.0,2.944142504335688,81.98826388888888
2025-09-06 10:36:00+02:00,4.348403055138243,0.0,2.771872505158596,75.0270596995597
2025-09-06 10:37:00+02:00,4.37503464257572,0.0,2.818977961995991,74.52333333333334
2025-09-06 10:38:00+02:00,4.468342394181473,0.0,2.870634709754865,74.46850649350648
2025-09-06 10:39:00+02:00,4.561650145787226,0.0,2.9222914575137384,72.23788741451784
2025-09-06 10:40:00+02:00,4.654957897392978,0.0,2.973948205272613,70.91214285714288
2025-09-06 10:41:00+02:00,4.748265648998732,0.0,3.0256049530314875,73.54227002164502
2025-09-06 10:42:00+02:00,4.874133042456102,0.0,3.080125722495514,82.16737001424501
2025-09-06 10:43:00+02:00,5.156403001236421,0.0,3.2386325107926663,88.36929050925926
2025-09-06 10:44:00+02:00,5.53605321415811,0.0,3.4037895256022943,97.16632264957263
2025-09-06 10:45:00+02:00,5.77514573049629,0.0,3.307148577413957,102.97461013645226
2025-09-06 10:46:00+02:00,5.253173197989518,0.0,3.168364115101779,92.9728313840156
2025-09-06 10:47:00+02:00,4.880124096468781,0.0,3.037063128698594,86.75592505720824
2025-09-06 10:48:00+02:00,4.633048871403197,0.0,2.91460625018785,84.43914402173912
2025-09-06 10:49:00+02:00,4.41350122056613,0.0,2.790371273062367,81.0791087962963
2025-09-06 10:50:00+02:00,4.056604853777952,0.0,2.521801073601305,70.9439227582846
2025-09-06 10:51:00+02:00,3.817186873735024,0.0,2.4800544104726407,63.59108894328846
2025-09-06 10:52:00+02:00,4.016474929830834,0.0,2.582101809231594,62.76056489629164
2025-09-06 10:53:00+02:00,4.229701528333886,0.0,2.684149207990549,68.94944444444444
2025-09-06 10:54:00+02:00,4.821587181848654,0.0,2.966757060386951,82.22810185185186
2025-09-06 10:55:00+02:00,5.344991581217467,0.0,3.360823369574624,93.42980555555556
2025-09-06 10:56:00+02:00,5.273283323645348,0.0,3.379950004006196,96.49576388888887
2025-09-06 10:57:00+02:00,5.16422231527499,0.0,3.3022721333090845,95.86983333333332
2025-09-06 10:58:00+02:00,5.055161306904628,0.0,3.224594262611969,94.54411111111112
2025-09-06 10:59:00+02:00,4.946100298534264,0.0,3.146916391914854,90.05888541666667
2025-09-06 11:00:00+02:00,4.787773076959676,0.0,2.9946703038410183,83.10336805555555
2025-09-06 11:01:00+02:00,4.320831624490237,0.0,2.6859048621627446,73.52557407407407
2025-09-06 11:02:00+02:00,3.783482996799839,0.0,2.350568169675625,63.79735576923077
2025-09-06 11:03:00+02:00,3.324933924139038,0.0586437371162555,2.104600962825596,55.50110735735735
2025-09-06 11:04:00+02:00,3.369523993701154,0.0289931373312017,2.1905182789938284,53.44241068185121
2025-09-06 11:05:00+02:00,3.6560412297138174,0.0,2.304901077602764,58.29082375841751
2025-09-06 11:06:00+02:00,3.932638317025432,0.0,2.430863369404211,63.53443540669857
2025-09-06 11:07:00+02:00,4.207099654675526,0.0,2.593399914094194,68.41284151034151
2025-09-06 11:08:00+02:00,4.513552221447593,0.0,2.7737901387522323,73.2773139287613
2025-09-06 11:09:00+02:00,4.871391221406261,0.0,3.027400669685668,80.49355911680912
2025-09-06 11:10:00+02:00,5.436204922669389,0.0,3.370953919624521,91.7984837962963
2025-09-06 11:11:00+02:00,5.853306119828383,0.0,3.3998506620299223,97.95618055555556
2025-09-06 11:12:00+02:00,5.582322004022478,0.0,3.353793871439596,95.82234953703704
2025-09-06 11:13:00+02:00,5.339992307098553,0.0,3.307737080849274,92.34009377758164
2025-09-06 11:14:00+02:00,5.242627696727332,0.0,3.2616802902589503,91.55177184466017
2025-09-06 11:15:00+02:00,5.145263086356111,0.0,3.215623499668625,91.09449029126208
2025-09-06 11:16:00+02:00,5.047898475984889,0.0,3.169566709078304,90.63720873786406
2025-09-06 11:17:00+02:00,4.950533865613666,0.0,3.1235099184879807,89.0047997997998
2025-09-06 11:18:00+02:00,4.8543060304149535,0.0,3.0761684292341145,85.23744658119658
2025-09-06 11:19:00+02:00,4.773574235725658,0.0,3.026529596487796,81.27521781086297
2025-09-06 11:20:00+02:00,4.697748523359808,0.0,2.9768454214357054,79.12947470172338
2025-09-06 11:21:00+02:00,4.621922810993958,0.0,2.9271612463836125,78.78160958904115
2025-09-06 11:22:00+02:00,4.546097098628108,0.0,2.8774770713315205,78.47339041095898
2025-09-06 11:23:00+02:00,4.470271386262258,0.0,2.827792896279429,78.16517123287676
2025-09-06 11:24:00+02:00,4.394445673896409,0.0,2.778108721227337,77.85695205479453
2025-09-06 11:25:00+02:00,4.318619961530559,0.0,2.6979081601714694,76.53327272727273
2025-09-06 11:26:00+02:00,4.169320285511729,0.0,2.5661176333431825,73.0018765873016
2025-09-06 11:27:00+02:00,3.9278902475455824,0.0,2.4334711113459235,68.48088421052631
2025-09-06 11:28:00+02:00,3.750184444618208,0.0,2.299655457860109,63.38483913043478
2025-09-06 11:29:00+02:00,3.7984351502665312,0.043870256248355,2.165347913687035,59.003412698412696
2025-09-06 11:30:00+02:00,3.866295333252536,0.0653437229329658,2.0777946433716488,56.53999084249083
2025-09-06 11:31:00+02:00,3.93415551623854,0.0447291545918724,2.132830983340253,55.45350596212297
2025-09-06 11:32:00+02:00,4.002015699224541,0.0236800965957839,2.1976835358225784,55.4195744680851
2025-09-06 11:33:00+02:00,4.06987588221054,0.0026310385996963,2.262536088304903,56.05787234042552
2025-09-06 11:34:00+02:00,4.137736065196543,0.0,2.327388640787228,57.44852504432624
2025-09-06 11:35:00+02:00,4.205596248182544,0.0,2.4087768900689595,62.24652777777777
2025-09-06 11:36:00+02:00,4.318612149946545,0.0,2.650420704008844,69.92032814407814
2025-09-06 11:37:00+02:00,4.753982740529316,0.0,2.9477716547845088,79.17249465811966
2025-09-06 11:38:00+02:00,5.217969927763072,0.0,3.24088212243607,88.21763162878788
2025-09-06 11:39:00+02:00,5.648253471662743,0.0,3.5222019784742638,96.36704586732712
2025-09-06 11:40:00+02:00,6.070798443298448,0.0,3.802370232762596,105.4276208097458
2025-09-06 11:41:00+02:00,6.505234241954084,0.0,4.071414985776713,113.91384615384614
2025-09-06 11:42:00+02:00,6.8985535097822375,0.0,4.244681087502106,123.42031342409602
2025-09-06 11:43:00+02:00,7.302954131504587,0.0,4.384396989158659,132.81062500000002
2025-09-06 11:44:00+02:00,7.732904747208495,0.0,4.800742343994616,140.53596590909092
2025-09-06 11:45:00+02:00,8.182427622452993,0.0,5.104764281052292,146.12932043650792
2025-09-06 11:46:00+02:00,8.578093038685797,0.0,5.346371465613993,153.23215277777777
2025-09-06 11:47:00+02:00,8.804231722796482,0.0,5.535079589199306,161.16910515873016
2025-09-06 11:48:00+02:00,8.89501764327776,0.0,5.597662329529756,165.64315891472867
2025-09-06 11:49:00+02:00,8.985803563759035,0.0,5.656303651633496,162.50091246770026
2025-09-06 11:50:00+02:00,9.07658948424031,0.0,5.71494497373723,160.41457446808514
2025-09-06 11:51:00+02:00,9.167375404721575,0.0,5.773586295840966,161.4560227696902
2025-09-06 11:52:00+02:00,9.25816132520285,0.0,5.832227617944701,164.2907906920078
2025-09-06 11:53:00+02:00,9.89355769227491,0.0,6.211898505012787,186.32503968253968
2025-09-06 11:54:00+02:00,11.73556828673619,0.0,7.351621073977194,228.06935714285717
2025-09-06 11:55:00+02:00,11.688832322002282,0.0,7.329123227912092,227.4146111111111
2025-09-06 11:56:00+02:00,10.752266026375908,0.0,6.726954420920835,201.45599603174605
2025-09-06 11:57:00+02:00,9.376829991599127,0.0,5.8787763220280524,171.27692460317462
2025-09-06 11:58:00+02:00,8.13172691094569,0.0,5.1099205050343,148.0257242063492
2025-09-06 11:59:00+02:00,7.37076887240377,0.0,4.637954889320294,134.3493304843305
2025-09-06 12:00:00+02:00,6.765306453758239,0.0,4.251241109078776,122.85043287037035
2025-09-06 12:01:00+02:00,6.193354631731414,0.0,3.9022204149424615,111.56545548433049
2025-09-06 12:02:00+02:00,6.089039956434856,0.0,3.879182207339863,104.4054544595616
2025-09-06 12:03:00+02:00,6.291394116543718,0.0,3.995482036093084,104.23654620181408
2025-09-06 12:04:00+02:00,6.558477016236017,0.0,4.142699432490163,115.26198743386242
2025-09-06 12:05:00+02:00,7.500747125793868,0.0,4.743396423502616,140.0872222222222
2025-09-06 12:06:00+02:00,8.45802633992414,0.0,5.337835119717808,158.3130736714976
2025-09-06 12:07:00+02:00,9.814547039625888,0.0,6.185446142401394,193.022662037037
2025-09-06 12:08:00+02:00,9.950149238455946,0.0,6.24691158548124,196.81446794871795
2025-09-06 12:09:00+02:00,9.184271673255587,0.0,5.780862562829937,171.68081196581196
2025-09-06 12:10:00+02:00,8.935451002306914,0.0,5.627791464691509,172.74709307992202
2025-09-06 12:11:00+02:00,8.581325868831744,0.0,5.4075318313788125,161.9134074074074
2025-09-06 12:12:00+02:00,7.916700278155,0.0,4.995012461960012,146.30716666666666
2025-09-06 12:13:00+02:00,7.861634294244033,0.0,4.966510477094128,138.09431597222223
2025-09-06 12:14:00+02:00,8.135682616552783,0.0,5.1221940039517255,146.77376273148147
2025-09-06 12:15:00+02:00,8.320915782703468,0.0,4.968859911817994,147.81261616161615
2025-09-06 12:16:00+02:00,8.476428702046391,0.0,4.9713819851744185,143.71030555555552
2025-09-06 12:17:00+02:00,8.631941621389313,0.0,5.21010983085604,149.35826785714286
2025-09-06 12:18:00+02:00,8.996848112718084,0.0,5.64410891163535,164.48023148148147
2025-09-06 12:19:00+02:00,10.11041092060398,0.0,6.345242362102613,189.64763888888888
2025-09-06 12:20:00+02:00,12.262983153618755,0.0,7.713601150158318,243.7509477124183
2025-09-06 12:21:00+02:00,13.07498275390216,0.0,8.199163190919831,254.81435151143796
2025-09-06 12:22:00+02:00,12.922343900391908,0.0,8.118438069032713,264.1722398589065
2025-09-06 12:23:00+02:00,11.875619334288562,0.0,7.447594684716962,235.78939407814408
2025-09-06 12:24:00+02:00,10.989673969616032,0.0,6.906806922721698,218.0665211640212
2025-09-06 12:25:00+02:00,9.881772403162149,0.0,6.204686495693158,189.6128125
2025-09-06 12:26:00+02:00,9.686164374831083,0.0,6.1135358621214575,188.9884375
2025-09-06 12:27:00+02:00,9.246125313017831,0.0,5.8437840612010845,183.54382275132275
2025-09-06 12:28:00+02:00,8.43648503627511,0.0,5.304951222251356,165.04644973544973
2025-09-06 12:29:00+02:00,8.086563494090917,0.0,5.097050502812769,157.32219025875193
2025-09-06 12:30:00+02:00,7.9331808887116,0.0,5.000672403984869,156.603493150685
2025-09-06 12:31:00+02:00,7.779798283332278,0.0,4.904294305156969,155.56278662480975
2025-09-06 12:32:00+02:00,7.569886977577264,0.0,4.751942772009791,148.6488653846154
2025-09-06 12:33:00+02:00,7.0644225385723045,0.0,4.420665121871949,136.848544973545
2025-09-06 12:34:00+02:00,6.367422000103586,0.0,3.977176333742836,120.51007936507936
2025-09-06 12:35:00+02:00,5.696547034511174,0.0,3.572585903510611,107.80109788359788
2025-09-06 12:36:00+02:00,5.007488873335887,0.0,3.1510666213391696,91.35620634920636
2025-09-06 12:37:00+02:00,4.683307482284004,0.0,2.971752793492864,83.89526133040935
2025-09-06 12:38:00+02:00,4.501735641321456,0.0,2.8492959149821204,82.26749999999998
2025-09-06 12:39:00+02:00,4.353309896209116,0.0,2.7748373912512823,80.16877214452215
2025-09-06 12:40:00+02:00,4.668342617330508,0.0,2.844139428999375,82.49980814143395
2025-09-06 12:41:00+02:00,4.788906231844621,0.0,2.9229942371312934,85.62165605095544
2025-09-06 12:42:00+02:00,4.7067771595266015,0.0,3.0018490452632127,86.30955414012742
2025-09-06 12:43:00+02:00,4.624648087208577,0.0,3.0730198904249417,89.1806574368955
2025-09-06 12:44:00+02:00,4.542519014890555,0.0,3.023025942069306,94.60117389060888
2025-09-06 12:45:00+02:00,4.460389942572531,0.0,2.930502967194523,92.5994012605042
2025-09-06 12:46:00+02:00,4.378260870254507,0.0,2.8379799923197373,89.34554868742369
2025-09-06 12:47:00+02:00,4.2881031546489865,0.0,2.7242110009922262,81.21260185185186
2025-09-06 12:48:00+02:00,4.031351090827859,0.0,2.491779413839533,70.51249515013495
2025-09-06 12:49:00+02:00,3.778396309466787,0.0,2.4411090854584714,65.90057945041816
2025-09-06 12:50:00+02:00,3.872865130379852,0.0,2.4975255335528512,66.41278103616814
2025-09-06 12:51:00+02:00,4.014002905917966,0.0,2.553941981647232,68.5360386119257
2025-09-06 12:52:00+02:00,4.155140681456079,0.0,2.610358429741611,70.44089887640448
2025-09-06 12:53:00+02:00,4.287574960836011,0.0,2.6667748778359925,71.66617607924304
2025-09-06 12:54:00+02:00,4.389076544410505,0.0,2.723135472869673,73.90645263751595
2025-09-06 12:55:00+02:00,4.487872987287185,0.0,2.7716766394054244,74.88375634517767
2025-09-06 12:56:00+02:00,4.586669430163864,0.0,2.8146883529319258,75.3832487309645
2025-09-06 12:57:00+02:00,4.685465873040545,0.0,2.8577000664584262,75.8827411167513
2025-09-06 12:58:00+02:00,4.784262315917224,0.0,2.900711779984928,80.37967113095239
2025-09-06 12:59:00+02:00,4.895666364563991,0.0,2.94372349351143,85.22606462585034
2025-09-06 13:00:00+02:00,5.02100513537769,0.0,2.986735207037932,82.99691216931218
2025-09-06 13:01:00+02:00,5.146343906191388,0.0,3.0297469205644307,80.1088362745098
2025-09-06 13:02:00+02:00,5.271682677005084,0.0,3.072758634090931,81.20214679759052
2025-09-06 13:03:00+02:00,5.508443928637726,0.0,3.363870614602181,94.92625
2025-09-06 13:04:00+02:00,6.308117772739309,0.0,3.92381770284678,114.21061507936508
2025-09-06 13:05:00+02:00,7.523732311513686,0.0,4.71176998491636,144.05631944444443
2025-09-06 13:06:00+02:00,7.81672338627312,0.0,4.938024844136463,149.06030753968255
2025-09-06 13:07:00+02:00,8.02222322516776,0.0,5.059874957266531,147.011
2025-09-06 13:08:00+02:00,8.713685005414511,0.0,5.438686393394953,170.52466865079364
2025-09-06 13:09:00+02:00,9.147712730923852,0.0,5.766422144773848,182.43165173237756
2025-09-06 13:10:00+02:00,8.792793285181427,0.0,5.511348870697175,172.08169312169312
2025-09-06 13:11:00+02:00,8.83496318612724,0.0,5.441650155425411,178.1333043345543
2025-09-06 13:12:00+02:00,8.894521325450063,0.0,5.379507858867719,178.9498901098901
2025-09-06 13:13:00+02:00,8.954079464772882,0.0,5.317365562310028,174.79550010442776
2025-09-06 13:14:00+02:00,9.0136376040957,0.0,5.255223265752337,170.91928205128204
2025-09-06 13:15:00+02:00,9.073195743418523,0.0,5.200615908930134,166.36111698717949
2025-09-06 13:16:00+02:00,9.132753882741344,0.0,5.293521995285498,166.976494047619
2025-09-06 13:17:00+02:00,9.192312022064163,0.0,5.443289400658352,170.5575920168067
2025-09-06 13:18:00+02:00,9.251870161386986,0.0,5.629399820432817,174.9087730994152
2025-09-06 13:19:00+02:00,9.40769327937222,0.0,5.891506345723478,184.66031415343917
2025-09-06 13:20:00+02:00,10.384198325894408,0.0,6.505372702449859,209.489125
2025-09-06 13:21:00+02:00,10.92490626972486,0.0,6.865588616304731,227.671450094162
2025-09-06 13:22:00+02:00,10.73592469554656,0.0,6.750738048534815,227.7276490897677
2025-09-06 13:23:00+02:00,10.5383318097932,0.0,6.635084329941336,219.75782407407405
2025-09-06 13:24:00+02:00,10.282637206443315,0.0,6.477177894108092,210.26908653846155
2025-09-06 13:25:00+02:00,9.959673120340248,0.0,6.250235827767292,202.93560294117648
2025-09-06 13:26:00+02:00,9.554310572386823,0.0,6.004736728149467,194.99918091168087
2025-09-06 13:27:00+02:00,8.953759853070732,0.0,5.6255725190606,177.96753472222224
2025-09-06 13:28:00+02:00,8.416966889921003,0.0,5.201449207376461,162.9851666666667
2025-09-06 13:29:00+02:00,7.870721782322202,0.0,4.890986811919014,153.98132936507935
2025-09-06 13:30:00+02:00,7.499694670645708,0.0,4.722629472555448,153.228979958577
2025-09-06 13:31:00+02:00,7.293616200841591,0.0,4.594913709691482,150.67419468810917
2025-09-06 13:32:00+02:00,7.063441093145587,0.0,4.43882385739394,140.29543625356126
2025-09-06 13:33:00+02:00,6.646756699051601,0.0,4.16295818628983,130.9512678062678
2025-09-06 13:34:00+02:00,6.154802985412164,0.0,3.850757809163033,119.70538746438746
2025-09-06 13:35:00+02:00,6.010146473768368,0.0,3.8323193720355766,112.79931643625191
2025-09-06 13:36:00+02:00,6.086837776458027,0.0,3.876424603702579,110.2096899641577
2025-09-06 13:37:00+02:00,6.163529079147685,0.0,3.920529835369581,110.17061904761904
2025-09-06 13:38:00+02:00,6.2402203818373465,0.0,3.9646350670365855,111.24622580645162
2025-09-06 13:39:00+02:00,6.316911684527008,0.0,4.008740298703592,114.13804883512545
2025-09-06 13:40:00+02:00,6.393602987216668,0.0,4.0528455303706,117.38016129032258
2025-09-06 13:41:00+02:00,6.470294289906327,0.0,4.096950762037604,120.66018631100084
2025-09-06 13:42:00+02:00,6.493661246988485,0.0,4.12447802726216,125.06621111111112
2025-09-06 13:43:00+02:00,6.431214953581621,0.0,4.088401247912771,129.39242702702705
2025-09-06 13:44:00+02:00,6.36747531301602,0.0,4.045916208429453,129.86580645161288
2025-09-06 13:45:00+02:00,6.303735672450418,0.0,4.003431168946138,128.70736486486484
2025-09-06 13:46:00+02:00,6.239996031884816,0.0,3.960946129462818,126.26920884260056
2025-09-06 13:47:00+02:00,6.176256391319215,0.0,3.918461089979497,125.19006369426752
2025-09-06 13:48:00+02:00,6.112516750753613,0.0,3.875976050496176,124.5327388535032
2025-09-06 13:49:00+02:00,6.048777110188018,0.0,3.833491011012855,122.74110346527146
2025-09-06 13:50:00+02:00,5.985037469622421,0.0,3.770112507276586,118.45212703962704
2025-09-06 13:51:00+02:00,5.641203294994178,0.0,3.5128052271382177,108.2449537037037
2025-09-06 13:52:00+02:00,5.0165526310832815,0.0,3.176131056007321,86.69204761904763
2025-09-06 13:53:00+02:00,5.179173652860399,0.0,3.308594248896373,85.34240343915344
2025-09-06 13:54:00+02:00,5.343573678152828,0.0,3.4082954422879066,104.84343915343916
2025-09-06 13:55:00+02:00,5.184634900674968,0.0,3.3007642247401523,108.667882751938
2025-09-06 13:56:00+02:00,5.0166809477846135,0.0,3.1804308759145656,102.3347435897436
2025-09-06 13:57:00+02:00,4.834159093479343,0.0,3.028313827344833,93.6533173076923
2025-09-06 13:58:00+02:00,4.531508082891054,0.0,2.808053567334752,86.37328947368421
2025-09-06 13:59:00+02:00,4.242468140609387,0.0,2.6641015984471226,81.88696575342466
2025-09-06 14:00:00+02:00,4.0608456222582126,0.0,2.553369314687408,80.20827829419439
2025-09-06 14:01:00+02:00,3.8849776087604577,0.0,2.4415514203025968,76.06799198833573
2025-09-06 14:02:00+02:00,3.6517289298418256,0.0229339914884119,2.21303038372005,67.10701923076923
2025-09-06 14:03:00+02:00,3.23487983088907,0.122923899207104,1.9168482931439788,52.76726851851851
2025-09-06 14:04:00+02:00,3.284850069724474,0.1768934333250502,1.7510271843934846,45.162123263888894
2025-09-06 14:05:00+02:00,3.3971938509220383,0.1437766663845772,1.848577257152337,45.9596342737722
2025-09-06 14:06:00+02:00,3.5095376321196,0.1086949030577639,1.9553345358540104,48.44399990761272
2025-09-06 14:07:00+02:00,3.621881413317162,0.0660337464196012,2.088385736902578,54.6892297979798
2025-09-06 14:08:00+02:00,3.75372744327884,0.0,2.328368055133464,64.57324705387207
2025-09-06 14:09:00+02:00,3.9508309979512095,0.0,2.4753248738060227,71.85544041647667
2025-09-06 14:10:00+02:00,4.153185158060071,0.0,2.577874969110585,74.44307170542636
2025-09-06 14:11:00+02:00,4.255925256359007,0.0,2.6804250644151493,78.02266741071428
2025-09-06 14:12:00+02:00,4.199182270360838,0.0,2.73216554456646,80.56883333333333
2025-09-06 14:13:00+02:00,4.14025105882036,0.0,2.6906997401075365,82.26415511551154
2025-09-06 14:14:00+02:00,4.081319847279882,0.0,2.647148130595349,83.19787997220773
2025-09-06 14:15:00+02:00,4.022388635739406,0.0,2.60359652108316,83.15776315789476
2025-09-06 14:16:00+02:00,3.963457424198932,0.0,2.5600449115709707,82.51039473684214
2025-09-06 14:17:00+02:00,3.904526212658456,0.0,2.5164933020587816,81.66279135338345
2025-09-06 14:18:00+02:00,3.845595001117982,0.0,2.472941692546593,79.52391046741276
2025-09-06 14:19:00+02:00,3.786663789577508,0.0,2.429390083034404,76.27589989143921
2025-09-06 14:20:00+02:00,3.730515440804222,0.0,2.400053234960219,70.32018079278812
2025-09-06 14:21:00+02:00,3.716437429158443,0.0,2.399266886455138,66.48100960855356
2025-09-06 14:22:00+02:00,3.716437429158443,0.0,2.399266886455138,68.82967147435896
2025-09-06 14:23:00+02:00,3.716437429158443,0.0,2.399266886455138,69.11998931623928
2025-09-06 14:24:00+02:00,3.716437429158443,0.0,2.399266886455138,69.3212713675213
2025-09-06 14:25:00+02:00,3.716437429158443,0.0,2.399266886455138,69.52255341880333
2025-09-06 14:26:00+02:00,3.716437429158443,0.0,2.399266886455138,69.72383547008535
2025-09-06 14:27:00+02:00,3.716437429158443,0.0,2.399266886455138,69.9251175213674
2025-09-06 14:28:00+02:00,3.716437429158443,0.0,2.399266886455138,70.1263995726495
2025-09-06 14:29:00+02:00,3.716437429158443,0.0,2.401007046572863,70.32768162393161
2025-09-06 14:30:00+02:00,3.766120777416052,0.0,2.465928404811101,71.30591262595524
2025-09-06 14:31:00+02:00,3.9727307988287928,0.0,2.562306503639001,72.71252688172042
2025-09-06 14:32:00+02:00,4.191647644901724,0.0,2.6586846024669013,74.42959901433692
2025-09-06 14:33:00+02:00,4.496008644187155,0.0,2.7874275088066027,80.06511103479853
2025-09-06 14:34:00+02:00,4.901499898890736,0.0,3.0582936794748825,89.89892094017095
2025-09-06 14:35:00+02:00,5.360141774447355,0.0,3.373002864602683,102.6704398148148
2025-09-06 14:36:00+02:00,5.363992599908483,0.0,3.4256687565026955,109.07994565217392
2025-09-06 14:37:00+02:00,5.335134532401549,0.0,3.407753378407317,111.17359860248446
2025-09-06 14:38:00+02:00,5.306276464894617,0.0,3.38983800031194,111.880248015873
2025-09-06 14:39:00+02:00,5.277418397387681,0.0,3.371922622216562,111.18357142857144
2025-09-06 14:40:00+02:00,5.248560329880747,0.0,3.354007244121185,109.90829781105992
2025-09-06 14:41:00+02:00,5.219702262373812,0.0,3.336091866025809,107.58401785714284
2025-09-06 14:42:00+02:00,5.19084419486688,0.0,3.3181764879304354,105.81095547309832
2025-09-06 14:43:00+02:00,5.161986127359946,0.0,3.300261109835063,104.51378787878788
2025-09-06 14:44:00+02:00,5.1331280598530125,0.0,3.2823457317396905,102.58773737373735
2025-09-06 14:45:00+02:00,5.052024865963734,0.0,3.200470762399213,98.41904616013072
2025-09-06 14:46:00+02:00,4.899846010028377,0.0,3.135512877876632,95.82413793103446
2025-09-06 14:47:00+02:00,4.918812406256071,0.0,3.1913243238466737,93.34445945945946
2025-09-06 14:48:00+02:00,5.038352586249205,0.0,3.2471357698167167,92.4432380952381
2025-09-06 14:49:00+02:00,5.15789276624234,0.0,3.3029472157867623,93.42690929705216
2025-09-06 14:50:00+02:00,5.277432946235475,0.0,3.3587586617568084,95.71888274754347
2025-09-06 14:51:00+02:00,5.375227941834966,0.0,3.414570107726853,101.72542906746033
2025-09-06 14:52:00+02:00,5.331379283873406,0.0,3.413646376618784,106.335843837535
2025-09-06 14:53:00+02:00,5.261543960426274,0.0,3.3558195173220424,107.9888900560224
2025-09-06 14:54:00+02:00,5.191708636979142,0.0,3.2979926580253,106.55854779411766
2025-09-06 14:55:00+02:00,5.121873313532012,0.0,3.24016579872856,104.94306966726084
2025-09-06 14:56:00+02:00,5.052037990084874,0.0,3.1823389394318222,102.18675757575755
2025-09-06 14:57:00+02:00,4.98220266663774,0.0,3.1245120801350827,99.1642101042502
2025-09-06 14:58:00+02:00,4.9123673431906045,0.0,3.066904261972045,96.94455426356588
2025-09-06 14:59:00+02:00,4.840237912499796,0.0,3.009555310603377,94.5789537037037
2025-09-06 15:00:00+02:00,4.74769092734029,0.0,2.95220635923471,91.6151388888889
2025-09-06 15:01:00+02:00,4.6503263169690685,0.0,2.894857407866042,89.23547297297297
2025-09-06 15:02:00+02:00,4.552961706597848,0.0,2.837508456497374,87.93542792792793
2025-09-06 15:03:00+02:00,4.455597096226625,0.0,2.7801595051287067,86.64874155405404
2025-09-06 15:04:00+02:00,4.358232485855405,0.0,2.727298941276476,84.68302526595745
2025-09-06 15:05:00+02:00,4.2756893991463,0.0,2.680785592093953,82.80180360065468
2025-09-06 15:06:00+02:00,4.242741410845031,0.0,2.634317580159072,81.45769088319089
2025-09-06 15:07:00+02:00,4.213783832760487,0.0,2.5878495682241915,80.5129166666667
2025-09-06 15:08:00+02:00,4.184826254675941,0.0,2.541381556289312,79.49406310916179
2025-09-06 15:09:00+02:00,4.155868676591396,0.0,2.494913544354431,78.28537836669138
2025-09-06 15:10:00+02:00,4.126911098506852,0.0,2.4484455324195507,76.94987146925268
2025-09-06 15:11:00+02:00,4.0979535204223065,0.0,2.4122017322504514,75.54297317436662
2025-09-06 15:12:00+02:00,4.068995942337762,0.0,2.442287271698074,75.00272727272723
2025-09-06 15:13:00+02:00,4.04003836425322,0.0,2.484258379252158,74.67545454545446
2025-09-06 15:14:00+02:00,4.011080786168678,0.0,2.526229486806243,74.34818181818174
2025-09-06 15:15:00+02:00,3.921290356547439,0.0,2.568200594360329,74.02090909090906
2025-09-06 15:16:00+02:00,3.7760192493714064,0.0,2.6101717019144157,73.08373379296152
2025-09-06 15:17:00+02:00,3.87117761349842,0.0,2.6521428094685,72.80659292035399
2025-09-06 15:18:00+02:00,4.079816064293891,0.0,2.694113917022587,73.94616795722715
2025-09-06 15:19:00+02:00,4.356484915925668,0.0,2.750823715834038,81.62792144892144
2025-09-06 15:20:00+02:00,5.006237657124125,0.0,3.124810422144342,99.38819444444444
2025-09-06 15:21:00+02:00,5.964853250109983,0.0,3.727721762191056,125.2319246031746
2025-09-06 15:22:00+02:00,7.070851099385275,0.0,4.443430476095089,153.05017857142855
2025-09-06 15:23:00+02:00,8.51867637846788,0.0,5.362772952789527,188.5102083333333
2025-09-06 15:24:00+02:00,12.67990588500002,0.0,8.01208641694496,319.3983333333333
2025-09-06 15:25:00+02:00,17.077913067953148,0.0,10.749625999069105,462.7136111111111
2025-09-06 15:26:00+02:00,19.442630242145885,0.0,12.132651717249464,517.3198703703704
2025-09-06 15:27:00+02:00,19.19585534898913,0.0,11.998760598247696,495.27484126984126
2025-09-06 15:28:00+02:00,18.21127826471442,0.0,11.234876014336445,461.6320092592593
2025-09-06 15:29:00+02:00,17.369522607583708,0.0,10.713520718864258,432.8047222222222
2025-09-06 15:30:00+02:00,16.57238069701218,0.0,9.942824489941604,417.0533680555556
2025-09-06 15:31:00+02:00,15.878843662769494,0.0,9.897132509451827,391.2616452991453
2025-09-06 15:32:00+02:00,13.593636853353583,0.0,8.637068413794017,300.79979166666664
2025-09-06 15:33:00+02:00,11.4995909165487,0.0,7.121126496030348,230.6255555555556
2025-09-06 15:34:00+02:00,10.592859041189408,0.0,6.660744247365761,202.54088575268813
2025-09-06 15:35:00+02:00,9.790294798881217,0.0,6.131901111969883,184.29667094017097
2025-09-06 15:36:00+02:00,9.228501931402937,0.0,5.800294043570282,173.15621693121693
2025-09-06 15:37:00+02:00,8.400201184290884,0.0,5.252259399466865,155.26694444444442
2025-09-06 15:38:00+02:00,7.751418134855066,0.0,4.894420469990767,141.31838189588188
2025-09-06 15:39:00+02:00,7.949769550923814,0.0,5.02215535879535,146.44994052706554
2025-09-06 15:40:00+02:00,8.142069373684611,0.0,5.1410871438169545,156.68482175925925
2025-09-06 15:41:00+02:00,7.958685205652576,0.0,5.031130354447791,162.96750925925926
2025-09-06 15:42:00+02:00,7.676709297594462,0.0,4.827624291922723,151.02556216931217
2025-09-06 15:43:00+02:00,6.995423130452086,0.0,4.380545479859862,130.45601190476188
2025-09-06 15:44:00+02:00,6.61825137690251,0.0,4.199383000563066,119.41144702842378
2025-09-06 15:45:00+02:00,6.83367802872208,0.0,4.32815406187202,120.39515180878554
2025-09-06 15:46:00+02:00,7.119623635517877,0.0,4.47694895869327,133.35849206349204
2025-09-06 15:47:00+02:00,7.64875418347711,0.0,4.806394627754862,151.18716826923077
2025-09-06 15:48:00+02:00,7.798561496512848,0.0,4.920286644355812,150.6391168091168
2025-09-06 15:49:00+02:00,7.92825566862895,0.0,5.003557321743116,143.03517195767196
2025-09-06 15:50:00+02:00,8.057949840745055,0.0,5.086827999130424,145.3549457671958
2025-09-06 15:51:00+02:00,8.283893900778809,0.0,5.229467585395715,163.5098544973545
2025-09-06 15:52:00+02:00,9.30431973955175,0.0,5.938336387755734,202.2247474747475
2025-09-06 15:53:00+02:00,9.75882303098455,0.0,6.261400155849527,202.1411557239057
2025-09-06 15:54:00+02:00,10.458188163933984,0.0,6.615404463530641,220.39380291005293
2025-09-06 15:55:00+02:00,12.572669490268243,0.0,8.003282648302026,301.4943055555555
2025-09-06 15:56:00+02:00,13.093347127401556,0.0,8.413428524794313,335.024376984127
2025-09-06 15:57:00+02:00,11.034907150766845,0.0,6.966476715911119,243.62329365079367
2025-09-06 15:58:00+02:00,9.813299215866374,0.0,6.218691236671962,202.8756086309524
2025-09-06 15:59:00+02:00,9.493320276252646,0.0,5.828341888085854,209.5580555555556
2025-09-06 16:00:00+02:00,8.429818387285344,0.0,5.266369299162694,172.37465656565655
2025-09-06 16:01:00+02:00,7.886347907602745,0.0,5.110287459166942,159.4041543179043
2025-09-06 16:02:00+02:00,8.109525680674684,0.0,5.148187781024199,171.18541666666667
2025-09-06 16:03:00+02:00,7.711875352916804,0.0,4.872840296372834,165.81820436507937
2025-09-06 16:04:00+02:00,7.487936749062995,0.0,4.731223498095103,153.6225
2025-09-06 16:05:00+02:00,7.195254201700574,0.0,4.536718944905007,143.96052884615384
2025-09-06 16:06:00+02:00,6.817274319878534,0.0,4.291246696100766,136.61634528423775
2025-09-06 16:07:00+02:00,6.518042208304069,0.0,4.091918506243825,135.50704192546584
2025-09-06 16:08:00+02:00,6.325337978928461,0.0,3.8811948418917352,133.55761574074072
2025-09-06 16:09:00+02:00,6.584984307095317,0.0,3.726377486013187,121.97941287878788
2025-09-06 16:10:00+02:00,6.354390962082613,0.0,3.987124011897972,140.95424206349205
2025-09-06 16:11:00+02:00,5.767511459910365,0.0,3.641139828535226,118.75723379629628
2025-09-06 16:12:00+02:00,5.2100350669610185,0.0,3.2557439637810472,102.3584074074074
2025-09-06 16:13:00+02:00,4.696404050644749,0.0,2.922995514090876,89.28029131054132
2025-09-06 16:14:00+02:00,4.324270782475923,0.0,2.6669162502644577,80.54912898212899
2025-09-06 16:15:00+02:00,4.069940510956239,0.0,2.6297014653885618,75.06595996732027
2025-09-06 16:16:00+02:00,4.199504988900228,0.0,2.7082587082067766,74.65588235294119
2025-09-06 16:17:00+02:00,4.391452363632062,0.0,2.7868159510249884,76.7560407239819
2025-09-06 16:18:00+02:00,4.543943889113467,0.0,2.8653731938432,80.49819444444445
2025-09-06 16:19:00+02:00,4.556207193610223,0.0,2.913587438713766,81.58500000000002
2025-09-06 16:20:00+02:00,4.556207193610223,0.0,2.8977622819589617,80.98500000000004
2025-09-06 16:21:00+02:00,4.556207193610223,0.0,2.8798469038635863,80.57253546099292
2025-09-06 16:22:00+02:00,4.556207193610223,0.0,2.861931525768212,81.0868085106383
2025-09-06 16:23:00+02:00,4.556207193610223,0.0,2.844016147672836,81.81398936170213
2025-09-06 16:24:00+02:00,4.556207193610223,0.0,2.8261007695774603,84.69811355311356
2025-09-06 16:25:00+02:00,4.556207193610223,0.0,2.808185391482083,87.81175675675676
2025-09-06 16:26:00+02:00,4.556207193610223,0.0,2.7902700133867087,89.53706393140128
2025-09-06 16:27:00+02:00,4.556207193610223,0.0,2.7723546352913333,88.42485567269075
2025-09-06 16:28:00+02:00,4.518831819717723,0.0,2.7544392571959566,85.51474405025051
2025-09-06 16:29:00+02:00,4.425262701860972,0.0,2.7263755113150427,83.81616440019427
2025-09-06 16:30:00+02:00,4.33117085150223,0.0,2.6897246850002072,84.67694173103135
2025-09-06 16:31:00+02:00,4.237079001143488,0.0,2.653073858685371,84.45116935483874
2025-09-06 16:32:00+02:00,4.142987150784744,0.0,2.616423032370536,83.57490495391706
2025-09-06 16:33:00+02:00,4.048895300426002,0.0,2.57081754160704,78.65630753968254
2025-09-06 16:34:00+02:00,3.963710339830016,0.0,2.389838594178495,71.25076417004048
2025-09-06 16:35:00+02:00,3.8896938930431326,0.0193957243483566,2.219615062711114,67.45991143127065
2025-09-06 16:36:00+02:00,3.815705367540774,0.0339865406857917,2.175516368380819,68.23366836572156
2025-09-06 16:37:00+02:00,3.741716842038414,0.0474950357599102,2.136088964314858,69.7146750926862
2025-09-06 16:38:00+02:00,3.667728316536056,0.061003530834029,2.096661560248897,69.11756521739127
2025-09-06 16:39:00+02:00,3.593739791033696,0.0745120259081471,2.0572341561829397,68.25627210884353
2025-09-06 16:40:00+02:00,3.5197512655313368,0.0880205209822642,2.017806752116981,67.26367346938774
2025-09-06 16:41:00+02:00,3.438687775584853,0.1015290160563813,1.978379348051023,65.42847523219815
2025-09-06 16:42:00+02:00,3.282629662530647,0.1150375111304993,1.9389519439850649,62.713093395252834
2025-09-06 16:43:00+02:00,3.1067616490328924,0.1287746383563885,1.899524539919106,59.37133567821068
2025-09-06 16:44:00+02:00,2.930205970443436,0.1670897218976867,1.8009637910542218,55.08445816864295
2025-09-06 16:45:00+02:00,2.7286827592937155,0.2217520042906293,1.637045134779999,49.76329797979798
2025-09-06 16:46:00+02:00,2.5147286791786123,0.2480793600179003,1.5578206194124111,45.398921107628006
2025-09-06 16:47:00+02:00,2.349392352262276,0.2420214266599196,1.570810813704851,42.39464352449445
2025-09-06 16:48:00+02:00,2.388609591270664,0.2359634933019394,1.5850068311310304,40.50921042053185
2025-09-06 16:49:00+02:00,2.45058521964349,0.2299055599439583,1.5992028485572092,39.36923469387754
2025-09-06 16:50:00+02:00,2.512560848016314,0.2238476265859779,1.613398865983389,38.10781428571429
2025-09-06 16:51:00+02:00,2.57453647638914,0.2177896932279974,1.6291860050472629,37.40672981220657
2025-09-06 16:52:00+02:00,2.636512104761965,0.2117317598700165,1.6470706007060485,38.101584507042254
2025-09-06 16:53:00+02:00,2.6984877331347903,0.2056738265120345,1.664955196364834,39.56376462478576
2025-09-06 16:54:00+02:00,2.7604633615076146,0.1996158931540548,1.682839792023619,43.45186360153257
2025-09-06 16:55:00+02:00,2.8224389898804403,0.1934319293643258,1.700957955163024,46.90889508856682
2025-09-06 16:56:00+02:00,2.877984750517129,0.1856815873514405,1.724548270705489,48.742207147325615
2025-09-06 16:57:00+02:00,2.9091888690098733,0.1774631323063467,1.7504408942711946,49.16359712230215
2025-09-06 16:58:00+02:00,2.938096606168282,0.1692446772612541,1.7763335178368995,49.51755395683452
2025-09-06 16:59:00+02:00,2.967004343326691,0.1610262222161615,1.802226141402604,49.87151079136689
2025-09-06 17:00:00+02:00,2.9959120804851,0.152807767171069,1.828118764968309,50.23248337179312
2025-09-06 17:01:00+02:00,3.024819817643509,0.1445893121259769,1.854011388534013,51.55898879716981
2025-09-06 17:02:00+02:00,3.053727554801917,0.1361993524704372,1.8834258653451312,53.04656249999999
2025-09-06 17:03:00+02:00,3.0826352919603264,0.1215824561894423,1.9309527302755305,54.12980595501475
2025-09-06 17:04:00+02:00,3.111543029118735,0.1038652842580618,1.98099520466694,54.9662389380531
2025-09-06 17:05:00+02:00,3.140450766277144,0.0861481123266814,2.03103767905835,55.98000000000001
2025-09-06 17:06:00+02:00,3.209325898900034,0.0684309403953,2.081080153449759,57.26782258064515
2025-09-06 17:07:00+02:00,3.3283168879047222,0.0507137684639191,2.131122627841169,59.14094870071685
2025-09-06 17:08:00+02:00,3.4103982265572754,0.0329965965325378,2.1811651022325798,63.11255636724388
2025-09-06 17:09:00+02:00,3.310130913770701,0.0227294313322636,2.205512875093801,66.19231962481962
2025-09-06 17:10:00+02:00,3.184792142957003,0.0569942787703636,2.10315348626321,65.6188095238095
2025-09-06 17:11:00+02:00,3.0594533721433046,0.0987187428454499,1.9835117084078864,64.02711640211639
2025-09-06 17:12:00+02:00,2.9341146013296067,0.1463814435560579,1.84783380229094,58.21436458333333
2025-09-06 17:13:00+02:00,2.732262811031092,0.2139143976239936,1.6514476963264224,51.3380967911231
2025-09-06 17:14:00+02:00,2.465669235014653,0.2421791853411166,1.570716952358281,45.90461538461539
2025-09-06 17:15:00+02:00,2.3816563207099626,0.2252286218106136,1.6104632911603416,43.69268136335211
2025-09-06 17:16:00+02:00,2.505151874305814,0.2082780582801093,1.658377881855687,44.37048780487808
2025-09-06 17:17:00+02:00,2.628647427901664,0.1913274947496059,1.709152685140629,45.83698277545839
2025-09-06 17:18:00+02:00,2.752142981497514,0.174376931219101,1.7599274884255711,48.41027356624918
2025-09-06 17:19:00+02:00,2.8741561795245394,0.1574263676885978,1.8107022917105136,51.3021543040293
2025-09-06 17:20:00+02:00,2.986968549883001,0.1405699739554862,1.860842409954394,54.428126780626776
2025-09-06 17:21:00+02:00,3.0981963332540974,0.1338368334419808,1.8788251527844784,57.85403403403404
2025-09-06 17:22:00+02:00,3.209424116625194,0.1338368334419808,1.8788251527844784,60.05823858341101
2025-09-06 17:23:00+02:00,3.3206518999962893,0.1338368334419808,1.8788251527844784,61.62322988505748
2025-09-06 17:24:00+02:00,3.4113900445201337,0.1338368334419808,1.8788251527844784,66.7912933671076
2025-09-06 17:25:00+02:00,3.3243311905403714,0.1338368334419808,1.8788251527844784,69.44828947368421
2025-09-06 17:26:00+02:00,3.196122066196588,0.1338368334419808,1.8788251527844784,67.19009159482759
2025-09-06 17:27:00+02:00,3.067912941852805,0.1338368334419808,1.8788251527844784,65.60185763888889
2025-09-06 17:28:00+02:00,2.9397038175090224,0.1338368334419808,1.8788251527844784,62.3036038961039
2025-09-06 17:29:00+02:00,2.926230136257847,0.1338368334419808,1.8788251527844784,58.94915
2025-09-06 17:30:00+02:00,3.009997693809145,0.1333328715760084,1.880563932917972,57.462672199730086
2025-09-06 17:31:00+02:00,3.093765251360444,0.1283436491028786,1.895666480363168,57.71850202429148
2025-09-06 17:32:00+02:00,3.1775328089117427,0.1222961067112065,1.913551076021953,58.082874493927086
2025-09-06 17:33:00+02:00,3.2613003664630438,0.1162485643195356,1.9314356716807397,58.447246963562726
2025-09-06 17:34:00+02:00,3.345067924014345,0.1102010219278639,1.949320267339524,59.14225737093712
2025-09-06 17:35:00+02:00,3.420326535148576,0.1041534795361913,1.96720486299831,60.983439844401225
2025-09-06 17:36:00+02:00,3.412624172421433,0.0981059371445192,1.9850894586570955,62.38557614092872
2025-09-06 17:37:00+02:00,3.383666594336888,0.0920583947528466,2.0029740543158807,62.114771689497736
2025-09-06 17:38:00+02:00,3.3547090162523423,0.0860108523611749,2.0208586499746666,61.68463470319636
2025-09-06 17:39:00+02:00,3.325751438167798,0.0799633099695027,2.038743245633452,61.25449771689498
2025-09-06 17:40:00+02:00,3.2967938600832527,0.0775946891994308,2.0439595860339312,60.59702661244293
2025-09-06 17:41:00+02:00,3.267836281998709,0.0884802655044407,2.0108730840651785,59.6008621031746
2025-09-06 17:42:00+02:00,3.238878703914164,0.1005753502877859,1.975103892747608,58.336047619047626
2025-09-06 17:43:00+02:00,3.2099211258296205,0.1126704350711298,1.9393347014300368,56.60424293785311
2025-09-06 17:44:00+02:00,3.180963547745079,0.1247655198544732,1.903565510112466,54.83942188937065
2025-09-06 17:45:00+02:00,2.990505408305796,0.1368606046378175,1.8677963187948945,52.96863372093024
2025-09-06 17:46:00+02:00,2.8010302032433367,0.1489556894211614,1.8320271274773237,51.48316939890711
2025-09-06 17:47:00+02:00,2.7234533196912083,0.1610507742045048,1.7962579361597524,49.86195293094883
2025-09-06 17:48:00+02:00,2.645876436139081,0.1731458589878491,1.760488744842181,48.12364973262032
2025-09-06 17:49:00+02:00,2.5682995525869536,0.1852409437711921,1.7247195535246098,47.001691176470594
2025-09-06 17:50:00+02:00,2.4907226690348265,0.2226197197239361,1.6362037648655468,45.60888333333333
2025-09-06 17:51:00+02:00,2.413145785482699,0.2671005495794174,1.5321547774643955,43.64585384615384
2025-09-06 17:52:00+02:00,2.336100315444813,0.2922842439675943,1.4687633227770964,40.15450162156685
2025-09-06 17:53:00+02:00,2.270081675827424,0.3216125731390455,1.4064079858560667,36.02532407407408
2025-09-06 17:54:00+02:00,2.208447197702521,0.3577398318854705,1.3440526489350375,33.35797271985461
2025-09-06 17:55:00+02:00,2.1468127195776194,0.3910075323799191,1.285376148919865,31.584431698905387
2025-09-06 17:56:00+02:00,2.0851782414527187,0.403686413460131,1.2694706176210742,30.49230769230769
2025-09-06 17:57:00+02:00,2.0226720492454158,0.4123619129875746,1.2626528586139767,29.64486866791745
2025-09-06 17:58:00+02:00,1.959616314696328,0.4203071165219725,1.255835099606879,28.62426829268293
2025-09-06 17:59:00+02:00,1.8974350738457724,0.4263458979399395,1.249017340599781,27.64010055626872
2025-09-06 18:00:00+02:00,1.836793589529107,0.4323846793579065,1.2421995815926834,26.84763157894737
2025-09-06 18:01:00+02:00,1.7770785722967104,0.4384234607758726,1.2353818225855862,26.600906148867324
2025-09-06 18:02:00+02:00,1.756443622759423,0.4444622421938393,1.2285640635784891,26.9348867313916
2025-09-06 18:03:00+02:00,1.756443622759423,0.4505010236118059,1.221690661546674,27.268867313915862
2025-09-06 18:04:00+02:00,1.756443622759423,0.4565398050297731,1.213553939900889,27.60284789644013
2025-09-06 18:05:00+02:00,1.756443622759423,0.4588798328292349,1.209790706139713,27.9368284789644
2025-09-06 18:06:00+02:00,1.756443622759423,0.4531178288929247,1.2173510766689213,28.29419613962089
2025-09-06 18:07:00+02:00,1.756443622759423,0.4470790474749577,1.2249279254413696,28.686726190476183
2025-09-06 18:08:00+02:00,1.756443622759423,0.441040266056991,1.2317456844484675,29.07958333333333
2025-09-06 18:09:00+02:00,1.756443622759423,0.4350014846390237,1.2385634434555648,29.472440476190467
2025-09-06 18:10:00+02:00,1.756443622759423,0.4289627032210572,1.2453812024626625,29.915743714711837
2025-09-06 18:11:00+02:00,1.760584288259357,0.4229239218030904,1.2521989614697595,30.50979865771811
2025-09-06 18:12:00+02:00,1.7860198049018114,0.4161212961161329,1.2590167204768574,31.14688114562197
2025-09-06 18:13:00+02:00,1.8144129397585047,0.4074457965886893,1.265834479483955,32.70497606019152
2025-09-06 18:14:00+02:00,1.842806074615198,0.3988184942808432,1.2726333002715884,33.907795624159824
2025-09-06 18:15:00+02:00,1.8711992094558572,0.3999270303315718,1.272191951749137,34.51251773049645
2025-09-06 18:16:00+02:00,1.8995923442889808,0.4086025298590157,1.2653624582170702,34.7777659574468
2025-09-06 18:17:00+02:00,1.9283272538620504,0.4172780293864593,1.258532964685003,35.043014184397144
2025-09-06 18:18:00+02:00,1.9578507721861511,0.4237290926588204,1.2517034711529362,35.30826241134749
2025-09-06 18:19:00+02:00,1.987374290510252,0.4297678740767874,1.2448739776208693,35.57351063829784
2025-09-06 18:20:00+02:00,2.0168978088343525,0.4358066554947541,1.238044484088803,35.83875886524819
2025-09-06 18:21:00+02:00,2.018989058048977,0.4418454369127207,1.2312149905567362,36.10400709219856
2025-09-06 18:22:00+02:00,1.9620332706154,0.4478842183306872,1.2243854970246693,35.73156249999999
2025-09-06 18:23:00+02:00,1.9036147050570071,0.4539229997486542,1.2166897054473689,34.42046401515151
2025-09-06 18:24:00+02:00,1.846828435386564,0.4605078715251263,1.207838319996954,32.285725267379675
2025-09-06 18:25:00+02:00,1.790042165673177,0.4753483446037079,1.1883946172586053,30.30850354030501
2025-09-06 18:26:00+02:00,1.7332558959597906,0.4933039915963652,1.165406403676824,28.88525267094017
2025-09-06 18:27:00+02:00,1.676469626246404,0.5162864175383102,1.1424181900950423,27.48621737466514
2025-09-06 18:28:00+02:00,1.6196833565330175,0.5283521911578315,1.1282101969785248,26.097611940298503
2025-09-06 18:29:00+02:00,1.56289708681963,0.5283521911578315,1.128050556606429,25.551226765799257
2025-09-06 18:30:00+02:00,1.506189686925289,0.5283521911578315,1.128050556606429,25.885799256505575
2025-09-06 18:31:00+02:00,1.4810302146494965,0.5283521911578315,1.128050556606429,26.2203717472119
2025-09-06 18:32:00+02:00,1.4810302146494965,0.5283521911578315,1.128050556606429,26.55494423791822
2025-09-06 18:33:00+02:00,1.4810302146494965,0.5283521911578315,1.128050556606429,27.102989360338423
2025-09-06 18:34:00+02:00,1.4810302146494965,0.5283521911578315,1.128050556606429,28.73612818590705
2025-09-06 18:35:00+02:00,1.4810302146494965,0.5283521911578315,1.128050556606429,29.90961738257377
2025-09-06 18:36:00+02:00,1.4810302146494965,0.5283521911578315,1.128050556606429,29.416807228915676
2025-09-06 18:37:00+02:00,1.4810302146494965,0.5287257819409763,1.127925816922578,28.874638554216872
2025-09-06 18:38:00+02:00,1.4810302146494965,0.5347471863281372,1.121598597274,28.9040625
2025-09-06 18:39:00+02:00,1.4810302146494965,0.5426585205594435,1.1118694151687032,29.4665625
2025-09-06 18:40:00+02:00,1.4745170597279782,0.5524267226956818,1.1021402330634067,29.942279317010307
2025-09-06 18:41:00+02:00,1.3870546936390151,0.5688191117329647,1.0924110509581102,29.34
2025-09-06 18:42:00+02:00,1.2754006092701262,0.585211500770248,1.0826818688528128,28.174562732309425
2025-09-06 18:43:00+02:00,1.19552891660191,0.6016038898075311,1.0729526867475168,26.586921768707484
2025-09-06 18:44:00+02:00,1.1665090506547706,0.6179962788448138,1.0632235046422205,25.394632327132328
2025-09-06 18:45:00+02:00,1.138080124229277,0.6343886678820971,1.0534943225369235,24.050470085470085
2025-09-06 18:46:00+02:00,1.1113992263349752,0.65078105691938,1.0437651404316268,21.979644334160465
2025-09-06 18:47:00+02:00,1.084718328440673,0.6886778318714996,1.025026758535281,20.2484872080089
2025-09-06 18:48:00+02:00,1.0580374305463711,0.8192207984139469,0.9576589561849884,17.951391283524902
2025-09-06 18:49:00+02:00,1.031356532652069,0.8439244289765898,0.9112606304039448,13.895297619047618
2025-09-06 18:50:00+02:00,1.004675634757767,0.8145176690802785,0.8170880009807275,11.176118188512518
2025-09-06 18:51:00+02:00,0.9779947368634648,0.7481518380660167,0.7177065989464743,10.406932989690718
2025-09-06 18:52:00+02:00,0.9496258872462198,0.6571725480031787,0.621842293638646,9.8966237113402
2025-09-06 18:53:00+02:00,0.6768835030723883,0.5387933027894938,0.5259779883308172,9.326445244115927
2025-09-06 18:54:00+02:00,0.1980008704712197,0.4204140575758083,0.4214012984930451,7.747693492491336
2025-09-06 18:55:00+02:00,0.0007691230330786,0.3020348123621228,0.3031931865497539,6.187398573887386
2025-09-06 18:56:00+02:00,0.0007691230330786,0.1836555671484377,0.1849850746064631,5.899913941480204
2025-09-06 18:57:00+02:00,0.0007691230330786,0.0652763219347524,0.0667769626631721,5.753270223752146
2025-09-06 18:58:00+02:00,0.0007691230330786,0.0,0.0,5.606626506024089
2025-09-06 18:59:00+02:00,0.0007691230330786,0.0,0.0,5.459982788296031
2025-09-06 19:00:00+02:00,0.0007691230330786,0.0,0.0,5.313339070567974
2025-09-06 19:01:00+02:00,0.0007691230330786,0.0,0.0,5.166695352839921
2025-09-06 19:02:00+02:00,0.0007691230330786,0.0,0.0,5.0200516351118685
2025-09-06 19:03:00+02:00,0.0007691230330786,0.0,0.0,4.873407917383816
2025-09-06 19:04:00+02:00,0.0007691230330786,0.0,0.0,4.726764199655764
2025-09-06 19:05:00+02:00,0.0007691230330786,0.0,0.0,4.460208202191301
2025-09-06 19:06:00+02:00,0.0007691230330786,0.0,0.0,3.947352941176472
2025-09-06 19:07:00+02:00,0.0002039963508683,0.0,0.0,3.4179411764705887
2025-09-06 19:08:00+02:00,9.695225522894196e-05,0.0,0.0,2.936317016317016
2025-09-06 19:09:00+02:00,3.200090728755885e-05,0.0,0.0,2.597499999999998
2025-09-06 19:10:00+02:00,0.0,0.0,0.0,2.268129370629368
2025-09-06 19:11:00+02:00,0.0,0.0,0.0,1.93875874125874
2025-09-06 19:12:00+02:00,0.0,0.0,0.0,1.609388111888111
2025-09-06 19:13:00+02:00,0.0,0.0,0.0,1.371522020362227
2025-09-06 19:14:00+02:00,0.0,0.0,0.0,1.2554639175257738
2025-09-06 19:15:00+02:00,0.0,0.0,0.0,1.140000000000001
2025-09-06 19:16:00+02:00,0.0,0.0,0.0,1.0245360824742282
2025-09-06 19:17:00+02:00,0.0,0.0,0.0,0.909072164948455
2025-09-06 19:18:00+02:00,0.0,0.0,0.0,0.7936082474226817
2025-09-06 19:19:00+02:00,0.0,0.0,0.0,0.6781443298969081
2025-09-06 19:20:00+02:00,0.0,0.0,0.0,0.5626804123711346
2025-09-06 19:21:00+02:00,0.0,0.0,0.0,0.4472164948453611
2025-09-06 19:22:00+02:00,0.0,0.0,0.0,0.3338633131887665
2025-09-06 19:23:00+02:00,0.0,0.0,0.0,0.2775000000000001
2025-09-06 19:24:00+02:00,0.0,0.0,0.0,0.2464655172413797
2025-09-06 19:25:00+02:00,0.0,0.0,0.0,0.2154310344827589
2025-09-06 19:26:00+02:00,0.0,0.0,0.0,0.1843965517241381
2025-09-06 19:27:00+02:00,0.0,0.0,0.0,0.1533620689655174
2025-09-06 19:28:00+02:00,0.0,0.0,0.0,0.1223275862068967
2025-09-06 19:29:00+02:00,0.0,0.0,0.0,0.0912931034482759
2025-09-06 19:30:00+02:00,0.0,0.0,0.0,0.0602586206896551
2025-09-06 19:31:00+02:00,0.0,0.0,0.0,0.0292241379310344
2025-09-06 19:32:00+02:00,0.0,0.0,0.0,0.0061798919817199
2025-09-06 19:33:00+02:00,0.0,0.0,0.0,0.0176850258175558
2025-09-06 19:34:00+02:00,0.0,0.0,0.0,0.0331755593803786
2025-09-06 19:35:00+02:00,0.0,0.0,0.0,0.0486660929432013
2025-09-06 19:36:00+02:00,0.0,0.0,0.0,0.064156626506024
2025-09-06 19:37:00+02:00,0.0,0.0,0.0,0.0796471600688467
2025-09-06 19:38:00+02:00,0.0,0.0,0.0,0.0951376936316694
2025-09-06 19:39:00+02:00,0.0,0.0,0.0,0.1106282271944922
2025-09-06 19:40:00+02:00,0.0,0.0,0.0,0.1261187607573149
2025-09-06 19:41:00+02:00,0.0,0.0,0.0,0.1416092943201377
2025-09-06 19:42:00+02:00,0.0,0.0,0.0,0.15
2025-09-06 19:43:00+02:00,0.0,0.0,0.0,0.15
2025-09-06 19:44:00+02:00,0.0,0.0,0.0,0.15
2025-09-06 19:45:00+02:00,0.0,0.0,0.0,0.15
2025-09-06 19:46:00+02:00,0.0,0.0,0.0,0.15
2025-09-06 19:47:00+02:00,0.0,0.0,0.0,0.15
2025-09-06 19:48:00+02:00,0.0,0.0,0.0,0.15
2025-09-06 19:49:00+02:00,0.0,0.0,0.0,0.15
2025-09-06 19:50:00+02:00,0.0,0.0,0.0,0.15
2025-09-06 19:51:00+02:00,0.0,0.0,0.0,0.1502405498281787
2025-09-06 19:52:00+02:00,0.0,0.0,0.0,0.1554725085910652
2025-09-06 19:53:00+02:00,0.0,0.0,0.0,0.162689003436426
2025-09-06 19:54:00+02:00,0.0,0.0,0.0,0.1699054982817868
2025-09-06 19:55:00+02:00,0.0,0.0,0.0,0.1771219931271476
2025-09-06 19:56:00+02:00,0.0,0.0,0.0,0.1843384879725084
2025-09-06 19:57:00+02:00,0.0,0.0,0.0,0.1915549828178692
2025-09-06 19:58:00+02:00,0.0,0.0,0.0,0.19877147766323
2025-09-06 19:59:00+02:00,0.0,0.0,0.0,0.2059879725085908
2025-09-06 20:00:00+02:00,0.0,0.0,0.0,0.2132044673539517
2025-09-07 05:00:00+02:00,0.0,0.0,0.0,0.1027022375215147
2025-09-07 05:01:00+02:00,0.0,0.0,0.0,0.0944406196213426
2025-09-07 05:02:00+02:00,0.0,0.0,0.0,0.0861790017211704
2025-09-07 05:03:00+02:00,0.0,0.0,0.0,0.0779173838209982
2025-09-07 05:04:00+02:00,0.0,0.0,0.0,0.0724697806002334
2025-09-07 05:05:00+02:00,0.0,0.0,0.0,0.0793103448275861
2025-09-07 05:06:00+02:00,0.0,0.0,0.0,0.0875862068965515
2025-09-07 05:07:00+02:00,0.0,0.0,0.0,0.095862068965517
2025-09-07 05:08:00+02:00,0.0,0.0,0.0,0.1041379310344826
2025-09-07 05:09:00+02:00,0.0,0.0,0.0,0.1124137931034481
2025-09-07 05:10:00+02:00,0.0,0.0,0.0,0.1206896551724137
2025-09-07 05:11:00+02:00,0.0,0.0,0.0,0.1289655172413791
2025-09-07 05:12:00+02:00,0.0,0.0,0.0,0.1372413793103446
2025-09-07 05:13:00+02:00,0.0,0.0,0.0,0.1455172413793103
2025-09-07 05:14:00+02:00,0.0,0.0,0.0,0.1533132530120481
2025-09-07 05:15:00+02:00,0.0,0.0,0.0,0.1605421686746986
2025-09-07 05:16:00+02:00,0.0,0.0,0.0,0.1677710843373491
2025-09-07 05:17:00+02:00,0.0,0.0,0.0,0.1749999999999996
2025-09-07 05:18:00+02:00,0.0,0.0,0.0,0.1822289156626503
2025-09-07 05:19:00+02:00,0.0,0.0,0.0,0.189457831325301
2025-09-07 05:20:00+02:00,0.0,0.0,0.0,0.1966867469879516
2025-09-07 05:21:00+02:00,0.0,0.0,0.0,0.2039156626506023
2025-09-07 05:22:00+02:00,0.0,0.0,0.0,0.2111445783132529
2025-09-07 05:23:00+02:00,0.0,0.0,0.0,0.2176914900983243
2025-09-07 05:24:00+02:00,0.0,0.0,0.0,0.204258620689655
2025-09-07 05:25:00+02:00,0.0,0.0,0.0,0.1814999999999998
2025-09-07 05:26:00+02:00,0.0,0.0,0.0,0.1587413793103445
2025-09-07 05:27:00+02:00,0.0,0.0,0.0,0.1359827586206893
2025-09-07 05:28:00+02:00,0.0,0.0,0.0,0.1132241379310342
2025-09-07 05:29:00+02:00,0.0,0.0,0.0,0.090465517241379
2025-09-07 05:30:00+02:00,0.0,0.0,0.0,0.0677068965517239
2025-09-07 05:31:00+02:00,0.0,0.0,0.0,0.0449482758620688
2025-09-07 05:32:00+02:00,0.0,0.0,0.0,0.0221896551724137
2025-09-07 05:33:00+02:00,0.0,0.0,0.0,0.0053852648418058
2025-09-07 05:34:00+02:00,0.0,0.0,0.0,0.0171391752577319
2025-09-07 05:35:00+02:00,0.0,0.0,0.0,0.0326030927835051
2025-09-07 05:36:00+02:00,0.0,0.0,0.0,0.0480670103092783
2025-09-07 05:37:00+02:00,0.0,0.0,0.0,0.0635309278350515
2025-09-07 05:38:00+02:00,0.0,0.0,0.0,0.0789948453608246
2025-09-07 05:39:00+02:00,0.0,0.0,0.0,0.0944587628865978
2025-09-07 05:40:00+02:00,0.0,0.0,0.0,0.109922680412371
2025-09-07 05:41:00+02:00,0.0,0.0,0.0,0.1253865979381442
2025-09-07 05:42:00+02:00,0.0,0.0,0.0,0.1408505154639174
2025-09-07 05:43:00+02:00,0.0,0.0,0.0,0.1720870300051457
2025-09-07 05:44:00+02:00,0.0,0.0,0.0,0.2256282271944921
2025-09-07 05:45:00+02:00,0.0,0.0,0.0,0.2793287435456108
2025-09-07 05:46:00+02:00,0.0,0.0,0.0,0.3330292598967294
2025-09-07 05:47:00+02:00,0.0,0.0,0.0,0.386729776247848
2025-09-07 05:48:00+02:00,0.0,0.0,0.0,0.4404302925989666
2025-09-07 05:49:00+02:00,0.0,0.0,0.0,0.4941308089500855
2025-09-07 05:50:00+02:00,0.0,0.0,0.0,0.5478313253012047
2025-09-07 05:51:00+02:00,0.0,0.0,0.0,0.6015318416523238
2025-09-07 05:52:00+02:00,0.0,0.0,0.0,0.65466570716363
2025-09-07 05:53:00+02:00,0.0,0.0,0.0,0.6925000000000003
2025-09-07 05:54:00+02:00,0.0,0.0,0.0,0.7235344827586214
2025-09-07 05:55:00+02:00,0.0,0.0,0.0,0.7545689655172425
2025-09-07 05:56:00+02:00,0.0,0.0,0.0,0.7856034482758635
2025-09-07 05:57:00+02:00,0.0,0.0,0.0,0.8166379310344841
2025-09-07 05:58:00+02:00,0.0,0.0,0.0,0.8476724137931044
2025-09-07 05:59:00+02:00,0.0,0.0,0.0,0.878706896551725
2025-09-07 06:00:00+02:00,2.862417936166701e-05,0.0,0.0,0.9097413793103452
2025-09-07 06:01:00+02:00,9.108813762477584e-05,0.0,0.0,0.9407758620689658
2025-09-07 06:02:00+02:00,0.0001944843644376,0.0,0.0,0.9706648626801524
2025-09-07 06:03:00+02:00,0.0007691230330786,0.0,0.0,0.9950514579759862
2025-09-07 06:04:00+02:00,0.0007691230330786,0.0,0.0,1.018722126929675
2025-09-07 06:05:00+02:00,0.0007691230330786,0.0,0.0,1.042392795883363
2025-09-07 06:06:00+02:00,0.0007691230330786,0.0,0.0,1.0660634648370506
2025-09-07 06:07:00+02:00,0.0007691230330786,0.0,0.0,1.0897341337907382
2025-09-07 06:08:00+02:00,0.0007691230330786,0.0,0.0,1.113404802744426
2025-09-07 06:09:00+02:00,0.0007691230330786,0.0,0.0,1.1370754716981135
2025-09-07 06:10:00+02:00,0.0007691230330786,0.0,0.0,1.1607461406518012
2025-09-07 06:11:00+02:00,0.0007691230330786,0.0,0.0,1.1844168096054888
2025-09-07 06:12:00+02:00,0.0007691230330786,0.0,0.0,1.2295926243567756
2025-09-07 06:13:00+02:00,0.0007691230330786,0.0,0.0,1.313224699828475
2025-09-07 06:14:00+02:00,0.0007691230330786,0.0,0.0,1.397615780445971
2025-09-07 06:15:00+02:00,0.0007691230330786,0.0,0.0,1.482006861063467
2025-09-07 06:16:00+02:00,0.0007691230330786,0.0,0.0,1.566397941680962
2025-09-07 06:17:00+02:00,0.0007691230330786,0.0,0.0,1.6507890222984571
2025-09-07 06:18:00+02:00,0.0007691230330786,0.0,0.0,1.735180102915953
2025-09-07 06:19:00+02:00,0.0007691230330786,0.0,0.0,1.819571183533448
2025-09-07 06:20:00+02:00,0.0007691230330786,0.0,0.0,1.903962264150944
2025-09-07 06:21:00+02:00,0.0007691230330786,0.0,0.0,1.9898309748427672
2025-09-07 06:22:00+02:00,0.0007691230330786,0.0,0.0,2.205731132075472
2025-09-07 06:23:00+02:00,0.0007691230330786,0.0,0.0,2.502900943396227
2025-09-07 06:24:00+02:00,0.0090005490071407,0.0,0.0,2.8000707547169816
2025-09-07 06:25:00+02:00,0.0912131240728133,0.0,0.0,3.08646621554875
2025-09-07 06:26:00+02:00,0.1874619924423811,0.0,0.0,3.3271989528795807
2025-09-07 06:27:00+02:00,0.2905004779411537,0.0,0.0,3.562801047120418
2025-09-07 06:28:00+02:00,0.3972029884938521,0.0535829697674522,0.012108808586254,3.798403141361256
2025-09-07 06:29:00+02:00,0.5039054990465506,0.1721663171280575,0.1292569449879148,4.034005235602094
2025-09-07 06:30:00+02:00,0.6106080095992485,0.2907496644886627,0.2470595402521549,4.269607329842933
2025-09-07 06:31:00+02:00,0.7173105201519465,0.409333011849268,0.3648621355163946,4.521124927283305
2025-09-07 06:32:00+02:00,0.8240130307046449,0.5279163592098735,0.4797970446846689,5.202361111111112
2025-09-07 06:33:00+02:00,0.923170864939166,0.6464997065704782,0.575332484451133,6.073765025990904
2025-09-07 06:34:00+02:00,0.9423103730309614,0.7422828482687058,0.6708679242175976,6.938421052631579
2025-09-07 06:35:00+02:00,0.943087228785086,0.808763103129544,0.7679784731613231,7.685024685206994
2025-09-07 06:36:00+02:00,0.943087228785086,0.8425026918947035,0.8674473093581997,7.795877796901894
2025-09-07 06:37:00+02:00,0.943087228785086,0.8555649899266977,0.9321951003058844,7.811368330464716
2025-09-07 06:38:00+02:00,0.943087228785086,0.8531043195067736,0.9400682744926732,7.826858864027538
2025-09-07 06:39:00+02:00,0.943087228785086,0.8531043195067736,0.9400682744926732,7.84234939759036
2025-09-07 06:40:00+02:00,0.943087228785086,0.8531043195067736,0.9400682744926732,7.857839931153182
2025-09-07 06:41:00+02:00,0.943087228785086,0.8531043195067736,0.9400682744926732,7.873330464716004
2025-09-07 06:42:00+02:00,0.943087228785086,0.8531043195067736,0.9400682744926732,7.888820998278827
2025-09-07 06:43:00+02:00,0.943087228785086,0.8531043195067736,0.9400682744926732,7.904311531841649
2025-09-07 06:44:00+02:00,0.943087228785086,0.8531043195067736,0.9400682744926732,7.919802065404472
2025-09-07 06:45:00+02:00,0.943087228785086,0.8531043195067736,0.9400682744926732,8.051356368330465
2025-09-07 06:46:00+02:00,0.943087228785086,0.8531043195067736,0.9400682744926732,8.390460000000001
2025-09-07 06:47:00+02:00,0.943087228785086,0.8451074923673529,0.9410765159201088,8.73366
2025-09-07 06:48:00+02:00,0.943087228785086,0.8219656538291926,0.9493440956250818,9.07686
2025-09-07 06:49:00+02:00,0.943087228785086,0.7984647740725277,0.9590232133284644,9.411101720430109
2025-09-07 06:50:00+02:00,0.943087228785086,0.7749638943158625,0.968702331031847,9.717048387096776
2025-09-07 06:51:00+02:00,0.943087228785086,0.7532034966099929,0.9783814487352298,10.02091935483871
2025-09-07 06:52:00+02:00,0.943087228785086,0.7368673421834723,0.9880605664386124,10.324790322580649
2025-09-07 06:53:00+02:00,0.9577667758273108,0.7205311877569518,0.997739684141995,10.628661290322585
2025-09-07 06:54:00+02:00,1.1030942915453377,0.704195033330431,1.0074188018453778,11.038594758064514
2025-09-07 06:55:00+02:00,1.2053559983879514,0.6878588789039106,1.0170979195487602,12.04906501004016
2025-09-07 06:56:00+02:00,1.2056168065395707,0.6716134808908709,1.0267770372521428,12.512951807228916
2025-09-07 06:57:00+02:00,1.2056168065395707,0.665124397327003,1.033794397587095,12.635843373493977
2025-09-07 06:58:00+02:00,1.2056168065395707,0.665124397327003,1.0341170348438746,12.758734939759035
2025-09-07 06:59:00+02:00,1.2056168065395707,0.665124397327003,1.0341170348438746,12.881626506024096
2025-09-07 07:00:00+02:00,1.2056168065395707,0.665124397327003,1.0341170348438746,13.00451807228916
2025-09-07 07:01:00+02:00,1.2056168065395707,0.665124397327003,1.0341170348438746,13.127409638554218
2025-09-07 07:02:00+02:00,1.2056168065395707,0.665124397327003,1.0341170348438746,13.25030120481928
2025-09-07 07:03:00+02:00,1.2056168065395707,0.665124397327003,1.0341170348438746,13.37319277108434
2025-09-07 07:04:00+02:00,1.206447795270937,0.665124397327003,1.0341170348438746,13.4960843373494
2025-09-07 07:05:00+02:00,1.226747662851453,0.665124397327003,1.0341170348438746,13.682840791738384
2025-09-07 07:06:00+02:00,1.255238705069722,0.6617087818360905,1.0341170348438746,14.29618956043956
2025-09-07 07:07:00+02:00,1.2837297472879905,0.6252548492330758,1.050550285980509,15.020499999999998
2025-09-07 07:08:00+02:00,1.3122207895062583,0.5805413373520357,1.0808885957712189,15.78156043956044
2025-09-07 07:09:00+02:00,1.3407118317245263,0.5425588550812556,1.111226905561929,16.634285714285717
2025-09-07 07:10:00+02:00,1.3692028739427946,0.5286219379411873,1.128015195405728,17.613595505617976
2025-09-07 07:11:00+02:00,1.3976939161610626,0.5283521911578315,1.128050556606429,18.610900043343445
2025-09-07 07:12:00+02:00,1.426184958379331,0.5283521911578315,1.128050556606429,18.97928783382788
2025-09-07 07:13:00+02:00,1.454676000597599,0.5283521911578315,1.128050556606429,19.24635014836794
2025-09-07 07:14:00+02:00,1.4784581066714588,0.5283521911578315,1.128050556606429,19.513412462908004
2025-09-07 07:15:00+02:00,1.4810302146494965,0.5283521911578315,1.128050556606429,19.780474777448067
2025-09-07 07:16:00+02:00,1.4810302146494965,0.5283521911578315,1.128050556606429,20.04753709198813
2025-09-07 07:17:00+02:00,1.4810302146494965,0.5283521911578315,1.128050556606429,20.23604792967018
2025-09-07 07:18:00+02:00,1.4810302146494965,0.5283521911578315,1.128050556606429,20.30645689655172
2025-09-07 07:19:00+02:00,1.4810302146494965,0.5282315312278194,1.1282878776544316,20.375767241379307
2025-09-07 07:20:00+02:00,1.4810302146494965,0.5230212160682051,1.1340852918270534,20.44507758620689
2025-09-07 07:21:00+02:00,1.4810302146494965,0.5151234751946844,1.1422220134728382,20.51438793103448
2025-09-07 07:22:00+02:00,1.4810302146494965,0.5072257343211635,1.1503587351186235,20.583698275862066
2025-09-07 07:23:00+02:00,1.4810302146494965,0.4993279934476431,1.1584954567644086,20.653008620689647
2025-09-07 07:24:00+02:00,1.5073917389866582,0.4915162298602882,1.166632178410194,20.722318965517232
2025-09-07 07:25:00+02:00,1.5733877229915805,0.485467072529232,1.174768900055979,20.791629310344817
2025-09-07 07:26:00+02:00,1.6397523996445744,0.4794179151981759,1.182905621701764,20.89582454361054
2025-09-07 07:27:00+02:00,1.7061170762975686,0.4733687578671196,1.1910423433475488,21.67147414611006
2025-09-07 07:28:00+02:00,1.7542314668709893,0.4673196005360631,1.1991790649933345,21.96081653225808
2025-09-07 07:29:00+02:00,1.756443622759423,0.4619509734047512,1.2061291813991095,22.17734879032261
2025-09-07 07:30:00+02:00,1.756443622759423,0.4611192142717315,1.2069767565705456,22.39388104838713
2025-09-07 07:31:00+02:00,1.756443622759423,0.4611192142717315,1.2069767565705456,22.610413306451637
2025-09-07 07:32:00+02:00,1.756443622759423,0.4611192142717315,1.2069767565705456,22.826945564516148
2025-09-07 07:33:00+02:00,1.756443622759423,0.4611192142717315,1.2069767565705456,23.043477822580652
2025-09-07 07:34:00+02:00,1.756443622759423,0.4611192142717315,1.2069767565705456,23.260010080645163
2025-09-07 07:35:00+02:00,1.756443622759423,0.4611192142717315,1.2069767565705456,23.5957721203591
2025-09-07 07:36:00+02:00,1.756443622759423,0.4611192142717315,1.2069767565705456,24.804182209209856
2025-09-07 07:37:00+02:00,1.756443622759423,0.4611192142717315,1.2069767565705456,24.546896551724128
2025-09-07 07:38:00+02:00,1.71266403476507,0.4611192142717315,1.2069767565705456,23.98137931034482
2025-09-07 07:39:00+02:00,1.617144933686483,0.4638702146954718,1.2020947235830746,22.874125183119222
2025-09-07 07:40:00+02:00,1.5216258326078955,0.4753103506039533,1.1862281163737929,21.371736111111105
2025-09-07 07:41:00+02:00,1.4261067315293086,0.4873879134398868,1.1699546730822232,20.713402777777777
2025-09-07 07:42:00+02:00,1.3305876304507214,0.5018087375256253,1.153681229790653,18.603847853535356
2025-09-07 07:43:00+02:00,1.236793179808276,0.5175771258219855,1.137407786499082,14.53090845372386
2025-09-07 07:44:00+02:00,1.2056168065395707,0.5333455141183454,1.1199244089787332,13.292085889570556
2025-09-07 07:45:00+02:00,1.2056168065395707,0.5494099701391499,1.100532911999104,12.688404907975462
2025-09-07 07:46:00+02:00,1.2056168065395707,0.5820822789921911,1.0811414150194751,12.071809583565718
2025-09-07 07:47:00+02:00,1.2056168065395707,0.6147545878452317,1.0617499180398462,11.397045454545456
2025-09-07 07:48:00+02:00,1.2056168065395707,0.6474268966982728,1.0425065505510336,10.797005582137162
2025-09-07 07:49:00+02:00,1.2056168065395707,0.6562756470126382,1.0405000692663358,10.946754385964915
2025-09-07 07:50:00+02:00,1.2056168065395707,0.6399394925861178,1.05019581775615,11.277280701754394
2025-09-07 07:51:00+02:00,1.2056168065395707,0.6236033381595972,1.0598915662459647,11.60780701754387
2025-09-07 07:52:00+02:00,1.2056168065395707,0.6072671837330766,1.0695873147357793,11.938333333333338
2025-09-07 07:53:00+02:00,1.219004958322692,0.5909310293065562,1.0792830632255934,12.49028212422949
2025-09-07 07:54:00+02:00,1.2859457172382998,0.5745948748800354,1.0889788117154082,13.625795480354304
2025-09-07 07:55:00+02:00,1.3584229298988066,0.5582587204535148,1.0986745602052226,14.506218487394955
2025-09-07 07:56:00+02:00,1.4309001425593135,0.5455003134301233,1.1083703086950372,15.890751416845807
2025-09-07 07:57:00+02:00,1.5033773552198202,0.5376161192819429,1.1180660571848515,20.73651162790697
2025-09-07 07:58:00+02:00,1.5758545678803269,0.5288576509451974,1.1294331636048338,25.194033680834
2025-09-07 07:59:00+02:00,1.6483317805408335,0.5081814449853798,1.1516873091998492,18.40460098522168
2025-09-07 08:00:00+02:00,1.7208089932013402,0.4856199102809473,1.1763517466886355,19.37502556022409
2025-09-07 08:01:00+02:00,1.7891288715818066,0.4668932636496989,1.2010161841774225,20.859099264705897
2025-09-07 08:02:00+02:00,1.85342772172292,0.448166617018451,1.2250894921261737,22.343658088235312
2025-09-07 08:03:00+02:00,1.9177265718119387,0.4294399703872027,1.2457558241164384,23.82821691176472
2025-09-07 08:04:00+02:00,1.9845186272430408,0.4072470093520257,1.2664287799310583,25.35658717105264
2025-09-07 08:05:00+02:00,2.051377334109292,0.3772701662077908,1.3045126368131856,28.840586124401916
2025-09-07 08:06:00+02:00,2.116953772741528,0.3448482673327939,1.3574747018262383,31.49461734997029
2025-09-07 08:07:00+02:00,2.18230550538369,0.3124263684577963,1.4104367668392923,32.01088235294118
2025-09-07 08:08:00+02:00,2.247657238025852,0.2884636407591321,1.4633988318523454,32.516764705882345
2025-09-07 08:09:00+02:00,2.336616534638521,0.2658628893851273,1.5163608968653994,34.07762578108166
2025-09-07 08:10:00+02:00,2.6070168229102184,0.2445660927732029,1.5664469481021304,42.148417022792025
2025-09-07 08:11:00+02:00,2.8552668042466265,0.2254737177967976,1.6116709081245473,46.888621913580245
2025-09-07 08:12:00+02:00,2.8766676647066625,0.2064157869084475,1.666003350946477,47.89897222222223
2025-09-07 08:13:00+02:00,2.8766676647066625,0.187357856020097,1.722882228943271,48.42230555555557
2025-09-07 08:14:00+02:00,2.8766676647066625,0.1682999251317469,1.7797611069400654,48.9918498931624
2025-09-07 08:15:00+02:00,2.8766676647066625,0.1492419942433978,1.8366399849368575,49.84822115384616
2025-09-07 08:16:00+02:00,2.8766676647066625,0.1332871274893627,1.8823257371795832,51.9186647033522
2025-09-07 08:17:00+02:00,2.8766676647066625,0.1266053709971824,1.901407538354671,52.733269980506826
2025-09-07 08:18:00+02:00,2.8766676647066625,0.1205370109036465,1.91935380503297,48.79646802325581
2025-09-07 08:19:00+02:00,2.8766676647066625,0.1144686508101089,1.9373000717112687,48.75114380635975
2025-09-07 08:20:00+02:00,2.8766676647066625,0.108400290716573,1.955246338389568,46.92030612244898
2025-09-07 08:21:00+02:00,2.950685833047765,0.1023319306230363,1.9731926050678676,46.74666666666668
2025-09-07 08:22:00+02:00,3.1121800185192625,0.0962635705294991,1.9911388717461656,49.66193191865606
2025-09-07 08:23:00+02:00,3.273674203990758,0.0901952104359629,2.009085138424465,54.15688864942528
2025-09-07 08:24:00+02:00,3.4103124618701237,0.084126850342427,2.027031405102763,57.4075625
2025-09-07 08:25:00+02:00,3.378285863701713,0.0780584902488898,2.045987149281713,59.87593137254902
2025-09-07 08:26:00+02:00,3.31418130152982,0.0802666990607043,2.1747354359680564,59.38338235294117
2025-09-07 08:27:00+02:00,3.250076739357927,0.092369706136147,2.109749630638347,58.45838782763965
2025-09-07 08:28:00+02:00,3.185972177186034,0.1045064263232204,1.9718842707255892,57.47062153053133
2025-09-07 08:29:00+02:00,3.1218676150141413,0.116643146510293,1.874845698649253,55.27107466063348
2025-09-07 08:30:00+02:00,3.057763052842252,0.1287798666973665,1.855128063536588,53.73209383753502
2025-09-07 08:31:00+02:00,2.993658490670361,0.1409165868844399,1.837243467877803,52.34510382059801
2025-09-07 08:32:00+02:00,2.9295539284984717,0.1530533070715134,1.8193588722190164,51.542674418604655
2025-09-07 08:33:00+02:00,2.896875273609614,0.165190027258586,1.801474276560231,50.6128175313059
2025-09-07 08:34:00+02:00,2.95108388209646,0.1773267474456599,1.783589680901446,48.197838104877576
2025-09-07 08:35:00+02:00,3.010222597902923,0.1885047257214429,1.76570508524266,45.325148305084745
2025-09-07 08:36:00+02:00,3.069361313709387,0.1826203420681342,1.7478204895838747,45.97399660637773
2025-09-07 08:37:00+02:00,3.1285000295158505,0.1705252572847899,1.7299358939250888,45.35999999999999
2025-09-07 08:38:00+02:00,3.1876387453223143,0.1584301725014456,1.7125487338909209,44.77874025031743
2025-09-07 08:39:00+02:00,3.246777461128778,0.1463350877181013,1.718034634378483,45.39076576576576
2025-09-07 08:40:00+02:00,3.305916176935242,0.134240002934757,1.735950012473859,46.6588536036036
2025-09-07 08:41:00+02:00,3.3650548927417057,0.1221449181514136,1.7538653905692343,50.01201298701299
2025-09-07 08:42:00+02:00,3.4202954623218558,0.1100498333680701,1.7717807686646094,54.188372319688106
2025-09-07 08:43:00+02:00,3.387757050038997,0.0979547485847263,1.7896961467599846,55.23917989417989
2025-09-07 08:44:00+02:00,3.3189234627888533,0.0858596638013824,1.8076115248553608,55.73759259259258
2025-09-07 08:45:00+02:00,3.250089875538708,0.0776704862226065,1.825526902950736,56.168418209876535
2025-09-07 08:46:00+02:00,3.181256288288561,0.0875364665754419,1.8434422810461115,55.78479166666665
2025-09-07 08:47:00+02:00,3.112422701038414,0.0996941121421475,1.8613576591414869,55.159791666666656
2025-09-07 08:48:00+02:00,3.043589113788268,0.1118517577088544,1.8750648968216912,54.42972822681705
2025-09-07 08:49:00+02:00,2.974755526538121,0.1240094032755605,1.8619257516624137,53.55109022556392
2025-09-07 08:50:00+02:00,2.9061131436970027,0.1361670488422675,1.8439794849841145,51.429388575605685
2025-09-07 08:51:00+02:00,2.8766676647066625,0.1483246944089731,1.8260332183058157,46.33511111111111
2025-09-07 08:52:00+02:00,2.8766676647066625,0.1604823399756787,1.8080869516275169,44.71863782051283
2025-09-07 08:53:00+02:00,2.8766676647066625,0.1726399855423848,1.7901406849492176,45.02056089743591
2025-09-07 08:54:00+02:00,2.8766676647066625,0.1847976311090908,1.7721944182709173,45.32248397435898
2025-09-07 08:55:00+02:00,2.8766676647066625,0.1959689204998538,1.754248151592619,45.624407051282056
2025-09-07 08:56:00+02:00,2.8766676647066625,0.2054727096384574,1.7363018849143206,45.92633012820513
2025-09-07 08:57:00+02:00,2.8766676647066625,0.2149504440856207,1.7183556182360238,45.94421650432125
2025-09-07 08:58:00+02:00,2.8766676647066625,0.2244281785327839,1.6894442765767972,45.45217877094973
2025-09-07 08:59:00+02:00,2.8766676647066625,0.2339059129799474,1.6358615162104786,44.94938547486034
2025-09-07 09:00:00+02:00,2.8766676647066625,0.2433836474271107,1.5896366404792284,44.060863382427634
2025-09-07 09:01:00+02:00,2.8766676647066625,0.2434741904225423,1.5687063059479645,43.499848484848485
2025-09-07 09:02:00+02:00,2.8766676647066625,0.2180697478784812,1.628546848713607,44.27867768595042
2025-09-07 09:03:00+02:00,2.8766676647066625,0.1912582101268096,1.710830126764304,45.0795
2025-09-07 09:04:00+02:00,2.8766676647066625,0.1644466723751381,1.793113404815002,45.89950000000001
2025-09-07 09:05:00+02:00,2.8766676647066625,0.1426126469560698,1.8509390082619548,47.28360180754918
2025-09-07 09:06:00+02:00,2.8766676647066625,0.2013042616177138,1.6786552552188403,45.37796009292004
2025-09-07 09:07:00+02:00,2.8766676647066625,0.2239807677170548,1.6128674469977171,43.665
2025-09-07 09:08:00+02:00,2.8766676647066625,0.1701705604600376,1.7819651634624387,45.7536217948718
2025-09-07 09:09:00+02:00,2.8766676647066625,0.1346592017489727,1.8785842075374084,48.194211570593154
2025-09-07 09:10:00+02:00,2.9115158341325924,0.1338368334419808,1.8788251527844784,48.53778195488725
2025-09-07 09:11:00+02:00,3.0123621693284464,0.1338368334419808,1.8788251527844784,48.87612781954891
2025-09-07 09:12:00+02:00,3.1147731162128087,0.1338368334419808,1.8788251527844784,49.21447368421054
2025-09-07 09:13:00+02:00,3.217184063097172,0.1338368334419808,1.8788251527844784,49.83796789270473
2025-09-07 09:14:00+02:00,3.319595009981533,0.1338368334419808,1.8788251527844784,51.80913454438045
2025-09-07 09:15:00+02:00,3.41129199338298,0.1338368334419808,1.8788251527844784,54.23835007932311
2025-09-07 09:16:00+02:00,3.3503126422285816,0.1338368334419808,1.8788251527844784,56.99972350230414
2025-09-07 09:17:00+02:00,3.2390848588574848,0.1338368334419808,1.8788251527844784,55.56560544217688
2025-09-07 09:18:00+02:00,3.127857075486389,0.1338031782566586,1.8792715007550365,52.01781818181818
2025-09-07 09:19:00+02:00,3.0166292921152915,0.1301515906492092,1.89176924393066,49.85069344608879
2025-09-07 09:20:00+02:00,2.913148439366613,0.1240936572912292,1.90962316275298,48.90441860465115
2025-09-07 09:21:00+02:00,2.9509636492292066,0.1180357239332474,1.9274770815753,48.19301044540796
2025-09-07 09:22:00+02:00,3.041019388044413,0.1119777905752665,1.9453310003976207,46.96618997175141
2025-09-07 09:23:00+02:00,3.1310751268596184,0.1059198572172857,1.9631849192199424,47.18069444444445
2025-09-07 09:24:00+02:00,3.221130865674821,0.0998619238593052,1.981038838042264,48.49719246031746
2025-09-07 09:25:00+02:00,3.3111866044900253,0.0938039905013243,1.9988927568645865,51.01024234693877
2025-09-07 09:26:00+02:00,3.4013518882308027,0.0877460571433439,2.0167466756869072,54.009503205128205
2025-09-07 09:27:00+02:00,3.50329325147079,0.0816881237853639,2.034600594509229,55.41461538461538
2025-09-07 09:28:00+02:00,3.6130670768893225,0.0736238236101027,2.0659657289579725,56.25036057692307
2025-09-07 09:29:00+02:00,3.722840902307856,0.0477028587610499,2.175801750380121,58.3459375
2025-09-07 09:30:00+02:00,3.83261472772639,0.0150573289985986,2.300890705090561,60.84918560606061
2025-09-07 09:31:00+02:00,3.942388553144922,0.0,2.4278277133029174,64.73719696969697
2025-09-07 09:32:00+02:00,4.221035927973767,0.0,2.573255212378206,70.06541666666666
2025-09-07 09:33:00+02:00,4.742288899615747,0.0,2.882474332334328,81.7058723036223
2025-09-07 09:34:00+02:00,4.972580493786432,0.0,2.9913130197247795,88.28363675213676
2025-09-07 09:35:00+02:00,4.653248037079549,0.0,3.0611709705530568,83.86561475908194
2025-09-07 09:36:00+02:00,4.757970059095392,0.0,3.131028921381332,83.83209302325581
2025-09-07 09:37:00+02:00,4.976092075836114,0.0,3.2008868722096078,85.02911175710595
2025-09-07 09:38:00+02:00,5.0358149549030085,0.0,3.2346953661543703,91.28761224668064
2025-09-07 09:39:00+02:00,4.784051703345202,0.0,3.0484200166249926,89.03268867924528
2025-09-07 09:40:00+02:00,4.529244969743391,0.0,2.859749895048532,81.37344473938224
2025-09-07 09:41:00+02:00,4.295588990849327,0.0,2.7179046825800297,81.84914351851852
2025-09-07 09:42:00+02:00,4.059035071728131,0.0,2.541306995814677,73.87783333333333
2025-09-07 09:43:00+02:00,3.665895730371993,0.0358769259190809,2.2265090348021515,60.398829365079365
2025-09-07 09:44:00+02:00,3.402634574055759,0.1109849626082644,2.138139326704006,52.99348060344828
2025-09-07 09:45:00+02:00,3.3359861800516493,0.078502660494625,2.065603893439803,53.58822948175035
2025-09-07 09:46:00+02:00,3.269337786047539,0.0310850285146639,1.9930684601755984,57.53980555555555
2025-09-07 09:47:00+02:00,3.20268939204343,0.0919689415216358,1.9205330269113956,54.74837037505623
2025-09-07 09:48:00+02:00,3.136040998039321,0.1230588871837237,1.9060991611641251,51.75425480769232
2025-09-07 09:49:00+02:00,3.0693926040352117,0.1053417152523437,1.9597529481404825,51.2782932692308
2025-09-07 09:50:00+02:00,3.0027442100311026,0.0876245433209628,2.0134067351168383,50.80233173076925
2025-09-07 09:51:00+02:00,2.936095816026993,0.0699073713895828,2.067060522093196,50.11528846153846
2025-09-07 09:52:00+02:00,2.958089786048349,0.052190199458201,2.120714309069552,49.257458333333325
2025-09-07 09:53:00+02:00,3.257896478410168,0.0344730275268196,2.174368096045908,51.0945
2025-09-07 09:54:00+02:00,3.4978233221755586,0.0200164521226144,2.2152577204315067,59.24115625
2025-09-07 09:55:00+02:00,3.637454934023281,0.0311071122553849,2.1803415102565444,62.58620689655172
2025-09-07 09:56:00+02:00,3.77683580779121,0.0476987226758311,2.132920851152156,60.858095238095245
2025-09-07 09:57:00+02:00,3.9162166815591406,0.0642903330962774,2.0855001920477685,62.2805
2025-09-07 09:58:00+02:00,3.917187168327375,0.0808819435167227,2.038079532943379,67.25466666666667
2025-09-07 09:59:00+02:00,3.69789946526326,0.0974735539371702,1.9906588738389923,66.53271929824562
2025-09-07 10:00:00+02:00,3.5048703919721125,0.1140651643576147,1.9432382147346048,60.13213095238095
2025-09-07 10:01:00+02:00,3.6359366238515176,0.1208357756249984,1.9066364015806485,52.99108566252588
2025-09-07 10:02:00+02:00,3.855484274688583,0.0277504634605105,2.1808409772471125,57.39525
2025-09-07 10:03:00+02:00,4.041234851054271,0.0,2.5111126123691694,67.93207969114219
2025-09-07 10:04:00+02:00,4.169849241143816,0.0,2.524874408698056,70.26711581541218
2025-09-07 10:05:00+02:00,4.2975708783227935,0.0,2.4679955307012635,66.97636363636364
2025-09-07 10:06:00+02:00,4.425292515501771,0.0,2.4111166527044685,70.25551195090439
2025-09-07 10:07:00+02:00,4.492824697620288,0.0,2.354237774707675,74.68727252252252
2025-09-07 10:08:00+02:00,4.044521637227268,0.0,2.2973588967108807,69.14489001937984
2025-09-07 10:09:00+02:00,3.634662096290479,0.0067521491404827,2.2534673625233568,63.190549418604654
2025-09-07 10:10:00+02:00,3.689958202351404,0.0,2.4065713318399884,56.86458225667528
2025-09-07 10:11:00+02:00,4.306523896300713,0.0,2.734024132708182,75.39446296296296
2025-09-07 10:12:00+02:00,4.1116232006651625,0.0,2.599236363597682,74.55534722222222
2025-09-07 10:13:00+02:00,3.6055266605480742,0.0,2.313608918405957,60.37500648148148
2025-09-07 10:14:00+02:00,3.900322237036663,0.0,2.49468120429476,64.76636203703704
2025-09-07 10:15:00+02:00,4.110823229467783,0.0,2.423700770665028,69.16934794372294
2025-09-07 10:16:00+02:00,4.246818333022726,0.0,2.412956686879537,67.0703253968254
2025-09-07 10:17:00+02:00,4.38281343657767,0.0,2.6804733070675084,72.91990476190476
2025-09-07 10:18:00+02:00,4.5147211317424345,0.0,2.8478913916443616,72.80043492063491
2025-09-07 10:19:00+02:00,4.5108301607240575,0.0,2.887111951031774,84.85791666666667
2025-09-07 10:20:00+02:00,4.440112706875488,0.0,2.8208136410100337,82.92890053763442
2025-09-07 10:21:00+02:00,4.369395253026915,0.0,2.7545153309882924,84.20313116039428
2025-09-07 10:22:00+02:00,4.2986777991783445,0.0,2.688217020966553,84.9915625
2025-09-07 10:23:00+02:00,4.227960345329773,0.0,2.6219187109448145,77.79124537037036
2025-09-07 10:24:00+02:00,4.157242891481201,0.0,2.5430140754394435,68.68257156970867
2025-09-07 10:25:00+02:00,4.086525437632631,0.0,2.434146579364284,72.21601851851852
2025-09-07 10:26:00+02:00,4.02142486488401,0.0,2.324000180703825,71.9130150462963
2025-09-07 10:27:00+02:00,4.064242073268889,0.0081719473126429,2.250037995536863,64.23218660968661
2025-09-07 10:28:00+02:00,4.148219049714069,0.0,2.305553905472638,65.8003105590062
2025-09-07 10:29:00+02:00,4.232196026159246,0.0,2.3724917490315653,62.81125
2025-09-07 10:30:00+02:00,4.316173002604428,0.0,2.4394295925904927,62.272298634336686
2025-09-07 10:31:00+02:00,4.400149979049603,0.0,2.506367436149421,64.778327991453
2025-09-07 10:32:00+02:00,4.484126955494781,0.0,2.596293835197263,71.0456923076923
2025-09-07 10:33:00+02:00,4.574090393915875,0.0,2.819000593475555,80.23023518199705
2025-09-07 10:34:00+02:00,4.6853300417919215,0.0,2.9649921533250825,82.73308411214954
2025-09-07 10:35:00+02:00,4.798430346768592,0.0,3.041527702394299,84.7848100553825
2025-09-07 10:36:00+02:00,4.911530651745264,0.0,3.1180632514635125,89.6505137576848
2025-09-07 10:37:00+02:00,5.024630956721934,0.0,3.194598800532726,88.58520917678813
2025-09-07 10:38:00+02:00,5.207393176450635,0.0,3.29645070619061,94.3317015022015
2025-09-07 10:39:00+02:00,5.58544040871208,0.0,3.519023612352905,101.88580555555556
2025-09-07 10:40:00+02:00,5.78238082353524,0.0,3.661967123236244,109.41428240740738
2025-09-07 10:41:00+02:00,5.914109414037479,0.0,3.741423876468407,108.96356986215538
2025-09-07 10:42:00+02:00,6.04583800453972,0.0,3.8208806297005697,109.96318713450292
2025-09-07 10:43:00+02:00,6.177753907521841,0.0,3.9003373829327295,113.8159889214728
2025-09-07 10:44:00+02:00,6.384594802456294,0.0,4.009987702393112,117.79143244289584
2025-09-07 10:45:00+02:00,6.65118837847273,0.0,4.195579415700231,121.62795238975116
2025-09-07 10:46:00+02:00,7.070517857415254,0.0,4.4168581388273385,133.6368220899471
2025-09-07 10:47:00+02:00,7.243540596060134,0.0,4.606603363360664,141.0136273148148
2025-09-07 10:48:00+02:00,6.991329041907741,0.0,4.449340254023217,142.26869444444444
2025-09-07 10:49:00+02:00,6.532266127585669,0.0,4.112037833891443,125.82626984126983
2025-09-07 10:50:00+02:00,5.86662095022803,0.0,3.671558886891281,112.1073646640827
2025-09-07 10:51:00+02:00,5.513839381142954,0.0,3.4813974842039217,108.46697674418606
2025-09-07 10:52:00+02:00,5.261277045969486,0.0,3.337343359972115,104.2686030361757
2025-09-07 10:53:00+02:00,5.424878125280149,0.0,3.45568592793588,98.1951851851852
2025-09-07 10:54:00+02:00,5.804955739450855,0.0,3.679665474238439,108.26574508101852
2025-09-07 10:55:00+02:00,6.023077756191577,0.0,3.813973018411512,110.42337239583333
2025-09-07 10:56:00+02:00,6.264914201496553,0.0,3.9328947163717993,116.3179415954416
2025-09-07 10:57:00+02:00,6.634474614549996,0.0,3.895040266050581,123.98014376218325
2025-09-07 10:58:00+02:00,6.670039419325855,0.0,3.815583512818418,122.71381303418804
2025-09-07 10:59:00+02:00,6.423048312134153,0.0,3.736126759586256,123.1768923237754
2025-09-07 11:00:00+02:00,6.059230411240782,0.0,3.656670006354098,116.88788095238095
2025-09-07 11:01:00+02:00,5.296412098407393,0.0,3.339292391181575,95.98228333333331
2025-09-07 11:02:00+02:00,4.966486866111992,0.0,3.136559342488571,92.37209444444444
2025-09-07 11:03:00+02:00,4.801826127984192,0.0,3.0096223342762154,89.26073770491803
2025-09-07 11:04:00+02:00,4.637232199768866,0.0,2.94735689318463,86.0377794117647
2025-09-07 11:05:00+02:00,4.630643714554139,0.0,3.009722127521667,79.58306074297188
2025-09-07 11:06:00+02:00,4.7564519189663885,0.0,3.0751864965368454,77.65614457831323
2025-09-07 11:07:00+02:00,4.882260123378639,0.0,3.14065086555202,79.0415332535817
2025-09-07 11:08:00+02:00,5.008068327790891,0.0,3.2061152345671973,84.62925
2025-09-07 11:09:00+02:00,5.375827147758635,0.0,3.398821424718889,97.25897486772487
2025-09-07 11:10:00+02:00,6.475993720672369,0.0,4.052647345097589,120.96425925925926
2025-09-07 11:11:00+02:00,6.631076933264479,0.0,4.230492982376213,125.91369047619048
2025-09-07 11:12:00+02:00,6.345349186580741,0.0,4.0277944175924265,122.75355555555556
2025-09-07 11:13:00+02:00,6.383161927713404,0.0,4.058477776667746,114.93713384383088
2025-09-07 11:14:00+02:00,6.581924002139861,0.0,4.174777605420967,115.90913338937928
2025-09-07 11:15:00+02:00,6.751008968098435,0.0,4.278674794085543,126.67525595238097
2025-09-07 11:16:00+02:00,6.626298329534273,0.0,4.204790862713859,133.05759550712943
2025-09-07 11:17:00+02:00,6.425155870982952,0.0,4.072194242670377,131.23122469397364
2025-09-07 11:18:00+02:00,6.08169026319136,0.0,3.8321063621031697,119.13881084656084
2025-09-07 11:19:00+02:00,5.272170475944687,0.0,3.2942011995187834,98.85414351851853
2025-09-07 11:20:00+02:00,4.318439048000563,0.0,2.6989727863703914,74.20878769841269
2025-09-07 11:21:00+02:00,3.610694268342303,0.0,2.331567148741882,57.27404463566828
2025-09-07 11:22:00+02:00,4.022616776611093,0.0,2.5022117385155287,61.850509334415584
2025-09-07 11:23:00+02:00,4.462588416165784,0.0,2.825145383078246,75.2551917989418
2025-09-07 11:24:00+02:00,4.202186606635454,0.0,2.6650927931481485,73.36748148148148
2025-09-07 11:25:00+02:00,4.051736531826921,0.0,2.354142212876488,64.66139814814815
2025-09-07 11:26:00+02:00,4.165279889468879,0.0,2.321093539628062,62.79188718323587
2025-09-07 11:27:00+02:00,4.281110201807055,0.0,2.449597671398596,60.4325303030303
2025-09-07 11:28:00+02:00,4.396940514145231,0.0,2.5927232668802,67.47935515873016
2025-09-07 11:29:00+02:00,4.513115559555842,0.0,2.811044961447308,72.59673141186299
2025-09-07 11:30:00+02:00,4.659627115340736,0.0,2.9712618107252498,88.17255949566588
2025-09-07 11:31:00+02:00,4.82509899010956,0.0,3.069458364248016,84.3830950270179
2025-09-07 11:32:00+02:00,4.990570864878384,0.0,3.167654917770782,84.41535714285713
2025-09-07 11:33:00+02:00,5.164876017667955,0.0,3.2245825666315437,94.211875
2025-09-07 11:34:00+02:00,5.361398203055164,0.0,3.049719717436103,91.29140105820106
2025-09-07 11:35:00+02:00,5.558991088808523,0.0,3.3669095107209577,101.01038105413106
2025-09-07 11:36:00+02:00,5.7633329672361056,0.0,3.609777403397451,106.71166666666666
2025-09-07 11:37:00+02:00,5.977218875708036,0.0,3.759538437594346,108.33695370370371
2025-09-07 11:38:00+02:00,6.17382677914714,0.0,3.897403797507103,114.64765802154194
2025-09-07 11:39:00+02:00,5.949078329026227,0.0,3.796084642916048,114.30920535714286
2025-09-07 11:40:00+02:00,5.795826177006226,0.0,3.703632133750024,109.25032051282052
2025-09-07 11:41:00+02:00,6.066867403491802,0.0,3.860155963425411,112.97533333333332
2025-09-07 11:42:00+02:00,6.698151321667454,0.0,4.21049145538907,124.21552777777778
2025-09-07 11:43:00+02:00,7.150629227008196,0.0,4.533795284191771,133.5920833333333
2025-09-07 11:44:00+02:00,7.184837866211764,0.0,4.551200903510248,137.40578125
2025-09-07 11:45:00+02:00,6.854766198176274,0.0,4.312001463193459,134.41975801282052
2025-09-07 11:46:00+02:00,6.329795011830695,0.0,4.017831872050185,114.611579218107
2025-09-07 11:47:00+02:00,6.503821373952539,0.0,4.123505320511234,114.85581750553972
2025-09-07 11:48:00+02:00,6.681550424630163,0.0,4.22917876897228,123.92471296296296
2025-09-07 11:49:00+02:00,6.81532933354408,0.0,4.315026797539069,133.8055603546911
2025-09-07 11:50:00+02:00,6.874807625438601,0.0,4.353753538241249,135.50831521739136
2025-09-07 11:51:00+02:00,6.933124970192197,0.0,4.390469004461403,134.50775778495887
2025-09-07 11:52:00+02:00,6.991442314945791,0.0,4.427184470681555,133.63459459459463
2025-09-07 11:53:00+02:00,7.049759659699386,0.0,4.463899936901708,131.58005065505066
2025-09-07 11:54:00+02:00,7.108077004452979,0.0,4.500615403121862,128.4250305250305
2025-09-07 11:55:00+02:00,7.166394349206576,0.0,4.537330869342013,129.03346153846155
2025-09-07 11:56:00+02:00,7.224711693960169,0.0,4.574046335562167,130.4624434794596
2025-09-07 11:57:00+02:00,7.28302903871377,0.0,4.61076180178232,135.56720085470087
2025-09-07 11:58:00+02:00,7.335788439342965,0.0,4.641916704644165,140.20977243659618
2025-09-07 11:59:00+02:00,7.195765209105372,0.0,4.543537852877634,139.22330935251804
2025-09-07 12:00:00+02:00,6.959210345879519,0.0,4.3904667547392044,137.52444890241657
2025-09-07 12:01:00+02:00,6.614039602069382,0.0,4.143045798696487,129.98178872053873
2025-09-07 12:02:00+02:00,6.053941576553138,0.0,3.7955057310877134,118.097375
2025-09-07 12:03:00+02:00,5.5379124032930624,0.0,3.4733157583931167,107.44986655011654
2025-09-07 12:04:00+02:00,5.12051401884348,0.0,3.193503099296052,98.77545347707849
2025-09-07 12:05:00+02:00,4.7881436047445245,0.0,2.977171378021561,91.4276701388889
2025-09-07 12:06:00+02:00,4.590223508550013,0.0,2.953154425232562,86.24817283950618
2025-09-07 12:07:00+02:00,4.653701831505977,0.0,2.9906637393709894,82.65409572879332
2025-09-07 12:08:00+02:00,4.725477025048864,0.0,3.028173053509414,81.091875
2025-09-07 12:09:00+02:00,4.797252218591751,0.0,3.065682367647839,81.75634615384617
2025-09-07 12:10:00+02:00,4.869027412134638,0.0,3.1031916817862664,83.07862393162394
2025-09-07 12:11:00+02:00,4.940802605677525,0.0,3.1407009959246945,87.47900500541125
2025-09-07 12:12:00+02:00,5.012577799220413,0.0,3.1782103100631205,91.7585212010212
2025-09-07 12:13:00+02:00,5.084620658347269,0.0,3.215719624201546,93.02619658119654
2025-09-07 12:14:00+02:00,5.263729751061723,0.0,3.255088374425464,94.4332727920228
2025-09-07 12:15:00+02:00,5.528224165062282,0.0,3.4134610341210387,99.73152777777776
2025-09-07 12:16:00+02:00,5.549376970875849,0.0,3.5530986949228383,105.3389701897019
2025-09-07 12:17:00+02:00,5.223294051992493,0.0,3.326904935376941,100.42530949741317
2025-09-07 12:18:00+02:00,5.193854722491948,0.0,3.322616086933162,94.42536652191892
2025-09-07 12:19:00+02:00,5.290103406096737,0.0,3.379032535027541,95.77765313390312
2025-09-07 12:20:00+02:00,5.386352089701527,0.0,3.4354489831219213,100.64466503770667
2025-09-07 12:21:00+02:00,5.482600773306318,0.0,3.4918654312163007,102.7639208633094
2025-09-07 12:22:00+02:00,5.578849456911106,0.0,3.548281879310685,103.44161870503596
2025-09-07 12:23:00+02:00,5.73226278946478,0.0,3.624319897088207,107.0359476418865
2025-09-07 12:24:00+02:00,6.261273990593103,0.0,3.9537411651283207,118.66277777777778
2025-09-07 12:25:00+02:00,6.97206658844614,0.0,4.40824937365085,132.90914814814815
2025-09-07 12:26:00+02:00,7.703362553698007,0.0,4.847777073427637,146.93282407407406
2025-09-07 12:27:00+02:00,8.446710320934413,0.0,5.323848043934519,163.1125
2025-09-07 12:28:00+02:00,8.952437798112063,0.0,5.639144164691616,173.24230589016554
2025-09-07 12:29:00+02:00,8.82503682957344,0.0,5.555859140675009,172.9929603547209
2025-09-07 12:30:00+02:00,8.609711248944777,0.0,5.404818435627833,169.25518518518518
2025-09-07 12:31:00+02:00,8.367900824653573,0.0,5.2372312119413005,164.83824255952382
2025-09-07 12:32:00+02:00,8.083714650502301,0.0,5.0576034412091735,158.67579166666667
2025-09-07 12:33:00+02:00,7.712704703470705,0.0,4.806309904681939,151.21599074074075
2025-09-07 12:34:00+02:00,7.277003376661134,0.0,4.5493187294562665,141.22249421296297
2025-09-07 12:35:00+02:00,6.969599579737412,0.0,4.334427311201113,135.53791091954022
2025-09-07 12:36:00+02:00,6.694523248570748,0.0,4.178036921398008,131.87918756530826
2025-09-07 12:37:00+02:00,6.456111838008225,0.0,4.035450145049883,127.34906904186796
2025-09-07 12:38:00+02:00,6.231550998655625,0.0,3.9085479141000503,121.9752629556434
2025-09-07 12:39:00+02:00,6.068570334220139,0.0,3.798981233327279,117.55858034083992
2025-09-07 12:40:00+02:00,5.913057414877216,0.0,3.6894145525545095,115.23020215633424
2025-09-07 12:41:00+02:00,5.757544495534296,0.0,3.600442576194107,112.86761796733212
2025-09-07 12:42:00+02:00,5.637078739583437,0.0,3.552835282738545,109.41399348032242
2025-09-07 12:43:00+02:00,5.55534932211854,0.0,3.506367270803664,109.1424324324324
2025-09-07 12:44:00+02:00,5.473619904653643,0.0,3.4598992588687825,110.3006274131274
2025-09-07 12:45:00+02:00,5.391890487188751,0.0,3.4134312469339028,112.8252192982456
2025-09-07 12:46:00+02:00,5.31016106972386,0.0,3.3669632349990213,112.4032894736842
2025-09-07 12:47:00+02:00,5.228431652258968,0.0,3.3204952230641416,110.63753106725146
2025-09-07 12:48:00+02:00,5.143445712012576,0.0,3.256155403714192,102.68178215303216
2025-09-07 12:49:00+02:00,4.775937673193844,0.0,2.9964220618132766,91.73500427350427
2025-09-07 12:50:00+02:00,4.611133033207936,0.0,2.9626983247345597,84.1453302373581
2025-09-07 12:51:00+02:00,4.690543885638366,0.0,3.008351108389881,82.99184210526316
2025-09-07 12:52:00+02:00,4.769954738068795,0.0,3.054003892045201,84.1286605263158
2025-09-07 12:53:00+02:00,4.849365590499224,0.0,3.0996566757005226,85.65095277777777
2025-09-07 12:54:00+02:00,4.928776442929654,0.0,3.1453094593558446,86.41489583333338
2025-09-07 12:55:00+02:00,5.00818729536008,0.0,3.1909622430111666,87.24721217105264
2025-09-07 12:56:00+02:00,5.0909083119690735,0.0,3.236615026666487,92.19372132253712
2025-09-07 12:57:00+02:00,5.385479836006356,0.0,3.3644047769150047,100.3568287037037
2025-09-07 12:58:00+02:00,5.822736716000394,0.0,3.6474235025882087,109.4542742165242
2025-09-07 12:59:00+02:00,6.313595992473704,0.0,3.972514282902104,119.77894444444443
2025-09-07 13:00:00+02:00,6.872412034039899,0.0,4.319765175671485,130.97046296296296
2025-09-07 13:01:00+02:00,7.413250957218405,0.0,4.654075894919224,142.17440374440375
2025-09-07 13:02:00+02:00,7.883693605828141,0.0,4.956127501591277,152.20630662393162
2025-09-07 13:03:00+02:00,8.17965821430031,0.0,5.142099962643687,159.02759444444445
2025-09-07 13:04:00+02:00,8.419108234980888,0.0,5.2964410814730645,163.33045119047617
2025-09-07 13:05:00+02:00,8.35909619815753,0.0,5.291391295336686,167.20904761904762
2025-09-07 13:06:00+02:00,8.215545811071756,0.0,5.19761800999062,168.89435006435005
2025-09-07 13:07:00+02:00,8.071995423985983,0.0,5.103844724644558,166.6914319126819
2025-09-07 13:08:00+02:00,7.876788647607978,0.0,4.975573543673213,156.43355820105822
2025-09-07 13:09:00+02:00,7.116365864589644,0.0,4.4879307319173165,137.63006613756613
2025-09-07 13:10:00+02:00,6.0131747884306606,0.0,3.768371763346149,115.3658611111111
2025-09-07 13:11:00+02:00,5.077321666517676,0.0,3.158943933184084,97.10811805555556
2025-09-07 13:12:00+02:00,4.408161678514523,0.0,2.7403473446799773,83.81099572649573
2025-09-07 13:13:00+02:00,4.022431967512604,0.0,2.501778137026632,75.26268452380953
2025-09-07 13:14:00+02:00,3.9963606839757024,0.0,2.366598465943342,70.9780856374808
2025-09-07 13:15:00+02:00,3.9963606839757024,0.008773492327323,2.251511713792113,68.69819743130228
2025-09-07 13:16:00+02:00,3.9963606839757024,0.0010187192029658,2.268727045666457,67.72982584712372
2025-09-07 13:17:00+02:00,3.9963606839757024,0.0,2.309950153283936,68.01978723404257
2025-09-07 13:18:00+02:00,3.9963606839757024,0.0,2.351173260901413,68.66078191489362
2025-09-07 13:19:00+02:00,3.9963606839757024,0.0,2.392396368518891,70.21631140350878
2025-09-07 13:20:00+02:00,3.9963606839757024,0.0,2.43361947613637,71.04397129186604
2025-09-07 13:21:00+02:00,3.9963606839757024,0.0,2.474842583753848,71.47459330143543
2025-09-07 13:22:00+02:00,3.996463672664009,0.0,2.5160656913713257,71.90521531100481
2025-09-07 13:23:00+02:00,4.037762136674945,0.0,2.557337950025857,73.71717271551312
2025-09-07 13:24:00+02:00,4.111913992255678,0.0,2.6029354999411023,76.774227703236
2025-09-07 13:25:00+02:00,4.186065847836411,0.0,2.651236356894296,77.30339779005526
2025-09-07 13:26:00+02:00,4.260217703417142,0.0,2.6995372138474902,76.78295580110499
2025-09-07 13:27:00+02:00,4.334369558997873,0.0,2.747838070800683,76.27734612537466
2025-09-07 13:28:00+02:00,4.408521414578602,0.0,2.7961389277538755,76.67338235294118
2025-09-07 13:29:00+02:00,4.482673270159332,0.0,2.84443978470707,77.9585673374613
2025-09-07 13:30:00+02:00,4.5849759642464,0.0,2.892740641660264,82.1545562865497
2025-09-07 13:31:00+02:00,4.850735139983167,0.0,3.015718452871313,87.64916666666666
2025-09-07 13:32:00+02:00,5.16253650669004,0.0,3.234316344838861,95.0318287037037
2025-09-07 13:33:00+02:00,5.556953681489108,0.0,3.477772647796746,102.97757326007326
2025-09-07 13:34:00+02:00,5.931744047927295,0.0,3.7045017105815528,110.6873247863248
2025-09-07 13:35:00+02:00,6.179760178514185,0.0,3.8973991215689687,115.66722544893378
2025-09-07 13:36:00+02:00,6.008639176152608,0.0,3.8493865888195407,115.71999999999998
2025-09-07 13:37:00+02:00,5.797376342328262,0.0,3.672888505001106,113.00793430335098
2025-09-07 13:38:00+02:00,5.616111450104136,0.0,3.556740539746969,107.27369047619048
2025-09-07 13:39:00+02:00,5.474778882737452,0.0,3.472458477614068,107.54965354090352
2025-09-07 13:40:00+02:00,5.3336411071993375,0.0,3.388176415481165,112.32449018723212
2025-09-07 13:41:00+02:00,5.192503331661223,0.0,3.3030787204889167,105.16867691798944
2025-09-07 13:42:00+02:00,4.709347026196938,0.0,2.9586817914260197,87.3236011904762
2025-09-07 13:43:00+02:00,4.283781883118425,0.0,2.698432372816843,78.57497495446265
2025-09-07 13:44:00+02:00,4.033194192819583,0.0,2.494120637801577,74.37870722446952
2025-09-07 13:45:00+02:00,4.028714827297902,0.0005099736038292,2.3030670325880807,68.5656173901957
2025-09-07 13:46:00+02:00,4.057474065806523,0.0,2.263381316306141,66.15801749370364
2025-09-07 13:47:00+02:00,4.0862333043151455,0.0,2.3177355443657404,66.12872881355935
2025-09-07 13:48:00+02:00,4.114992542823767,0.0,2.37208977242534,66.93720697063739
2025-09-07 13:49:00+02:00,4.143751781332389,0.0,2.4264440004849392,68.07133802816901
2025-09-07 13:50:00+02:00,4.172511019841011,0.0,2.4807982285445385,69.96948232323233
2025-09-07 13:51:00+02:00,4.201270258349632,0.0,2.535152456604135,71.64614583333335
2025-09-07 13:52:00+02:00,4.230029496858258,0.0,2.606610458137189,75.20378228557506
2025-09-07 13:53:00+02:00,4.258788735366884,0.0,2.7124215706467134,78.82907755570612
2025-09-07 13:54:00+02:00,4.432208823262669,0.0,2.819178849348388,82.30669612794613
2025-09-07 13:55:00+02:00,4.727042709417817,0.0,2.932626592198911,87.70874722499723
2025-09-07 13:56:00+02:00,4.974033816609516,0.0,3.078212457478731,93.20475852272727
2025-09-07 13:57:00+02:00,5.179804360097251,0.0,3.226448946032644,97.97904135338348
2025-09-07 13:58:00+02:00,5.330703373979056,0.0,3.338818240542824,101.2335012020629
2025-09-07 13:59:00+02:00,5.481334721862787,0.0,3.436097069266313,103.71013098464316
2025-09-07 14:00:00+02:00,5.63147870506349,0.0,3.533375897989799,106.83968398268398
2025-09-07 14:01:00+02:00,5.766027018407549,0.0,3.6267344730600297,110.69557990763872
2025-09-07 14:02:00+02:00,5.893264861506307,0.0,3.7077107835425296,112.64682432432431
2025-09-07 14:03:00+02:00,6.02050270460506,0.0,3.787778742568783,114.04961902286902
2025-09-07 14:04:00+02:00,6.147740547703812,0.0,3.867846701595037,116.16501025641026
2025-09-07 14:05:00+02:00,6.208819253779159,0.0,3.940800641257104,120.35097352941176
2025-09-07 14:06:00+02:00,6.120806168161449,0.0,3.905005000889618,123.23344975490195
2025-09-07 14:07:00+02:00,6.0269771442003535,0.0,3.831703348259947,122.3016271551724
2025-09-07 14:08:00+02:00,5.933148120239261,0.0,3.7584016956302766,119.59891159128227
2025-09-07 14:09:00+02:00,5.839319096278167,0.0,3.6851000430006073,116.97690522243714
2025-09-07 14:10:00+02:00,5.745490072317073,0.0,3.632282352497715,114.98597222222224
2025-09-07 14:11:00+02:00,5.718164679074594,0.0,3.676671688133124,112.58746527777778
2025-09-07 14:12:00+02:00,5.82662811931932,0.0,3.7335505661299178,110.16307511737092
2025-09-07 14:13:00+02:00,5.938971900516885,0.0,3.790429444126711,111.03025070422537
2025-09-07 14:14:00+02:00,6.051315681714451,0.0,3.8473083221235065,114.96445396825398
2025-09-07 14:15:00+02:00,6.163659462912013,0.0,3.9041872001202975,119.63156314699796
2025-09-07 14:16:00+02:00,6.3255609404824185,0.0,3.976127131019992,123.49292132616488
2025-09-07 14:17:00+02:00,6.57124297644918,0.0,4.1355183368397554,127.7593846930847
2025-09-07 14:18:00+02:00,6.897477063864881,0.0,4.343802686695008,137.40746626984128
2025-09-07 14:19:00+02:00,7.596144654823404,0.0,4.795706943090385,153.82916666666668
2025-09-07 14:20:00+02:00,8.333530246131279,0.0,5.2534166667899145,169.39437037037038
2025-09-07 14:21:00+02:00,9.06914248115906,0.0,5.712921157065297,185.5012896825397
2025-09-07 14:22:00+02:00,10.05081187596569,0.0,6.320353512405295,208.28526455026451
2025-09-07 14:23:00+02:00,10.86727002398592,0.0,6.812945730505556,225.49219312169316
2025-09-07 14:24:00+02:00,11.5792158991158,0.0,7.276507349335131,246.6281349206349
2025-09-07 14:25:00+02:00,11.481581225128153,0.0,7.206847401237855,246.3586177248677
2025-09-07 14:26:00+02:00,11.13098998358636,0.0,6.997185194947106,234.75494570244567
2025-09-07 14:27:00+02:00,10.857894125228055,0.0,6.833266538672883,229.30753338675217
2025-09-07 14:28:00+02:00,10.41199352835986,0.0,6.549624160574893,216.75974702380952
2025-09-07 14:29:00+02:00,9.598559366824963,0.0,6.055370065491523,197.73787698412696
2025-09-07 14:30:00+02:00,8.79950862100494,0.0,5.549984188569581,180.4310185185185
2025-09-07 14:31:00+02:00,7.941650849536906,0.0,4.993976617172362,159.13392857142858
2025-09-07 14:32:00+02:00,6.98034910534529,0.0,4.393088805957318,138.32937996031748
2025-09-07 14:33:00+02:00,6.363970115145086,0.0,4.028106633847474,125.7396527777778
2025-09-07 14:34:00+02:00,6.478735658987099,0.0,4.114183172350816,123.69566666666668
2025-09-07 14:35:00+02:00,6.713534549756647,0.0,4.246779792394297,131.51849326599327
2025-09-07 14:36:00+02:00,7.0462221928567805,0.0,4.44850621278336,144.83958723146222
2025-09-07 14:37:00+02:00,9.222815369485756,0.0,5.913082629971946,218.0834084084084
2025-09-07 14:38:00+02:00,18.66744949478699,0.0,11.971020221639384,510.0570138888889
2025-09-07 14:39:00+02:00,13.08896040320024,0.0,8.21616704121304,306.8886111111111
2025-09-07 14:40:00+02:00,9.294960624455577,0.0,5.87186948870592,195.0892748397436
2025-09-07 14:41:00+02:00,9.190901434553895,0.0,5.796345616434744,183.71258703703705
2025-09-07 14:42:00+02:00,9.338229463405083,0.0,5.886076949826237,183.06033333333332
2025-09-07 14:43:00+02:00,9.485557492256277,0.0,5.9758082832177335,188.3892720797721
2025-09-07 14:44:00+02:00,9.918772053282984,0.0,6.257556361610223,205.93645833333332
2025-09-07 14:45:00+02:00,10.77850125783389,0.0,6.77868769719491,228.1223055555556
2025-09-07 14:46:00+02:00,11.798932960624178,0.0,7.408504399785412,252.0605238095238
2025-09-07 14:47:00+02:00,12.06485204435941,0.0,7.590928298316863,255.6673703703704
2025-09-07 14:48:00+02:00,11.601504534733795,0.0,7.296576713653372,243.52238425925927
2025-09-07 14:49:00+02:00,11.076599058751706,0.0,6.95948356057505,230.0360515873016
2025-09-07 14:50:00+02:00,10.162102685232911,0.0,6.383724030256317,207.51839285714289
2025-09-07 14:51:00+02:00,9.156726713706222,0.0,5.849453354737707,183.45834482038427
2025-09-07 14:52:00+02:00,8.635591052096006,0.0,5.710657305942361,177.66988648705097
2025-09-07 14:53:00+02:00,8.791712632571384,0.0,5.5498337033120055,175.04552579365077
2025-09-07 14:54:00+02:00,9.149801591584689,0.0,5.766605713978821,188.21016666666665
2025-09-07 14:55:00+02:00,9.445042284322197,0.0,5.9495316953839374,191.9875992063492
2025-09-07 14:56:00+02:00,9.986660897272698,0.0,6.305623407895439,206.9806904761905
2025-09-07 14:57:00+02:00,10.88329605617094,0.0,6.854568611605361,225.80704365079364
2025-09-07 14:58:00+02:00,11.771790915962164,0.0,7.3980142338581345,246.64727182539684
2025-09-07 14:59:00+02:00,12.132642396308796,0.0,7.615154013435472,252.20083364129096
2025-09-07 15:00:00+02:00,12.450008706637266,0.0,7.811839676277641,257.7653464963221
2025-09-07 15:01:00+02:00,12.749616652997634,0.0,8.023572954184298,267.41019841269843
2025-09-07 15:02:00+02:00,13.069428721068482,0.0,8.170163934467796,279.2023611111111
2025-09-07 15:03:00+02:00,13.432148869655723,0.0,8.420514518819267,288.7804401709401
2025-09-07 15:04:00+02:00,13.32402558616418,0.0,8.353505832042794,284.8947797619048
2025-09-07 15:05:00+02:00,14.516589612072496,0.0,9.120434553465811,322.36358333333334
2025-09-07 15:06:00+02:00,14.931060884181637,0.0,9.389293913366371,333.70373015873014
2025-09-07 15:07:00+02:00,16.25175068394387,0.0,10.285823858260343,366.9766666666667
2025-09-07 15:08:00+02:00,17.50082816515153,0.0,11.022991114748644,422.769
2025-09-07 15:09:00+02:00,16.64354762552929,0.0,10.548954977353894,392.0912638888889
2025-09-07 15:10:00+02:00,13.817903658932275,0.0,8.506337270274525,299.95708333333334
2025-09-07 15:11:00+02:00,12.462435978125832,0.0,7.887274188153722,269.90744909688016
2025-09-07 15:12:00+02:00,12.071480101513616,0.0,7.649753554888066,261.9007193090485
2025-09-07 15:13:00+02:00,11.904144535784123,0.0,7.446416783392094,256.2708978174603
2025-09-07 15:14:00+02:00,12.066519262289804,0.0,7.314964262430006,251.2493931051587
2025-09-07 15:15:00+02:00,12.239667667331412,0.0,7.476465132708904,250.7980677083333
2025-09-07 15:16:00+02:00,13.132347896944166,0.0,8.216511248708853,290.77519841269844
2025-09-07 15:17:00+02:00,14.124564183658318,0.0,8.940043240527523,320.3688210978836
2025-09-07 15:18:00+02:00,13.705669977938488,0.0,8.540012056017032,307.8490873015873
2025-09-07 15:19:00+02:00,12.74579510075562,0.0,8.149624650491196,287.2380092592593
2025-09-07 15:20:00+02:00,11.985141990337212,0.0,7.460991093508203,260.44462855297155
2025-09-07 15:21:00+02:00,11.668597205610029,0.0,7.222990732791532,256.5176375430663
2025-09-07 15:22:00+02:00,11.16162123768502,0.0,7.033278054046084,240.07547875817
2025-09-07 15:23:00+02:00,10.756376482553272,0.0,6.850413292848934,234.840095996732
2025-09-07 15:24:00+02:00,10.4064600739129,0.0,6.554042844780962,223.27597222222224
2025-09-07 15:25:00+02:00,9.97098251240502,0.0,6.16203732069429,206.63354956604957
2025-09-07 15:26:00+02:00,10.102894578081711,0.0,6.186184800400621,203.25808677098152
2025-09-07 15:27:00+02:00,10.297060997608137,0.0,6.406665564115645,209.3465555555556
2025-09-07 15:28:00+02:00,10.412606612646831,0.0,6.616702221777088,223.30315277777777
2025-09-07 15:29:00+02:00,9.556259560255084,0.0,6.035639171276536,200.9269427910053
2025-09-07 15:30:00+02:00,8.984084133446881,0.0,5.67154428690941,186.36494318181815
2025-09-07 15:31:00+02:00,8.555610696811826,0.0,5.406986405626825,176.72240740740742
2025-09-07 15:32:00+02:00,8.172360854469991,0.0,5.161443568454877,167.13802243589743
2025-09-07 15:33:00+02:00,7.919313924148526,0.0,5.003971678231316,164.69660256410256
2025-09-07 15:34:00+02:00,7.690407857259593,0.0,4.862108663697588,157.59733333333335
2025-09-07 15:35:00+02:00,7.635362996600085,0.0,4.827994976918216,153.4895033112583
2025-09-07 15:36:00+02:00,7.635362996600085,0.0,4.827994976918216,152.09811258278145
2025-09-07 15:37:00+02:00,7.635362996600085,0.0,4.827994976918216,151.47427152317874
2025-09-07 15:38:00+02:00,7.635362996600085,0.0,4.827994976918216,150.60182475254575
2025-09-07 15:39:00+02:00,7.635362996600085,0.0,4.827994976918216,149.6319804951238
2025-09-07 15:40:00+02:00,7.635362996600085,0.0,4.827994976918216,150.56538461538466
2025-09-07 15:41:00+02:00,7.635362996600085,0.0,4.827994976918216,151.87453063885266
2025-09-07 15:42:00+02:00,7.635362996600085,0.0,4.827994976918216,153.41185420590082
2025-09-07 15:43:00+02:00,7.635362996600085,0.0,4.827994976918216,154.94522852639872
2025-09-07 15:44:00+02:00,7.613591187892073,0.0,4.812890946504889,153.6719184397163
2025-09-07 15:45:00+02:00,7.509397531932318,0.0,4.740607372383964,150.25856834795323
2025-09-07 15:46:00+02:00,7.397428230005411,0.0,4.662929501686853,148.43989473684212
2025-09-07 15:47:00+02:00,7.285458928078508,0.0,4.585251630989736,147.3001403508772
2025-09-07 15:48:00+02:00,7.173489626151604,0.0,4.514173840809374,145.63709494324044
2025-09-07 15:49:00+02:00,7.203259242140106,0.0,4.632404129296889,145.3084477124183
2025-09-07 15:50:00+02:00,7.799522194084079,0.0,4.936278605601327,162.97119047619046
2025-09-07 15:51:00+02:00,7.523510086878925,0.0,4.740665952980267,153.91072420634922
2025-09-07 15:52:00+02:00,7.061552949312674,0.0,4.461016831381212,144.0108611111111
2025-09-07 15:53:00+02:00,6.839702351089205,0.0,4.319785848098789,139.83436455722642
2025-09-07 15:54:00+02:00,6.636121802131197,0.0,4.186438099053828,135.48438500765803
2025-09-07 15:55:00+02:00,6.462812023752266,0.0,4.063716653212969,129.9612832270069
2025-09-07 15:56:00+02:00,6.332309395687181,0.0,3.9480629346194887,126.04486243386242
2025-09-07 15:57:00+02:00,6.202112532981478,0.0,3.8324462198335847,123.22459340659344
2025-09-07 15:58:00+02:00,6.071915670275775,0.0,3.720807414362311,121.46218137254904
2025-09-07 15:59:00+02:00,5.910857862421604,0.0,3.611814381132855,119.51429738562092
2025-09-07 16:00:00+02:00,5.626356273973555,0.0,3.5028213479033963,113.5775
2025-09-07 16:01:00+02:00,5.3021531237593145,0.0,3.324799393628615,105.33725694444443
2025-09-07 16:02:00+02:00,4.925693522225789,0.0,3.1028614675544515,97.0481971153846
2025-09-07 16:03:00+02:00,4.812322542734263,0.0,3.050974563609336,92.64030555555556
2025-09-07 16:04:00+02:00,4.783464475227328,0.0,3.0139982415012967,92.92353174603176
2025-09-07 16:05:00+02:00,4.754606407720394,0.0,2.9770219193932563,93.44527518978607
2025-09-07 16:06:00+02:00,4.725748340213461,0.0,2.940045597285216,92.565
2025-09-07 16:07:00+02:00,4.696890272706527,0.0,2.9030692751771765,90.68278260869566
2025-09-07 16:08:00+02:00,4.668032205199593,0.0,2.866092953069137,88.59550825082509
2025-09-07 16:09:00+02:00,4.639174137692658,0.0,2.829116630961097,87.96868811881187
2025-09-07 16:10:00+02:00,4.610316070185726,0.0,2.792140308853059,87.50235148514851
2025-09-07 16:11:00+02:00,4.581458002678791,0.0,2.753873176955066,86.99638809275665
2025-09-07 16:12:00+02:00,4.504673991548092,0.0,2.6888217419155405,85.37054756030703
2025-09-07 16:13:00+02:00,4.271781586412473,0.0,2.6131211261089,83.74334069293478
2025-09-07 16:14:00+02:00,4.123074914551417,0.0,2.537420510302257,81.33770172978028
2025-09-07 16:15:00+02:00,3.9848412084688234,0.0,2.461719894495617,78.10667530721966
2025-09-07 16:16:00+02:00,3.846607502386224,0.0,2.379069327028042,75.26250467237425
2025-09-07 16:17:00+02:00,3.706017300857468,0.0070189438443741,2.274467082972888,71.90666337285903
2025-09-07 16:18:00+02:00,3.5541075051319946,0.0429956501131987,2.16825448426459,68.11088709677419
2025-09-07 16:19:00+02:00,3.400724899752676,0.0746609901434269,2.0693999872740347,64.40375133652081
2025-09-07 16:20:00+02:00,3.247342294373354,0.0890808652192647,2.036032595571399,61.74440019910404
2025-09-07 16:21:00+02:00,3.1452850127531278,0.1017178444821498,2.0181172174760227,60.203232182925525
2025-09-07 16:22:00+02:00,3.115808997054855,0.1143548237450349,2.0002018393806478,59.65405759162305
2025-09-07 16:23:00+02:00,3.0868514189703102,0.1269918030079182,1.9822864612852724,59.16086387434556
2025-09-07 16:24:00+02:00,3.057893840885765,0.1396287822708033,1.964371083189896,58.49387715033657
2025-09-07 16:25:00+02:00,3.0289362628012206,0.1522657615336875,1.946455705094521,57.00002407704654
2025-09-07 16:26:00+02:00,2.9999786847166763,0.1649027407965726,1.928540326999144,55.876399212522806
2025-09-07 16:27:00+02:00,2.971021106632131,0.1775397200594568,1.9106249489037688,54.72532051282051
2025-09-07 16:28:00+02:00,2.9420635285475862,0.1898660221546091,1.8927095708083943,53.71833165997324
2025-09-07 16:29:00+02:00,2.913105950463044,0.1974956164787609,1.793708444979262,53.114457831325325
2025-09-07 16:30:00+02:00,2.882745878057664,0.2035535498367418,1.6917587465052653,52.52168674698797
2025-09-07 16:31:00+02:00,2.819527367278368,0.2096114831947231,1.6738433684098897,51.787387387387376
2025-09-07 16:32:00+02:00,2.7424842696222407,0.2156694165527035,1.655927990314514,50.92826178588226
2025-09-07 16:33:00+02:00,2.665441171966114,0.221727349910684,1.6380126122191383,49.88500000000001
2025-09-07 16:34:00+02:00,2.6026296465159118,0.2277852832686648,1.6203806106983392,48.81450238453815
2025-09-07 16:35:00+02:00,2.5967444098894017,0.2338432166266453,1.606160159507226,47.85913254310345
2025-09-07 16:36:00+02:00,2.5967444098894017,0.2399011499846257,1.591939708316113,46.440868226600976
2025-09-07 16:37:00+02:00,2.5967444098894017,0.2459590833426073,1.5777192571250018,44.82973389355743
2025-09-07 16:38:00+02:00,2.5967444098894017,0.2508979817886272,1.5634988059338888,44.87943277310927
2025-09-07 16:39:00+02:00,2.5967444098894017,0.2513607405868066,1.5516286793146403,45.29539915966388
2025-09-07 16:40:00+02:00,2.5967444098894017,0.2513607405868066,1.5503448885821092,45.711365546218495
2025-09-07 16:41:00+02:00,2.5967444098894017,0.2513607405868066,1.5503448885821092,46.30352361634309
2025-09-07 16:42:00+02:00,2.5967444098894017,0.2513607405868066,1.5503448885821092,47.45849156836056
2025-09-07 16:43:00+02:00,2.5967444098894017,0.2513607405868066,1.5503448885821092,47.06542763157893
2025-09-07 16:44:00+02:00,2.630108999857519,0.2513607405868066,1.5503448885821092,46.44569078947367
2025-09-07 16:45:00+02:00,2.6979691828435204,0.2513607405868066,1.5503448885821092,45.227483060417846
2025-09-07 16:46:00+02:00,2.7658293658295223,0.2513607405868066,1.5503448885821092,43.801558441558434
2025-09-07 16:47:00+02:00,2.8336895488155247,0.2513607405868066,1.5503448885821092,43.57582251082251
2025-09-07 16:48:00+02:00,2.9015497318015284,0.2481803255738666,1.5503448885821092,44.53888311688312
2025-09-07 16:49:00+02:00,2.969409914787533,0.2421223922158857,1.556623724591519,46.12987878787879
2025-09-07 16:50:00+02:00,3.0372700977735367,0.2360644588579052,1.5707757092020684,49.147281746031744
2025-09-07 16:51:00+02:00,3.105130280759538,0.2300065254999246,1.584947376684121,52.475895536562206
2025-09-07 16:52:00+02:00,3.14807633213122,0.2239485921419435,1.5991190441661736,54.93265516890517
2025-09-07 16:53:00+02:00,3.123163657995057,0.217890658783963,1.6132907116482251,55.34257936507935
2025-09-07 16:54:00+02:00,3.094305590488124,0.2118327254259824,1.6290190719288375,54.59496031746031
2025-09-07 16:55:00+02:00,3.0654475229811893,0.2057747920680017,1.646872990751158,53.41281860311155
2025-09-07 16:56:00+02:00,3.0365894554742554,0.1997168587100208,1.6647269095734785,51.945526315789465
2025-09-07 16:57:00+02:00,3.007731387967321,0.1936583750521081,1.682580828395799,51.1925065859537
2025-09-07 16:58:00+02:00,2.978873320460389,0.187592389937226,1.70043705591452,51.46883386581468
2025-09-07 16:59:00+02:00,2.9500152529534533,0.1815240298436893,1.718355618236025,51.769792332268345
2025-09-07 17:00:00+02:00,2.9211571854465204,0.1754556697501521,1.7363018849143246,52.07075079872201
2025-09-07 17:01:00+02:00,2.892299117939585,0.1693873096566154,1.7542481515926227,52.37170926517569
2025-09-07 17:02:00+02:00,2.8922991179395847,0.1633189495630791,1.772194418270922,52.84248817396042
2025-09-07 17:03:00+02:00,2.921157185446519,0.1572505894695428,1.79014068494922,53.851836240310085
2025-09-07 17:04:00+02:00,2.950015252953453,0.1511822293760056,1.80808695162752,54.95172619047619
2025-09-07 17:05:00+02:00,2.9788733204603868,0.1451138692824689,1.8260332183058183,55.91259561803444
2025-09-07 17:06:00+02:00,3.007731387967321,0.1390455091889331,1.843979484984117,56.58634751773048
2025-09-07 17:07:00+02:00,3.0365894554742545,0.1248124464240927,1.8619257516624157,57.27096177131984
2025-09-07 17:08:00+02:00,3.065447522981189,0.0847137505108972,1.9649838497539025,58.05817073170732
2025-09-07 17:09:00+02:00,3.0943055904881223,0.079761725223113,2.036602747331187,58.758541040204925
2025-09-07 17:10:00+02:00,3.123163657995057,0.0858092676147848,2.018656480652887,58.55726027397261
2025-09-07 17:11:00+02:00,3.1503383382307524,0.091856810006456,2.000710213974589,58.14630136986303
2025-09-07 17:12:00+02:00,3.156590919523922,0.0979043523981286,1.98276394729629,57.73534246575344
2025-09-07 17:13:00+02:00,3.156590919523922,0.1039518947898008,1.964817680617991,57.36190589636689
2025-09-07 17:14:00+02:00,3.156590919523922,0.1099994371814729,1.946871413939692,57.09478260869566
2025-09-07 17:15:00+02:00,3.156590919523922,0.1160469795731446,1.9289251472613935,56.8339130434783
2025-09-07 17:16:00+02:00,3.156590919523922,0.1220945219648168,1.9109788805830945,56.57304347826092
2025-09-07 17:17:00+02:00,3.156590919523922,0.1281420643564894,1.8930326139047964,56.31217391304352
2025-09-07 17:18:00+02:00,3.156590919523922,0.1332488779316789,1.8851714695508797,56.0513043478261
2025-09-07 17:19:00+02:00,3.156590919523922,0.1338368334419808,1.9019658494910052,56.16010288065843
2025-09-07 17:20:00+02:00,3.156590919523922,0.1338368334419808,1.919881227586381,56.62183127572016
2025-09-07 17:21:00+02:00,3.156590919523922,0.1338368334419808,1.9377966056817564,57.08355967078188
2025-09-07 17:22:00+02:00,3.156590919523922,0.1338368334419808,1.9557119837771304,57.545288065843614
2025-09-07 17:23:00+02:00,3.156590919523922,0.1338368334419808,1.9736273618725075,57.93281967213115
2025-09-07 17:24:00+02:00,3.156590919523922,0.1338368334419808,1.991542739967883,58.2436393442623
2025-09-07 17:25:00+02:00,3.156590919523922,0.1338368334419808,2.009458118063258,58.55445901639344
2025-09-07 17:26:00+02:00,3.156590919523922,0.1338368334419808,2.027373496158634,58.86527868852459
2025-09-07 17:27:00+02:00,3.156590919523922,0.1338368334419808,2.045189344375702,59.176098360655736
2025-09-07 17:28:00+02:00,3.156590919523922,0.1381948531918224,2.0201608000656277,58.91486433832264
2025-09-07 17:29:00+02:00,3.156590919523922,0.1495257045414111,1.9589323608102565,57.47328502415459
2025-09-07 17:30:00+02:00,3.156590919523922,0.1609357926137247,1.8977039215548848,55.91781481481481
2025-09-07 17:31:00+02:00,3.1203485018804447,0.1723458806860378,1.8364754822995133,54.85319344344344
2025-09-07 17:32:00+02:00,3.0261182160074047,0.1837559687583509,1.7752470430441418,53.67724041184041
2025-09-07 17:33:00+02:00,2.931228977086301,0.1937611162181527,1.7167877937963294,52.91768571428573
2025-09-07 17:34:00+02:00,2.836339738165195,0.2000197553779203,1.689993630287134,52.3794
2025-09-07 17:35:00+02:00,2.741450499244088,0.2060776887359008,1.6721090346283494,51.77334545454545
2025-09-07 17:36:00+02:00,2.646561260322982,0.2121356220938817,1.6542244389695635,49.94567687747036
2025-09-07 17:37:00+02:00,2.5830132347391577,0.2181935554518617,1.636339843310778,48.32868333690298
2025-09-07 17:38:00+02:00,2.5541054975807485,0.224251488809843,1.6190772729538612,47.78182266009853
2025-09-07 17:39:00+02:00,2.52519776042234,0.2303094221678234,1.6048812555276823,47.27344827586208
2025-09-07 17:40:00+02:00,2.496290023263931,0.2363673555258043,1.5906852381015022,46.73375498475253
2025-09-07 17:41:00+02:00,2.4673822861055217,0.2424252888837852,1.5764892206753234,45.8911224489796
2025-09-07 17:42:00+02:00,2.438474548947113,0.2484832222417656,1.562293203249144,45.03774725274726
2025-09-07 17:43:00+02:00,2.409566811788704,0.2579714603637033,1.5448474850140383,44.33884615384617
2025-09-07 17:44:00+02:00,2.380659074630295,0.270563307557792,1.5165277679182974,43.70013083228248
2025-09-07 17:45:00+02:00,2.351751337471886,0.28315515475188,1.487333131373999,43.28854508196722
2025-09-07 17:46:00+02:00,2.324048089361744,0.2957470019459689,1.4581384948297005,42.902479508196734
2025-09-07 17:47:00+02:00,2.3168211550721414,0.307534370013768,1.4289438582854024,42.516413934426254
2025-09-07 17:48:00+02:00,2.3168211550721414,0.3110754560046713,1.4126840676544807,42.09375846400571
2025-09-07 17:49:00+02:00,2.3168211550721414,0.3110754560046713,1.41264351954817,41.471521739130445
2025-09-07 17:50:00+02:00,2.3168211550721414,0.3110754560046713,1.41264351954817,40.81322360248448
2025-09-07 17:51:00+02:00,2.3168211550721414,0.3110754560046713,1.41264351954817,39.989571428571416
2025-09-07 17:52:00+02:00,2.3168211550721414,0.3110754560046713,1.41264351954817,39.2223182434264
2025-09-07 17:53:00+02:00,2.3168211550721414,0.3110754560046713,1.41264351954817,39.268814041745735
2025-09-07 17:54:00+02:00,2.3168211550721414,0.3110754560046713,1.41264351954817,39.45666982922201
2025-09-07 17:55:00+02:00,2.3168211550721414,0.3110754560046713,1.41264351954817,39.64452561669829
2025-09-07 17:56:00+02:00,2.3293048679799435,0.3110754560046713,1.41264351954817,39.83238140417456
2025-09-07 17:57:00+02:00,2.383561004848468,0.3058794896342973,1.4146811566288904,40.02023719165084
2025-09-07 17:58:00+02:00,2.4411781413460165,0.2909639828194179,1.444495004441534,40.20809297912714
2025-09-07 17:59:00+02:00,2.4987952778435663,0.275534148183336,1.4831028649183398,40.39594876660342
2025-09-07 18:00:00+02:00,2.5564124143411155,0.2601043135472534,1.5217107253951452,40.5838045540797
2025-09-07 18:01:00+02:00,2.6140295508386657,0.2446744789111721,1.5603185858719513,41.36095577922613
2025-09-07 18:02:00+02:00,2.671646687336215,0.2292446442750888,1.598926446348757,43.88387799564271
2025-09-07 18:03:00+02:00,2.7292638238337648,0.2138148096390069,1.641708007770977,46.4421875
2025-09-07 18:04:00+02:00,2.786880960331314,0.1984921266323414,1.6893695090029763,48.52940120967741
2025-09-07 18:05:00+02:00,2.844498096828864,0.1958801675832999,1.6944272626649597,49.945243137512016
2025-09-07 18:06:00+02:00,2.855344896768923,0.2019381009412808,1.6764809959866604,49.5498780487805
2025-09-07 18:07:00+02:00,2.7982699146461587,0.2079960342992612,1.6585347293083612,48.67821895424837
2025-09-07 18:08:00+02:00,2.7405537796322896,0.2140539676572417,1.6405884626300626,47.01863849385908
2025-09-07 18:09:00+02:00,2.682837644618422,0.220111901015223,1.6226421959517636,46.45774725274728
2025-09-07 18:10:00+02:00,2.625121509604555,0.2261698343732032,1.6081557219610114,45.963241758241765
2025-09-07 18:11:00+02:00,2.5674053745906864,0.2322277677311839,1.5939107527506045,45.31101488627652
2025-09-07 18:12:00+02:00,2.5096892395768187,0.238285701089165,1.579665783540197,44.2625303911205
2025-09-07 18:13:00+02:00,2.451973104562951,0.2443436344471456,1.5654208143297903,43.605170454545465
2025-09-07 18:14:00+02:00,2.3942569695490827,0.254722434666141,1.5438297076159482,43.09380681818183
2025-09-07 18:15:00+02:00,2.336005145856941,0.3051245509817959,1.465778286947136,42.534570565202586
2025-09-07 18:16:00+02:00,2.250611762465664,0.3207405358589592,1.4071416582516862,41.4279213483146
2025-09-07 18:17:00+02:00,2.1500405331900025,0.3294609086598212,1.3925818545768456,39.67009852549179
2025-09-07 18:18:00+02:00,2.056340581094391,0.3381812814606826,1.378336885366438,36.98270880255255
2025-09-07 18:19:00+02:00,2.036334125064386,0.3469016542615442,1.3640919161560296,34.459408049353705
2025-09-07 18:20:00+02:00,2.036334125064386,0.3556220270624055,1.3498469469456218,32.529067321178125
2025-09-07 18:21:00+02:00,2.036334125064386,0.3643423998632664,1.3356019777352146,31.362894585253454
2025-09-07 18:22:00+02:00,2.036334125064386,0.3730627726641276,1.3213570085248072,31.081651785714268
2025-09-07 18:23:00+02:00,2.036334125064386,0.3817831454649891,1.3071120393143996,30.851294642857116
2025-09-07 18:24:00+02:00,2.036334125064386,0.3905035182658503,1.2928670701039926,30.62093749999998
2025-09-07 18:25:00+02:00,2.036334125064386,0.4044327250833393,1.2779569630375165,30.39058035714284
2025-09-07 18:26:00+02:00,2.036334125064386,0.4229911551994449,1.2623529893183352,30.160223214285704
2025-09-07 18:27:00+02:00,2.036334125064386,0.4372446352264674,1.2445595554971212,29.929866071428563
2025-09-07 18:28:00+02:00,2.012402805197218,0.4514981152534907,1.2267661216759065,29.647894345238097
2025-09-07 18:29:00+02:00,1.9206660790397416,0.4629598465853582,1.2082431211636762,28.10833333333333
2025-09-07 18:30:00+02:00,1.828557439924696,0.4691343477353802,1.198607857781247,26.127849099099095
2025-09-07 18:31:00+02:00,1.7364972477988152,0.4751835050664365,1.190443078474614,24.77929617117117
2025-09-07 18:32:00+02:00,1.6444370556729346,0.4812326623974929,1.1822782991679812,23.29241883116883
2025-09-07 18:33:00+02:00,1.5523768635470545,0.4872818197285486,1.1741135198613484,22.115547619047614
2025-09-07 18:34:00+02:00,1.4770164457307553,0.4937995748361786,1.1659487405547162,21.194954545454557
2025-09-07 18:35:00+02:00,1.446188759406675,0.5016973157096989,1.1577839612480834,20.349659874608147
2025-09-07 18:36:00+02:00,1.41774675512682,0.5095950565832195,1.1496191819414503,19.564741379310338
2025-09-07 18:37:00+02:00,1.3893047508469656,0.5174927974567403,1.141454402634818,18.63765517241379
2025-09-07 18:38:00+02:00,1.360862746567111,0.5255429658687651,1.1332896233281853,17.183854166666666
2025-09-07 18:39:00+02:00,1.3324207422872565,0.5470067576691503,1.115198056638988,16.14197916666667
2025-09-07 18:40:00+02:00,1.3039787380074015,0.6068879515767462,1.079958411744617,15.319602649006626
2025-09-07 18:41:00+02:00,1.2755367337275474,0.6591117849339085,1.045207690545667,14.667947019867553
2025-09-07 18:42:00+02:00,1.2470947294476924,0.665124397327003,1.0341170348438746,14.035167165135654
2025-09-07 18:43:00+02:00,1.2186527251678376,0.665124397327003,1.0341170348438746,13.528225806451609
2025-09-07 18:44:00+02:00,1.1840482866273476,0.665124397327003,1.0341170348438746,13.044354838709674
2025-09-07 18:45:00+02:00,1.1442294806355513,0.665124397327003,1.0341170348438746,12.57063918757467
2025-09-07 18:46:00+02:00,1.1065077283876867,0.665124397327003,1.0341170348438746,12.20456989247312
2025-09-07 18:47:00+02:00,1.0691544713356635,0.665124397327003,1.0341170348438746,11.86693548387097
2025-09-07 18:48:00+02:00,1.0318012142836406,0.665124397327003,1.0341170348438746,11.52930107526882
2025-09-07 18:49:00+02:00,0.9944479572316176,0.665124397327003,1.0341170348438746,11.191666666666672
2025-09-07 18:50:00+02:00,0.9573540977980114,0.665124397327003,1.0341170348438746,10.839042869269951
2025-09-07 18:51:00+02:00,0.943087228785086,0.6711473406692263,1.0329454652346886,10.446447368421053
2025-09-07 18:52:00+02:00,0.943087228785086,0.68735246747302,1.0245020842581416,10.051710526315787
2025-09-07 18:53:00+02:00,0.8850845795163749,0.7037166908934004,0.8850845795163749,9.656973684210524
2025-09-07 18:54:00+02:00,0.7121322670887748,0.7121322670887748,0.7121322670887748,9.247093447088035
2025-09-07 18:55:00+02:00,0.564134416555576,0.564134416555576,0.564134416555576,8.817054794520542
2025-09-07 18:56:00+02:00,0.4392883638380329,0.4392883638380329,0.4392883638380329,8.386917808219176
2025-09-07 18:57:00+02:00,0.3356145286447034,0.3356145286447034,0.3356145286447034,7.950852135374698
2025-09-07 18:58:00+02:00,0.2509997332873557,0.2509997332873557,0.2509997332873557,7.4041176470588255
2025-09-07 18:59:00+02:00,0.1832479526950617,0.1832479526950617,0.1832479526950617,6.81588235294118
2025-09-07 19:00:00+02:00,0.1301365992723378,0.1301365992723378,0.1301365992723378,6.23275246514791
2025-09-07 19:01:00+02:00,0.0894747673446804,0.0894747673446804,0.0894747673446804,5.663236994219653
2025-09-07 19:02:00+02:00,0.0591608169554699,0.0,0.00933994416765,5.094450867052022
2025-09-07 19:03:00+02:00,0.0372347633144405,0.0,0.0,4.560896955302465
2025-09-07 19:04:00+02:00,0.0003113779626247,0.0,0.0,4.090346534653462
2025-09-07 19:05:00+02:00,0.0001653447927262,0.0,0.0,3.621039603960394
2025-09-07 19:06:00+02:00,7.277369325283626e-05,0.0,0.0,3.1797691889516053
2025-09-07 19:07:00+02:00,1.7993270105729255e-05,0.0,0.0,2.925408878504674
2025-09-07 19:08:00+02:00,0.0,0.0,0.0,2.705315420560748
2025-09-07 19:09:00+02:00,0.0,0.0,0.0,2.485221962616824
2025-09-07 19:10:00+02:00,0.0,0.0,0.0,2.265128504672899
2025-09-07 19:11:00+02:00,0.0,0.0,0.0,2.045035046728974
2025-09-07 19:12:00+02:00,0.0,0.0,0.0,1.824941588785048
2025-09-07 19:13:00+02:00,0.0,0.0,0.0,1.611350708991299
2025-09-07 19:14:00+02:00,0.0,0.0,0.0,1.478577586206896
2025-09-07 19:15:00+02:00,0.0,0.0,0.0,1.3699568965517228
2025-09-07 19:16:00+02:00,0.0,0.0,0.0,1.26133620689655
2025-09-07 19:17:00+02:00,0.0,0.0,0.0,1.1527155172413768
2025-09-07 19:18:00+02:00,0.0,0.0,0.0,1.044094827586204
2025-09-07 19:19:00+02:00,0.0,0.0,0.0,0.935474137931032
2025-09-07 19:20:00+02:00,0.0,0.0,0.0,0.8268534482758603
2025-09-07 19:21:00+02:00,0.0,0.0,0.0,0.7182327586206885
2025-09-07 19:22:00+02:00,0.0,0.0,0.0,0.6096120689655168
2025-09-07 19:23:00+02:00,0.0,0.0,0.0,0.5143649212824272
2025-09-07 19:24:00+02:00,0.0,0.0,0.0,0.461358595194085
2025-09-07 19:25:00+02:00,0.0,0.0,0.0,0.4114510166358596
2025-09-07 19:26:00+02:00,0.0,0.0,0.0,0.3615434380776341
2025-09-07 19:27:00+02:00,0.0,0.0,0.0,0.3116358595194086
2025-09-07 19:28:00+02:00,0.0,0.0,0.0,0.2617282809611831
2025-09-07 19:29:00+02:00,0.0,0.0,0.0,0.2118207024029577
2025-09-07 19:30:00+02:00,0.0,0.0,0.0,0.1619131238447322
2025-09-07 19:31:00+02:00,0.0,0.0,0.0,0.1120055452865065
2025-09-07 19:32:00+02:00,0.0,0.0,0.0,0.0729112754158965
2025-09-07 19:33:00+02:00,0.0,0.0,0.0,0.07
2025-09-07 19:34:00+02:00,0.0,0.0,0.0,0.07
2025-09-07 19:35:00+02:00,0.0,0.0,0.0,0.07
2025-09-07 19:36:00+02:00,0.0,0.0,0.0,0.07
2025-09-07 19:37:00+02:00,0.0,0.0,0.0,0.07
2025-09-07 19:38:00+02:00,0.0,0.0,0.0,0.07
2025-09-07 19:39:00+02:00,0.0,0.0,0.0,0.07
2025-09-07 19:40:00+02:00,0.0,0.0,0.0,0.07
2025-09-07 19:41:00+02:00,0.0,0.0,0.0,0.0700114744693057
2025-09-07 19:42:00+02:00,0.0,0.0,0.0,0.0746127366609294
2025-09-07 19:43:00+02:00,0.0,0.0,0.0,0.0828743545611015
2025-09-07 19:44:00+02:00,0.0,0.0,0.0,0.0911359724612737
2025-09-07 19:45:00+02:00,0.0,0.0,0.0,0.0993975903614459
2025-09-07 19:46:00+02:00,0.0,0.0,0.0,0.107659208261618
2025-09-07 19:47:00+02:00,0.0,0.0,0.0,0.1159208261617901
2025-09-07 19:48:00+02:00,0.0,0.0,0.0,0.1241824440619622
2025-09-07 19:49:00+02:00,0.0,0.0,0.0,0.1324440619621342
2025-09-07 19:50:00+02:00,0.0,0.0,0.0,0.1407056798623063
2025-09-07 19:51:00+02:00,0.0,0.0,0.0,0.1483935742971887
2025-09-07 19:52:00+02:00,0.0,0.0,0.0,0.15
2025-09-07 19:53:00+02:00,0.0,0.0,0.0,0.15
2025-09-07 19:54:00+02:00,0.0,0.0,0.0,0.15
2025-09-07 19:55:00+02:00,0.0,0.0,0.0,0.15
2025-09-07 19:56:00+02:00,0.0,0.0,0.0,0.15
2025-09-07 19:57:00+02:00,0.0,0.0,0.0,0.15
2025-09-07 19:58:00+02:00,0.0,0.0,0.0,0.15
2025-09-07 19:59:00+02:00,0.0,0.0,0.0,0.15
2025-09-07 20:00:00+02:00,0.0,0.0,0.0,0.15
