{
  "mae": 8.381875753367845,
  "rmse": 12.807788149041862,
  "r2": 0.9938438214373049,
  "mape": 1573212373.0920496,
  "max_error": 96.97805765073943,
  "bias": -0.5693964507740191,
  "n_samples": 4570
}