{
  "mae": 9.227983285449406,
  "rmse": 13.448607982679384,
  "r2": 0.9932123786624197,
  "mape": 1964411078.7714336,
  "max_error": 94.71115698576935,
  "bias": -0.3578628082957768,
  "n_samples": 4570
}