{
  "mae": 8.246126493371836,
  "rmse": 12.885943011987463,
  "r2": 0.9937684605299145,
  "mape": 1446471215.696277,
  "max_error": 99.33982446096809,
  "bias": -0.40365438955867977,
  "n_samples": 4570
}