{
  "mse": 41.64835931980424,
  "mae": 4.004215961254459,
  "rmse": 6.453554006886767,
  "r2": 0.9948446633216829,
  "mape": 1379841642.9426887,
  "max_error": 43.805476087200674,
  "bias": 0.08879993123739251,
  "n_samples": 1339,
  "coefficients": {
    "a": -0.0009073369826707243,
    "b": 4.863963697587673,
    "c": 1.8489860050460294
  }
}