{
  "mse": 46.09986726928727,
  "mae": 4.043996186322051,
  "rmse": 6.7896883042807845,
  "r2": 0.9942936446842001,
  "mape": 1477204123.4647524,
  "max_error": 61.35991855103143,
  "bias": 0.17359991110578585,
  "n_samples": 1339,
  "coefficients": {
    "a": -0.0004155857389520455,
    "b": 4.9372295180561165,
    "c": 1.9794516006840581
  }
}