{
  "mse": 31.83590202117386,
  "mae": 3.741542062462846,
  "rmse": 5.642331257660601,
  "r2": 0.9960592734970228,
  "mape": 1445352689.524182,
  "max_error": 40.78540740096548,
  "bias": 0.3198908401214504,
  "n_samples": 1339,
  "coefficients": {
    "a": 0.0005733486373703379,
    "b": 4.846237538372269,
    "c": 1.9367707214945682
  }
}