{
  "mae": 21.95898587091612,
  "rmse": 31.543862314472946,
  "r2": 0.8688124722602317,
  "mape": 14.006121391187925,
  "max_error": 96.55696122459267,
  "bias": 5.881187013135192,
  "n_samples": 488
}