{
  "mae": 6.705603533010145,
  "rmse": 12.183759822632327,
  "r2": 0.9944290970098888,
  "mape": 555431741.8512807,
  "max_error": 93.0078519082891,
  "bias": -0.29083068681342567,
  "n_samples": 4570
}