{
  "mae": 7.1383159172222586,
  "rmse": 12.61851560378557,
  "r2": 0.9940244281096038,
  "mape": 722244090.7008935,
  "max_error": 94.26760506451205,
  "bias": -0.19348718066614512,
  "n_samples": 4570
}