{
  "mae": 7.148813896656951,
  "rmse": 12.557665603105379,
  "r2": 0.9940819208990909,
  "mape": 746147917.1448982,
  "max_error": 90.09019286314268,
  "bias": -0.011165401710420157,
  "n_samples": 4570
}