{
  "mse": 801.7600662911254,
  "mae": 15.357111642933585,
  "rmse": 28.315368023232992,
  "r2": 0.9869679337043885,
  "mape": 434291189.27785736,
  "max_error": 354.5178487350597,
  "bias": -0.1788729626201538,
  "n_samples": 4100,
  "coefficients": {
    "a": 0.0014890747251889674,
    "b": 5.612593568519939,
    "c": -2.9676482562289266
  }
}