{
  "mse": 691.0554738755333,
  "mae": 14.533700707636447,
  "rmse": 26.287933997854097,
  "r2": 0.9887673617979608,
  "mape": 438581965.790736,
  "max_error": 418.2194424719679,
  "bias": -0.22361015111154958,
  "n_samples": 4100,
  "coefficients": {
    "a": 0.0014131835854949298,
    "b": 5.54597898734424,
    "c": -2.9969684865587
  }
}