{
  "mse": 948.900496599704,
  "mae": 16.427121898811052,
  "rmse": 30.804228550634146,
  "r2": 0.9845762657688468,
  "mape": 526211358.88582206,
  "max_error": 467.529733448471,
  "bias": 1.0961079249752899,
  "n_samples": 4100,
  "coefficients": {
    "a": 0.0021115400947449695,
    "b": 5.584175363639863,
    "c": -3.5957677333638856
  }
}