{
  "mse": 1521.8137783078562,
  "mae": 27.65561042476223,
  "rmse": 39.01043166010671,
  "r2": 0.9824528617062834,
  "mape": 16.741751373678717,
  "max_error": 178.0540663842312,
  "bias": 0.0036532710887658797,
  "n_samples": 900,
  "coefficients": {
    "a": -0.0017520430241419669,
    "b": 6.157080660984633,
    "c": -17.441468594720448
  }
}