{
  "mse": 1380.9973749473913,
  "mae": 27.013380533753327,
  "rmse": 37.1617730328814,
  "r2": 0.984076532709274,
  "mape": 17.27299428280686,
  "max_error": 154.21116575954022,
  "bias": 1.7467013904690154,
  "n_samples": 900,
  "coefficients": {
    "a": -0.0013120714738957121,
    "b": 6.160853138474686,
    "c": -19.77665711762529
  }
}