{
  "mse": 1152.798424952011,
  "mae": 24.21179545219943,
  "rmse": 33.952885370053764,
  "r2": 0.9867077603871455,
  "mape": 14.72966442344346,
  "max_error": 174.22745806161913,
  "bias": 2.3558741728101995,
  "n_samples": 900,
  "coefficients": {
    "a": -0.0009341567355975285,
    "b": 5.951330588074852,
    "c": -15.807508078438332
  }
}