{
  "mse": 18.862521875819635,
  "mae": 3.1499063246326195,
  "rmse": 4.343100491103059,
  "r2": 0.9871916284710343,
  "mape": 197.63059264755918,
  "max_error": 14.185586065373641,
  "bias": -0.07935507993416158,
  "n_samples": 1300,
  "coefficients": {
    "a": -0.0011876856553081228,
    "b": 4.28739457967679,
    "c": 0.9131623185547824
  }
}