{
  "mse": 19.50762779812238,
  "mae": 3.240565226444437,
  "rmse": 4.416744026782895,
  "r2": 0.9867535769537034,
  "mape": 219.0055311663217,
  "max_error": 13.691598616891142,
  "bias": 0.048415564400691426,
  "n_samples": 1300,
  "coefficients": {
    "a": -0.0015242201286955813,
    "b": 4.262085657913666,
    "c": 1.005802333927221
  }
}