{
  "mse": 19.038405661091048,
  "mae": 3.324407488615443,
  "rmse": 4.36330215101946,
  "r2": 0.9870721966748773,
  "mape": 264.95402800405657,
  "max_error": 12.455411475077966,
  "bias": -0.37783257511443274,
  "n_samples": 1300,
  "coefficients": {
    "a": 0.0006855184910734201,
    "b": 4.093967502737174,
    "c": 1.2076092639894043
  }
}