time,irr_1_MAX_VALUE,irr_2_MAX_VALUE,irr_3_MAX_VALUE,irr_dav_1_MAX_VALUE
2025-09-04 06:20:00+02:00,2.2432432432432416,2.4004106776180723,3.10034305317324,4.233267748825851
2025-09-04 06:21:00+02:00,2.49272349272349,2.646817248459961,3.203259005145794,4.696484623698384
2025-09-04 06:22:00+02:00,2.7422037422037384,2.89322381930185,3.30617495711835,5.182489973807691
2025-09-04 06:23:00+02:00,2.9916839916839866,3.1396303901437386,3.4090909090909065,5.690261685458048
2025-09-04 06:28:00+02:00,4.099137931034485,4.156034482758624,3.923670668953688,9.411860393170194
2025-09-04 06:29:00+02:00,4.202586206896556,4.259482758620695,4.0923021521374485,10.317813241034091
2025-09-04 06:30:00+02:00,4.306034482758627,4.362931034482767,4.417127071823201,11.27710538045537
2025-09-04 06:31:00+02:00,4.409482758620698,4.466379310344838,4.748618784530384,12.290580525201175
2025-09-04 06:32:00+02:00,4.5129310344827696,4.569827586206908,5.017349587774936,13.338392266960224
2025-09-04 06:33:00+02:00,4.616379310344839,4.673275862068976,5.128227194492255,14.432549170364869
2025-09-04 06:34:00+02:00,4.719827586206905,4.7767241379310414,5.231497418244406,15.574913692723582
2025-09-04 06:35:00+02:00,4.823275862068971,4.880172413793107,5.334767641996557,16.765388324833836
2025-09-04 06:36:00+02:00,4.9267241379310365,4.990843782654128,5.438037865748708,18.00381752940226
2025-09-04 06:37:00+02:00,5.072844827586207,5.191287878787876,5.541308089500859,19.289988434000765
2025-09-04 06:38:00+02:00,5.31,5.418560606060603,5.64457831325301,20.623639745275295
2025-09-04 06:39:00+02:00,5.55,5.645833333333332,5.7478485370051615,22.00446230352568
2025-09-04 06:40:00+02:00,5.79,5.87310606060606,5.851118760757313,23.43210360569183
2025-09-04 06:41:00+02:00,6.00344827586207,6.091827613220594,5.954458682372895,24.90617137852029
2025-09-04 06:42:00+02:00,6.11637931034483,6.299826689774694,6.085677749360614,26.42623702079558
2025-09-04 06:43:00+02:00,6.219827586206901,6.507798960138644,6.239130434782612,27.99183886784385
2025-09-04 06:44:00+02:00,6.323275862068972,6.715771230502593,6.392583120204608,29.602485326894275
2025-09-04 06:45:00+02:00,6.426724137931044,6.923743500866543,6.546035805626604,31.257657842042867
2025-09-04 06:46:00+02:00,6.530172413793115,7.131715771230493,6.699488491048599,33.46062446740399
2025-09-04 06:47:00+02:00,6.633620689655184,7.339688041594443,6.852941176470591,35.271553832793415
2025-09-04 06:48:00+02:00,6.737068965517249,7.547660311958398,7.07239918365238,37.12567751396846
2025-09-04 06:49:00+02:00,6.840517241379316,7.755632582322352,7.631313131313129,39.02232747119493
2025-09-04 06:50:00+02:00,6.943965517241381,7.983827224788199,8.237373737373735,40.96082773692001
2025-09-04 06:51:00+02:00,7.76304945054945,8.487684729064036,8.807007575757574,42.940497072309725
2025-09-04 06:52:00+02:00,8.326923076923075,9.078817733990144,8.0125,44.96065031537307
2025-09-04 06:53:00+02:00,8.656593406593403,9.669950738916254,8.295006747638327,47.020599578458935
2025-09-04 06:54:00+02:00,8.986263736263732,10.224461467813311,9.4089068825911,49.11965537438898
2025-09-04 06:55:00+02:00,9.31593406593406,10.733050847457632,9.89473684210527,51.257127628024165
2025-09-04 06:56:00+02:00,9.645604395604389,11.241525423728822,10.380566801619436,53.43232659698285
2025-09-04 06:57:00+02:00,9.983259626552307,11.750000000000002,10.84672413042532,55.644563729565945
2025-09-04 06:58:00+02:00,10.386759581881527,11.036858974358976,10.503225806451612,57.89315240619351
2025-09-04 06:59:00+02:00,10.80487804878048,11.30448717948718,9.729032258064516,60.177410193634586
2025-09-04 07:00:00+02:00,11.22299651567944,11.068612060208697,9.927598566308244,62.496653320150976
2025-09-04 07:01:00+02:00,11.641114982578395,12.696078431372548,11.892473118279566,64.85020643174519
2025-09-04 07:02:00+02:00,12.260108581152258,13.911787719782746,13.237909044360654,67.2373970198255
2025-09-04 07:03:00+02:00,13.53062015503876,15.432148446232953,14.554653679653676,69.65755737768403
2025-09-04 07:04:00+02:00,12.36025641025641,12.994724025974028,13.34259259259259,72.11002503280857
2025-09-04 07:05:00+02:00,12.66239316239316,12.850649350649356,13.740196078431367,74.59414311318409
2025-09-04 07:06:00+02:00,13.175213675213673,13.629870129870133,14.328431372549014,77.10926067353014
2025-09-04 07:07:00+02:00,13.688034188034186,14.707865168539328,14.82675938592491,79.65473300640335
2025-09-04 07:08:00+02:00,13.111462313075217,15.231464142044668,13.918604651162788,82.22992187195368
2025-09-04 07:09:00+02:00,13.325307495938732,15.246913580246916,14.71297065337763,84.8341957428656
2025-09-04 07:10:00+02:00,14.568345323741005,17.083333333333336,16.62359751121991,87.46693177036136
2025-09-04 07:11:00+02:00,15.431654676258988,17.207757107757107,18.08139534883721,90.12750886706708
2025-09-04 07:12:00+02:00,15.458439402324297,17.637837837837846,18.366486710963454,92.81531846412858
2025-09-04 07:13:00+02:00,15.110667853273483,16.989189189189194,18.17749261866909,95.52975755813918
2025-09-04 07:14:00+02:00,14.80687973997833,16.340540540540545,17.264612511671338,98.27023058551218
2025-09-04 07:20:00+02:00,17.35012371862849,20.54285714285714,21.370129870129865,115.22738289270384
2025-09-04 07:21:00+02:00,17.391695083830633,21.653161059645697,22.14935064935064,118.13405649633737
2025-09-04 07:22:00+02:00,18.664705882352937,21.73720136518772,22.83768007948336,121.06227127528868
2025-09-04 07:23:00+02:00,19.37058823529411,21.327645051194555,22.59426229508198,124.0115021824177
2025-09-04 07:24:00+02:00,19.83459194488606,20.91808873720139,22.102459016393453,126.98122980040044
2025-09-04 07:25:00+02:00,19.16891891891891,20.508532423208205,21.610655737704928,129.97094223173153
2025-09-04 07:26:00+02:00,18.38249004818772,20.238763057193093,20.94476971116316,132.98013503871937
2025-09-04 07:27:00+02:00,20.023608174770967,22.124242424242425,22.156385281385283,136.00831120554506
2025-09-04 07:28:00+02:00,20.680281690140845,23.033898305084744,24.033898305084744,139.05498103906504
2025-09-04 07:29:00+02:00,20.894366197183103,23.289863945578237,24.289863945578237,142.11966211890712
2025-09-04 07:30:00+02:00,21.70791824115425,23.52722222222222,24.52722222222222,145.20187921675682
2025-09-04 07:31:00+02:00,21.213857619345426,24.67544593088072,25.699264705882356,148.3011642094541
2025-09-04 07:32:00+02:00,21.79124748490946,25.50828157349897,26.516024340770787,151.41705811459087
2025-09-04 07:33:00+02:00,23.41795215738878,25.953379953379955,27.334882944910166,154.5491025988876
2025-09-04 07:34:00+02:00,23.71599698170157,26.211274509803925,27.935185185185187,157.69685245007565
2025-09-04 07:35:00+02:00,25.646323743097938,26.5376811594203,28.571236559139777,160.8598671311419
2025-09-04 07:36:00+02:00,24.67567567567568,25.495694322860945,27.604838709677413,164.03771276497935
2025-09-04 07:37:00+02:00,25.758165402244348,25.163310961968676,29.31642192264484,167.22996206342648
2025-09-04 07:38:00+02:00,26.85625,25.431767337807585,30.75439350012527,170.4361941933695
2025-09-04 07:39:00+02:00,27.60625,25.700223713646512,30.057553956834525,173.6559947041016
2025-09-04 07:40:00+02:00,28.363057324840767,25.96868008948544,29.26042727461866,176.88895542180518
2025-09-04 07:41:00+02:00,29.12738853503185,26.23713646532437,29.4703196347032,180.13467435073932
2025-09-04 07:42:00+02:00,29.88302708951657,26.505592841163303,30.01826484018265,183.3927555677197
2025-09-04 07:43:00+02:00,30.53926701570681,26.774049217002236,30.5662100456621,186.66280914625668
2025-09-04 07:44:00+02:00,31.16753926701571,27.111791025134888,31.05695618381424,189.944453225278
2025-09-04 07:45:00+02:00,31.817286360812847,27.681372549019613,31.385638297872333,193.2373051235425
2025-09-04 07:46:00+02:00,33.37703869523506,28.26960784313725,31.704787234042545,196.5409944384337
2025-09-04 07:47:00+02:00,35.64191519578008,28.863392526822054,32.02393617021276,199.85515414608824
2025-09-04 07:48:00+02:00,39.12156072106262,29.57232704402516,32.343085106382986,203.17942272502785
2025-09-04 07:49:00+02:00,44.23611111111111,30.327044025157235,32.662234042553195,206.5134440208431
2025-09-04 07:50:00+02:00,49.06574621959237,31.09012578616352,33.01858073078678,209.8568671756788
2025-09-04 07:51:00+02:00,49.39053254437868,31.886666666666667,33.66081871345031,213.20934653133293
2025-09-04 07:52:00+02:00,48.68047337278105,32.68353455818023,34.36257309941522,216.57054150408104
2025-09-04 07:53:00+02:00,47.55925861468848,33.14370078740159,35.06221012300868,219.9401165530087
2025-09-04 07:54:00+02:00,44.89761904761904,33.37992125984257,35.752873563218394,223.3177410248984
2025-09-04 07:55:00+02:00,41.962637362637366,33.61614173228353,36.44252873563219,226.7030913671721
2025-09-04 07:56:00+02:00,38.38446275946276,33.852362204724464,36.8787662835249,230.09584194494363
2025-09-04 07:57:00+02:00,34.90347189042841,34.0885826771654,36.46800000000001,233.49567856731252
2025-09-04 07:58:00+02:00,34.350000000000016,34.32480314960633,35.98800000000002,236.9022893491778
2025-09-04 07:59:00+02:00,34.81153846153849,34.561023622047266,35.50800000000003,240.3153668543856
2025-09-04 08:00:00+02:00,35.27307692307696,34.7972440944882,35.15528078817734,243.7346080357418
2025-09-04 08:01:00+02:00,35.7346153846154,35.15984903482809,35.605911330049274,247.15971414547928
2025-09-04 08:02:00+02:00,36.17214137214137,35.971631205673745,36.1970443349754,250.5903906462015
2025-09-04 08:03:00+02:00,36.57770270270269,36.81287506819421,36.7866118144205,254.02634715514225
2025-09-04 08:04:00+02:00,36.98310810810807,37.48717948717948,37.27598566308245,257.4672973265495
2025-09-04 08:05:00+02:00,37.38851351351347,38.102564102564095,37.70609318996417,260.9129587993958
2025-09-04 08:06:00+02:00,37.793918918918905,38.71794871794871,38.1362007168459,264.36305542839943
2025-09-04 08:07:00+02:00,38.19218241042346,39.17333333333331,38.566308243727626,267.8173079455077
2025-09-04 08:08:00+02:00,38.58306188925084,39.4933333333333,38.99586288416076,271.27544779333243
2025-09-04 08:09:00+02:00,38.97394136807821,39.8133333333333,39.42198581560283,274.7372077618394
2025-09-04 08:10:00+02:00,39.36482084690558,40.13333333333332,39.84751773049644,278.20232425561795
2025-09-04 08:11:00+02:00,39.75570032573293,40.45333333333332,40.27304964539005,281.6705372175168
2025-09-04 08:12:00+02:00,40.14609508298435,40.77333333333333,40.698581560283664,285.14159005337035
2025-09-04 08:13:00+02:00,40.53571428571431,41.07722595078301,41.09983040394696,288.6152295913484
2025-09-04 08:14:00+02:00,40.925324675324696,41.34675615212532,41.449275362318815,292.0912059763109
2025-09-04 08:15:00+02:00,41.31493506493508,41.61521252796427,41.79710144927532,295.5692726327818
2025-09-04 08:16:00+02:00,41.70454545454546,41.883668903803205,42.14492753623183,299.0491861942346
2025-09-04 08:17:00+02:00,42.09485612426789,42.152125279642114,42.49275362318838,302.53070877041387
2025-09-04 08:18:00+02:00,42.48692810457517,42.42058165548102,42.84057971014492,306.01359857265294
2025-09-04 08:19:00+02:00,42.87908496732027,42.68903803131993,43.16883116883116,309.49762382457845
2025-09-04 08:20:00+02:00,43.27124183006536,42.97683445190157,43.48051948051947,316.9702650168032
2025-09-04 08:21:00+02:00,43.66339869281046,43.50499999999997,43.79220779220778,320.4894917278085
2025-09-04 08:22:00+02:00,44.086559410088825,44.10499999999999,44.10389610389609,324.00922897785324
2025-09-04 08:23:00+02:00,44.61990950226244,44.70499999999999,44.41558441558441,327.5292511490687
2025-09-04 08:24:00+02:00,45.1628959276018,45.24999999999999,44.72727272727273,331.04933533397684
2025-09-04 08:25:00+02:00,45.70588235294117,45.7418032786885,45.05386738396447,334.56926131408534
2025-09-04 08:26:00+02:00,46.15492957746477,46.233606557377016,45.43689320388347,338.0888115057473
2025-09-04 08:27:00+02:00,46.49295774647883,46.72540983606556,45.82524271844656,341.6077709081592
2025-09-04 08:28:00+02:00,46.83098591549293,47.1670351312682,46.213592233009656,345.1259270827845
2025-09-04 08:29:00+02:00,47.16901408450702,47.5457413249211,46.60194174757279,348.6430724292742
2025-09-04 08:30:00+02:00,47.50704225352112,47.92429022082013,46.98379202439221,352.15899473338743
2025-09-04 08:31:00+02:00,47.84507042253521,48.30283911671921,47.322314049586815,355.6734912696225
2025-09-04 08:32:00+02:00,48.22648083623695,48.68138801261828,47.65289256198351,359.1863593174909
2025-09-04 08:33:00+02:00,48.64459930313592,49.046339033704136,47.9834710743802,362.69739850564736
2025-09-04 08:34:00+02:00,49.06271777003486,49.36578947368423,48.31404958677688,366.2064107321054
2025-09-04 08:35:00+02:00,49.48083623693381,49.68157894736845,48.644628099173566,369.7132001512962
2025-09-04 08:36:00+02:00,49.8960064325918,49.99736842105267,48.979006610429536,373.2175731285415
2025-09-04 08:37:00+02:00,50.24999999999998,50.31315789473688,49.34472049689442,376.7193381953695
2025-09-04 08:38:00+02:00,50.579670329670286,50.62894736842109,49.71739130434785,380.2183060391188
2025-09-04 08:39:00+02:00,50.90934065934061,50.94798631799625,50.09006211180128,383.71428942721263
2025-09-04 08:40:00+02:00,51.23901098901094,51.311320754716974,50.4627329192547,387.207105538343
2025-09-04 08:41:00+02:00,51.56868131868129,51.688679245283,50.83535561193248,390.6965665545462
2025-09-04 08:42:00+02:00,51.89976888191173,52.06603773584902,51.18873239436618,394.1824936744272
2025-09-04 08:43:00+02:00,52.28231292517006,52.443396226415054,51.52676056338024,397.66470773397424
2025-09-04 08:44:00+02:00,52.690476190476176,52.82075471698112,51.86478873239434,401.1430314781009
2025-09-04 08:45:00+02:00,53.09863945578229,53.17166212534061,52.202816901408426,404.6172895553819
2025-09-04 08:46:00+02:00,53.506802721088405,53.49863760217988,52.54084507042253,408.087308478949
2025-09-04 08:47:00+02:00,53.91514131425765,53.82561307901912,52.87918767750536,411.5529165906759
2025-09-04 08:48:00+02:00,54.32646048109965,54.15258855585835,53.23765432098767,415.01394405556266
2025-09-04 08:49:00+02:00,54.73883161512027,54.47956403269757,53.60802469135803,418.47022279472935
2025-09-04 08:50:00+02:00,55.151202749140886,54.8065395095368,53.978395061728406,421.92158648141947
2025-09-04 08:51:00+02:00,55.5635738831615,55.150945294487535,54.34876543209878,425.3678728162969
2025-09-04 08:52:00+02:00,55.97131437206016,55.52,54.71913580246914,428.8089142529915
2025-09-04 08:53:00+02:00,56.34346504559273,55.88923076923077,55.09989921894683,432.2445518620809
2025-09-04 08:54:00+02:00,56.70820668693013,56.25846153846154,55.50680272108843,435.6746260194645
2025-09-04 08:55:00+02:00,57.07294832826751,56.62769230769231,55.91496598639454,439.0989787181289
2025-09-04 08:56:00+02:00,57.43768996960488,56.99969331322273,56.32312925170066,442.517453537498
2025-09-04 08:57:00+02:00,57.80243161094226,57.38888888888889,56.73129251700678,445.9298956110272
2025-09-04 08:58:00+02:00,58.18900343642611,57.78104575163399,57.14349935778507,449.33615162869273
2025-09-04 08:59:00+02:00,58.60137457044673,58.173202614379086,57.56293706293704,452.7360697741928
2025-09-04 09:00:00+02:00,59.01374570446735,58.56535947712419,57.98251748251744,456.12949972781456
2025-09-04 09:01:00+02:00,59.42611683848797,58.95559253262977,58.40209790209787,459.5162926370352
2025-09-04 09:02:00+02:00,59.83865704636427,59.3272171253823,58.82143363082589,462.8963033524385
2025-09-04 09:03:00+02:00,60.26937269372693,59.69418960244652,59.19060773480663,465.6323611111111
2025-09-04 09:04:00+02:00,60.7121771217712,60.06116207951073,59.522099447513824,469.63538436999846
2025-09-04 09:05:00+02:00,61.15498154981547,60.42813455657495,59.853591160221015,469.7845833333333
2025-09-04 09:06:00+02:00,61.59778597785976,60.79510703363915,60.185082872928206,475.0057657657658
2025-09-04 09:07:00+02:00,61.98120307927218,61.11711568473563,60.5165745856354,475.5455341484342
2025-09-04 09:08:00+02:00,62.112931034482784,61.38274336283183,60.84806629834256,479.0392595899471
2025-09-04 09:09:00+02:00,62.21637931034488,61.64823008849552,61.1825842696629,480.022290954416
2025-09-04 09:21:00+02:00,65.22604422604424,65.3011494252873,64.48501872659168,504.5941944444445
2025-09-04 09:22:00+02:00,65.52088452088454,65.57701149425277,64.70973782771527,508.10850529100526
2025-09-04 09:23:00+02:00,65.81572481572483,65.85287356321825,64.93543138949615,510.8716666666666
2025-09-04 09:24:00+02:00,66.10892909197993,66.12873563218379,65.19230769230772,513.5574603174604
2025-09-04 09:25:00+02:00,66.39951573849875,66.40459770114934,65.46380090497745,516.9803777777778
2025-09-04 09:26:00+02:00,66.69007263922511,66.6804597701149,65.73529411764717,517.2546
2025-09-04 09:27:00+02:00,66.98062953995147,66.96011624869384,66.0067873303169,523.7589030934342
2025-09-04 09:28:00+02:00,67.27118644067784,67.28693181818184,66.27828054298654,522.6042058404558
2025-09-04 09:29:00+02:00,67.56174334140428,67.62784090909096,66.54977375565618,520.4641250263546
2025-09-04 09:30:00+02:00,67.85230024213072,67.96875000000009,66.82126696832582,521.0788060224089
2025-09-04 09:41:00+02:00,70.68552036199105,70.69544270833335,69.68089887640446,549.6918518518519
2025-09-04 09:42:00+02:00,70.95701357466078,69.72500000000002,69.95056179775275,547.6843428330928
2025-09-04 09:43:00+02:00,71.22850678733043,69.46973905723907,70.22022471910105,546.3302645502646
2025-09-04 09:44:00+02:00,71.50000000000007,70.63278619528622,70.48988764044935,548.5192180735932
2025-09-04 09:45:00+02:00,71.77149321266971,71.39351851851849,70.7595505617977,551.6412297771673
2025-09-04 09:46:00+02:00,72.15082956259428,71.94907407407405,71.15961755123168,554.5105937118437
2025-09-04 09:47:00+02:00,72.89102564102568,72.50462962962962,72.0813008130081,560.1256076388889
2025-09-04 09:48:00+02:00,73.65918803418805,72.79579702251272,72.7499766376974,567.1182407407408
2025-09-04 09:56:00+02:00,75.89103074834752,74.76793248945148,74.8557259503225,584.1544484126983
2025-09-04 09:57:00+02:00,75.2265625,74.26160337552744,74.12142857142858,580.9350925925926
2025-09-04 09:58:00+02:00,74.33390827922078,73.7552742616034,73.30837275307475,577.3232559523809
2025-09-04 09:59:00+02:00,74.60389610389613,73.25523098561077,73.61589403973508,572.5596388888889
2025-09-04 10:00:00+02:00,75.3831168831169,74.0923076923077,74.41059602649004,572.3150529100529
2025-09-04 10:01:00+02:00,76.09684281236004,75.32972972972969,75.12362970269128,581.1480555555555
2025-09-04 10:02:00+02:00,76.62499999999994,75.97837837837834,75.64255319148936,581.9703009259259
2025-09-04 10:03:00+02:00,77.14224137931029,76.62702702702701,76.15319148936169,587.2840701058202
2025-09-04 10:04:00+02:00,77.65948275862067,77.5292326809568,76.66382978723402,591.6925
2025-09-04 10:05:00+02:00,77.71304667788058,78.76896551724136,76.78825987841945,598.5298633040935
2025-09-04 10:18:00+02:00,82.6894117647059,82.2591362126246,81.65384615384617,630.4863194444445
2025-09-04 10:19:00+02:00,82.97176470588236,82.6578073089701,82.5769230769231,630.2722652116403
2025-09-04 10:20:00+02:00,83.25411764705883,83.0978626799557,82.57364341085274,634.0915324074074
2025-09-04 10:21:00+02:00,83.5364705882353,83.68499999999996,81.64341085271322,639.4335694444444
2025-09-04 10:22:00+02:00,83.81882352941177,84.28499999999995,81.20528792912516,641.7265972222223
2025-09-04 10:23:00+02:00,84.03532961460446,84.88713261648745,81.66269841269848,647.7979305555556
2025-09-04 10:24:00+02:00,84.14051724137934,85.52150537634407,82.13888888888893,648.800337962963
2025-09-04 10:30:00+02:00,84.76120689655187,85.51839464882949,84.46374269005848,658.7590740740741
2025-09-04 10:31:00+02:00,84.86465517241388,85.91973244147162,85.42543859649123,661.6202175925927
2025-09-04 10:32:00+02:00,84.98216700473294,86.32107023411373,85.95175438596493,662.2513888888889
2025-09-04 10:33:00+02:00,85.61105275443511,86.72240802675587,86.47807017543863,663.4397987117552
2025-09-04 10:47:00+02:00,88.45279838815308,87.61666449673969,87.4224860545756,685.8556712962964
2025-09-04 10:48:00+02:00,90.33395445134578,91.27260904361744,91.16666666666669,684.4663888888889
2025-09-04 10:49:00+02:00,89.75714285714288,89.61764705882352,90.14606741573034,680.2485972222222
2025-09-04 10:50:00+02:00,87.564417989418,86.48529411764706,87.1325686641698,682.3074470899471
2025-09-04 10:54:00+02:00,92.21969696969695,92.49318181818182,91.83792010145848,717.2123228276354
2025-09-04 10:55:00+02:00,91.62188057041,91.59182692307694,91.63614457831328,712.7930317460317
2025-09-04 10:56:00+02:00,92.71455045432806,92.80264486169996,91.34698795180732,714.6994935388685
2025-09-04 10:57:00+02:00,92.06504065040654,92.44488188976372,91.05783132530132,715.409212962963
2025-09-04 11:06:00+02:00,90.9030172413793,92.35972455709296,91.5351181902906,713.5694573412699
2025-09-04 11:07:00+02:00,92.76428035982008,93.4099099099099,92.49099099099097,718.0819444444445
2025-09-04 11:08:00+02:00,93.2586956521739,93.95045045045042,93.03153153153148,716.410375
2025-09-04 11:09:00+02:00,93.51956521739127,94.49099099099094,93.57207207207205,718.4479907407407
2025-09-04 11:37:00+02:00,94.66984126984129,95.69180327868844,93.70568561872916,726.1420405982907
2025-09-04 11:38:00+02:00,95.05079365079364,96.08524590163924,94.10702341137127,721.465707070707
2025-09-04 11:39:00+02:00,95.43174603174604,96.47868852459013,94.5083612040134,719.0320128205127
2025-09-04 11:40:00+02:00,95.8126984126984,96.86568918409648,94.91049389985398,719.9878089387465
2025-09-04 11:41:00+02:00,95.90528905289052,96.93879310344828,95.32746478873236,728.4111659356726
2025-09-04 11:42:00+02:00,95.68450184501846,96.83534482758616,95.75,726.3051636904762
2025-09-04 11:43:00+02:00,95.46309963099633,96.73189655172408,96.17253521126754,729.0409201388889
2025-09-04 11:44:00+02:00,95.2416974169742,96.628448275862,96.59507042253516,727.1689202279202
2025-09-04 11:45:00+02:00,95.02029520295206,96.52499999999988,96.44485945754327,732.7820138888889
2025-09-04 11:46:00+02:00,94.79889298892992,96.4215517241378,95.21270718232046,729.4888670634922
2025-09-04 11:47:00+02:00,94.5774907749078,96.31810344827572,95.54419889502763,732.0959583333333
2025-09-04 11:48:00+02:00,94.35608856088564,96.21465517241366,95.87569060773484,731.9813095238096
2025-09-04 11:49:00+02:00,94.13468634686348,96.11120689655164,96.20718232044204,729.9291203703702
2025-09-04 11:50:00+02:00,94.83823529411764,96.00209308434424,96.53867403314922,723.9989384920635
2025-09-04 11:51:00+02:00,94.3966911764706,95.84626038781164,96.86832412523025,729.1919343711844
2025-09-04 11:52:00+02:00,89.0791666666667,95.68005540166205,96.65193370165746,730.7206481481481
2025-09-04 11:53:00+02:00,93.44557748538011,95.51385041551248,95.98895027624307,730.6100438034188
2025-09-04 11:54:00+02:00,95.01503759398496,95.34764542936288,95.3259668508287,729.8935694444444
2025-09-04 11:55:00+02:00,94.20404271548436,95.18144044321332,95.15010570824528,726.1428333333333
2025-09-04 12:02:00+02:00,95.8984953618267,98.28431372549022,96.91102889358704,729.5424074074075
2025-09-04 12:03:00+02:00,94.85668513087867,97.1349603671256,96.12790697674416,725.1547323848239
2025-09-04 12:04:00+02:00,93.66161616161617,96.22695035460994,94.93317542348552,725.2181822612087
2025-09-04 12:05:00+02:00,93.05555555555551,95.37567966903076,94.337962962963,721.5918859649123
2025-09-04 12:06:00+02:00,92.44949494949492,94.44166666666668,93.78240740740743,716.296736111111
2025-09-04 12:12:00+02:00,94.0,96.92775898443185,96.81291880524664,727.5870126262625
2025-09-04 12:13:00+02:00,94.0,96.89396551724134,96.74702380952384,725.1940567129628
2025-09-04 12:14:00+02:00,94.0,96.79051724137928,96.38988095238096,726.6025
2025-09-04 12:15:00+02:00,94.0,96.68706896551716,96.03273809523812,723.2014888888889
2025-09-04 12:16:00+02:00,94.0,96.58362068965506,95.67559523809524,723.0008023504273
2025-09-04 12:17:00+02:00,94.0,96.480172413793,95.3184523809524,723.5738657407406
2025-09-04 12:18:00+02:00,94.0,96.37672413793088,94.97512488328664,717.0684543650794
2025-09-04 12:19:00+02:00,94.0,96.2732758620688,94.6870588235294,718.4905773809523
2025-09-04 12:20:00+02:00,94.0,96.1698275862068,94.40470588235291,723.7526785714285
2025-09-04 12:21:00+02:00,93.48245614035086,96.06637931034476,94.12235294117647,727.4151388888889
2025-09-04 12:23:00+02:00,91.55900621118012,94.33879781420768,93.55764705882352,718.2532638888888
2025-09-04 12:24:00+02:00,90.81366459627326,93.68306010928964,93.27529411764704,715.9863422035481
2025-09-04 12:25:00+02:00,90.80385636907376,93.67896174863388,93.63047164811871,710.0398638344227
2025-09-04 12:26:00+02:00,91.05194805194806,94.03508297258296,94.08091109977904,708.9853472222222
2025-09-04 12:27:00+02:00,92.54810668258943,94.88275156629584,94.68769872813992,704.7991666666667
2025-09-04 12:28:00+02:00,94.1819923371648,96.57317814489022,95.87500000000004,719.4032407407408
2025-09-04 12:29:00+02:00,94.41187739463612,97.25141242937848,96.73529411764709,723.894861111111
2025-09-04 12:30:00+02:00,94.64176245210736,97.59039548022592,97.0,722.9968148148149
2025-09-04 12:31:00+02:00,94.87164750957862,97.9293785310734,97.0,724.0978450854701
2025-09-04 12:32:00+02:00,95.10153256704986,98.26836158192089,97.0,723.0871212121211
2025-09-04 12:33:00+02:00,95.33141762452112,98.60734463276836,97.0,723.3813596491227
2025-09-04 12:34:00+02:00,95.56130268199236,98.99947033898304,97.0,727.7445833333333
2025-09-04 12:35:00+02:00,95.79118773946362,100.05208333333336,97.0,728.3899074074075
2025-09-04 12:36:00+02:00,95.92364733992169,101.32911985018728,97.0,731.2455092592592
2025-09-04 12:37:00+02:00,95.55350553505536,102.48818784212044,97.0,731.2389583333334
2025-09-04 12:38:00+02:00,95.1107011070111,100.4021739130435,97.0,732.7872097578347
2025-09-04 12:39:00+02:00,94.66789667896684,99.06918331374855,96.97119341563786,733.4494907407408
2025-09-04 12:41:00+02:00,93.81790123456794,96.77984084880632,96.4246913580246,731.8664682539684
2025-09-04 12:42:00+02:00,93.4475308641976,96.4615384615384,96.12839506172833,731.5650853174603
2025-09-04 12:43:00+02:00,93.07716049382726,96.14323607427052,95.83209876543204,729.736550925926
2025-09-04 12:44:00+02:00,92.70679012345688,95.8249336870026,95.53580246913576,732.0659305555555
2025-09-04 12:45:00+02:00,92.33641975308645,95.50663129973474,95.23950617283948,732.4516203703703
2025-09-04 12:56:00+02:00,92.54329953411892,94.08653901443272,94.07584269662917,699.7841666666667
2025-09-04 12:57:00+02:00,93.72360154645402,95.45909619296717,94.41292134831453,700.7037023809524
2025-09-04 12:58:00+02:00,94.78225806451611,95.90540540540542,94.74999999999994,707.4535011574075
2025-09-04 12:59:00+02:00,95.65927419354836,97.18548387096774,94.99016853932584,708.101537037037
2025-09-04 13:00:00+02:00,94.53938492063492,97.32828282828284,95.0,713.877232905983
2025-09-04 13:01:00+02:00,93.78750000000008,96.67599067599076,95.0,713.3112777777778
2025-09-04 13:02:00+02:00,93.5732142857144,96.39627039627044,95.0,718.9642708333334
2025-09-04 13:03:00+02:00,93.3589285714287,96.11655011655016,95.0,718.5105158730158
2025-09-04 13:04:00+02:00,93.14464285714304,95.83682983682986,95.0,723.0136058201057
2025-09-04 13:05:00+02:00,92.9303571428573,95.55710955710958,95.0,718.6418194444444
2025-09-04 13:06:00+02:00,92.71607142857154,95.2773892773893,95.0,717.2936721611721
2025-09-04 13:07:00+02:00,92.5017857142858,94.9715505378156,95.0,715.6409885531135
2025-09-04 13:08:00+02:00,92.28750000000008,94.51405622489956,95.0,712.6422781986531
2025-09-04 13:09:00+02:00,92.0643543956044,94.03212851405614,94.56737588652484,706.3041633597883
2025-09-04 13:10:00+02:00,91.39230769230768,93.55020080321282,93.7163120567376,703.43083994709
2025-09-04 13:11:00+02:00,90.46923076923076,93.17669335058352,92.97493274639277,702.441858974359
2025-09-04 13:12:00+02:00,90.53076923076924,93.75838926174497,92.60057471264366,701.3163952991454
2025-09-04 13:13:00+02:00,91.4538461538462,94.56375838926174,92.25574712643676,706.0421441798941
2025-09-04 13:14:00+02:00,91.52134764460344,94.48501872659176,91.91091954022984,707.4550299145299
2025-09-04 13:33:00+02:00,90.37941176470584,94.39351851851852,95.35368792344764,699.0746964285714
2025-09-04 13:34:00+02:00,90.02647058823526,96.17307692307692,94.65533980582528,699.9434027777778
2025-09-04 13:35:00+02:00,89.67352941176462,94.54166666666669,94.0728155339806,696.6433333333333
2025-09-04 13:36:00+02:00,89.32058823529405,93.54166666666669,93.49029126213594,696.471550925926
2025-09-04 13:37:00+02:00,89.12957097368862,92.68749999999996,92.79974634829004,683.1485601851851
2025-09-04 13:38:00+02:00,88.40217773094487,92.00568181818176,91.74774774774778,679.3632962962963
2025-09-04 13:39:00+02:00,87.04696557531008,91.32386363636364,90.89398533148533,678.5407465277777
2025-09-04 13:40:00+02:00,86.52836879432624,90.6174089068826,90.49679487179482,673.9803712606838
2025-09-04 13:41:00+02:00,86.10283687943263,89.88866396761138,90.1121794871794,671.3977435897435
2025-09-04 13:42:00+02:00,85.67730496453902,89.15991902834014,89.72756410256402,668.9441018518519
2025-09-04 13:43:00+02:00,85.25177304964541,88.43117408906886,89.34294871794867,668.8563888888889
2025-09-04 13:46:00+02:00,86.89795918367348,89.86966824644547,90.7933673469388,666.4543402777778
2025-09-04 13:47:00+02:00,86.67532467532469,89.58530805687197,90.48724489795926,665.9219502314814
2025-09-04 13:48:00+02:00,86.4526901669759,89.30094786729853,90.18112244897964,662.9563888888889
2025-09-04 13:49:00+02:00,86.23005565862711,89.01658767772507,89.87500000000004,664.1065625
2025-09-04 13:50:00+02:00,86.00742115027832,88.73222748815164,89.56887755102044,667.8545833333334
2025-09-04 13:51:00+02:00,85.78478664192953,88.44786729857817,89.26275510204083,666.5134722222223
2025-09-04 13:52:00+02:00,85.56215213358074,88.16350710900474,89.01955782312926,661.6230085470086
2025-09-04 13:53:00+02:00,85.33951762523195,88.00078988941549,89.0,660.2928174603175
2025-09-04 13:54:00+02:00,85.11688311688314,88.0,89.0,658.3978571428571
2025-09-04 13:55:00+02:00,85.0,88.0,89.0,658.1136342592592
2025-09-04 13:56:00+02:00,85.0,88.0,89.0,659.0643531746032
2025-09-04 13:57:00+02:00,85.0,88.0,89.0,658.2680694444444
2025-09-04 13:58:00+02:00,85.0,88.0,89.0,658.6502643849207
2025-09-04 13:59:00+02:00,85.0,88.0,89.0,660.2943701923077
2025-09-04 14:00:00+02:00,85.0,88.0,89.0,658.5457361111111
2025-09-04 14:01:00+02:00,85.0,88.0,89.0,657.0259313725489
2025-09-04 14:02:00+02:00,85.0,87.99159663865545,88.736798679868,655.9457046568627
2025-09-04 14:03:00+02:00,85.0,87.80882352941173,88.14356435643566,659.0776048976608
2025-09-04 14:04:00+02:00,84.97260273972603,87.55672268907553,87.54950495049508,653.5769415204678
2025-09-04 14:05:00+02:00,84.37671232876714,87.30462184873937,87.00718227560462,646.4336388888888
2025-09-04 14:06:00+02:00,83.55479452054797,87.05252100840328,86.69789227166284,645.0893783068783
2025-09-04 14:07:00+02:00,82.97753706619045,86.80042016806715,86.416861826698,645.1530972222222
2025-09-04 14:08:00+02:00,82.86363636363632,86.54831932773105,86.13583138173313,643.7699444444444
2025-09-04 14:09:00+02:00,82.76072041166373,86.29621848739492,85.85480093676823,645.1839682539683
2025-09-04 14:10:00+02:00,82.65780445969114,86.05198196116935,85.57377049180333,641.5288234126984
2025-09-04 14:11:00+02:00,82.55488850771854,85.91494845360826,85.29274004683843,642.3164675925926
2025-09-04 14:12:00+02:00,82.45197255574595,85.81185567010313,85.0302262915832,636.12515625
2025-09-04 14:13:00+02:00,82.3490566037734,85.708762886598,84.9010327022376,638.8309722222222
2025-09-04 14:14:00+02:00,82.2461406518009,85.60567010309286,84.79776247848545,638.5709126984127
2025-09-04 14:15:00+02:00,82.1432246998284,85.50257731958773,84.69449225473329,635.954417989418
2025-09-04 14:16:00+02:00,82.03841136734216,85.3994845360826,84.59122203098113,633.9223015873016
2025-09-04 14:17:00+02:00,81.72962962962963,85.29639175257746,84.48795180722897,631.1751884920635
2025-09-04 14:18:00+02:00,81.28518518518517,85.19329896907229,84.3846815834768,624.8975892857143
2025-09-04 14:19:00+02:00,80.90746426250814,85.09020618556707,84.28141135972464,629.107800925926
2025-09-04 14:20:00+02:00,80.64254385964917,84.93284924230817,84.17814113597248,628.7433055555556
2025-09-04 14:21:00+02:00,80.37938596491232,84.57006369426749,84.07487091222032,628.3560277777777
2025-09-04 14:22:00+02:00,80.11622807017547,84.18789808917195,83.14731859769905,625.2373611111111
2025-09-04 14:23:00+02:00,79.85307017543862,83.79801324503312,82.55263157894736,627.9858589616402
2025-09-04 14:24:00+02:00,79.58991228070177,83.40066225165565,82.20175438596489,627.03275
2025-09-04 14:25:00+02:00,79.32675438596492,83.00331125827817,81.85087719298242,623.470302579365
2025-09-04 14:26:00+02:00,79.05857531760437,82.6059602649007,81.49999999999996,617.8813044871795
2025-09-04 14:27:00+02:00,78.68620689655175,82.2086092715232,81.14871434002247,612.4004662698412
2025-09-04 14:34:00+02:00,76.16824644549759,79.39774859287061,78.32527472527472,597.3764583333333
2025-09-04 14:35:00+02:00,75.88388625592414,79.17260787992501,78.06153846153846,594.0683449074074
2025-09-04 14:36:00+02:00,75.59952606635069,78.94746716697941,77.7978021978022,590.6684628817414
2025-09-04 14:37:00+02:00,75.31516587677724,78.7223264540338,77.53406593406594,589.4976111111112
2025-09-04 14:38:00+02:00,75.02423546505958,78.4971857410882,77.27032967032967,588.1388576388889
2025-09-04 14:39:00+02:00,74.66975308641979,78.2720450281426,76.9999734136831,587.7820185185185
2025-09-04 14:40:00+02:00,74.29938271604946,78.03247565442688,76.6854838709677,585.6329710144927
2025-09-04 14:41:00+02:00,73.92901234567911,77.54761904761902,76.36290322580636,584.5027777777779
2025-09-04 14:42:00+02:00,73.5586419753087,76.97619047619041,76.04032258064505,578.9187499999999
2025-09-04 14:43:00+02:00,73.1882716049383,76.40476190476187,75.71774193548379,579.045267094017
2025-09-04 14:44:00+02:00,72.5563909774436,75.91908297972655,75.39516129032253,574.1488888888889
2025-09-04 14:45:00+02:00,71.65413533834585,75.61633663366338,75.07030042254972,574.1750000000001
2025-09-04 14:52:00+02:00,69.36196319018403,72.2689393939394,72.61203319502069,551.8369642857143
2025-09-04 14:53:00+02:00,70.09815950920242,72.84659090909095,72.36307053941898,551.4292303240741
2025-09-04 14:54:00+02:00,70.80489026156927,73.52840909090911,72.11410788381728,554.0831096491228
2025-09-04 14:55:00+02:00,70.92881646655229,73.8332776292335,71.86514522821561,551.732829710145
2025-09-04 14:56:00+02:00,70.8259005145797,73.2794117647059,71.616182572614,551.3845833333334
2025-09-04 14:57:00+02:00,70.72298456260711,72.69117647058827,71.36721991701238,549.2552804232804
2025-09-04 14:58:00+02:00,70.62006861063452,72.24023159988634,71.12153466835045,546.1110945767197
2025-09-04 14:59:00+02:00,70.51715265866193,73.18478260869564,71.39673913043477,542.8562499999999
2025-09-04 15:00:00+02:00,70.41423670668935,73.90571475625826,72.04891304347821,544.9449603174603
2025-09-04 15:01:00+02:00,70.31132075471683,73.64772727272732,72.70108695652172,548.6423148148148
2025-09-04 15:02:00+02:00,70.20840480274433,73.37500000000004,72.71794871794872,551.3827222222222
2025-09-04 15:09:00+02:00,67.29182879377431,71.10646387832695,69.22183098591553,536.2604166666666
2025-09-04 15:10:00+02:00,66.85727651242905,70.65019011406837,68.54761904761908,530.017003968254
2025-09-04 15:11:00+02:00,66.4745222929936,70.19400592063127,67.59523809523812,528.159525462963
2025-09-04 15:12:00+02:00,66.09235668789803,69.75618374558304,66.84292328042325,521.9462731481482
2025-09-04 15:13:00+02:00,65.71019108280247,69.3321554770318,66.41071428571425,525.694212962963
2025-09-04 15:14:00+02:00,65.32802547770696,68.90812720848056,65.98214285714283,520.4643518518518
2025-09-04 15:15:00+02:00,64.81886058032556,68.48409893992932,65.55357142857142,516.2067923280423
2025-09-04 15:16:00+02:00,63.85833333333336,68.04503682418876,65.11541005291005,509.4841773504274
2025-09-04 15:17:00+02:00,62.886430855315744,67.43406593406597,64.37037037037035,504.50932692307697
2025-09-04 15:29:00+02:00,61.23837209302325,64.45659722222211,62.13683304647156,488.483373015873
2025-09-04 15:30:00+02:00,60.99998622285904,64.24826388888883,62.03101143311986,485.2753830891331
2025-09-04 15:31:00+02:00,60.722748815165886,64.03367003367002,61.81756756756757,485.9008234126984
2025-09-04 15:32:00+02:00,60.43838862559244,63.72443181818179,61.54729729729731,482.7311111111112
2025-09-04 15:33:00+02:00,60.15402843601899,63.38352272727269,61.27702702702705,480.02288194444446
2025-09-04 15:34:00+02:00,59.86966824644554,63.0426136363636,60.987346664007184,479.4271527777778
2025-09-04 15:35:00+02:00,59.585308056872094,62.701704545454525,60.56826568265684,474.4177083333333
2025-09-04 15:36:00+02:00,59.30094786729861,62.360795454545446,60.12546125461257,471.06902777777776
2025-09-04 15:37:00+02:00,59.01136995750173,62.02016645326504,59.6826568265683,469.5726507936508
2025-09-04 15:38:00+02:00,58.68169014084509,61.68169014084509,59.239852398524,463.4556944444444
2025-09-04 15:39:00+02:00,58.34366197183103,61.34366197183103,58.82539682539683,463.9524166666667
2025-09-04 15:40:00+02:00,58.00563380281693,61.00563380281693,58.44444444444445,463.6268194444445
2025-09-04 15:41:00+02:00,57.66760563380283,60.66760563380283,58.06349206349207,466.7484111721612
2025-09-04 15:42:00+02:00,57.32957746478874,60.32957746478874,57.68253968253969,462.41467460317466
2025-09-04 15:43:00+02:00,56.99797962532477,60.00176443275035,57.30158730158731,456.2336363636364
2025-09-04 15:44:00+02:00,56.701456310679646,59.729670329670334,56.95452332262149,452.6801816239317
2025-09-04 15:45:00+02:00,56.41019417475732,59.46593406593407,56.70347648261761,450.956748366013
2025-09-04 15:46:00+02:00,56.11893203883498,59.20219780219781,56.45807770961149,449.56350710155857
2025-09-04 15:47:00+02:00,55.827669902912646,58.938461538461546,56.21267893660538,446.454445611578
2025-09-04 15:48:00+02:00,55.5364077669903,58.67472527472528,55.96728016359926,446.85130411255415
2025-09-04 15:49:00+02:00,55.24514563106797,58.41098901098902,55.72188139059312,445.22204166666666
2025-09-04 15:50:00+02:00,54.8836569579288,58.14725274725276,55.47648261758695,445.8456392450142
2025-09-04 15:52:00+02:00,53.67179487179487,57.06486486486484,54.89240281498124,431.674963023088
2025-09-04 15:53:00+02:00,53.07784156142365,56.416216216216206,54.1056338028169,426.3334325396825
2025-09-04 15:54:00+02:00,52.674626865671634,55.85400745573159,53.26933457029603,425.1309722222222
2025-09-04 15:55:00+02:00,52.31641791044775,55.437931034482745,52.75149700598801,421.9634325396826
2025-09-04 15:56:00+02:00,51.95820895522386,55.02413793103446,52.39221556886226,417.6920138888889
2025-09-04 15:57:00+02:00,51.59999999999997,54.610344827586175,52.03293413173652,415.8584490740741
2025-09-04 15:58:00+02:00,51.2417910447761,54.19655172413792,51.67365269461077,413.03657051282056
2025-09-04 15:59:00+02:00,50.833904009364936,53.74180327868853,51.31437125748503,412.4561111111111
2025-09-04 16:02:00+02:00,49.3235294117647,52.26639344262296,50.27350427350432,404.5684722222222
2025-09-04 16:03:00+02:00,48.88323070274941,51.84011627906977,49.93162393162397,399.93888888888887
2025-09-04 16:04:00+02:00,48.550964187327786,51.49127906976744,49.58974358974361,398.2627777777778
2025-09-04 16:05:00+02:00,48.22038567493109,51.14244186046511,49.24786324786326,395.3652991452991
2025-09-04 16:06:00+02:00,47.8898071625344,50.79360465116277,48.97751252578838,393.47583333333336
2025-09-04 16:14:00+02:00,46.45368782161231,48.815517241379325,48.14396551724136,382.1600712250713
2025-09-04 16:15:00+02:00,46.35077186963977,48.60862068965519,48.037976689225474,379.8055555555556
2025-09-04 16:16:00+02:00,46.247855917667216,48.40172413793104,47.65887850467291,377.3065740740741
2025-09-04 16:17:00+02:00,46.14493996569468,48.194827586206905,47.10239252336449,372.2190376984127
2025-09-04 16:42:00+02:00,36.68876611418043,39.542735042735046,38.7862068965517,309.69108796296297
2025-09-04 16:43:00+02:00,36.467771639042304,39.85505698005698,38.51034482758616,308.1639087301588
2025-09-04 16:44:00+02:00,36.24677716390419,39.21153846153848,38.23448275862065,304.5311755952381
2025-09-04 16:45:00+02:00,36.02578268876607,38.4423076923077,37.95862068965514,302.5082638888889
2025-09-04 16:46:00+02:00,35.804788213627965,37.870512820512815,37.68275862068963,300.7962400793651
2025-09-04 16:47:00+02:00,35.58379373848985,37.56153846153845,37.40689655172413,299.12267022357724
2025-09-04 16:48:00+02:00,35.36279926335174,37.25384615384615,37.131034482758615,299.2090955284553
2025-09-04 16:56:00+02:00,32.07142857142856,33.8294888979906,33.80416666666669,261.3470701754386
2025-09-04 16:57:00+02:00,31.5,33.35059760956178,33.304166666666674,257.6816632553606
2025-09-04 16:58:00+02:00,30.96164463555768,32.8725099601594,32.86133366303989,253.05001253132832
2025-09-04 16:59:00+02:00,30.54849498327761,32.39442231075699,32.50445103857566,247.2304261363637
2025-09-04 18:27:00+02:00,4.512006861063454,4.0,4.655498281786943,26.62011174859167
2025-09-04 18:28:00+02:00,4.4090909090909,4.0,4.5524054982817885,25.086513437371327
2025-09-04 18:29:00+02:00,4.306174957118347,4.0,4.449312714776634,23.59924208056272
2025-09-04 18:30:00+02:00,4.203259005145793,4.0,4.34621993127148,22.15874552255769
2025-09-04 18:31:00+02:00,4.10034305317324,4.0,4.243127147766326,20.7654353295296
2025-09-04 18:32:00+02:00,3.970937650508242,4.0,4.140034364261171,19.419683256230023
2025-09-04 18:33:00+02:00,3.697044334975368,4.0,4.034450857734704,18.121817582440297
2025-09-04 18:34:00+02:00,3.401477832512313,3.999856815578465,3.7694610778443103,16.872119275111913
2025-09-04 18:35:00+02:00,3.1087848932676514,3.942439862542955,3.4101796407185616,15.67081802597919
2025-09-04 18:36:00+02:00,3.0,3.8393470790378017,3.0738522954091816,14.518087407712454
2025-09-04 18:37:00+02:00,3.0,3.736254295532648,3.0,13.414043727730418
2025-09-04 18:38:00+02:00,3.0,3.633161512027493,3.0,12.354757994774712
2025-09-04 18:39:00+02:00,3.0,3.530068728522339,3.0,11.331376110438326
2025-09-04 18:40:00+02:00,3.0,3.4269759450171846,3.0,10.362813455373416
2025-09-05 06:30:00+02:00,3.813893653516294,4.143965517241383,3.841065292096217,10.056523902954437
2025-09-05 06:31:00+02:00,3.9168096054888495,4.247413793103454,3.944158075601373,11.00962449092996
2025-09-05 06:32:00+02:00,4.055618279764447,4.350862068965525,4.14627659574468,12.017463136572408
2025-09-05 06:33:00+02:00,4.3016877637130815,4.454310344827596,4.465425531914892,13.07300912410211
2025-09-05 06:34:00+02:00,4.554852320675106,4.557758620689667,4.784574468085106,14.163402298197612
2025-09-05 06:35:00+02:00,4.808016877637131,4.661206896551735,4.995124113475177,15.302644865366284
2025-09-05 06:36:00+02:00,5.019863068227053,4.7646551724138,5.0,16.490636657000877
2025-09-05 06:37:00+02:00,5.1277873070325946,4.868103448275866,5.0,17.72721385302104
2025-09-05 06:38:00+02:00,5.2307032590051525,4.979100652376515,5.0,19.01215807040357
2025-09-05 06:39:00+02:00,5.333619210977712,5.293918918918919,5.0,20.345197397419767
2025-09-05 06:40:00+02:00,5.4365351629502685,5.6993243243243255,5.0,21.726011235084968
2025-09-05 06:41:00+02:00,5.539451114922823,6.017764011867786,5.0,23.15423423111489
2025-09-05 06:42:00+02:00,5.642367066895377,6.129502572898804,5.0,24.629460036531064
2025-09-05 06:43:00+02:00,5.74528301886793,6.232418524871362,5.0,26.15124492780003
2025-09-05 06:44:00+02:00,5.848198970840483,6.335334476843921,5.003030303030303,27.719111251391997
2025-09-05 06:45:00+02:00,5.951114922813037,6.438250428816478,5.272727272727271,29.33255069762529
2025-09-05 06:46:00+02:00,6.130705394190872,6.541166380789032,5.7090909090909046,30.991027418132354
2025-09-05 06:47:00+02:00,6.379668049792531,6.644082332761585,6.14545454545454,33.29138844523316
2025-09-05 06:48:00+02:00,6.628630705394188,6.746998284734139,6.5818181818181785,35.10713978979336
2025-09-05 06:49:00+02:00,6.877593360995849,6.8499142367066925,6.969605695509309,36.96652554157939
2025-09-05 06:50:00+02:00,7.052586206896553,6.952830188679246,7.107573149741825,38.868857973956615
2025-09-05 06:51:00+02:00,7.156034482758624,7.373563218390804,7.210843373493976,40.81344267524244
2025-09-05 06:52:00+02:00,7.259482758620695,7.960569972745586,7.314113597246127,42.79958005138161
2025-09-05 06:53:00+02:00,7.3629310344827665,8.11254295532646,7.417383820998278,44.82656673085368
2025-09-05 06:54:00+02:00,7.466379310344838,8.215635738831613,7.520654044750429,46.893696827132246
2025-09-05 06:55:00+02:00,7.569827586206909,8.318728522336768,7.623924268502581,49.00026308809068
2025-09-05 06:56:00+02:00,7.673275862068976,8.421821305841922,7.727194492254732,51.14555796143681
2025-09-05 06:57:00+02:00,7.7767241379310414,8.524914089347076,7.830464716006883,53.32887452480569
2025-09-05 06:58:00+02:00,7.880172413793107,8.62800687285223,7.933734939759034,55.54950736784828
2025-09-05 06:59:00+02:00,8.00471798984229,8.731099656357385,8.192709434228137,57.806754899297445
2025-09-05 07:00:00+02:00,8.391472868217056,8.834192439862539,8.714912280701752,60.099913974506165
2025-09-05 07:01:00+02:00,8.852541950748732,8.937285223367695,9.10166358595194,62.42828963751318
2025-09-05 07:02:00+02:00,9.16666666666667,9.2401680030546,9.323475046210715,64.7911896441357
2025-09-05 07:03:00+02:00,9.40763052208836,9.832743603701688,9.545286506469497,67.18792650191902
2025-09-05 07:04:00+02:00,9.64859437751005,10.177644710578834,9.767097966728272,69.61781793274825
2025-09-05 07:05:00+02:00,9.88955823293174,10.41716566866267,9.98890942698705,72.08018728605136
2025-09-05 07:06:00+02:00,10.130522088353429,10.6566866267465,10.210720887245827,74.57436392966956
2025-09-05 07:07:00+02:00,10.371485943775118,10.896207584830336,10.432532347504605,77.09968355135135
2025-09-05 07:08:00+02:00,10.6124497991968,11.13572854291417,10.654343807763388,79.1016388888889
2025-09-05 07:10:00+02:00,11.17390640995354,11.614770459081834,11.184941638167368,84.8559598382904
2025-09-05 07:11:00+02:00,11.6139705882353,11.854291417165667,11.602787456445988,87.49934444254431
2025-09-05 07:12:00+02:00,12.05514705882354,12.175868832347698,12.020905923344944,90.17065447794585
2025-09-05 07:13:00+02:00,12.496323529411772,12.620817843866176,12.4390243902439,92.86926858607924
2025-09-05 07:14:00+02:00,12.944481921208853,13.066914498141267,12.857707882098126,95.59457311506944
2025-09-05 07:15:00+02:00,13.472477064220188,13.51301115241636,13.305019305019302,98.34596220665011
2025-09-05 07:16:00+02:00,14.022935779816525,13.958034168534349,13.76833976833976,101.12283788763956
2025-09-05 07:17:00+02:00,14.573394495412847,14.393501805054155,14.231660231660223,103.9246100924152
2025-09-05 07:18:00+02:00,15.129357798165138,14.826714801444052,14.694980694980693,106.75069671987994
2025-09-05 07:19:00+02:00,15.699999999999998,15.259927797833944,15.147086192050224,109.60052364810896
2025-09-05 07:20:00+02:00,16.27142857142857,15.69314079422383,15.579136690647488,112.47352473651446
2025-09-05 07:21:00+02:00,16.844278234854148,16.14722472924188,16.01079136690648,115.3691437893202
2025-09-05 07:22:00+02:00,17.455497382198953,16.64583333333335,16.44244604316548,118.28682672390744
2025-09-05 07:23:00+02:00,18.083769633507853,17.145833333333346,16.876575803577328,121.226033213953
2025-09-05 07:24:00+02:00,18.712041884816752,17.64583333333334,17.389908256880737,124.1862288935578
2025-09-05 07:25:00+02:00,19.1566265060241,18.22250258799172,17.940366972477072,127.16688723903904
2025-09-05 07:26:00+02:00,19.445783132530128,18.96273291925465,18.490825688073404,130.1674895357375
2025-09-05 07:27:00+02:00,19.734939759036155,19.708729910481548,19.09613914373089,133.18752478250343
2025-09-05 07:28:00+02:00,20.02409638554218,20.525179856115116,19.948529411764717,136.226489645915
2025-09-05 07:29:00+02:00,20.31325301204821,21.3884892086331,20.82601222307105,139.28388838007396
2025-09-05 07:30:00+02:00,20.602409638554235,22.080181927756225,21.629870129870124,142.35923274168937
2025-09-05 07:31:00+02:00,20.893564643188142,22.405759162303667,22.409090909090903,145.4520419295908
2025-09-05 07:32:00+02:00,21.360576923076923,22.71989528795812,23.145900974025967,148.56184455335995
2025-09-05 07:33:00+02:00,21.937500000000004,23.034031413612567,23.776041666666654,151.68817021248333
2025-09-05 07:34:00+02:00,22.514423076923084,23.348167539267013,24.40104166666666,154.8305619092475
2025-09-05 07:35:00+02:00,23.13853158430973,23.662303664921467,25.028981854838708,157.9885676156564
2025-09-05 07:36:00+02:00,23.920529801324506,23.989428879741016,25.6720430107527,161.16174227829669
2025-09-05 07:37:00+02:00,24.71614749407244,24.42366412213741,26.31720430107528,164.3496476822573
2025-09-05 07:38:00+02:00,25.57037037037037,24.881679389313,26.947260624679984,167.5518523728536
2025-09-05 07:39:00+02:00,26.45925925925925,25.339694656488565,27.461224489795928,170.76793154668482
2025-09-05 07:40:00+02:00,27.26900808854832,25.797707504910075,27.951020408163277,173.9974669471565
2025-09-05 07:41:00+02:00,27.95977011494253,26.254752851711014,28.44081632653062,177.2400467545648
2025-09-05 07:42:00+02:00,28.649425287356323,26.71102661596956,28.90592892329345,180.49526550485436
2025-09-05 07:43:00+02:00,29.05068728522337,27.167300380228127,29.088793103448264,183.7627239475596
2025-09-05 07:44:00+02:00,29.153780068728526,27.623574144486685,29.19224137931033,187.04203116894405
2025-09-05 07:45:00+02:00,29.25687285223368,28.108604968806528,29.2956896551724,190.3327956759429
2025-09-05 07:46:00+02:00,29.35996563573883,28.68446601941749,29.39913793103447,193.63463848015004
2025-09-05 07:47:00+02:00,29.46305841924399,29.266990291262143,29.502586206896535,196.947184229918
2025-09-05 07:48:00+02:00,29.566151202749143,29.83978568263305,29.606034482758613,200.27006326514825
2025-09-05 07:49:00+02:00,29.669243986254298,30.184647302904565,29.709482758620684,203.60291153842053
2025-09-05 07:50:00+02:00,29.77233676975945,30.433609958506224,29.812931034482755,206.94537050802444
2025-09-05 07:51:00+02:00,29.87542955326461,30.68257261410788,29.916379310344823,210.2970870299486
2025-09-05 07:52:00+02:00,29.990674172544768,30.931535269709546,30.0563685037823,213.65771328294733
2025-09-05 07:53:00+02:00,30.31250000000001,31.1804979253112,30.30555555555556,217.0269066326637
2025-09-05 07:54:00+02:00,30.70723684210527,31.42946058091286,30.561965811965816,220.40432955879768
2025-09-05 07:55:00+02:00,31.11303557856736,31.678423236514515,30.818376068376068,223.78965182496376
2025-09-05 07:56:00+02:00,31.54512635379062,31.93439429207569,31.152221144868204,227.1825412916718
2025-09-05 07:57:00+02:00,31.97833935018052,32.41463414634145,31.65126050420168,230.5826774683665
2025-09-05 07:58:00+02:00,32.41155234657042,32.999999999999964,32.15546218487395,233.989742308444
2025-09-05 07:59:00+02:00,32.84567050900417,33.58536585365852,32.65966386554622,237.40342241035816
2025-09-05 08:00:00+02:00,33.337719298245624,34.15447154471544,33.177063132945484,240.82340892188373
2025-09-05 08:01:00+02:00,33.86403508771932,34.68888888888889,33.71945701357466,244.24939744539336
2025-09-05 08:02:00+02:00,34.39035087719301,35.22222222222222,34.26244343891402,247.6810879773081
2025-09-05 08:03:00+02:00,34.90717703349283,35.75555555555555,34.803785305159685,251.1181847835277
2025-09-05 08:04:00+02:00,35.30606060606061,36.155875299760176,35.23987538940809,254.56039634237567
2025-09-05 08:05:00+02:00,35.669696969696986,36.443645083932815,35.61370716510901,258.00743525503515
2025-09-05 08:06:00+02:00,36.03333333333336,36.73141486810545,35.987538940809934,261.4590204748837
2025-09-05 08:07:00+02:00,36.39696969696973,37.01918465227811,36.361370716510855,264.91486799274287
2025-09-05 08:08:00+02:00,36.76060606060609,37.30695443645079,36.73520249221182,268.3747046073824
2025-09-05 08:09:00+02:00,36.84413875598086,37.59472422062348,36.81148894643997,271.83825862054687
2025-09-05 08:10:00+02:00,36.3377192982456,37.88129496402877,36.1265060240964,275.30526206838977
2025-09-05 08:11:00+02:00,35.811403508771896,37.00934713833764,35.403614457831345,278.775450641289
2025-09-05 08:12:00+02:00,35.28508771929823,37.18013055895553,35.84487179487179,282.2485636387692
2025-09-05 08:13:00+02:00,37.06644144144144,38.02624555160142,37.48888888888888,285.7243438591339
2025-09-05 08:14:00+02:00,37.7252252252252,38.57295373665478,38.37027027027023,289.2025375571875
2025-09-05 08:15:00+02:00,38.265765765765735,38.99999999999996,38.69459459459454,292.6828943697228
2025-09-05 08:16:00+02:00,38.80591216216215,39.42704626334517,39.01891891891888,296.1651672432075
2025-09-05 08:17:00+02:00,39.32083333333332,39.85416961085344,39.343243243243215,299.64911473169104
2025-09-05 08:18:00+02:00,39.8208333333333,40.28519855595668,39.66756756756755,303.1344915478355
2025-09-05 08:19:00+02:00,40.32083333333332,40.71841155234658,40.00813978040541,306.6210625450567
2025-09-05 08:20:00+02:00,40.820037262872624,41.15162454873648,40.45703125,310.108593306049
2025-09-05 08:21:00+02:00,41.26829268292685,41.584837545126376,40.92578125,317.61968989496904
2025-09-05 08:22:00+02:00,41.68641114982581,41.992752434088175,41.39453125,321.1422589951481
2025-09-05 08:23:00+02:00,42.104529616724754,42.27056277056277,41.85928929705543,324.6651626705446
2025-09-05 08:24:00+02:00,42.5226480836237,42.530303030303024,42.19630484988455,328.1881750010269
2025-09-05 08:25:00+02:00,42.93680317896863,42.79004329004328,42.47344110854508,331.7110728316245
2025-09-05 08:26:00+02:00,43.305637982195854,43.049783549783534,42.75057736720561,335.2336357150345
2025-09-05 08:27:00+02:00,43.66172106824927,43.30952380952379,43.02771362586611,338.7556458972905
2025-09-05 08:28:00+02:00,44.01780415430269,43.56926406926405,43.3048498845266,342.2768882038576
2025-09-05 08:29:00+02:00,44.373887240356105,43.82900432900431,43.581986143187095,345.3788833333333
2025-09-05 08:30:00+02:00,44.72997032640952,44.14280135671888,43.85912240184758,347.9302651515152
2025-09-05 08:31:00+02:00,45.12563056379821,44.553264604811,44.22868217054262,352.8099363425926
2025-09-05 08:32:00+02:00,45.6208333333333,44.965635738831615,44.693798449612366,356.349967087101
2025-09-05 08:33:00+02:00,46.12083333333331,45.37800687285223,45.15891472868213,358.74057539682536
2025-09-05 08:34:00+02:00,46.62083333333332,45.79037800687285,45.62403100775192,360.9842546296297
2025-09-05 08:35:00+02:00,47.05618101545252,46.12215320910973,46.04393655885236,364.0899629629629
2025-09-05 08:36:00+02:00,47.32891832229577,46.37060041407869,46.32873563218394,366.8708657616893
2025-09-05 08:37:00+02:00,47.59381898454743,46.61904761904764,46.604597701149466,367.25930847953214
2025-09-05 08:38:00+02:00,47.85871964679908,46.8674948240166,46.880459770114975,369.6013333333333
2025-09-05 08:39:00+02:00,48.12362030905075,47.11594202898555,47.15632183908048,375.4172916666666
2025-09-05 08:40:00+02:00,48.38852097130242,47.364389233954505,47.43218390804599,378.58020691609977
2025-09-05 08:48:00+02:00,50.72911392405064,50.13028576887709,50.10836610947232,402.1827662037037
2025-09-05 08:49:00+02:00,51.051178036417184,50.57195571955717,50.478395061728406,402.6646527777778
2025-09-05 08:50:00+02:00,51.4463087248322,51.01476014760144,50.84876543209878,405.6295695970696
2025-09-05 08:51:00+02:00,51.8489932885906,51.457564575645726,51.21913580246914,405.82270833333337
2025-09-05 08:52:00+02:00,52.25167785234898,51.902436036808496,51.58950617283951,411.65069444444447
2025-09-05 08:53:00+02:00,52.65436241610737,52.38589211618258,51.96578834223942,415.8749934640523
2025-09-05 08:54:00+02:00,53.04812522605796,52.883817427385885,52.39925373134332,420.6947222222222
2025-09-05 08:56:00+02:00,53.76946107784432,53.872265941717934,53.29477611940301,426.0161805555556
2025-09-05 08:57:00+02:00,54.12874251497007,54.20919540229888,53.74253731343285,426.3016792929293
2025-09-05 08:58:00+02:00,54.48802395209581,54.48505747126441,54.13420037018076,427.8210037878789
2025-09-05 08:59:00+02:00,54.84729066939867,54.76091954022993,54.45118733509235,430.7195575396825
2025-09-05 09:00:00+02:00,55.20353982300886,55.03678160919543,54.76781002638523,432.8971527777778
2025-09-05 09:01:00+02:00,55.55752212389384,55.31264367816095,55.084432717678105,433.0514444444445
2025-09-05 09:02:00+02:00,55.91150442477882,55.58850574712645,55.40105540897098,433.9955370370371
2025-09-05 09:06:00+02:00,57.3687707641196,57.16666666666663,56.72910662824208,451.5037191358024
2025-09-05 09:07:00+02:00,57.76744186046511,57.63178294573641,57.074927953890494,450.39999629629625
2025-09-05 09:08:00+02:00,58.16611295681062,58.13062015503875,57.42074927953891,452.6614603174603
2025-09-05 09:09:00+02:00,58.56478405315613,58.72499999999999,57.766570605187326,452.89791501322753
2025-09-05 09:10:00+02:00,58.957705085612055,59.32499999999999,58.11376423768354,458.73852564102566
2025-09-05 09:11:00+02:00,59.29945054945053,59.844871794871786,58.46355685131192,462.3047394179894
2025-09-05 09:12:00+02:00,59.62912087912084,59.26923076923077,58.81341107871716,463.5598903903904
2025-09-05 09:14:00+02:00,60.28846153846149,59.19718309859155,59.51311953352768,462.5686253561253
2025-09-05 09:15:00+02:00,60.61813186813185,60.48837209302325,59.86278914128787,468.5459259259259
2025-09-05 09:16:00+02:00,60.94585537918871,61.41860465116279,60.19261213720316,475.0334330484331
2025-09-05 09:17:00+02:00,61.24938271604936,62.0749491695008,60.50923482849604,477.57633333333337
2025-09-05 09:27:00+02:00,64.31989247311832,64.5063829787234,63.47222222222221,501.4812847222222
2025-09-05 09:28:00+02:00,64.64247311827961,65.01702127659573,62.475,500.80444444444447
2025-09-05 09:29:00+02:00,64.96769393241168,65.52765957446806,63.81363636363636,501.1752546296296
2025-09-05 09:30:00+02:00,65.31845238095237,65.87677304964537,64.3969696969697,504.9876374007936
2025-09-05 09:31:00+02:00,65.67559523809523,65.36702127659572,64.76060606060608,508.90441468253965
2025-09-05 09:36:00+02:00,67.48742138364786,68.07672271582786,67.04371584699453,523.6097685185185
2025-09-05 09:37:00+02:00,67.86477987421388,68.47634069400628,67.69945355191257,525.2747601010101
2025-09-05 09:38:00+02:00,68.2421383647799,68.85488958990531,68.05593803786572,524.5478051900585
2025-09-05 09:39:00+02:00,68.61949685534593,69.23343848580434,68.15920826161782,522.1535039941903
2025-09-05 09:41:00+02:00,69.20804195804199,69.6783416836766,68.36574870912214,536.8286507936508
2025-09-05 09:42:00+02:00,69.41783216783223,67.7389728043116,68.4690189328743,534.630422979798
2025-09-05 09:43:00+02:00,69.62762237762247,68.45991561181434,68.57228915662647,533.4921275252525
2025-09-05 09:44:00+02:00,69.83741258741271,68.96624472573838,68.67555938037863,530.4343833333334
2025-09-05 09:45:00+02:00,70.04720279720296,69.47257383966242,68.77882960413079,533.6891007834757
2025-09-05 09:46:00+02:00,70.25699300699318,69.95281278957832,68.88209982788295,537.5602380952381
2025-09-05 09:47:00+02:00,70.46678321678336,70.24520255863543,69.03866806511762,538.840167989418
2025-09-05 09:48:00+02:00,70.67657342657351,70.5010660980811,69.77568536217304,542.9151612103175
2025-09-05 09:49:00+02:00,70.88636363636367,70.75692963752677,70.19114688128768,544.0198690476191
2025-09-05 09:50:00+02:00,71.04725085910651,71.01279317697244,70.43259557344054,543.4356011825818
2025-09-05 09:51:00+02:00,71.15034364261165,71.26865671641804,70.67404426559342,546.4732477069546
2025-09-05 09:52:00+02:00,71.25343642611678,71.52452025586362,70.91549295774637,546.6125858585859
2025-09-05 09:53:00+02:00,71.35652920962191,71.7803837953092,71.15694164989931,544.8037089947089
2025-09-05 09:54:00+02:00,71.45962199312704,71.5283686099121,71.39839034205225,547.7332261904762
2025-09-05 09:58:00+02:00,71.87199312714769,72.75952380952371,70.47850877192981,543.5998474945534
2025-09-05 09:59:00+02:00,71.9972905101771,73.04523809523802,71.87599944858009,550.2042003367004
2025-09-05 10:00:00+02:00,72.58333333333334,73.33095238095233,72.6827956989247,553.0070132275132
2025-09-05 10:01:00+02:00,73.30726256983242,73.61666666666663,73.3279569892473,557.174917929293
2025-09-05 10:02:00+02:00,73.97765363128497,73.9001026272578,73.90591397849462,563.9709154040403
2025-09-05 10:03:00+02:00,74.64804469273746,74.06810344827588,74.0,569.5867592592593
2025-09-05 10:04:00+02:00,74.87423043095866,74.17155172413797,74.0,567.2060615079365
2025-09-05 10:05:00+02:00,74.55936675461741,74.27500000000006,74.0,565.6777870370371
2025-09-05 10:06:00+02:00,74.24274406332454,74.37844827586216,74.0,566.7810617236025
2025-09-05 10:07:00+02:00,73.92612137203166,74.48189655172425,74.0,572.6706944444445
2025-09-05 10:08:00+02:00,73.60949868073878,74.58534482758634,74.0,569.8197863247864
2025-09-05 10:09:00+02:00,73.2928759894459,74.68879310344843,74.0,568.0507222222222
2025-09-05 10:10:00+02:00,73.26800547249097,74.79224137931047,74.0,562.6925036075036
2025-09-05 10:13:00+02:00,76.17266187050363,76.28083989501307,75.69269327164064,579.9843097781849
2025-09-05 10:14:00+02:00,76.74773428010839,76.59580052493432,74.81954887218045,580.9583392857143
2025-09-05 10:15:00+02:00,75.59154779646583,76.91076115485559,74.15077482438492,581.1588253968254
2025-09-05 10:16:00+02:00,76.41972034715525,77.22572178477687,74.39718309859161,578.811617063492
2025-09-05 10:17:00+02:00,76.22549019607845,77.54068241469814,74.73521126760575,582.1421527777778
2025-09-05 10:18:00+02:00,75.97877201728149,77.85564304461941,75.0732394366198,585.7408055555555
2025-09-05 10:19:00+02:00,75.69774011299435,78.0,75.41126760563385,586.8688425925926
2025-09-05 10:20:00+02:00,77.12131837307153,78.0,75.7492957746479,588.5247118055555
2025-09-05 10:21:00+02:00,78.6548512128032,78.0,75.99014084507043,591.2090277777778
2025-09-05 10:22:00+02:00,77.64263277715338,78.0,76.0,594.4013888888888
2025-09-05 10:23:00+02:00,77.2788104089219,78.0,76.0,586.4587447089947
2025-09-05 10:24:00+02:00,77.72490706319695,78.0,76.0,588.8888666666667
2025-09-05 10:25:00+02:00,78.17100371747206,78.0,76.0,592.0182905982906
2025-09-05 10:26:00+02:00,78.61710037174718,78.0,76.0,591.0844795482295
2025-09-05 10:27:00+02:00,78.64401400030435,78.0,76.0,589.8848194444445
2025-09-05 10:28:00+02:00,77.35028847285999,78.0136660724896,76.0,588.8547924836602
2025-09-05 10:29:00+02:00,77.95973154362414,78.18360071301247,76.0,588.6762731481482
2025-09-05 10:30:00+02:00,78.74480597324875,78.39750445632795,76.0015015015015,591.8979675925926
2025-09-05 10:33:00+02:00,77.6708860759494,79.0392156862744,77.28571428571428,589.4916666666667
2025-09-05 10:34:00+02:00,77.18056677738878,79.25311942958989,76.25975975975976,591.3477187627187
2025-09-05 10:35:00+02:00,77.21513002364061,79.46702317290537,76.3453453453454,593.8832457264957
2025-09-05 10:36:00+02:00,77.49881796690296,79.68092691622094,76.7057057057058,596.1458333333334
2025-09-05 10:38:00+02:00,78.06619385342782,80.48412698412697,77.42642642642649,593.9639097222222
2025-09-05 10:39:00+02:00,78.34988179669025,81.43650793650791,77.7867867867868,595.9688194444444
2025-09-05 10:40:00+02:00,78.63356973995269,81.74855699855699,78.1680190464437,601.1337083333334
2025-09-05 10:41:00+02:00,78.91764474694963,81.0363636363636,78.57876712328765,602.8487530525031
2025-09-05 10:42:00+02:00,79.21410579345087,80.3193270735524,78.98972602739723,605.8147023809523
2025-09-05 10:43:00+02:00,79.51637279596974,80.556338028169,79.4006849315068,606.3945138888889
2025-09-05 10:44:00+02:00,79.81863979848862,81.40140845070417,79.81164383561641,608.6595584795322
2025-09-05 10:46:00+02:00,80.42317380352637,82.47487253268716,80.15866209262441,613.7170436507937
2025-09-05 10:47:00+02:00,80.72544080604528,81.46554586965546,80.261578044597,614.2481018518519
2025-09-05 10:48:00+02:00,80.86488200510924,80.4292237442922,80.36449399656959,614.2844017094018
2025-09-05 10:49:00+02:00,80.14184397163122,79.88127853881272,80.46740994854218,611.8550892857143
2025-09-05 10:50:00+02:00,79.3148936170213,79.3333333333333,80.57032590051477,608.5443113425926
2025-09-05 10:51:00+02:00,79.37872340425531,79.4209362968932,80.6732418524873,604.9460683760684
2025-09-05 10:52:00+02:00,79.88936170212764,80.30147058823532,80.7761578044598,606.1245833333334
2025-09-05 10:58:00+02:00,81.91799999999984,81.82108626198074,82.37951807228909,624.1929684343435
2025-09-05 10:59:00+02:00,82.15799999999986,82.20447284345039,82.48278829604125,626.3178174603175
2025-09-05 11:00:00+02:00,82.3979999999999,82.58785942492008,82.58605851979341,625.8780395299145
2025-09-05 11:01:00+02:00,82.63799999999993,82.96177006194573,82.68932874354557,628.0450628306878
2025-09-05 11:02:00+02:00,82.87799999999997,83.25754060324823,82.79259896729774,629.8270138888889
2025-09-05 11:03:00+02:00,83.15167095115679,83.5359628770301,82.8958691910499,630.7918447293447
2025-09-05 11:05:00+02:00,83.76863753213358,84.09280742459384,83.78728070175443,634.050712962963
2025-09-05 11:06:00+02:00,84.07712082262204,84.37122969837576,83.52412280701759,636.9342991452992
2025-09-05 11:07:00+02:00,84.38560411311049,84.64965197215771,83.26096491228074,635.7892857142857
2025-09-05 11:08:00+02:00,84.69408740359894,84.91337464891926,82.99780701754389,638.189837962963
2025-09-05 11:09:00+02:00,84.88643385592043,84.65350877192982,82.73464912280704,644.4140138888889
2025-09-05 11:10:00+02:00,84.21830985915496,84.12719298245612,82.47149122807019,642.984787037037
2025-09-05 11:11:00+02:00,83.3781031824403,83.60087719298242,82.20833333333334,636.9692044159544
2025-09-05 11:12:00+02:00,83.2841328413284,83.16222922329295,82.18219778899304,630.8670555555556
2025-09-05 11:22:00+02:00,86.0141093474425,86.46982758620679,85.42525773195888,650.0717314814815
2025-09-05 11:23:00+02:00,85.80246913580233,86.3663793103447,85.32216494845376,652.40330634278
2025-09-05 11:24:00+02:00,85.59082892416215,86.2629310344826,85.21907216494859,655.7793162393162
2025-09-05 11:25:00+02:00,85.37918871252198,86.1594827586206,85.11597938144337,654.4432270069112
2025-09-05 11:26:00+02:00,85.16754850088181,86.05603448275859,85.0106614346305,650.2845133053221
2025-09-05 11:27:00+02:00,85.29077322936972,85.93483412322276,84.88175675675673,654.5589285714285
2025-09-05 11:28:00+02:00,86.16541353383458,85.79265402843608,84.7466216216216,655.4756944444445
2025-09-05 11:29:00+02:00,86.85293550618627,85.6504739336494,84.61148648648647,657.5611825396826
2025-09-05 11:30:00+02:00,86.46153846153845,85.5082938388627,84.47635135135134,660.5573437500001
2025-09-05 11:31:00+02:00,85.9185520361991,85.36611374407592,84.34121621621621,660.488179563492
2025-09-05 11:32:00+02:00,85.37556561085972,85.22393364928915,84.20608108108108,659.3715277777778
2025-09-05 11:33:00+02:00,84.37808349146111,85.08175355450238,84.07094594594595,653.2759722222222
2025-09-05 11:36:00+02:00,85.67710622710622,87.4179620034542,86.24084711343197,656.6505972222222
2025-09-05 11:37:00+02:00,86.73973034997131,87.38601036269425,86.38903394255873,658.7357589285714
2025-09-05 11:38:00+02:00,86.04216867469881,87.69689119170975,86.70234986945168,658.3346527777777
2025-09-05 11:39:00+02:00,85.35515394912987,88.00777202072526,87.01566579634463,657.5242063492063
2025-09-05 11:40:00+02:00,86.46993464052288,88.31865284974083,87.32898172323759,658.729523046398
2025-09-05 11:41:00+02:00,85.59676470588236,88.62953367875643,87.64229765013054,656.7783333333333
2025-09-05 11:42:00+02:00,87.49454545454546,89.50906735751295,87.902507935289,661.4183333333333
2025-09-05 11:43:00+02:00,88.59831422331423,91.63895502645504,87.31617647058819,666.3224116161616
2025-09-05 11:44:00+02:00,87.53153153153154,91.88666666666668,86.44327731092436,665.603888888889
2025-09-05 11:54:00+02:00,88.83904109589038,89.53017769607844,89.81125827814567,669.5542460317461
2025-09-05 11:55:00+02:00,89.24999999999996,90.71155253146036,90.20860927152314,676.2322222222223
2025-09-05 11:56:00+02:00,89.66095890410953,90.60820895522392,90.60596026490062,677.4665350877193
2025-09-05 11:57:00+02:00,89.84282663131536,90.1604477611941,90.87569567515466,680.2561111111112
2025-09-05 11:58:00+02:00,89.15483870967745,89.71268656716423,90.21830985915496,678.1472382478632
2025-09-05 11:59:00+02:00,88.38064516129036,89.26492537313435,89.37716796647658,679.3670833333333
2025-09-05 12:01:00+02:00,88.50529100529099,90.09815950920245,89.54269972451782,669.9589871031745
2025-09-05 12:02:00+02:00,88.82275132275129,90.81564174689008,89.87327823691449,672.2388518518518
2025-09-05 12:03:00+02:00,89.14021164021159,91.18379446640311,90.2038567493112,670.227962962963
2025-09-05 12:04:00+02:00,89.45767195767189,91.4209486166007,90.53443526170794,671.8024537037037
2025-09-05 12:05:00+02:00,89.77513227513224,91.65810276679828,90.86363636363632,676.5972916666667
2025-09-05 12:06:00+02:00,89.48491166711506,91.89525691699592,90.65340909090908,682.1704166666667
2025-09-05 12:07:00+02:00,88.2551702690095,92.1324110671936,89.97159090909088,678.4351851851852
2025-09-05 12:08:00+02:00,88.72018348623853,92.36956521739124,89.30689804673237,678.2356031746032
2025-09-05 12:09:00+02:00,89.27064220183486,92.60671936758888,89.95180722891564,677.064032967033
2025-09-05 12:10:00+02:00,89.80731478741245,92.84387351778656,90.74831657456896,681.8828670634921
2025-09-05 12:11:00+02:00,89.23655913978494,92.4821101999882,89.92481203007519,684.643167989418
2025-09-05 12:15:00+02:00,88.40476190476193,90.77080480671276,90.5291666666667,675.5448611111111
2025-09-05 12:16:00+02:00,88.97619047619054,90.85835095137418,90.90972222222224,679.5199074074075
2025-09-05 12:17:00+02:00,89.54761904761908,90.60465116279062,90.63888888888891,681.3023148148148
2025-09-05 12:18:00+02:00,89.85952380952382,90.35095137420706,90.2685185185186,679.1645497311828
2025-09-05 12:19:00+02:00,89.32500000000005,90.09725158562354,89.89814814814825,681.6399710648149
2025-09-05 12:20:00+02:00,88.72500000000007,89.84355179704005,89.52777777777783,679.9041666666666
2025-09-05 12:21:00+02:00,88.19166666666668,89.58985200845659,89.20689300411526,676.9524074074073
2025-09-05 12:22:00+02:00,88.52499999999998,89.3361522198731,90.475,676.0559201388888
2025-09-05 12:23:00+02:00,89.12499999999994,89.35229034531359,89.75735294117648,675.5185185185186
2025-09-05 12:37:00+02:00,89.40463917525784,93.43805309734518,92.52582159624414,691.354898989899
2025-09-05 12:38:00+02:00,89.30154639175271,92.90707964601776,91.962441314554,684.7869003267974
2025-09-05 12:39:00+02:00,89.19845360824756,92.3761061946903,91.39906103286386,684.0728023478023
2025-09-05 12:40:00+02:00,89.09536082474233,92.25880969465038,90.94343107827292,683.2543837181338
2025-09-05 12:41:00+02:00,88.95792529482638,92.89189189189186,90.71766848816031,680.1826458333334
2025-09-05 12:42:00+02:00,88.66580310880835,93.54054054054052,90.49908925318762,680.6994463645673
2025-09-05 12:43:00+02:00,88.35492227979279,93.38648648648648,90.28051001821495,685.0283333333333
2025-09-05 12:44:00+02:00,88.19455764491278,92.47499999999998,90.06193078324226,682.4916547619048
2025-09-05 12:45:00+02:00,89.26966292134831,93.45833333333331,89.8433515482696,684.568365834458
2025-09-05 12:46:00+02:00,89.12024400330851,94.5344540555384,89.6247723132969,686.1310599415204
2025-09-05 15:00:00+02:00,66.71794871794874,69.42460317460312,66.32289156626514,526.3329444444445
2025-09-05 15:01:00+02:00,66.43243243243245,68.94841269841265,66.03373493975916,523.7507361111111
2025-09-05 15:02:00+02:00,65.30331387725755,68.4722222222222,65.74457831325313,524.1163446969697
2025-09-05 15:03:00+02:00,62.14788732394367,67.7757215007215,65.45542168674706,519.7640740740741
2025-09-05 18:23:00+02:00,3.205679862306368,3.5073170731707326,3.469483568075117,30.091957942720228
2025-09-05 18:24:00+02:00,3.3089500860585197,3.965853658536586,3.945226917057903,28.44951971953794
2025-09-05 18:25:00+02:00,3.4122203098106705,4.0,4.0,26.85277371211879
2025-09-05 18:26:00+02:00,3.5154905335628217,4.0,4.0,25.30225904535794
2025-09-05 18:27:00+02:00,3.618760757314973,4.0,4.0,23.79848222870053
2025-09-05 18:28:00+02:00,3.722030981067124,4.0,4.0,22.34191816450928
2025-09-05 18:29:00+02:00,3.8253012048192754,4.0,4.0,20.933005590427477
2025-09-05 18:30:00+02:00,3.928571428571427,4.0,4.0,19.572143428000643
2025-09-05 18:31:00+02:00,3.998135398737809,4.0,4.0,18.259686944330348
2025-09-05 18:32:00+02:00,4.0,4.0,4.0,16.995943770732573
2025-09-05 18:33:00+02:00,4.0,4.0,4.0,15.78116973750821
2025-09-05 18:34:00+02:00,4.0,4.0,4.0,14.615564574420516
2025-09-05 18:35:00+02:00,4.0,4.0,4.0,13.499267479238972
2025-09-05 18:36:00+02:00,4.0,4.0,4.0,12.422103078835883
2025-09-05 18:37:00+02:00,4.0,4.0,4.0,11.386286811707746
2025-09-05 18:38:00+02:00,4.0,4.0,4.0,10.40611639326366
2025-09-06 06:31:00+02:00,1.0001436781609196,1.2030716723549493,1.1245210727969346,9.784222023720975
2025-09-06 06:32:00+02:00,1.057758620689655,1.407849829351537,1.354406130268198,10.730143580639403
2025-09-06 06:33:00+02:00,1.1612068965517233,1.612627986348124,1.5842911877394623,11.731364928604416
2025-09-06 06:34:00+02:00,1.264655172413792,1.8174061433447104,1.8141762452107275,12.78867125098305
2025-09-06 06:40:00+02:00,1.885344827586206,2.0,2.0,17.71638321995464
2025-09-06 06:41:00+02:00,1.9930160250562547,2.0,2.0,17.929988662131496
2025-09-06 06:42:00+02:00,2.1415343915343903,2.0,2.0,18.14359410430836
2025-09-06 06:43:00+02:00,2.300264550264549,2.0,2.0,18.35719954648524
2025-09-06 06:44:00+02:00,2.4589947089947084,2.0,2.0,18.57080498866211
2025-09-06 18:15:00+02:00,4.416666666666665,4.945969125214407,4.949225473321859,34.51251773049645
2025-09-06 18:16:00+02:00,4.51975945017182,4.843053173241848,4.845955249569708,34.7777659574468
2025-09-06 18:17:00+02:00,4.622852233676974,4.74013722126929,4.742685025817557,35.043014184397144
2025-09-06 18:18:00+02:00,4.725945017182128,4.637221269296731,4.639414802065406,35.30826241134749
2025-09-06 18:20:00+02:00,4.932130584192437,4.43138936535162,4.432874354561103,32.03747394151825
2025-09-06 18:21:00+02:00,4.939432989690721,4.328473413379067,4.329604130808952,30.332567230226864
2025-09-06 18:22:00+02:00,4.740549828178695,4.225557461406513,4.226333907056801,28.67313222654127
2025-09-06 18:23:00+02:00,4.5343642611683865,4.12264150943396,4.1230636833046495,27.05975852736106
2025-09-06 18:24:00+02:00,4.328178694158078,4.010418810748999,4.010916063700016,25.493009830846184
2025-09-06 18:25:00+02:00,4.121993127147769,3.7575000000000007,3.764563106796116,23.973419719127605
2025-09-06 18:26:00+02:00,3.915807560137461,3.457500000000002,3.4733009708737863,22.501492320790064
2025-09-06 18:27:00+02:00,3.709621993127152,3.1575000000000006,3.1820388349514563,21.077692587456312
2025-09-06 18:28:00+02:00,3.503436426116844,3.0,3.0020226537216828,19.70244661100439
2025-09-06 18:29:00+02:00,3.297250859106532,3.0,3.0,18.376136602966582
2025-09-06 18:30:00+02:00,3.091351660939291,3.0,3.0,17.099096707888904
2025-09-06 18:31:00+02:00,3.0,3.0,3.0,15.871608660178158
2025-09-06 18:32:00+02:00,3.0,3.0,3.0,14.693897245832972
2025-09-06 18:33:00+02:00,3.0,3.0,3.0,13.566125620429789
2025-09-06 18:34:00+02:00,3.0,3.0,3.0,12.4704064012309
2025-09-06 18:35:00+02:00,3.0,3.0,3.0,11.423114237563002
2025-09-06 18:36:00+02:00,3.0,3.0,3.0,10.432294283197832
2025-09-07 06:18:00+02:00,0.0,0.0,0.0,1.735180102915953
2025-09-07 06:19:00+02:00,0.0,0.0,0.0,1.819571183533448
2025-09-07 06:20:00+02:00,0.0,0.0,0.0,1.903962264150944
2025-09-07 06:21:00+02:00,0.0,0.0,0.0,1.9898309748427672
2025-09-07 06:22:00+02:00,0.0,0.0,0.0,2.205731132075472
2025-09-07 06:23:00+02:00,0.0,0.0,0.0,2.502900943396227
2025-09-07 06:24:00+02:00,0.0107388316151202,0.0,0.0,2.8000707547169816
2025-09-07 18:08:00+02:00,7.513745704467355,7.634879725085912,7.626724137931027,47.01863849385908
2025-09-07 18:09:00+02:00,7.307560137457046,7.531786941580758,7.523275862068956,46.45774725274728
2025-09-07 18:10:00+02:00,7.10137457044674,7.428694158075603,7.419827586206885,45.963241758241765
2025-09-07 18:11:00+02:00,6.895189003436429,7.325601374570449,7.316379310344818,45.31101488627652
2025-09-07 18:13:00+02:00,6.482817869415814,7.119415807560141,7.109482758620686,42.736005757923394
2025-09-07 18:14:00+02:00,6.276632302405504,6.942791315213998,6.952686156921538,40.72401887150524
2025-09-07 18:15:00+02:00,6.0685330370187485,6.085057471264368,6.385869565217392,38.75458495610299
2025-09-07 18:16:00+02:00,5.763473053892217,5.885344827586205,5.960044977511244,36.82845620127246
2025-09-07 18:17:00+02:00,5.404191616766469,5.781896551724134,5.854310344827584,34.94638153070028
2025-09-07 18:18:00+02:00,5.069860279441119,5.678448275862063,5.750862068965513,32.267801971739296
2025-09-07 18:19:00+02:00,5.0,5.574999999999991,5.647413793103442,30.54621372557744
2025-09-07 18:20:00+02:00,5.0,5.47155172413792,5.543965517241369,28.870449684063185
2025-09-07 18:21:00+02:00,5.0,5.368103448275851,5.4405172413793,27.24112601150916
2025-09-07 18:22:00+02:00,5.0,5.264655172413785,5.337068965517232,25.658833320773947
2025-09-07 18:23:00+02:00,5.0,5.161206896551719,5.233620689655166,24.124133375581025
2025-09-07 18:24:00+02:00,5.0,5.057758620689653,5.130172413793099,22.637555565359744
2025-09-07 18:25:00+02:00,5.0,4.8925188468518765,5.021893845678057,21.199592246025915
2025-09-07 18:26:00+02:00,5.0,4.649797570850199,4.800448430493272,19.81069860860134
2025-09-07 18:27:00+02:00,5.0,4.406882591093114,4.531390134529144,18.471282736941287
2025-09-07 18:28:00+02:00,4.9164345403899725,4.163967611336031,4.262331838565021,17.18170513049946
2025-09-07 18:29:00+02:00,4.596100278551534,3.968631017803563,4.016044920364929,15.942273139759632
2025-09-07 18:30:00+02:00,4.261838440111422,3.863402061855671,3.893965517241378,14.753236211443545
2025-09-07 18:31:00+02:00,3.92757660167131,3.760309278350516,3.790517241379307,13.614780927199236
2025-09-07 18:32:00+02:00,3.593314763231198,3.6572164948453625,3.687068965517238,12.49983763310948
2025-09-07 18:33:00+02:00,3.2590529247910864,3.5541237113402078,3.5836206896551697,11.442043861726956
2025-09-07 18:34:00+02:00,2.9854263852065643,3.451030927835054,3.480172413793101,10.441550372142537
2025-09-08 06:34:00+02:00,3.4845626072041145,3.702863961813845,3.662259615384619,10.1371886267423
2025-09-08 06:35:00+02:00,3.5874785591766702,3.846062052505968,3.806490384615387,11.122051204913394
2025-09-08 06:36:00+02:00,3.690394511149227,3.9856716182481553,3.950209147027672,12.164167171083609
2025-09-08 06:37:00+02:00,3.793310463121783,4.095689655172416,4.067986230636833,13.264260895882591
2025-09-08 06:38:00+02:00,3.8962264150943393,4.199137931034487,4.171256454388984,14.403042338894933
2025-09-08 06:39:00+02:00,4.007540022870212,4.302586206896558,4.274526678141135,15.578660845633276
2025-09-08 06:40:00+02:00,4.170977011494252,4.4060344827586295,4.377796901893286,16.804876998648467
2025-09-08 06:41:00+02:00,4.343390804597701,4.509482758620701,4.4810671256454375,18.08145321466623
2025-09-08 06:42:00+02:00,4.515804597701149,4.61293103448277,4.584337349397589,19.40809218676073
2025-09-08 06:43:00+02:00,4.688218390804598,4.716379310344837,4.68760757314974,20.78444179832249
2025-09-08 06:44:00+02:00,4.860632183908046,4.819827586206902,4.790877796901891,22.210099812307355
2025-09-08 06:45:00+02:00,5.016485958051902,4.9232758620689685,4.894148020654042,23.68461837579234
2025-09-08 06:46:00+02:00,5.122852233676976,5.043730726100366,5.00218383937971,25.20750829526862
2025-09-08 06:47:00+02:00,5.22594501718213,5.204607046070463,5.14199029126214,26.778244160772697
2025-09-08 07:09:00+02:00,10.153452685422003,10.362025316455698,10.3096926713948,69.23647429435484
2025-09-08 07:10:00+02:00,10.460358056265996,10.66582278481013,10.593380614657216,71.97611662531018
2025-09-08 07:11:00+02:00,10.76726342710998,10.969620253164562,10.87706855791963,74.07002136752136
2025-09-08 07:12:00+02:00,11.081436487638536,11.273417721518994,11.160756501182044,76.74138888888889
2025-09-08 07:13:00+02:00,11.413888888888891,11.577215189873426,11.444444444444455,79.47480292792793
2025-09-08 07:14:00+02:00,11.747222222222227,11.881029924352797,11.728132387706864,82.61195115285231
2025-09-08 07:15:00+02:00,12.080555555555556,12.18670076726343,12.017492183329525,85.64681498180668
2025-09-08 07:16:00+02:00,12.41388888888889,12.49360613810742,12.33602150537635,87.92835695389266
2025-09-08 07:17:00+02:00,12.747222222222222,12.800511508951413,12.658602150537645,91.0309147930922
2025-09-08 07:18:00+02:00,13.1038714672861,13.107416879795403,12.98118279569894,93.90733253588516
2025-09-08 07:19:00+02:00,13.519163763066196,13.414322250639396,13.303763440860228,96.63200163398692
2025-09-08 07:20:00+02:00,13.93728222996515,13.721227621483385,13.626344086021511,99.50476779755284
2025-09-08 07:21:00+02:00,14.355400696864107,14.094424552429668,13.96564052180558,103.10960381464416
2025-09-08 07:22:00+02:00,14.773519163763064,14.748571428571424,14.512690355329944,106.4748484848485
2025-09-08 07:23:00+02:00,15.22,15.434285714285709,15.121827411167509,109.61968013468014
2025-09-08 07:24:00+02:00,15.7,16.106915981052104,15.73107082426879,112.777546875
2025-09-08 07:25:00+02:00,16.179999999999996,16.73821989528796,16.38285714285714,115.4228440860215
2025-09-08 07:26:00+02:00,16.659999999999993,17.36649214659686,17.068571428571424,118.18457978465204
2025-09-08 07:27:00+02:00,17.119310344827586,17.953371977063078,17.752781289506945,121.18461429381738
2025-09-08 07:28:00+02:00,17.5344827586207,18.28333333333334,18.34070796460177,123.61682501418036
2025-09-08 07:29:00+02:00,17.948275862068986,18.569047619047623,18.871681415929192,126.41572984749456
2025-09-08 07:30:00+02:00,18.36206896551726,18.85476190476191,19.40265486725662,129.29579464285715
2025-09-08 07:31:00+02:00,18.775862068965527,19.140476190476196,19.93049335387481,131.30823606271778
2025-09-08 07:32:00+02:00,19.331325301204814,19.42619047619048,20.425101214574905,134.52224426668997
2025-09-08 07:33:00+02:00,20.05421686746987,19.71190476190476,20.91093117408908,141.8057448107448
2025-09-08 07:34:00+02:00,20.77589593346061,20.01191678691679,21.396761133603253,145.98232995932443
2025-09-08 07:35:00+02:00,21.453551912568305,20.40067340067341,21.88166393670613,149.12232150156825
2025-09-08 07:36:00+02:00,22.109289617486343,20.804713804713828,22.347328244274816,152.2785961418567
2025-09-08 07:37:00+02:00,22.762973082372,21.20875420875423,22.8053435114504,155.45067928975809
2025-09-08 07:38:00+02:00,23.28518518518519,21.61279461279462,23.26335877862597,158.6381040574471
2025-09-08 07:39:00+02:00,23.729629629629645,22.07229154287978,23.721374045801536,161.84041116204835
2025-09-08 07:40:00+02:00,24.17407407407409,22.816993464052285,24.185861267839368,165.05714876816535
2025-09-08 07:41:00+02:00,24.618518518518528,23.60130718954248,24.66007905138341,168.28787238820604
2025-09-08 07:42:00+02:00,25.066476733143404,24.37341772151898,25.134387351778678,171.5321447522554
2025-09-08 07:43:00+02:00,25.526923076923083,25.13291139240506,25.608695652173925,168.70735347985345
2025-09-08 07:44:00+02:00,25.98846153846154,25.883400756883727,26.07258610954263,170.84870472120474
2025-09-08 07:45:00+02:00,26.450000000000003,26.530927835051543,26.503571428571416,174.3720448179272
2025-09-08 07:46:00+02:00,26.909981684981688,27.14948453608247,26.93214285714284,177.83911764705883
2025-09-08 07:47:00+02:00,27.34642857142856,27.766809429957547,27.36071428571427,180.54170097771785
2025-09-08 07:48:00+02:00,27.774999999999977,28.27573529411764,27.78928571428571,183.064452887538
2025-09-08 07:49:00+02:00,28.20357142857141,28.71691176470587,28.241106719367597,186.36268562610232
2025-09-08 07:50:00+02:00,28.63214285714285,29.158088235294112,28.715415019762855,189.5210306122449
2025-09-08 07:51:00+02:00,29.05978041393236,29.599264705882348,29.18972332015812,192.089206486358
2025-09-08 07:52:00+02:00,29.48409893992933,30.036661867544225,29.66403162055337,195.43625395738852
2025-09-08 07:53:00+02:00,29.90812720848057,30.45804195804196,30.102731189687717,198.2570324933687
2025-09-08 07:55:00+02:00,30.756183745583048,31.2972027972028,30.825825825825827,209.4277505967506
2025-09-08 07:56:00+02:00,31.14804694990002,31.716783216783213,31.186186186186188,212.33814397731064
2025-09-08 07:57:00+02:00,31.497093023255825,32.1476777939042,31.546546546546548,213.4660648148148
2025-09-08 07:58:00+02:00,31.84593023255815,32.59999999999998,31.899398111662265,214.95177732974912
2025-09-08 07:59:00+02:00,32.194767441860485,33.05283018867921,32.07632933104634,217.9802671370968
2025-09-08 08:00:00+02:00,32.543604651162816,33.50566037735846,32.17924528301892,221.8723387096774
2025-09-08 08:01:00+02:00,32.890068531625666,33.929345782273224,32.28216123499148,225.17693181818183
2025-09-08 08:02:00+02:00,33.15036231884057,34.09364261168383,32.385077186964025,228.8551087801088
2025-09-08 08:03:00+02:00,33.367753623188385,34.196735395188966,32.487993138936574,232.57309218559217
2025-09-08 08:04:00+02:00,33.5851449275362,34.2998281786941,32.59090909090912,235.81099099099097
2025-09-08 08:05:00+02:00,33.80253623188401,34.40292096219923,32.69382504288167,238.8150659962288
2025-09-08 08:06:00+02:00,34.019927536231826,34.50601374570437,32.79674099485422,241.4079150516796
2025-09-08 08:07:00+02:00,34.23731884057964,34.60910652920954,32.89965694682677,244.55823170731708
2025-09-08 08:08:00+02:00,34.45471014492747,34.71219931271472,33.13842195540309,247.4470184665732
2025-09-08 08:09:00+02:00,34.67210144927532,34.81529209621989,33.98572170301142,250.13286956521745
2025-09-08 08:10:00+02:00,34.88949275362317,34.91838487972507,34.41433021806852,253.26424346405227
2025-09-08 08:11:00+02:00,35.14749999999999,35.11967140950271,34.78816199376944,256.2348702614379
2025-09-08 08:12:00+02:00,35.44749999999997,35.59917355371902,35.161993769470364,259.2785569613821
2025-09-08 08:13:00+02:00,35.74749999999995,36.04532902603537,35.5358255451713,262.7049479166667
2025-09-08 08:14:00+02:00,36.047499999999935,36.34292565947241,35.90688149170645,264.83681365576103
2025-09-08 08:15:00+02:00,36.34749999999995,36.63069544364503,36.22033898305082,267.45979166666666
2025-09-08 08:16:00+02:00,36.64749999999997,36.91846522781768,36.5108958837772,268.9700555555555
2025-09-08 08:17:00+02:00,36.95306306306306,37.20623501199035,36.8014527845036,271.1352777777778
2025-09-08 08:18:00+02:00,37.33445945945945,37.49400479616304,37.09200968523,273.3001707175926
2025-09-08 08:19:00+02:00,37.73986486486484,37.781774580335714,37.3825665859564,276.23441375969
2025-09-08 08:20:00+02:00,38.145270270270224,38.11831465060509,37.673123486682805,278.9394422911284
2025-09-08 08:21:00+02:00,38.55067567567564,38.57751937984494,37.97459735222194,282.19691648384736
2025-09-08 08:22:00+02:00,38.95566816816816,39.04263565891469,38.39179104477615,286.0315873015873
2025-09-08 08:23:00+02:00,39.35666666666665,39.50775193798447,38.839552238806,290.15559523809526
2025-09-08 08:24:00+02:00,39.75666666666663,39.96787846386884,39.28731343283584,293.38500000000005
2025-09-08 08:25:00+02:00,40.156666666666624,40.3896551724138,39.73507462686568,295.93331207483
2025-09-08 08:26:00+02:00,40.55666666666664,40.80344827586209,40.15781174771305,299.0664880952382
2025-09-08 08:27:00+02:00,40.96446536494653,41.21724137931037,40.54516129032257,301.1354797979798
2025-09-08 08:28:00+02:00,41.44769874476987,41.63103448275865,40.932258064516105,304.7967540792541
2025-09-08 08:29:00+02:00,41.94979079497907,42.03377920184451,41.31935483870964,308.9218235930736
2025-09-08 08:30:00+02:00,42.45188284518827,42.39233038348085,41.7064516129032,312.00701340326344
2025-09-08 08:31:00+02:00,42.93664369513496,42.74631268436583,42.07149575117565,314.2589637205608
2025-09-08 08:32:00+02:00,43.26715686274508,43.10029498525079,42.38107416879796,317.3357664416104
2025-09-08 08:33:00+02:00,43.56127450980389,43.45427728613572,42.68797953964195,319.76599989996004
2025-09-08 08:34:00+02:00,43.85539215686271,43.808259587020665,42.99488491048594,322.0136734693878
2025-09-08 08:35:00+02:00,44.14950980392152,44.12304250559285,43.301790281329936,324.82168034655723
2025-09-08 08:36:00+02:00,44.44362745098034,44.3914988814318,43.60869565217393,327.07941750767884
2025-09-08 08:37:00+02:00,44.73774509803919,44.65995525727075,43.91721631444341,329.3767828441649
2025-09-08 08:38:00+02:00,45.05423394848135,44.92841163310968,44.269349845201255,332.68437500000005
2025-09-08 08:39:00+02:00,45.46020761245674,45.1968680089486,44.64086687306506,335.76043831168835
2025-09-08 08:40:00+02:00,45.87543252595156,45.46532438478752,45.01238390092883,338.0826335470086
2025-09-08 08:41:00+02:00,46.29065743944636,45.733780760626416,45.3839009287926,340.34585729346367
2025-09-08 08:42:00+02:00,46.70588235294118,46.0217573254486,45.755417956656366,343.1314424651925
2025-09-08 08:43:00+02:00,47.09910810165852,46.423076923076906,46.13334305013873,346.663982275586
2025-09-08 08:44:00+02:00,47.4454022988506,46.8426573426573,46.5227272727273,349.0814595976314
2025-09-08 08:45:00+02:00,47.79022988505753,47.26223776223773,46.91233766233768,352.15581232493
2025-09-08 08:46:00+02:00,48.13505747126442,47.681818181818166,47.30194805194807,355.57455982620326
2025-09-08 08:47:00+02:00,48.4798850574713,48.07897173249285,47.69155844155845,358.4942521258503
2025-09-08 08:48:00+02:00,48.824712643678176,48.41971830985912,48.075509353032295,360.8586119832548
2025-09-08 08:49:00+02:00,49.16076294277931,48.7577464788732,48.44342507645264,363.9932948717948
2025-09-08 08:50:00+02:00,49.48773841961857,49.09577464788729,48.81039755351686,365.4998787878788
2025-09-08 08:51:00+02:00,49.81471389645782,49.43380281690139,49.177370030581066,366.8622943722944
2025-09-08 08:52:00+02:00,50.14168937329704,49.77183098591549,49.54434250764528,370.1484457615555
2025-09-08 08:53:00+02:00,50.46866485013626,50.11600284197768,49.911314984709485,372.640987804878
2025-09-08 08:54:00+02:00,50.79564032697548,50.47181008902078,50.27828746177372,375.5633543019481
2025-09-08 08:55:00+02:00,51.12793767029974,50.8278931750742,50.64525993883796,378.21986111111113
2025-09-08 08:56:00+02:00,51.46875000000005,51.18397626112761,51.01223241590217,380.8810289279059
2025-09-08 08:57:00+02:00,51.80965909090914,51.54005934718103,51.37920489296638,383.05898584905657
2025-09-08 08:58:00+02:00,52.150568181818215,51.89702968344886,51.74617737003059,384.6124404761904
2025-09-08 08:59:00+02:00,52.49147727272729,52.28239202657807,52.12436630426259,386.8574430641822
2025-09-08 09:00:00+02:00,52.83238636363637,52.681063122923575,52.525083612040106,389.27809369438086
2025-09-08 09:01:00+02:00,53.18318318318319,53.079734219269085,52.92642140468223,391.4114826700898
2025-09-08 09:02:00+02:00,53.54354354354354,53.478405315614594,53.327759197324376,393.98971907665504
2025-09-08 09:03:00+02:00,53.90390390390391,53.876269530930976,53.729096989966536,396.8951388888888
2025-09-08 09:04:00+02:00,54.26426426426426,54.24483775811211,54.10635697196963,398.9075675213675
2025-09-08 09:05:00+02:00,54.62462462462463,54.59882005899709,54.43801652892566,400.4763949820788
2025-09-08 09:06:00+02:00,54.98160045291193,54.952802359882064,54.76859504132235,403.6043995349036
2025-09-08 09:07:00+02:00,55.3142076502732,55.306784660767,55.09917355371904,406.1019354838709
2025-09-08 09:08:00+02:00,55.64207650273223,55.66076696165194,55.42975206611572,407.4585054706659
2025-09-08 09:09:00+02:00,55.96994535519125,56.01284275274873,55.7603305785124,410.14658408408405
2025-09-08 09:10:00+02:00,56.29781420765027,56.35511363636366,56.08062442607897,412.7425589419207
2025-09-08 09:11:00+02:00,56.62568306010928,56.696022727272776,56.37777777777776,414.9544155844157
2025-09-08 09:12:00+02:00,56.95267454391134,57.03693181818185,56.67407407407404,417.1323376623377
2025-09-08 09:13:00+02:00,57.26963350785342,57.37784090909093,56.97037037037031,418.9658783783784
2025-09-08 09:14:00+02:00,57.58376963350789,57.71875000000001,57.2666666666666,420.47461580766816
2025-09-08 09:15:00+02:00,57.89790575916236,58.0752954028338,57.56296296296293,422.69371471993054
2025-09-08 09:16:00+02:00,58.21204188481681,58.48122866894196,57.85925925925925,425.0796338724169
2025-09-08 09:17:00+02:00,58.526178010471234,58.89078498293514,58.19148936170214,427.69146750524106
2025-09-08 09:18:00+02:00,58.84031413612566,59.30034129692829,58.55623100303956,429.50591168091177
2025-09-08 09:19:00+02:00,59.16164383561644,59.70989761092148,58.92097264437694,431.6725909361956
2025-09-08 09:20:00+02:00,59.4904109589041,60.19093566189819,59.28571428571431,434.184286005712
2025-09-08 09:21:00+02:00,59.81917808219176,60.82446808510637,59.65045592705169,436.8705989787903
2025-09-08 09:22:00+02:00,60.147945205479424,61.462765957446784,60.01273071670852,438.6193930348259
2025-09-08 09:23:00+02:00,60.476712328767086,61.985102727206254,60.36231884057969,440.37825
2025-09-08 09:24:00+02:00,60.805479452054776,62.11941580756011,60.71014492753619,443.1189871794872
2025-09-08 09:25:00+02:00,61.11062108721254,62.22250859106524,61.0579710144927,445.6657692307693
2025-09-08 09:26:00+02:00,61.382352941176485,62.325601374570375,61.405797101449245,447.0045408163266
2025-09-08 09:27:00+02:00,61.65384615384616,62.42869415807552,61.75362318840578,449.0546118012423
2025-09-08 09:28:00+02:00,61.92533936651584,62.53178694158066,62.06032119075598,451.2057779600766
2025-09-08 09:29:00+02:00,62.196832579185525,62.63487972508583,62.27927927927929,453.3791760156383
2025-09-08 09:30:00+02:00,62.468325791855214,62.73797250859101,62.49549549549551,455.61673660502606
2025-09-08 09:31:00+02:00,62.73981900452489,62.84106529209618,62.711711711711736,456.70842105263154
2025-09-08 09:32:00+02:00,63.02458954764802,62.944158075601365,62.92792792792796,458.9523287671232
2025-09-08 09:33:00+02:00,63.37764350453173,63.33132530120482,63.144144144144185,460.93297611092544
2025-09-08 09:34:00+02:00,63.7401812688822,63.986120648396685,63.36036036036041,463.032518666003
2025-09-08 09:35:00+02:00,64.10271903323266,64.33419689119167,63.57657657657664,465.25610675039246
2025-09-08 09:36:00+02:00,64.46525679758312,64.64507772020717,63.79279279279282,467.2174317617866
2025-09-08 09:37:00+02:00,64.82779456193357,64.95595854922267,64.01855728968407,469.7501201206289
2025-09-08 09:38:00+02:00,65.14031180400893,65.26683937823823,64.29342723004699,472.522514871117
2025-09-08 09:39:00+02:00,65.40757238307353,65.57772020725382,64.5751173708921,473.7005765819042
2025-09-08 09:40:00+02:00,65.67483296213811,65.88775114739018,64.85680751173722,476.61359649122807
2025-09-08 09:41:00+02:00,65.9420935412027,66.14338919925517,65.13849765258229,478.044887218045
2025-09-08 09:42:00+02:00,66.20935412026728,66.36685288640605,65.42018779342732,478.75766917293225
2025-09-08 09:43:00+02:00,66.47661469933186,66.59031657355688,65.70187793427235,480.41271601436944
2025-09-08 09:44:00+02:00,66.74387527839644,66.8137802607077,65.98356807511739,482.9715891472868
2025-09-08 09:45:00+02:00,67.00979476494958,67.03724394785853,66.26525821596248,484.9728703703704
2025-09-08 09:46:00+02:00,67.26881720430102,67.26070763500935,66.54694835680759,486.97493750000007
2025-09-08 09:47:00+02:00,67.52688172042998,67.48417132216018,66.8286384976527,489.22099775817895
2025-09-08 09:48:00+02:00,67.78494623655904,67.707635009311,67.11032863849779,491.2037667725989
2025-09-08 09:49:00+02:00,68.04301075268809,67.93219821664447,67.39201877934282,493.11195312500007
2025-09-08 09:50:00+02:00,68.30107526881714,68.19668246445501,67.67370892018785,493.0594627192982
2025-09-08 09:51:00+02:00,68.5591397849462,68.4810426540285,67.95505909017324,495.6915008241324
2025-09-08 09:52:00+02:00,68.81720430107525,68.76540284360195,68.23218390804594,497.528932748538
2025-09-08 09:53:00+02:00,69.0954301075269,69.0497630331754,68.5080459770114,499.2422441520468
2025-09-08 09:54:00+02:00,69.41666666666673,69.33412322274884,68.78390804597687,501.5500614509641
2025-09-08 09:55:00+02:00,69.73924731182807,69.61848341232229,69.05977011494241,503.1374157303371
2025-09-08 09:56:00+02:00,70.06182795698935,69.90278560302256,69.33563218390796,504.44563389513104
2025-09-08 09:57:00+02:00,70.3844086021506,70.18414918414913,69.61149425287351,506.94152777777776
2025-09-08 09:58:00+02:00,70.70698924731185,70.46386946386939,69.88720291248796,509.2420398351648
2025-09-08 09:59:00+02:00,71.01847465106019,70.74358974358968,70.1414342629482,511.2708582621083
2025-09-08 10:00:00+02:00,71.28293736501088,71.02331002330997,70.38047808764938,513.1997222222221
2025-09-08 10:01:00+02:00,71.54211663066964,71.30303030303027,70.61952191235056,514.5858618578255
2025-09-08 10:02:00+02:00,71.80129589632837,71.58275058275056,70.85856573705175,515.4220462001093
2025-09-08 10:03:00+02:00,72.0604751619871,71.86247086247086,71.09760956175293,517.0748655985169
2025-09-08 10:04:00+02:00,72.31965442764583,72.17086834733894,71.33665338645412,518.7051245777027
2025-09-08 10:05:00+02:00,72.57883369330456,72.50700280112045,71.5756972111553,521.3408041037361
2025-09-08 10:06:00+02:00,72.83801295896329,72.84313725490196,71.81474103585651,522.9632352941178
2025-09-08 10:07:00+02:00,73.03764363222713,73.17927170868347,72.01814429030863,524.3112001050421
2025-09-08 10:08:00+02:00,73.14199655765913,73.51540616246498,72.12650602409632,526.6111105994072
2025-09-08 10:09:00+02:00,73.24526678141127,73.85121670166065,72.22977624784846,528.4612034428795
2025-09-08 10:10:00+02:00,73.34853700516344,74.05746140651803,72.33304647160062,530.5783402777778
2025-09-08 10:11:00+02:00,73.4518072289156,74.16037735849062,72.43631669535279,531.8425684523809
2025-09-08 10:12:00+02:00,73.55507745266776,74.26329331046321,72.53958691910495,531.0333333333333
2025-09-08 10:13:00+02:00,73.65834767641992,74.3662092624358,72.64285714285711,532.3037499999999
2025-09-08 10:14:00+02:00,73.76161790017208,74.4691252144084,72.74612736660927,533.7578260869567
2025-09-08 10:15:00+02:00,73.86488812392425,74.57204116638098,72.84939759036143,535.0885657171415
2025-09-08 10:16:00+02:00,73.98348951361,74.6749571183535,72.9526678141136,536.5681140911025
2025-09-08 10:17:00+02:00,74.6516234209961,74.77787307032601,73.26639344262294,537.9023456790122
2025-09-08 10:18:00+02:00,75.1420664206642,74.88078902229852,73.75819672131145,539.5895532128515
2025-09-08 10:19:00+02:00,75.36346863468633,74.9995765437393,74.05240549828177,539.0734939759036
2025-09-08 10:20:00+02:00,75.58487084870846,75.315625,74.1554982817869,539.3050633453175
2025-09-08 10:21:00+02:00,75.8062730627306,75.690625,74.25859106529204,541.9523787878787
2025-09-08 10:22:00+02:00,76.02767527675273,76.0332827669903,74.36168384879717,544.9636159844055
2025-09-08 10:23:00+02:00,76.24907749077487,76.27378640776706,74.4647766323023,546.3891666666667
2025-09-08 10:24:00+02:00,76.470479704797,76.50679611650493,74.56786941580744,547.3578582621083
2025-09-08 10:25:00+02:00,76.69188191881913,76.73980582524278,74.67096219931257,549.0076638795987
2025-09-08 10:26:00+02:00,76.91262587582992,76.97281553398064,74.77405498281773,551.189061054579
2025-09-08 10:27:00+02:00,77.06260720411666,77.20582524271849,74.87714776632295,553.2073442249241
2025-09-08 10:28:00+02:00,77.16552315608925,77.43883495145634,74.98867431392478,555.1446299235744
2025-09-08 10:29:00+02:00,77.26843910806184,77.6718446601942,75.22769953051646,556.8790123456789
2025-09-08 10:30:00+02:00,77.37135506003443,77.90431304841024,75.50938967136157,558.0852554012346
2025-09-08 10:31:00+02:00,77.47427101200702,78.06099656357388,75.7910798122066,559.3454383503401
2025-09-08 10:32:00+02:00,77.5771869639796,78.16408934707901,76.0214742268874,560.5704761904761
2025-09-08 10:33:00+02:00,77.68010291595213,78.26718213058415,76.12994836488805,560.7280253212397
2025-09-08 10:34:00+02:00,77.78301886792464,78.37027491408928,76.2332185886402,562.9217857142858
2025-09-08 10:35:00+02:00,77.88593481989714,78.47336769759441,76.33648881239236,564.2134523809524
2025-09-08 10:36:00+02:00,77.99439069610371,78.57646048109955,76.43975903614452,565.1165200138025
2025-09-08 10:37:00+02:00,78.15643274853802,78.67955326460468,76.54302925989668,565.6805434782608
2025-09-08 10:38:00+02:00,78.33187134502926,78.78264604810984,76.64629948364885,566.2414130434782
2025-09-08 10:39:00+02:00,78.50730994152049,78.88573883161506,76.74956970740101,566.8398426177538
2025-09-08 10:40:00+02:00,78.68274853801172,78.99255984746327,76.85283993115317,567.5094062500003
2025-09-08 10:41:00+02:00,78.85818713450296,79.13544303797474,76.96223354958295,568.2164620535715
2025-09-08 10:42:00+02:00,79.01634312011414,79.28734177215199,77.87375539695127,569.5147567287785
2025-09-08 10:43:00+02:00,79.12285223367697,79.4392405063292,78.1176975945017,568.8992917363436
2025-09-08 10:44:00+02:00,79.2259450171821,79.5911392405064,78.22079037800684,569.756430479243
2025-09-08 10:45:00+02:00,79.32903780068723,79.74303797468359,78.32388316151197,569.2433333333333
2025-09-08 10:46:00+02:00,79.43213058419236,79.89493670886078,78.4269759450171,571.1419135802469
2025-09-08 10:47:00+02:00,79.5352233676975,80.03090572302695,78.53006872852224,571.2017609351432
2025-09-08 10:48:00+02:00,79.63831615120263,80.1348797250859,78.63316151202737,577.0080309106098
2025-09-08 10:49:00+02:00,79.74140893470776,80.23797250859103,78.7362542955325,575.1853766769865
2025-09-08 10:50:00+02:00,79.84450171821295,80.34106529209616,78.8393470790377,575.8193218355718
2025-09-08 10:51:00+02:00,79.94759450171817,80.4441580756013,78.94243986254291,578.2286080586081
2025-09-08 10:52:00+02:00,80.08452722063039,80.54725085910643,79.27676653780067,579.2405586757553
2025-09-08 10:53:00+02:00,80.25644699140408,80.65034364261156,79.87740384615384,580.2984596774194
2025-09-08 10:54:00+02:00,80.42836676217776,80.75343642611669,80.18498168498171,580.2570553618135
2025-09-08 10:55:00+02:00,80.60028653295139,80.85652920962191,80.40476190476197,581.2526757268021
2025-09-08 10:56:00+02:00,80.77220630372499,80.96571592210765,80.62454212454223,581.241846638305
2025-09-08 10:57:00+02:00,80.94307455108198,81.6888726333907,80.84432234432249,584.642027027027
2025-09-08 10:58:00+02:00,81.06958762886596,82.08003442340787,81.06410256410274,585.138380952381
2025-09-08 10:59:00+02:00,81.1726804123711,82.18330464715999,81.28388278388293,586.6207751465365
2025-09-08 11:00:00+02:00,81.27577319587623,82.28657487091215,81.5036630036631,589.7070997712979
2025-09-08 11:01:00+02:00,81.37886597938136,82.38984509466431,81.72344322344328,591.8286021505378
2025-09-08 11:02:00+02:00,81.48195876288649,82.49311531841647,81.9368131868132,592.764165826613
2025-09-08 11:03:00+02:00,81.58505154639163,82.59638554216863,82.0,592.0224399038461
2025-09-08 11:04:00+02:00,81.68814432989676,82.6996557659208,82.0,590.3524586707152
2025-09-08 11:05:00+02:00,81.79123711340193,82.80292598967296,82.0,592.1419576719577
2025-09-08 11:06:00+02:00,81.89432989690715,82.90619621342512,82.0,594.3013888888889
2025-09-08 11:07:00+02:00,82.02801224226803,83.34196886066432,82.0,594.7177777777778
2025-09-08 11:08:00+02:00,82.365625,83.89081455805893,82.0,594.7315195440524
2025-09-08 11:09:00+02:00,82.740625,83.682842287695,82.0,596.540013082156
2025-09-08 11:10:00+02:00,83.02699353448277,83.47487001733106,82.0,598.6068336734694
2025-09-08 11:11:00+02:00,83.13534482758624,83.26689774696712,82.0,597.832691503268
2025-09-08 11:12:00+02:00,83.23879310344833,83.05892547660318,82.0563947633434,599.0861683006536
2025-09-08 11:13:00+02:00,83.34224137931042,82.85095320623924,82.38368580060424,601.3513055555555
2025-09-08 11:14:00+02:00,83.44568965517252,82.6429809358753,82.7462235649547,598.6370848108747
2025-09-08 11:15:00+02:00,83.54913793103461,82.43500866551136,83.10876132930517,598.4679166666666
2025-09-08 11:16:00+02:00,83.6525862068967,82.2270363951474,83.47129909365563,600.7014460204886
2025-09-08 11:17:00+02:00,83.75603448275876,82.8603078456353,83.83383685800608,598.3367247321237
2025-09-08 11:18:00+02:00,83.85948275862077,84.62913907284766,83.88396624472574,605.0830847193348
2025-09-08 11:19:00+02:00,83.97234195402301,85.42384105960262,83.63080168776372,606.2025000000002
2025-09-08 11:20:00+02:00,84.66205747280185,85.89299972490055,83.3776371308017,607.0434722222222
2025-09-08 11:21:00+02:00,84.71910112359552,85.56534954407302,83.12447257383968,606.7641097308489
2025-09-08 11:22:00+02:00,84.26966292134836,85.20060790273565,82.87130801687766,606.5237681159421
2025-09-08 11:23:00+02:00,83.82022471910119,84.83586626139825,82.61814345991564,605.1384832451499
2025-09-08 11:24:00+02:00,83.37078651685398,84.47112462006083,82.36497890295362,606.7712044817928
2025-09-08 11:25:00+02:00,83.39343965204785,84.31398176291795,82.13409282700425,604.1573198314413
2025-09-08 11:26:00+02:00,84.59432321315624,86.06315789473688,83.43969348659004,607.0928611111111
2025-09-08 11:27:00+02:00,84.77941176470587,86.34736842105269,84.22298850574708,612.9625670498085
2025-09-08 11:28:00+02:00,84.42647058823526,86.60000000000007,84.49885057471255,612.8913348385332
2025-09-08 11:35:00+02:00,85.46428571428571,88.15086206896554,86.33512544802865,614.1349671717172
2025-09-08 11:36:00+02:00,86.32142857142854,88.25431034482763,86.55017921146951,617.9717234169653
2025-09-08 11:37:00+02:00,86.990058910162,88.35775862068972,86.76523297491038,622.2279467664258
2025-09-08 11:38:00+02:00,87.12457044673538,88.46120689655181,86.98028673835124,621.7470833333333
2025-09-08 11:39:00+02:00,87.22766323024051,88.56465517241391,87.1953405017921,620.9727546296295
2025-09-08 11:40:00+02:00,87.33075601374564,88.668103448276,87.41039426523297,623.2749529190207
2025-09-08 11:41:00+02:00,87.43384879725077,88.77155172413806,87.62544802867383,622.1913945243394
2025-09-08 11:42:00+02:00,87.53694158075591,88.87500000000007,87.8405017921147,620.5389621212121
2025-09-08 11:48:00+02:00,88.72513089005241,90.0,89.60152284263965,634.8967012578615
2025-09-08 11:49:00+02:00,88.41099476439798,90.0,89.89758921357907,638.7291505847953
2025-09-08 11:50:00+02:00,88.09685863874353,90.0,89.67117117117118,637.6433936403508
2025-09-08 11:51:00+02:00,87.78272251308904,90.0,89.13063063063066,636.610974099099
2025-09-08 11:54:00+02:00,87.27952755905515,90.28947368421052,88.38888888888893,628.8132193732193
2025-09-08 11:55:00+02:00,87.75196850393706,90.92105263157896,88.78104575163407,631.9528985507246
2025-09-08 11:56:00+02:00,88.22440944881892,91.5526315789474,89.17320261437918,632.7569261417401
2025-09-08 11:57:00+02:00,88.6968503937008,91.07896177870003,89.56535947712423,633.70029209622
2025-09-08 11:58:00+02:00,88.86544292523001,89.61574074074078,89.90641563424708,637.5638377192982
2025-09-08 11:59:00+02:00,88.44765342960288,89.06018518518523,89.63805970149258,640.0337046783626
2025-09-08 12:00:00+02:00,88.01444043321298,88.50462962962968,89.19029850746277,638.5530426356589
2025-09-08 12:01:00+02:00,87.58122743682308,87.94907407407409,88.74253731343288,638.9345639688692
2025-09-08 12:08:00+02:00,80.58992805755388,91.23648648648644,90.0,632.6214444444444
2025-09-08 12:09:00+02:00,77.99999999999996,91.90953324013668,90.0,634.5781660798121
2025-09-08 12:10:00+02:00,80.13764030792173,91.89913793103447,90.0,637.062539612676
2025-09-08 12:11:00+02:00,88.79831932773111,91.79568965517238,90.0,641.1210069444445
2025-09-08 12:12:00+02:00,89.74926757588281,91.69224137931026,90.0,644.2209696342305
2025-09-08 12:13:00+02:00,89.71475409836069,91.58879310344815,90.0,644.2255263157895
2025-09-08 12:14:00+02:00,89.32131147540991,91.48534482758608,90.0,642.8268165204678
2025-09-08 12:15:00+02:00,88.9278688524591,91.38189655172398,90.0,639.5950609080842
2025-09-08 12:16:00+02:00,88.53442622950826,91.27844827586192,89.99565217391303,639.1907015503875
2025-09-08 12:17:00+02:00,88.14078575466367,91.1749999999999,89.77101449275364,638.9837596899224
2025-09-08 12:18:00+02:00,87.73448275862073,91.07155172413788,89.42318840579713,635.85921875
2025-09-08 12:19:00+02:00,87.32068965517244,90.86681034482758,89.07536231884063,633.7950071225072
2025-09-08 12:21:00+02:00,86.49310344827587,90.71009095723144,88.37971014492761,636.1821109986505
2025-09-08 12:22:00+02:00,86.15440613026821,90.19275067750677,88.14372261543649,631.4033223684211
2025-09-08 12:23:00+02:00,86.66049382716051,90.11904761904763,88.69186046511629,631.9201937134502
2025-09-08 12:24:00+02:00,87.40123456790123,90.33882783882792,89.38953488372096,629.0472718253968
2025-09-08 12:25:00+02:00,87.91672718470103,90.55860805860816,89.6465394943507,633.2198601190477
2025-09-08 12:26:00+02:00,87.71023965141609,90.77838827838843,87.82135076252717,633.9991104868915
2025-09-08 12:27:00+02:00,87.44880174291933,90.99816849816868,85.72984749455327,632.3741839254986
2025-09-08 12:28:00+02:00,87.18736383442257,91.21794871794889,83.63834422657938,632.0139352989354
2025-09-08 12:29:00+02:00,86.92592592592581,91.43772893772903,81.54684095860553,631.8095994582044
2025-09-08 12:36:00+02:00,86.55706462212487,89.69999999999999,88.57617554858935,629.6588706140351
2025-09-08 12:37:00+02:00,85.6283467202142,89.33636363636361,87.66283524904215,627.6744907407407
2025-09-08 12:38:00+02:00,86.65180311890838,88.97272727272724,88.62267870111008,629.4606958333334
2025-09-08 12:39:00+02:00,85.65789473684208,88.60909090909087,87.63025210084034,626.749988034188
2025-09-08 12:40:00+02:00,86.14053241010879,88.2454545454545,88.14770455550642,626.6997083333334
2025-09-08 12:41:00+02:00,85.77433862433863,88.53026006918707,88.2048829431438,624.5447304894179
2025-09-08 12:45:00+02:00,85.86406485671192,89.3169811320755,87.90491452991454,623.6048528439153
2025-09-08 12:46:00+02:00,86.86370657587793,88.86415094339627,88.85135135135134,629.2526152319903
2025-09-08 12:47:00+02:00,86.54019292604498,88.41132075471704,88.49249249249243,630.9224468183501
2025-09-08 12:48:00+02:00,86.15434083601279,87.95849056603781,88.13213213213203,631.0930674353599
2025-09-08 12:49:00+02:00,85.76848874598062,87.50566037735858,87.77177177177168,630.9207076719575
2025-09-08 12:50:00+02:00,85.3826366559485,87.05283018867935,87.41141141141138,628.2129454926626
2025-09-08 12:51:00+02:00,85.77383057590947,86.6000000000001,87.75472111455717,622.52825
2025-09-08 12:54:00+02:00,85.92195540308745,89.00273224043717,88.05917667238424,622.264007997936
2025-09-08 12:55:00+02:00,85.81903945111486,89.0,88.16209262435683,619.1268207282914
2025-09-08 12:56:00+02:00,85.71612349914227,89.0,88.26500857632942,618.1678409090908
2025-09-08 12:57:00+02:00,85.61320754716968,89.0,88.36792452830201,614.995462962963
2025-09-08 12:58:00+02:00,85.51029159519709,89.0,88.4708404802746,618.8961061507937
2025-09-08 12:59:00+02:00,85.40737564322451,89.0,88.5737564322472,618.4612148148149
2025-09-08 13:00:00+02:00,85.30445969125199,89.0,88.67667238421971,620.0346555555556
2025-09-08 13:01:00+02:00,85.20154373927949,89.0,88.77958833619222,617.2872007575758
2025-09-08 13:04:00+02:00,84.76503759398501,88.63241106719363,88.46755725190837,618.3746165040233
2025-09-08 13:05:00+02:00,84.5394736842106,88.15810276679834,87.78053435114498,617.3299845916795
2025-09-08 13:06:00+02:00,84.31390977443614,87.68379446640311,87.0935114503816,618.4136111111111
2025-09-08 13:07:00+02:00,84.08390099179574,87.2352876592007,86.40648854961829,616.3758928571428
2025-09-08 13:08:00+02:00,83.37606837606837,88.42777777777779,87.3956043956044,615.2758296783626
2025-09-08 13:09:00+02:00,82.43040293040293,87.51067251461988,86.52817841880342,612.2797514619883
2025-09-08 13:10:00+02:00,83.59523809523809,87.99122807017547,87.5078125,610.2786223723724
2025-09-08 13:11:00+02:00,84.0,88.81173452499173,88.0,618.4878688538769
2025-09-08 13:12:00+02:00,84.0,88.27672955974845,88.0,618.0053634876111
2025-09-08 13:13:00+02:00,84.0,87.52201257861638,88.0,615.6494051932367
2025-09-08 13:14:00+02:00,84.0,87.01362683438155,88.0,611.7964583333334
2025-09-08 13:17:00+02:00,84.0,87.0,88.0,614.3064221113541
2025-09-08 13:18:00+02:00,84.0,87.0,88.0,614.6720600799227
2025-09-08 13:19:00+02:00,84.0,87.0,88.0,614.0750542005419
2025-09-08 13:20:00+02:00,83.93794326241135,87.0,87.82738095238095,612.1861519607844
2025-09-08 13:21:00+02:00,83.64095744680857,87.0,86.5954872646733,608.7902093545752
2025-09-08 13:22:00+02:00,83.3218085106384,87.0,86.37674418604655,606.22765625
2025-09-08 13:23:00+02:00,83.00265957446821,86.9932562620424,86.9348837209303,606.4345238095237
2025-09-08 13:24:00+02:00,82.68351063829796,86.5549132947977,87.49302325581398,606.4262280701754
2025-09-08 13:25:00+02:00,82.36436170212771,85.86127167630059,87.57543959160522,607.0761373260738
2025-09-08 13:26:00+02:00,82.15157932755451,85.28741621210888,85.1706413730804,600.0283842592593
2025-09-08 13:27:00+02:00,82.83703703703706,86.40033663934302,85.52789232531501,601.3295520833334
2025-09-08 13:28:00+02:00,83.70221370796085,86.77813504823149,85.91494845360826,604.7931711386309
2025-09-08 13:29:00+02:00,83.16091954022988,86.3922829581993,85.81185567010313,602.8273485909516
2025-09-08 13:30:00+02:00,82.02268199233716,86.00643086816712,85.708762886598,601.1580098280098
2025-09-08 13:31:00+02:00,81.69111111111106,85.62057877813497,85.60567010309286,600.1138389046941
2025-09-08 13:32:00+02:00,81.42444444444435,85.23472668810287,85.50257731958773,600.6017690058479
2025-09-08 13:33:00+02:00,81.15777777777764,84.83605767614864,85.3994845360826,598.6592156862745
2025-09-08 13:34:00+02:00,80.89111111111096,84.41811846689892,85.29639175257746,598.8756512605041
2025-09-08 13:35:00+02:00,80.62444444444434,83.99999999999993,85.19329896907229,595.3962678571428
2025-09-08 13:36:00+02:00,80.35777777777771,83.58188153310097,85.09020618556707,593.5616666666667
2025-09-08 13:37:00+02:00,80.12798679867986,83.16608594657373,84.56432885556598,590.4119781144781
2025-09-08 13:38:00+02:00,80.88118811881186,83.0,83.92182130584193,590.7480887012199
2025-09-08 13:39:00+02:00,81.79625315472722,83.0,83.8187285223368,590.3382971972502
2025-09-08 13:40:00+02:00,81.23529411764706,83.0,83.71563573883166,589.5979306147292
2025-09-08 13:41:00+02:00,80.45098039215686,83.0,83.61254295532653,586.40143081761
2025-09-08 13:42:00+02:00,80.00217864923748,83.0,83.5094501718214,585.7452132435466
2025-09-08 13:43:00+02:00,80.0,83.0,83.40635738831627,585.42675
2025-09-08 13:44:00+02:00,80.0,83.0,83.30326460481113,582.1306707070706
2025-09-08 13:45:00+02:00,80.0,83.0,83.20017182130597,581.4061282593376
2025-09-08 13:46:00+02:00,80.0,83.0,83.09707903780075,581.2299793281653
2025-09-08 13:47:00+02:00,80.0,82.93975903614458,82.81954671903127,579.8853080553081
2025-09-08 13:48:00+02:00,80.0,82.34337349397592,81.97148859543816,579.1879552767052
2025-09-08 13:49:00+02:00,80.0,81.62048192771087,81.6869747899159,577.8254029304029
2025-09-08 13:50:00+02:00,80.0,81.50696905268131,81.43487394957971,575.2120055555555
2025-09-08 13:51:00+02:00,79.98504273504274,82.64627450980392,81.1827731092436,578.1326923076923
2025-09-08 13:52:00+02:00,79.61965811965808,81.42373983739837,80.93067226890749,574.303766025641
2025-09-08 13:53:00+02:00,79.10683760683753,80.63008130081296,80.67857142857137,576.1425138888889
2025-09-08 13:54:00+02:00,78.59401709401705,80.14227642276418,80.42647058823526,574.3459404761905
2025-09-08 13:55:00+02:00,78.0165165165165,79.65447154471542,80.17436974789915,569.7628611111111
2025-09-08 13:56:00+02:00,76.67990358779834,79.18153615746684,79.12192859599979,562.8124145299145
2025-09-08 13:57:00+02:00,77.33918128654972,79.24653739612188,79.34473684210526,558.4543612637362
2025-09-08 13:58:00+02:00,76.99708994708995,79.57894736842104,78.69342723004695,560.3344417989418
2025-09-08 13:59:00+02:00,77.11456582633053,79.9113573407202,79.21025987575284,559.6880555555556
2025-09-08 14:00:00+02:00,76.54248366013073,80.24376731301936,78.59090909090911,556.2337152777778
2025-09-08 14:01:00+02:00,77.32679738562092,80.57617728531852,79.37012987012987,555.5154090608465
2025-09-08 14:02:00+02:00,77.88201227965935,80.8938313361187,79.88515182001098,563.1172851307189
2025-09-08 14:03:00+02:00,77.53818181818188,80.5745856353591,79.53169014084509,563.5415535714286
2025-09-08 14:04:00+02:00,77.10181818181826,79.91160220994472,79.1091549295775,559.3537909244102
2025-09-08 14:05:00+02:00,76.6654545454546,79.25250814198482,78.68661971830991,557.2636691542288
2025-09-08 14:06:00+02:00,76.22909090909093,78.93567753001713,78.2640845070423,556.9585669191919
2025-09-08 14:07:00+02:00,75.9508620689655,78.83276157804454,77.96355855637837,554.5990853658535
2025-09-08 14:08:00+02:00,75.84741379310341,78.72984562607195,77.85824742268044,556.5197532369767
2025-09-08 14:09:00+02:00,75.74396551724132,78.62692967409936,77.7551546391753,552.9969232503607
2025-09-08 14:10:00+02:00,75.64051724137923,78.52401372212677,77.65206185567017,551.2290404040405
2025-09-08 14:11:00+02:00,75.53706896551714,78.42109777015419,77.54896907216504,548.3747252726303
2025-09-08 14:12:00+02:00,75.43362068965504,78.31818181818166,77.4458762886599,549.82695035461
2025-09-08 14:13:00+02:00,75.33017241379295,78.21526586620915,77.34278350515477,551.2500000000001
2025-09-08 14:14:00+02:00,75.2267241379309,78.11234991423665,77.23969072164962,550.248209090909
2025-09-08 14:15:00+02:00,75.1232758620689,77.94758775638392,77.13659793814442,546.1732833333333
2025-09-08 14:16:00+02:00,74.7504893019485,77.2459069135626,77.02362184994274,544.1725087719298
2025-09-08 14:17:00+02:00,73.78085642317382,76.77918781725884,76.49375,542.799709176788
2025-09-08 14:18:00+02:00,73.47858942065494,76.47461928934001,75.87572720125783,538.6104517168991
2025-09-08 14:19:00+02:00,73.17632241813607,76.1700507614212,75.49371069182385,537.919074074074
2025-09-08 14:20:00+02:00,72.87405541561719,75.86548223350245,75.11635220125783,537.8450221483943
2025-09-08 14:21:00+02:00,72.57178841309832,75.5609137055837,74.7389937106918,535.3047265288544
2025-09-08 14:22:00+02:00,72.2695214105794,75.25634517766495,74.36163522012578,531.6861754241926
2025-09-08 14:23:00+02:00,72.0039806450679,75.01776649746192,74.03930817610062,528.4217432249322
2025-09-08 14:24:00+02:00,71.88534482758618,75.0,74.0,527.8869028261712
2025-09-08 14:25:00+02:00,71.78189655172409,75.0,74.0,527.8206429912391
2025-09-08 14:26:00+02:00,71.678448275862,75.0,74.0,526.2629078014185
2025-09-08 14:27:00+02:00,71.5749999999999,75.0,74.0,523.9790873015874
2025-09-08 14:28:00+02:00,71.47155172413781,75.0,74.0,524.2453333333333
2025-09-08 14:29:00+02:00,71.36810344827572,75.0,74.0,525.2596964285714
2025-09-08 14:30:00+02:00,71.26465517241364,75.0,74.0,526.1617922008546
2025-09-08 14:31:00+02:00,71.16120689655163,75.0,74.0,524.1232147435898
2025-09-08 14:32:00+02:00,71.05775862068963,75.0,74.0,520.2174687500001
2025-09-08 14:33:00+02:00,70.78916484218206,74.59027777777779,73.77393617021275,518.8525312500001
2025-09-08 14:34:00+02:00,70.31349206349205,73.75694444444447,73.14361702127658,516.699178592725
2025-09-08 14:35:00+02:00,69.88919413919415,73.02318893783652,72.50531914893617,513.9012967473287
2025-09-08 14:36:00+02:00,69.55769230769234,72.7114537444934,71.97031056644447,511.679375
2025-09-08 14:37:00+02:00,69.22802197802203,72.44713656387667,71.72795497185749,511.853717948718
2025-09-08 14:38:00+02:00,68.89835164835172,72.18281938325994,71.5028142589119,509.1290116077616
2025-09-08 14:39:00+02:00,68.56868131868141,71.91850220264321,71.2776735459663,506.3605612169546
2025-09-08 14:40:00+02:00,68.23901098901104,71.65418502202648,71.05253283302069,504.25620023419214
2025-09-08 14:41:00+02:00,67.92313537526304,71.38986784140975,70.82739212007509,502.81056122448985
2025-09-08 14:42:00+02:00,67.63829787234049,71.1319175603317,70.60225140712949,501.49291520056295
2025-09-08 14:43:00+02:00,67.35460992907812,71.73737373737376,70.37711069418388,500.6009701149425
2025-09-08 14:44:00+02:00,67.0709219858157,72.76981351981352,70.15196998123828,500.954262585034
2025-09-08 14:45:00+02:00,66.78723404255327,72.32692307692304,69.81698607291656,498.4941081081081
2025-09-08 14:46:00+02:00,66.50354609929083,71.55769230769229,69.27397260273968,495.70748427672953
2025-09-08 14:47:00+02:00,66.2198581560284,70.4478021978022,68.72602739726021,492.81143649193547
2025-09-08 14:48:00+02:00,65.95508274231678,69.38850174216027,68.18306479066612,487.8387141203704
2025-09-08 14:49:00+02:00,65.74074074074069,70.2764227642276,67.85027726432533,485.3047313596491
2025-09-08 14:50:00+02:00,65.52910052910043,70.71122725512969,67.62846580406655,485.9302604166667
2025-09-08 14:51:00+02:00,65.31746031746017,69.65714285714286,67.40665434380777,484.3822530241935
2025-09-08 14:52:00+02:00,65.10582010581992,68.36150793650793,67.184842883549,480.3695731707317
2025-09-08 14:53:00+02:00,64.89417989417973,67.61780303030304,66.96303142329022,477.3756456551578
2025-09-08 14:54:00+02:00,64.68253968253956,68.86308392233325,66.74121996303144,477.5698265895953
2025-09-08 14:55:00+02:00,64.47089947089938,68.62198391420905,66.51940850277266,477.0010404624277
2025-09-08 14:56:00+02:00,64.25925925925921,68.30026809651469,66.29759704251389,476.42829363229527
2025-09-08 14:57:00+02:00,64.0440466041489,67.97855227882033,66.07395699851448,475.2955197132617
2025-09-08 14:58:00+02:00,63.7621483375959,67.65683646112598,65.75766871165641,472.0452189265537
2025-09-08 14:59:00+02:00,63.45524296675191,67.33512064343162,65.38957055214715,470.5308474576271
2025-09-08 15:00:00+02:00,63.14833759590792,67.01160615561716,65.02147239263796,469.2793785310735
2025-09-08 15:01:00+02:00,62.841432225063926,66.67514124293791,64.65337423312879,466.2029166666666
2025-09-08 15:02:00+02:00,62.53452685421993,66.33615819209047,64.28527607361961,463.4574074074074
2025-09-08 15:03:00+02:00,62.22762148337594,65.99717514124299,63.94562186279978,462.04493464052285
2025-09-08 15:04:00+02:00,61.946789244487455,65.65819209039552,63.68181818181819,460.418256302521
2025-09-08 15:05:00+02:00,61.72792792792792,65.31920903954804,63.42207792207793,458.9529723502304
2025-09-08 15:06:00+02:00,61.51171171171169,64.98709263963501,63.16233766233768,456.31081950844856
2025-09-08 15:07:00+02:00,61.295495495495466,64.68796068796068,62.90259740259742,454.072465437788
2025-09-08 15:08:00+02:00,61.07927927927924,64.39312039312038,62.64285714285717,451.9895604048072
2025-09-08 15:09:00+02:00,60.86306306306302,64.09828009828009,62.38311688311691,451.0433823529413
2025-09-08 15:10:00+02:00,60.64684684684679,63.803439803439794,62.12337662337664,450.10220588235296
2025-09-08 15:11:00+02:00,60.43063063063057,63.508599508599495,61.793442622950806,447.9497140522876
2025-09-08 15:12:00+02:00,60.21441441441439,63.2137592137592,61.399999999999984,445.8428070175439
2025-09-08 15:13:00+02:00,59.98512083512083,62.902107849476266,61.00655737704917,443.4427717391304
2025-09-08 15:14:00+02:00,59.67989417989418,62.55263157894736,60.61311475409836,440.9139891304348
2025-09-08 15:15:00+02:00,59.362433862433896,62.20175438596488,60.21967213114754,438.8126149425288
2025-09-08 15:16:00+02:00,59.04497354497358,61.85087719298243,59.80721311475408,436.3019977335276
2025-09-08 15:17:00+02:00,58.72751322751328,61.499999999999964,59.37090909090906,434.6930738911079
2025-09-08 15:18:00+02:00,58.41005291005294,61.148027072512185,58.93454545454543,433.0417297441365
2025-09-08 15:19:00+02:00,58.07232462877625,60.57142857142856,58.4981818181818,429.5876964285714
2025-09-08 15:20:00+02:00,57.08602150537633,59.82608695652173,57.2755944055944,427.5181004140787
2025-09-08 15:21:00+02:00,54.33949645948072,58.77101449275363,52.830026455026456,426.0941739130433
2025-09-08 15:25:00+02:00,55.2421383647799,58.20077220077221,56.68803418803418,415.6138271604938
2025-09-08 15:26:00+02:00,54.86477987421387,57.73745173745175,56.1778264632695,412.3886111111111
2025-09-08 15:27:00+02:00,54.48742138364784,57.27413127413129,55.80000000000001,408.5928713768116
2025-09-08 15:28:00+02:00,54.11213749126486,56.89815691702484,55.49620253164557,405.3519810606061
2025-09-08 15:29:00+02:00,53.80324074074076,56.64570230607968,55.19240506329115,405.45483931419454
2025-09-08 15:30:00+02:00,53.52546296296301,56.39412997903566,54.88860759493671,405.7250416666666
2025-09-08 15:31:00+02:00,53.24768518518522,56.142557651991645,54.58481012658228,403.10763496677737
2025-09-08 15:32:00+02:00,52.96990740740744,55.89098532494763,54.28101265822784,400.8648262065517
2025-09-08 15:33:00+02:00,52.69212962962965,55.63941299790361,53.983932008290765,397.3428487641391
2025-09-08 15:34:00+02:00,52.41435185185187,55.38784067085959,53.71710526315789,395.0730519480519
2025-09-08 15:35:00+02:00,52.13657407407408,55.13626834381554,53.45394736842104,393.4731701321728
2025-09-08 15:36:00+02:00,51.81681681681681,54.8312883435583,53.19078947368419,390.46868697478993
2025-09-08 15:37:00+02:00,51.45645645645646,54.463190184049125,52.92763157894734,387.71375
2025-09-08 15:38:00+02:00,51.09609609609609,54.09509202453992,52.66447368421049,384.9222924128948
2025-09-08 15:39:00+02:00,50.73573573573574,53.7269938650307,52.40131578947364,383.3986746987952
2025-09-08 15:40:00+02:00,50.37537537537537,53.35889570552149,52.13815789473682,381.830162037037
2025-09-08 15:41:00+02:00,50.019396053878815,52.99200984533999,51.82242990654206,379.18694517543855
2025-09-08 15:42:00+02:00,49.69496021220161,52.63173652694609,51.44859813084114,377.0436842105264
2025-09-08 15:43:00+02:00,49.37665782493372,52.27245508982035,51.07476635514022,376.0392143962849
2025-09-08 15:44:00+02:00,49.058355437665824,51.9131736526946,50.7009345794393,373.5304800221976
2025-09-08 15:45:00+02:00,48.74005305039793,51.55389221556885,50.32710280373834,371.2893923418424
2025-09-08 15:46:00+02:00,48.42175066313001,51.19461077844311,49.96406840912159,368.7594741532977
2025-09-08 15:47:00+02:00,48.10305812489392,50.86005089058524,49.64190981432362,365.505
2025-09-08 15:48:00+02:00,47.76790830945558,50.55470737913485,49.32360742705573,362.1479693280821
2025-09-08 15:49:00+02:00,47.424068767908295,50.24936386768446,49.00530503978784,359.45399301825995
2025-09-08 15:50:00+02:00,47.08022922636102,49.94402035623407,48.68700265251994,357.5948684210526
2025-09-08 15:51:00+02:00,46.73638968481373,49.63867684478368,48.36870026525202,356.29959821428565
2025-09-08 15:52:00+02:00,46.39255014326645,49.33333333333329,48.046883498313946,354.3915625
2025-09-08 15:53:00+02:00,46.04961585692244,49.0185919089289,47.68138801261831,352.25760571796286
2025-09-08 15:54:00+02:00,45.717032967032985,48.620209059233424,47.30283911671928,349.23699706227967
2025-09-08 15:55:00+02:00,45.38736263736268,48.202090592334464,46.92429022082023,346.95209010487633
2025-09-08 15:56:00+02:00,45.05769230769237,47.783972125435525,46.54574132492116,346.9408461538462
2025-09-08 15:57:00+02:00,44.72802197802202,47.36585365853657,46.167250026583496,343.76893065998325
2025-09-08 15:58:00+02:00,44.39835164835167,46.961403154404216,45.81179775280899,339.4716129032258
2025-09-08 15:59:00+02:00,44.06499597963013,46.608695652173935,45.47471910112362,338.5040438596492
2025-09-08 16:02:00+02:00,42.8327526132404,45.56521739130438,44.46348314606745,333.7315074750831
2025-09-08 16:03:00+02:00,42.414634146341456,45.21739130434784,44.12649306609982,330.20196428571427
2025-09-08 16:04:00+02:00,42.01422288227566,44.886087201746015,43.79729729729732,325.7328442229605
2025-09-08 16:05:00+02:00,41.7166276346604,44.58121827411171,43.47297297297302,323.837532481712
2025-09-08 16:06:00+02:00,41.43559718969549,44.27664974619292,43.148648648648695,323.13563380281687
2025-09-08 16:07:00+02:00,41.154566744730616,43.97208121827413,42.82432432432436,322.3532562539415
2025-09-08 16:08:00+02:00,40.87353629976576,43.66751269035535,42.50000000000002,320.83790588980554
2025-09-08 16:09:00+02:00,40.592505854800905,43.36294416243656,42.17567567567568,317.38240702851186
2025-09-08 16:10:00+02:00,40.31147540983605,43.05441931014845,41.841954022988496,314.8560538720539
2025-09-08 16:11:00+02:00,40.02195614129076,42.68608414239483,41.49712643678158,311.3996816134316
2025-09-08 16:12:00+02:00,39.65032679738562,42.29773462783175,41.15229885057466,308.38929846513184
2025-09-08 16:13:00+02:00,39.25816993464052,41.909385113268655,40.80747126436777,307.320925925926
2025-09-08 16:14:00+02:00,38.866013071895416,41.52103559870554,40.46264367816089,305.77479272556684
2025-09-08 16:15:00+02:00,38.47385620915032,41.13149206597768,40.11768856695912,303.4979143126177
2025-09-08 16:16:00+02:00,38.08302420067126,40.68145161290323,39.7662721893491,298.732963633041
2025-09-08 16:17:00+02:00,37.71471471471472,40.19758064516131,39.41124260355027,296.9311979166667
2025-09-08 16:18:00+02:00,37.35435435435436,39.71370967741939,39.05621301775144,294.1925505050505
2025-09-08 16:19:00+02:00,36.993993993994,39.22983870967743,38.70118343195261,291.72775252525247
2025-09-08 16:20:00+02:00,36.63363363363364,38.64406779661015,38.34615384615382,289.45097953216373
2025-09-08 16:21:00+02:00,36.27327327327328,37.966101694915245,37.23312264658418,286.51735294117645
2025-09-08 16:22:00+02:00,33.33209748209748,37.26224105461393,27.36111111111111,282.8152559912854
2025-09-08 16:23:00+02:00,20.9712962962963,30.5715811965812,15.548433048433049,278.6843914232359
2025-09-08 16:43:00+02:00,29.636513491580445,30.650423728813568,28.963963963963963,231.25719444444448
2025-09-08 16:44:00+02:00,29.617924528301888,30.39618644067799,29.804054054054053,228.24854166666665
2025-09-08 16:45:00+02:00,29.051886792452837,30.1419491525424,29.23333333333333,224.4970908045977
2025-09-08 16:46:00+02:00,28.48584905660377,29.88771186440681,28.433333333333337,221.16678611111112
2025-09-08 16:47:00+02:00,27.955289205072688,29.633474576271222,25.624523264683447,219.65729166666665
2025-09-08 16:48:00+02:00,27.550819672131155,29.379237288135613,20.040233475101896,217.92945363965745
2025-09-08 16:49:00+02:00,27.15737704918034,29.125000000000004,19.23611111111111,214.54654451345755
2025-09-08 16:50:00+02:00,26.763934426229525,28.7797833935018,24.08333333333333,211.2513146441372
2025-09-08 16:51:00+02:00,26.3704918032787,28.346570397111904,27.80413105413105,208.04513632872505
2025-09-08 16:52:00+02:00,25.979551156476617,27.91335740072201,27.2948717948718,204.1781111111111
2025-09-08 16:53:00+02:00,25.600628930817624,27.480144404332112,26.782051282051285,201.5454098360656
2025-09-08 16:54:00+02:00,25.2232704402516,27.05484091720553,26.269230769230774,199.06480453688496
2025-09-08 16:55:00+02:00,24.845911949685554,26.706043956043956,24.24727668845316,197.01185714285717
2025-09-08 16:56:00+02:00,24.468553459119505,26.37637362637362,19.51136363636364,195.86881746031747
2025-09-08 16:57:00+02:00,23.995665476797555,26.04670329670329,14.565277777777778,193.33219782282285
2025-09-08 16:58:00+02:00,21.32625482625483,25.717032967032967,12.02659456197192,190.7040856481481
2025-09-08 16:59:00+02:00,16.962301587301585,25.38736263736264,11.865351629502582,189.0984628378378
2025-09-08 17:00:00+02:00,12.93206502154893,24.90392040392041,11.762435677530034,186.50356185390456
2025-09-08 17:01:00+02:00,11.920240137221276,22.01217217217217,11.65951972555748,183.47437217145125
2025-09-08 17:02:00+02:00,11.817324185248728,17.341944444444444,11.556603773584923,180.81318292682928
2025-09-08 17:03:00+02:00,11.714408233276176,13.160526315789475,11.453687821612364,177.33033333333333
2025-09-08 18:18:00+02:00,3.809075342465752,3.884479717813049,3.915094339622643,20.406513157894736
2025-09-08 18:19:00+02:00,3.7063356164383534,3.778659611992941,3.812178387650089,20.006666666666664
2025-09-08 18:20:00+02:00,3.6035958904109577,3.6728395061728354,3.709262435677533,19.606666666666666
2025-09-08 18:21:00+02:00,3.5008561643835603,3.5670194003527302,3.606346483704977,19.206666666666667
2025-09-08 18:22:00+02:00,3.3981164383561637,3.461199294532625,3.503430531732421,18.842417582417585
2025-09-08 18:23:00+02:00,3.2953767123287663,3.35537918871252,3.4005145797598644,18.512747252747253
2025-09-08 18:24:00+02:00,3.1926369863013697,3.2495590828924144,3.2975986277873086,18.18307692307692
2025-09-08 18:25:00+02:00,3.0898972602739723,3.1437389770723096,3.1946826758147524,17.853406593406593
2025-09-08 18:26:00+02:00,3.0071347031963467,3.0379436617723097,3.091766723842196,17.243959755958127
2025-09-08 18:27:00+02:00,3.0,2.933734939759036,2.988069968553458,15.993364668072472
2025-09-08 18:28:00+02:00,3.0,2.830464716006885,2.881249999999998,14.793794027568648
2025-09-08 18:29:00+02:00,3.0,2.7271944922547338,2.77410714285714,13.636768739917944
2025-09-08 18:30:00+02:00,3.0,2.6239242685025825,2.666964285714283,12.510642495987538
2025-09-08 18:31:00+02:00,3.0,2.5206540447504318,2.5598214285714267,11.443335472569784
2025-09-08 18:32:00+02:00,3.0,2.41738382099828,2.45267857142857,10.434156474163071
2025-09-09 06:36:00+02:00,2.159482758620693,2.4849999999999994,2.1792452830188647,10.799847905865573
2025-09-09 06:37:00+02:00,2.262931034482762,2.9828944348823865,2.2821612349914204,11.832718583172964
2025-09-09 06:38:00+02:00,2.3663793103448305,3.1179001721170394,2.3850771869639766,12.92417350209774
2025-09-09 06:39:00+02:00,2.469827586206899,3.22117039586919,2.487993138936533,14.074861095463143
2025-09-09 06:40:00+02:00,2.5732758620689675,3.324440619621342,2.590909090909089,15.245909485251843
2025-09-09 06:41:00+02:00,2.676724137931036,3.427710843373493,2.6938250428816453,16.466902381606214
2025-09-09 06:42:00+02:00,2.7801724137931045,3.5309810671256443,2.796740994854201,17.738958570618095
2025-09-09 06:43:00+02:00,2.8836206896551726,3.634251290877796,2.8996569468267577,19.0617743587926
2025-09-09 06:44:00+02:00,3.030698065601346,3.7375215146299463,3.147075801556934,20.434988687725777
2025-09-09 06:45:00+02:00,3.6402439024390247,3.840791738382098,3.955029077451758,21.85818815176278
2025-09-09 06:46:00+02:00,4.052315608919384,3.9440619621342496,4.119415807560137,23.330911782227407
2025-09-09 06:47:00+02:00,4.155231560891942,4.071059431524547,4.222508591065291,24.852656643002607
2025-09-09 06:48:00+02:00,4.258147512864501,4.226098191214466,4.325601374570446,26.03905109489051
2025-09-09 06:49:00+02:00,4.36106346483706,4.381136950904385,4.4286941580756,26.709560785300777
2025-09-09 06:50:00+02:00,4.463979416809617,4.53617571059431,4.531786941580754,27.548793103448265
2025-09-09 06:51:00+02:00,4.566895368782171,4.691214470284234,4.634879725085908,28.43767483080889
2025-09-09 06:52:00+02:00,4.669811320754724,4.846253229974159,4.737972508591063,29.31967289719626
2025-09-09 06:53:00+02:00,4.772727272727278,4.994559460333923,4.841065292096217,30.227726564712544
2025-09-09 06:54:00+02:00,4.875643224699831,5.103773584905663,4.944158075601372,31.238686868686877
2025-09-09 06:55:00+02:00,4.983167809159887,5.206689536878222,5.094827586206899,32.16421296296297
2025-09-09 06:56:00+02:00,5.169039145907473,5.3096054888507815,5.301724137931037,33.047570341659494
2025-09-09 06:57:00+02:00,5.382562277580072,5.41252144082334,5.508620689655174,34.058255813953494
2025-09-09 06:58:00+02:00,5.59608540925267,5.515437392795893,5.715517241379312,35.31769411615199
2025-09-09 06:59:00+02:00,5.809608540925269,5.618353344768448,5.922558289166612,37.04924739195231
2025-09-09 07:00:00+02:00,6.026564769371615,5.721269296741,6.142314990512332,38.67681818181818
2025-09-09 07:01:00+02:00,6.257253384912963,5.824185248713555,6.370018975332063,40.17408854166666
2025-09-09 07:02:00+02:00,6.489361702127664,5.927101200686107,6.597722960151798,41.71632812499999
2025-09-09 07:03:00+02:00,6.721470019342367,6.158112327923647,6.825426944971533,42.92670212765958
2025-09-09 07:04:00+02:00,6.953578336557071,6.662393162393161,7.053130929791268,43.91826290386131
2025-09-09 07:05:00+02:00,7.1856866537717705,7.092888809010304,7.280834914611003,45.17612339743589
2025-09-09 07:06:00+02:00,7.417794970986467,7.376168224299067,7.508538899430738,46.59633603238867
2025-09-09 07:09:00+02:00,8.139479905437353,8.217289719626168,8.230593607305936,54.032913343965966
2025-09-09 07:10:00+02:00,8.423167848699768,8.497663551401867,8.504566210045661,55.74785469107551
2025-09-09 07:11:00+02:00,8.706855791962182,8.778037383177569,8.778538812785387,57.18876811594203
2025-09-09 07:12:00+02:00,8.990543735224596,9.105505257009346,9.052511415525112,58.97607558139535
2025-09-09 07:13:00+02:00,9.274231678487013,9.56640625,9.326484018264836,61.154184782608695
2025-09-09 07:14:00+02:00,9.557919621749422,10.03515625,9.600456621004565,62.809493586540064
2025-09-09 07:18:00+02:00,10.572265625,11.460474308300403,10.6237218813906,71.15100719424457
2025-09-09 07:19:00+02:00,10.806640625,11.697628458498036,10.869120654396736,71.79848920863306
2025-09-09 07:20:00+02:00,11.041015625,11.934782608695668,11.114519427402874,72.46825504041212
2025-09-09 07:21:00+02:00,11.275390625,12.1719367588933,11.35991820040901,73.16596296296298
2025-09-09 07:50:00+02:00,27.124183006535947,27.77910539215686,27.48230286738351,194.8171237640275
2025-09-09 07:51:00+02:00,29.055555555555557,29.86458333333334,29.27956989247312,198.16277986243736
2025-09-09 07:52:00+02:00,30.52369281045752,31.19160798122066,30.747034176384474,201.51821448673843
2025-09-09 07:53:00+02:00,32.226172747580044,32.81175223383311,32.48976672535211,204.88305308495447
2025-09-09 07:54:00+02:00,33.72235666418465,34.1720430107527,34.16292032163744,208.2569271012677
2025-09-09 07:55:00+02:00,34.742647058823515,35.36494807462549,35.25438596491229,211.6394761522589
2025-09-09 07:56:00+02:00,35.626424988600085,36.39316239316239,36.28294822421908,215.0303388226639
2025-09-09 07:57:00+02:00,36.80232558139536,37.5582264957265,37.260162601626014,218.4291661530653
2025-09-09 07:58:00+02:00,37.71013586730016,38.69322858211747,37.73324544056252,221.8356124823303
2025-09-09 07:59:00+02:00,36.63440860215052,37.7283950617284,36.74774774774775,225.2493375622339
2025-09-09 08:00:00+02:00,36.473333333333336,37.473333333333336,36.36372241807025,228.67000647142208
2025-09-09 08:01:00+02:00,37.27333333333333,38.27333333333333,37.21014492753624,232.09728950013687
2025-09-09 08:02:00+02:00,37.75517241379311,38.75517241379311,37.74937531234382,235.5308620358371
2025-09-09 08:03:00+02:00,36.59722222222222,37.55555555555555,36.55555555555555,238.97040448424477
2025-09-09 08:04:00+02:00,35.5669376693767,36.66623614250349,35.12543859649123,242.41560212692525
2025-09-09 08:05:00+02:00,34.837398373983746,36.12269938650304,33.718750000000014,245.53194785335825
2025-09-09 08:10:00+02:00,34.0,33.93350383631713,32.48596112311012,244.49750000000012
2025-09-09 08:11:00+02:00,34.0,33.62659846547314,32.74514038876885,244.80434523809527
2025-09-09 08:12:00+02:00,34.0,33.319693094629145,33.00431965442758,245.71357142857144
2025-09-09 08:13:00+02:00,34.0,33.119543358034406,33.26349892008633,246.85973958333335
2025-09-09 08:14:00+02:00,34.0,33.53418803418804,33.52267818574509,248.01788194444444
2025-09-09 08:15:00+02:00,34.0,34.04700854700855,33.781857451403866,250.76109330686327
2025-09-09 08:16:00+02:00,34.288990825688074,34.55982905982906,34.08929888018596,253.58738223514212
2025-09-09 08:17:00+02:00,34.83944954128441,35.0553317053317,34.55823293172689,257.59121111111114
2025-09-09 08:18:00+02:00,35.389908256880744,35.48928571428571,35.04016064257027,261.6103125
2025-09-09 08:19:00+02:00,35.93412533448013,35.91785714285712,35.52208835341365,265.33258101065843
2025-09-09 08:20:00+02:00,36.41796875,36.34642857142853,36.00161262811865,269.00639336917567
2025-09-09 08:21:00+02:00,36.88671875,36.774999999999984,36.467181467181454,271.1045596405229
2025-09-09 08:22:00+02:00,37.35546875,37.26388888888889,36.93050193050191,274.42346464646465
2025-09-09 08:23:00+02:00,37.82437884221312,37.819444444444464,37.39382239382237,278.70745388669303
2025-09-09 08:24:00+02:00,38.30737704918032,38.37500000000003,37.85530345319501,283.2332226247987
2025-09-09 08:25:00+02:00,38.799180327868825,38.92571350027491,38.24999999999999,287.2795242133032
2025-09-09 08:26:00+02:00,39.29098360655734,39.4251012145749,38.61144578313252,289.9761475409836
2025-09-09 08:27:00+02:00,39.7821038251366,39.91093117408908,38.97289156626504,293.75675063131314
2025-09-09 08:28:00+02:00,39.71016949152541,40.396761133603256,39.334337349397565,298.3056249999999
2025-09-09 08:29:00+02:00,39.099999999999966,40.85169087878067,39.69578313253009,300.2368666056166
2025-09-09 08:30:00+02:00,38.48983050847455,40.35026737967916,39.78189579510093,305.13826770451766
2025-09-09 08:31:00+02:00,37.879661016949136,39.38770053475938,38.71854304635763,308.7499639423076
2025-09-09 08:53:00+02:00,51.05086206896553,50.23432343234322,50.481763788355146,384.7143068376069
2025-09-09 08:54:00+02:00,51.15431034482762,50.630363036303606,51.088487972508574,384.3443436467813
2025-09-09 08:55:00+02:00,51.257758620689714,51.026402640264,51.19158075601371,382.1460144927536
2025-09-09 08:56:00+02:00,51.361206896551806,51.42244224422441,51.29467353951884,382.9238466783557
2025-09-09 08:57:00+02:00,51.46465517241389,51.81848184818481,51.39776632302397,384.4810895883777
2025-09-09 08:58:00+02:00,51.56810344827594,52.15776699029124,51.50085910652911,385.8052976190476
2025-09-09 08:59:00+02:00,51.67155172413799,52.44902912621355,51.60395189003429,386.9677976190477
2025-09-09 09:00:00+02:00,51.77500000000004,52.74029126213589,51.70704467353946,388.0500198412697
2025-09-09 09:01:00+02:00,51.87844827586209,53.03155339805823,51.81013745704464,389.1831881313131
2025-09-09 09:02:00+02:00,52.23147341164583,53.32281553398056,51.91323024054981,391.2334898989898
2025-09-09 09:03:00+02:00,53.22252747252745,53.614077669902905,52.379844840154114,393.72395454545455
2025-09-09 09:04:00+02:00,53.55219780219776,53.90629803056772,53.221212121212126,397.2600297619047
2025-09-09 09:05:00+02:00,53.88186813186807,54.23893805309736,53.5848484848485,399.7610863095238
2025-09-09 09:06:00+02:00,54.21153846153842,54.59292035398234,53.94848484848488,403.424417868729
2025-09-09 09:07:00+02:00,54.54120879120876,54.94690265486731,54.31212121212125,404.4571532846715
2025-09-09 09:08:00+02:00,54.87075264888564,55.30088495575225,54.67575757575761,405.3692323600974
2025-09-09 09:09:00+02:00,55.18670076726343,55.65486725663718,55.02550747863248,408.8635560344828
2025-09-09 09:10:00+02:00,55.493606138107424,55.99717250684551,55.31971153846152,408.79257716049386
2025-09-09 09:14:00+02:00,56.72122762148339,57.08295964125562,56.47355769230765,418.6001079734219
2025-09-09 09:15:00+02:00,57.01817455242968,57.35201793721975,56.762019230769205,420.0782475083056
2025-09-09 09:16:00+02:00,57.2729166666667,57.62107623318388,57.04551638176639,422.3846715167549
2025-09-09 09:17:00+02:00,57.52291666666673,57.891029581947066,57.31333333333334,422.231095959596
2025-09-09 09:18:00+02:00,57.77291666666673,58.28629032258064,57.580000000000005,419.61716666666666
2025-09-09 09:19:00+02:00,58.02291666666672,58.77016129032256,57.84666666666667,422.0279637681159
2025-09-09 09:20:00+02:00,58.27291666666671,59.25403225806448,58.11333333333334,424.0844857195944
2025-09-09 09:21:00+02:00,58.522916666666696,59.737903225806434,58.38,427.544081326871
2025-09-09 09:22:00+02:00,58.77291666666668,60.12359550561797,58.64666666666667,431.7630013550136
2025-09-09 09:23:00+02:00,59.067774261603375,60.39325842696627,58.915154221745865,434.8426644736842
2025-09-09 09:24:00+02:00,59.55274261603373,60.66292134831457,59.26045016077173,437.3993728070175
2025-09-09 09:25:00+02:00,60.05907172995777,60.93258426966287,59.64630225080389,441.1587932692307
2025-09-09 09:26:00+02:00,60.56540084388183,61.20224719101117,60.03215434083604,443.2067594268476
2025-09-09 09:27:00+02:00,61.05638021228586,61.471910112359495,60.41800643086818,445.7568470942594
2025-09-09 09:28:00+02:00,61.49280575539569,61.74157303370784,60.80385852090033,447.1848472961613
2025-09-09 09:29:00+02:00,61.92446043165469,62.02642724631593,61.169540229885065,449.1022107649554
2025-09-09 09:30:00+02:00,62.356115107913695,62.38940809968846,61.51436781609198,451.835291147696
2025-09-09 09:31:00+02:00,62.787769784172674,62.76323987538938,61.8591954022989,455.6817993895672
2025-09-09 09:32:00+02:00,63.11111111111112,63.1370716510903,62.20402298850579,457.9204488279017
2025-09-09 09:33:00+02:00,63.329690346083794,63.51090342679124,62.548850574712674,459.45028169014086
2025-09-09 09:34:00+02:00,63.54826958105647,63.88443387479601,62.893521201584086,461.0756995305164
2025-09-09 09:35:00+02:00,63.766848816029146,64.24702380952378,63.23249299719888,463.5348333333333
2025-09-09 09:36:00+02:00,63.98542805100183,64.60416666666664,63.56862745098039,464.5613043478261
2025-09-09 09:37:00+02:00,64.2040072859745,64.9613095238095,63.90476190476191,465.5069565217392
2025-09-09 09:38:00+02:00,64.42258652094718,65.31845238095237,64.24089635854342,466.7016483516484
2025-09-09 09:39:00+02:00,64.64116575591986,65.67559523809523,64.57703081232494,467.6563186813187
2025-09-09 09:40:00+02:00,64.85974499089254,65.88364591646715,64.90637339273059,471.0826423611111
2025-09-09 09:41:00+02:00,65.03594963674811,65.32402234636866,65.07659208261613,475.530859375
2025-09-09 09:42:00+02:00,65.14051724137934,64.65363128491616,65.17986230636825,477.1204545454545
2025-09-09 09:43:00+02:00,65.24396551724143,64.14937528310433,65.28313253012041,475.5002173913044
2025-09-09 09:44:00+02:00,65.34741379310353,64.44932432432438,65.38640275387257,476.4182966964729
2025-09-09 09:45:00+02:00,65.45086206896562,64.85472972972978,65.48967297762474,478.08915593286497
2025-09-09 09:46:00+02:00,65.55431034482771,65.26013513513517,65.5929432013769,479.28740196078434
2025-09-09 09:47:00+02:00,65.6577586206898,65.66554054054056,65.69621342512906,480.9737140081258
2025-09-09 09:48:00+02:00,65.76120689655187,66.04886924199262,65.79948364888122,483.1268275418276
2025-09-09 09:49:00+02:00,65.86465517241388,66.36246786632383,65.90275387263338,485.9175340136055
2025-09-09 09:50:00+02:00,66.02642081736911,66.67095115681225,66.04329317269075,487.89369791666667
2025-09-09 09:51:00+02:00,67.10725105052282,66.9794344473007,66.3628571428571,488.16918836805553
2025-09-09 09:52:00+02:00,67.44063324538259,67.28791773778916,66.70571428571425,491.8392994204261
2025-09-09 09:53:00+02:00,67.75725593667546,67.59640102827761,67.02302541417295,494.0360066324348
2025-09-09 09:54:00+02:00,68.07387862796834,67.90419436145656,67.24954462659379,496.0105821513002
2025-09-09 09:55:00+02:00,68.39050131926122,68.18693693693693,67.46812386156647,498.32566036249017
2025-09-09 09:56:00+02:00,68.7071240105541,68.45720720720719,67.68670309653915,499.8779333785005
2025-09-09 10:01:00+02:00,70.24111675126913,69.80855855855852,68.77959927140255,507.93313351933966
2025-09-09 10:02:00+02:00,70.54568527918788,70.50112612612611,68.98422389348956,510.9556454425204
2025-09-09 10:03:00+02:00,70.85025380710663,71.84234234234235,69.10223367697593,513.7348831569665
2025-09-09 10:04:00+02:00,71.0523156089194,72.0,69.20532646048106,516.2195519943019
2025-09-09 10:05:00+02:00,71.15523156089199,72.0,69.3084192439862,516.9604999999998
2025-09-09 10:06:00+02:00,71.25814751286458,72.0,69.41151202749133,517.4311149710504
2025-09-09 10:08:00+02:00,71.46397941680976,72.0,69.61769759450159,519.0553705357144
2025-09-09 10:09:00+02:00,71.56689536878235,72.0,69.72079037800673,519.7560476190476
2025-09-09 10:10:00+02:00,71.66981132075487,72.0,69.82388316151192,523.6788095238095
2025-09-09 10:11:00+02:00,71.77272727272738,72.0,69.92697594501713,525.8090865384615
2025-09-09 10:13:00+02:00,71.99763549798818,72.07986738999396,71.0,528.6669420234937
2025-09-09 10:14:00+02:00,72.44392523364488,72.29475587703429,71.0,528.0750789835164
2025-09-09 10:15:00+02:00,72.96487456960158,72.51175406871597,71.0,530.7284027777778
2025-09-09 10:16:00+02:00,73.25473684210532,72.72875226039766,71.0,532.6490165165167
2025-09-09 10:17:00+02:00,73.50736842105269,72.94575045207941,71.0,533.6667117117119
2025-09-09 10:18:00+02:00,73.76000000000005,73.16274864376118,71.0,533.6184595959596
2025-09-09 10:19:00+02:00,74.0126315789474,73.37974683544294,71.0,532.7552461149961
2025-09-09 10:20:00+02:00,74.26526315789476,73.59674502712471,71.0,531.5378736710444
2025-09-09 10:21:00+02:00,74.51789473684212,73.81374321880648,71.0,533.6031595959596
2025-09-09 10:22:00+02:00,74.77052631578948,74.04444985942426,72.18693407169049,539.1589588319089
2025-09-09 10:23:00+02:00,74.99698860553445,74.32387706855785,73.0731497418244,544.0451212335215
2025-09-09 10:24:00+02:00,75.11254295532645,74.60756501182023,73.1764199655765,545.817531779661
2025-09-09 10:25:00+02:00,75.21563573883158,74.89125295508265,73.27969018932866,543.6174236111111
2025-09-09 10:26:00+02:00,75.31872852233671,75.17494089834508,73.38296041308082,548.3723611111113
2025-09-09 10:27:00+02:00,75.42182130584185,75.45862884160752,73.48623063683299,549.2908843537416
2025-09-09 10:28:00+02:00,75.52491408934698,75.74231678486996,73.58950086058515,550.240969387755
2025-09-09 10:29:00+02:00,75.62800687285211,76.0275788502566,73.69277108433731,551.2134568733153
2025-09-09 10:30:00+02:00,75.73109965635724,76.319512195122,73.79604130808947,552.2236320754715
2025-09-09 10:31:00+02:00,75.83419243986243,76.61219512195127,73.89931153184163,554.7734682914046
2025-09-09 10:32:00+02:00,75.93728522336765,76.90487804878053,74.5276774927818,556.7969848975189
2025-09-09 10:33:00+02:00,76.4250225004091,77.19756097560979,75.32249322493224,558.1310194174756
2025-09-09 10:34:00+02:00,77.09482758620692,77.49024390243905,75.64769647696475,558.2063129798845
2025-09-09 10:35:00+02:00,77.3017241379311,77.7829268292683,75.97289972899726,557.9841346153846
2025-09-09 10:36:00+02:00,77.50862068965529,78.02105175082626,76.29810298102977,562.0059549071617
2025-09-09 10:37:00+02:00,77.71551724137947,78.12950257289884,76.62330623306228,561.1460513024987
2025-09-09 10:45:00+02:00,79.0,78.95283018867927,77.70291095890424,566.3248028673835
2025-09-09 10:46:00+02:00,79.0,79.22260273972601,77.80565068493159,570.7121527777778
2025-09-09 10:47:00+02:00,79.0,79.63356164383559,77.90839041095894,573.32050477679
2025-09-09 10:48:00+02:00,79.0,79.9876508340002,78.06319883503103,574.4448214756259
2025-09-09 10:49:00+02:00,79.0,80.11426116838486,78.42628205128209,572.3148161616161
2025-09-09 10:50:00+02:00,79.0,80.21735395188999,78.81089743589746,573.9795666666666
2025-09-09 10:51:00+02:00,79.0,80.32044673539512,79.12448979591834,576.521811594203
2025-09-09 10:52:00+02:00,79.0,80.42353951890026,79.36938775510195,577.109678475577
2025-09-09 10:53:00+02:00,79.06535947712419,80.52663230240539,79.61428571428557,577.9472261904762
2025-09-09 10:54:00+02:00,79.37815126050421,80.62972508591052,79.85918367346925,579.3943162578163
2025-09-09 10:55:00+02:00,79.71428571428572,80.73281786941567,80.10408163265295,578.2882944355839
2025-09-09 10:56:00+02:00,80.05042016806723,80.83591065292086,80.34897959183665,578.1342867867868
2025-09-09 10:57:00+02:00,80.38655462184875,80.93900343642608,80.59387755102036,580.3575446428571
2025-09-09 10:58:00+02:00,80.72268907563026,81.42629458466644,80.83877551020406,584.2996369047619
2025-09-09 10:59:00+02:00,81.00574181562659,82.04439655172415,80.9969387755102,589.8141675266598
2025-09-09 11:00:00+02:00,81.12113402061853,82.14913793103452,81.0,591.4676068826575
2025-09-09 11:01:00+02:00,81.22422680412366,82.25258620689661,81.0,590.4093981481484
2025-09-09 11:02:00+02:00,81.32731958762879,82.3560344827587,81.0,589.752739197531
2025-09-09 11:03:00+02:00,81.43041237113393,82.4594827586208,81.0,590.5543577569916
2025-09-09 11:04:00+02:00,81.53350515463906,82.56293103448289,81.0,588.4266858813702
2025-09-09 11:09:00+02:00,82.96013986013988,83.97323857642549,82.82577319587628,603.1813141025641
2025-09-09 11:10:00+02:00,83.27447552447556,84.12994836488805,83.12457044673538,603.627037037037
2025-09-09 11:11:00+02:00,83.4842657342658,84.2332185886402,83.22766323024051,603.2673076923077
2025-09-09 11:12:00+02:00,83.69405594405605,84.33648881239236,83.33075601374564,605.1987019230769
2025-09-09 11:13:00+02:00,83.90384615384629,84.43975903614452,83.43384879725077,603.7856469886702
2025-09-09 11:16:00+02:00,84.5332167832169,84.74956970740101,83.74312714776617,604.5540615942028
2025-09-09 11:17:00+02:00,84.74300699300706,84.85283993115317,83.84621993127139,603.9662721961091
2025-09-09 11:18:00+02:00,84.94493006993008,84.95670981799539,83.94931271477661,606.0465285390286
2025-09-09 11:19:00+02:00,85.0,85.18351063829785,84.1548223350254,604.7793402777778
2025-09-09 11:20:00+02:00,85.0,85.50265957446804,84.45939086294422,608.7796678403755
2025-09-09 11:21:00+02:00,85.0,85.82180851063828,84.76395939086298,610.8067433339352
2025-09-09 11:22:00+02:00,85.0,85.90291195276008,84.93226208963989,614.2521507252326
2025-09-09 11:23:00+02:00,85.0,85.64332603938739,84.68721461187222,615.7543373493977
2025-09-09 11:24:00+02:00,85.0,85.38074398249462,84.41324200913253,614.735806798623
2025-09-09 11:25:00+02:00,85.0,85.11816192560183,84.13926940639278,615.0584453038116
2025-09-09 11:26:00+02:00,85.0,84.85557986870903,83.86529680365304,615.2046178343951
2025-09-09 11:27:00+02:00,85.0,84.59299781181623,83.59132420091329,614.520541401274
2025-09-09 11:28:00+02:00,84.76760563380282,84.33041575492344,83.31735159817354,612.6415635521886
2025-09-09 11:29:00+02:00,83.18076671952242,84.16115624032054,82.87393026701746,608.903625
2025-09-09 11:30:00+02:00,80.32450331125827,85.34703196347031,80.32450331125827,607.3269355158731
2025-09-09 12:34:00+02:00,96.26951058201058,100.65065789473684,97.74247685185183,735.3150694444445
2025-09-09 12:35:00+02:00,96.54166666666669,100.6615890083632,98.66113339275104,729.6103472222222
2025-09-09 12:36:00+02:00,96.79876615746184,100.48684210526316,100.27573529411764,725.1925961538462
2025-09-09 12:37:00+02:00,97.88215347454478,102.37957875457876,100.60267857142856,726.0164420485175
2025-09-09 14:45:00+02:00,71.43582375478927,74.12308201058201,73.06810035842294,541.4847301587301
2025-09-09 14:46:00+02:00,73.16091954022988,75.89466945996277,75.93121442125238,538.407470103426
2025-09-09 14:47:00+02:00,72.92462883141764,76.74301675977658,74.45588235294119,536.7743277310924
2025-09-09 14:48:00+02:00,73.23958333333336,77.41340782122909,75.07459893048129,538.3715257064365
2025-09-09 15:29:00+02:00,54.38793103448271,55.94174757281551,55.4955223880597,406.7806485109718
2025-09-09 15:30:00+02:00,54.04310344827581,54.77669902912618,55.13731343283581,407.4336848484849
2025-09-09 15:31:00+02:00,53.698275862068925,53.61165048543688,54.77910447761192,407.1909035353535
2025-09-09 15:32:00+02:00,53.35344827586204,52.44660194174756,54.42089552238804,404.3233967391304
2025-09-09 15:33:00+02:00,52.42204110377727,52.63705501618123,54.02345250491727,400.70455533596834
2025-09-09 15:37:00+02:00,51.62865497076023,54.6197604790419,52.629526462395575,397.904121838619
2025-09-09 15:38:00+02:00,51.27777777777775,54.26047904191615,52.29526462395549,395.06221970863817
2025-09-09 15:39:00+02:00,50.9269005847953,53.90119760479041,51.96100278551537,391.6088775510204
2025-09-09 15:40:00+02:00,50.57602339181283,53.54191616766466,51.62674094707524,389.4409680088252
2025-09-09 15:41:00+02:00,50.2251461988304,53.18263473053892,51.29247910863511,387.8197972972973
2025-09-09 16:44:00+02:00,26.14795286005916,29.505649717514107,21.50492650032337,219.03845880681817
2025-09-09 16:45:00+02:00,26.21428571428572,29.166666666666654,21.901639344262293,217.28096966911767
2025-09-09 16:46:00+02:00,25.165714285714287,28.8276836158192,16.73597670250896,214.33865527292
2025-09-09 16:47:00+02:00,21.350555555555555,28.488700564971747,13.33088148410729,211.71205524205524
2025-09-09 16:48:00+02:00,16.405381944444443,28.149787682891496,13.917582417582414,208.6705183150183
2025-09-09 16:49:00+02:00,16.666819852941178,27.83894230769232,14.576923076923071,203.9744184981685
2025-09-09 16:50:00+02:00,22.03313840155945,27.550480769230777,17.542200854700855,199.14655172413796
2025-09-09 16:51:00+02:00,24.78764478764479,27.26201923076924,24.58815789473684,197.61722870182555
2025-09-09 16:52:00+02:00,24.324324324324333,26.973557692307697,25.350529100529094,196.7957720588236
2025-09-09 16:53:00+02:00,23.86100386100388,26.68509615384616,20.8240231990232,195.91457390648569
2025-09-09 16:54:00+02:00,23.39768339768341,26.396634615384617,15.692460317460316,194.0910201802211
2025-09-09 16:55:00+02:00,22.23102192053805,26.104181078214356,12.89915210688592,192.06922535211268
2025-09-09 16:56:00+02:00,18.07936507936508,25.460431654676253,12.594724220623505,190.0775019033118
2025-09-09 16:57:00+02:00,13.652173913043478,24.59712230215827,12.306954436450845,187.38700044208665
2025-09-09 16:58:00+02:00,11.199275362318838,22.73486556377018,12.019184652278184,184.04606612685564
2025-09-09 16:59:00+02:00,11.0,18.415476190476188,11.731414868105524,180.93919250104736
2025-09-09 17:00:00+02:00,11.0,13.88307915758896,11.443645083932864,176.626121031746
2025-09-09 18:14:00+02:00,4.279690189328746,4.557655954631385,4.436535162950248,23.104860335195536
2025-09-09 18:15:00+02:00,4.176419965576595,4.330812854442347,4.333619210977695,22.55513966480448
2025-09-09 18:16:00+02:00,4.073149741824444,4.103969754253309,4.230703259005141,22.01915857115337
2025-09-09 18:17:00+02:00,3.966369020246745,3.9441580756013743,4.1277873070325874,21.56295566502462
2025-09-09 18:18:00+02:00,3.852099236641221,3.84106529209622,4.024203526136715,21.11960591133004
2025-09-09 18:19:00+02:00,3.7375954198473273,3.7379725085910662,3.9067622950819674,20.677512817935053
2025-09-09 18:20:00+02:00,3.623091603053435,3.634879725085912,3.783811475409834,20.34600583090378
2025-09-09 18:21:00+02:00,3.5085877862595414,3.531786941580758,3.660860655737702,20.083615160349847
2025-09-09 18:22:00+02:00,3.394083969465649,3.428694158075603,3.5379098360655696,19.821224489795917
2025-09-09 18:23:00+02:00,3.2795801526717554,3.3256013745704487,3.4149590163934374,18.59845064515095
2025-09-09 18:24:00+02:00,3.165076335877862,3.2225085910652957,3.292008196721308,17.286115741534868
2025-09-09 18:25:00+02:00,3.050588121296528,3.11941580756014,3.169057377049178,16.02514767527406
2025-09-09 18:26:00+02:00,2.9423407917383817,3.0158311935512727,3.0462432281820484,14.81584545902211
2025-09-09 18:27:00+02:00,2.839070567986232,2.9061338289962806,2.935456110154905,13.63859368472538
2025-09-09 18:28:00+02:00,2.73580034423408,2.7946096654275068,2.8321858864027543,12.503138809041662
2025-09-09 18:29:00+02:00,2.6325301204819285,2.6830855018587343,2.728915662650603,11.427319250342414
2025-09-09 18:30:00+02:00,2.529259896729777,2.5715613382899614,2.625645438898452,10.41045549424612
