{
  "mse": 1303.8183833049907,
  "mae": 28.418677089559008,
  "rmse": 36.10842537836551,
  "r2": 0.9835958394115132,
  "mape": 18.321531059865137,
  "max_error": 114.08580605295208,
  "bias": -1.2123295974940145,
  "n_samples": 900,
  "coefficients": {
    "params": {
      "feature": 0,
      "threshold": 71.7258071899414,
      "left": {
        "feature": 0,
        "threshold": 32.21401023864746,
        "left": {
          "feature": 0,
          "threshold": 9.983486652374268,
          "left": {
            "value": 23.483192837072323
          },
          "right": {
            "value": 119.46128066342573
          }
        },
        "right": {
          "feature": 0,
          "threshold": 48.5444450378418,
          "left": {
            "value": 223.92235102906776
          },
          "right": {
            "value": 318.0122710646676
          }
        }
      },
      "right": {
        "feature": 0,
        "threshold": 111.11003875732422,
        "left": {
          "feature": 0,
          "threshold": 88.11822128295898,
          "left": {
            "value": 495.5258060529521
          },
          "right": {
            "value": 608.7143449118893
          }
        },
        "right": {
          "feature": 0,
          "threshold": 128.8362579345703,
          "left": {
            "value": 717.3292245622353
          },
          "right": {
            "value": 824.6221231275458
          }
        }
      }
    }
  }
}