{
  "mse": 1377.2326829176234,
  "mae": 29.070886407367734,
  "rmse": 37.11108571461664,
  "r2": 0.982672167851304,
  "mape": 23.56267937331161,
  "max_error": 115.35623130982378,
  "bias": -3.9215559939938163,
  "n_samples": 900,
  "coefficients": {
    "params": {
      "feature": 0,
      "threshold": 70.48214340209961,
      "left": {
        "feature": 0,
        "threshold": 31.1201114654541,
        "left": {
          "feature": 0,
          "threshold": 14.433962345123291,
          "left": {
            "value": 27.693694090921394
          },
          "right": {
            "value": 120.10298651608058
          }
        },
        "right": {
          "feature": 0,
          "threshold": 48.1007194519043,
          "left": {
            "value": 217.40064838134748
          },
          "right": {
            "value": 311.99080842380505
          }
        }
      },
      "right": {
        "feature": 0,
        "threshold": 111.22953033447266,
        "left": {
          "feature": 0,
          "threshold": 90.60219955444336,
          "left": {
            "value": 496.7962313098238
          },
          "right": {
            "value": 610.7097056879682
          }
        },
        "right": {
          "feature": 0,
          "threshold": 128.81944274902344,
          "left": {
            "value": 714.952838670248
          },
          "right": {
            "value": 823.2772589752075
          }
        }
      }
    }
  }
}