{
  "mse": 1242.4977307874474,
  "mae": 28.209145317002204,
  "rmse": 35.24908127579281,
  "r2": 0.9843673531776704,
  "mape": 21.54350454268522,
  "max_error": 102.7634117371743,
  "bias": -1.2007145903269933,
  "n_samples": 900,
  "coefficients": {
    "params": {
      "feature": 0,
      "threshold": 67.90833282470703,
      "left": {
        "feature": 0,
        "threshold": 31.31313133239746,
        "left": {
          "feature": 0,
          "threshold": 20.55677604675293,
          "left": {
            "value": 33.902706050702
          },
          "right": {
            "value": 135.0773150642834
          }
        },
        "right": {
          "feature": 0,
          "threshold": 45.772727966308594,
          "left": {
            "value": 218.53127824864623
          },
          "right": {
            "value": 308.54003591362806
          }
        }
      },
      "right": {
        "feature": 0,
        "threshold": 111.05110931396484,
        "left": {
          "feature": 0,
          "threshold": 89.47509765625,
          "left": {
            "value": 484.2034117371743
          },
          "right": {
            "value": 600.7197880338565
          }
        },
        "right": {
          "feature": 0,
          "threshold": 129.9868392944336,
          "left": {
            "value": 719.432202830406
          },
          "right": {
            "value": 826.9687418652704
          }
        }
      }
    }
  }
}