{
  "mse": 1441.4690848558284,
  "mae": 23.976094346629623,
  "rmse": 37.966683880157724,
  "r2": 0.9765698973212585,
  "mape": 855569727.5614735,
  "max_error": 324.1735885169413,
  "bias": 1.3876689731386311,
  "n_samples": 4100,
  "coefficients": {
    "params": {
      "feature": 0,
      "threshold": 65.17179489135742,
      "left": {
        "feature": 0,
        "threshold": 23.742338180541992,
        "left": {
          "feature": 0,
          "threshold": 7.497680187225342,
          "left": {
            "value": 5.846377619320421
          },
          "right": {
            "value": 75.4315985644803
          }
        },
        "right": {
          "feature": 0,
          "threshold": 43.448678970336914,
          "left": {
            "value": 167.37552338164124
          },
          "right": {
            "value": 289.5884253623019
          }
        }
      },
      "right": {
        "feature": 0,
        "threshold": 108.01702880859375,
        "left": {
          "feature": 0,
          "threshold": 88.18070220947266,
          "left": {
            "value": 448.4565638263933
          },
          "right": {
            "value": 591.3026033458581
          }
        },
        "right": {
          "feature": 0,
          "threshold": 134.85713958740234,
          "left": {
            "value": 721.5885230244506
          },
          "right": {
            "value": 869.2685885169413
          }
        }
      }
    }
  }
}