{
  "mse": 1217.9762392553996,
  "mae": 23.09460288635204,
  "rmse": 34.899516318358906,
  "r2": 0.9802026220015148,
  "mape": 865226805.7819664,
  "max_error": 330.3544954919321,
  "bias": -0.14461862312681295,
  "n_samples": 4100,
  "coefficients": {
    "params": {
      "feature": 0,
      "threshold": 64.11881637573242,
      "left": {
        "feature": 0,
        "threshold": 23.76820182800293,
        "left": {
          "feature": 0,
          "threshold": 7.540812969207764,
          "left": {
            "value": 5.912367479791136
          },
          "right": {
            "value": 76.18360237881902
          }
        },
        "right": {
          "feature": 0,
          "threshold": 44.71370887756348,
          "left": {
            "value": 171.64914006328922
          },
          "right": {
            "value": 292.29349561295874
          }
        }
      },
      "right": {
        "feature": 0,
        "threshold": 111.56853866577148,
        "left": {
          "feature": 0,
          "threshold": 83.52867126464844,
          "left": {
            "value": 409.60566953520146
          },
          "right": {
            "value": 568.4219073990338
          }
        },
        "right": {
          "feature": 0,
          "threshold": 145.08197021484375,
          "left": {
            "value": 741.1505414401935
          },
          "right": {
            "value": 894.8044954919321
          }
        }
      }
    }
  }
}