{
  "mse": 1375.7974287973252,
  "mae": 23.948919749842204,
  "rmse": 37.091743404662516,
  "r2": 0.9776373455660383,
  "mape": 919561970.944058,
  "max_error": 316.29033847589017,
  "bias": 0.5858758272657945,
  "n_samples": 4100,
  "coefficients": {
    "params": {
      "feature": 0,
      "threshold": 64.48267364501953,
      "left": {
        "feature": 0,
        "threshold": 23.80158233642578,
        "left": {
          "feature": 0,
          "threshold": 7.816145181655884,
          "left": {
            "value": 6.2836567836814785
          },
          "right": {
            "value": 78.03283455299854
          }
        },
        "right": {
          "feature": 0,
          "threshold": 42.029850006103516,
          "left": {
            "value": 165.66762724465474
          },
          "right": {
            "value": 286.13943743238246
          }
        }
      },
      "right": {
        "feature": 0,
        "threshold": 111.73245620727539,
        "left": {
          "feature": 0,
          "threshold": 88.56521606445312,
          "left": {
            "value": 447.7734554294131
          },
          "right": {
            "value": 593.0932698169592
          }
        },
        "right": {
          "feature": 0,
          "threshold": 140.0882339477539,
          "left": {
            "value": 735.9197789702747
          },
          "right": {
            "value": 880.7403384758902
          }
        }
      }
    }
  }
}