time,poa_global,poa_direct,poa_diffuse,poa_sky_diffuse,poa_ground_diffuse
2025-09-04 05:00:00+02:00,0.0,0.0,0.0,0.0,0.0
2025-09-04 05:01:00+02:00,0.0,0.0,0.0,0.0,0.0
2025-09-04 05:02:00+02:00,0.0,0.0,0.0,0.0,0.0
2025-09-04 05:03:00+02:00,0.0,0.0,0.0,0.0,0.0
2025-09-04 05:04:00+02:00,0.0,0.0,0.0,0.0,0.0
2025-09-04 05:05:00+02:00,0.0,0.0,0.0,0.0,0.0
2025-09-04 05:06:00+02:00,0.0,0.0,0.0,0.0,0.0
2025-09-04 05:07:00+02:00,0.0,0.0,0.0,0.0,0.0
2025-09-04 05:08:00+02:00,0.0,0.0,0.0,0.0,0.0
2025-09-04 05:09:00+02:00,0.0,0.0,0.0,0.0,0.0
2025-09-04 05:10:00+02:00,0.0,0.0,0.0,0.0,0.0
2025-09-04 05:11:00+02:00,0.0,0.0,0.0,0.0,0.0
2025-09-04 05:12:00+02:00,0.0,0.0,0.0,0.0,0.0
2025-09-04 05:13:00+02:00,0.0,0.0,0.0,0.0,0.0
2025-09-04 05:14:00+02:00,0.0,0.0,0.0,0.0,0.0
2025-09-04 05:15:00+02:00,0.0,0.0,0.0,0.0,0.0
2025-09-04 05:16:00+02:00,0.0,0.0,0.0,0.0,0.0
2025-09-04 05:17:00+02:00,0.0,0.0,0.0,0.0,0.0
2025-09-04 05:18:00+02:00,0.0,0.0,0.0,0.0,0.0
2025-09-04 05:19:00+02:00,0.0,0.0,0.0,0.0,0.0
2025-09-04 05:20:00+02:00,0.0,0.0,0.0,0.0,0.0
2025-09-04 05:21:00+02:00,0.0,0.0,0.0,0.0,0.0
2025-09-04 05:22:00+02:00,0.0,0.0,0.0,0.0,0.0
2025-09-04 05:23:00+02:00,0.0,0.0,0.0,0.0,0.0
2025-09-04 05:24:00+02:00,0.0,0.0,0.0,0.0,0.0
2025-09-04 05:25:00+02:00,0.0,0.0,0.0,0.0,0.0
2025-09-04 05:26:00+02:00,0.0,0.0,0.0,0.0,0.0
2025-09-04 05:27:00+02:00,0.0,0.0,0.0,0.0,0.0
2025-09-04 05:28:00+02:00,0.0,0.0,0.0,0.0,0.0
2025-09-04 05:29:00+02:00,0.0,0.0,0.0,0.0,0.0
2025-09-04 05:30:00+02:00,0.0,0.0,0.0,0.0,0.0
2025-09-04 05:31:00+02:00,0.0,0.0,0.0,0.0,0.0
2025-09-04 05:32:00+02:00,0.0,0.0,0.0,0.0,0.0
2025-09-04 05:33:00+02:00,0.0,0.0,0.0,0.0,0.0
2025-09-04 05:34:00+02:00,0.0,0.0,0.0,0.0,0.0
2025-09-04 05:35:00+02:00,0.0,0.0,0.0,0.0,0.0
2025-09-04 05:36:00+02:00,0.0,0.0,0.0,0.0,0.0
2025-09-04 05:37:00+02:00,0.0,0.0,0.0,0.0,0.0
2025-09-04 05:38:00+02:00,0.0,0.0,0.0,0.0,0.0
2025-09-04 05:39:00+02:00,0.0,0.0,0.0,0.0,0.0
2025-09-04 05:40:00+02:00,0.0,0.0,0.0,0.0,0.0
2025-09-04 05:41:00+02:00,0.0,0.0,0.0,0.0,0.0
2025-09-04 05:42:00+02:00,0.0,0.0,0.0,0.0,0.0
2025-09-04 05:43:00+02:00,0.0,0.0,0.0,0.0,0.0
2025-09-04 05:44:00+02:00,0.0,0.0,0.0,0.0,0.0
2025-09-04 05:45:00+02:00,0.0,0.0,0.0,0.0,0.0
2025-09-04 05:46:00+02:00,0.0,0.0,0.0,0.0,0.0
2025-09-04 05:47:00+02:00,0.0,0.0,0.0,0.0,0.0
2025-09-04 05:48:00+02:00,0.0,0.0,0.0,0.0,0.0
2025-09-04 05:49:00+02:00,0.0,0.0,0.0,0.0,0.0
2025-09-04 05:50:00+02:00,0.0,0.0,0.0,0.0,0.0
2025-09-04 05:51:00+02:00,0.0,0.0,0.0,0.0,0.0
2025-09-04 05:52:00+02:00,0.0,0.0,0.0,0.0,0.0
2025-09-04 05:53:00+02:00,0.0,0.0,0.0,0.0,0.0
2025-09-04 05:54:00+02:00,0.0,0.0,0.0,0.0,0.0
2025-09-04 05:55:00+02:00,2.425989052240638e-05,0.0,2.425989052240638e-05,0.0,2.425989052240638e-05
2025-09-04 05:56:00+02:00,8.270427414803743e-05,0.0,8.270427414803743e-05,0.0,8.270427414803743e-05
2025-09-04 05:57:00+02:00,0.00017990582638663992,0.0,0.00017990582638663992,0.0,0.00017990582638663992
2025-09-04 05:58:00+02:00,0.0003314827397108831,0.0,0.0003314827397108831,0.0,0.0003314827397108831
2025-09-04 05:59:00+02:00,0.03907989541773873,0.0,0.03907989541773873,0.038523314181973814,0.0005565812357649156
2025-09-04 06:00:00+02:00,0.061465905005292816,0.0,0.061465905005292816,0.060587980029730384,0.0008779249755624331
2025-09-04 06:01:00+02:00,0.09223264724709815,0.0,0.09223264724709815,0.09091095540680659,0.0013216918402915558
2025-09-04 06:02:00+02:00,0.13329824865892534,0.0,0.13329824865892534,0.1313810261723086,0.0019172224866167544
2025-09-04 06:03:00+02:00,0.1867148083438085,0.0,0.1867148083438085,0.18401823077522442,0.00269657756858407
2025-09-04 06:04:00+02:00,0.2546183274527149,0.0,0.2546183274527149,0.25092434630106114,0.0036939811516537332
2025-09-04 06:05:00+02:00,0.3391738478174514,0.0,0.3391738478174514,0.3342286671808242,0.0049451806366271915
2025-09-04 06:06:00+02:00,0.44251975314953107,0.0,0.44251975314953107,0.43603298406832713,0.006486769081203938
2025-09-04 06:07:00+02:00,0.5667143582142085,0.0,0.5667143582142085,0.5583588524029514,0.008355505811257108
2025-09-04 06:08:00+02:00,0.713687521423987,0.0,0.713687521423987,0.7030998530111814,0.010587668412805609
2025-09-04 06:09:00+02:00,0.8851992875461575,0.0,0.8851992875461575,0.8719808256391989,0.013218461906958674
2025-09-04 06:10:00+02:00,1.082806807172631,0.0,1.082806807172631,1.0665253040315357,0.016281503141095187
2025-09-04 06:11:00+02:00,1.3076245914136129,0.0,1.3076245914136129,1.2878162003452174,0.019808391068395517
2025-09-04 06:12:00+02:00,1.558062361961405,0.0,1.558062361961405,1.5342339948663621,0.023828367095042702
2025-09-04 06:13:00+02:00,1.8365788018794715,0.0,1.8365788018794715,1.8082107376675842,0.028368064211887208
2025-09-04 06:14:00+02:00,2.1435215996431904,0.0,2.1435215996431904,2.110070256179475,0.03345134346371571
2025-09-04 06:15:00+02:00,2.4789874691660314,0.0,2.4789874691660314,2.4398882806057594,0.039099188560272266
2025-09-04 06:16:00+02:00,2.6256510229365775,0.0,2.6256510229365775,2.5803213217870122,0.045329701149565096
2025-09-04 06:17:00+02:00,2.9893107157597942,0.0,2.9893107157597942,2.937152597285514,0.052158118474280195
2025-09-04 06:18:00+02:00,3.378888106410043,0.0,3.378888106410043,3.3192912132599317,0.05959689315011112
2025-09-04 06:19:00+02:00,3.7937853734050124,0.0,3.7937853734050124,3.7261295675551476,0.06765580584986484
2025-09-04 06:20:00+02:00,4.233267748825851,0.0,4.233267748825851,4.15692564380026,0.07634210502559018
2025-09-04 06:21:00+02:00,4.6964846236983835,0.0,4.6964846236983835,4.610823957900757,0.08566066579762709
2025-09-04 06:22:00+02:00,5.182489973807691,0.0,5.182489973807691,5.086875812533958,0.09561416127373251
2025-09-04 06:23:00+02:00,5.690261685458048,0.0,5.690261685458048,5.584058445148341,0.10620324030970742
2025-09-04 06:24:00+02:00,6.301679227114325,0.05413447367749284,6.247544753436832,6.130118046096027,0.11742670734080468
2025-09-04 06:25:00+02:00,7.004361167361,0.15555698033125454,6.848804187029746,6.719522478580752,0.1292817084489938
2025-09-04 06:26:00+02:00,7.756184260690474,0.2777327430083801,7.478451517682093,7.33668764540842,0.1417638722736727
2025-09-04 06:27:00+02:00,8.558320394727815,0.4222821835161925,8.136038211211623,7.981170687171953,0.15486752403967022
2025-09-04 06:28:00+02:00,9.411860393170194,0.590768842178944,8.82109155099125,8.652505739209538,0.16858581178171167
2025-09-04 06:29:00+02:00,10.317813241034091,0.7846912690158844,9.533121972018208,9.350211109626112,0.1829108623920946
2025-09-04 06:30:00+02:00,11.27710538045537,1.005476372401558,10.27162900805381,10.073795088372345,0.19783391968146682
2025-09-04 06:31:00+02:00,12.290580525201175,1.2544741894455598,11.036106335755616,10.82276086374348,0.21334547201213666
2025-09-04 06:32:00+02:00,13.338392266960225,1.5329539680912718,11.805438298868953,11.576002929208512,0.22943536966044067
2025-09-04 06:33:00+02:00,14.432549170364867,1.842101432331558,12.590447738033308,12.344354806381153,0.24609293165215548
2025-09-04 06:34:00+02:00,15.574913692723582,2.183017115099672,13.39189657762391,13.128589534628134,0.2633070429957762
2025-09-04 06:35:00+02:00,16.765388324833836,2.5567156278411134,14.208672696992721,13.927606454666048,0.2810662423266736
2025-09-04 06:36:00+02:00,18.00381752940226,2.9641260330720316,15.039691496330226,14.740332683260531,0.2993588130696944
2025-09-04 06:37:00+02:00,19.289988434000765,3.4060915247199484,15.883896909280818,15.565724104740083,0.31817280454073543
2025-09-04 06:38:00+02:00,20.623639745275298,3.883372451520821,16.740267293754478,16.40277112577911,0.33749616797536786
2025-09-04 06:39:00+02:00,22.00446230352568,4.39664713823013,17.607815165295552,17.250498401907922,0.35731676338762935
2025-09-04 06:40:00+02:00,23.43210360569183,4.946514442357198,18.48558916333463,18.107966742872566,0.3776224204620643
2025-09-04 06:41:00+02:00,24.906171378520295,5.53349637583509,19.372675002685206,18.974274021357697,0.3984009813275089
2025-09-04 06:42:00+02:00,26.42623702079558,6.1580409866987305,20.26819603409685,19.848555696067884,0.419640338028966
2025-09-04 06:43:00+02:00,27.991838867843846,6.820525420733292,21.171313447110553,20.729984982464185,0.441328464646367
2025-09-04 06:44:00+02:00,29.602485326894275,7.5212591283048,22.081226198589476,21.617772753300557,0.4634534452889191
2025-09-04 06:45:00+02:00,31.257657842042867,8.260487152549109,22.997170689493757,22.511167191623283,0.4860034978704754
2025-09-04 06:46:00+02:00,33.46062446740399,9.038393461475101,24.422231005928886,23.91326401168714,0.5089669942417471
2025-09-04 06:47:00+02:00,35.271553832793415,9.855104857389632,25.416448975403785,24.88411648230673,0.5323324930970538
2025-09-04 06:48:00+02:00,37.12567751396846,10.710692073759441,26.41498544020902,25.858896749393807,0.5560886908152112
2025-09-04 06:49:00+02:00,39.02232747119493,11.605176344030204,27.417151127164722,26.83692660003489,0.5802245271298342
2025-09-04 06:50:00+02:00,40.96082773692001,12.538530446794272,28.42229729012574,27.81756815826372,0.6047291318620204
2025-09-04 06:51:00+02:00,42.940497072309725,13.51068236826314,29.42981470404658,28.80022285644799,0.6295918475985884
2025-09-04 06:52:00+02:00,44.96065031537307,14.521518343755638,30.43913197161744,29.784329736341274,0.6548022352761657
2025-09-04 06:53:00+02:00,47.020599578458935,15.57088577713155,31.449713801327384,30.76936372355672,0.6803500777706659
2025-09-04 06:54:00+02:00,49.119655374388984,16.65859606523497,32.46105930915402,31.75483392659362,0.7062253825603997
2025-09-04 06:55:00+02:00,51.257127628024165,17.784427296902987,33.47270033112118,32.740281948130054,0.7324183829911245
2025-09-04 06:56:00+02:00,53.43232659698285,18.948126830927986,34.484199766054864,33.725280227554656,0.7589195385002085
2025-09-04 06:57:00+02:00,55.644563729565945,20.14941376279447,35.49514996677147,34.70943043257751,0.7857195341939601
2025-09-04 06:58:00+02:00,57.89315240619351,21.38798124763355,36.50517115855996,35.69236187938836,0.8128092791716044
2025-09-04 06:59:00+02:00,60.177410193634586,22.66349959055761,37.51391060307697,36.67373067995256,0.8401799231244085
2025-09-04 07:00:00+02:00,62.496653320150976,23.97561489313054,38.521038427020436,37.653215646928835,0.8678227800916004
2025-09-04 07:01:00+02:00,64.85020643174519,25.323956160224796,39.52625027152039,38.630520836046564,0.8957294354738226
2025-09-04 07:02:00+02:00,67.2373970198255,26.70813377605288,40.52926324377262,39.605371574224925,0.9238916695476914
2025-09-04 07:03:00+02:00,69.65755737768403,28.127742084294127,41.5298152933899,40.5775138217502,0.9523014716396999
2025-09-04 07:04:00+02:00,72.11002503280857,29.582361042988087,42.527663989820475,41.546712953531525,0.9809510362889486
2025-09-04 07:05:00+02:00,74.59414311318409,31.071557763885664,43.52258534929843,42.51275259036061,1.0098327589378169
2025-09-04 07:06:00+02:00,77.10926067353014,32.594887953245596,44.51437272028454,43.475433488815824,1.0389392314687165
2025-09-04 07:07:00+02:00,79.65473300640335,34.151897271913775,45.50283573448958,44.434572496613434,1.068263237876149
2025-09-04 07:08:00+02:00,82.22992187195368,35.742122577126224,46.48779929482746,45.39000154551474,1.097797749312719
2025-09-04 07:09:00+02:00,84.8341957428656,37.36509310729054,47.469102635575055,46.341566715948005,1.127535919627047
2025-09-04 07:10:00+02:00,87.46693177036136,39.02033269157046,48.4465990787909,47.28912797806114,1.1574711007297664
2025-09-04 07:11:00+02:00,90.12750886706709,40.707356300058734,49.420152567008365,48.23255580961915,1.187596757389217
2025-09-04 07:12:00+02:00,92.81531846412858,42.42567765894437,50.3896408051842,49.171734221980216,1.2179065832039824
2025-09-04 07:13:00+02:00,95.52975755813918,44.17480568604271,51.354951872096464,50.106557456679504,1.2483944154169628
2025-09-04 07:14:00+02:00,98.27023058551218,45.95424641071851,52.31598417479367,51.03692992427864,1.2790542505150324
2025-09-04 07:15:00+02:00,101.03614949702103,47.76350371826228,53.27264577875875,51.96276553915389,1.3098802396048606
2025-09-04 07:16:00+02:00,103.82693381328208,49.60208003607975,54.224853777202334,52.88398709335555,1.340866683846786
2025-09-04 07:17:00+02:00,106.64201068932492,51.46947698290655,55.17253370641837,53.80052567616794,1.3720080302504263
2025-09-04 07:18:00+02:00,109.48081491327845,53.365195934014245,56.115618979264205,54.7123201122705,1.4032988669937112
2025-09-04 07:19:00+02:00,112.34278894065292,55.288738571617806,57.05405036903512,55.61931644965605,1.43473391937907
2025-09-04 07:20:00+02:00,115.22738289270384,57.239607375640226,57.987775517063625,56.52146747143392,1.4663080456297055
2025-09-04 07:21:00+02:00,118.13405649633737,59.21730740574216,58.916749090595204,57.41873283654355,1.4980162540516595
2025-09-04 07:22:00+02:00,121.06227127528868,61.22134140683521,59.84092986845348,58.311076254277374,1.5298536141761014
2025-09-04 07:23:00+02:00,124.0115021824177,63.25121812071573,60.76028406170198,59.19846868159003,1.5618153801119543
2025-09-04 07:24:00+02:00,126.98122980040043,65.30644735622371,61.67478244417671,60.080885542122964,1.5938969020537403
2025-09-04 07:25:00+02:00,129.97094223173153,67.38654161414281,62.58440061758871,60.9583069738045,1.6260936437842155
2025-09-04 07:26:00+02:00,132.98013503871937,69.49101636462828,63.489118674091074,61.83071749504025,1.6584011790508237
2025-09-04 07:27:00+02:00,136.00831120554506,71.61939031724896,64.38892088829611,62.69810569994448,1.6908151883516285
2025-09-04 07:28:00+02:00,139.05498103906504,73.77118562678375,65.2837954122813,63.56046395705271,1.723331455228578
2025-09-04 07:29:00+02:00,142.11966211890712,75.94592811345876,66.17373400544835,64.41778814220359,1.7559458632447684
2025-09-04 07:30:00+02:00,145.20187921675682,78.14314744292794,67.05873177382888,65.27007738104709,1.7886543927817962
2025-09-04 07:31:00+02:00,148.3011642094541,80.36237728428699,67.9387869251671,66.11733380725616,1.82145311791093
2025-09-04 07:32:00+02:00,151.41705811459087,82.60315698125623,68.81390113333462,66.9595629075612,1.854338225773416
2025-09-04 07:33:00+02:00,154.5491025988876,84.86502562806521,69.6840769708224,67.79677104575434,1.8873059250680666
2025-09-04 07:34:00+02:00,157.69685245007565,87.14753121325747,70.5493212368182,68.62896866096547,1.9203525758527338
2025-09-04 07:35:00+02:00,160.8598671311419,89.45022471371126,71.40964241743063,69.45616781879687,1.953474598633764
2025-09-04 07:36:00+02:00,164.03771276497935,91.77266166754488,72.26505109743445,70.27838260369641,1.9866684937380372
2025-09-04 07:37:00+02:00,167.22996206342648,94.1144022607226,73.11555980270388,71.09562896364349,2.019930839060387
2025-09-04 07:38:00+02:00,170.4361941933695,96.47501135685377,73.9611828365157,71.90792454926836,2.053258287247352
2025-09-04 07:39:00+02:00,173.6559947041016,98.8540585616289,74.80193614247268,72.71528857885497,2.0866475636177184
2025-09-04 07:40:00+02:00,176.88895542180518,101.25111825385639,75.63783716794877,73.51774170412602,2.120095463822747
2025-09-04 07:41:00+02:00,180.13467435073932,103.66576961260526,76.46890473813407,74.3153058864733,2.1535988516607754
2025-09-04 07:42:00+02:00,183.3927555677197,106.0975966311609,77.29515893655879,75.10800427965873,2.187154656900061
2025-09-04 07:43:00+02:00,186.66280914625668,108.54618814551682,78.11662100073984,75.89586112726025,2.2207598734795875
2025-09-04 07:44:00+02:00,189.94445322527798,111.01113946942392,78.93331375585404,76.67890217610865,2.25441157974539
2025-09-04 07:45:00+02:00,193.23730512354254,113.4920457866906,79.74525933685194,77.45715249035598,2.288106846495962
2025-09-04 07:46:00+02:00,196.5409944384337,115.9885120559273,80.55248238250641,78.23063951202857,2.321842870477841
2025-09-04 07:47:00+02:00,199.85515414608824,118.50014639045342,81.35500775563482,78.99939087332741,2.3556168823074
2025-09-04 07:48:00+02:00,203.17942272502785,121.02656170559729,82.15286101943056,79.76343485187182,2.3894261675587365
2025-09-04 07:49:00+02:00,206.5134440208431,123.56737566636069,82.9460683544824,80.52280028976544,2.423268064716969
2025-09-04 07:50:00+02:00,209.85686717567876,126.1222106795221,83.73465649615665,81.27751653231228,2.457139963844372
2025-09-04 07:51:00+02:00,213.20934653133293,128.69069386150562,84.51865266982732,82.02761336480835,2.491039305018971
2025-09-04 07:52:00+02:00,216.57054150408104,131.2724569804378,85.29808452364324,82.77312094710881,2.524963576534429
2025-09-04 07:53:00+02:00,219.9401165530087,133.86713646619657,86.07298008681212,83.51406977272816,2.5589103140839606
2025-09-04 07:54:00+02:00,223.3177410248984,136.4743733222688,86.84336770262959,84.25049060389392,2.592877098735669
2025-09-04 07:55:00+02:00,226.70309136717214,139.09381486809477,87.60927649907737,84.98241492037374,2.6268615787036276
2025-09-04 07:56:00+02:00,230.09584194494363,141.72510765473825,88.37073429020536,85.70987291339644,2.6608613768089238
2025-09-04 07:57:00+02:00,233.49567856731255,144.36790795341116,89.12777061390139,86.43289638799635,2.6948742259050364
2025-09-04 07:58:00+02:00,236.9022893491778,147.02187470869524,89.88041464048257,87.1515167637115,2.7288978767710708
2025-09-04 07:59:00+02:00,240.31536685438556,149.686671211953,90.62869564243253,87.86576552308789,2.762930119344651
2025-09-04 08:00:00+02:00,243.73460803574181,152.361965070085,91.37264296565682,88.57567418381404,2.7969687818427773
2025-09-04 08:01:00+02:00,247.15971414547926,155.04742814924703,92.11228599623222,89.28127426661942,2.8310117296128023
2025-09-04 08:02:00+02:00,250.5903906462015,157.742736516937,92.84765412926454,89.98259726525342,2.865056864011119
2025-09-04 08:03:00+02:00,254.02634715514225,160.4475704084598,93.57877674668245,90.6796746250481,2.8991021216343618
2025-09-04 08:04:00+02:00,257.4672973265495,163.16161414309005,94.30568318345946,91.3725377105012,2.9331454729582647
2025-09-04 08:05:00+02:00,260.9129587993958,165.88455608999877,95.02840270939708,92.06121778775258,2.9671849216444963
2025-09-04 08:06:00+02:00,264.36305542839943,168.61609044239512,95.74696498600429,92.745746459635,3.0012185263692883
2025-09-04 08:07:00+02:00,267.8173079455077,171.35590982524798,96.46139812025974,93.4261538116663,3.035244308593446
2025-09-04 08:08:00+02:00,271.27544779333243,174.1037162511957,97.17173154213671,94.10247115324303,3.069260388893676
2025-09-04 08:09:00+02:00,274.7372077618394,176.85921371297854,97.87799404886086,94.7747291544093,3.103264894451554
2025-09-04 08:10:00+02:00,278.20232425561795,179.62210997810507,98.58021427751288,95.44295829617542,3.137255981337465
2025-09-04 08:11:00+02:00,281.6705372175168,182.39211652869247,99.27842068882434,96.10718885515301,3.1712318336713277
2025-09-04 08:12:00+02:00,285.14159005337035,185.16894850121986,99.97264155215048,96.76745088934402,3.205190662806459
2025-09-04 08:13:00+02:00,288.6152295913484,187.95232465315033,100.66290493819808,97.42377423133279,3.239130706865303
2025-09-04 08:14:00+02:00,292.0912059763109,190.74196727678665,101.34923869952425,98.07618846987704,3.2730502296472097
2025-09-04 08:15:00+02:00,295.5692726327818,193.5376021672977,102.03167046548408,98.72472294526189,3.306947520222202
2025-09-04 08:16:00+02:00,299.0491861942346,196.3389585631666,102.71022763106802,99.36940673886798,3.3408208922000484
2025-09-04 08:17:00+02:00,302.53070877041387,199.14577097228099,103.38493779813288,100.01026909240453,3.374668705728351
2025-09-04 08:18:00+02:00,306.01359857265294,201.95777160750146,104.05582696515148,100.6473376887978,3.408489276353675
2025-09-04 08:19:00+02:00,309.49762382457845,204.77470159731928,104.7229222272592,101.28064121701178,3.442281010247434
2025-09-04 08:20:00+02:00,316.9702650168032,207.59630342930464,109.37396158749853,105.89791927443179,3.4760423130667397
2025-09-04 08:21:00+02:00,320.4894917278085,210.42232277489228,110.06716895291622,106.55739734086553,3.509771612050691
2025-09-04 08:22:00+02:00,324.00922897785324,213.25250843344259,110.75672054441068,107.21325318899456,3.5434673554161225
2025-09-04 08:23:00+02:00,327.5292511490687,216.08661230403285,111.44263884503586,107.86551083294079,3.5771280120950792
2025-09-04 08:24:00+02:00,331.04933533397684,218.92438930435193,112.12494602962494,108.51419395877518,3.61075207084975
2025-09-04 08:25:00+02:00,334.56926131408534,221.76559734373734,112.803663970348,109.1593259303054,3.644338040042603
2025-09-04 08:26:00+02:00,338.0888115057473,224.60999726984267,113.47881423590462,109.80092978880627,3.6778844470983496
2025-09-04 08:27:00+02:00,341.6077709081592,227.45735281694112,114.15041809121806,110.43902825322269,3.711389837995374
2025-09-04 08:28:00+02:00,345.1259270827845,230.30743057964025,114.81849650314422,111.07364372608548,3.7448527770587416
2025-09-04 08:29:00+02:00,348.6430724292742,233.16000185035134,115.48307057892288,111.70479871035087,3.7782718685720087
2025-09-04 08:30:00+02:00,352.15899473338743,236.01483494134374,116.14415979204368,112.33251412505481,3.81164566698886
2025-09-04 08:31:00+02:00,355.6734912696225,238.87170661314653,116.80178465647599,112.95681184553636,3.844972810939629
2025-09-04 08:32:00+02:00,359.1863593174909,241.7303943753991,117.45596494209178,113.57771300898442,3.878251933107361
2025-09-04 08:33:00+02:00,362.69739850564736,244.59067837750013,118.10672012814722,114.19523844561974,3.9114816825274827
2025-09-04 08:34:00+02:00,366.2064107321054,247.4523413343069,118.75406939779845,114.80940867394894,3.944660723849509
2025-09-04 08:35:00+02:00,369.71320015129623,250.31516850626957,119.39803164502666,115.42024390778955,3.977787737237104
2025-09-04 08:36:00+02:00,373.2175731285415,253.17894765311007,120.03862547543145,116.02776405746998,4.010861417961459
2025-09-04 08:37:00+02:00,376.7193381953695,256.0434689882133,120.67586920715621,116.63198873114995,4.04388047600627
2025-09-04 08:38:00+02:00,380.2183060391188,258.9085251611375,121.30978087798127,117.23293724198062,4.076843636000643
2025-09-04 08:39:00+02:00,383.71428942721263,261.77391118674933,121.94037824046332,117.83062860392636,4.109749636536961
2025-09-04 08:40:00+02:00,387.207105538343,264.639426349809,122.56767918853399,118.42508193641514,4.14259725211884
2025-09-04 08:41:00+02:00,390.6965665545462,267.50486647618527,123.19170007836097,119.01631487361928,4.175385204741691
2025-09-04 08:42:00+02:00,394.18249367442723,270.37003542077593,123.81245825365129,119.60434595793456,4.208112295716726
2025-09-04 08:43:00+02:00,397.66470773397424,273.2347373661199,124.42997036785437,120.18919305036809,4.240777317486279
2025-09-04 08:44:00+02:00,401.1430314781009,276.09877867657826,125.04425280152265,120.77087372648431,4.273379075038337
2025-09-04 08:45:00+02:00,404.6172895553819,278.96196788571694,125.65532166966493,121.34940528376276,4.305916385902169
2025-09-04 08:46:00+02:00,408.087308478949,281.82411565597266,126.26319282297634,121.92480474315245,4.338388079823884
2025-09-04 08:47:00+02:00,411.5529165906759,284.68503474109383,126.8678818495821,122.49708885110306,4.3707929984790415
2025-09-04 08:48:00+02:00,415.01394405556266,287.54453997361685,127.46940408194583,123.06627408648176,4.403129995464074
2025-09-04 08:49:00+02:00,418.47022279472935,290.40244820175263,128.0677745929767,123.63237665725762,4.43539793571906
2025-09-04 08:50:00+02:00,421.92158648141947,293.258578278383,128.6630082030364,124.19541250749941,4.467595695537008
2025-09-04 08:51:00+02:00,425.3678728162969,296.11275293867106,129.2551198776258,124.75539769380988,4.499722183815913
2025-09-04 08:52:00+02:00,428.8089142529915,298.96479111011905,129.84412314287243,125.31234688720508,4.531776255667359
2025-09-04 08:53:00+02:00,432.2445518620809,301.814519387292,130.4300324747889,125.86627563308369,4.563756841705211
2025-09-04 08:54:00+02:00,435.67462601946454,304.6617643142559,131.01286170520865,126.41719884393021,4.595662861278444
2025-09-04 08:55:00+02:00,439.0989787181289,307.50635429128687,131.592624426842,126.9651311827629,4.627493244079092
2025-09-04 08:56:00+02:00,442.517453537498,310.3481195424563,132.1693339950417,127.51008706513184,4.659246929909873
2025-09-04 08:57:00+02:00,445.92989561102723,313.1868920818322,132.74300352919505,128.05208066076335,4.690922868431707
2025-09-04 08:58:00+02:00,449.33615162869273,316.0225057088106,133.3136459198821,128.59112590064174,4.7225200192403705
2025-09-04 08:59:00+02:00,452.7360697741928,318.85479594923027,133.88127382496253,129.1272364736297,4.754037351332835
2025-09-04 09:00:00+02:00,456.12949972781456,321.68360005120513,134.44589967660943,129.6604258334228,4.785473843186631
2025-09-04 09:01:00+02:00,459.51629263703524,324.5087569542192,135.00753568281598,130.19070720027824,4.816828482537746
2025-09-04 09:02:00+02:00,462.8963033524385,327.3301091498037,135.56619420263476,130.71809391552296,4.848100287111803
2025-09-04 09:03:00+02:00,466.26938136974127,330.1474951132511,136.12188625649017,131.2425980356053,4.879288220884862
2025-09-04 09:04:00+02:00,469.63538436999846,332.9607605997848,136.67462377021366,131.76423245080673,4.9103913194069335
2025-09-04 09:05:00+02:00,472.99416915324895,335.7697510719225,137.22441808132646,132.2830094753683,4.941408605958162
2025-09-04 09:06:00+02:00,476.34559388045966,338.57431356432846,137.7712803161312,132.79894120378313,4.972339112348077
2025-09-04 09:07:00+02:00,479.6895180483126,341.3742966569242,138.31522139138843,133.3120395126538,5.003181878734651
2025-09-04 09:08:00+02:00,483.0258024937838,344.1695504730407,138.85625202074303,133.8223160670284,5.033935953714636
2025-09-04 09:09:00+02:00,486.3543093381787,346.9599266269588,139.39438271121995,134.3297823173624,5.064600393857535
2025-09-04 09:10:00+02:00,489.67490199373003,349.7452782239222,139.92962376980782,134.83444950599142,5.095174263816405
2025-09-04 09:11:00+02:00,492.98744513851756,352.5254598337127,140.46198530480484,135.33632866866066,5.125656636144181
2025-09-04 09:12:00+02:00,496.2918046932198,355.3003274658321,140.9914772273877,135.83543063625825,5.15604659112944
2025-09-04 09:13:00+02:00,499.5878478281315,358.0697385701866,141.5181092579449,136.3317660410364,5.186343216908519
2025-09-04 09:14:00+02:00,502.8754451110128,360.83355383815854,142.04189127285431,136.82534564361552,5.216545629238782
2025-09-04 09:15:00+02:00,506.15446170212033,363.5916297943814,142.56283190773897,137.31617901707153,5.246652890667424
2025-09-04 09:16:00+02:00,509.4247705599668,366.34382989363604,143.08094066633078,137.8042765344337,5.276664131897065
2025-09-04 09:17:00+02:00,512.6862435948987,369.09001707994975,143.5962265149489,138.28964804439843,5.306578470550473
2025-09-04 09:18:00+02:00,515.9387538852886,371.8300556444426,144.10869824084608,138.77230320926475,5.33639503158133
2025-09-04 09:19:00+02:00,519.182175626109,374.5638111773291,144.61836444877991,139.25225150193185,5.366112946848051
2025-09-04 09:20:00+02:00,522.4163841387198,377.2911505715376,145.12523356718214,139.72950221193295,5.395731355249168
2025-09-04 09:21:00+02:00,525.6412558488378,380.01194199961003,145.62931384922774,140.20406444666514,5.4252494025626
2025-09-04 09:22:00+02:00,528.8566682683797,382.72605489393095,146.13061337444876,140.67594713312144,5.454666241327311
2025-09-04 09:23:00+02:00,532.0625000038776,385.43335994946017,146.6291400544175,141.14515902345747,5.48398103096003
2025-09-04 09:24:00+02:00,535.2586307079914,388.13372907850186,147.12490162948959,141.6117086921333,5.513192937356269
2025-09-04 09:25:00+02:00,538.4449432230197,390.82703721872167,147.61790600429805,142.07560485178934,5.542301152508721
2025-09-04 09:26:00+02:00,541.6213150219048,393.5131550934721,148.10815992843268,142.53685511206422,5.571304816368478
2025-09-04 09:27:00+02:00,544.7876310101617,396.191960028873,148.59567098128866,142.9954678474515,5.600203133837173
2025-09-04 09:28:00+02:00,547.9437749831791,398.8633287296983,149.08044625348077,143.45145095672453,5.628995296756234
2025-09-04 09:29:00+02:00,551.0896317192132,401.5271390441401,149.56249267507314,143.90481217200008,5.657680503073058
2025-09-04 09:30:00+02:00,554.2250869905339,404.18326996935366,150.04181702118024,144.35555906419924,5.686257956981009
2025-09-04 09:31:00+02:00,557.3500275465341,406.8316016333526,150.51842591318152,144.80369904437615,5.714726868805368
2025-09-04 09:32:00+02:00,560.4643410962045,409.47201527641215,150.9923258197924,145.24923936491138,5.743086454881023
2025-09-04 09:33:00+02:00,563.5679163204696,412.10439325785353,151.46352306261613,145.69218712491312,5.771335937703011
2025-09-04 09:34:00+02:00,566.6606428265893,414.72861901376587,151.93202381282347,146.13254926727515,5.799474545548314
2025-09-04 09:35:00+02:00,569.7424111604482,417.34457706386235,152.39783409658594,146.57033258396217,5.827501512623768
2025-09-04 09:36:00+02:00,572.8131148462464,419.9521547403975,152.86096010584902,147.005544008208,5.8554160976409975
2025-09-04 09:37:00+02:00,575.8726421414518,422.5512351825242,153.32140695892767,147.43818945002056,5.883217508907095
2025-09-04 09:38:00+02:00,578.9208884042284,425.14170783510656,153.77918056912185,147.868275552336,5.910905016785857
2025-09-04 09:39:00+02:00,581.957747806259,427.7234614087483,154.23428639751077,148.29580851912013,5.93847787839065
2025-09-04 09:40:00+02:00,584.9831154082948,430.29638563869776,154.68672976959704,148.72079441310825,5.9659353564887905
2025-09-04 09:41:00+02:00,587.9968871454506,432.8603712691377,155.1365158763129,149.14323915691108,5.99327671940182
2025-09-04 09:42:00+02:00,590.9989598130713,435.415310038002,155.58364977506935,149.56314853415824,6.020501240911115
2025-09-04 09:43:00+02:00,593.9892310794999,437.9610946847351,156.02813639476472,149.98052819436043,6.047608200404289
2025-09-04 09:44:00+02:00,596.9675994441391,440.4976189115431,156.46998053259597,150.39538365006902,6.074596882526952
2025-09-04 09:45:00+02:00,599.9339642519981,443.0247773927627,156.90918685923535,150.80772028188798,6.101466577347367
2025-09-04 09:46:00+02:00,602.8882256789135,445.5424657593187,157.3457599195948,151.21754333934382,6.128216580250984
2025-09-04 09:47:00+02:00,605.8302866878546,448.0505822638475,157.77970442400712,151.62485821433023,6.1548462096768946
2025-09-04 09:48:00+02:00,608.7600451585507,450.5490210677605,158.2110240907902,152.02966935487584,6.181354735914359
2025-09-04 09:49:00+02:00,611.6774056850462,453.0376822958974,158.63972338914877,152.43198190123167,6.207741487917102
2025-09-04 09:50:00+02:00,614.582271690339,455.5164653119971,159.06580637834188,152.8318005963894,6.234005781952466
2025-09-04 09:51:00+02:00,617.4745473898367,457.98527038953756,159.48927700029913,153.22913006089595,6.260146939403171
2025-09-04 09:52:00+02:00,620.3541377799418,460.44399869931,159.91013908063172,153.62397479393724,6.286164286694491
2025-09-04 09:53:00+02:00,623.2209486516449,462.89255231838297,160.3283963332619,154.01633917781953,6.312057155442372
2025-09-04 09:54:00+02:00,626.0748865568712,465.33083419876647,160.74405235810468,154.40622747592866,6.33782488217603
2025-09-04 09:55:00+02:00,628.9158588025224,467.7587481597506,161.15711064277176,154.79364383446,6.363466808311758
2025-09-04 09:56:00+02:00,631.7437734701673,470.17619890220766,161.56757456795967,155.17859228760372,6.388982280355948
2025-09-04 09:57:00+02:00,634.5585393829527,472.5830919778325,161.97544740512024,155.5610767554892,6.41437064963101
2025-09-04 09:58:00+02:00,637.3600661260379,474.97933380417,162.38073232186784,155.94110104938207,6.439631272485767
2025-09-04 09:59:00+02:00,640.1482658742252,477.3648332261068,162.7834326481184,156.31866912132793,6.46476352679049
2025-09-04 10:00:00+02:00,642.9230459365355,479.7394951344066,163.18355080212885,156.69378405736532,6.489766744763523
2025-09-04 10:01:00+02:00,645.6843199646721,482.1032300530206,163.58108991165156,157.06644959762315,6.5146403140284015
2025-09-04 10:02:00+02:00,648.4320004528861,484.4559477203134,163.9760527325726,157.4366691225496,6.539383610023018
2025-09-04 10:03:00+02:00,651.166000628463,486.7975587040392,164.3684419244239,157.80444591135492,6.5639960130690005
2025-09-04 10:04:00+02:00,653.8862344147838,489.12797436747235,164.75826004731144,158.16978313925247,6.588476908058978
2025-09-04 10:05:00+02:00,656.5926164469124,491.4471068805528,165.14550956635964,158.5326838817398,6.6128256846198274
2025-09-04 10:06:00+02:00,659.2850620612188,493.7548692088267,165.53019285239213,158.89315111535174,6.637041737040395
2025-09-04 10:07:00+02:00,661.9634872849983,496.05117510240876,165.91231218258963,159.25118771839155,6.661124464198093
2025-09-04 10:08:00+02:00,664.62780885235,498.3359391074907,166.29186974485927,159.60679647513473,6.685073269724542
2025-09-04 10:09:00+02:00,667.2779441688431,500.60907653396737,166.66886763487574,159.95998007316948,6.7088875617062715
2025-09-04 10:10:00+02:00,669.9138130892394,502.870504978736,167.04330811050343,160.3107413418318,6.732566768671637
2025-09-04 10:11:00+02:00,672.5353308485654,505.1201382585812,167.41519258998423,160.65908231386933,6.756110276114885
2025-09-04 10:12:00+02:00,675.142418656507,507.35789549758493,167.78452315892204,161.0050056372375,6.779517521684534
2025-09-04 10:13:00+02:00,677.7349966339154,509.5836950654347,168.15130156848068,161.34851363673417,6.802787931746518
2025-09-04 10:14:00+02:00,680.3129855513113,511.7974560668328,168.51552948447844,161.68960854745737,6.82592093702108
2025-09-04 10:15:00+02:00,682.8763068442859,513.9990983528002,168.87720849148567,162.02829251874633,6.848915972739361
2025-09-04 10:16:00+02:00,685.4248826044235,516.188542510995,169.23634009342845,162.36456761484962,6.8717724785788254
2025-09-04 10:17:00+02:00,687.9586355708491,518.3657098565893,169.5929257142597,162.69843581565465,6.894489898605062
2025-09-04 10:18:00+02:00,690.4774891451094,520.5305224432174,169.94696670189208,163.02989902047034,6.9170676814217344
2025-09-04 10:19:00+02:00,692.9813673592137,522.6829030336999,170.2984643255138,163.35895904561335,6.939505279900454
2025-09-04 10:20:00+02:00,695.4701948908303,524.8227751113096,170.64741977952062,163.68561762818754,6.961802151333072
2025-09-04 10:21:00+02:00,697.9438987089993,526.9500642933972,170.99383441560218,164.0098766434163,6.983957772185889
2025-09-04 10:22:00+02:00,700.4024014400973,529.0646926243408,171.3377088157565,164.3317372370576,7.005971578698918
2025-09-04 10:23:00+02:00,702.8456313369966,531.1665871469355,171.67904419006103,164.65120113386814,7.027843056192905
2025-09-04 10:24:00+02:00,705.2735156017495,533.2556741587213,172.01784144302823,164.96826976375644,7.049571679271801
2025-09-04 10:25:00+02:00,707.685982065103,535.3318806544801,172.35410141062295,165.2829444837398,7.071156926883141
2025-09-04 10:26:00+02:00,710.0829591789112,537.3951343180491,172.6878248608621,165.59522657859767,7.092598282264411
2025-09-04 10:27:00+02:00,712.4643760125296,539.4453635175729,173.01901249495666,165.90511726203377,7.1138952329228715
2025-09-04 10:28:00+02:00,714.830162246189,541.482497298179,173.34766494800994,166.2126176774181,7.135047270591828
2025-09-04 10:29:00+02:00,717.1802481849313,543.5064653923719,173.67378279255948,166.51772890119338,7.156053891366103
2025-09-04 10:30:00+02:00,719.5145647299573,545.5171981937794,173.99736653617794,166.82045194071773,7.176914595460211
2025-09-04 10:31:00+02:00,721.8330433933877,547.5146267682953,174.3184166250924,167.12078773773993,7.197628887352476
2025-09-04 10:32:00+02:00,724.1356178294998,549.4986841720604,174.6369336574394,167.41873736796754,7.218196289471871
2025-09-04 10:33:00+02:00,726.4222176629642,551.4693001316932,174.95291753127094,167.71430124418424,7.238616287086707
2025-09-04 10:34:00+02:00,728.6927777673247,553.4264090377651,175.26636872955964,168.00748031836608,7.258888411193553
2025-09-04 10:35:00+02:00,730.9472320499001,555.369944588156,175.57728746174408,168.29827527873474,7.279012183009334
2025-09-04 10:36:00+02:00,733.1855150163491,557.2998411346043,175.88567388174476,168.586686753784,7.298987127960785
2025-09-04 10:37:00+02:00,735.4075617637051,559.2160336752356,176.19152808846943,168.8727153128376,7.318812775631811
2025-09-04 10:38:00+02:00,737.6133079739968,561.1184578476125,176.4948501263843,169.15636146666745,7.338488659716854
2025-09-04 10:39:00+02:00,739.8026899287415,563.0070499398025,176.79563998893906,169.4376256707777,7.3580143181613575
2025-09-04 10:40:00+02:00,741.9756444818246,564.8817468655658,177.09389761625877,169.71650832333034,7.37738929292844
2025-09-04 10:41:00+02:00,744.1321090742767,566.7424861756976,177.38962289857915,169.99300976843742,7.39661313014173
2025-09-04 10:42:00+02:00,746.2720217276556,568.5892060509268,177.68281567672878,170.26713029669472,7.415685380034069
2025-09-04 10:43:00+02:00,748.3953210387086,570.4218452959362,177.9734757427724,170.53887014586155,7.434605596910836
2025-09-04 10:44:00+02:00,750.5019475996673,572.2403445641171,178.26160303555022,170.80822968374144,7.453373351808786
2025-09-04 10:45:00+02:00,752.5918383338982,574.0446414664308,178.54719686746736,171.0752086854213,7.47198818204605
2025-09-04 10:46:00+02:00,754.6649349853794,575.8346778984317,178.8302570869478,171.3398074200872,7.490449666860589
2025-09-04 10:47:00+02:00,756.7211784516346,577.6103951471381,179.11078330449658,171.60202592756664,7.508757376929936
2025-09-04 10:48:00+02:00,758.7605101961415,579.3717351088676,179.38877508727387,171.86186420031177,7.526910886962104
2025-09-04 10:49:00+02:00,760.7828722619962,581.1186402997397,179.66423196225648,172.1193221864311,7.544909775825365
2025-09-04 10:50:00+02:00,762.7882072477368,582.8510538335132,179.9371534142235,172.3743997878826,7.562753626340894
2025-09-04 10:51:00+02:00,764.7764583207522,584.5689194318902,180.207538888862,172.62709686345357,7.580442025408422
2025-09-04 10:52:00+02:00,766.7475692122102,586.2721814188765,180.47538779333374,172.877413229365,7.597974563968722
2025-09-04 10:53:00+02:00,768.7014842115875,587.9607847148008,180.7406994967868,173.12534865982659,7.615350836960207
2025-09-04 10:54:00+02:00,770.6381481806231,589.6346748471418,181.00347333348134,173.37090289002893,7.632570443452394
2025-09-04 10:55:00+02:00,772.5575078104282,591.293799036027,181.2637087744011,173.6140757765783,7.649632997822796
2025-09-04 10:56:00+02:00,774.4595064988793,592.938101764829,181.5214047340503,173.85486664982065,7.666538084229656
2025-09-04 10:57:00+02:00,776.34409206771,594.5675314497363,181.77656061797367,174.09327529275518,7.6832853252184865
2025-09-04 10:58:00+02:00,778.2112115980617,596.1820359744534,182.02917562360838,174.32930128779262,7.699874335815763
2025-09-04 10:59:00+02:00,780.060812736244,597.7815638176768,182.2792489185672,174.5629441834233,7.716304735143884
2025-09-04 11:00:00+02:00,781.892843671458,599.3660640326569,182.526779638801,174.79420349257376,7.7325761462272515
2025-09-04 11:01:00+02:00,783.7072531488886,600.9354862573564,182.7717668915322,175.0230786954176,7.748688196114579
2025-09-04 11:02:00+02:00,785.5039904649501,602.4897807091835,183.0142097557666,175.2495692399259,7.764640515840675
2025-09-04 11:03:00+02:00,787.2830054631476,604.0288981802682,183.25410728287935,175.47367454248447,7.7804327403948745
2025-09-04 11:04:00+02:00,789.0442485463097,605.5527900469137,183.49145849939597,175.69539399056183,7.796064508834161
2025-09-04 11:05:00+02:00,790.7876706557145,607.0614082504103,183.72626240530423,175.91472694120253,7.811535464101681
2025-09-04 11:06:00+02:00,792.5132244345889,608.5547063028602,183.95851813172868,176.13167286837552,7.826845263353164
2025-09-04 11:07:00+02:00,794.2208596075677,610.0326352873518,184.18822432021585,176.34623078324805,7.841993536967815
2025-09-04 11:08:00+02:00,795.9105299192937,611.495149861546,184.41538005774768,176.5584001076345,7.856979950113192
2025-09-04 11:09:00+02:00,797.5821885057339,612.9422042510122,184.6399842547217,176.7681800930419,7.87180416167979
2025-09-04 11:10:00+02:00,799.2357890378119,614.3737532378032,184.8620358000087,176.97556996557614,7.886465834432557
2025-09-04 11:11:00+02:00,800.871285733192,615.7897521695861,185.08153356360597,177.18056892848765,7.9009646351183385
2025-09-04 11:12:00+02:00,802.4886333522318,617.1901569550787,185.29847639715308,177.38317616272082,7.915300234432271
2025-09-04 11:13:00+02:00,804.0877871948205,618.5749240602667,185.51286313455392,177.5833908275595,7.929472306994441
2025-09-04 11:14:00+02:00,805.6687031110338,619.9440105165833,185.72469259445052,177.78121206300563,7.943480531444891
2025-09-04 11:15:00+02:00,807.2313374831458,621.2973739043066,185.93396357883915,177.9766389885507,7.957324590288478
2025-09-04 11:16:00+02:00,808.7756472368733,622.6349723612718,186.14067487560152,178.16967070560486,7.971004169996657
2025-09-04 11:17:00+02:00,810.3015908546943,623.9567654596409,186.3448253950534,178.36030642507066,7.984518969982725
2025-09-04 11:18:00+02:00,811.8091242920839,625.2627106674187,186.5464136246652,178.5485449582273,7.997868666437919
2025-09-04 11:19:00+02:00,813.2982071277368,626.5527686748668,186.74543845287,178.73438548606632,8.011052966803666
2025-09-04 11:20:00+02:00,814.768798440734,627.8268998223278,186.94189861840619,178.91782704514938,8.024071573256812
2025-09-04 11:21:00+02:00,816.2208578509067,629.0850650003913,187.1357928505154,179.09886865858854,8.036924191926868
2025-09-04 11:22:00+02:00,817.6543455156736,630.3272256461861,187.32711986948757,179.27750933661767,8.049610532869908
2025-09-04 11:23:00+02:00,819.0692221268977,631.5533437396953,187.51587838720243,179.45374807716072,8.0621303100417
2025-09-04 11:24:00+02:00,820.4654489208908,632.763381811475,187.7020671094158,179.6275838680286,8.074483241387183
2025-09-04 11:25:00+02:00,821.8429876625733,633.9573029279875,187.8856847345857,179.799015685883,8.086669048702696
2025-09-04 11:26:00+02:00,823.2018006554191,635.1350706992844,188.06672995613474,179.96804249841074,8.098687457723996
2025-09-04 11:27:00+02:00,824.5418507387078,636.296649275703,188.24520146300483,180.134663264901,8.110538198103814
2025-09-04 11:28:00+02:00,825.8631012847504,637.4420033445471,188.4210979402033,180.29887693681528,8.122221003388042
2025-09-04 11:29:00+02:00,827.1655170754156,638.5710988890856,188.5944181863299,180.46068256756473,8.133735618765181
2025-09-04 11:30:00+02:00,828.4490608060585,639.6839001567794,188.76516064927912,180.6200788791207,8.1450817701584
2025-09-04 11:31:00+02:00,829.7136983359724,640.7803742101456,188.93332412582677,180.77706491517907,8.156259210647708
2025-09-04 11:32:00+02:00,830.959395179103,641.8604878836362,189.09890729546683,180.93163960602496,8.167267689441871
2025-09-04 11:33:00+02:00,832.1861173812972,642.9242085432561,189.2619088380411,181.083801878406,8.178106959635095
2025-09-04 11:34:00+02:00,833.3938315294872,643.9715040936701,189.42232743581715,181.2335506575273,8.188776778289848
2025-09-04 11:35:00+02:00,834.5825047376428,645.0023429651724,189.58016177247046,181.3808848661585,8.199276906311939
2025-09-04 11:36:00+02:00,835.7521046556827,646.0166941205738,189.7354105351089,181.52580342657996,8.209607108528969
2025-09-04 11:37:00+02:00,836.9025994674095,647.0145270525866,189.8880724148229,181.66830526114902,8.219767153673857
2025-09-04 11:38:00+02:00,838.0339578880445,647.9958117808645,190.03814610717993,181.80838929281813,8.229756814361805
2025-09-04 11:39:00+02:00,839.1461491723214,648.9605188582125,190.18563031410895,181.94605444694818,8.239575867160777
2025-09-04 11:40:00+02:00,840.2391438287743,649.908619989407,190.33052383936732,182.08129974046875,8.249224098898567
2025-09-04 11:41:00+02:00,841.3129107087391,650.8400855052715,190.4728252034675,182.21412392250278,8.258701280964726
2025-09-04 11:42:00+02:00,842.3674214021667,651.7548881749841,190.6125332271826,182.3445260190674,8.26800720811523
2025-09-04 11:43:00+02:00,843.4026472908629,652.6530006492162,190.74964664164673,182.4725049691883,8.277141672458432
2025-09-04 11:44:00+02:00,844.418560295436,653.5343961072895,190.8841641881466,182.59805971809823,8.286104470048373
2025-09-04 11:45:00+02:00,845.4151328639521,654.3990482465899,191.0160846173621,182.72118921657673,8.294895400785371
2025-09-04 11:46:00+02:00,846.3923379792401,655.2469312881683,191.14540669107177,182.84189242259393,8.303514268477839
2025-09-04 11:47:00+02:00,847.3501491574373,656.0780199747569,191.27212918268037,182.9601683018489,8.311960880831458
2025-09-04 11:48:00+02:00,848.2885404459146,656.8922895682558,191.39625087765873,183.07601582823028,8.320235049428451
2025-09-04 11:49:00+02:00,849.2074864302739,657.6897158551023,191.51777057517154,183.1894339853827,8.328336589788858
2025-09-04 11:50:00+02:00,850.1069622241407,658.4702751367278,191.636687087413,183.3004217661319,8.33626532128111
2025-09-04 11:51:00+02:00,850.9869440593943,659.2339447410989,191.7529993182954,183.4089782459744,8.34402107232099
2025-09-04 11:52:00+02:00,851.8474069372717,659.9807009836067,191.86670595366508,183.51510229399472,8.35160365967037
2025-09-04 11:53:00+02:00,852.6883281676245,660.710522237868,191.97780592975653,183.6187930101259,8.359012919630617
2025-09-04 11:54:00+02:00,853.5096850015614,661.423386880649,192.0862981209124,183.72004943373696,8.366248687175437
2025-09-04 11:55:00+02:00,854.3114552186411,662.1192738008046,192.1921814178364,183.81887061671142,8.37331080112497
2025-09-04 11:56:00+02:00,855.0936171334308,662.7981624043551,192.29545472907574,183.91525562487178,8.380199104203964
2025-09-04 11:57:00+02:00,855.8561495952866,663.4600326136896,192.39611698159706,184.00920353855875,8.386913443038296
2025-09-04 11:58:00+02:00,856.5990319813516,664.1048648608945,192.49416712045706,184.10071345236506,8.393453668092015
2025-09-04 11:59:00+02:00,857.3222442107757,664.7326400995192,192.58960411125645,184.18978447746392,8.399819633792541
2025-09-04 12:00:00+02:00,858.0257667307428,665.3433397918805,192.6824269388624,184.27641574045603,8.406011198406368
2025-09-04 12:01:00+02:00,858.7095805234081,665.9369459145267,192.7726346088814,184.36060638478304,8.412028224098346
2025-09-04 12:02:00+02:00,859.3736675434844,666.5134413375779,192.86022620590654,184.44235562512526,8.417870580781278
2025-09-04 12:03:00+02:00,860.0180089489004,667.0728082882139,192.94520066068648,184.5216625301378,8.423538130548673
2025-09-04 12:04:00+02:00,860.6425877778134,667.6150306740877,193.02755710372574,184.59852635249936,8.42903075122637
2025-09-04 12:05:00+02:00,861.2473871466672,668.1400925185595,193.10729462810767,184.67294630759156,8.43434832051612
2025-09-04 12:06:00+02:00,861.8323907074243,668.6479783571367,193.18441235028757,184.74492163026756,8.43949072002001
2025-09-04 12:07:00+02:00,862.3975826460083,669.1386732356419,193.2589094103664,184.81445157514344,8.444457835222964
2025-09-04 12:08:00+02:00,862.942947681841,669.6121627093615,193.33078497247945,184.88153541698875,8.449249555490693
2025-09-04 12:09:00+02:00,863.4684710715833,670.0684328458441,193.4000382257392,184.94617245164002,8.45386577409916
2025-09-04 12:10:00+02:00,863.9741386033552,670.5074702194559,193.4666683838993,185.008361995715,8.458306388184303
2025-09-04 12:11:00+02:00,864.4599366008179,670.929261914509,193.53067468630888,185.06810338753255,8.462571298776343
2025-09-04 12:12:00+02:00,864.9258519223541,671.3337955241525,193.59205639820163,185.1253959874091,8.46666041079254
2025-09-04 12:13:00+02:00,865.3718719600886,671.7210591491315,193.650812810957,185.18023917793107,8.470573633025928
2025-09-04 12:14:00+02:00,865.7979849226233,672.0910416429158,193.70694327970753,185.2326323990816,8.47431088062593
2025-09-04 12:15:00+02:00,866.2041787003564,672.4437316261249,193.7604470742315,185.28257500908606,8.477872065145455
2025-09-04 12:16:00+02:00,866.5904425833738,672.7791189777892,193.81132360558465,185.3300664959778,8.481257109606855
2025-09-04 12:17:00+02:00,866.9567661044881,673.0971938304697,193.85957227401843,185.37510633566436,8.48446593835408
2025-09-04 12:18:00+02:00,867.3031393308341,673.3979468231284,193.90519250770566,185.41769402809794,8.487498479607721
2025-09-04 12:19:00+02:00,867.6295528668761,673.6813691034514,193.9481837634247,185.457829097931,8.490354665493697
2025-09-04 12:20:00+02:00,867.9359978502882,673.9474523239887,193.98854552629945,185.49551109429552,8.493034432003922
2025-09-04 12:21:00+02:00,868.2224659547427,674.1961886443141,194.02627731042853,185.53073959140764,8.495537719020886
2025-09-04 12:22:00+02:00,868.4889493894323,674.4275707303656,194.0613786590667,185.56351418875283,8.497864470313845
2025-09-04 12:23:00+02:00,868.7354408984587,674.641591753679,194.09384914477974,185.59383451124876,8.500014633530972
2025-09-04 12:24:00+02:00,868.9619337629035,674.838245392975,194.12368836992854,185.6217002097099,8.501988160218648
2025-09-04 12:25:00+02:00,869.168421929756,675.0175259458963,194.1508959838598,185.64711097691898,8.503785006940838
2025-09-04 12:26:00+02:00,869.3548994735113,675.1794278613681,194.17547161214316,185.6700664815468,8.50540513059635
2025-09-04 12:27:00+02:00,869.5213614263388,675.3239464602125,194.19741496612633,185.69056647048566,8.50684849564067
2025-09-04 12:28:00+02:00,869.6678032108032,675.4510774424646,194.21672576833856,185.70861069918925,8.5081150691493
2025-09-04 12:29:00+02:00,869.7942207860783,675.5608170141868,194.23340377189157,185.72419894980135,8.509204822090213
2025-09-04 12:30:00+02:00,869.9006106462087,675.6531618858404,194.24744876036831,185.7373310310612,8.51011772930712
2025-09-04 12:31:00+02:00,869.9869698214759,675.7281092733715,194.25886054810437,185.7480067785713,8.51085376953307
2025-09-04 12:32:00+02:00,870.0532958779463,675.7856568977318,194.26763898021457,185.75622605483005,8.511412925384516
2025-09-04 12:33:00+02:00,870.0995869175867,675.8258029849111,194.27378393267566,185.76198874931188,8.511795183363768
2025-09-04 12:34:00+02:00,870.125841578437,675.848546266033,194.27729531240394,185.7652947785452,8.512000533858725
2025-09-04 12:35:00+02:00,870.1320590342104,675.8538859769735,194.2781730572369,185.76614408609632,8.512028971140568
2025-09-04 12:36:00+02:00,870.1182389787162,675.8418218447712,194.27641713394505,185.76453664073654,8.511880493208515
2025-09-04 12:37:00+02:00,870.084381676132,675.8123541314479,194.27202754468408,185.76047244238077,8.51155510230332
2025-09-04 12:38:00+02:00,870.030487905616,675.7654835856741,194.2650043199419,185.753951515629,8.511052804312907
2025-09-04 12:39:00+02:00,869.9565589845345,675.7012114631352,194.25534752139924,185.74497391235042,8.510373609048834
2025-09-04 12:40:00+02:00,869.8625967663859,675.6195395247328,194.2430572416531,185.73353971144377,8.509517530209346
2025-09-04 12:41:00+02:00,869.7486036404913,675.5204700363784,194.22813360411294,185.7196490187355,8.508484585377436
2025-09-04 12:42:00+02:00,869.6145825320563,675.4040057691295,194.2105767629267,185.70330196690503,8.507274796021687
2025-09-04 12:43:00+02:00,869.4605369024159,675.270149999494,194.1903869029219,185.6844987154235,8.505888187498375
2025-09-04 12:44:00+02:00,869.286470747891,675.118906508552,194.16756423933907,185.66323945029674,8.504324789042327
2025-09-04 12:45:00+02:00,869.092388601367,674.9502795834534,194.14210901791367,185.6395243841334,8.502584633780263
2025-09-04 12:46:00+02:00,868.8782955312275,674.7642740166366,194.11402151459097,185.61335375586842,8.500667758722557
2025-09-04 12:47:00+02:00,868.6441969779002,674.5608949639886,194.0833020139115,185.58472781060863,8.498574203302862
2025-09-04 12:48:00+02:00,868.390099395564,674.3401485025153,194.0499508930487,185.5536468779338,8.496304015114896
2025-09-04 12:49:00+02:00,868.1160093083774,674.1020408106091,194.01396849776833,185.5201112562942,8.493857241474133
2025-09-04 12:50:00+02:00,867.821933927629,673.8465787044263,193.97535522320265,185.48412128826556,8.491233934937087
2025-09-04 12:51:00+02:00,867.5078809997448,673.5737695060674,193.93411149367736,185.4456773417327,8.48843415194466
2025-09-04 12:52:00+02:00,867.1738588065109,673.2836210440071,193.8902377625038,185.40477980968146,8.485457952822332
2025-09-04 12:53:00+02:00,866.8198761657904,672.9761416539761,193.84373451181426,185.36142911002543,8.482305401788823
2025-09-04 12:54:00+02:00,866.4459424287436,672.6513401768198,193.7946022519238,185.31562568499237,8.478976566931426
2025-09-04 12:55:00+02:00,866.0520674836895,672.3092259621386,193.74284152155087,185.26737000130996,8.475471520240928
2025-09-04 12:56:00+02:00,865.6382617534457,671.9498088662823,193.68845288716346,185.2166625495747,8.471790337588757
2025-09-04 12:57:00+02:00,865.204536195942,671.5730992532051,193.63143694273688,185.16350384400266,8.467933098734228
2025-09-04 12:58:00+02:00,864.7509023040752,671.1791079946693,193.5717943094059,185.107894422083,8.463899887322903
2025-09-04 12:59:00+02:00,864.2773717823617,670.7678461897759,193.5095255925858,185.0498348045714,8.459690788014408
2025-09-04 13:00:00+02:00,863.7839578267651,670.3393262768512,193.44463154991385,184.98932565205578,8.45530589785806
2025-09-04 13:01:00+02:00,863.2706732246631,669.8935603836479,193.37711284101528,184.92636753161,8.45074530940529
2025-09-04 13:02:00+02:00,862.737531608158,669.4305614162488,193.3069701919091,184.8609610700564,8.446009121852702
2025-09-04 13:03:00+02:00,862.1845471438623,668.9503427900486,193.23420435381374,184.79310691553096,8.44109743828278
2025-09-04 13:04:00+02:00,861.6117345340039,668.4529184311422,193.15881610286172,184.72280573718476,8.436010365676957
2025-09-04 13:05:00+02:00,861.0191090119678,667.9383027728877,193.0808062390801,184.65005822420486,8.43074801487524
2025-09-04 13:06:00+02:00,860.4066863486837,667.4065107619117,193.00017558677203,184.5748650861359,8.425310500636135
2025-09-04 13:07:00+02:00,859.7744828482366,666.8575578547608,192.91692499347585,184.49722705187932,8.419697941596532
2025-09-04 13:08:00+02:00,859.1225153488692,666.2914600192559,192.83105532961335,184.41714486933057,8.413910460282786
2025-09-04 13:09:00+02:00,858.4508012241379,665.708233735989,192.74256748814886,184.33461930502781,8.407948183121045
2025-09-04 13:10:00+02:00,857.7593579075949,665.1078955861558,192.65146232143908,184.24965108521698,8.401811236222114
2025-09-04 13:11:00+02:00,857.0482047679832,664.4904638801754,192.55774088780782,184.16224112578595,8.395499762021867
2025-09-04 13:12:00+02:00,856.3173603222806,663.8559562384879,192.46140408379264,184.07239018924292,8.389013894549716
2025-09-04 13:13:00+02:00,855.5668440782683,663.2043911919068,192.3624528863615,183.98009911057895,8.38235377578256
2025-09-04 13:14:00+02:00,854.7966760788352,662.5357877865198,192.2608882923154,183.88536874071508,8.375519551600313
2025-09-04 13:15:00+02:00,854.0068768961906,661.8501655792447,192.15671131694594,183.78819994520882,8.368511371737126
2025-09-04 13:16:00+02:00,853.1974676403528,661.1475446457864,192.0499229945664,183.68859360470992,8.361329389856492
2025-09-04 13:17:00+02:00,852.3684699534182,660.4279455762637,191.9405243771545,183.58655061365243,8.353973763502061
2025-09-04 13:18:00+02:00,851.5199060109023,659.6913894769876,191.82851653391467,183.48207187980506,8.3464446541096
2025-09-04 13:19:00+02:00,850.6517985233519,658.9378979724911,191.71390055086076,183.3751583238365,8.338742227024259
2025-09-04 13:20:00+02:00,849.7641707297696,658.1674932004563,191.59667752931324,183.26581087787304,8.3308666514402
2025-09-04 13:21:00+02:00,848.8570457924559,657.3801972871648,191.47684850529112,183.15403041025638,8.32281809503473
2025-09-04 13:22:00+02:00,847.9304492368167,656.5760344656508,191.3544147711659,183.03981802555097,8.314596745614912
2025-09-04 13:23:00+02:00,846.9844053031275,655.7550279100669,191.22937739306056,182.92317461431014,8.306202778750427
2025-09-04 13:24:00+02:00,846.0189393684574,654.9172018383848,191.10173753007257,182.8041011508104,8.29763637926217
2025-09-04 13:25:00+02:00,845.0340773376903,654.06258098455,190.97149635314034,182.68259861732034,8.28889773582
2025-09-04 13:26:00+02:00,844.0298456542837,653.1911906085309,190.83865504575286,182.5586680047137,8.279987041039176
2025-09-04 13:27:00+02:00,843.0062712931383,652.3030564908504,190.7032148022879,182.43231031087095,8.270904491416964
2025-09-04 13:28:00+02:00,841.9633817623926,651.3982049348805,190.56517682751215,182.30352654016167,8.261650287350486
2025-09-04 13:29:00+02:00,840.9012051054399,650.4766627693328,190.4245423361071,182.17231770295282,8.25222463315427
2025-09-04 13:30:00+02:00,839.8197698930401,649.5384573421713,190.28131255086876,182.03868481387806,8.242627736990698
2025-09-04 13:31:00+02:00,838.7191052352055,648.5836165316919,190.1354887035136,181.90262889253705,8.232859810976537
2025-09-04 13:32:00+02:00,837.5992400160228,647.6121680835438,189.98707193247898,181.76415086808768,8.222921064391311
2025-09-04 13:33:00+02:00,836.4602059123749,646.6241422301368,189.83606368223806,181.62325195176746,8.212811730470595
2025-09-04 13:34:00+02:00,835.3020328904361,645.6195677847822,189.68246510565382,181.47993307921755,8.202532026436282
2025-09-04 13:35:00+02:00,834.124752188106,644.5984747297053,189.52627745840059,181.33419527843483,8.192082179965764
2025-09-04 13:36:00+02:00,832.9283955834892,643.5608935822779,189.36750200121122,181.18603957850996,8.181462422701253
2025-09-04 13:37:00+02:00,831.7129953864971,642.5068553885563,189.20613999794077,181.03546700776826,8.170672990172516
2025-09-04 13:38:00+02:00,830.4785844410558,641.4363917260442,189.0421927150116,180.8824785931913,8.159714121820278
2025-09-04 13:39:00+02:00,829.225196127669,640.3495347067551,188.87566142091393,180.7270753598983,8.14858606101564
2025-09-04 13:40:00+02:00,827.9528643542135,639.2463169700931,188.70654738412048,180.56925832914087,8.137289054979618
2025-09-04 13:41:00+02:00,826.6616235701017,638.1267716960017,188.53485187410004,180.40902851919154,8.12582335490851
2025-09-04 13:42:00+02:00,825.3515087572325,636.9909325979925,188.36057615924003,180.24638694334772,8.114189215892317
2025-09-04 13:43:00+02:00,824.0225554325013,635.8388339262117,188.1837215062896,180.08133460935204,8.102386896937558
2025-09-04 13:44:00+02:00,822.674798740489,634.670509681845,188.00428905864402,179.913872405736,8.090416652908019
2025-09-04 13:45:00+02:00,821.3082770714134,633.4859967542523,187.82228031716116,179.74400155050387,8.078278766657297
2025-09-04 13:46:00+02:00,819.9230266537367,632.2853302343955,187.6376964193412,179.5717229183395,8.0659735010017
2025-09-04 13:47:00+02:00,818.5190851469973,631.068546530321,187.45053861667637,179.39703748604697,8.053501130629407
2025-09-04 13:48:00+02:00,817.09649074717,629.8356825925329,187.26080815463723,179.21994622048405,8.040861934153192
2025-09-04 13:49:00+02:00,815.655282189677,628.5867759175491,187.06850627212793,179.04045007799115,8.028056194136784
2025-09-04 13:50:00+02:00,814.1954987390101,627.3218645398595,186.87363419915064,178.85855000214917,8.015084197001471
2025-09-04 13:51:00+02:00,812.7171802052228,626.0409870471784,186.67619315804444,178.67424692487415,8.00194623317029
2025-09-04 13:52:00+02:00,811.2203669336437,624.7441825725016,186.47618436114217,178.48754176416637,7.988642596975817
2025-09-04 13:53:00+02:00,809.7050998079436,623.4314907977466,186.27360901019702,178.29843542351054,7.975173586686477
2025-09-04 13:54:00+02:00,808.1714202535262,622.1029519576753,186.06846829585092,178.10692879131736,7.961539504533553
2025-09-04 13:55:00+02:00,806.6193691796406,620.7586059246146,185.86076325502597,177.91302260772198,7.94774064730399
2025-09-04 13:56:00+02:00,805.0489911723646,619.3984958412498,185.65049533111488,177.7167179874962,7.933777343618701
2025-09-04 13:57:00+02:00,803.4603282391568,618.0226627033256,185.43766553583117,177.5180156375171,7.91964989831409
2025-09-04 13:58:00+02:00,801.853423963021,616.6311489589795,185.2222750040416,177.31691637466866,7.905358629372941
2025-09-04 13:59:00+02:00,800.2283224715911,615.2239976167821,185.004324854809,177.11342099605326,7.8909038587557365
2025-09-04 14:00:00+02:00,798.585068422476,613.8012522340972,184.78381618837872,176.9075302761093,7.876285912269415
2025-09-04 14:01:00+02:00,796.9237070343438,612.3629569450464,184.5607500892973,176.69924496945737,7.861505119839932
2025-09-04 14:02:00+02:00,795.2442840572462,610.9091564358754,184.33512762137087,176.48856580612542,7.846561815245442
2025-09-04 14:03:00+02:00,793.5468457884738,609.4398959597564,184.10694982871735,176.2754934924624,7.831456336254934
2025-09-04 14:04:00+02:00,791.8314390735709,607.9552213387426,183.87621773482826,176.06002871019575,7.816189024632517
2025-09-04 14:05:00+02:00,790.0981112941639,606.4551789543289,183.64293233983503,175.84217211380664,7.800760226028389
2025-09-04 14:06:00+02:00,788.3469092077614,604.9398147446474,183.40709446311408,175.62192418347075,7.785170279643335
2025-09-04 14:07:00+02:00,786.577883645104,603.4091782702262,183.16870537487776,175.3992858148327,7.769419560045061
2025-09-04 14:08:00+02:00,784.7910824681811,601.8633166214817,182.92776584669943,175.1742574322248,7.753508414474618
2025-09-04 14:09:00+02:00,782.9865552600219,600.3022784781483,182.68427678187356,174.9468395772845,7.737437204589074
2025-09-04 14:10:00+02:00,781.1643521436525,598.7261130883898,182.4382390552628,174.71703275931606,7.7212062959467564
2025-09-04 14:11:00+02:00,779.3245238034286,597.1348702883942,182.18965351503448,174.4848374568447,7.704816058189767
2025-09-04 14:12:00+02:00,777.4671214724996,595.5286004926936,181.93852097980593,174.25025411487567,7.6882668649302675
2025-09-04 14:13:00+02:00,775.5921969374026,593.9073546993021,181.68484223810052,174.0132831443164,7.671559093784108
2025-09-04 14:14:00+02:00,773.6998025425486,592.2711844947759,181.42861804777274,173.77392492136494,7.65469312640781
2025-09-04 14:15:00+02:00,771.7899911772813,590.6201420442155,181.16984913306572,173.53217978468783,7.637669348377894
2025-09-04 14:16:00+02:00,769.8628162983287,588.954280111873,180.90853618645562,173.28804803707206,7.620488149383575
2025-09-04 14:17:00+02:00,767.9183306071611,587.2736509192621,180.64467968789904,173.04152977647072,7.603149911428323
2025-09-04 14:18:00+02:00,765.9565912821511,585.5783106684329,180.37828061371812,172.79262555823968,7.585655055478434
2025-09-04 14:19:00+02:00,763.9776521598335,583.8683127854232,180.10933937441033,172.54133540266866,7.568003971741657
2025-09-04 14:20:00+02:00,761.9815689258915,582.1437124082313,179.83785651766016,172.28765945171727,7.55019706594287
2025-09-04 14:21:00+02:00,759.9683978403924,580.4045652862212,179.5638325541712,172.03159780621806,7.532234747953138
2025-09-04 14:22:00+02:00,757.9381957246069,578.6509277699956,179.2872679546112,171.77315052294603,7.514117431665179
2025-09-04 14:23:00+02:00,755.8910199661199,576.8828568170953,179.0081631490245,171.51231761399194,7.495845535032579
2025-09-04 14:24:00+02:00,753.8269285243131,575.1004099980221,178.726518526291,171.2490990461801,7.4774194801108775
2025-09-04 14:25:00+02:00,751.7459799166172,573.3036454856724,178.4423344309448,170.9834947380175,7.458839692927309
2025-09-04 14:26:00+02:00,749.648233243144,571.4926220779236,178.15561116522042,170.71550456152696,7.4401066036934616
2025-09-04 14:27:00+02:00,747.5337481730908,569.6673991872239,177.86634898586695,170.4451283391909,7.421220646676065
2025-09-04 14:28:00+02:00,745.4025849503664,567.8280368467907,177.57454810357572,170.172365843337,7.402182260238732
2025-09-04 14:29:00+02:00,743.2548029536122,565.9745944694173,177.28020848419487,169.8972166102287,7.382991873966179
2025-09-04 14:30:00+02:00,741.0904664541922,564.1071358175645,176.98333063662773,169.6196806765216,7.363649960106135
2025-09-04 14:31:00+02:00,738.9096360006121,562.2257215698612,176.6839144307509,169.33975747417165,7.344156956579249
2025-09-04 14:32:00+02:00,736.7123741543788,560.3304142724825,176.38195988189634,169.0574465636778,7.32451331821854
2025-09-04 14:33:00+02:00,734.4987440614145,558.4212771076637,176.07746695375084,168.77274744975466,7.304719503996173
2025-09-04 14:34:00+02:00,732.2688094583218,556.4983739005293,175.77043555779252,168.48565958072265,7.2847759770698755
2025-09-04 14:35:00+02:00,730.0226346579159,554.5617691080612,175.46086554985465,168.19618234521067,7.2646832046439735
2025-09-04 14:36:00+02:00,727.7602845764463,552.6115278440269,175.14875673241937,167.90431507421775,7.244441658201632
2025-09-04 14:37:00+02:00,725.481824719204,550.6477158680431,174.83410885116103,167.61005703779406,7.224051813366966
2025-09-04 14:38:00+02:00,723.1873211871771,548.6703995928003,174.5169215943768,167.31340744442429,7.203514149952538
2025-09-04 14:39:00+02:00,720.876840683651,546.6796460912591,174.19719459239195,167.0143654403834,7.1828291520085665
2025-09-04 14:40:00+02:00,718.5504489342513,544.6755217371928,173.87492719705864,166.71292990339703,7.161997293661616
2025-09-04 14:41:00+02:00,716.208216966095,542.6580976158272,173.55011935026783,166.40910025493505,7.141019095332769
2025-09-04 14:42:00+02:00,713.8502117330426,540.6274414492917,173.22277028375086,166.1028752439718,7.119895039779058
2025-09-04 14:43:00+02:00,711.4765023521231,538.5836229709399,172.89287938118318,165.7942537532598,7.098625627923392
2025-09-04 14:44:00+02:00,709.0871585561543,536.5267125938008,172.56044596235358,165.48323459736676,7.077211364986822
2025-09-04 14:45:00+02:00,706.6822506788367,534.4567813993567,172.22546927947994,165.16981651913787,7.055652760342073
2025-09-04 14:46:00+02:00,704.2618496843287,532.373901164638,171.8879485196907,164.85399819192517,7.033950327765526
2025-09-04 14:47:00+02:00,701.8260271524815,530.2781443511615,171.54788280132007,164.53577821602815,7.012104585291935
2025-09-04 14:48:00+02:00,699.3748552865646,528.1695841132488,171.20527117331585,164.21515511804736,6.990116055268491
2025-09-04 14:49:00+02:00,696.9084069207433,526.0482943061547,170.86011261458867,163.8921273501786,6.96798526441006
2025-09-04 14:50:00+02:00,694.4267555053746,523.9143494751293,170.5124060302453,163.56669328659518,6.945712743650109
2025-09-04 14:51:00+02:00,691.9299734581602,521.7678234397716,170.16215001838867,163.23885100506396,6.923299013324703
2025-09-04 14:52:00+02:00,689.4181388568925,519.6087950493572,169.80934380753519,162.90859916429503,6.900744643240152
2025-09-04 14:53:00+02:00,686.891325401557,517.43733955486,169.45398584669687,162.57593568414848,6.87805016254838
2025-09-04 14:54:00+02:00,684.3496091098697,515.2535343673102,169.0960747425595,162.24085862272662,6.855216119832878
2025-09-04 14:55:00+02:00,681.7930666328703,513.0574576113719,168.73560902149836,161.90336595352514,6.83224306797323
2025-09-04 14:56:00+02:00,679.2217752869884,510.849188154744,168.37258713224443,161.56345556782722,6.8091315644172115
2025-09-04 14:57:00+02:00,676.6358130392001,508.62880559727813,168.00700744192198,161.221125270892,6.785882171029971
2025-09-04 14:58:00+02:00,674.0352585156428,506.39639028027904,167.63886823536373,160.87637278120886,6.762495454154872
2025-09-04 14:59:00+02:00,671.420191010757,504.1520232962752,167.2681677144818,160.52919572980466,6.738971984677149
2025-09-04 15:00:00+02:00,668.7906904719089,501.8957864777747,166.8949039941341,160.17959165626561,6.715312337868486
2025-09-04 15:01:00+02:00,666.1468375329023,499.62776242800436,166.51907510489792,159.82755801122806,6.69151709366985
2025-09-04 15:02:00+02:00,663.4887117117215,497.3480329773895,166.140678734332,159.47309191388626,6.667586820445727
2025-09-04 15:03:00+02:00,660.8163985596409,495.05668531663326,165.75971324300758,159.1161911036784,6.643522139329187
2025-09-04 15:04:00+02:00,658.1299789756794,492.75380283435504,165.37617614132435,158.75685251331896,6.61932362800538
2025-09-04 15:05:00+02:00,655.4295363117117,490.4394712132272,164.99006509848448,158.39507321383186,6.594991884652628
2025-09-04 15:06:00+02:00,652.7151546299635,488.1137769374464,164.60137769251716,158.03085018028213,6.570527512235037
2025-09-04 15:07:00+02:00,649.9869186878161,485.77680728185993,164.21011140595624,157.66418028760972,6.545931118346521
2025-09-04 15:08:00+02:00,647.2449139479329,483.4286503228283,163.81626362510457,157.29506030982375,6.521203315280807
2025-09-04 15:09:00+02:00,644.4892265888329,481.06939494949364,163.41983163933926,156.92348691923516,6.496344720104096
2025-09-04 15:10:00+02:00,641.7199434893241,478.6991308527077,163.02081263661637,156.5494566821211,6.471355954495263
2025-09-04 15:11:00+02:00,638.9371522654359,476.31794855892537,162.61920370651055,156.17296606145806,6.4462376450525
2025-09-04 15:12:00+02:00,636.1409412548801,473.92593941922325,162.21500183565684,155.79401141252228,6.420990423134559
2025-09-04 15:13:00+02:00,633.3313995284703,471.5231956214202,161.8082039070501,155.41258898211265,6.395614924937464
2025-09-04 15:14:00+02:00,630.5086150036921,469.1098085798644,161.3988064238276,155.0286946494014,6.3701117744262215
2025-09-04 15:15:00+02:00,627.6726820104312,466.68587540585304,160.9868066045782,154.64232495290875,6.344481651669454
2025-09-04 15:16:00+02:00,624.823689970996,464.25148923187186,160.57220073912418,154.25347554858155,6.318725190542643
2025-09-04 15:17:00+02:00,621.9617309484561,461.806745668138,160.15498528031807,153.86214223342395,6.292843046894125
2025-09-04 15:18:00+02:00,619.0868977698361,459.3517412003001,159.735156569536,153.4683206879698,6.266835881566199
2025-09-04 15:19:00+02:00,616.199284038167,456.8865732023067,159.3127108358603,153.07200647538224,6.240704360478059
2025-09-04 15:20:00+02:00,613.2989841177773,454.4113399264723,158.88764419130496,152.67319503683856,6.214449154466395
2025-09-04 15:21:00+02:00,610.3860931735962,451.9261405396905,158.45995263390574,152.2718816942924,6.188070939613338
2025-09-04 15:22:00+02:00,607.4607071566542,449.43107511375615,158.029632042898,151.868061645809,6.161570397088978
2025-09-04 15:23:00+02:00,604.522922817086,446.9262446392084,157.5966781778776,151.4617299646383,6.134948213239304
2025-09-04 15:24:00+02:00,601.5728377166691,444.4117510388136,157.16108667785556,151.05288159818184,6.108205079673724
2025-09-04 15:25:00+02:00,598.6105482244736,441.8876954628527,156.7228527616209,150.6415110865668,6.081341675054128
2025-09-04 15:26:00+02:00,595.6361575111862,439.3541851031226,156.28197240806364,150.22761367049372,6.054358737569904
2025-09-04 15:27:00+02:00,592.6497636168139,436.81132302877376,155.83844058804013,149.81118363134124,6.027256956698888
2025-09-04 15:28:00+02:00,589.6514674016403,434.2592149645801,155.39225243706014,149.39221539178484,6.00003704527529
2025-09-04 15:29:00+02:00,586.6413705783666,431.6979676169283,154.94340296143838,148.97070323982425,5.972699721614125
2025-09-04 15:30:00+02:00,583.6195756977652,429.1276886646963,154.49188703306888,148.5466413237167,5.9452457093521796
2025-09-04 15:31:00+02:00,580.5861861916128,426.5484867989112,154.0376993927016,148.12002365489866,5.917675737802944
2025-09-04 15:32:00+02:00,577.5413063588901,423.96047171418644,153.58083464470369,147.69084410290256,5.889990541801124
2025-09-04 15:33:00+02:00,574.4850413808539,421.3637541247756,153.12128725607826,147.2590963942732,5.86219086180506
2025-09-04 15:34:00+02:00,571.4174973360928,418.75844578065517,152.65905155543763,146.82477411143714,5.8342774440004925
2025-09-04 15:35:00+02:00,568.3387811873132,416.14465945965344,152.19412172765976,146.38787068751347,5.806251040146296
2025-09-04 15:36:00+02:00,565.2489987498727,413.52250724722154,151.72649150265119,145.94837911361668,5.778112389034501
2025-09-04 15:37:00+02:00,562.1482629742964,410.8921075681762,151.25615540612014,145.50629311422836,5.749862291891797
2025-09-04 15:38:00+02:00,559.0366815304262,408.2535746534579,150.78310687696825,145.06160537769497,5.721501499273259
2025-09-04 15:39:00+02:00,555.914365104416,405.6070255856739,150.3073395187421,144.61430873216398,5.693030786578126
2025-09-04 15:40:00+02:00,552.7814253181506,402.9525785367222,149.82884678142838,144.16439584635998,5.664450935068412
2025-09-04 15:41:00+02:00,549.6379747746328,400.2903528099718,149.347621964661,143.71185923241347,5.635762732247522
2025-09-04 15:42:00+02:00,546.4841270468266,397.6204688345676,148.86365821225905,143.25669124054176,5.606966971717303
2025-09-04 15:43:00+02:00,543.3199966945485,394.9430481835794,148.37694851096916,142.79888405767335,5.578064453295815
2025-09-04 15:44:00+02:00,540.145699276331,392.258213587949,147.887485688382,142.33842970529557,5.549055983086409
2025-09-04 15:45:00+02:00,536.9613513680016,389.5660889561755,147.39526241182608,141.87532003822068,5.519942373605403
2025-09-04 15:46:00+02:00,533.7670705506705,386.866799368211,146.90027118245956,141.40954673882428,5.490724443635279
2025-09-04 15:47:00+02:00,530.5629733075803,384.16046930361614,146.40250400396414,140.9411010050342,5.46140299892994
2025-09-04 15:48:00+02:00,527.3491836141794,381.4472299004719,145.90195371370754,140.46997480291392,5.431978910793603
2025-09-04 15:49:00+02:00,524.1258200658184,378.72720808706805,145.39861197875038,139.9961589805098,5.402452998240595
2025-09-04 15:50:00+02:00,520.8930044850196,376.00053385718735,144.89247062783224,139.5196445211204,5.372826106711848
2025-09-04 15:51:00+02:00,517.6508597662313,373.26733845369097,144.3835213125403,139.04042222422814,5.343099088312153
2025-09-04 15:52:00+02:00,514.3995099258938,370.52775441523784,143.8717555106559,138.5584827084297,5.313272802226195
2025-09-04 15:53:00+02:00,511.13908009309944,367.7819155729666,143.3571645201328,138.07381640554436,5.2833481145884456
2025-09-04 15:54:00+02:00,507.86969653040455,365.0299570726889,142.83973945771567,137.58641355908605,5.253325898629607
2025-09-04 15:55:00+02:00,504.59148665522594,362.27201539763485,142.31947125759106,137.09626422276347,5.2232070348275945
2025-09-04 15:56:00+02:00,501.304579031003,359.5082283658455,141.7963506651575,136.60335825437684,5.192992410780652
2025-09-04 15:57:00+02:00,498.00910341947304,356.738735179055,141.27036824041798,136.10768531877574,5.162682921642252
2025-09-04 15:58:00+02:00,494.70519077294773,353.9636764211729,140.7415143517748,135.60923488177264,5.1322794700021745
2025-09-04 15:59:00+02:00,491.39297103292154,351.18319221593174,140.20977881698977,135.10799587142404,5.101782945565733
2025-09-04 16:00:00+02:00,488.0725820434826,348.3974297134999,139.67515232998272,134.60395802279808,5.071194307184629
2025-09-04 16:01:00+02:00,484.7441562168093,345.60653190191164,139.1376243148977,134.0971098548611,5.040514460036593
2025-09-04 16:02:00+02:00,481.4078294679,342.81064511382823,138.59718435407177,133.58744001624538,5.009744337826385
2025-09-04 16:03:00+02:00,478.06373898238604,340.0099171576351,138.05382182475097,133.07493694255595,4.978884882195023
2025-09-04 16:04:00+02:00,474.71202326739547,337.2044973656043,137.50752590179115,132.5595888586564,4.9479370431347505
2025-09-04 16:05:00+02:00,471.35282213846324,334.3945365885697,136.95828554989356,132.04138377107031,4.916901778823233
2025-09-04 16:06:00+02:00,467.98627673968525,331.5801872185724,136.40608952111285,131.5203094653568,4.885780055756046
2025-09-04 16:07:00+02:00,464.6125295945501,328.76160323721973,135.85092635733037,130.99635350816294,4.854572849167423
2025-09-04 16:08:00+02:00,461.2317246014803,325.9389402178897,135.29278438359063,130.46950324065244,4.8232811429381774
2025-09-04 16:09:00+02:00,457.8440070608112,323.1123553543327,134.7316517064785,129.93974577668385,4.791905929794647
2025-09-04 16:10:00+02:00,454.44952142387984,320.282005590662,134.16751583321786,129.40706764282695,4.760448190390924
2025-09-04 16:11:00+02:00,451.0484203994238,317.4480552193689,133.6003651800549,128.87145620239335,4.72890897766154
2025-09-04 16:12:00+02:00,447.6408513557432,314.6106645496733,133.03018680606993,128.33289751531407,4.697289290755866
2025-09-04 16:13:00+02:00,444.2269654190021,311.76999750151754,132.4569679174846,127.79137775819504,4.665590159289566
2025-09-04 16:14:00+02:00,440.8069152287638,308.92621974005056,131.88069548871323,127.24688286621324,4.633812622499992
2025-09-04 16:15:00+02:00,437.3808549682291,306.07949870748837,131.3013562607407,126.69939853126549,4.601957729475207
2025-09-04 16:16:00+02:00,433.9489403630165,303.23000362894095,130.71893673407558,126.14891019498435,4.570026539091243
2025-09-04 16:17:00+02:00,430.5113287444742,300.37790557195524,130.13342317251895,125.59540305197056,4.538020120548391
2025-09-04 16:18:00+02:00,427.0681790494899,297.52337745339076,129.54480159609918,125.03886204278012,4.505939553319039
2025-09-04 16:19:00+02:00,423.61965185268957,294.6665940733137,128.95305777937583,124.47927185197894,4.473785927396886
2025-09-04 16:20:00+02:00,420.1659093999758,291.80773215007986,128.35817724989596,123.9166169063392,4.441560343556752
2025-09-04 16:21:00+02:00,416.7071132884808,288.94696840962814,127.76014487885267,123.35088098721832,4.409263891634352
2025-09-04 16:22:00+02:00,413.24343381419476,286.08448732293493,127.15894649125981,122.78204875348618,4.3768977377736284
2025-09-04 16:23:00+02:00,409.7750360577928,283.220469605206,126.55456645258678,122.2101034581308,4.3444629944559825
2025-09-04 16:24:00+02:00,406.30208919496295,280.3550999257452,125.94698926921777,121.63502846184949,4.311960807368276
2025-09-04 16:25:00+02:00,402.82476421398974,277.4885650272284,125.33619918676135,121.05680685270706,4.279392334054296
2025-09-04 16:26:00+02:00,399.34323392127044,274.6210537382831,124.72218018298739,120.47542143907239,4.246758743915002
2025-09-04 16:27:00+02:00,395.8576730100748,271.75275703829425,124.10491597178057,119.89085475297082,4.214061218809742
2025-09-04 16:28:00+02:00,392.3682580669467,268.88386807089904,123.48438999604765,119.30308904297863,4.181300953069031
2025-09-04 16:29:00+02:00,388.87516761039774,266.0145821842023,122.8605854261954,118.71210627238169,4.148479153813712
2025-09-04 16:30:00+02:00,385.3785821302671,263.1450969716043,122.23348515866277,118.11788811738033,4.1155970412824345
2025-09-04 16:31:00+02:00,381.878684095694,260.27561228697215,121.60307180872184,117.5204159598576,4.082655848864233
2025-09-04 16:32:00+02:00,378.3756556785108,257.4063283896664,120.96932728884438,116.91967048724233,4.049656801602058
2025-09-04 16:33:00+02:00,374.8696881606411,254.53745365697375,120.33223450366737,116.31563329887364,4.01660120479373
2025-09-04 16:34:00+02:00,371.36096788236034,251.66919308341085,119.69177479894952,115.70828448736377,3.983490311585748
2025-09-04 16:35:00+02:00,367.84968567951694,248.80175602151417,119.04792965800277,115.09760424618109,3.950325411821683
2025-09-04 16:36:00+02:00,364.3360345471943,245.9353542763999,118.4006802707944,114.48357246078383,3.917107810010564
2025-09-04 16:37:00+02:00,360.82020971689633,243.07020217804376,117.75000753885259,113.8661687128247,3.8838388260278824
2025-09-04 16:38:00+02:00,357.30240866989146,240.20651660148383,117.09589206840765,113.2453722731929,3.850519795214745
2025-09-04 16:39:00+02:00,353.7828311834961,237.3445170139869,116.43831416950925,112.62116210071613,3.817152068793115
2025-09-04 16:40:00+02:00,350.26167937836226,234.48442552304928,115.77725385531295,111.99351684101897,3.783737014293983
2025-09-04 16:41:00+02:00,346.7391577340931,231.62646689872622,115.1126908353669,111.36241481967879,3.75027601568811
2025-09-04 16:42:00+02:00,343.2154731706445,228.77086864942152,114.44460452122297,110.72783404707599,3.7167704741469847
2025-09-04 16:43:00+02:00,339.69083506599014,225.91786104593032,113.77297402005983,110.08975221185912,3.6832218082007095
2025-09-04 16:44:00+02:00,336.16545294207674,223.06767526165254,113.09777768042422,109.44814624874982,3.6496314316744
2025-09-04 16:45:00+02:00,332.63954597360987,220.22055106780223,112.41899490580764,108.80299406149628,3.616000844311353
2025-09-04 16:46:00+02:00,329.11332882319664,217.37672539130563,111.73660343189101,108.15427193507624,3.582331496814779
2025-09-04 16:47:00+02:00,325.58702118330325,214.53644004139574,111.05058114190751,107.50195626015358,3.548624881753933
2025-09-04 16:48:00+02:00,322.06084543447787,211.69993982501637,110.36090560946153,106.84602309818193,3.5148825112795916
2025-09-04 16:49:00+02:00,318.5350267001982,208.8674726009121,109.66755409928614,106.1864481816128,3.481105917673328
2025-09-04 16:50:00+02:00,311.03081577227556,206.0392893350311,104.99152643724447,101.54422978332587,3.4472966539185954
2025-09-04 16:51:00+02:00,307.53999207730664,203.21564412989937,104.32434794740728,100.91089165343602,3.4134562939712523
2025-09-04 16:52:00+02:00,304.05014993396395,200.39679430743465,103.65335562652929,100.27376919285167,3.379586433677619
2025-09-04 16:53:00+02:00,300.56152291902845,197.5830004397778,102.97852247925064,99.6328337881684,3.345688691082243
2025-09-04 16:54:00+02:00,297.074347650036,194.77452640685289,102.29982124318306,98.98805653611602,3.3117647070670473
2025-09-04 16:55:00+02:00,293.5888615154486,191.97163757724343,101.6172239382052,98.3394078149647,3.277816123240503
2025-09-04 16:56:00+02:00,290.10531205784014,189.17460835520998,100.93070370263018,97.6868590292523,3.243844673377878
2025-09-04 16:57:00+02:00,286.6239430516034,186.3837109885837,100.2402320630197,97.0303800151735,3.209852047846198
2025-09-04 16:58:00+02:00,283.1450038917005,183.59922312483997,99.54578076686053,96.36994078180204,3.175839985058495
2025-09-04 16:59:00+02:00,279.6687473274066,180.8214259897305,98.8473213376761,95.70551108821532,3.1418102494607965
2025-09-04 17:00:00+02:00,276.1954295357823,178.05060444810945,98.14482508767287,95.03706045536985,3.1077646323030113
2025-09-04 17:01:00+02:00,272.7253101637755,175.2870470389885,97.438263124787,94.36455817267252,3.073704952114477
2025-09-04 17:02:00+02:00,269.25865243681085,172.53104606280903,96.72760637400185,93.687973318161,3.039633055840847
2025-09-04 17:03:00+02:00,265.79572320378475,169.78289761707728,96.01282558670746,93.00727476733607,3.005550819371391
2025-09-04 17:04:00+02:00,262.3367930160685,167.0429016581784,95.29389135789009,92.32243120947851,2.9714601484115866
2025-09-04 17:05:00+02:00,258.88213620792146,164.31136206320969,94.57077414471178,91.63341116532783,2.937362979383947
2025-09-04 17:06:00+02:00,255.4320286338679,161.58858484331375,93.84344379055413,90.94018253338477,2.903261257169364
2025-09-04 17:07:00+02:00,251.98675703566823,158.8748855285917,93.11187150707651,90.24271447921576,2.8691570278607514
2025-09-04 17:08:00+02:00,248.54660521301724,156.17057824877418,92.37602696424308,89.54097466201664,2.8350523022264422
2025-09-04 17:09:00+02:00,245.11186336722102,153.47598310395304,91.63588026326799,88.83493111506475,2.800949148203249
2025-09-04 17:10:00+02:00,241.6828258738893,150.7914243967697,90.89140147711959,88.12455180803109,2.766849669088506
2025-09-04 17:11:00+02:00,238.25979134001454,148.11723066770168,90.14256067231287,87.40980466799843,2.7327560043144348
2025-09-04 17:12:00+02:00,234.8430627261983,145.45373477955397,89.38932794664431,86.69065761575214,2.698670330892164
2025-09-04 17:13:00+02:00,231.4329474072697,142.80127395178215,88.63167345548756,85.96707859122314,2.66459486426442
2025-09-04 17:14:00+02:00,228.02975726491331,140.16018981779774,87.86956744711556,85.23903558761049,2.6305318595050724
2025-09-04 17:15:00+02:00,224.63380878348795,137.5308284824737,87.10298030101424,84.50649668844254,2.5964836125716984
2025-09-04 17:16:00+02:00,221.2454231136173,134.91354055227478,86.33188256134252,83.76943010007311,2.562452461269422
2025-09-04 17:17:00+02:00,217.86492393784644,132.30867947157623,85.55624446627021,83.02780370216759,2.5284407641026294
2025-09-04 17:18:00+02:00,214.49264660012187,129.71660852892853,84.77603807119334,82.28158707864252,2.4944509925508176
2025-09-04 17:19:00+02:00,211.12892460419872,127.13769042610542,83.9912341780933,81.53074858245036,2.4604855956429383
2025-09-04 17:20:00+02:00,207.77409878816178,124.57229432149002,83.20180446667177,80.77525737399814,2.426547092673635
2025-09-04 17:21:00+02:00,204.42851512652283,122.02079410062201,82.4077210259008,80.0150829743042,2.3926380515965855
2025-09-04 17:22:00+02:00,201.09252486502015,119.48356844223936,81.6089564227808,79.25019533186861,2.358761090912201
2025-09-04 17:23:00+02:00,197.76648459410666,116.96100083340282,80.80548376070382,78.48056487972542,2.324918880978405
2025-09-04 17:24:00+02:00,194.4507563551859,114.4534796053688,79.99727674981709,77.70616260412069,2.2911141456963935
2025-09-04 17:25:00+02:00,191.14570774703242,111.96139796487297,79.18430978215946,76.92696011791011,2.257349664249347
2025-09-04 17:26:00+02:00,187.85171200294457,109.48515399839638,78.36655800454818,76.14292973195664,2.2236282725915344
2025-09-04 17:27:00+02:00,184.56914812924833,107.02515071731635,77.54399741193198,75.35404454631093,2.1899528656210587
2025-09-04 17:28:00+02:00,181.29840098404975,104.58179605225405,76.71660493179571,74.56027853299881,2.15632639879691
2025-09-04 17:29:00+02:00,178.0398592053902,102.15550124291946,75.88435796247073,73.76160609483732,2.122751867633411
2025-09-04 17:30:00+02:00,174.79392405321474,99.7466873395947,75.04723671362004,72.95800431383553,2.0892323997845006
2025-09-04 17:31:00+02:00,171.56099637785738,97.35577541591685,74.20522096194053,72.1494498401667,2.0557711217738306
2025-09-04 17:32:00+02:00,168.34148550927375,94.98319310151865,73.3582924077551,71.33592115614718,2.0223712516079213
2025-09-04 17:33:00+02:00,165.1358071470428,92.62937290850289,72.50643423853992,70.51739816032892,1.9890360782109962
2025-09-04 17:34:00+02:00,161.94438346979157,90.29475220434226,71.64963126544932,69.69386230166532,1.9557689637839906
2025-09-04 17:35:00+02:00,158.76764324357964,87.97977317448708,70.78787006909255,68.86529672285168,1.9225733462408716
2025-09-04 17:36:00+02:00,155.60602190004948,85.68488275285486,69.92113914719461,68.0316864057746,1.8894527414200122
2025-09-04 17:37:00+02:00,152.4599616727815,83.41053258387971,69.04942908890177,67.19301834290218,1.8564107459995953
2025-09-04 17:38:00+02:00,149.3299116726479,81.15717892845973,68.17273274418818,66.3492817043087,1.8234510398794863
2025-09-04 17:39:00+02:00,146.2163279909422,78.92528257772015,67.29104541322205,65.50046802426107,1.7905773889609822
2025-09-04 17:40:00+02:00,143.11967173019406,76.71530727770686,66.4043644524872,64.64657082641718,1.75779362607002
2025-09-04 17:41:00+02:00,140.04041736853168,74.527725504541,65.5126918639907,63.78758812249799,1.725103741492699
2025-09-04 17:42:00+02:00,136.9790404245604,72.36300945818759,64.6160309663728,62.92351921193742,1.6925117544353925
2025-09-04 17:43:00+02:00,133.93602583875463,70.2216368312763,63.714389007478324,62.05436720359846,1.6600218038798678
2025-09-04 17:44:00+02:00,130.91186597975772,68.10408914603411,62.8077768337236,61.18013870389383,1.6276381298297706
2025-09-04 17:45:00+02:00,127.90706072815051,66.01085155825237,61.89620916989814,60.3008440932277,1.5953650766704375
2025-09-04 17:46:00+02:00,124.9221175279097,63.94241261862677,60.979704909282944,59.41649781294689,1.5632070963360527
2025-09-04 17:47:00+02:00,121.95755148741416,61.899264047032695,60.05828744038147,58.52711868820648,1.531168752174989
2025-09-04 17:48:00+02:00,119.0138854188608,59.881900440868186,59.13198497799261,57.63273025566833,1.49925472232428
2025-09-04 17:49:00+02:00,116.09164989864433,57.890818973454024,58.20083092519031,56.73336112170109,1.467469803489224
2025-09-04 17:50:00+02:00,113.19138331964561,55.926519060446545,57.26486425919906,55.829045344373036,1.4358189148260228
2025-09-04 17:51:00+02:00,110.31362998613733,53.98950068459036,56.324129301546975,54.919822220993396,1.4043070805535804
2025-09-04 17:52:00+02:00,107.4589478790671,52.080269187570295,55.3786786914968,54.00573917272519,1.3729395187716094
2025-09-04 17:53:00+02:00,104.6278970738031,50.199327014778035,54.428570059025056,53.08684854045711,1.3417215185679472
2025-09-04 17:54:00+02:00,101.82104748743365,48.347178445297075,53.47386904213657,52.16321051319987,1.3106585289367023
2025-09-04 17:55:00+02:00,99.03897694075496,46.5243277540322,52.514649186722764,51.23489304473634,1.2797561419864247
2025-09-04 17:56:00+02:00,96.2822711188538,44.7312786179101,51.55099250094369,50.30197240380541,1.2490200971382817
2025-09-04 17:57:00+02:00,93.55152356722957,42.96853350422487,50.582990063004694,49.364533777029024,1.2184562859756698
2025-09-04 17:58:00+02:00,90.8473356205996,41.236592971301256,49.61074264929834,48.422671892692456,1.18807075660588
2025-09-04 17:59:00+02:00,88.17031633909498,39.535954927879985,48.634361411215,47.47649169283993,1.1578697183750644
2025-09-04 18:00:00+02:00,85.52108242478299,37.86711383066343,47.65396859411956,46.52610904747655,1.1278595466430066
2025-09-04 18:01:00+02:00,82.90025809217789,36.23055980083535,46.669698291342534,45.57165150401666,1.0980467873258795
2025-09-04 18:02:00+02:00,80.30847323685941,34.626776637792744,45.681696599066676,44.613258456820496,1.0684381422461804
2025-09-04 18:03:00+02:00,77.74637019004408,33.05624507223953,44.69012511780454,43.651084564797976,1.0390405530065636
2025-09-04 18:04:00+02:00,75.21459310926127,31.519435223711604,43.695157885549676,42.68529679883178,1.0098610867178972
2025-09-04 18:05:00+02:00,72.71379473994511,30.01680975307809,42.69698498686703,41.71607796646875,0.9809070203982746
2025-09-04 18:06:00+02:00,70.24463439692838,28.54882150067695,41.69581289625142,40.743627070746264,0.9521858255051546
2025-09-04 18:07:00+02:00,67.80777772833314,27.115912161171934,40.6918655671612,39.76816039405086,0.9237051731103427
2025-09-04 18:08:00+02:00,65.40389634921499,25.718510807300326,39.685385541914656,38.789912604035194,0.8954729378794587
2025-09-04 18:09:00+02:00,63.03366750363335,24.35703235474612,38.676635148887236,37.809137946195655,0.86749720269158
2025-09-04 18:10:00+02:00,60.697773658773215,23.031875908010424,37.665897750762795,36.82611148798789,0.839786262774907
2025-09-04 18:11:00+02:00,58.39690203416984,21.74342298791329,36.65347904625655,35.841130416882116,0.8123486293744319
2025-09-04 18:12:00+02:00,56.13174412229823,20.49203567067216,35.63970845162607,34.85451541801915,0.7851930336069214
2025-09-04 18:13:00+02:00,53.9029951091399,19.2780545854839,34.624940523656,33.86661209425462,0.7583284294013807
2025-09-04 18:14:00+02:00,51.711351798434364,18.10179602855498,33.609555769879385,32.87779179136879,0.7317639785105922
2025-09-04 18:15:00+02:00,49.557517780613296,16.963552860197613,32.59396492041568,31.88845579669408,0.7055091237215978
2025-09-04 18:16:00+02:00,47.44219383685667,15.86358740383562,31.578606433021047,30.899032949815155,0.6795734832058914
2025-09-04 18:17:00+02:00,45.36608302859865,14.80213215442082,30.56395087417783,29.90998395124254,0.6539669229352896
2025-09-04 18:18:00+02:00,43.329888275723114,13.7793863578578,29.550501917865315,28.9218023795453,0.628699538320012
2025-09-04 18:19:00+02:00,41.33431134513521,12.795513278478523,28.53879806665669,27.93501641370155,0.6037816529551387
2025-09-04 18:20:00+02:00,39.380051735676446,11.850637343477544,27.5294143921989,26.950190576089458,0.5792238161094401
2025-09-04 18:21:00+02:00,37.467805457356505,10.944841172627202,26.522964284729305,25.967927485865264,0.5550367988640418
2025-09-04 18:22:00+02:00,35.598263674596126,10.078162490798208,25.52010118379792,24.988869595359233,0.5312315884386847
2025-09-04 18:23:00+02:00,33.77211125558439,9.25059095798301,24.521520297601384,24.013700916448045,0.5078193811533384
2025-09-04 18:24:00+02:00,31.49391629778961,8.462064896024048,23.03185140176556,22.54703982888476,0.48481157288080096
2025-09-04 18:25:00+02:00,29.824336451320494,7.712467465475469,22.111868985845025,21.649649253417948,0.46221973242707726
2025-09-04 18:26:00+02:00,28.199556249723294,7.001625258206776,21.197930991516518,20.757875344164646,0.4400556473518743
2025-09-04 18:27:00+02:00,26.62011174859167,6.329301878866606,20.290809869725063,19.872478653706096,0.4183312160189661
2025-09-04 18:28:00+02:00,25.086513437371327,5.695196569713332,19.391316867657995,18.994258379966833,0.3970584876911626
2025-09-04 18:29:00+02:00,23.59924208056272,5.098940331303479,18.500301749259243,18.124052126315487,0.376249622943755
2025-09-04 18:30:00+02:00,22.158745522557695,4.540092640429618,17.618652882128078,17.26273601695395,0.3559168651741273
2025-09-04 18:31:00+02:00,20.765435329529602,4.018138301384676,16.747297028144928,16.41122452060674,0.33607250753818585
2025-09-04 18:32:00+02:00,19.419683256230023,3.532484481507368,15.887198774722654,15.570469920129852,0.3167288545928013
2025-09-04 18:33:00+02:00,18.121817582440297,3.082458010597634,15.039359571842663,14.741461393171866,0.2978981786707981
2025-09-04 18:34:00+02:00,16.872119275111913,2.6673029984185086,14.204816276693403,13.92522360700361,0.27959266968979213
2025-09-04 18:35:00+02:00,15.67081802597919,2.2861788678120125,13.384639158167177,13.12281477979843,0.26182437836874733
2025-09-04 18:36:00+02:00,14.518087407712454,1.9381586675532225,12.57992874015923,12.33532359945906,0.24460514070017045
2025-09-04 18:37:00+02:00,13.414043727730418,1.6222291194190024,11.791814608311416,11.563868056851724,0.22794655145969128
2025-09-04 18:38:00+02:00,12.354757994774713,1.337289074569617,11.017468920205097,10.805609105872781,0.21185981433231657
2025-09-04 18:39:00+02:00,11.331376110438326,1.082151148284402,10.249224962153924,10.052869263742943,0.19635569841098033
2025-09-04 18:40:00+02:00,10.362813455373416,0.8555431128277585,9.507270342545658,9.325825915683357,0.1814444268623008
2025-09-04 18:41:00+02:00,9.448233614694082,0.656110615857172,8.792122998836911,8.624987431669828,0.16713556716708228
2025-09-04 18:42:00+02:00,8.586715413096506,0.48242110669769644,8.10429430639881,7.950856395660511,0.15343791073829857
2025-09-04 18:43:00+02:00,7.777252911378923,0.3329691005413364,7.444283810837587,7.303924468711572,0.1403593421260146
2025-09-04 18:44:00+02:00,7.018755901859748,0.206182889187282,6.812573012672466,6.684666315361217,0.1279066973112487
2025-09-04 18:45:00+02:00,6.310050942386548,0.10043280445984176,6.209618137926706,6.093532526129067,0.11608561179763921
2025-09-04 18:46:00+02:00,5.649882921946581,0.014041109133708058,5.635841812812873,5.530941453787755,0.10490035902511823
2025-09-04 18:47:00+02:00,5.121422838396463,0.0,5.121422838396463,5.02706916513503,0.09435367326143355
2025-09-04 18:48:00+02:00,4.636597197535719,0.0,4.636597197535719,4.552150597026643,0.08444660050907589
2025-09-04 18:49:00+02:00,4.174827059064114,0.0,4.174827059064114,4.099648784758963,0.0751782743051509
2025-09-04 18:50:00+02:00,3.7370582843073183,0.0,3.7370582843073183,3.6705125230554985,0.06654576125181967
2025-09-04 18:51:00+02:00,3.3241375319091957,0.0,3.3241375319091957,3.265593658947872,0.058543872961323726
2025-09-04 18:52:00+02:00,2.9367913436922226,0.0,2.9367913436922226,2.8856263511044737,0.051164992587748905
2025-09-04 18:53:00+02:00,2.575604598785791,0.0,2.575604598785791,2.5312056838789956,0.04439891490679544
2025-09-04 18:54:00+02:00,2.4278814633057553,0.0,2.4278814633057553,2.3896487565123863,0.038232706793368924
2025-09-04 18:55:00+02:00,2.0954966877246317,0.0,2.0954966877246317,2.0628460911298148,0.03265059659481677
2025-09-04 18:56:00+02:00,1.7918288031347878,0.0,1.7918288031347878,1.7641949015262768,0.02763390160851093
2025-09-04 18:57:00+02:00,1.5167440810119586,0.0,1.5167440810119586,1.4935830772805356,0.02316100373142297
2025-09-04 18:58:00+02:00,1.269670664148866,0.0,1.269670664148866,1.2504632801727422,0.019207383976123732
2025-09-04 18:59:00+02:00,1.0483936621279708,0.0,1.0483936621279708,1.0326479381622424,0.01574572396572836
2025-09-04 19:00:00+02:00,0.8545313955882258,0.0,0.8545313955882258,0.8417852981498535,0.012746097438372303
2025-09-04 19:01:00+02:00,0.6867016239418455,0.0,0.6867016239418455,0.6765253984102331,0.010176225531612479
2025-09-04 19:02:00+02:00,0.5432951054686848,0.0,0.5432951054686848,0.5352932585237135,0.008001846944971296
2025-09-04 19:03:00+02:00,0.422501631867572,0.0,0.422501631867572,0.416314463940697,0.006187167926875027
2025-09-04 19:04:00+02:00,0.32234519258121636,0.0,0.32234519258121636,0.317649791286822,0.004695401294394325
2025-09-04 19:05:00+02:00,0.2407274465713923,0.0,0.2407274465713923,0.23723806666237288,0.0034893799090194174
2025-09-04 19:06:00+02:00,0.1754780857577555,0.0,0.1754780857577555,0.1729458610866192,0.0025322246711363223
2025-09-04 19:07:00+02:00,0.12440989900211406,0.0,0.12440989900211406,0.12262185976090839,0.0017880392412056687
2025-09-04 19:08:00+02:00,0.08537563282465964,0.0,0.08537563282465964,0.08415303612984093,0.0012225966948187033
2025-09-04 19:09:00+02:00,0.05632320527902257,0.0,0.05632320527902257,0.05551922696649424,0.0008039783125283334
2025-09-04 19:10:00+02:00,0.03534558797878038,0.0,0.03534558797878038,0.034842464924861496,0.0005031230539188849
2025-09-04 19:11:00+02:00,0.0002942504484759842,0.0,0.0002942504484759842,0.0,0.0002942504484759842
2025-09-04 19:12:00+02:00,0.0001551239201305698,0.0,0.0001551239201305698,0.0,0.0001551239201305698
2025-09-04 19:13:00+02:00,6.714137978959668e-05,0.0,6.714137978959668e-05,0.0,6.714137978959668e-05
2025-09-04 19:14:00+02:00,1.5249415571732321e-05,0.0,1.5249415571732321e-05,0.0,1.5249415571732321e-05
2025-09-04 19:15:00+02:00,0.0,0.0,0.0,0.0,0.0
2025-09-04 19:16:00+02:00,0.0,0.0,0.0,0.0,0.0
2025-09-04 19:17:00+02:00,0.0,0.0,0.0,0.0,0.0
2025-09-04 19:18:00+02:00,0.0,0.0,0.0,0.0,0.0
2025-09-04 19:19:00+02:00,0.0,0.0,0.0,0.0,0.0
2025-09-04 19:20:00+02:00,0.0,0.0,0.0,0.0,0.0
2025-09-04 19:21:00+02:00,0.0,0.0,0.0,0.0,0.0
2025-09-04 19:22:00+02:00,0.0,0.0,0.0,0.0,0.0
2025-09-04 19:23:00+02:00,0.0,0.0,0.0,0.0,0.0
2025-09-04 19:24:00+02:00,0.0,0.0,0.0,0.0,0.0
2025-09-04 19:25:00+02:00,0.0,0.0,0.0,0.0,0.0
2025-09-04 19:26:00+02:00,0.0,0.0,0.0,0.0,0.0
2025-09-04 19:27:00+02:00,0.0,0.0,0.0,0.0,0.0
2025-09-04 19:28:00+02:00,0.0,0.0,0.0,0.0,0.0
2025-09-04 19:29:00+02:00,0.0,0.0,0.0,0.0,0.0
2025-09-04 19:30:00+02:00,0.0,0.0,0.0,0.0,0.0
2025-09-04 19:31:00+02:00,0.0,0.0,0.0,0.0,0.0
2025-09-04 19:32:00+02:00,0.0,0.0,0.0,0.0,0.0
2025-09-04 19:33:00+02:00,0.0,0.0,0.0,0.0,0.0
2025-09-04 19:34:00+02:00,0.0,0.0,0.0,0.0,0.0
2025-09-04 19:35:00+02:00,0.0,0.0,0.0,0.0,0.0
2025-09-04 19:36:00+02:00,0.0,0.0,0.0,0.0,0.0
2025-09-04 19:37:00+02:00,0.0,0.0,0.0,0.0,0.0
2025-09-04 19:38:00+02:00,0.0,0.0,0.0,0.0,0.0
2025-09-04 19:39:00+02:00,0.0,0.0,0.0,0.0,0.0
2025-09-04 19:40:00+02:00,0.0,0.0,0.0,0.0,0.0
2025-09-04 19:41:00+02:00,0.0,0.0,0.0,0.0,0.0
2025-09-04 19:42:00+02:00,0.0,0.0,0.0,0.0,0.0
2025-09-04 19:43:00+02:00,0.0,0.0,0.0,0.0,0.0
2025-09-04 19:44:00+02:00,0.0,0.0,0.0,0.0,0.0
2025-09-04 19:45:00+02:00,0.0,0.0,0.0,0.0,0.0
2025-09-04 19:46:00+02:00,0.0,0.0,0.0,0.0,0.0
2025-09-04 19:47:00+02:00,0.0,0.0,0.0,0.0,0.0
2025-09-04 19:48:00+02:00,0.0,0.0,0.0,0.0,0.0
2025-09-04 19:49:00+02:00,0.0,0.0,0.0,0.0,0.0
2025-09-04 19:50:00+02:00,0.0,0.0,0.0,0.0,0.0
2025-09-04 19:51:00+02:00,0.0,0.0,0.0,0.0,0.0
2025-09-04 19:52:00+02:00,0.0,0.0,0.0,0.0,0.0
2025-09-04 19:53:00+02:00,0.0,0.0,0.0,0.0,0.0
2025-09-04 19:54:00+02:00,0.0,0.0,0.0,0.0,0.0
2025-09-04 19:55:00+02:00,0.0,0.0,0.0,0.0,0.0
2025-09-04 19:56:00+02:00,0.0,0.0,0.0,0.0,0.0
2025-09-04 19:57:00+02:00,0.0,0.0,0.0,0.0,0.0
2025-09-04 19:58:00+02:00,0.0,0.0,0.0,0.0,0.0
2025-09-04 19:59:00+02:00,0.0,0.0,0.0,0.0,0.0
2025-09-04 20:00:00+02:00,0.0,0.0,0.0,0.0,0.0
2025-09-05 05:00:00+02:00,0.0,0.0,0.0,0.0,0.0
2025-09-05 05:01:00+02:00,0.0,0.0,0.0,0.0,0.0
2025-09-05 05:02:00+02:00,0.0,0.0,0.0,0.0,0.0
2025-09-05 05:03:00+02:00,0.0,0.0,0.0,0.0,0.0
2025-09-05 05:04:00+02:00,0.0,0.0,0.0,0.0,0.0
2025-09-05 05:05:00+02:00,0.0,0.0,0.0,0.0,0.0
2025-09-05 05:06:00+02:00,0.0,0.0,0.0,0.0,0.0
2025-09-05 05:07:00+02:00,0.0,0.0,0.0,0.0,0.0
2025-09-05 05:08:00+02:00,0.0,0.0,0.0,0.0,0.0
2025-09-05 05:09:00+02:00,0.0,0.0,0.0,0.0,0.0
2025-09-05 05:10:00+02:00,0.0,0.0,0.0,0.0,0.0
2025-09-05 05:11:00+02:00,0.0,0.0,0.0,0.0,0.0
2025-09-05 05:12:00+02:00,0.0,0.0,0.0,0.0,0.0
2025-09-05 05:13:00+02:00,0.0,0.0,0.0,0.0,0.0
2025-09-05 05:14:00+02:00,0.0,0.0,0.0,0.0,0.0
2025-09-05 05:15:00+02:00,0.0,0.0,0.0,0.0,0.0
2025-09-05 05:16:00+02:00,0.0,0.0,0.0,0.0,0.0
2025-09-05 05:17:00+02:00,0.0,0.0,0.0,0.0,0.0
2025-09-05 05:18:00+02:00,0.0,0.0,0.0,0.0,0.0
2025-09-05 05:19:00+02:00,0.0,0.0,0.0,0.0,0.0
2025-09-05 05:20:00+02:00,0.0,0.0,0.0,0.0,0.0
2025-09-05 05:21:00+02:00,0.0,0.0,0.0,0.0,0.0
2025-09-05 05:22:00+02:00,0.0,0.0,0.0,0.0,0.0
2025-09-05 05:23:00+02:00,0.0,0.0,0.0,0.0,0.0
2025-09-05 05:24:00+02:00,0.0,0.0,0.0,0.0,0.0
2025-09-05 05:25:00+02:00,0.0,0.0,0.0,0.0,0.0
2025-09-05 05:26:00+02:00,0.0,0.0,0.0,0.0,0.0
2025-09-05 05:27:00+02:00,0.0,0.0,0.0,0.0,0.0
2025-09-05 05:28:00+02:00,0.0,0.0,0.0,0.0,0.0
2025-09-05 05:29:00+02:00,0.0,0.0,0.0,0.0,0.0
2025-09-05 05:30:00+02:00,0.0,0.0,0.0,0.0,0.0
2025-09-05 05:31:00+02:00,0.0,0.0,0.0,0.0,0.0
2025-09-05 05:32:00+02:00,0.0,0.0,0.0,0.0,0.0
2025-09-05 05:33:00+02:00,0.0,0.0,0.0,0.0,0.0
2025-09-05 05:34:00+02:00,0.0,0.0,0.0,0.0,0.0
2025-09-05 05:35:00+02:00,0.0,0.0,0.0,0.0,0.0
2025-09-05 05:36:00+02:00,0.0,0.0,0.0,0.0,0.0
2025-09-05 05:37:00+02:00,0.0,0.0,0.0,0.0,0.0
2025-09-05 05:38:00+02:00,0.0,0.0,0.0,0.0,0.0
2025-09-05 05:39:00+02:00,0.0,0.0,0.0,0.0,0.0
2025-09-05 05:40:00+02:00,0.0,0.0,0.0,0.0,0.0
2025-09-05 05:41:00+02:00,0.0,0.0,0.0,0.0,0.0
2025-09-05 05:42:00+02:00,0.0,0.0,0.0,0.0,0.0
2025-09-05 05:43:00+02:00,0.0,0.0,0.0,0.0,0.0
2025-09-05 05:44:00+02:00,0.0,0.0,0.0,0.0,0.0
2025-09-05 05:45:00+02:00,0.0,0.0,0.0,0.0,0.0
2025-09-05 05:46:00+02:00,0.0,0.0,0.0,0.0,0.0
2025-09-05 05:47:00+02:00,0.0,0.0,0.0,0.0,0.0
2025-09-05 05:48:00+02:00,0.0,0.0,0.0,0.0,0.0
2025-09-05 05:49:00+02:00,0.0,0.0,0.0,0.0,0.0
2025-09-05 05:50:00+02:00,0.0,0.0,0.0,0.0,0.0
2025-09-05 05:51:00+02:00,0.0,0.0,0.0,0.0,0.0
2025-09-05 05:52:00+02:00,0.0,0.0,0.0,0.0,0.0
2025-09-05 05:53:00+02:00,0.0,0.0,0.0,0.0,0.0
2025-09-05 05:54:00+02:00,0.0,0.0,0.0,0.0,0.0
2025-09-05 05:55:00+02:00,0.0,0.0,0.0,0.0,0.0
2025-09-05 05:56:00+02:00,1.4551692447993665e-06,0.0,1.4551692447993665e-06,0.0,1.4551692447993665e-06
2025-09-05 05:57:00+02:00,4.203602254697093e-05,0.0,4.203602254697093e-05,0.0,4.203602254697093e-05
2025-09-05 05:58:00+02:00,0.00011340307021862284,0.0,0.00011340307021862284,0.0,0.00011340307021862284
2025-09-05 05:59:00+02:00,0.0002291479579676237,0.0,0.0002291479579676237,0.0,0.0002291479579676237
2025-09-05 06:00:00+02:00,0.028573527700897362,0.0,0.028573527700897362,0.02816722170069849,0.00040630600019887027
2025-09-05 06:01:00+02:00,0.046678556646868395,0.0,0.046678556646868395,0.04601304794790463,0.0006655086989637627
2025-09-05 06:02:00+02:00,0.07209269212307849,0.0,0.07209269212307849,0.07106172425398007,0.001030967869098429
2025-09-05 06:03:00+02:00,0.10664060487969518,0.0,0.10664060487969518,0.1051103219295036,0.001530282950191577
2025-09-05 06:04:00+02:00,0.15230939875083443,0.0,0.15230939875083443,0.15011531299505168,0.002194085755782752
2025-09-05 06:05:00+02:00,0.2112023120495573,0.0,0.2112023120495573,0.20814676920030184,0.0030555428492554763
2025-09-05 06:06:00+02:00,0.28548572564237845,0.0,0.28548572564237845,0.28133597149747014,0.004149754144908316
2025-09-05 06:07:00+02:00,0.37733300278894605,0.0,0.37733300278894605,0.3718199161633688,0.005513086625577247
2025-09-05 06:08:00+02:00,0.48886872157254313,0.0,0.48886872157254313,0.48168623769664615,0.0071824838758970085
2025-09-05 06:09:00+02:00,0.6221164248456091,0.0,0.6221164248456091,0.6129216365999302,0.009194788245678978
2025-09-05 06:10:00+02:00,0.7789523686542196,0.0,0.7789523686542196,0.7673662623971592,0.011586106257060403
2025-09-05 06:11:00+02:00,0.9610669971772157,0.0,0.9610669971772157,0.9466757568497336,0.014391240327482078
2025-09-05 06:12:00+02:00,1.1699351075368274,0.0,1.1699351075368274,1.1522919055526883,0.01764320198413902
2025-09-05 06:13:00+02:00,1.4054707161865656,0.0,1.4054707161865656,1.3840979015309736,0.021372814655592102
2025-09-05 06:14:00+02:00,1.6677124379777137,0.0,1.6677124379777137,1.6421040271552345,0.025608410822479114
2025-09-05 06:15:00+02:00,1.9582996499708643,0.0,1.9582996499708643,1.9279240472037358,0.03037560276712838
2025-09-05 06:16:00+02:00,2.277474885180422,0.0,2.277474885180422,2.2417777213383694,0.03569716384205257
2025-09-05 06:17:00+02:00,2.4238874748643013,0.0,2.4238874748643013,2.382294520331551,0.0415929545327504
2025-09-05 06:18:00+02:00,2.7726998043858653,0.0,2.7726998043858653,2.724619879298152,0.04807992508771304
2025-09-05 06:19:00+02:00,3.1477855147382847,0.0,3.1477855147382847,3.0926133469647294,0.05517216777355531
2025-09-05 06:20:00+02:00,3.548631669955479,0.0,3.548631669955479,3.4857506587517992,0.06288101120367973
2025-09-05 06:21:00+02:00,3.974575051498659,0.0,3.974575051498659,3.9033599042527007,0.07121514724595825
2025-09-05 06:22:00+02:00,4.424823640645583,0.0,4.424823640645583,4.344642859004751,0.08018078164083173
2025-09-05 06:23:00+02:00,4.898477710918211,0.0,4.898477710918211,4.8086959098754205,0.0897818010427909
2025-09-05 06:24:00+02:00,5.4334354639752815,0.025237822670802205,5.408197641304479,5.308177691457623,0.10001994984685623
2025-09-05 06:25:00+02:00,6.07909546216133,0.10886673301917785,5.9702287291421525,5.859333710258868,0.11089501888328447
2025-09-05 06:26:00+02:00,6.773073473504961,0.21140163815401028,6.561671835350951,6.439266837919777,0.12240499743117382
2025-09-05 06:27:00+02:00,7.516649895099864,0.33452677096651,7.182123124133354,7.0475768292261,0.13454629490725412
2025-09-05 06:28:00+02:00,8.31102226803125,0.4798819310498875,7.831140336981362,7.683826452544052,0.14731388443731042
2025-09-05 06:29:00+02:00,9.15730411813204,0.6490521325425387,8.508251985589501,8.347550511263279,0.1607014743262225
2025-09-05 06:30:00+02:00,10.056523902954437,0.8435588387625671,9.21296506419187,9.038263400899186,0.1747016632926837
2025-09-05 06:31:00+02:00,11.009624490929959,1.0648527702743802,9.944771720655579,9.75546563481548,0.18930608584010006
2025-09-05 06:32:00+02:00,12.017463136572408,1.3143081888092178,10.70315494776319,10.498649400832779,0.20450554693041204
2025-09-05 06:33:00+02:00,13.07300912410211,1.5932185535403822,11.479790570561729,11.259500424255291,0.2202901463064373
2025-09-05 06:34:00+02:00,14.163402298197612,1.9027934233333095,12.260608874864303,12.023959482672476,0.23664939219182726
2025-09-05 06:35:00+02:00,15.302644865366283,2.2441564796027746,13.058488385763507,12.804916081014522,0.25357230474898607
2025-09-05 06:36:00+02:00,16.490636657000877,2.6183448082266962,13.872291848774182,13.60124432700911,0.2710475217650712
2025-09-05 06:37:00+02:00,17.72721385302104,3.0263077565867085,14.700906096434332,14.411842760889378,0.28906333554495495
2025-09-05 06:38:00+02:00,19.01215807040357,3.4689090772078828,15.543248993195686,15.235641154293216,0.30760783890247007
2025-09-05 06:39:00+02:00,20.345197397419767,3.9469272209839485,16.39827017643582,16.07160123047129,0.3266689459645279
2025-09-05 06:40:00+02:00,21.726011235084968,4.4610573852088775,17.26495384987609,16.918719386453144,0.34623446342294517
2025-09-05 06:41:00+02:00,23.15423423111489,5.011913766459161,18.14232046465573,17.776028321212614,0.3662921434431156
2025-09-05 06:42:00+02:00,24.629460036531064,5.600032157831041,19.029427878700023,18.642598148905112,0.3868297297949109
2025-09-05 06:43:00+02:00,26.15124492780003,6.22587283300858,19.92537209479145,19.51753709629469,0.4078349984967598
2025-09-05 06:44:00+02:00,27.719111251391993,6.889823635649336,20.829287615742658,20.399991822758782,0.42929579298387555
2025-09-05 06:45:00+02:00,29.332550697625294,7.592203218345846,21.74034747927945,21.289147424819436,0.4512000544600149
2025-09-05 06:46:00+02:00,30.991027418132354,8.333264386777634,22.65776303135472,22.184227183229147,0.47353584812557004
2025-09-05 06:47:00+02:00,33.29138844523316,9.113198021388133,24.178190423845027,23.681899023323844,0.4962914005211847
2025-09-05 06:48:00+02:00,35.10713978979336,9.932134373842894,25.175005415950462,24.65555035888484,0.5194550570656211
2025-09-05 06:49:00+02:00,36.96652554157939,10.790149598090585,26.176375943488804,25.63336055429952,0.5430153891892822
2025-09-05 06:50:00+02:00,38.868857973956615,11.687267034701335,27.18159093925528,26.614629792907223,0.5669611463480574
2025-09-05 06:51:00+02:00,40.813442675242435,12.623461016352916,28.18998165888952,27.598700377174257,0.591281281715263
2025-09-05 06:52:00+02:00,42.79958005138161,13.598660064523079,29.20091998685853,28.584955026742183,0.615964960116349
2025-09-05 06:53:00+02:00,44.82656673085368,14.612750008277315,30.21381672257636,29.572815158057782,0.641001564518577
2025-09-05 06:54:00+02:00,46.893696827132246,15.665576988138493,31.228119838993752,30.56173913839547,0.6663807005982813
2025-09-05 06:55:00+02:00,49.00026308809068,16.756950345796405,32.24331274229428,31.551220542454594,0.6920921998396875
2025-09-05 06:56:00+02:00,51.14555796143681,17.886645404575138,33.25891255686167,32.540786435270476,0.7181261215911884
2025-09-05 06:57:00+02:00,53.32887452480569,19.054406105982956,34.274468418822735,33.52999566530653,0.7444727535162039
2025-09-05 06:58:00+02:00,55.54950736784828,20.259947541676826,35.289559826171455,34.518437214609065,0.7711226115623909
2025-09-05 06:59:00+02:00,57.806754899297445,21.50295919549072,36.30379570380673,35.50572924679134,0.7980664570153883
2025-09-05 07:00:00+02:00,60.099913974506165,22.783103854912422,37.31681011959375,36.49151489738998,0.8252952222037627
2025-09-05 07:01:00+02:00,62.42828963751318,24.100024771983755,38.32826486552943,37.47546474879816,0.8528001167312667
2025-09-05 07:02:00+02:00,64.7911896441357,25.45334436875757,39.33784527537813,38.45727272318698,0.880572552191149
2025-09-05 07:03:00+02:00,67.18792650191902,26.842666979228266,40.34525952269075,39.43665536567866,0.9086041570120948
2025-09-05 07:04:00+02:00,69.61781793274825,28.26758064369977,41.350237289048486,40.41335051633744,0.9368867727110456
2025-09-05 07:05:00+02:00,72.08018728605136,29.727658792722192,42.35252849332916,41.38711604347238,0.9654124498567791
2025-09-05 07:06:00+02:00,74.57436392966956,31.222461838808872,43.35190209086069,42.35772864679219,0.9941734440685038
2025-09-05 07:07:00+02:00,77.09968355135135,32.75153863838538,44.34814491296598,43.32498270168556,1.0231622112804144
2025-09-05 07:08:00+02:00,79.65548846843159,34.31442788431952,45.341060584112064,44.28868918070003,1.0523714034120348
2025-09-05 07:09:00+02:00,82.24112787848696,35.910659392023895,46.33046848646306,45.24867462279697,1.081793863666096
2025-09-05 07:10:00+02:00,84.8559598382904,37.539756399452145,47.316203438838265,46.20478079716541,1.1114226416728534
2025-09-05 07:11:00+02:00,87.49934444254431,39.201232304842115,48.2981121377022,47.15686122835094,1.1412509093512582
2025-09-05 07:12:00+02:00,90.17065447794583,40.894598240086545,49.27605623785929,48.10478416286021,1.171272074999076
2025-09-05 07:13:00+02:00,92.86926858607924,42.61935969744168,50.24990888863757,49.0484291892287,1.20147969940887
2025-09-05 07:14:00+02:00,95.59457311506945,44.375018498873594,51.21955461619586,49.98768710534283,1.231867510853031
2025-09-05 07:15:00+02:00,98.34596220665011,46.161073617641385,52.18488858900872,50.92245918868539,1.262429400323333
2025-09-05 07:16:00+02:00,101.12283788763956,47.977021952991805,53.14581593464776,51.852656517553534,1.2931594170942258
2025-09-05 07:17:00+02:00,103.92461009241521,49.82235901290397,54.10225107951124,52.778199315721146,1.3240517637900922
2025-09-05 07:18:00+02:00,106.75069671987994,51.69657957469202,55.054117145187924,53.69901635308998,1.355100792097941
2025-09-05 07:19:00+02:00,109.60052364810896,53.5991782761782,56.00134537193076,54.615044373669214,1.386300998261544
2025-09-05 07:20:00+02:00,112.47352473651446,55.52965015904449,56.94387457746996,55.526227558784356,1.4176470186856045
2025-09-05 07:21:00+02:00,115.3691437893202,57.48749250538399,57.881651283936215,56.4325176368729,1.4491336470633118
2025-09-05 07:22:00+02:00,118.28682672390744,59.47220000470082,58.814626719206615,57.33387097388294,1.4807557453236804
2025-09-05 07:23:00+02:00,121.226033213953,61.48327306397514,59.74276014997786,58.23025178348717,1.512508366490689
2025-09-05 07:24:00+02:00,124.1862288935578,63.52021295160856,60.66601594194923,59.12162927564658,1.5443866663026515
2025-09-05 07:25:00+02:00,127.16688723903903,65.58252344390465,61.58436379513437,60.007977874763604,1.57638592037077
2025-09-05 07:26:00+02:00,130.1674895357375,67.66971115429207,62.497778381445414,60.88927686078088,1.6085015206645343
2025-09-05 07:27:00+02:00,133.18752478250343,69.78128579424083,63.4062389882626,61.76551001675315,1.6407289715094568
2025-09-05 07:28:00+02:00,136.226489645915,71.91676044500161,64.30972920091338,62.636665314620835,1.673063886292547
2025-09-05 07:29:00+02:00,139.28388838007396,74.07565178350093,65.20823659657304,63.50273461261173,1.7055019839613192
2025-09-05 07:30:00+02:00,142.35923274168937,76.25748028420212,66.10175245748725,64.36371337185625,1.7380390856310002
2025-09-05 07:31:00+02:00,145.4520419295908,78.46177041909425,66.99027151049654,65.21960039889747,1.770671111599065
2025-09-05 07:32:00+02:00,148.56184455335995,80.68805229597366,67.87379225738627,66.07039815756717,1.8033940998191038
2025-09-05 07:33:00+02:00,151.68817021248333,82.9358558319277,68.75231438055562,66.91611026527745,1.8362041152781625
2025-09-05 07:34:00+02:00,154.8305619092475,85.20471983278748,69.62584207646003,67.75674469779715,1.8690973786628826
2025-09-05 07:35:00+02:00,157.9885676156564,87.49418614070338,70.49438147495303,68.59231129921501,1.9020701757380134
2025-09-05 07:36:00+02:00,161.16174227829669,89.80380123100163,71.35794104729507,69.42282217053608,1.935118876758998
2025-09-05 07:37:00+02:00,164.3496476822573,92.1331162663088,72.21653141594851,70.24829148250863,1.9682399334398732
2025-09-05 07:38:00+02:00,167.5518523728536,94.48168718065288,73.07016519220072,71.06873531557201,2.0014298766287095
2025-09-05 07:39:00+02:00,170.76793154668482,96.84907473024833,73.91885681643649,71.8841715026766,2.0346853137598897
2025-09-05 07:40:00+02:00,173.9974669471565,99.23484453714244,74.76262241001409,72.69461948356944,2.0680029264446436
2025-09-05 07:41:00+02:00,177.2400467545648,101.63856711915373,75.60147963541107,73.50010016731646,2.1013794680946045
2025-09-05 07:42:00+02:00,180.49526550485433,104.05981793210074,76.4354475727536,74.3006358108324,2.134811761921202
2025-09-05 07:43:00+02:00,183.7627239475596,106.49817735853537,77.26454658902422,75.09624989063774,2.168296698386489
2025-09-05 07:44:00+02:00,187.04203116894405,108.95323238660988,78.08879878233418,75.886967526459,2.20183125587518
2025-09-05 07:45:00+02:00,190.33279567594292,111.42457000956936,78.90822566637354,76.67281325775915,2.23541240861439
2025-09-05 07:46:00+02:00,193.63463848015004,113.91178709407504,79.722851386075,77.45381412648783,2.2690372595871753
2025-09-05 07:47:00+02:00,196.94718422991798,116.41448381310802,80.53270041680997,78.22999746783216,2.302702948977811
2025-09-05 07:48:00+02:00,200.27006326514822,118.93226524220158,81.33779802294663,79.0013913485011,2.336406674445526
2025-09-05 07:49:00+02:00,203.60291153842053,121.4647413556988,82.13817018272172,79.76802449311467,2.3701456896070616
2025-09-05 07:50:00+02:00,206.94537050802444,124.01152699675735,82.93384351126709,80.52992620898002,2.403917302287068
2025-09-05 07:51:00+02:00,210.2970870299486,126.57224184174115,83.72484518820745,81.28712631540267,2.4377188728047807
2025-09-05 07:52:00+02:00,213.65771328294733,129.1465103854574,84.51120289748994,82.03965508484833,2.471547812641596
2025-09-05 07:53:00+02:00,217.0269066326637,131.73396187569986,85.29294475696383,82.78754317442605,2.5054015825377896
2025-09-05 07:54:00+02:00,220.40432955879768,134.3342302921161,86.07009926668158,83.53082157541608,2.5392776912654904
2025-09-05 07:55:00+02:00,223.78965182496378,136.9469560547375,86.84269577022627,84.26952205335317,2.573173716873105
2025-09-05 07:56:00+02:00,227.1825412916718,139.5717789577103,87.6107623339615,85.00367511964716,2.6070872143143498
2025-09-05 07:57:00+02:00,230.58267746836654,142.2083486539642,88.37432881440233,85.7333129636553,2.6410158507470367
2025-09-05 07:58:00+02:00,233.98974230844402,144.8563175775338,89.13342473091025,86.45846741793949,2.6749573129707667
2025-09-05 07:59:00+02:00,237.40342241035816,147.5153426600246,89.88807975033356,87.179170421178,2.708909329155564
2025-09-05 08:00:00+02:00,240.82340892188373,150.1850852740262,90.63832364785753,87.89545398027445,2.7428696675830784
2025-09-05 08:01:00+02:00,244.24939744539336,152.8652111749515,91.38418627044186,88.60735013501731,2.77683613542454
2025-09-05 08:02:00+02:00,247.6810879773081,155.55539046748288,92.12569750982522,89.31489093194153,2.8108065778836857
2025-09-05 08:03:00+02:00,251.1181847835277,158.25529751995109,92.86288726357662,90.01810838685087,2.844778876725755
2025-09-05 08:04:00+02:00,254.56039634237572,160.96461092967058,93.59578541270514,90.71703446320348,2.878750949501663
2025-09-05 08:05:00+02:00,258.00743525503515,163.68301346116775,94.3244217938674,91.41170104540048,2.9127207484669295
2025-09-05 08:06:00+02:00,261.4590204748837,166.4101938166804,95.04882665820331,92.10214037587721,2.9466862823260973
2025-09-05 08:07:00+02:00,264.91486799274287,169.14583927874682,95.76902871399604,92.78838318955256,2.9806455244434686
2025-09-05 08:08:00+02:00,268.3747046073824,171.88964659521773,96.48505801216469,93.47046146395701,3.014596548207684
2025-09-05 08:09:00+02:00,271.83825862054687,174.6413146338266,97.19694398672027,94.14840655141202,3.0485374353082433
2025-09-05 08:10:00+02:00,275.30526206838977,177.4005461456796,97.90471592271018,94.82224962511233,3.0824662975978505
2025-09-05 08:11:00+02:00,278.775450641289,180.1670477028803,98.60840293840874,95.4920216622034,3.116381276205347
2025-09-05 08:12:00+02:00,282.24856363876916,182.9405296631526,99.30803397561654,96.15775343460942,3.1502805410071253
2025-09-05 08:13:00+02:00,285.7243438591339,185.72070608149957,100.00363777763432,96.81947548816521,3.1841622894691133
2025-09-05 08:14:00+02:00,289.2025375571875,188.50729467527884,100.69524288190863,97.47721813573915,3.2180247461694735
2025-09-05 08:15:00+02:00,292.6828943697228,191.30001676282637,101.38287760689641,98.13101144488196,3.2518661620144473
2025-09-05 08:16:00+02:00,296.1651672432075,194.0985972030653,102.06657004014218,98.78088522665456,3.285684813487625
2025-09-05 08:17:00+02:00,299.64911473169104,196.9027662435839,102.74634848810712,99.42686946322112,3.3194790248859904
2025-09-05 08:18:00+02:00,303.1344915478355,199.71225190906202,103.42223963877348,100.0689925621139,3.3532470766595757
2025-09-05 08:19:00+02:00,306.6210625450567,202.52679125127167,104.09427129378504,100.70728395276998,3.3869873410150553
2025-09-05 08:20:00+02:00,310.108593306049,205.34612277221524,104.76247053383372,101.34177234325185,3.4206981905818723
2025-09-05 08:21:00+02:00,317.61968989496904,208.1699882443488,109.44970165062028,105.99532363018963,3.454378020430655
2025-09-05 08:22:00+02:00,321.1422589951481,210.99813268005983,110.14412631508829,106.65610106732107,3.4880252477672085
2025-09-05 08:23:00+02:00,324.6651626705446,213.83030424788564,110.83485842265897,107.31322011165979,3.521638310999173
2025-09-05 08:24:00+02:00,328.1881750010269,216.66625424252305,111.52192075850384,107.966705089048,3.555215669455829
2025-09-05 08:25:00+02:00,331.7110728316245,219.50573703035565,112.20533580126886,108.61657999844196,3.5887558028268893
2025-09-05 08:26:00+02:00,335.2336357150345,222.348509993308,112.88512572172651,109.26286851114062,3.622257210585887
2025-09-05 08:27:00+02:00,338.7556458972905,225.19433350747656,113.5613123898139,109.9055939779781,3.655718411835807
2025-09-05 08:28:00+02:00,342.2768882038576,228.042970841315,114.23391736254258,110.54477941833186,3.6891379442107217
2025-09-05 08:29:00+02:00,345.79715241969404,230.894190074552,114.90296234514203,111.18044795871732,3.7225143864247014
2025-09-05 08:30:00+02:00,349.3162237681172,233.74775637464242,115.56846739347476,111.81262112545807,3.7558462680166946
2025-09-05 08:31:00+02:00,352.83389703086834,236.60344342349103,116.2304536073773,112.44132140414794,3.7891322032293533
2025-09-05 08:32:00+02:00,356.349967087101,239.46102574706367,116.88894134003733,113.06657053874626,3.8223708012910707
2025-09-05 08:33:00+02:00,359.8642311914865,242.3202805495853,117.54395064190119,113.68838995386369,3.8555606880374937
2025-09-05 08:34:00+02:00,363.3764889589843,245.18098769153718,118.19550126744709,114.30680076166344,3.8887005057836475
2025-09-05 08:35:00+02:00,366.88654231707983,248.04292964129382,118.843612675786,114.9218237628951,3.9217889128909014
2025-09-05 08:36:00+02:00,370.3941954583742,250.90589142705943,119.4883040313148,115.53347944797446,3.954824583340342
2025-09-05 08:37:00+02:00,373.8992548275755,253.769660616941,120.12959421063448,116.14178800399922,3.9878062066352604
2025-09-05 08:38:00+02:00,377.4015290435564,256.6340272460784,120.76750179747803,116.7467693103837,4.020732487094329
2025-09-05 08:39:00+02:00,380.90082888768416,259.4987837979272,121.40204508975691,117.34844294598453,4.053602143772381
2025-09-05 08:40:00+02:00,384.39696960292224,262.36372708022986,122.03324252269239,117.94682859063339,4.086413932059009
2025-09-05 08:41:00+02:00,387.88976147626107,265.2286504969104,122.66111097935067,118.54194442400234,4.119166555348333
2025-09-05 08:42:00+02:00,391.37902389494513,268.093355557815,123.28566833713009,119.1338095401372,4.151858796992904
2025-09-05 08:43:00+02:00,394.8645758934013,270.9576441253431,123.9069317680582,119.7224423364511,4.184489431607105
2025-09-05 08:44:00+02:00,398.34623849020056,273.8213203199168,124.52491817028374,120.30786092323477,4.217057247048977
2025-09-05 08:45:00+02:00,401.82383464831935,276.6841904788375,125.13964416948184,120.89008312539185,4.249561044089984
2025-09-05 08:46:00+02:00,405.2971892362279,279.5460631158883,125.7511261203396,121.46912648424508,4.28199963609453
2025-09-05 08:47:00+02:00,408.7661290209148,282.40674890734977,126.35938011356502,122.04500826456778,4.3143718489972365
2025-09-05 08:48:00+02:00,412.2304825994704,285.2660606274817,126.96442197198871,122.61774545127649,4.346676520712229
2025-09-05 08:49:00+02:00,415.6900803923817,288.1238131349445,127.56626725743715,123.18735475632354,4.3789125011136
2025-09-05 08:50:00+02:00,419.1447546085154,290.97982333600083,128.16493127251456,123.7538526207561,4.411078651758466
2025-09-05 08:51:00+02:00,422.5943415203951,293.8339120600212,128.76042946037396,124.31725559327884,4.443173867095113
2025-09-05 08:52:00+02:00,426.0386722115152,296.6858963948941,129.35277581662106,124.87757882818178,4.475196988439278
2025-09-05 08:53:00+02:00,429.4775863897464,299.53560110833325,129.94198528141317,125.43483834886864,4.507146932544537
2025-09-05 08:54:00+02:00,432.9109231283958,302.3828509813427,130.52807214705305,125.98904954156355,4.539022605489519
2025-09-05 08:55:00+02:00,436.3385231488501,305.227472688704,131.1110504601461,126.54022753617036,4.570822923975712
2025-09-05 08:56:00+02:00,439.76022878712234,308.06929476402837,131.69093402309397,127.08838720802822,4.60254681506574
2025-09-05 08:57:00+02:00,443.1758839940401,310.9081475928526,132.26773640118753,127.6335431849512,4.63419321623634
2025-09-05 08:58:00+02:00,446.5853342719415,313.7438633530997,132.84147091884185,128.17570984399973,4.665761074842122
2025-09-05 08:59:00+02:00,449.9884266752505,316.57627600869023,133.41215066656028,128.71490131838888,4.697249348171401
2025-09-05 09:00:00+02:00,453.385009780274,319.4052212776942,133.97978850257982,129.25113149936206,4.728657003217764
2025-09-05 09:01:00+02:00,456.77493365571934,322.23053660116267,134.54439705455667,129.7844140380978,4.759983016458887
2025-09-05 09:02:00+02:00,460.15805213058786,325.05206302868356,135.10598910190427,130.3147627070606,4.791226394843689
2025-09-05 09:03:00+02:00,463.5342136642243,327.86963759634904,135.66457606787526,130.84218997633434,4.822386091540915
2025-09-05 09:04:00+02:00,466.9032749614729,330.68310467554534,136.2201702859276,131.36670915420103,4.853461131726559
2025-09-05 09:05:00+02:00,470.2650918658224,333.4923083728645,136.7727834929579,131.8883329644386,4.8844505285192925
2025-09-05 09:06:00+02:00,473.61952160267504,336.297094394248,137.32242720842703,132.40707390467338,4.915353303753662
2025-09-05 09:07:00+02:00,476.9664227839369,339.09731004286215,137.86911274107473,132.92294425300193,4.946168488072803
2025-09-05 09:08:00+02:00,480.30565535107183,341.8928041656119,138.41285118545994,133.4359560650054,4.976895120454555
2025-09-05 09:09:00+02:00,483.63708057896713,344.6834271505853,138.95365342838178,133.94612118008783,5.007532248293968
2025-09-05 09:10:00+02:00,486.96056105178866,347.4690309011782,139.49153015061046,134.45345122337773,5.038078927232743
2025-09-05 09:11:00+02:00,490.27596063786496,350.2494688094743,140.02649182839065,134.9579576074139,5.068534220976749
2025-09-05 09:12:00+02:00,493.58314449497834,353.024595755218,140.55854873976037,135.45965153836937,5.098897201390998
2025-09-05 09:13:00+02:00,496.88197901670765,355.7942680554343,141.08771096127336,135.95854401321608,5.129166948057271
2025-09-05 09:14:00+02:00,500.1723340420857,358.5583453158585,141.61398872622723,136.45464615764817,5.159342568579068
2025-09-05 09:15:00+02:00,503.4540740127218,361.3166829962325,142.13739101648926,136.94796789894596,5.18942311754329
2025-09-05 09:16:00+02:00,506.72707118860194,364.0691435072153,142.65792768138664,137.43851996361903,5.219407717767613
2025-09-05 09:17:00+02:00,509.99119682424674,366.81558879387757,143.17560803036918,137.92631255095657,5.249295479412609
2025-09-05 09:18:00+02:00,513.2463233256541,369.55588214216624,143.69044118348785,138.4113556636729,5.279085519814931
2025-09-05 09:19:00+02:00,516.4923242587017,372.2898881811175,144.20243607758422,138.89365911397505,5.308776963609175
2025-09-05 09:20:00+02:00,519.7290743284102,375.0174728606509,144.71160146775932,139.37323252517515,5.338368942584173
2025-09-05 09:21:00+02:00,522.9564493569252,377.73850342834163,145.2179459285836,139.85008533305987,5.367860595523714
2025-09-05 09:22:00+02:00,526.1743262935216,380.4528484332696,145.721477860252,140.32422679190887,5.397251068343143
2025-09-05 09:23:00+02:00,529.3825831643046,383.16037767910024,146.22220548520437,140.79566597153158,5.426539513672797
2025-09-05 09:24:00+02:00,532.5810990817336,385.8609622276689,146.7201368540646,141.2644117630777,5.45572509098691
2025-09-05 09:25:00+02:00,535.76975636024,388.55447618216004,147.21528017807992,141.73047319214288,5.484806985937048
2025-09-05 09:26:00+02:00,538.9484319503731,391.24078944625506,147.70764250411804,142.19385817183965,5.513784332278378
2025-09-05 09:27:00+02:00,542.117010279216,393.91977856648396,148.19723171273196,142.654575383711,5.542656329020958
2025-09-05 09:28:00+02:00,545.2753746418074,396.59131945707793,148.6840551847295,143.11263302278337,5.5714221619461135
2025-09-05 09:29:00+02:00,548.4234093546879,399.2552892146226,149.16812014006527,143.56803911677122,5.600081023294062
2025-09-05 09:30:00+02:00,551.5609997370419,401.91156609811765,149.6494336389243,144.0208015272944,5.6286321116299165
2025-09-05 09:31:00+02:00,554.6880320931887,404.56002951022947,150.12800258295925,144.47092795123555,5.6570746317237095
2025-09-05 09:32:00+02:00,557.8043937246096,407.20056000362655,150.603833720983,144.91842592628393,5.68540779469908
2025-09-05 09:33:00+02:00,560.9099728825151,409.8330392370111,151.07693364550403,145.36330282786705,5.713630817636992
2025-09-05 09:34:00+02:00,564.0046587814963,412.4573499829515,151.5473087985448,145.80556587480422,5.741742923740581
2025-09-05 09:35:00+02:00,567.0883415814851,415.0733761089288,152.01496547255633,146.24522213035144,5.769743342204894
2025-09-05 09:36:00+02:00,570.160914428409,417.6810043059423,152.4799101224667,146.68227879569503,5.797631326771661
2025-09-05 09:37:00+02:00,573.2222652329973,420.2801171071268,152.9421481258705,147.11674204471564,5.825406081154859
2025-09-05 09:38:00+02:00,576.2722889880073,422.87060333766334,153.40168565034395,147.54861877947405,5.8530668708699
2025-09-05 09:39:00+02:00,579.3108795327564,425.4523511227571,153.8585284099993,147.97791546148565,5.880612948513663
2025-09-05 09:40:00+02:00,582.3379316013506,428.02524962221065,154.31268197913997,148.40463840674806,5.908043572391899
2025-09-05 09:41:00+02:00,585.3533408073488,430.58918901407924,154.76415179326955,148.82879378685655,5.935358006413011
2025-09-05 09:42:00+02:00,588.3570036577289,433.14406050329694,155.212943154432,149.2503876341826,5.962555520249391
2025-09-05 09:43:00+02:00,591.3488175095752,435.6897562816473,155.6590612279278,149.6694258389519,5.989635388975908
2025-09-05 09:44:00+02:00,594.3286805834161,438.2261695359509,156.1025110474653,150.08591415424323,6.016596893222085
2025-09-05 09:45:00+02:00,597.2964919496513,440.75319443342494,156.54329751622643,150.4998581971444,6.043439319082053
2025-09-05 09:46:00+02:00,600.2521515141966,443.27072610641443,156.9814254077822,150.9112634497677,6.070161958014516
2025-09-05 09:47:00+02:00,603.195562001745,445.778662339514,157.416899662231,151.3201355374369,6.096764124794095
2025-09-05 09:48:00+02:00,606.1266210279238,448.27689681113714,157.84972421678665,151.72647913088974,6.12324508589691
2025-09-05 09:49:00+02:00,609.0452329563248,450.7653291934246,158.2799037629002,152.13029959620792,6.149604166692281
2025-09-05 09:50:00+02:00,611.9513009813454,453.2438584041138,158.70744257723166,152.531601897322,6.175840679909666
2025-09-05 09:51:00+02:00,614.8447290939177,455.71238427834453,159.13234481557328,152.93039087213538,6.201953943437909
2025-09-05 09:52:00+02:00,617.7254220953615,458.1708075777166,159.55461451764498,153.32667123716757,6.227943280477401
2025-09-05 09:53:00+02:00,620.5932855572671,460.6190299533428,159.9742556039243,153.72044758472072,6.253808019203576
2025-09-05 09:54:00+02:00,623.4482258372459,463.0569539566092,160.39127188063674,154.1117243876978,6.279547492938947
2025-09-05 09:55:00+02:00,626.2901500651604,465.484483024784,160.8056670403764,154.50050600032498,6.305161040051413
2025-09-05 09:56:00+02:00,629.1189661329485,467.9015214697369,161.21744466321155,154.8867966593188,6.330648003892746
2025-09-05 09:57:00+02:00,631.9345827074008,470.30797448630005,161.62660822110075,155.27060048816585,6.356007732934909
2025-09-05 09:58:00+02:00,634.7369091933859,472.70374811833454,162.0331610750514,155.65192149458497,6.381239580466426
2025-09-05 09:59:00+02:00,637.5258576135433,475.0887508639021,162.4371067496412,156.03076382810977,6.406342921531441
2025-09-05 10:00:00+02:00,640.3013351258013,477.4628872736485,162.83844785215277,156.40713076654166,6.4313170856110995
2025-09-05 10:01:00+02:00,643.0632552329653,479.8260675344274,163.23718769853792,156.78102624099512,6.456161457542795
2025-09-05 10:02:00+02:00,645.8115303081,482.1782010753712,163.63332923272884,157.1524538224686,6.4808754102602455
2025-09-05 10:03:00+02:00,648.5460734319804,484.5191981366377,164.02687529534262,157.52141697398665,6.505458321355972
2025-09-05 10:04:00+02:00,651.2667984093689,486.848969781042,164.41782862832693,157.88791905507375,6.529909573253184
2025-09-05 10:05:00+02:00,653.9736197568777,489.1674278814003,164.80619187547745,158.25196332236305,6.554228553114394
2025-09-05 10:06:00+02:00,656.6664526940938,491.4744851107037,165.1919675833901,158.61355293060342,6.578414652786682
2025-09-05 10:07:00+02:00,659.3452131574161,493.7700549517734,165.57515820564274,158.97269093669837,6.602467268944374
2025-09-05 10:08:00+02:00,662.009817765647,496.0540516656192,165.95576610002772,159.32938029722558,6.626385802802136
2025-09-05 10:09:00+02:00,664.6601838346354,498.32639030184566,166.33379353278977,159.68362387252424,6.65016966026552
2025-09-05 10:10:00+02:00,667.2962311306393,500.58698820036483,166.70924293027448,160.0354246625955,6.673818267678992
2025-09-05 10:11:00+02:00,669.917874799721,502.83575892541336,167.0821158743076,160.38478486588969,6.697331008417916
2025-09-05 10:12:00+02:00,672.5250359881966,505.0726213713126,167.45241461688394,160.7317072986996,6.720707318184338
2025-09-05 10:13:00+02:00,675.1176347295024,507.29749366078045,167.82014106872194,161.07619444751185,6.743946621210079
2025-09-05 10:14:00+02:00,677.6955917309574,509.51029467503514,168.18529705592226,161.41824870961804,6.767048346304218
2025-09-05 10:15:00+02:00,680.2588283653604,511.710944044627,168.54788432073343,161.75787239393586,6.790011926797566
2025-09-05 10:16:00+02:00,682.8072666612792,513.8993621391604,168.90790452211874,162.095067721648,6.812836800470732
2025-09-05 10:17:00+02:00,685.3408293189402,516.0754700790341,169.26535923990613,162.42983683018977,6.8355224097163605
2025-09-05 10:18:00+02:00,687.8594396771986,518.2391897051886,169.62024997201004,162.762181770752,6.858068201258049
2025-09-05 10:19:00+02:00,690.3630217286812,520.3904435902481,169.97257813843314,163.0921045121307,6.880473626302442
2025-09-05 10:20:00+02:00,692.8515001116605,522.5291550297072,170.32234508195322,163.41960694146977,6.902738140483448
2025-09-05 10:21:00+02:00,695.3248017549346,524.6552494542271,170.66955230070747,163.7446910821193,6.9248612185881795
2025-09-05 10:22:00+02:00,697.782849268648,526.7686487461897,171.01420052245828,164.06735822699966,6.946842295458623
2025-09-05 10:23:00+02:00,700.2255708648167,528.8692797658044,171.35629109901228,164.3876102442685,6.968680854743792
2025-09-05 10:24:00+02:00,702.6528937278977,530.9570686508644,171.69582507703333,164.7054487074214,6.9903763696119405
2025-09-05 10:25:00+02:00,705.064745669994,533.0319422377205,172.0328034322734,165.0208751147028,7.011928317570606
2025-09-05 10:26:00+02:00,707.4610551283329,535.093828057414,172.3672270709189,165.33389089045883,7.033336180460051
2025-09-05 10:27:00+02:00,709.8417511577134,537.142654327497,172.69909683021638,165.64449738581703,7.054599444399348
2025-09-05 10:28:00+02:00,712.2067634444034,539.1783499623291,173.0284134820742,165.95269588215237,7.075717599921817
2025-09-05 10:29:00+02:00,714.5560222775042,541.2008445467974,173.35517773070686,166.25848758897212,7.0966901417347525
2025-09-05 10:30:00+02:00,716.8894585674419,543.2100683506055,173.67939021683637,166.561873647941,7.117516568895351
2025-09-05 10:31:00+02:00,719.2070038218056,545.2059523058725,174.00105151593309,166.86285513132444,7.138196384608639
2025-09-05 10:32:00+02:00,721.5085917021523,547.1884293466074,174.32016235554485,167.16143324541903,7.158729110125808
2025-09-05 10:33:00+02:00,723.7941518583764,549.1574290961463,174.63672276223005,167.45760853247455,7.179114229755511
2025-09-05 10:34:00+02:00,726.0636191650535,551.1128858213544,174.95073334369908,167.75138207042596,7.199351273273124
2025-09-05 10:35:00+02:00,728.3169275519228,553.0547331171888,175.2621944347341,168.0427546738435,7.219439760890609
2025-09-05 10:36:00+02:00,730.5540115455489,554.9829052329839,175.57110631256504,168.33172709554378,7.239379217021248
2025-09-05 10:37:00+02:00,732.774806263348,556.8973370658081,175.87746919753994,168.61830002730122,7.25916917023873
2025-09-05 10:38:00+02:00,734.9792474271267,558.797964170652,176.18128325647467,168.90247410306844,7.278809153406236
2025-09-05 10:39:00+02:00,737.1672713365924,560.6847227361319,176.4825486004605,169.18424989700839,7.298298703452102
2025-09-05 10:40:00+02:00,739.3388148835447,562.5575495952727,176.78126528827198,169.4636279267663,7.317637361505691
2025-09-05 10:41:00+02:00,741.4938155452234,564.4163822183374,177.07743332688597,169.74060865403948,7.336824672846478
2025-09-05 10:42:00+02:00,743.6322113789274,566.2611587067707,177.3710526721567,170.01519248528925,7.35586018686746
2025-09-05 10:43:00+02:00,745.7539410355248,568.0918178034494,177.66212323207534,170.28737977487194,7.3747434572034205
2025-09-05 10:44:00+02:00,747.8589451395136,569.9083000822855,177.95064505722817,170.5571710032102,7.39347405401798
2025-09-05 10:45:00+02:00,749.9471606682632,571.7105430963251,178.2366175719381,170.82456605793664,7.41205151400147
2025-09-05 10:46:00+02:00,752.0185294152445,573.4984886796137,178.52004073563074,171.0895653199461,7.430475415684635
2025-09-05 10:47:00+02:00,754.0729923273715,575.2720780595087,178.8009142678628,171.3521689388041,7.448745329058682
2025-09-05 10:48:00+02:00,756.1104909355399,577.0312530897237,179.07923784581618,171.6123770175033,7.466860828312881
2025-09-05 10:49:00+02:00,758.1309673299425,578.7759562276996,179.35501110224283,171.87018961062054,7.484821491622292
2025-09-05 10:50:00+02:00,760.1343641737197,580.5061305450782,179.62823362864154,172.12560672736512,7.502626901276417
2025-09-05 10:51:00+02:00,762.1206246977958,582.2217197219499,179.89890497584605,172.37862833220487,7.520276643641171
2025-09-05 10:52:00+02:00,764.0896926954631,583.9226680408908,180.16702465457232,172.62925434545548,7.537770309116829
2025-09-05 10:53:00+02:00,766.0415125356938,585.6089203971926,180.4325921385012,172.8774846462376,7.555107492263591
2025-09-05 10:54:00+02:00,767.9760291395984,587.2804222772652,180.6956068623332,173.12331907073494,7.57228779159827
2025-09-05 10:55:00+02:00,769.8931892736621,588.9371208749895,180.95606839867247,173.36675757758925,7.589310821083207
2025-09-05 10:56:00+02:00,771.7929364136204,590.5789606520096,181.21397576161075,173.60779959708265,7.6061761645281125
2025-09-05 10:57:00+02:00,773.6752184539489,592.2058899986096,181.4693284553394,173.84644501128682,7.622883444052576
2025-09-05 10:58:00+02:00,775.5399825658783,593.817856789221,181.7221257766573,174.08269350222696,7.639432274430342
2025-09-05 10:59:00+02:00,777.3871764669915,595.4148094782649,181.97236698872652,174.31654471435633,7.655822274370183
2025-09-05 11:00:00+02:00,779.216748433915,596.9966971099294,182.2200513239855,174.54799825735236,7.672053066633127
2025-09-05 11:01:00+02:00,781.0286472978462,598.5634693131232,182.46517798472297,174.77705370672462,7.688124277998355
2025-09-05 11:02:00+02:00,782.8228224399551,600.1150762963267,182.70774614362833,175.00371060440182,7.704035539226507
2025-09-05 11:03:00+02:00,784.5992238038228,601.651468857193,182.94775494662989,175.22796846145465,7.719786485175231
2025-09-05 11:04:00+02:00,786.3578018743654,603.1725983631683,183.18520351119713,175.44982675658068,7.735376754616445
2025-09-05 11:05:00+02:00,788.0985076901153,604.6784167609748,183.42009092914054,175.66928493879146,7.7508059903490745
2025-09-05 11:06:00+02:00,789.8212939884816,606.168877566348,183.65241642213363,175.88634257278068,7.766073849352963
2025-09-05 11:07:00+02:00,791.5261105923358,607.643931871543,183.88217872079284,176.10099875888503,7.7811799619078
2025-09-05 11:08:00+02:00,793.2129113538044,609.1035343516255,184.10937700217897,176.31325300904277,7.796123993136219
2025-09-05 11:09:00+02:00,794.8816495007675,610.5476392375033,184.33401026326416,176.52310466150138,7.8109056017627765
2025-09-05 11:10:00+02:00,796.5322788107053,611.9762013303447,184.55607748036056,176.73055302983687,7.825524450523696
2025-09-05 11:11:00+02:00,798.1647536062534,613.3891759966455,184.7755776096079,176.93559740347914,7.839980206128757
2025-09-05 11:12:00+02:00,799.77902875161,614.7865191640523,184.99250958755778,177.13823704832478,7.854272539232981
2025-09-05 11:13:00+02:00,801.375059664017,616.1681873302408,185.20687233377626,177.33847120923426,7.868401124542
2025-09-05 11:14:00+02:00,802.952802294972,617.5341375456003,185.41866474937174,177.53629910872377,7.882365640647965
2025-09-05 11:15:00+02:00,804.5122131415654,618.8843274220059,185.6278857195596,177.73171994942732,7.896165770132293
2025-09-05 11:16:00+02:00,806.0532492428654,620.2187151286549,185.83453411421038,177.92473291467428,7.909801199536109
2025-09-05 11:17:00+02:00,807.5758691913243,621.5372602669297,186.0386089243945,178.11533729608507,7.9232716283094415
2025-09-05 11:18:00+02:00,809.0800290720047,622.8399203527993,186.2401087192054,178.3035319863146,7.936576732890808
2025-09-05 11:19:00+02:00,810.5656885710293,624.1266561055608,186.43903246546859,178.48931624472002,7.949716220748569
2025-09-05 11:20:00+02:00,812.032806890148,625.3974279090461,186.63537898110192,178.67268918686273,7.9626897942392025
2025-09-05 11:21:00+02:00,813.4813437702527,626.652196696933,186.82914707331977,178.85364991365677,7.97549715966302
2025-09-05 11:22:00+02:00,814.9112594888076,627.8909239495459,187.0203355392616,179.03219751201632,7.98813802724528
2025-09-05 11:23:00+02:00,816.3225148695415,629.1135717012851,187.2089431682564,179.20833105703508,8.00061211122133
2025-09-05 11:24:00+02:00,817.715071266593,630.3201025259345,187.39496874065847,179.38204961095857,8.012919129699902
2025-09-05 11:25:00+02:00,819.0888905742897,631.5104795441856,187.57841103010412,179.55335222535544,8.025058804748669
2025-09-05 11:26:00+02:00,820.4439352244603,632.6846664203699,187.7592688040904,179.7222379417173,8.037030862373093
2025-09-05 11:27:00+02:00,821.7801681834599,633.8426273589547,187.93754082450513,179.88870579201472,8.04883503249042
2025-09-05 11:28:00+02:00,823.0975529619307,634.9843271120802,188.11322584985038,180.0527548008328,8.060471049017599
2025-09-05 11:29:00+02:00,824.3960544638721,636.1097317145619,188.28632274931022,180.21438409194084,8.07193865736938
2025-09-05 11:30:00+02:00,825.6756355262194,637.2188054838115,188.45683004240794,180.37359245850726,8.083237583900697
2025-09-05 11:31:00+02:00,826.936262139995,638.3115155440911,188.624746595904,180.5303790138894,8.094367582014618
2025-09-05 11:32:00+02:00,828.1778999531066,639.3878287946801,188.79007115842649,180.68474275714536,8.105328401281117
2025-09-05 11:33:00+02:00,829.4005151554647,640.447712676101,188.95280247936378,180.83668268411319,8.116119795250595
2025-09-05 11:34:00+02:00,830.6040744655469,641.4911351576166,189.11293930793033,180.98619778659196,8.126741521338369
2025-09-05 11:35:00+02:00,831.7885451390732,642.5180647438973,189.27048039517587,181.1332870542762,8.13719334089967
2025-09-05 11:36:00+02:00,832.9538949669299,643.5284704723852,189.4254244945447,181.2779494753313,8.147475019213413
2025-09-05 11:37:00+02:00,834.100092272415,644.5223219100695,189.57777036234555,181.42018403688985,8.157586325455702
2025-09-05 11:38:00+02:00,835.2271059201296,645.4995891603833,189.72751675974638,181.5599897269655,8.167527032780864
2025-09-05 11:39:00+02:00,836.3349053026338,646.4602428508189,189.87466245181494,181.69736553361338,8.177296918201556
2025-09-05 11:40:00+02:00,837.4234610725098,647.4042547669998,190.01920630550998,181.83231053646588,8.186895769044112
2025-09-05 11:41:00+02:00,838.4927422333883,648.3315953291587,190.1611469042295,181.96482354693046,8.196323357299045
2025-09-05 11:42:00+02:00,839.5427205173759,649.2422373875282,190.30048312984763,182.0949036516286,8.205579478219022
2025-09-05 11:43:00+02:00,840.5733674603187,650.1361536852341,190.43721377508447,182.22254985055534,8.214663924529136
2025-09-05 11:44:00+02:00,841.5846551261769,651.013317485708,190.57133764046898,182.3477611476559,8.223576492813105
2025-09-05 11:45:00+02:00,842.5765561150599,651.8737025789135,190.70285353614648,182.47053655256153,8.232316983584939
2025-09-05 11:46:00+02:00,843.5490435610706,652.7172832787434,190.83176028232722,182.59087508105853,8.240885201268707
2025-09-05 11:47:00+02:00,844.5020911304791,653.5440344207113,190.95805670976773,182.70877575558606,8.249280954181657
2025-09-05 11:48:00+02:00,845.4356730288772,654.3539313674501,191.08174166142715,182.8242376068298,8.25750405459735
2025-09-05 11:49:00+02:00,846.3497639905092,655.1469499987558,191.20281399175352,182.9372596731027,8.265554318650834
2025-09-05 11:50:00+02:00,847.2443392853279,655.923066717022,191.32127256830583,183.04784100190597,8.273431566399877
2025-09-05 11:51:00+02:00,848.1193752975232,656.682258948513,191.4371163490102,183.15598072209238,8.281135626917834
2025-09-05 11:52:00+02:00,848.9748471898753,657.4245031162434,191.55034407363192,183.26167775590224,8.28866631772968
2025-09-05 11:53:00+02:00,849.8107324308627,658.1497776994938,191.66095473136886,183.36493125550373,8.296023475865141
2025-09-05 11:54:00+02:00,850.6270084248507,658.8580611771094,191.76894724774127,183.46574031074886,8.303206936992396
2025-09-05 11:55:00+02:00,851.4236531119152,659.5493325472803,191.87432056463484,183.56410402393587,8.310216540698981
2025-09-05 11:56:00+02:00,852.2006449661419,660.2235713254495,191.97707364069242,183.66002151021718,8.317052130475243
2025-09-05 11:57:00+02:00,852.9579629945717,660.8807575428011,192.07720545177062,183.75349189806474,8.323713553705877
2025-09-05 11:58:00+02:00,853.6955867424324,661.5208717502052,192.17471499222728,183.84451433051458,8.330200661712693
2025-09-05 11:59:00+02:00,854.4134962851401,662.1438950107085,192.26960127443158,183.93308796474594,8.33651330968565
2025-09-05 12:00:00+02:00,855.1116722336826,662.7498089036371,192.3618633300455,184.0192119733182,8.342651356727321
2025-09-05 12:01:00+02:00,855.7900957336956,663.3385955232526,192.45150021044296,184.10288554459643,8.348614665846533
2025-09-05 12:02:00+02:00,856.4487488988561,663.9102378543553,192.53851104450092,184.1841079367382,8.354403107762728
2025-09-05 12:03:00+02:00,857.0876130626585,664.4647182544779,192.62289480818058,184.26287826263678,8.360016545543811
2025-09-05 12:04:00+02:00,857.7066714211915,665.0020207470359,192.70465067415554,184.3391958163251,8.365454857830459
2025-09-05 12:05:00+02:00,858.3059072580679,665.5221294802617,192.7837777778062,184.41305985457208,8.370717923234102
2025-09-05 12:06:00+02:00,858.8853043917368,666.0250291149445,192.86027527679235,184.48446965252379,8.375805624268576
2025-09-05 12:07:00+02:00,859.444847174308,666.5107048229378,192.93414235137033,184.55342450403288,8.380717847337452
2025-09-05 12:08:00+02:00,859.9845204959249,666.9791422905072,193.00537820541777,184.61992372264513,8.38545448277264
2025-09-05 12:09:00+02:00,860.5043097785973,667.430327712538,193.07398206605933,184.68396664127997,8.390015424779369
2025-09-05 12:10:00+02:00,861.0042009802714,667.8642477956424,193.139953184629,184.74555261315933,8.394400571469665
2025-09-05 12:11:00+02:00,861.4841805941775,668.2808897571888,193.2032908369887,184.80468101213071,8.398609824858008
2025-09-05 12:12:00+02:00,861.9442356477902,668.6802413240008,193.26399432378932,184.86135123293982,8.402643090849482
2025-09-05 12:13:00+02:00,862.3843537063389,669.0622907350269,193.32206297131196,184.9155626920419,8.406500279270054
2025-09-05 12:14:00+02:00,862.804523143049,669.4270269755674,193.37749616748158,184.9673148612471,8.41018130623449
2025-09-05 12:15:00+02:00,863.2047320286346,669.7744388129206,193.430293215714,185.01660713129922,8.41368608441477
2025-09-05 12:16:00+02:00,863.5849698213848,670.1045162631674,193.48045355821742,185.0634390203691,8.417014537848333
2025-09-05 12:17:00+02:00,863.9452262259949,670.4172496002354,193.52797662575944,185.10781003382186,8.42016659193756
2025-09-05 12:18:00+02:00,864.2854914847554,670.7126296083709,193.57286187638454,185.1497197003837,8.423142176000812
2025-09-05 12:19:00+02:00,864.6057563736244,670.9906475784386,193.61510879518588,185.1891675719483,8.42594122323756
2025-09-05 12:20:00+02:00,864.9060122050803,671.251295310129,193.65471689495138,185.22615322419804,8.428563670753338
2025-09-05 12:21:00+02:00,865.1862508272296,671.4945651109222,193.69168571630746,185.26067625675827,8.431009459549179
2025-09-05 12:22:00+02:00,865.4464646237094,671.7204497957678,193.72601482794167,185.29273629341898,8.433278534522698
2025-09-05 12:23:00+02:00,865.6866465154744,671.9289426884081,193.75770382706634,185.32233298258456,8.435370844481795
2025-09-05 12:24:00+02:00,865.9067899580268,672.1200376187667,193.78675233926012,185.34946599713948,8.437286342120654
2025-09-05 12:25:00+02:00,866.1068890707921,672.2937290350524,193.81316003573977,185.37413505059808,8.439024985141696
2025-09-05 12:26:00+02:00,866.2869381134503,672.4500115490291,193.83692656442122,185.39633983271375,8.440586731707473
2025-09-05 12:27:00+02:00,866.4469322907909,672.5888806344905,193.85805165630038,185.41608010886685,8.441971547433525
2025-09-05 12:28:00+02:00,866.5868672037592,672.710332150606,193.87653505315328,185.43335565253656,8.443179400616712
2025-09-05 12:29:00+02:00,866.7067389885249,672.8143624625077,193.89237652601713,185.44816626257375,8.444210263443386
2025-09-05 12:30:00+02:00,866.8065443177607,672.9009684422886,193.9055758754721,185.46051176347166,8.44506411200044
2025-09-05 12:31:00+02:00,866.8862804004623,672.970147468752,193.91613293171037,185.47039200543583,8.445740926274532
2025-09-05 12:32:00+02:00,866.9459449818048,673.0218974272044,193.92404755460038,185.4778068644513,8.446240690149079
2025-09-05 12:33:00+02:00,866.9855363433219,673.0562167095518,193.92931963377012,185.48275624236285,8.446563391407276
2025-09-05 12:34:00+02:00,867.0050533027884,673.0731042141466,193.93194908864177,185.48524006691213,8.446709021729642
2025-09-05 12:35:00+02:00,867.0044952142271,673.0725593457651,193.93193586846206,185.48525829176808,8.446677576693983
2025-09-05 12:36:00+02:00,866.9838619475825,673.0545819979058,193.9292799496767,185.48281089409596,8.446469055580728
2025-09-05 12:37:00+02:00,866.9431539572068,673.0191726124167,193.92398134479018,185.47789788274622,8.446083462043946
2025-09-05 12:38:00+02:00,866.8823721989089,672.9663321072474,193.91604009166156,185.47051928838448,8.445520803277072
2025-09-05 12:39:00+02:00,866.8015181720391,672.8960619131874,193.90545625885173,185.46067516839858,8.44478109045314
2025-09-05 12:40:00+02:00,866.7005939121763,672.8083639675272,193.89222994464907,185.4483656060059,8.443864338643177
2025-09-05 12:41:00+02:00,866.5796019912117,672.7032407142018,193.87636127700992,185.43359071019222,8.442770566817696
2025-09-05 12:42:00+02:00,866.4385455175013,672.580695104003,193.8578504134983,185.41635061565123,8.441499797847076
2025-09-05 12:43:00+02:00,866.2774281348945,672.4407305938419,193.83669754105267,185.39664548255794,8.440052058494722
2025-09-05 12:44:00+02:00,866.0962540241164,672.2833511480615,193.81290287605503,185.37447549662707,8.438427379427953
2025-09-05 12:45:00+02:00,865.8950279018944,672.1085612378155,193.78646666407894,185.34984086886644,8.436625795212516
2025-09-05 12:46:00+02:00,865.6737550210748,671.916365841319,193.7573891797558,185.32274183544277,8.43464734431302
2025-09-05 12:47:00+02:00,865.4324410024501,671.7067702979446,193.72567070450557,185.29317863691435,8.43249206759124
2025-09-05 12:48:00+02:00,865.1710924937818,671.4797808808066,193.6913116129751,185.26115159878162,8.430160014193499
2025-09-05 12:49:00+02:00,864.8897162013222,671.2354039557725,193.65431224554973,185.226661012651,8.42765123289874
2025-09-05 12:50:00+02:00,864.5883195220104,670.9736465307843,193.61467299122597,185.1897072134569,8.424965777769062
2025-09-05 12:51:00+02:00,864.2669103886096,670.6945161215777,193.57239426703183,185.15029056026728,8.42210370676455
2025-09-05 12:52:00+02:00,863.9254972704323,670.3980207525588,193.52747651787348,185.10841143612132,8.419065081752173
2025-09-05 12:53:00+02:00,863.5640891706478,670.084168954727,193.4799202159208,185.0640702474391,8.415849968481707
2025-09-05 12:54:00+02:00,863.1826956299747,669.7529697691577,193.42972586081692,185.01726742419848,8.412458436618431
2025-09-05 12:55:00+02:00,862.7813267242701,669.4044327452053,193.3768939790648,184.96800341933988,8.408890559724904
2025-09-05 12:56:00+02:00,862.3599930648586,669.038567941091,193.3214251237677,184.9162787085067,8.405146415261026
2025-09-05 12:57:00+02:00,861.9187057986836,668.6553859243651,193.2633198743185,184.86209378972868,8.401226084589837
2025-09-05 12:58:00+02:00,861.4574766089574,668.2548977728056,193.20257883615187,184.8054491831704,8.39712965298147
2025-09-05 12:59:00+02:00,860.9763173823792,667.8371147858286,193.1392025965506,184.7463453898897,8.392857206660887
2025-09-05 13:00:00+02:00,860.4752415181375,667.4020496214375,193.0731918967,184.68478305226952,8.38840884443047
2025-09-05 13:01:00+02:00,859.9542619885453,666.9497146126862,193.00454737585915,184.62076271540803,8.383784660451104
2025-09-05 13:02:00+02:00,859.4133926170496,666.4801228777612,192.9332697392883,184.5542849836969,8.37898475559141
2025-09-05 13:03:00+02:00,858.8526477632192,665.9932880468716,192.8593597163476,184.48535048171692,8.374009234630666
2025-09-05 13:04:00+02:00,858.2720423185311,665.4892242590214,192.78281805950974,184.41395985328597,8.368858206223756
2025-09-05 13:05:00+02:00,857.6715917124864,664.9679461677599,192.70364554472638,184.34011376177133,8.363531782955038
2025-09-05 13:06:00+02:00,857.0513119084154,664.4294689379985,192.6218429704169,184.26381288911466,8.358030081302248
2025-09-05 13:07:00+02:00,856.4112194044691,663.8738082473438,192.5374111571252,184.18505793547803,8.352353221647178
2025-09-05 13:08:00+02:00,855.7513312347593,663.3009802875728,192.45035094718648,184.10384961890043,8.34650132828606
2025-09-05 13:09:00+02:00,855.0716649643546,662.7110017607888,192.36066320356576,184.02018867417956,8.340474529386205
2025-09-05 13:10:00+02:00,854.3722382209156,662.103889473394,192.26834874752157,183.9340757946876,8.334272952833961
2025-09-05 13:11:00+02:00,853.6530705791333,661.4796619723262,192.1734086068072,183.8455118638621,8.327896742945072
2025-09-05 13:12:00+02:00,852.9141807477074,660.8383371038526,192.07584364385474,183.7544976083319,8.321346035522863
2025-09-05 13:13:00+02:00,852.1555884335656,660.1799336323103,191.9756548012554,183.66103382686637,8.314620974389015
2025-09-05 13:14:00+02:00,851.3773138737345,659.504470834321,191.87284303941357,183.56512133218015,8.307721707233409
2025-09-05 13:15:00+02:00,850.5793778437542,658.8119685066785,191.7674093370757,183.46676095138554,8.300648385690161
2025-09-05 13:16:00+02:00,849.7618016520149,658.1024469620255,191.6593546899894,183.36595352470192,8.29340116528749
2025-09-05 13:17:00+02:00,848.924607141134,657.375927030658,191.54868011047597,183.2626999050137,8.285980205462259
2025-09-05 13:18:00+02:00,848.0678166895067,656.6324300624881,191.4353866270186,183.15700095744515,8.278385669573458
2025-09-05 13:19:00+02:00,847.191453204865,655.8719779220853,191.31947528277968,183.04885755793438,8.270617724845291
2025-09-05 13:20:00+02:00,846.2955401338523,655.0945929976378,191.20094713621452,182.93827059375832,8.262676542456195
2025-09-05 13:21:00+02:00,845.3801008351899,654.3002976577257,191.07980317746419,182.82524088548553,8.254562291978655
2025-09-05 13:22:00+02:00,844.4451610498948,653.4891163953046,190.95604465459022,182.70976949131014,8.246275163280071
2025-09-05 13:23:00+02:00,843.4907452197585,652.6610726340452,190.82967258571327,182.5918572518254,8.237815333887886
2025-09-05 13:24:00+02:00,842.5168789226713,651.8161908421042,190.70068808056703,182.47150508998823,8.229182990578813
2025-09-05 13:25:00+02:00,841.5235882759279,650.9544960150816,190.5690922608462,182.3487139367572,8.220378324088985
2025-09-05 13:26:00+02:00,840.5108999292054,650.0760136706499,190.43488625855548,182.22348472950168,8.211401529053798
2025-09-05 13:27:00+02:00,839.4788410663436,649.1807698508211,190.29807121552258,182.09581841149966,8.202252804022924
2025-09-05 13:28:00+02:00,838.4274394073627,648.2687911244386,190.1586482829241,181.96571593144523,8.19293235147886
2025-09-05 13:29:00+02:00,837.3567232006666,647.3401045811684,190.01661861949822,181.83317824172863,8.183440377769571
2025-09-05 13:30:00+02:00,836.2667212348268,646.3947378424778,189.87198339234905,181.69820629913679,8.173777093212262
2025-09-05 13:31:00+02:00,835.1574628308822,645.4327190557302,189.72474377515195,181.56080106312643,8.163942712025506
2025-09-05 13:32:00+02:00,834.0289770811848,644.4540762349021,189.57490084628273,181.42096340070145,8.153937445581265
2025-09-05 13:33:00+02:00,832.8812958915007,643.4588398995061,189.4224559919947,181.27869446261778,8.14376152937691
2025-09-05 13:34:00+02:00,831.7144494320955,642.4470391304963,189.26741030159926,181.13399511889463,8.133415182704612
2025-09-05 13:35:00+02:00,830.5284691647513,641.4187041961999,189.10976496855145,180.9868663330635,8.122898635487946
2025-09-05 13:36:00+02:00,829.3233870840957,640.3738658951975,188.94952118889816,180.83730906734056,8.112212121557603
2025-09-05 13:37:00+02:00,828.0992357199103,639.3125555591577,188.78668016075267,180.68532428208354,8.101355878669125
2025-09-05 13:38:00+02:00,826.8560481395981,638.2348050558252,188.62124308377295,180.530912935246,8.090330148526972
2025-09-05 13:39:00+02:00,825.5938579391214,637.140646782022,188.4532111570994,180.37407598039675,8.079135176702644
2025-09-05 13:40:00+02:00,824.3126992570445,636.03011367669,188.28258558035455,180.2148143675947,8.067771212759848
2025-09-05 13:41:00+02:00,823.0126067655755,634.9032392139987,188.10936755157675,180.05312904140308,8.056238510173658
2025-09-05 13:42:00+02:00,821.6936156730866,633.7600574064215,187.93355826666505,179.88902094031192,8.04453732635311
2025-09-05 13:43:00+02:00,820.3557617268647,632.6006028080154,187.75515891884925,179.72249099618395,8.032667922665288
2025-09-05 13:44:00+02:00,818.9990802874023,631.4249097131367,187.57417057426565,179.5535400180466,8.020630556219063
2025-09-05 13:45:00+02:00,817.6236099951917,630.233015334939,187.39059466025273,179.3821691478506,8.00842551240215
2025-09-05 13:46:00+02:00,816.2293873026329,629.0249550676674,187.20443223496548,179.20837917860499,7.9960530563605
2025-09-05 13:47:00+02:00,814.8164501031988,627.8007656326731,187.01568447052566,179.03217100532578,7.9835134651998825
2025-09-05 13:48:00+02:00,813.3848368310912,626.5604842990929,186.8243525319984,178.85354551200385,7.970807019994538
2025-09-05 13:49:00+02:00,811.9345864509017,625.3041488758507,186.630437575051,178.6725035693554,7.957934005695588
2025-09-05 13:50:00+02:00,810.4657384740286,624.0317977268438,186.4339407471848,178.48904603591077,7.9448947112740305
2025-09-05 13:51:00+02:00,808.9783329484337,622.7434697630454,186.2348631853883,178.30317375575814,7.931689429630158
2025-09-05 13:52:00+02:00,807.4724104618069,621.439204446229,186.03320601557792,178.11488755795955,7.918318457618373
2025-09-05 13:53:00+02:00,805.94801214487,620.1190417928224,185.8289703520476,177.92418825597215,7.904782096075454
2025-09-05 13:54:00+02:00,804.4051796604839,618.7830223654806,185.62215729500326,177.73107664528047,7.891080649722792
2025-09-05 13:55:00+02:00,802.8439541681505,617.4311863775181,185.4127677906324,177.5355533726668,7.877214417965578
2025-09-05 13:56:00+02:00,801.2643805132756,616.0635773212616,185.20080319201395,177.3376194599139,7.863183732100055
2025-09-05 13:57:00+02:00,799.6665009490076,614.6802365329352,184.98626441607246,177.13727551652204,7.848988899550428
2025-09-05 13:58:00+02:00,798.0503593152378,613.2812068122967,184.76915250294104,176.93452226195862,7.83463024098243
2025-09-05 13:59:00+02:00,796.4159999864098,611.866531512584,184.5494684738259,176.72936039286935,7.8201080809565475
2025-09-05 14:00:00+02:00,794.7634678903614,610.4362545578792,184.32721333248224,176.5217905843923,7.8054227480899465
2025-09-05 14:01:00+02:00,793.0928084968551,608.9904204342596,184.1023880625955,176.3118134876402,7.790574574955319
2025-09-05 14:02:00+02:00,791.4040678213923,607.5290741941747,183.87499362721775,176.09942972910775,7.775563898109996
2025-09-05 14:03:00+02:00,789.697292429204,606.0522614609878,183.6450309682163,175.8846399100885,7.760391058127804
2025-09-05 14:04:00+02:00,787.9725294232342,604.5600284196825,183.41250100355168,175.66744460406122,7.745056399490477
2025-09-05 14:05:00+02:00,786.229826464149,603.0524218352817,183.17740462886732,175.44784435810766,7.729560270759666
2025-09-05 14:06:00+02:00,784.4692305717984,601.5294880172701,182.93974255452835,175.22583954061213,7.713903013916233
2025-09-05 14:07:00+02:00,782.6907928638606,599.9912769196003,182.69951594426024,175.00143093776268,7.698085006497576
2025-09-05 14:08:00+02:00,780.8945614762548,598.4378360179124,182.45672545834233,174.77461885970678,7.68210659863555
2025-09-05 14:09:00+02:00,779.0805862614163,596.8692143748445,182.21137188657173,174.5454037317407,7.665968154831033
2025-09-05 14:10:00+02:00,777.2489176345997,595.2854616431823,181.96345599141736,174.31378594772556,7.64967004369179
2025-09-05 14:11:00+02:00,775.3996065616062,593.6866280564162,181.71297850519002,174.07976586737115,7.633212637818868
2025-09-05 14:12:00+02:00,773.5327045632771,592.0727644338073,181.45994012946989,173.8433438156291,7.616596313840768
2025-09-05 14:13:00+02:00,771.6482637200738,590.4439221855408,181.204341534533,173.60452008208281,7.5998214524501915
2025-09-05 14:14:00+02:00,769.7463366592813,588.8001533028689,180.9461833564124,173.36329491812822,7.582888438284173
2025-09-05 14:15:00+02:00,767.8269765771751,587.1415103784851,180.68546619868994,173.1196685385732,7.5657976601167425
2025-09-05 14:16:00+02:00,765.890237226294,585.4680465967518,180.42219062954211,172.87364111880186,7.548549510740273
2025-09-05 14:17:00+02:00,763.9361716042379,583.7798146021792,180.15635700205874,172.6252126267809,7.531144375277857
2025-09-05 14:18:00+02:00,761.9648372114566,582.0768710430584,179.88796616839824,172.374383490384,7.51358267801424
2025-09-05 14:19:00+02:00,759.9762881761055,580.359269768912,179.6170184071936,172.12115359495257,7.495864812241013
2025-09-05 14:20:00+02:00,757.970580507028,578.6270663702701,179.34351413675785,171.8655229497173,7.477991187040548
2025-09-05 14:21:00+02:00,755.9477707762632,576.8803170416256,179.0674537346375,171.6074915190944,7.459962215543113
2025-09-05 14:22:00+02:00,753.9079161241344,575.1190785871291,178.78883753700532,171.34705922203887,7.441778314966458
2025-09-05 14:23:00+02:00,751.8510742647431,573.3434084266411,178.50766583810204,171.08422593144505,7.423439906656996
2025-09-05 14:24:00+02:00,749.7773034722186,571.5533645851871,178.22393888703158,170.8189914710709,7.404947415960696
2025-09-05 14:25:00+02:00,747.6866626054452,569.7490057156378,177.93765688980739,170.55135561737248,7.3863012724349
2025-09-05 14:26:00+02:00,745.5792110944293,567.9303910882926,177.6488200061367,170.28131809641636,7.367501909720333
2025-09-05 14:27:00+02:00,743.4550089459881,566.0975805971515,177.35742834883658,170.00887858325368,7.348549765582915
2025-09-05 14:28:00+02:00,741.3141167495767,564.2506347663192,177.06348198325753,169.73403670129974,7.3294452819577876
2025-09-05 14:29:00+02:00,739.1565942110113,562.3896134867161,176.76698072429517,169.45679183244337,7.310188891851784
2025-09-05 14:30:00+02:00,736.9825059763681,560.5145810408509,176.46792493551723,169.17714386419826,7.290781071318974
2025-09-05 14:31:00+02:00,734.7919129376186,558.625598604698,176.1663143329206,168.89509207107065,7.2712222618499505
2025-09-05 14:32:00+02:00,732.5848780145941,556.7227292366929,175.8621487779012,168.6106358559344,7.25151292196681
2025-09-05 14:33:00+02:00,730.3614647200325,554.8060366413349,175.5554280786976,168.32377456428975,7.231653514407839
2025-09-05 14:34:00+02:00,728.1217371453998,552.8755851584316,175.24615198696827,168.03450748097862,7.211644505989647
2025-09-05 14:35:00+02:00,725.8657599834801,550.9314397840587,174.93432019942128,167.74283383162012,7.191486367801148
2025-09-05 14:36:00+02:00,723.5935985314238,548.9736661746771,174.6199323567468,167.44875278152972,7.171179575217082
2025-09-05 14:37:00+02:00,721.3053186716568,547.0023306322021,174.30298803945468,167.15226343173384,7.150724607720836
2025-09-05 14:38:00+02:00,719.0009868958186,545.0175001261586,173.98348676966006,166.85336482055627,7.130121949103805
2025-09-05 14:39:00+02:00,716.6806702856584,543.0192422787798,173.6614280068786,166.55205591959245,7.109372087286142
2025-09-05 14:40:00+02:00,714.3444349696106,541.0076240377307,173.33681093187988,166.24833543138325,7.088475500496619
2025-09-05 14:41:00+02:00,711.9923523854967,538.982717069967,173.00963531552972,165.94220260224805,7.067432713281672
2025-09-05 14:42:00+02:00,709.6244898877903,536.9445896757032,172.67990021208706,165.63365599960807,7.0462442124790075
2025-09-05 14:43:00+02:00,707.2409170105802,534.8933121830094,172.34760482757085,165.32269432434742,7.0249105032234125
2025-09-05 14:44:00+02:00,704.8417038917706,532.8289555924965,172.01274829927414,165.0093162044361,7.003432094838051
2025-09-05 14:45:00+02:00,702.4269213024166,530.7515916042275,171.67532969818907,164.6935201971032,6.981809501085876
2025-09-05 14:46:00+02:00,699.9966406323325,528.6612926070125,171.33534802532003,164.3753047852941,6.960043240025923
2025-09-05 14:47:00+02:00,697.5509338973326,526.5581316863463,170.99280221098624,164.05466837691924,6.9381338340670045
2025-09-05 14:48:00+02:00,695.0898737474648,524.44218263321,170.64769111425483,163.73160930423032,6.916081810024498
2025-09-05 14:49:00+02:00,692.613533451646,522.3135199326128,170.3000135190332,163.40612582006193,6.893887698971258
2025-09-05 14:50:00+02:00,690.1219869288752,520.1722187921939,169.94976813668137,163.07821610018144,6.871552036499948
2025-09-05 14:51:00+02:00,687.615307047262,518.0183536825967,169.59695336466527,162.7478780172092,6.849075347456074
2025-09-05 14:52:00+02:00,685.0935723661047,515.8520041321262,169.24156823397846,162.41511002759844,6.826458206380006
2025-09-05 14:53:00+02:00,682.5568570586937,513.6732460697397,168.88361098895408,162.079909841822,6.8037011471320765
2025-09-05 14:54:00+02:00,680.005237610806,511.4821575829036,168.52308002790244,161.74227530496591,6.780804722936526
2025-09-05 14:55:00+02:00,677.4387911771216,509.2788175070706,168.1599736700511,161.40220417842235,6.757769491628745
2025-09-05 14:56:00+02:00,674.8575955662369,507.0633054147199,167.794290151517,161.0596941360118,6.734596015505194
2025-09-05 14:57:00+02:00,672.2617292494822,504.83570162486967,167.42602762461254,160.71474276322735,6.711284861385192
2025-09-05 14:58:00+02:00,669.6512713701067,502.5960872129201,167.05518415718655,160.36734755651142,6.687836600675115
2025-09-05 14:59:00+02:00,667.0263017279278,500.34454399948265,166.68175772844523,160.0175059192311,6.6642518092141225
2025-09-05 15:00:00+02:00,664.386900813027,498.08115458130413,166.3057462317228,159.66521516416543,6.640531067557351
2025-09-05 15:01:00+02:00,661.7331497908979,495.80600232057486,165.92714747032304,159.3104725094991,6.616674960823933
2025-09-05 15:02:00+02:00,659.0651287178248,493.51916981755164,165.54595890027318,158.95327483764348,6.592684062629706
2025-09-05 15:03:00+02:00,656.3829237167687,491.22074506294234,165.16217865382634,158.59361965422914,6.56855899959719
2025-09-05 15:04:00+02:00,653.6866162276546,488.91081222616424,164.77580400149034,158.23150364681706,6.544300354673274
2025-09-05 15:05:00+02:00,650.9762901889225,486.58945781338804,164.3868323755344,157.86692364385132,6.519908731683071
2025-09-05 15:06:00+02:00,648.2520302386257,484.2567691276636,163.99526111096216,157.49987637182787,6.495384739134301
2025-09-05 15:07:00+02:00,645.5139217244483,481.9128342797347,163.60108744471364,157.13035845442616,6.470728990287495
2025-09-05 15:08:00+02:00,642.7620507143582,479.55774219942367,163.20430851493452,156.75836641170503,6.4459421032295
2025-09-05 15:09:00+02:00,639.9965039813761,477.19158262489725,162.80492135647887,156.383896655763,6.421024700715872
2025-09-05 15:10:00+02:00,637.2173690401338,474.8144461362868,162.402922903847,156.00694549337072,6.395977410476297
2025-09-05 15:11:00+02:00,634.4247341320208,472.42642414534197,161.99830998667883,155.62750912161957,6.370800865059267
2025-09-05 15:12:00+02:00,631.618688236311,470.0276089073561,161.59107932895483,155.24558362704641,6.345495701908418
2025-09-05 15:13:00+02:00,628.7993210813062,467.61809353313384,161.18122754817233,154.86116498473206,6.320062563440262
2025-09-05 15:14:00+02:00,625.9667212257668,465.1979703525137,160.76875087325305,154.4742487935488,6.294502079704247
2025-09-05 15:15:00+02:00,623.1209837033111,462.76733744767085,160.35364625564029,154.0848313182953,6.26881493734499
2025-09-05 15:16:00+02:00,620.2621986113593,460.32628890624153,159.9359097051177,153.69290792851186,6.243001776605836
2025-09-05 15:17:00+02:00,617.3904587115882,457.8749213181009,159.51553739348725,153.29847413360224,6.217063259885019
2025-09-05 15:18:00+02:00,614.5058575475852,455.4133321695064,159.09252537807876,152.90152532335486,6.191000054723907
2025-09-05 15:19:00+02:00,611.6084894298355,452.94161983297425,158.6668695968612,152.50205676321343,6.164812833647766
2025-09-05 15:20:00+02:00,608.6984494754066,450.45988360386303,158.23856587154356,152.1000635970483,6.138502274495267
2025-09-05 15:21:00+02:00,605.775833593718,447.96822369099397,157.80760990272398,151.69554084246073,6.112069060263262
2025-09-05 15:22:00+02:00,602.8407384991398,445.46674123021137,157.37399726892838,151.28848338973438,6.085513879193992
2025-09-05 15:23:00+02:00,599.8932617244508,442.95553829870636,156.9377234257444,150.8788860008776,6.058837424866784
2025-09-05 15:24:00+02:00,596.9335016065451,440.43471790574745,156.49878370079765,150.46674330475673,6.032040396040903
2025-09-05 15:25:00+02:00,593.9615553302684,437.9043823304557,156.0571729998127,150.05204952090676,6.005123478905945
2025-09-05 15:26:00+02:00,590.9775268947466,435.36463990680465,155.61288698794195,149.6347995687331,5.978087419208858
2025-09-05 15:27:00+02:00,587.9815151695385,432.81559485757987,155.16592031195862,149.21498739790994,5.950932914048686
2025-09-05 15:28:00+02:00,584.9736218725122,430.25735409047945,154.71626778203276,148.79260709793834,5.923660684094416
2025-09-05 15:29:00+02:00,581.9539495671903,427.69002549591943,154.26392407127088,148.3676526158511,5.896271455419778
2025-09-05 15:30:00+02:00,578.9226017054468,425.1137179865515,153.8088837188954,147.94011775903786,5.868765959857532
2025-09-05 15:31:00+02:00,575.8796826142675,422.52854148925513,153.3511411250124,147.50999619016469,5.841144934847707
2025-09-05 15:32:00+02:00,572.8252975111251,419.93460696152226,152.8906905496028,147.07728142606064,5.8134091235421606
2025-09-05 15:33:00+02:00,569.759552518764,417.33202640738386,152.4275261113802,146.641966836472,5.785559274908206
2025-09-05 15:34:00+02:00,566.6825546526178,414.72091287015974,151.9616417824581,146.20404563887962,5.757596143578455
2025-09-05 15:35:00+02:00,563.5944118650399,412.10138047349216,151.49303139154773,145.7635109013295,5.729520490218213
2025-09-05 15:36:00+02:00,560.4952309508067,409.4735426492798,151.02168830152692,145.3203552390892,5.7013330624377145
2025-09-05 15:37:00+02:00,557.385125884049,406.8375192095871,150.54760667446192,144.8745720038739,5.673034670588024
2025-09-05 15:38:00+02:00,554.2642053650236,404.1934257910233,150.07077957400034,144.42615349953758,5.644626074462761
2025-09-05 15:39:00+02:00,551.1325811138017,401.5413808915442,149.59120022225756,143.9750921635728,5.6161080586847305
2025-09-05 15:40:00+02:00,547.990365841772,398.8815041538718,149.10886168790026,143.5213802736767,5.587481414223565
2025-09-05 15:41:00+02:00,544.8376732400152,396.2139163595012,148.62375688051404,143.0650099422617,5.558746938252337
2025-09-05 15:42:00+02:00,541.6746179972135,393.5387394477962,148.1358785494173,142.6059731151463,5.529905434270999
2025-09-05 15:43:00+02:00,538.5013158114091,390.85609652993907,147.64521928147,142.1442615692937,5.500957712176311
2025-09-05 15:44:00+02:00,535.317883408589,388.1661119087122,147.15177149987673,141.67986691148604,5.47190458839069
2025-09-05 15:45:00+02:00,532.124438531767,385.4689110734202,146.65552745834682,141.2127805726247,5.4427468857221335
2025-09-05 15:46:00+02:00,528.921099989181,382.76462074483186,146.15647924434916,140.74299381058444,5.4134854337647225
2025-09-05 15:47:00+02:00,525.7079854864859,380.0533670506711,145.65461843581477,140.27049738677508,5.384121049039682
2025-09-05 15:48:00+02:00,522.4852202710355,377.3352828232561,145.14993744777937,139.79528283381572,5.3546546139636435
2025-09-05 15:49:00+02:00,519.252924224032,374.61049671215216,144.64242751187982,139.3173405530379,5.32508695884193
2025-09-05 15:50:00+02:00,516.0112204628475,371.879140448305,144.13208001454254,138.83666107411034,5.295418940432191
2025-09-05 15:51:00+02:00,512.7602332402114,369.141347075482,143.61888616472936,138.35323474202235,5.265651422707019
2025-09-05 15:52:00+02:00,509.5000879350886,366.39725094725776,143.1028369878308,137.867051711104,5.235785276726795
2025-09-05 15:53:00+02:00,506.2309110740648,363.6469877497953,142.5839233242695,137.3781019434791,5.205821380790409
2025-09-05 15:54:00+02:00,502.9528303527522,360.8906945247084,142.06213582804378,136.886375207456,5.175760620587769
2025-09-05 15:55:00+02:00,499.66597462801326,358.1285096674694,141.53746496054387,136.3918610714637,5.145603889080183
2025-09-05 15:56:00+02:00,496.3704739699522,355.36057297615287,141.00990099379928,135.89454890686434,5.115352086934941
2025-09-05 15:57:00+02:00,493.06645965510825,352.58702565081506,140.4794340042932,135.3944278818802,5.085006122413018
2025-09-05 15:58:00+02:00,489.7540641890112,349.80801031765304,139.94605387135817,134.89148695982638,5.0545669115317855
2025-09-05 15:59:00+02:00,486.43341910100304,347.02366918583,139.40974991517305,134.38571455743937,5.024035357733688
2025-09-05 16:00:00+02:00,483.10466384920284,344.23415151857847,138.87051233062436,133.87709989689532,4.993412433729049
2025-09-05 16:01:00+02:00,479.7679325158781,341.43960248280405,138.32833003307408,133.36563097395788,4.962699059116203
2025-09-05 16:02:00+02:00,476.42336270275933,338.64017061442104,137.7831920883383,132.8512959062276,4.931896182110693
2025-09-05 16:03:00+02:00,473.0710933322856,335.83600597984207,137.23508735244357,132.3340825931577,4.901004759285885
2025-09-05 16:04:00+02:00,469.711264673757,333.0272602036461,136.68400447011086,131.8139787143477,4.870025755763161
2025-09-05 16:05:00+02:00,466.3440183380329,330.21408647004927,136.12993186798366,131.290971722869,4.8389601451146715
2025-09-05 16:06:00+02:00,462.9694973356518,327.3966395774841,135.57285775816771,130.7650488483193,4.807808909848403
2025-09-05 16:07:00+02:00,459.58784607285946,324.57507594136314,135.01277013149632,130.23619709017498,4.776573041321333
2025-09-05 16:08:00+02:00,456.1992103792698,321.7495536233873,134.44965675588247,129.70440321593833,4.745253539944144
2025-09-05 16:09:00+02:00,452.80373753617675,318.9202323614721,133.88350517470465,129.16965375931284,4.7138514153918045
2025-09-05 16:10:00+02:00,449.40157398979875,316.08727167267466,133.31430231712412,128.63193465173885,4.6823676653852635
2025-09-05 16:11:00+02:00,445.9928745426104,313.2508385120372,132.74203603057322,128.09123266986458,4.650803360708632
2025-09-05 16:12:00+02:00,442.57778866276203,310.41109587911563,132.16669278364637,127.54753326518033,4.619159518466029
2025-09-05 16:13:00+02:00,439.15646963577876,307.5682104466203,131.58825918915846,127.0008220024517,4.587437186706751
2025-09-05 16:14:00+02:00,435.72907231608826,304.72235069430525,131.006721621783,126.45108419820859,4.555637423574383
2025-09-05 16:15:00+02:00,432.2957531266994,301.8736869157138,130.4220662109856,125.89830491373334,4.523761297252275
2025-09-05 16:16:00+02:00,428.85667012318186,299.0223912784112,129.83427884477064,125.34246895826506,4.491809886505587
2025-09-05 16:17:00+02:00,425.41198299429107,296.1686378317132,129.2433451625778,124.78356088194073,4.459784280637072
2025-09-05 16:18:00+02:00,421.9618530954347,293.3126025417891,128.64925055364563,124.2215649738994,4.427685579746219
2025-09-05 16:19:00+02:00,418.50644348205185,290.4544633267723,128.05198015527955,123.65646526028827,4.395514894991269
2025-09-05 16:20:00+02:00,415.0459189122451,287.59440006654927,127.45151884569584,123.0882454971333,4.363273348562538
2025-09-05 16:21:00+02:00,411.5804435886257,284.7325927465617,126.84785084206405,122.516888789495,4.330962052569042
2025-09-05 16:22:00+02:00,408.1101904604823,281.8692291458295,126.2409613146528,121.94237911891466,4.298582195738131
2025-09-05 16:23:00+02:00,404.6353273170548,279.00449336062667,125.63083395642816,121.36469904272475,4.26613491370341
2025-09-05 16:24:00+02:00,401.1560261165887,276.1385735181083,125.01745259848039,120.7838312225555,4.233621375924882
2025-09-05 16:25:00+02:00,397.6724606698062,273.27165987073226,124.40080079907392,120.19975803502335,4.201042764050569
2025-09-05 16:26:00+02:00,394.18480671074974,270.403944862934,123.78086184781574,119.6124615752829,4.168400272532851
2025-09-05 16:27:00+02:00,390.69324190329723,267.53562314490654,123.15761875839068,119.02192364974412,4.1356951086465585
2025-09-05 16:28:00+02:00,387.19794588154974,264.66689161438353,122.53105426716621,118.42812577434422,4.102928492821989
2025-09-05 16:29:00+02:00,383.69910028989875,261.7979494582218,121.90115083167693,117.83104917269613,4.070101658980807
2025-09-05 16:30:00+02:00,380.19688879270643,258.92899816917225,121.26789062353421,117.23067476895064,4.037215854583581
2025-09-05 16:31:00+02:00,376.6914971480727,256.0602416152782,120.63125553279454,116.62698319150779,4.004272341286745
2025-09-05 16:32:00+02:00,373.1831108655318,253.19188413486495,119.99122673066682,116.01995435780518,3.9712723728616512
2025-09-05 16:33:00+02:00,369.67192466174083,250.32413827452456,119.34778638721626,115.40956910309491,3.9382172841213436
2025-09-05 16:34:00+02:00,366.1581283895638,247.45721329431416,118.70091509524964,114.79580673671421,3.9051083585354243
2025-09-05 16:35:00+02:00,362.64191645891,244.59132288128447,118.05059357762552,114.1786466608299,3.871946916795625
2025-09-05 16:36:00+02:00,359.12348556457664,241.7266833001883,117.39680226438831,113.55806796896307,3.838734295425237
2025-09-05 16:37:00+02:00,355.603034700186,238.86351341435767,116.73952128582833,112.93404943894001,3.8054718468883206
2025-09-05 16:38:00+02:00,352.0807651997225,236.00203472918693,116.07873047053559,112.30656953057574,3.772160939959851
2025-09-05 16:39:00+02:00,348.5568808127258,233.14247146296492,115.41440934976087,111.67560638934268,3.7388029604181967
2025-09-05 16:40:00+02:00,345.0315876816808,230.285050538331,114.74653714334974,111.04113783253162,3.705399310818129
2025-09-05 16:41:00+02:00,341.5050944517452,227.43000168121506,114.07509277053012,110.40314135901173,3.671951411518389
2025-09-05 16:42:00+02:00,337.9776122827555,224.57755744044908,113.40005484230642,109.76159414151542,3.638460700790996
2025-09-05 16:43:00+02:00,334.4493549018645,221.7279532403763,112.72140166148823,109.11647302616969,3.6049286353185415
2025-09-05 16:44:00+02:00,330.9205362905726,218.88142552639695,112.03911076417569,108.46775409599546,3.5713566681802322
2025-09-05 16:45:00+02:00,327.3913801717102,216.0382194253982,111.35316074631197,107.81541440717113,3.537746339140845
2025-09-05 16:46:00+02:00,323.8621058995166,213.19857737396046,110.66352852555615,107.15942938512788,3.504099140428268
2025-09-05 16:47:00+02:00,320.3329379480507,210.36274678462001,109.97019116343071,106.49977455642873,3.470416607001977
2025-09-05 16:48:00+02:00,312.7791859495936,207.53097819239989,105.24820775719374,101.81150746256458,3.436700294629169
2025-09-05 16:49:00+02:00,309.2847183013993,204.70352531146375,104.58119298993557,101.17824120946096,3.4029517804746052
2025-09-05 16:50:00+02:00,305.7909798970172,201.88064506628513,103.91033483073211,100.541162167337,3.3691726633950982
2025-09-05 16:51:00+02:00,302.2982036127937,199.0625976763264,103.23560593646735,99.90024137158554,3.335364564881809
2025-09-05 16:52:00+02:00,298.80662537642667,196.2496466884506,102.55697868797604,99.25544955858439,3.3015291293916516
2025-09-05 16:53:00+02:00,295.31648423469267,193.44205903651823,101.87442519817445,98.60675717316052,3.2676680250139305
2025-09-05 16:54:00+02:00,291.8280224222236,190.64010510129688,101.18791732092676,97.95413437677088,3.2337829441558807
2025-09-05 16:55:00+02:00,288.3414830625244,187.8440568724679,100.49742619005649,97.29755060886292,3.1998755811935666
2025-09-05 16:56:00+02:00,284.8571196224821,185.05419553149872,99.80292409098338,96.63697636650384,3.165947724479542
2025-09-05 16:57:00+02:00,281.3751819251148,182.27080023740137,99.10438168771344,95.9723805673581,3.1320011203553477
2025-09-05 16:58:00+02:00,277.89592557744004,179.49415569279444,98.40176988464559,95.30373231978241,3.098037564863182
2025-09-05 16:59:00+02:00,274.4196097082234,176.72455032975975,97.69505937846364,94.63100049664432,3.064058881819317
2025-09-05 17:00:00+02:00,270.9464970129062,173.96227634678738,96.9842206661188,93.95415374279567,3.030066923323136
2025-09-05 17:01:00+02:00,267.4768538648898,171.20762979770623,96.26922406718353,93.2731604962578,2.996063570925733
2025-09-05 17:02:00+02:00,264.0109503642893,168.46091062983467,95.55003973445459,92.5879889982563,2.962050736198299
2025-09-05 17:03:00+02:00,260.54906041937954,165.72242274714642,94.82663767223315,91.89860731059599,2.9280303616371546
2025-09-05 17:04:00+02:00,257.09146183054014,162.99247407425594,94.09898775628422,91.20498333467928,2.8940044216049357
2025-09-05 17:05:00+02:00,253.63843634309245,160.27137659464287,93.36705974844959,90.50708482546686,2.859974922982734
2025-09-05 17:06:00+02:00,250.19026745562456,157.5594446243037,92.63082283132088,89.80487894765345,2.8259438836674398
2025-09-05 17:07:00+02:00,246.7472497220548,154.8570021180487,91.89024760400609,89.09833417943247,2.791913424573627
2025-09-05 17:08:00+02:00,243.30967496728414,152.16437182075467,91.14530314652946,88.3874175127544,2.757885633775066
2025-09-05 17:09:00+02:00,239.87784163125303,149.48188261079713,90.39595902045592,87.67209636156379,2.7238626588921333
2025-09-05 17:10:00+02:00,236.45205251608053,146.80986771561166,89.64218480046887,86.95233811537253,2.6898466850963385
2025-09-05 17:11:00+02:00,233.03261491230705,144.1486647979422,88.88395011436486,86.22811017776053,2.6558399366043375
2025-09-05 17:12:00+02:00,229.61984066301744,141.49861599145518,88.12122467156225,85.49937999398216,2.6218446775800825
2025-09-05 17:13:00+02:00,226.21404626162018,138.86006796044572,87.35397830117446,84.7661150877789,2.587863213395563
2025-09-05 17:14:00+02:00,222.81555295059565,136.23337195782443,86.58218099277123,84.02828310084055,2.553897891930671
2025-09-05 17:15:00+02:00,219.42468679056256,133.61888385760523,85.80580293295733,83.2858518283531,2.5199511046042304
2025-09-05 17:16:00+02:00,216.04177879412043,131.01696423466632,85.02481455945413,82.53878927137117,2.486025288082954
2025-09-05 17:17:00+02:00,212.66716273718822,128.42797666155226,84.23918607563596,81.78706317295983,2.4521229026761273
2025-09-05 17:18:00+02:00,209.30118431066,125.85229469588077,83.44888961477922,81.0306430900303,2.4182465247489184
2025-09-05 17:19:00+02:00,205.9441876480594,123.29029151146413,82.65389613659526,80.26949742474501,2.3843987118502583
2025-09-05 17:20:00+02:00,202.5965244598248,120.74234687414328,81.85417758568151,79.50359549073404,2.350582094947467
2025-09-05 17:21:00+02:00,199.2585519072908,118.20884546778623,81.04970643950458,78.73290708186086,2.316799357643713
2025-09-05 17:22:00+02:00,195.930632681577,115.6901769100171,80.24045577155991,77.95740253399183,2.283053237568085
2025-09-05 17:23:00+02:00,192.61313511441568,113.18673578769774,79.42639932671796,77.17705279858188,2.2493465281360696
2025-09-05 17:24:00+02:00,189.3064332904114,110.69892168843992,78.6075116019715,76.39182952159736,2.2156820803741435
2025-09-05 17:25:00+02:00,186.01090712901524,108.22713920399505,77.78376792502019,75.6017051205293,2.1820628044908816
2025-09-05 17:26:00+02:00,182.7269425289423,105.77179797486554,76.95514455407677,74.80665288193684,2.148491672139926
2025-09-05 17:27:00+02:00,179.45493145222002,103.33331268330967,76.12161876891035,74.00664705078277,2.1149717181275736
2025-09-05 17:28:00+02:00,176.19527203881182,100.91210306272824,75.28316897608359,73.2016629335862,2.081506042497382
2025-09-05 17:29:00+02:00,172.94836654922608,98.50859229482687,74.43977425439921,72.39167646409135,2.048097790307862
2025-09-05 17:30:00+02:00,169.71463015031924,96.12321341746373,73.5914167328555,71.57666648972943,2.014750243126068
2025-09-05 17:31:00+02:00,166.49447799728074,93.75639966350585,72.73807833377491,70.75661164654461,1.9814666872302924
2025-09-05 17:32:00+02:00,163.28833403663066,91.40859087551509,71.87974316111557,69.93149265577792,1.948250505337648
2025-09-05 17:33:00+02:00,160.0966289401302,89.08023185679329,71.0163970833369,69.10129192668256,1.9151051566543338
2025-09-05 17:34:00+02:00,156.91980021867997,86.77177232869505,70.14802788998492,68.26599371056007,1.8820341794248554
2025-09-05 17:35:00+02:00,153.75829230689277,84.48366685579407,69.27462545109871,67.42558425783082,1.849041193267898
2025-09-05 17:36:00+02:00,150.6125567046926,82.21637480078381,68.39618190390878,66.58005200169984,1.816129902208937
2025-09-05 17:37:00+02:00,147.48305205886354,79.97036022322214,67.51269183564139,65.72938773844866,1.7833040971927299
2025-09-05 17:38:00+02:00,144.3702442720571,77.74609178484305,66.62415248721405,64.87358482821978,1.7505676589942716
2025-09-05 17:39:00+02:00,141.27460660978068,75.5440426389347,65.73056397084596,64.01263940961903,1.717924561226937
2025-09-05 17:40:00+02:00,138.19661771777365,73.3646888281215,64.83192888965215,63.14655003830007,1.6853788513520715
2025-09-05 17:41:00+02:00,135.13676999625585,71.20851498864954,63.928255007606296,62.275320266187464,1.6529347414188302
2025-09-05 17:42:00+02:00,132.09555728412525,69.0760053939812,63.01955189014405,61.39895541002866,1.620596480115391
2025-09-05 17:43:00+02:00,129.07348322112801,66.96764962759855,62.10583359352947,60.51746514998409,1.5883684435453798
2025-09-05 17:44:00+02:00,126.07105926644462,64.88394090133795,61.18711836510666,59.63086324822611,1.55625511688055
2025-09-05 17:45:00+02:00,123.08880475465858,62.825375798500914,60.26342895615767,58.73916785847556,1.524261097682108
2025-09-05 17:46:00+02:00,120.12724700134741,60.79245402816676,59.334792973180654,57.84240187325746,1.4923910999231946
2025-09-05 17:47:00+02:00,117.18692134642217,58.785678111490995,58.40124323493117,56.94059327740833,1.4606499575228422
2025-09-05 17:48:00+02:00,114.26837121784601,56.805553055707215,57.4628181621388,56.03377553385471,1.429042628284096
2025-09-05 17:49:00+02:00,111.37214818714543,54.85258599406913,56.51956219307629,55.12198799513721,1.397574197939081
2025-09-05 17:50:00+02:00,108.49881198890787,52.92728577124963,55.57152621765824,54.20527633365115,1.3662498840070898
2025-09-05 17:51:00+02:00,105.64892868067668,51.03016126314245,54.61876741753423,53.28369239804919,1.3350750194850416
2025-09-05 17:52:00+02:00,102.82307827000835,49.16172595121359,53.66135231879476,52.357297178362096,1.3040551404326641
2025-09-05 17:53:00+02:00,100.02184326011358,47.32248976650441,52.69935349360917,51.426157628623464,1.2731958649857098
2025-09-05 17:54:00+02:00,97.24581630979553,45.51296362727141,51.73285268252412,50.49034970089721,1.2425029816269033
2025-09-05 17:55:00+02:00,94.49559827269213,43.73365751849848,50.76194075419365,49.54995832162187,1.2119824325717774
2025-09-05 17:56:00+02:00,91.77179819158414,41.985079832446615,49.78671835913753,48.60507804037155,1.181640318765977
2025-09-05 17:57:00+02:00,89.0750332228881,40.267736616879844,48.80729660600825,47.65581370162947,1.1514829043787793
2025-09-05 17:58:00+02:00,86.40592856775302,38.58213077813962,47.82379778961341,46.70228116797051,1.1215166216428987
2025-09-05 17:59:00+02:00,83.76511738176424,36.92876121782032,46.83635616394392,45.74460808820422,1.091748075739699
2025-09-05 18:00:00+02:00,81.15324063697284,35.30812188387123,45.845118753101616,44.78293470366291,1.0621840494387087
2025-09-05 18:01:00+02:00,78.5709470080156,33.72070077802655,44.85024622998905,43.81741472168373,1.032831508305315
2025-09-05 18:02:00+02:00,76.01889098071771,32.16697782311698,43.851913157600734,42.848215571714334,1.0036975858863997
2025-09-05 18:03:00+02:00,73.49773948167407,30.647427837867482,42.8503116438066,41.87552197720428,0.9747896666023197
2025-09-05 18:04:00+02:00,71.00816138126787,29.16251302656877,41.8456483546991,40.89953308134882,0.9461152733502795
2025-09-05 18:05:00+02:00,68.55083407366924,27.71268580489689,40.83814826877235,39.920466118495796,0.9176821502765554
2025-09-05 18:06:00+02:00,66.12644147694135,26.298386312054916,39.82805516488643,38.938556916845684,0.8894982480407455
2025-09-05 18:07:00+02:00,63.73567366717823,24.920040846658356,38.81563282051988,37.954061092532996,0.8615717279868824
2025-09-05 18:08:00+02:00,61.37922649076475,23.578060209876316,37.80116628088844,36.96725531452948,0.8339109663589579
2025-09-05 18:09:00+02:00,59.05780112763237,22.27283793728482,36.784963190347554,35.97843863210969,0.8065245582378577
2025-09-05 18:10:00+02:00,56.77210358013259,21.00474840352654,35.767355176606046,34.98793385572173,0.7794213208843163
2025-09-05 18:11:00+02:00,54.52284414722416,19.774144831915304,34.748699315308855,33.99608901813393,0.7526102971749246
2025-09-05 18:12:00+02:00,52.31073679375593,18.58135715760222,33.72937963615371,33.003278878112916,0.7261007580407955
2025-09-05 18:13:00+02:00,50.136498472723595,17.426689777031086,32.70980869569251,32.00990649112615,0.6999022045663557
2025-09-05 18:14:00+02:00,48.00084695514549,16.310418434198553,31.69042852094694,31.016404168789986,0.6740243521569537
2025-09-05 18:15:00+02:00,45.904505681450345,15.232790671666287,30.671715009784062,30.023237809686847,0.6484772000972141
2025-09-05 18:16:00+02:00,43.84819426945408,14.194018713407779,29.654175556046308,29.030904628721984,0.6232709273243245
2025-09-05 18:17:00+02:00,41.83263323583932,13.194279710573122,28.638353525266197,28.03993756487285,0.5984159603933448
2025-09-05 18:18:00+02:00,39.85854143414789,12.2337120911396,27.624829343008287,27.050906389675397,0.5739229533328882
2025-09-05 18:19:00+02:00,37.92663482151656,11.312412548798248,26.61422227271831,26.064419489239814,0.5498027834784984
2025-09-05 18:20:00+02:00,36.03762510523475,10.430432919833729,25.607192185401026,25.08112563970236,0.5260665456986665
2025-09-05 18:21:00+02:00,34.19221823784764,9.587776948479888,24.60444128936775,24.101715744837218,0.5027255445305315
2025-09-05 18:22:00+02:00,31.779526160024147,8.784396977579265,22.995129182444884,22.51533789781983,0.479791284625056
2025-09-05 18:23:00+02:00,30.091957942720228,8.020190548112256,22.07176739460797,21.614491936269005,0.45727545833896754
2025-09-05 18:24:00+02:00,28.44951971953794,7.294996952764392,21.154522766773546,20.719332835946574,0.43518993082697166
2025-09-05 18:25:00+02:00,26.85277371211879,6.608593312545556,20.244180399573235,19.830633691866986,0.41354670770624896
2025-09-05 18:26:00+02:00,25.30225904535794,5.9606929102929085,19.34156613506503,18.949208163864984,0.392357971200046
2025-09-05 18:27:00+02:00,23.79848222870053,5.350938997841225,18.447543230859303,18.075907262864007,0.37163596799529763
2025-09-05 18:28:00+02:00,22.34191816450928,4.7789032982930655,17.563014866216214,17.21162182835796,0.35139303785825565
2025-09-05 18:29:00+02:00,20.933005590427474,4.2440823044225775,16.688923286004897,16.357281721332665,0.3316415646722321
2025-09-05 18:30:00+02:00,19.572143428000643,3.7458942371347193,15.826249190865923,15.513855254009384,0.31239393685653916
2025-09-05 18:31:00+02:00,18.259686944330348,3.283676252971193,14.976010691359155,14.682348189564394,0.2936625017947619
2025-09-05 18:32:00+02:00,16.995943770732573,2.856681989225933,14.139261781506638,13.863802267276911,0.275459514229727
2025-09-05 18:33:00+02:00,15.78116973750821,2.4640795126432575,13.317090224864952,13.059293147546022,0.25779707731893003
2025-09-05 18:34:00+02:00,14.615564574420516,2.104949779242482,12.510614795178034,12.269927718908543,0.240687076269492
2025-09-05 18:35:00+02:00,13.499267479238972,1.778285703466601,11.72098177577237,11.49684067201679,0.22414110375558183
2025-09-05 18:36:00+02:00,12.422103078835885,1.4829917581545005,10.939111320681384,10.730940954834482,0.20817036584690177
2025-09-05 18:37:00+02:00,11.386286811707746,1.2178853803878378,10.168401431319909,9.975615799513326,0.19278563180658287
2025-09-05 18:38:00+02:00,10.406116393263659,0.9816973808901103,9.424419012373548,9.246421945442163,0.1779970669313849
2025-09-05 18:39:00+02:00,9.480769962315636,0.7730754530174885,8.707694509298147,8.543880346623363,0.1638141626747842
2025-09-05 18:40:00+02:00,8.60933801904715,0.5905878889124407,8.018750130134709,7.868504528197975,0.15024560193673492
2025-09-05 18:41:00+02:00,7.790823057897621,0.4327288573816711,7.35809420051595,7.220795076242503,0.1372991242734474
2025-09-05 18:42:00+02:00,7.024139725840994,0.2979251595893132,6.726214566251681,6.601233185529801,0.12498138072187993
2025-09-05 18:43:00+02:00,6.308115468829616,0.18454455344691675,6.123570915382699,6.0102731376182525,0.11329777776444717
2025-09-05 18:44:00+02:00,5.6414917277665575,0.09090573509353898,5.550585992673018,5.448333680616351,0.10225231205666777
2025-09-05 18:45:00+02:00,5.022925647102043,0.015290014154035247,5.007635632948007,4.915788236289627,0.09184739665838008
2025-09-05 18:46:00+02:00,4.519379672481994,0.0,4.519379672481994,4.437295991838924,0.08208368064307114
2025-09-05 18:47:00+02:00,4.062821902356608,0.0,4.062821902356608,3.9898620434074537,0.07295985894915431
2025-09-05 18:48:00+02:00,3.6305480187060373,0.0,3.6305480187060373,3.5660755074550496,0.06447251125098775
2025-09-05 18:49:00+02:00,3.2233825427195004,0.0,3.2233825427195004,3.166766659031672,0.056615883687828335
2025-09-05 18:50:00+02:00,2.842024159880165,0.0,2.842024159880165,2.7926424189083754,0.04938174097178959
2025-09-05 18:51:00+02:00,2.4870235564871845,0.0,2.4870235564871845,2.444264354127925,0.042759202359259174
2025-09-05 18:52:00+02:00,2.3390992867299385,0.0,2.3390992867299385,2.302364679940986,0.03673460678895254
2025-09-05 18:53:00+02:00,2.0136053641767973,0.0,2.0136053641767973,1.9823139549329893,0.03129140924380779
2025-09-05 18:54:00+02:00,1.716907455239265,0.0,1.716907455239265,1.6904973370296927,0.026410118209572262
2025-09-05 18:55:00+02:00,1.4488081020390389,0.0,1.4488081020390389,1.4267398174669073,0.02206828457213159
2025-09-05 18:56:00+02:00,1.208057527201327,0.0,1.208057527201327,1.189816974517057,0.018240552684269863
2025-09-05 18:57:00+02:00,0.9938190498349995,0.0,0.9938190498349995,0.9789202656178191,0.014898784217180404
2025-09-05 18:58:00+02:00,0.8067436242081765,0.0,0.8067436242081765,0.7947313601685099,0.012012264039666593
2025-09-05 18:59:00+02:00,0.6453804377934466,0.0,0.6453804377934466,0.6358324438043549,0.009547993989091667
2025-09-05 19:00:00+02:00,0.5080559844843773,0.0,0.5080559844843773,0.5005848967743352,0.0074710877100421765
2025-09-05 19:01:00+02:00,0.3929022712789041,0.0,0.3929022712789041,0.387157029685394,0.005745241593510066
2025-09-05 19:02:00+02:00,0.2978951069049902,0.0,0.2978951069049902,0.2935617991417521,0.004333307763238095
2025-09-05 19:03:00+02:00,0.220899934332258,0.0,0.220899934332258,0.2177020050724554,0.0031979292598025835
2025-09-05 19:04:00+02:00,0.1597242477367613,0.0,0.1597242477367613,0.15742202217828313,0.0023022255584781814
2025-09-05 19:05:00+02:00,0.11217404545151641,0.0,0.11217404545151641,0.1105635491209835,0.0016104963305329045
2025-09-05 19:06:00+02:00,0.07611119756668881,0.0,0.07611119756668881,0.07502229111622442,0.0010889064504643916
2025-09-05 19:07:00+02:00,0.049508134243892825,0.0,0.049508134243892825,0.048802023198864126,0.0007061110450286971
2025-09-05 19:08:00+02:00,0.030496123833366133,0.0,0.030496123833366133,0.03006234490254873,0.00043377893081740027
2025-09-05 19:09:00+02:00,0.0002469772989010653,0.0,0.0002469772989010653,0.0,0.0002469772989010653
2025-09-05 19:10:00+02:00,0.00012439016963317626,0.0,0.00012439016963317626,0.0,0.00012439016963317626
2025-09-05 19:11:00+02:00,4.8358127165864393e-05,0.0,4.8358127165864393e-05,0.0,4.8358127165864393e-05
2025-09-05 19:12:00+02:00,4.7428755944299405e-06,0.0,4.7428755944299405e-06,0.0,4.7428755944299405e-06
2025-09-05 19:13:00+02:00,0.0,0.0,0.0,0.0,0.0
2025-09-05 19:14:00+02:00,0.0,0.0,0.0,0.0,0.0
2025-09-05 19:15:00+02:00,0.0,0.0,0.0,0.0,0.0
2025-09-05 19:16:00+02:00,0.0,0.0,0.0,0.0,0.0
2025-09-05 19:17:00+02:00,0.0,0.0,0.0,0.0,0.0
2025-09-05 19:18:00+02:00,0.0,0.0,0.0,0.0,0.0
2025-09-05 19:19:00+02:00,0.0,0.0,0.0,0.0,0.0
2025-09-05 19:20:00+02:00,0.0,0.0,0.0,0.0,0.0
2025-09-05 19:21:00+02:00,0.0,0.0,0.0,0.0,0.0
2025-09-05 19:22:00+02:00,0.0,0.0,0.0,0.0,0.0
2025-09-05 19:23:00+02:00,0.0,0.0,0.0,0.0,0.0
2025-09-05 19:24:00+02:00,0.0,0.0,0.0,0.0,0.0
2025-09-05 19:25:00+02:00,0.0,0.0,0.0,0.0,0.0
2025-09-05 19:26:00+02:00,0.0,0.0,0.0,0.0,0.0
2025-09-05 19:27:00+02:00,0.0,0.0,0.0,0.0,0.0
2025-09-05 19:28:00+02:00,0.0,0.0,0.0,0.0,0.0
2025-09-05 19:29:00+02:00,0.0,0.0,0.0,0.0,0.0
2025-09-05 19:30:00+02:00,0.0,0.0,0.0,0.0,0.0
2025-09-05 19:31:00+02:00,0.0,0.0,0.0,0.0,0.0
2025-09-05 19:32:00+02:00,0.0,0.0,0.0,0.0,0.0
2025-09-05 19:33:00+02:00,0.0,0.0,0.0,0.0,0.0
2025-09-05 19:34:00+02:00,0.0,0.0,0.0,0.0,0.0
2025-09-05 19:35:00+02:00,0.0,0.0,0.0,0.0,0.0
2025-09-05 19:36:00+02:00,0.0,0.0,0.0,0.0,0.0
2025-09-05 19:37:00+02:00,0.0,0.0,0.0,0.0,0.0
2025-09-05 19:38:00+02:00,0.0,0.0,0.0,0.0,0.0
2025-09-05 19:39:00+02:00,0.0,0.0,0.0,0.0,0.0
2025-09-05 19:40:00+02:00,0.0,0.0,0.0,0.0,0.0
2025-09-05 19:41:00+02:00,0.0,0.0,0.0,0.0,0.0
2025-09-05 19:42:00+02:00,0.0,0.0,0.0,0.0,0.0
2025-09-05 19:43:00+02:00,0.0,0.0,0.0,0.0,0.0
2025-09-05 19:44:00+02:00,0.0,0.0,0.0,0.0,0.0
2025-09-05 19:45:00+02:00,0.0,0.0,0.0,0.0,0.0
2025-09-05 19:46:00+02:00,0.0,0.0,0.0,0.0,0.0
2025-09-05 19:47:00+02:00,0.0,0.0,0.0,0.0,0.0
2025-09-05 19:48:00+02:00,0.0,0.0,0.0,0.0,0.0
2025-09-05 19:49:00+02:00,0.0,0.0,0.0,0.0,0.0
2025-09-05 19:50:00+02:00,0.0,0.0,0.0,0.0,0.0
2025-09-05 19:51:00+02:00,0.0,0.0,0.0,0.0,0.0
2025-09-05 19:52:00+02:00,0.0,0.0,0.0,0.0,0.0
2025-09-05 19:53:00+02:00,0.0,0.0,0.0,0.0,0.0
2025-09-05 19:54:00+02:00,0.0,0.0,0.0,0.0,0.0
2025-09-05 19:55:00+02:00,0.0,0.0,0.0,0.0,0.0
2025-09-05 19:56:00+02:00,0.0,0.0,0.0,0.0,0.0
2025-09-05 19:57:00+02:00,0.0,0.0,0.0,0.0,0.0
2025-09-05 19:58:00+02:00,0.0,0.0,0.0,0.0,0.0
2025-09-05 19:59:00+02:00,0.0,0.0,0.0,0.0,0.0
2025-09-05 20:00:00+02:00,0.0,0.0,0.0,0.0,0.0
2025-09-06 05:00:00+02:00,0.0,0.0,0.0,0.0,0.0
2025-09-06 05:01:00+02:00,0.0,0.0,0.0,0.0,0.0
2025-09-06 05:02:00+02:00,0.0,0.0,0.0,0.0,0.0
2025-09-06 05:03:00+02:00,0.0,0.0,0.0,0.0,0.0
2025-09-06 05:04:00+02:00,0.0,0.0,0.0,0.0,0.0
2025-09-06 05:05:00+02:00,0.0,0.0,0.0,0.0,0.0
2025-09-06 05:06:00+02:00,0.0,0.0,0.0,0.0,0.0
2025-09-06 05:07:00+02:00,0.0,0.0,0.0,0.0,0.0
2025-09-06 05:08:00+02:00,0.0,0.0,0.0,0.0,0.0
2025-09-06 05:09:00+02:00,0.0,0.0,0.0,0.0,0.0
2025-09-06 05:10:00+02:00,0.0,0.0,0.0,0.0,0.0
2025-09-06 05:11:00+02:00,0.0,0.0,0.0,0.0,0.0
2025-09-06 05:12:00+02:00,0.0,0.0,0.0,0.0,0.0
2025-09-06 05:13:00+02:00,0.0,0.0,0.0,0.0,0.0
2025-09-06 05:14:00+02:00,0.0,0.0,0.0,0.0,0.0
2025-09-06 05:15:00+02:00,0.0,0.0,0.0,0.0,0.0
2025-09-06 05:16:00+02:00,0.0,0.0,0.0,0.0,0.0
2025-09-06 05:17:00+02:00,0.0,0.0,0.0,0.0,0.0
2025-09-06 05:18:00+02:00,0.0,0.0,0.0,0.0,0.0
2025-09-06 05:19:00+02:00,0.0,0.0,0.0,0.0,0.0
2025-09-06 05:20:00+02:00,0.0,0.0,0.0,0.0,0.0
2025-09-06 05:21:00+02:00,0.0,0.0,0.0,0.0,0.0
2025-09-06 05:22:00+02:00,0.0,0.0,0.0,0.0,0.0
2025-09-06 05:23:00+02:00,0.0,0.0,0.0,0.0,0.0
2025-09-06 05:24:00+02:00,0.0,0.0,0.0,0.0,0.0
2025-09-06 05:25:00+02:00,0.0,0.0,0.0,0.0,0.0
2025-09-06 05:26:00+02:00,0.0,0.0,0.0,0.0,0.0
2025-09-06 05:27:00+02:00,0.0,0.0,0.0,0.0,0.0
2025-09-06 05:28:00+02:00,0.0,0.0,0.0,0.0,0.0
2025-09-06 05:29:00+02:00,0.0,0.0,0.0,0.0,0.0
2025-09-06 05:30:00+02:00,0.0,0.0,0.0,0.0,0.0
2025-09-06 05:31:00+02:00,0.0,0.0,0.0,0.0,0.0
2025-09-06 05:32:00+02:00,0.0,0.0,0.0,0.0,0.0
2025-09-06 05:33:00+02:00,0.0,0.0,0.0,0.0,0.0
2025-09-06 05:34:00+02:00,0.0,0.0,0.0,0.0,0.0
2025-09-06 05:35:00+02:00,0.0,0.0,0.0,0.0,0.0
2025-09-06 05:36:00+02:00,0.0,0.0,0.0,0.0,0.0
2025-09-06 05:37:00+02:00,0.0,0.0,0.0,0.0,0.0
2025-09-06 05:38:00+02:00,0.0,0.0,0.0,0.0,0.0
2025-09-06 05:39:00+02:00,0.0,0.0,0.0,0.0,0.0
2025-09-06 05:40:00+02:00,0.0,0.0,0.0,0.0,0.0
2025-09-06 05:41:00+02:00,0.0,0.0,0.0,0.0,0.0
2025-09-06 05:42:00+02:00,0.0,0.0,0.0,0.0,0.0
2025-09-06 05:43:00+02:00,0.0,0.0,0.0,0.0,0.0
2025-09-06 05:44:00+02:00,0.0,0.0,0.0,0.0,0.0
2025-09-06 05:45:00+02:00,0.0,0.0,0.0,0.0,0.0
2025-09-06 05:46:00+02:00,0.0,0.0,0.0,0.0,0.0
2025-09-06 05:47:00+02:00,0.0,0.0,0.0,0.0,0.0
2025-09-06 05:48:00+02:00,0.0,0.0,0.0,0.0,0.0
2025-09-06 05:49:00+02:00,0.0,0.0,0.0,0.0,0.0
2025-09-06 05:50:00+02:00,0.0,0.0,0.0,0.0,0.0
2025-09-06 05:51:00+02:00,0.0,0.0,0.0,0.0,0.0
2025-09-06 05:52:00+02:00,0.0,0.0,0.0,0.0,0.0
2025-09-06 05:53:00+02:00,0.0,0.0,0.0,0.0,0.0
2025-09-06 05:54:00+02:00,0.0,0.0,0.0,0.0,0.0
2025-09-06 05:55:00+02:00,0.0,0.0,0.0,0.0,0.0
2025-09-06 05:56:00+02:00,0.0,0.0,0.0,0.0,0.0
2025-09-06 05:57:00+02:00,0.0,0.0,0.0,0.0,0.0
2025-09-06 05:58:00+02:00,1.3401481991945245e-05,0.0,1.3401481991945245e-05,0.0,1.3401481991945245e-05
2025-09-06 05:59:00+02:00,6.408314081879414e-05,0.0,6.408314081879414e-05,0.0,6.408314081879414e-05
2025-09-06 06:00:00+02:00,0.00015036809187397675,0.0,0.00015036809187397675,0.0,0.00015036809187397675
2025-09-06 06:01:00+02:00,0.0002871997946393771,0.0,0.0002871997946393771,0.0,0.0002871997946393771
2025-09-06 06:02:00+02:00,0.034641599059880186,0.0,0.034641599059880186,0.03414852942785535,0.0004930696320248349
2025-09-06 06:03:00+02:00,0.05535560081366894,0.0,0.05535560081366894,0.05456549332942587,0.0007901074842430773
2025-09-06 06:04:00+02:00,0.08408384719794483,0.0,0.08408384719794483,0.08287984911784282,0.001203998080102005
2025-09-06 06:05:00+02:00,0.1227290413412408,0.0,0.1227290413412408,0.12096532095549879,0.001763720385742002
2025-09-06 06:06:00+02:00,0.173340466025001,0.0,0.173340466025001,0.17083933736873744,0.002501128656263572
2025-09-06 06:07:00+02:00,0.23806417984516492,0.0,0.23806417984516492,0.23461377540511036,0.003450404440054571
2025-09-06 06:08:00+02:00,0.3190877727993451,0.0,0.3190877727993451,0.3144403548314435,0.004647417967901589
2025-09-06 06:09:00+02:00,0.4185833731686907,0.0,0.4185833731686907,0.4124543327606065,0.006129040408084234
2025-09-06 06:10:00+02:00,0.5386523731523579,0.0,0.5386523731523579,0.5307199261109858,0.007932447041372113
2025-09-06 06:11:00+02:00,0.681274804790754,0.0,0.681274804790754,0.6711803583371522,0.010094446453601781
2025-09-06 06:12:00+02:00,0.848265588509363,0.0,0.848265588509363,0.8356147246045356,0.012650863904827352
2025-09-06 06:13:00+02:00,1.0412390899360058,0.0,1.0412390899360058,1.025603090906395,0.01563599902961092
2025-09-06 06:14:00+02:00,1.2615828306675456,0.0,1.2615828306675456,1.242500657925901,0.019082172741644685
2025-09-06 06:15:00+02:00,1.507823681511913,0.0,1.507823681511913,1.4848043272055005,0.02301935430641251
2025-09-06 06:16:00+02:00,1.781952925612407,0.0,1.781952925612407,1.7544780220628862,0.027474903549520698
2025-09-06 06:17:00+02:00,2.0846451006246784,0.0,2.0846451006246784,2.0521717231501566,0.032473377474521864
2025-09-06 06:18:00+02:00,2.4160385563057085,0.0,2.4160385563057085,2.3780021290833946,0.038036427222313735
2025-09-06 06:19:00+02:00,2.56369980468705,0.0,2.56369980468705,2.5195170421383426,0.04418276254870737
2025-09-06 06:20:00+02:00,2.9239363870274286,0.0,2.9239363870274286,2.87300821149587,0.05092817553155863
2025-09-06 06:21:00+02:00,3.3103249146257774,0.0,3.3103249146257774,3.2520393019048237,0.05828561272095375
2025-09-06 06:22:00+02:00,3.7222824795363407,0.0,3.7222824795363407,3.656017193741059,0.06626528579528154
2025-09-06 06:23:00+02:00,4.159084030306778,0.0,4.159084030306778,4.084209219100999,0.0748748112057795
2025-09-06 06:24:00+02:00,4.626627814591555,0.004349342982919872,4.622278471608635,4.538159101077532,0.08411937053110302
2025-09-06 06:25:00+02:00,5.214864700134276,0.07198245921818938,5.142882240916087,5.048880349636813,0.0940018912792737
2025-09-06 06:26:00+02:00,5.850433371491399,0.1566054559519509,5.6938279155394484,5.589304714347154,0.10452320119229407
2025-09-06 06:27:00+02:00,6.534733050411738,0.2599477699125714,6.274785280499167,6.159103028610374,0.11568225188879289
2025-09-06 06:28:00+02:00,7.2690779866447395,0.3837100370483036,6.885367949596436,6.757891674522668,0.1274762750737682
2025-09-06 06:29:00+02:00,8.054695953989476,0.529551386585954,7.525144567403522,7.385243600788233,0.13990096661528847
2025-09-06 06:30:00+02:00,8.892726887114408,0.699078384784112,8.193648502330296,8.04069784492262,0.15295065740767633
2025-09-06 06:31:00+02:00,9.784222023720975,0.8938356514351548,8.890386372285821,8.723767896890312,0.1666184753955088
2025-09-06 06:32:00+02:00,10.730143580639403,1.1152981004754692,9.614845480163934,9.433948982038396,0.1808964981255377
2025-09-06 06:33:00+02:00,11.731364928604416,1.364864715382689,10.366500213221727,10.17072431842507,0.19577589479665802
2025-09-06 06:34:00+02:00,12.78867125098305,1.643853753670644,11.144817497312406,10.93357043969638,0.21124705761602663
2025-09-06 06:35:00+02:00,13.881147522403916,1.9534992627509362,11.92764825965298,11.70034853707854,0.22729972257444037
2025-09-06 06:36:00+02:00,15.016462572694817,2.294949011248624,12.721513561446192,12.477590470714892,0.24392309073130042
2025-09-06 06:37:00+02:00,16.201181864016505,2.6692622991523574,13.531919564864149,13.27081368158127,0.261105883282879
2025-09-06 06:38:00+02:00,17.435139066414262,3.0774109976767416,14.35772806873752,14.078891570117682,0.27883649861983817
2025-09-06 06:39:00+02:00,18.718107819416485,3.5202791208816793,15.197828698534805,14.900725649475719,0.2971030490590853
2025-09-06 06:40:00+02:00,20.04980694842628,3.9986641953546815,16.0511427530716,15.735249308765122,0.3158934443064779
2025-09-06 06:41:00+02:00,21.42990476696705,4.513278976332885,16.916625790634164,16.58143033503826,0.3351954555959061
2025-09-06 06:42:00+02:00,22.858023244573836,5.0647536454726305,17.793269599101205,17.438272826334664,0.3549967727665395
2025-09-06 06:43:00+02:00,24.333741993458204,5.653638387449734,18.68010360600847,18.3048185516452,0.37528505436326726
2025-09-06 06:44:00+02:00,25.856602078223332,6.280406268278623,19.57619580994471,19.18014783842364,0.396047971521072
2025-09-06 06:45:00+02:00,27.426109657402325,6.945456349552797,20.48065330784953,20.06338006146654,0.4172732463829895
2025-09-06 06:46:00+02:00,29.04173941120672,7.649116957840593,21.392622453366126,20.953673768362258,0.43894868500386763
2025-09-06 06:47:00+02:00,30.702938940724785,8.391649588839856,22.31128935188493,21.850227130892645,0.46106222099228533
2025-09-06 06:48:00+02:00,32.409127351558695,9.17325034158678,23.23587700997191,22.75227512975979,0.48360188021211914
2025-09-06 06:49:00+02:00,34.919933178021125,9.994056381681116,24.92587679634001,24.419320905994674,0.5065558903453348
2025-09-06 06:50:00+02:00,36.78409539219935,10.854147449594032,25.929947942605313,25.400035303287165,0.5299126393181469
2025-09-06 06:51:00+02:00,38.69164004213539,11.75354976592495,26.93809027621044,26.384429572161427,0.5536607040490117
2025-09-06 06:52:00+02:00,40.641853759110155,12.692239405009358,27.949614354100795,27.371825491810664,0.5777888622901308
2025-09-06 06:53:00+02:00,42.634018081570574,13.67014558089188,28.96387250067869,28.3615863987456,0.6022861019330898
2025-09-06 06:54:00+02:00,44.66741090231821,14.68715383691915,29.980257065399062,29.353115437162558,0.6271416282365033
2025-09-06 06:55:00+02:00,46.74130780336349,15.743109138033542,30.998198665329948,30.34585379584972,0.6523448694802267
2025-09-06 06:56:00+02:00,48.854983231180654,16.837818827774694,32.017164403405964,31.339278922852994,0.6778854805529688
2025-09-06 06:57:00+02:00,51.00771159921574,17.971055482126225,33.036656117089514,32.332902771476896,0.7037533456126197
2025-09-06 06:58:00+02:00,53.198768271020995,19.142559628357482,34.05620864266351,33.32627006334752,0.7299385793159895
2025-09-06 06:59:00+02:00,55.42743195900123,20.352043160081138,35.075388798920095,34.3189572540365,0.7564315448835974
2025-09-06 07:00:00+02:00,57.692979529555075,21.599188530881598,36.09379099867348,35.310568216525866,0.7832227821476134
2025-09-06 07:01:00+02:00,59.99469569899702,22.883655954957415,37.1110397440396,36.30073663136851,0.8103031126710963
2025-09-06 07:02:00+02:00,62.33186773707085,24.205082395643018,38.12678534142783,37.28912177468306,0.8376635667447745
2025-09-06 07:03:00+02:00,64.70378753927692,25.563084446749297,39.14070309252762,38.27540769418286,0.8652953983447599
2025-09-06 07:04:00+02:00,67.10975215123037,26.95726029131061,40.15249185991976,39.259301778025836,0.8931900818939238
2025-09-06 07:05:00+02:00,69.54906425957708,28.387191555797717,41.161872703779366,40.24053339488819,0.9213393088911779
2025-09-06 07:06:00+02:00,72.02103258640668,29.852445024616237,42.16858756179044,41.21885257809462,0.9497349836958209
2025-09-06 07:07:00+02:00,74.52497228035958,31.35257427081088,43.172398009548694,42.19402878998755,0.9783692195611484
2025-09-06 07:08:00+02:00,77.06020524174136,32.88712116902703,44.173084072714325,43.165849738513714,1.007234334200608
2025-09-06 07:09:00+02:00,79.62606040680959,34.45561730768231,45.17044309912728,44.134120253940374,1.0363228451869095
2025-09-06 07:10:00+02:00,82.22187576977254,36.057586405709166,46.16428936406338,45.09866187883678,1.0656274852265988
2025-09-06 07:11:00+02:00,84.84699158847027,37.69254120374273,47.154450384727554,46.05930926640185,1.0951411183257056
2025-09-06 07:12:00+02:00,87.50076103516392,39.359991064179816,48.140769970984095,47.01591311786523,1.1248568531188634
2025-09-06 07:13:00+02:00,90.1825434054152,41.05943875338539,49.12310465202981,47.96833669252132,1.154767959508489
2025-09-06 07:14:00+02:00,92.89170597491099,42.79038248475313,50.10132349015786,48.91645560680437,1.1848678833534918
2025-09-06 07:15:00+02:00,95.62762412606102,44.55231684167747,51.075307284383555,49.86015704251284,1.21515024187072
2025-09-06 07:16:00+02:00,98.38968140133574,46.34473359922777,52.044947802107956,50.799338983603576,1.2456088185043832
2025-09-06 07:17:00+02:00,101.17726958815669,48.1671225143564,53.0101470738003,51.733909515375885,1.2762375584244134
2025-09-06 07:18:00+02:00,103.98978875737572,50.01897203769466,53.97081671968105,52.663786155905996,1.3070305637750583
2025-09-06 07:19:00+02:00,106.82664728664035,51.89976996944405,54.9268773171963,53.58889522817512,1.3379820890211795
2025-09-06 07:20:00+02:00,109.68726189320807,53.80900407849734,55.87825781471074,54.509171278064684,1.3690865366460618
2025-09-06 07:21:00+02:00,112.57105954163376,55.746163945028776,56.824895596604975,55.42455712323391,1.400338473371064
2025-09-06 07:22:00+02:00,115.4774696989945,57.71073626812767,57.76673343086683,56.33500088875432,1.4317325421125038
2025-09-06 07:23:00+02:00,118.40593590559835,59.702213121245066,58.70372278435329,57.240459200940414,1.463263583412877
2025-09-06 07:24:00+02:00,121.35590801307399,61.72008719538474,59.63582081768925,58.140894270174805,1.494926547514449
2025-09-06 07:25:00+02:00,124.32684408341007,63.76385348836561,60.56299059504446,59.03627408361092,1.526716511433542
2025-09-06 07:26:00+02:00,127.31821030174942,65.83300963360143,61.48520066814798,59.926571993464,1.558628674683981
2025-09-06 07:27:00+02:00,130.32948093346334,67.92705623145476,62.402424702008574,60.81176634634648,1.5906583556620906
2025-09-06 07:28:00+02:00,133.36013824866728,70.04549713236302,63.31464111630425,61.691840128438606,1.6228009878656453
2025-09-06 07:29:00+02:00,136.40967243902125,72.18783969024074,64.22183274878051,62.56678063257789,1.6550521162026322
2025-09-06 07:30:00+02:00,139.47758155851557,74.35359501008135,65.1239865484342,63.43657915471485,1.6874073937193539
2025-09-06 07:31:00+02:00,142.56337140134843,76.54227813015463,66.02109327119382,64.30123069337556,1.7198625778182628
2025-09-06 07:32:00+02:00,145.66655752019955,78.75340971225492,66.91314780794463,65.16073425889006,1.752413549054559
2025-09-06 07:33:00+02:00,148.7866567890179,80.98651025377809,67.80014653523982,66.01509031475616,1.7850562204836584
2025-09-06 07:34:00+02:00,151.92319978483084,83.24110912357783,68.682090661253,66.86430399578481,1.8177866654681905
2025-09-06 07:35:00+02:00,155.0757223971931,85.51673878733799,69.5589836098551,67.70838258219324,1.8506010276618636
2025-09-06 07:36:00+02:00,158.24376776387618,87.81293636530407,70.4308313985721,68.54733585905119,1.8834955395209043
2025-09-06 07:37:00+02:00,161.42688618913186,90.12924374215702,71.29764244697485,69.3811759272363,1.9164665197385529
2025-09-06 07:38:00+02:00,164.62463502966727,92.46520764058641,72.15942738908085,70.20991701863154,1.9495103704493013
2025-09-06 07:39:00+02:00,167.83657858616817,94.8203796865951,73.01619889957307,71.03357532497745,1.9826235745956153
2025-09-06 07:40:00+02:00,171.06228798765034,97.19431645812178,73.86797152952856,71.85216883621037,2.0158026933181947
2025-09-06 07:41:00+02:00,174.30134110468987,99.58657954430994,74.71476156037991,72.66571719664508,2.0490443637348417
2025-09-06 07:42:00+02:00,177.553322402939,101.99673555089296,75.55658685204601,73.47424155585256,2.082345296193449
2025-09-06 07:43:00+02:00,180.81782285568926,104.42435613978182,76.39346671590744,74.27776444369323,2.1157022722142065
2025-09-06 07:44:00+02:00,184.0944420284446,106.86901968353702,77.22542234490759,75.07631018027637,2.149112164631218
2025-09-06 07:45:00+02:00,187.38277916430678,109.33030469728143,78.05247446702533,75.86990262129984,2.1825718457254895
2025-09-06 07:46:00+02:00,190.68244628217818,111.80779969234058,78.8746465898376,76.65856827000529,2.2160783198323024
2025-09-06 07:47:00+02:00,193.99305924864603,114.30109659422557,79.69196265442048,77.44233402304211,2.2496286313783767
2025-09-06 07:48:00+02:00,197.31423988610135,116.80979238038321,80.50444750571812,78.22122762013736,2.2832198855807637
2025-09-06 07:49:00+02:00,200.64561585910343,119.33348905690131,81.31212680220213,78.99527755567362,2.316849246528502
2025-09-06 07:50:00+02:00,203.98682055921557,121.87179362836994,82.11502693084564,79.76451299554437,2.350513935301277
2025-09-06 07:51:00+02:00,207.33749302445966,124.4243180888028,82.91317493565687,80.52896370716446,2.3842112284924073
2025-09-06 07:52:00+02:00,210.69727779560398,126.9906793597057,83.70659843589829,81.28865997975714,2.4179384561411505
2025-09-06 07:53:00+02:00,214.06582483723355,129.57049927280607,84.49532556442747,82.04363256406117,2.451693000366299
2025-09-06 07:54:00+02:00,217.44278942863843,132.16340452567073,85.2793849029677,82.79391260922971,2.4854722937380025
2025-09-06 07:55:00+02:00,220.82783432747456,134.7690283849389,86.05880594253566,83.53953210217033,2.5192738403653254
2025-09-06 07:56:00+02:00,224.22062061057653,137.38700366366973,86.83361694690682,84.28052182288795,2.5530951240188693
2025-09-06 07:57:00+02:00,227.62082115645916,140.01697312812237,87.60384802833677,85.01691428600034,2.586933742336428
2025-09-06 07:58:00+02:00,231.02811149838618,142.6585824866252,88.36952901176097,85.74874169670211,2.62078731505886
2025-09-06 07:59:00+02:00,234.44217198972964,145.3114820766863,89.13068991304334,86.47603640772755,2.65465350531579
2025-09-06 08:00:00+02:00,237.86268770311716,147.97532680708454,89.88736089603262,87.19883087774018,2.6885300182924436
2025-09-06 08:01:00+02:00,241.28934836272225,150.6497761232578,90.63957223946444,87.91715763921178,2.7224146002526637
2025-09-06 08:02:00+02:00,244.7218482148004,153.33449392223795,91.38735429256242,88.63104925558511,2.756305036977305
2025-09-06 08:03:00+02:00,248.15988596385992,156.02914851651443,92.1307374473455,89.34053829446698,2.7901991528785204
2025-09-06 08:04:00+02:00,251.60316467729803,158.73341257134217,92.86975210595585,90.04565729613294,2.824094809822903
2025-09-06 08:05:00+02:00,255.05139169305437,161.4469630424669,93.60442865058745,90.74643874457816,2.857989906009301
2025-09-06 08:06:00+02:00,258.504280877,164.16948296654755,94.33479791045245,91.44291551253798,2.8918823979144777
2025-09-06 08:07:00+02:00,261.9615432362266,166.90065406364437,95.06088917258224,92.13511896457081,2.9257702080114307
2025-09-06 08:08:00+02:00,265.42290075571833,169.64016765283586,95.78273310288246,92.82308174245543,2.9596513604270256
2025-09-06 08:09:00+02:00,268.8880770530502,172.38771729147916,96.50035976157106,93.50683587253282,2.993523889038248
2025-09-06 08:10:00+02:00,272.3567996065882,175.14300053332497,97.2137990732632,94.18641321402968,3.027385859233526
2025-09-06 08:11:00+02:00,275.82879970546486,177.90571889109808,97.92308081436677,94.86184544705515,3.061235367311629
2025-09-06 08:12:00+02:00,279.3038123340025,180.67557774592183,98.62823458808069,95.53316404883027,3.095070539250413
2025-09-06 08:13:00+02:00,282.7815761245502,183.45228631005705,99.32928981449317,96.20040028433266,3.12888953016051
2025-09-06 08:14:00+02:00,286.26183327797116,186.23555756303782,100.02627571493333,96.86358519150056,3.162690523432776
2025-09-06 08:15:00+02:00,289.74432948639753,189.02510818870263,100.71922129769493,97.52274956777403,3.196471729920902
2025-09-06 08:16:00+02:00,293.22881388997484,191.82065853866996,101.4081553513049,98.1779239638402,3.230231387464695
2025-09-06 08:17:00+02:00,296.71504130798525,194.62193442420042,102.09310688378483,98.82913910136804,3.2639677824167865
2025-09-06 08:18:00+02:00,300.2027628458629,197.42865956259217,102.77410328327072,99.47642412453652,3.2976791587342027
2025-09-06 08:19:00+02:00,303.69173985124786,200.24056678761113,103.45117306363674,100.11980921063575,3.331363853000991
2025-09-06 08:20:00+02:00,307.1817344923244,203.057390477467,104.12434401485734,100.75932381165416,3.3650202032031915
2025-09-06 08:21:00+02:00,310.67251206027464,205.87886839875364,104.79364366152099,101.3949970905114,3.398646571009587
2025-09-06 08:22:00+02:00,314.16384086841146,208.70474161999667,105.45909924841477,102.02685790762781,3.4322413407869647
2025-09-06 08:23:00+02:00,321.74698197613554,211.53475447913334,110.21222749700222,106.74642457772845,3.4658029192737705
2025-09-06 08:24:00+02:00,325.27278347513914,214.36865452571556,110.90412894942357,107.40479921446095,3.499329734962612
2025-09-06 08:25:00+02:00,328.79851636635476,217.20619246296866,111.59232390338609,108.05950366589585,3.5328202374902373
2025-09-06 08:26:00+02:00,332.323957260118,220.04712211799526,112.27683514212275,108.71056224475183,3.5662728973709164
2025-09-06 08:27:00+02:00,335.8488854951612,222.8912003589837,112.9576851361775,109.35799893106677,3.599686205110734
2025-09-06 08:28:00+02:00,339.37308311508366,225.7381870661898,113.63489604889388,110.00183737792884,3.633058670965046
2025-09-06 08:29:00+02:00,342.8963371760734,228.58784698969887,114.30849018637451,110.64210133962948,3.666388846745039
2025-09-06 08:30:00+02:00,346.4184302419404,231.4399420493973,114.9784881925431,111.27881295663013,3.699675235912969
2025-09-06 08:31:00+02:00,349.9391545403694,234.29424277488113,115.64491176548822,111.9119953379892,3.7329164274990223
2025-09-06 08:32:00+02:00,353.45830242583907,237.1505205839735,116.30778184186553,112.54167083600584,3.7661110058597056
2025-09-06 08:33:00+02:00,356.9756687247725,240.008549668432,116.96711905634047,113.16786148345746,3.7992575728830134
2025-09-06 08:34:00+02:00,360.4910506838987,242.868106942244,117.62294374165475,113.79058899414478,3.832354747509966
2025-09-06 08:35:00+02:00,364.0042479219568,245.72897199262664,118.27527592933014,114.40987476403367,3.86540116529646
2025-09-06 08:36:00+02:00,367.5150624126674,248.59092705654456,118.92413535612285,115.02573987785362,3.8983954782692165
2025-09-06 08:37:00+02:00,371.0232984050805,251.4537569462688,119.56954145881164,115.63820510461228,3.9313363541993667
2025-09-06 08:38:00+02:00,374.52876240859734,254.31724902765427,120.21151338094305,116.24729090445764,3.9642224764854026
2025-09-06 08:39:00+02:00,378.0312631474291,257.18119317359873,120.85006997383037,116.85301743007663,3.9970525437537363
2025-09-06 08:40:00+02:00,381.53061386084244,260.04538363848314,121.48523022235929,117.45540493093779,4.029825291421509
2025-09-06 08:41:00+02:00,385.0266229062633,262.9096113558386,122.1170115504247,118.0544721466842,4.062539403740501
2025-09-06 08:42:00+02:00,388.5191077642155,265.7736753922512,122.74543237196428,118.65023872696926,4.095193644995025
2025-09-06 08:43:00+02:00,392.0078856378416,268.63737524599793,123.37051039184368,119.24272362036493,4.127786771478755
2025-09-06 08:44:00+02:00,395.49277576008205,271.5005127256081,123.99226303447396,119.83194548132084,4.1603175531531225
2025-09-06 08:45:00+02:00,398.97359935121483,274.36289190626303,124.61070744495179,120.41792267166326,4.192784773288525
2025-09-06 08:46:00+02:00,402.450179611519,277.2243191151724,125.22586049634656,121.00067326790801,4.225187228438541
2025-09-06 08:47:00+02:00,405.9223416487714,280.0846028634512,125.83773878532023,121.5802150575145,4.257523727805727
2025-09-06 08:48:00+02:00,409.3899124712668,282.94355383197063,126.44635863929622,122.15656554607602,4.2897930932202035
2025-09-06 08:49:00+02:00,412.8527209506997,285.8009848325316,127.0517361181681,122.72974195932689,4.32199415884121
2025-09-06 08:50:00+02:00,416.31059778294684,288.6567107673816,127.65388701556527,123.29976124473004,4.3541257708352425
2025-09-06 08:51:00+02:00,419.76337779796484,291.5105505312001,128.25282726676468,123.86664045789898,4.38618680886571
2025-09-06 08:52:00+02:00,423.2108906336207,294.362319293291,128.84857134032964,124.43039524077231,4.418176099557323
2025-09-06 08:53:00+02:00,426.65297462316744,297.2118399682973,129.44113465487018,124.99104210937546,4.450092545494721
2025-09-06 08:54:00+02:00,430.0894674969314,300.0589355246915,130.03053197223988,125.54859693332087,4.4819350389190165
2025-09-06 08:55:00+02:00,433.52020866402495,302.9034308623237,130.6167778017012,126.10307531873087,4.513702482970334
2025-09-06 08:56:00+02:00,436.9450392110733,305.74515280397395,131.19988640709934,126.6544926153729,4.545393791726426
2025-09-06 08:57:00+02:00,440.36380183681683,308.5839300338351,131.77987180298175,127.20286391333558,4.577007889646154
2025-09-06 08:58:00+02:00,443.77634085235485,311.41959309052055,132.3567477618343,127.74820405021056,4.608543711623731
2025-09-06 08:59:00+02:00,447.1825021483303,314.2519743327684,132.9305278155619,128.29052761282813,4.64000020273376
2025-09-06 09:00:00+02:00,450.58213316414424,317.0809079069091,133.50122525723512,128.8298489392369,4.671376317998196
2025-09-06 09:01:00+02:00,453.97508288904623,319.9062297409657,134.06885314808048,129.36618212563326,4.702671022447207
2025-09-06 09:02:00+02:00,457.3612040740809,322.72777938179576,134.63342469228513,129.89954138073537,4.733883311549753
2025-09-06 09:03:00+02:00,460.74034413204663,325.54539240439726,135.1949517276494,130.42993960025117,4.765012127398218
2025-09-06 09:04:00+02:00,464.1123587692588,328.3589117643938,135.75344700486497,130.95739052045485,4.796056484410116
2025-09-06 09:05:00+02:00,467.4771028448582,331.16818017623973,136.3089226686185,131.48190728350835,4.827015385110148
2025-09-06 09:06:00+02:00,470.83443265359716,333.97304200850647,136.8613906450907,132.00350280386144,4.857887841229254
2025-09-06 09:07:00+02:00,474.1842058660019,336.77334322776335,137.4108626382385,132.52218976503667,4.888672873201847
2025-09-06 09:08:00+02:00,477.52628153423484,339.5689313974047,137.95735013683012,133.03798062655736,4.919369510272769
2025-09-06 09:09:00+02:00,480.8605200633683,342.3596556476923,138.50086441567603,133.55088762539773,4.9499767902782885
2025-09-06 09:10:00+02:00,484.1867831870832,345.14536664957404,139.04141653750918,134.06092277803367,4.980493759475509
2025-09-06 09:11:00+02:00,487.50493397216053,347.9259166127123,139.57901735944827,134.5680978868177,5.010919472630588
2025-09-06 09:12:00+02:00,490.81483676225423,350.70115923274864,140.11367752950557,135.07242453695468,5.04125299255087
2025-09-06 09:13:00+02:00,494.11635718426265,353.47094969107934,140.6454074931833,135.5739141029915,5.0714933901918275
2025-09-06 09:14:00+02:00,497.4093643293311,356.23514648071296,141.1742178486181,136.07257808395278,5.101639764665334
2025-09-06 09:15:00+02:00,500.6937219015815,358.9936039699929,141.70011793158866,136.56842676932206,5.131691162266606
2025-09-06 09:16:00+02:00,503.9693014748424,361.74618352526574,142.22311794957668,137.06147125169485,5.16164669788182
2025-09-06 09:17:00+02:00,507.2359736001631,364.49274604222535,142.7432275579378,137.5517220843219,5.191505473615864
2025-09-06 09:18:00+02:00,510.49361002474325,367.2331538029075,143.26045622183574,138.03918962267872,5.221266599157011
2025-09-06 09:19:00+02:00,513.7420836694702,369.96727045181996,143.77481321765018,138.5238840260337,5.250929191616475
2025-09-06 09:20:00+02:00,516.9812686078562,372.69496097331387,144.28630763454242,139.00581525916,5.280492375382434
2025-09-06 09:21:00+02:00,520.2110400731793,375.41609169278524,144.79494838039412,139.48499309816776,5.309955282226367
2025-09-06 09:22:00+02:00,523.4312744084516,378.1305302298115,145.30074417864006,139.96142712774738,5.339317050892678
2025-09-06 09:23:00+02:00,526.6418490751477,380.83814550083906,145.80370357430863,140.43512674708813,5.368576827220486
2025-09-06 09:24:00+02:00,529.8426426328886,383.5388076974937,146.30383493539486,140.90610117139352,5.397733764001335
2025-09-06 09:25:00+02:00,533.0335368553883,386.23239006869085,146.8011467866975,141.3743597464158,5.426787040281714
2025-09-06 09:26:00+02:00,536.2144081887473,388.918761704918,147.29564648382933,141.83991070018672,5.455735783642606
2025-09-06 09:27:00+02:00,539.385140539973,391.5977983293105,147.78734221066247,142.30276302398414,5.484579186678337
2025-09-06 09:28:00+02:00,542.545616722781,394.2693750732208,148.27624164956026,142.7629252204163,5.513316429143976
2025-09-06 09:29:00+02:00,545.6957205809088,396.93336826398235,148.76235231692638,143.22040561959565,5.541946697330743
2025-09-06 09:30:00+02:00,548.8353369705935,399.58965540597944,149.24568156461413,143.67521238066598,5.570469183948147
2025-09-06 09:31:00+02:00,551.964351770494,402.2381151850002,149.72623658549372,144.1273534972431,5.598883088250624
2025-09-06 09:32:00+02:00,555.082651835695,404.8786274253503,150.20402441034466,144.57683679468445,5.627187615660198
2025-09-06 09:33:00+02:00,558.1901250086363,407.51107309518386,150.67905191345247,145.02366993555026,5.655381977902197
2025-09-06 09:34:00+02:00,561.2866601019464,410.1353342881325,151.15132581381383,145.46786042092685,5.683465392886986
2025-09-06 09:35:00+02:00,564.3721468815735,412.7512942052369,151.6208526763366,145.9094155917428,5.711437084593792
2025-09-06 09:36:00+02:00,567.446478136429,415.35883890698443,152.0876392294446,146.34834292758688,5.739296301857697
2025-09-06 09:37:00+02:00,570.5095413940369,417.95785028246445,152.55169111157238,146.78464886823232,5.767042243340065
2025-09-06 09:38:00+02:00,573.5612313035017,420.54821654861615,153.01301475488552,147.2183405851071,5.794674169778428
2025-09-06 09:39:00+02:00,576.6014413647202,423.1298252323786,153.4716161323416,147.64942480327903,5.822191329062585
2025-09-06 09:40:00+02:00,579.6300659786084,425.70256490579726,153.9275010728111,148.07790809795853,5.849592974852571
2025-09-06 09:41:00+02:00,582.6470004593385,428.26632519301387,154.38067526632466,148.50379689960297,5.8768783667216695
2025-09-06 09:42:00+02:00,585.6521409916617,430.82099673066494,154.8311442609967,148.92709749119211,5.904046769804592
2025-09-06 09:43:00+02:00,588.6453846433762,433.36647117517026,155.27891346820599,149.34781601326497,5.93109745494102
2025-09-06 09:44:00+02:00,591.626629351217,435.90264118750235,155.7239881637147,149.7659584651334,5.9580296985813
2025-09-06 09:45:00+02:00,594.5957739060182,438.42940041737745,156.16637348864072,150.181530705958,5.98484278268271
2025-09-06 09:46:00+02:00,597.5527179658613,440.94664351131183,156.60607445454957,150.5945384596911,6.011535994858472
2025-09-06 09:47:00+02:00,600.4973639857199,443.45426775310796,157.04309623261193,151.0049875867923,6.038108645819607
2025-09-06 09:48:00+02:00,603.4296093400196,445.9521663519015,157.47744298811807,151.41288298979558,6.064559998322482
2025-09-06 09:49:00+02:00,606.3493581576092,448.44023851771806,157.90911963989117,151.81823026589203,6.090889373999155
2025-09-06 09:50:00+02:00,609.2565134010661,450.9183827139178,158.33813068714826,152.2210346052465,6.117096081901766
2025-09-06 09:51:00+02:00,612.1509788596848,453.3864983512456,158.76448050843916,152.6213010719196,6.143179436519572
2025-09-06 09:52:00+02:00,615.0326591090027,455.8444857504833,159.18817335851946,153.01903460107883,6.169138757440644
2025-09-06 09:53:00+02:00,617.9014595256493,458.29224615230885,159.60921337334045,153.414240003826,6.1949733695144555
2025-09-06 09:54:00+02:00,620.7572862741138,460.72968170325856,160.02760457085526,153.8069219680973,6.220682602757971
2025-09-06 09:55:00+02:00,623.6000462949646,463.1566954429628,160.44335085200174,154.19708505972451,6.246265792277214
2025-09-06 09:56:00+02:00,626.4296473185655,465.57319131319053,160.85645600537487,154.5847337269596,6.271722278415255
2025-09-06 09:57:00+02:00,629.2459978270274,467.9790741227407,161.26692370428668,154.96987229785066,6.297051406436024
2025-09-06 09:58:00+02:00,632.049007068321,470.3742495568996,161.67475751142138,155.35250498474628,6.322252526675096
2025-09-06 09:59:00+02:00,634.8385869114037,472.7586257607897,162.07996115061397,155.7326361393771,6.347325011236883
2025-09-06 10:00:00+02:00,637.6146443604814,475.13210693801364,162.4825374224678,156.11026923572695,6.37226818674086
2025-09-06 10:01:00+02:00,640.3770927940197,477.49460295468543,162.88248983933434,156.48540840397274,6.3970814353616
2025-09-06 10:02:00+02:00,643.1258444356779,479.84602290200814,163.2798215336698,156.8580574064949,6.42176412717491
2025-09-06 10:03:00+02:00,645.8608122445954,482.1862767093662,163.6745355352292,157.22821989805567,6.446315637173551
2025-09-06 10:04:00+02:00,648.5819099045244,484.5152751326712,164.06663477185322,157.59589942666136,6.470735345191851
2025-09-06 10:05:00+02:00,651.289051812952,486.83292974272774,164.45612207022427,157.96109943439518,6.495022635829091
2025-09-06 10:06:00+02:00,653.9821530964464,489.1391529360843,164.84300016036212,158.32382326175187,6.519176898610241
2025-09-06 10:07:00+02:00,656.6611295742773,491.4338579016283,165.22727167264898,158.6840741449708,6.543197527678187
2025-09-06 10:08:00+02:00,659.3258977739731,493.71695863168094,165.60893914229217,159.04185522033683,6.567083921955344
2025-09-06 10:09:00+02:00,661.9763749210747,495.9883699110308,165.98800501004388,159.39716952497238,6.590835485071493
2025-09-06 10:10:00+02:00,664.6124806921264,498.24800881759813,166.3644718745282,159.7500202334426,6.614451641085586
2025-09-06 10:11:00+02:00,667.2341301685608,500.4957886800924,166.73834148846845,160.1004097170822,6.637931771386264
2025-09-06 10:12:00+02:00,669.8412444084001,502.73162813786234,167.10961627053774,160.4483409611197,6.661275309418048
2025-09-06 10:13:00+02:00,672.4337433811374,504.95544508304425,167.4782982980932,160.79381662069108,6.684481677402115
2025-09-06 10:14:00+02:00,675.011547730753,507.16715816957236,167.84438956118066,161.13683925902998,6.707550302150678
2025-09-06 10:15:00+02:00,677.5745787669542,509.36668680364994,168.20789196330432,161.47741134829704,6.730480615007288
2025-09-06 10:16:00+02:00,680.1227584793289,511.5539511539092,168.56880732541967,161.81553527343053,6.753272051989145
2025-09-06 10:17:00+02:00,682.6560095050824,513.7288721217648,168.92713738331759,162.15121332980084,6.775924053516751
2025-09-06 10:18:00+02:00,685.1742551440122,515.891371352331,169.28288379168123,162.48444772711687,6.798436064564358
2025-09-06 10:19:00+02:00,687.6774193494517,518.0413712247382,169.6360481247135,162.81524059011915,6.82080753459436
2025-09-06 10:20:00+02:00,690.1654267250692,520.178794847506,169.98663187756327,163.1435939600169,6.843037917546394
2025-09-06 10:21:00+02:00,692.6382041690508,522.3035674696159,170.3346366994349,163.4695100128982,6.865126686536682
2025-09-06 10:22:00+02:00,695.0956742662895,524.4156108005229,170.68006346576664,163.79299019091562,6.887073274851016
2025-09-06 10:23:00+02:00,697.5377652069238,526.5148515310167,171.02291367590712,164.1140365113462,6.9088771645609075
2025-09-06 10:24:00+02:00,699.9644041578641,528.601215636096,171.36318852176817,164.43265069444533,6.930537827322836
2025-09-06 10:25:00+02:00,702.3755189178191,530.6746297951635,171.70088912265567,164.74883438347814,6.952054739177514
2025-09-06 10:26:00+02:00,704.7710379103548,532.7350213843184,172.03601652603635,165.06258914553226,6.973427380504106
2025-09-06 10:27:00+02:00,707.1508901977209,534.7823184865247,172.36857171119615,165.37391647504109,6.994655236155071
2025-09-06 10:28:00+02:00,709.5150054516287,536.8164498647809,172.6985555868477,165.6828177916372,7.015737795210504
2025-09-06 10:29:00+02:00,711.8633139673334,538.8373449725478,173.0259689947856,165.98929444367093,7.036674551114652
2025-09-06 10:30:00+02:00,714.1957466571182,540.8449339464897,173.35081271062853,166.29334770899533,7.057465001633195
2025-09-06 10:31:00+02:00,716.5122350421265,542.8391475978004,173.673087444326,166.59497879553618,7.07810864878981
2025-09-06 10:32:00+02:00,718.8127128047488,544.8199187473426,173.99279405740612,166.89418904469596,7.098605012710141
2025-09-06 10:33:00+02:00,721.0971095998466,546.7871768951226,174.30993270472396,167.19097912822804,7.1189535764959375
2025-09-06 10:34:00+02:00,723.3653603255809,548.7408562011404,174.62450412444053,167.48535025560375,7.139153868836787
2025-09-06 10:35:00+02:00,725.6173989345122,550.6808901552405,174.93650877927166,167.77730337039588,7.1592054088757635
2025-09-06 10:36:00+02:00,727.853159975728,552.6072129032653,175.2459470724626,168.06683935249868,7.179107719963917
2025-09-06 10:37:00+02:00,730.072578608547,554.5197592573321,175.5528193512149,168.35395902142332,7.198860329791586
2025-09-06 10:38:00+02:00,732.275590575409,556.4184646709631,175.85712590444584,168.63866313428787,7.218462770157976
2025-09-06 10:39:00+02:00,734.4621322158464,558.3032652496271,176.15886696621936,168.92095238911483,7.237914577104519
2025-09-06 10:40:00+02:00,736.6321404604096,560.174097744026,176.45804271638363,169.20082742551202,7.2572152908716
2025-09-06 10:41:00+02:00,738.7855528245813,562.0308995433875,176.75465328119378,169.47828882533943,7.276364455854335
2025-09-06 10:42:00+02:00,740.9223074221464,563.8736086855423,177.0486987366041,169.753337115875,7.295361620729101
2025-09-06 10:43:00+02:00,743.0423429397675,565.7021638335749,177.3401791061926,170.02597276795404,7.3142063382385585
2025-09-06 10:44:00+02:00,745.1456000551104,567.5165054978052,177.6290945573053,170.29619637950518,7.3328981778001205
2025-09-06 10:45:00+02:00,747.2320158010338,569.3165711725732,177.9154446284606,170.564007953028,7.35143667543259
2025-09-06 10:46:00+02:00,749.3015320221255,571.1023026297555,178.19922939236994,170.82940798345223,7.369821408917724
2025-09-06 10:47:00+02:00,751.3540897354737,572.8736410529734,178.48044868250037,171.0923967348105,7.388051947689865
2025-09-06 10:48:00+02:00,753.3896305213669,574.6305282358016,178.75910228556532,171.35297442036259,7.40612786520274
2025-09-06 10:49:00+02:00,755.4080965376963,576.3729065928561,179.03518994484023,171.61114120577292,7.424048739067301
2025-09-06 10:50:00+02:00,757.4094305140319,578.1007191533464,179.3087113606855,171.86689720968042,7.441814151005085
2025-09-06 10:51:00+02:00,759.3935757459882,579.8139095548898,179.5796661910983,172.12024250429417,7.459423686804149
2025-09-06 10:52:00+02:00,761.3604761094851,581.5124220545268,179.8480540549583,172.3711771185021,7.476876936456219
2025-09-06 10:53:00+02:00,763.3100760356226,583.1962015057231,180.11387452989945,172.61970103596417,7.494173493935271
2025-09-06 10:54:00+02:00,765.242320525222,584.8651933696528,180.37712715556913,172.86581419823193,7.511312957337207
2025-09-06 10:55:00+02:00,767.1571564213118,586.5193448132435,180.63781160806838,173.10951666790018,7.528294940168199
2025-09-06 10:56:00+02:00,769.0545272798391,588.1586002767947,180.89592700304448,173.35080797718112,7.545119025863354
2025-09-06 10:57:00+02:00,770.934381086842,589.7829081393069,181.1514729475351,173.58968811130157,7.561784836233533
2025-09-06 10:58:00+02:00,772.7966650877338,591.3922162505919,181.40444883714193,173.82615685153152,7.578291985610401
2025-09-06 10:59:00+02:00,774.641327090565,592.9864730558269,181.65485403473812,174.06021394232545,7.594640092412667
2025-09-06 11:00:00+02:00,776.4683154613601,594.5656275903178,181.90268787104233,174.29185909193214,7.6108287791101885
2025-09-06 11:01:00+02:00,778.2775791187414,596.1296294736466,182.1479496450948,174.52109197291662,7.626857672178189
2025-09-06 11:02:00+02:00,780.0690675474307,597.6784289201655,182.39063862726516,174.7479122250392,7.642726402225989
2025-09-06 11:03:00+02:00,781.8427307759362,599.2119767185231,182.63075405741304,174.972319453613,7.6584346038000355
2025-09-06 11:04:00+02:00,783.5985193896668,600.730224241842,182.86829514782474,175.19431323231777,7.673981915506969
2025-09-06 11:05:00+02:00,785.3363845296292,602.2331234454373,183.10326108419196,175.41389310418617,7.689367980005777
2025-09-06 11:06:00+02:00,787.056279022536,603.7206278431286,183.33565117940748,175.63105872539333,7.704592454014136
2025-09-06 11:07:00+02:00,788.7581528106398,605.1926885533572,183.56546425728249,175.84580928942395,7.719654967858529
2025-09-06 11:08:00+02:00,790.4419598393299,606.6492602550254,183.79269958430447,176.05814439785541,7.7345551864490565
2025-09-06 11:09:00+02:00,792.1076534462444,608.0902971986027,184.0173562476417,176.2680634791785,7.749292768463198
2025-09-06 11:10:00+02:00,793.7551875169045,609.5157542044627,184.2394333124417,176.47556593586086,7.763867376580842
2025-09-06 11:11:00+02:00,795.3845164810721,610.925586658642,184.45892982243004,176.68065114497418,7.778278677455872
2025-09-06 11:12:00+02:00,796.9955953236721,612.3197505212042,184.67584480246785,176.88331846065353,7.792526341814311
2025-09-06 11:13:00+02:00,798.5883795662972,613.6982023091687,184.8901772571286,177.08356721283351,7.806610044295094
2025-09-06 11:14:00+02:00,800.1628252784249,615.0608991051514,185.10192617327348,177.2813967097223,7.820529463551202
2025-09-06 11:15:00+02:00,801.7188890736898,616.4077985530881,185.3110905206016,177.4768062383825,7.834284282219107
2025-09-06 11:16:00+02:00,803.2565281067164,617.738858854452,185.51766925226437,177.66979506536987,7.847874186894513
2025-09-06 11:17:00+02:00,804.7757010960369,619.0540396528145,185.72166144322236,177.86036256605058,7.8612988771717704
2025-09-06 11:18:00+02:00,806.2763642440027,620.353298500533,185.92306574346966,178.0485077138768,7.87455802959287
2025-09-06 11:19:00+02:00,807.7584773602408,621.6365961589514,186.12188120128943,178.23422984952734,7.887651351762085
2025-09-06 11:20:00+02:00,809.2219997708104,622.9038930559319,186.3181067148785,178.4175281686826,7.90057854619589
2025-09-06 11:21:00+02:00,810.6668913397989,624.1551501692438,186.511741170555,178.5984018512026,7.9133393193524215
2025-09-06 11:22:00+02:00,812.0931124799561,625.3903290347928,186.70278344516325,178.77685006343452,7.925933381728723
2025-09-06 11:23:00+02:00,813.5006241356175,626.6093917308531,186.89123240476445,178.9528719570552,7.938360447709238
2025-09-06 11:24:00+02:00,814.8893877936522,627.8123008865915,187.0770869070607,179.12646667139424,7.950620235666455
2025-09-06 11:25:00+02:00,816.2593654798607,628.9990196779901,187.26034580187064,179.2976333339424,7.962712467928242
2025-09-06 11:26:00+02:00,817.6105197562492,630.1695118245409,187.44100793170836,179.46637106095278,7.974636870755582
2025-09-06 11:27:00+02:00,818.9428137309003,631.3237415968662,187.61907213403407,179.63267895960237,7.986393174431695
2025-09-06 11:28:00+02:00,820.2562110422339,632.461673802157,187.79453724007698,179.79655612695436,7.997981113122612
2025-09-06 11:29:00+02:00,821.5506767307432,633.5832745386059,187.96740219213737,179.95800175956845,8.009400432568937
2025-09-06 11:30:00+02:00,822.826173776356,634.6885081942193,188.13766558213666,180.1170147225967,8.020650859539959
2025-09-06 11:31:00+02:00,824.0826683046287,635.7773419568837,188.30532634774494,180.27359419998118,8.031732147763757
2025-09-06 11:32:00+02:00,825.3201261104374,636.849742801445,188.47038330899235,180.42773926173456,8.042644047257784
2025-09-06 11:33:00+02:00,826.5385135183853,637.9056782343223,188.6328352840631,180.5794489721418,8.053386311921317
2025-09-06 11:34:00+02:00,827.7377973918224,638.9451163004569,188.79268109136547,180.72872239175072,8.063958699614746
2025-09-06 11:35:00+02:00,828.9179451302475,639.9680255802111,188.94991955003636,180.87555857789954,8.074360972136821
2025-09-06 11:36:00+02:00,830.0789246673404,640.9743751868209,189.10454948051952,181.0199565853104,8.084592895209125
2025-09-06 11:37:00+02:00,831.2207044788111,641.9641347723648,189.25656970644624,181.16191546790347,8.094654238542775
2025-09-06 11:38:00+02:00,832.3432535698448,642.9372745160648,189.40597905378,181.30143427804964,8.104544775730353
2025-09-06 11:39:00+02:00,833.446541483388,643.8937651306561,189.55277635273194,181.43851206841407,8.114264284317864
2025-09-06 11:40:00+02:00,834.5305390179227,644.8335784839018,189.69696053402092,181.57314798189606,8.12381255212486
2025-09-06 11:41:00+02:00,835.5952153314388,645.7566850869575,189.83853024448126,181.7053408927418,8.133189351739484
2025-09-06 11:42:00+02:00,836.6405423101675,646.6630578812345,189.97748442893294,181.83508994993568,8.142394478997273
2025-09-06 11:43:00+02:00,837.6664916359844,647.5526696951318,190.11382194085257,181.96239421370433,8.151427727148231
2025-09-06 11:44:00+02:00,838.6730355281405,648.4254938863456,190.24754164179487,182.087252748402,8.160288893392876
2025-09-06 11:45:00+02:00,839.6601467405064,649.2815043387274,190.37864240177902,182.20966462292495,8.168977778854066
2025-09-06 11:46:00+02:00,840.6277985604357,650.1206754605746,190.50712309986116,182.32962891129102,8.177494188570138
2025-09-06 11:47:00+02:00,841.5759648153435,650.9429821896085,190.63298262573494,182.44714469418534,8.185837931549605
2025-09-06 11:48:00+02:00,842.5046198622766,651.7483999832262,190.75621987905035,182.56221105836946,8.194008820680889
2025-09-06 11:49:00+02:00,843.4137385946805,652.5369048236655,190.87683377101496,182.67482709822593,8.202006672789015
2025-09-06 11:50:00+02:00,844.3032964411149,653.3084732162132,190.9948232249017,182.78499191627503,8.209831308626665
2025-09-06 11:51:00+02:00,845.1732699397388,654.0630826868379,191.1101872529009,182.89270469497916,8.217482557921725
2025-09-06 11:52:00+02:00,846.0236344251889,654.8007097751329,191.22292465005597,182.9979644110173,8.224960239038655
2025-09-06 11:53:00+02:00,846.8543675184935,655.5213330607905,191.33303445770295,183.10077026803606,8.232264189666884
2025-09-06 11:54:00+02:00,847.6654467871672,656.2249311333682,191.44051565379905,183.20112140755725,8.23939424624179
2025-09-06 11:55:00+02:00,848.4568503337929,656.9114831021909,191.54536723160194,183.2990169824797,8.246350249122223
2025-09-06 11:56:00+02:00,849.2285567940905,657.5809685940591,191.64758820003146,183.3944561574618,8.253132042569657
2025-09-06 11:57:00+02:00,849.9805453431188,658.2333677580366,191.74717758508217,183.4874381102775,8.259739474804647
2025-09-06 11:58:00+02:00,850.7127956865061,658.8686612572578,191.84413442924827,183.5779620313205,8.266172397927749
2025-09-06 11:59:00+02:00,851.4252880662214,659.4868302733602,191.93845779286124,183.66602712489203,8.272430667969207
2025-09-06 12:00:00+02:00,852.1180032593242,660.0878565048448,192.03014675447935,183.75163260960127,8.278514144878082
2025-09-06 12:01:00+02:00,852.790922576643,660.6717221653834,192.11920041125964,183.83477771875067,8.284422692508958
2025-09-06 12:02:00+02:00,853.4440282990729,661.238410361859,192.20561793721396,183.91546175476321,8.290156182450753
2025-09-06 12:03:00+02:00,854.0773019318142,661.7879035790752,192.28939835273897,183.99368387403663,8.295714478702338
2025-09-06 12:04:00+02:00,854.6907268368435,662.320185963398,192.37054087344552,184.06944341266632,8.301097460779191
2025-09-06 12:05:00+02:00,855.2842864670168,662.8352417900436,192.44904467697324,184.1427396687611,8.306305008212155
2025-09-06 12:06:00+02:00,855.8579648093216,663.3330558471934,192.52490896212828,184.21357195769238,8.31133700443589
2025-09-06 12:07:00+02:00,856.4117463893474,663.8136134394165,192.5981329499309,184.2819396131025,8.316193336828405
2025-09-06 12:08:00+02:00,856.9456162649258,664.2769003817024,192.66871588322346,184.34784198656922,8.320873896654234
2025-09-06 12:09:00+02:00,857.4595600304114,664.7229030027424,192.73665702766894,184.4112784485683,8.325378579100633
2025-09-06 12:10:00+02:00,857.9535638158484,665.1516081437913,192.801955672057,184.4722483887863,8.329707283270697
2025-09-06 12:11:00+02:00,858.4276142859644,665.5630031573872,192.8646111285772,184.53075121640487,8.333859912172324
2025-09-06 12:12:00+02:00,858.8816986438547,665.9570759101628,192.92462273369196,184.58678636094135,8.337836372750617
2025-09-06 12:13:00+02:00,859.3158046256881,666.3338147778765,192.98198984781163,184.6403532719714,8.341636575840235
2025-09-06 12:14:00+02:00,859.7299207753465,666.6932088834033,193.03671189194327,184.69145145337558,8.345260438567685
2025-09-06 12:15:00+02:00,860.1240353463033,667.0352471433756,193.08878820292773,184.74008032818494,8.348707874742775
2025-09-06 12:16:00+02:00,860.4981379670317,667.3599197131934,193.13821825383815,184.78623944440776,8.351978809430399
2025-09-06 12:17:00+02:00,860.8522185196472,667.6672170135332,193.185001506114,184.82992833697764,8.355073169136352
2025-09-06 12:18:00+02:00,861.1862674203785,667.9571299734617,193.22913744691675,184.87114656265385,8.357990884262906
2025-09-06 12:19:00+02:00,861.5002756221264,668.229650032369,193.27062558975737,184.9098937006292,8.360731889128173
2025-09-06 12:20:00+02:00,861.7942346141087,668.4847691394008,193.30946547470796,184.94616935274323,8.363296121964737
2025-09-06 12:21:00+02:00,862.0681364212219,668.7224797526488,193.34565666857299,184.97997314366103,8.365683524911953
2025-09-06 12:22:00+02:00,862.3219736061869,668.942774840781,193.379198765406,185.0113047213711,8.367894044034907
2025-09-06 12:23:00+02:00,862.5557392665357,669.1456478802064,193.41009138632927,185.0401637570317,8.369927629297555
2025-09-06 12:24:00+02:00,862.7694270366535,669.3310928566439,193.4383341800097,185.0665499454302,8.371784234579486
2025-09-06 12:25:00+02:00,862.9630312105237,669.4991043714547,193.46392683906896,185.09046302032846,8.373463818740516
2025-09-06 12:26:00+02:00,863.1365462354502,669.6496772021194,193.48686903333078,185.11190269210218,8.374966341228612
2025-09-06 12:27:00+02:00,863.289967492488,669.7828069793508,193.50716051313728,185.1308687442858,8.376291768851486
2025-09-06 12:28:00+02:00,863.4232907616234,669.8984897228283,193.5248010387951,185.14736096766157,8.377440071133531
2025-09-06 12:29:00+02:00,863.5365123597983,669.996721960858,193.53979039894017,185.16137917742537,8.378411221514806
2025-09-06 12:30:00+02:00,863.6296291403938,670.0775007298134,193.55212841058042,185.17292321323595,8.37920519734447
2025-09-06 12:31:00+02:00,863.7026384934752,670.1408235742649,193.56181491921032,185.18199293932443,8.379821979885882
2025-09-06 12:32:00+02:00,863.755538346028,670.1866885471063,193.5688497989216,185.18858824460588,8.380261554315718
2025-09-06 12:33:00+02:00,863.788327161278,670.2150942089089,193.57323295236898,185.19270904264974,8.38052390971925
2025-09-06 12:34:00+02:00,863.8010039392486,670.2260396283633,193.57496431088532,185.19435527179067,8.380609039094642
2025-09-06 12:35:00+02:00,863.7935682165961,670.2195243821114,193.57404383448468,185.19352689513335,8.38051693935135
2025-09-06 12:36:00+02:00,863.7660200415268,670.1955485329247,193.57047150860208,185.19022389753016,8.380247611071916
2025-09-06 12:37:00+02:00,863.7183600609444,670.1541127055285,193.56424735541594,185.18444629606475,8.379801059351184
2025-09-06 12:38:00+02:00,863.6505894097405,670.0952179902706,193.55537141946994,185.1761941267576,8.379177292712338
2025-09-06 12:39:00+02:00,863.562709771337,670.0188659958887,193.54384377544832,185.16546745173335,8.378376323714985
2025-09-06 12:40:00+02:00,863.4547233656242,669.9250588390493,193.5296645265749,185.15226635774746,8.377398168827419
2025-09-06 12:41:00+02:00,863.3266329494602,669.8137991448584,193.51283380460177,185.13659095616765,8.376242848434115
2025-09-06 12:42:00+02:00,863.1784418155992,669.6850900460221,193.4933517695771,185.11844138275143,8.374910386825668
2025-09-06 12:43:00+02:00,863.0101537939966,669.5389351840815,193.47121860991507,185.09781779770535,8.373400812209729
2025-09-06 12:44:00+02:00,862.8217732509584,669.3753387087994,193.446434542159,185.07472038545438,8.37171415670464
2025-09-06 12:45:00+02:00,862.6133050893897,669.1943052785168,193.41899981087283,185.04914935453,8.369850456342842
2025-09-06 12:46:00+02:00,862.3847547490136,668.9958400604924,193.38891468852125,185.0211049374504,8.367809751070867
2025-09-06 12:47:00+02:00,862.1361280313997,668.7799485791484,193.35617945225138,184.9905873690584,8.36559208319297
2025-09-06 12:48:00+02:00,861.8674317825955,668.5466373090002,193.3207944735953,184.95759697013918,8.363197503456107
2025-09-06 12:49:00+02:00,861.5786728912019,668.2959128048554,193.2827600863464,184.92213402423116,8.360626062115243
2025-09-06 12:50:00+02:00,861.2698589421217,668.0277822697105,193.24207667241117,184.88419885764532,8.357877814765867
2025-09-06 12:51:00+02:00,860.9409980572351,667.742253416637,193.19874464059808,184.8437918196741,8.354952820923994
2025-09-06 12:52:00+02:00,860.5920988926998,667.4393344666838,193.15276442601595,184.8009132820156,8.35185114400034
2025-09-06 12:53:00+02:00,860.2231706427531,667.1190341524513,193.10413649030176,184.7555636389642,8.348572851337558
2025-09-06 12:54:00+02:00,859.8342230371347,666.7813617161307,193.052861321004,184.70774330681775,8.34511801418627
2025-09-06 12:55:00+02:00,859.4252663416646,666.4263269103053,192.99893943135925,184.65745272364765,8.34148670771161
2025-09-06 12:56:00+02:00,858.9963113581289,666.0539399981637,192.94237135996514,184.60469234897315,8.33767901099199
2025-09-06 12:57:00+02:00,858.5473694251687,665.664211754601,192.88315767056773,184.5494626635384,8.333695007029313
2025-09-06 12:58:00+02:00,858.0784524147634,665.2571534635085,192.82129895125485,184.49176416853763,8.329534782717225
2025-09-06 12:59:00+02:00,857.5895724027143,664.832776632099,192.75679577061533,184.43159734469478,8.325198425920554
2025-09-06 13:00:00+02:00,857.0807429899279,664.3910941382227,192.68964885170521,184.36896281451135,8.320686037193873
2025-09-06 13:01:00+02:00,856.5519773362251,663.9321185239867,192.6198588122385,184.303861099895,8.315997712343504
2025-09-06 13:02:00+02:00,856.0032894592564,663.455863123704,192.54742633555236,184.2362927816022,8.311133553950143
2025-09-06 13:03:00+02:00,855.4346939091533,662.9623417818833,192.47235212727006,184.16625845878713,8.306093668482925
2025-09-06 13:04:00+02:00,854.8462057746348,662.4515688589652,192.39463691566962,184.09375874931405,8.300878166355579
2025-09-06 13:05:00+02:00,854.2378406788375,661.9235592281481,192.3142814506894,184.01879428880056,8.295487161888841
2025-09-06 13:06:00+02:00,853.6096147803329,661.3783282767373,192.2312865035956,183.94136573027347,8.289920773322129
2025-09-06 13:07:00+02:00,852.9615447742228,660.8158919075672,192.14565286665555,183.86147374383307,8.284179122822485
2025-09-06 13:08:00+02:00,852.2936478860565,660.2362665342183,192.05738135183825,183.7791190154044,8.278262336433842
2025-09-06 13:09:00+02:00,851.6059418838863,659.6394690919776,191.96647279190876,183.69430224772705,8.272170544181702
2025-09-06 13:10:00+02:00,850.8984445850178,659.0255166103364,191.87292797468143,183.60702409897388,8.265903875707565
2025-09-06 13:11:00+02:00,850.171175773057,658.394427877084,191.77674789597302,183.51728541872362,8.259462477249398
2025-09-06 13:12:00+02:00,849.4241543514058,657.7462209687094,191.67793338269647,183.42508689626783,8.252846486428645
2025-09-06 13:13:00+02:00,848.6574002221681,657.0809148814573,191.57648534071083,183.330429291815,8.246056048895838
2025-09-06 13:14:00+02:00,847.8709338265644,656.3985291330694,191.47240469349504,183.23331337923685,8.239091314258204
2025-09-06 13:15:00+02:00,847.0647761394182,655.699083758588,191.3656923808302,183.13373994479778,8.231952436032419
2025-09-06 13:16:00+02:00,846.2389486705273,654.9825993121474,191.2563493583799,183.03170978672082,8.224639571659077
2025-09-06 13:17:00+02:00,845.3934734661917,654.2490968689089,191.14437659728284,182.92722371476742,8.21715288251543
2025-09-06 13:18:00+02:00,844.5283731029067,653.4985980202157,191.02977508269106,182.8202825488293,8.209492533861741
2025-09-06 13:19:00+02:00,843.643670696734,652.7311248823569,190.91254581437713,182.71088711945438,8.201658694922743
2025-09-06 13:20:00+02:00,842.7393898971068,651.9467000918485,190.79268980525825,182.59903826642176,8.193651538836493
2025-09-06 13:21:00+02:00,841.815554262286,651.1453462643618,190.67020799792425,182.4847367608019,8.185471237122345
2025-09-06 13:22:00+02:00,840.8721897523142,650.327088157818,190.5451015944961,182.3679836127376,8.17711798175851
2025-09-06 13:23:00+02:00,839.9093210049057,649.4919494427018,190.41737156220387,182.24877960999945,8.168591952204421
2025-09-06 13:24:00+02:00,838.9269738109401,648.6399548500821,190.28701896085806,182.1271256235344,8.159893337323654
2025-09-06 13:25:00+02:00,837.9251744945515,647.7711296345824,190.15404485996908,182.00302253007663,8.151022329892447
2025-09-06 13:26:00+02:00,836.9039499149314,646.8854995766726,190.01845033825884,181.87647121164036,8.141979126618466
2025-09-06 13:27:00+02:00,835.8633274683317,645.9830909851413,189.8802364831904,181.74747255503118,8.132763928159227
2025-09-06 13:28:00+02:00,834.8033350803579,645.0639306911543,189.7394043892036,181.6160274501511,8.12337693905248
2025-09-06 13:29:00+02:00,833.7240012176544,644.1280460591493,189.59595515850518,181.48213679068368,8.113818367821484
2025-09-06 13:30:00+02:00,832.6253548802966,643.1754649810066,189.44988989929004,181.3458014723822,8.104088426907856
2025-09-06 13:31:00+02:00,831.5074256038138,642.206215878581,189.30120972523275,181.20702239254422,8.09418733268854
2025-09-06 13:32:00+02:00,830.3702426924085,641.2203270397523,189.14991565265623,181.06580035396934,8.084115298686886
2025-09-06 13:33:00+02:00,829.2138382738096,640.2178292676116,188.9960090061981,180.92213644357068,8.073872562627441
2025-09-06 13:34:00+02:00,828.0382427366203,639.1987519256546,188.83949081096563,180.7760314649389,8.063459346026733
2025-09-06 13:35:00+02:00,826.843487759475,638.1631255647881,188.6803621946869,180.6274863136665,8.052875881020384
2025-09-06 13:36:00+02:00,825.6296055571795,637.110981270585,188.51862428659462,180.47650188290712,8.04212240368751
2025-09-06 13:37:00+02:00,824.3966288832103,636.0423506662956,188.35427821691462,180.32307906284237,8.031199154072251
2025-09-06 13:38:00+02:00,823.1445910207177,634.9572659059071,188.18732511481062,180.1672187387064,8.02010637610422
2025-09-06 13:39:00+02:00,821.8735257964944,633.8557596871169,188.01776610937745,180.00892179165575,8.0088443177217
2025-09-06 13:40:00+02:00,820.5834675720814,632.737865244501,187.84560232758048,179.8481890967877,7.99741323079277
2025-09-06 13:41:00+02:00,819.2744512463331,631.6036163526212,187.67083489371194,179.68502152257594,7.985813371136
2025-09-06 13:42:00+02:00,817.9465122581126,630.4530473292662,187.49346492884652,179.5194199302998,7.97404499854672
2025-09-06 13:43:00+02:00,816.5996865767538,629.2861930280878,187.31349354866592,179.3513851719571,7.9621083767088185
2025-09-06 13:44:00+02:00,815.2340097949983,628.1030880537543,187.13092174124404,179.18091797608724,7.950003765156792
2025-09-06 13:45:00+02:00,813.8495207953939,626.9037699390701,186.9457508563238,179.0080194045542,7.937731451769587
2025-09-06 13:46:00+02:00,812.4462562582667,625.6882743880934,186.7579818701733,178.83269016608048,7.925291704092827
2025-09-06 13:47:00+02:00,811.0242543152992,624.4566384422875,186.56761587301173,178.6549310712908,7.912684801720931
2025-09-06 13:48:00+02:00,809.5835536298783,623.2088996847461,186.37465394513217,178.47474291698805,7.899911028144119
2025-09-06 13:49:00+02:00,808.1241934133844,621.9450962552684,186.17909715811604,178.292126487225,7.886970670891041
2025-09-06 13:50:00+02:00,806.6462134150405,620.6652668425496,185.98094657249086,178.10708255105158,7.873864021439288
2025-09-06 13:51:00+02:00,805.1496539251203,619.3694506879425,185.78020323717786,177.91961186193865,7.860591375239214
2025-09-06 13:52:00+02:00,803.6345557781508,618.057687589234,185.5768681889168,177.7297151571728,7.847153031744004
2025-09-06 13:53:00+02:00,802.1009603422578,616.7300178924256,185.37094244983217,177.5373931555217,7.833549294310463
2025-09-06 13:54:00+02:00,800.5489095365143,615.3864825077736,185.16242702874072,177.3426465583876,7.819780470353111
2025-09-06 13:55:00+02:00,798.9784447609877,614.0271219847293,184.95132277625834,177.1454759144093,7.805846861849028
2025-09-06 13:56:00+02:00,797.389611125187,612.651980172944,184.7376309522429,176.94588214939483,7.791748802848069
2025-09-06 13:57:00+02:00,795.7824511326219,611.2610987568174,184.52135237580444,176.74386577235958,7.777486603444862
2025-09-06 13:58:00+02:00,794.1570088698678,609.8545208825927,184.3024879872751,176.53942740033773,7.763060586937364
2025-09-06 13:59:00+02:00,792.5133289781934,608.4322902692473,184.08103870894607,176.33256762824473,7.748471080701338
2025-09-06 14:00:00+02:00,790.8514566422804,606.9944511998141,183.85700544246626,176.12328702637697,7.733718416089288
2025-09-06 14:01:00+02:00,789.1714375941078,605.5410485258249,183.6303890682829,175.91158613982387,7.7188029284590325
2025-09-06 14:02:00+02:00,787.4733181166954,604.0721276716558,183.40119044503956,175.6974654878319,7.703724957207655
2025-09-06 14:03:00+02:00,785.75714503252,602.5877346256079,183.1694104069121,175.48092556125104,7.6884848456610735
2025-09-06 14:04:00+02:00,784.0229657230575,601.08791595794,182.93504976511753,175.26196682386927,7.673082941248264
2025-09-06 14:05:00+02:00,782.2708281173059,599.5727188120636,182.69810930524227,175.0405897098502,7.657519595392067
2025-09-06 14:06:00+02:00,780.5007795027343,598.0421898775934,182.4585896251409,174.8167944721965,7.641795152944372
2025-09-06 14:07:00+02:00,778.712871289482,596.4963795109085,182.21649177857353,174.59058178406767,7.625909994505849
2025-09-06 14:08:00+02:00,776.9071518762933,594.9353355676141,181.97181630867922,174.36195183563427,7.609864473044946
2025-09-06 14:09:00+02:00,775.083671407268,593.359107516898,181.7245638903699,174.13090493421947,7.593658956150428
2025-09-06 14:10:00+02:00,773.2424805787855,591.7677454110321,181.47473516775335,173.89744135232547,7.577293815427881
2025-09-06 14:11:00+02:00,771.3836306438624,590.1612998903353,181.2223307535271,173.66156132699246,7.560769426534662
2025-09-06 14:12:00+02:00,769.5071734168985,588.5398221884805,180.96735122841795,173.42326505920195,7.544086169216013
2025-09-06 14:13:00+02:00,767.6131612608299,586.9033641226139,180.70979713821603,173.18255271102925,7.527244427186794
2025-09-06 14:14:00+02:00,765.7016471092909,585.2519781137346,180.44966899555635,172.93942440723325,7.510244588323106
2025-09-06 14:15:00+02:00,763.7726844540317,583.5857171770625,180.1869672769692,172.69388023242473,7.493087044544466
2025-09-06 14:16:00+02:00,761.8263273497242,581.9046349274454,179.92169242227882,172.445920230428,7.475772191850825
2025-09-06 14:17:00+02:00,759.8626290962435,580.2087844427156,179.6538446535279,172.19554423493466,7.4583004185932475
2025-09-06 14:18:00+02:00,757.8816475046262,578.4982228125091,179.38342469211722,171.9427525397976,7.440672152319624
2025-09-06 14:19:00+02:00,755.8834370192305,576.7730043362485,179.11043268298206,171.68754489330271,7.4228877896793515
2025-09-06 14:20:00+02:00,753.8680539604939,575.0331850522356,178.83486890825822,171.4299211651979,7.404947743060306
2025-09-06 14:21:00+02:00,751.835555219086,573.2788216111679,178.55673360791803,171.16988117895315,7.38685242896488
2025-09-06 14:22:00+02:00,749.7859982614182,571.5099712822223,178.2760269791959,170.90742471114459,7.368602268051328
2025-09-06 14:23:00+02:00,747.7194411159714,569.7266919425997,177.9927491733717,170.64255148836597,7.350197685005728
2025-09-06 14:24:00+02:00,745.6359423978781,567.9290421000978,177.70690029778035,170.37526118902707,7.331639108753289
2025-09-06 14:25:00+02:00,743.5355612955631,566.117080882949,177.418480412614,170.1055534402829,7.312926972331102
2025-09-06 14:26:00+02:00,741.4183575763103,564.2908680460115,177.12748953029885,169.8334278173684,7.294061712930453
2025-09-06 14:27:00+02:00,739.284391592127,562.4504639772248,176.83392761490225,169.55888384296128,7.275043771940979
2025-09-06 14:28:00+02:00,737.13372426588,560.5959296870677,176.5377945788123,169.28192098399438,7.255873594817916
2025-09-06 14:29:00+02:00,734.9664156580417,558.7273255743712,176.23909008367048,169.00253846537464,7.23655161829582
2025-09-06 14:30:00+02:00,732.7825307776675,556.844716437663,175.93781434000454,168.72073601781824,7.2170783221863
2025-09-06 14:31:00+02:00,730.5821308681684,554.9481639634131,175.63396690475537,168.43651275307403,7.1974541516813275
2025-09-06 14:32:00+02:00,728.3652792159322,553.0377317357616,175.32754748017067,168.14986791104434,7.17767956912632
2025-09-06 14:33:00+02:00,726.1320396884372,551.1134839775152,175.018555710922,167.86080066994467,7.157755040977323
2025-09-06 14:34:00+02:00,723.8824767610279,549.1754855747354,174.70699118629253,167.56931014826037,7.137681038032152
2025-09-06 14:35:00+02:00,721.6166555032386,547.2238020664695,174.39285343676906,167.27539540147424,7.117458035294819
2025-09-06 14:36:00+02:00,719.3346415848835,545.2584996515501,174.07614193333342,166.9790554213099,7.097086512023515
2025-09-06 14:37:00+02:00,717.0365012832602,543.2796451963512,173.756856086909,166.68028913512836,7.076566951780662
2025-09-06 14:38:00+02:00,714.7223014684431,541.2873062237087,173.43499524473444,166.37909540244223,7.055899842292214
2025-09-06 14:39:00+02:00,712.3921096315742,539.2815509388759,173.11055869269833,166.07547301700944,7.035085675688883
2025-09-06 14:40:00+02:00,710.0459922920675,537.26244686047,172.7835454315974,165.7694204973355,7.014124934261909
2025-09-06 14:41:00+02:00,707.6840213082454,535.2300662529011,172.4539550553443,165.46093690850844,6.993018146835841
2025-09-06 14:42:00+02:00,705.3062644453056,533.1844780106619,172.1217864346437,165.15002063015717,6.971765804486524
2025-09-06 14:43:00+02:00,702.9127916426085,531.1257530539829,171.78703858862553,164.83667017210357,6.950368416521978
2025-09-06 14:44:00+02:00,700.5036734757382,529.0539630068175,171.4497104689206,164.52088397219325,6.928826496727375
2025-09-06 14:45:00+02:00,698.0789811416871,526.9691801858165,171.10980095587053,164.20266039264857,6.907140563221947
2025-09-06 14:46:00+02:00,695.6387864666284,524.8714776087485,170.76730885787995,163.88199771936615,6.885311138513812
2025-09-06 14:47:00+02:00,693.1831619136751,522.7609290029307,170.42223291074453,163.55889416118808,6.863338749556457
2025-09-06 14:48:00+02:00,690.7121805681846,520.6376087943793,170.0745717738054,163.23334784620366,6.841223927601744
2025-09-06 14:49:00+02:00,688.2259161684333,518.5015921359808,169.72432403245244,162.90535682399124,6.818967208461199
2025-09-06 14:50:00+02:00,685.7244430910573,516.3529548968045,169.37148819425286,162.57491906189253,6.796569132360333
2025-09-06 14:51:00+02:00,683.2078346665727,514.1917722175359,169.01606244903675,162.24203222020105,6.774030228835702
2025-09-06 14:52:00+02:00,680.6761699484522,512.0181243251176,168.6580456233346,161.90669454598813,6.751351077346459
2025-09-06 14:53:00+02:00,678.1295235723454,509.83208782606647,168.29743574627892,161.5689035298402,6.728532216438705
2025-09-06 14:54:00+02:00,675.5679725287365,507.6337415248479,167.93423100388864,161.22865679950826,6.705574204380387
2025-09-06 14:55:00+02:00,672.9915944656252,505.4231649680729,167.56842949755227,160.88595189360652,6.682477603945769
2025-09-06 14:56:00+02:00,670.4004676972529,503.20043845397294,167.20002924327991,160.54078626080238,6.659242982477539
2025-09-06 14:57:00+02:00,667.7946712134818,500.96564304244623,166.82902817103556,160.19315725908365,6.635870911951917
2025-09-06 14:58:00+02:00,665.174284664461,498.7188605439492,166.45542412051182,159.84306215168624,6.612361968825578
2025-09-06 14:59:00+02:00,662.5393883943648,496.4601735504918,166.07921484387305,159.4904981095542,6.588716734318831
2025-09-06 15:00:00+02:00,659.8900634266491,494.1896654250838,165.70039800156533,159.13546220730032,6.564935794265019
2025-09-06 15:01:00+02:00,657.2263914734954,491.90742031195646,165.31897116153897,158.77795142236187,6.541019739177097
2025-09-06 15:02:00+02:00,654.5484531452049,489.61352160509136,164.93493154011358,158.4179623919695,6.516969148144077
2025-09-06 15:03:00+02:00,651.856335127737,487.30805809824625,164.54827702949075,158.05549237621264,6.492784653278094
2025-09-06 15:04:00+02:00,649.150119443058,484.99111478766395,164.15900465539403,157.69053781215314,6.468466843240887
2025-09-06 15:05:00+02:00,646.4298906080109,482.6627790069348,163.76711160107604,157.32309527356298,6.444016327513068
2025-09-06 15:06:00+02:00,643.695733853539,480.3231389036881,163.37259494985088,156.95316122946812,6.419433720382763
2025-09-06 15:07:00+02:00,640.9477351354396,477.97228345110796,162.97545168433163,156.58073204331166,6.394719641019968
2025-09-06 15:08:00+02:00,638.1859811192087,475.610302437322,162.57567868188667,156.20580396856624,6.3698747133204225
2025-09-06 15:09:00+02:00,635.4105592166025,473.23728649906496,162.17327271753746,155.82837315132642,6.344899566211049
2025-09-06 15:10:00+02:00,632.6215575712035,470.85332711174743,161.76823045945613,155.448435625959,6.319794833497138
2025-09-06 15:11:00+02:00,629.8190650640083,468.4585165967017,161.36054846730656,155.06598731341518,6.294561153891382
2025-09-06 15:12:00+02:00,627.0031713461192,466.0529481516096,160.95022319450953,154.68102402322734,6.269199171282186
2025-09-06 15:13:00+02:00,624.1739667922571,463.6367158133239,160.53725097893326,154.29354144463846,6.243709534294795
2025-09-06 15:14:00+02:00,621.3315406494958,461.2099128801481,160.1216277693477,153.90353488977124,6.2180928795764485
2025-09-06 15:15:00+02:00,618.4759886505728,458.7726384140445,159.70335023652837,153.51100033613614,6.192349900392231
2025-09-06 15:16:00+02:00,615.6074015895394,456.32498748940696,159.28241410013254,153.11593285649263,6.166481243639894
2025-09-06 15:17:00+02:00,612.7258729495106,453.8670577086596,158.85881524085104,152.71832766228883,6.14048757856221
2025-09-06 15:18:00+02:00,609.8314969865637,451.39894756884405,158.43254941771963,152.31817983826403,6.1143695794556
2025-09-06 15:19:00+02:00,606.9243687695059,448.9207564983251,158.00361227118086,151.91548434518077,6.088127926000082
2025-09-06 15:20:00+02:00,604.0045841652471,446.4325848471442,157.5719993181029,151.5102360149989,6.061763303104017
2025-09-06 15:21:00+02:00,601.0722398525813,443.93453390164393,157.13770595093735,151.102429549941,6.035276400996346
2025-09-06 15:22:00+02:00,598.1274333347604,441.4267058981064,156.70072743665403,150.6920595213381,6.008667915315919
2025-09-06 15:23:00+02:00,595.1702629261165,438.9092040143323,156.26105891178412,150.27912036482505,5.981938546959067
2025-09-06 15:24:00+02:00,592.2008277926493,436.38213240722934,155.81869538542003,149.86360638300062,5.955089002419407
2025-09-06 15:25:00+02:00,589.2192259353567,433.8455945005239,155.37363143483276,149.44551145932007,5.928119975512672
2025-09-06 15:26:00+02:00,586.2255622100145,431.29969980996697,154.92586240004755,149.0248301801546,5.901032219892953
2025-09-06 15:27:00+02:00,583.219936344744,428.744553752671,154.47538259207303,148.60155615143205,5.873826440640992
2025-09-06 15:28:00+02:00,580.2024509166957,426.18026443695703,154.02218647973874,148.17568311336484,5.846503366373882
2025-09-06 15:29:00+02:00,577.173209398909,423.6069410037196,153.56626839518933,147.74720466363638,5.81906373155294
2025-09-06 15:30:00+02:00,574.1323161476703,421.0246936190098,153.10762252866044,147.31611425232467,5.7915082763357715
2025-09-06 15:31:00+02:00,571.0798764176768,418.4336334903132,152.6462429273636,146.88240518068258,5.763837746681018
2025-09-06 15:32:00+02:00,568.0159963775445,415.83387288316555,152.18212349437903,146.44607059992316,5.736052894455864
2025-09-06 15:33:00+02:00,564.9407830972334,413.22552511399647,151.7152579832369,146.0071035059494,5.708154477287516
2025-09-06 15:34:00+02:00,561.8543445923483,410.60870459129114,151.24564000105718,145.5654967421258,5.680143258931406
2025-09-06 15:35:00+02:00,558.7567898121641,407.9835268090527,150.77326300311145,145.12124299398474,5.652020009126726
2025-09-06 15:36:00+02:00,555.6482265677668,405.3501065957069,150.29811997205985,144.67433448732046,5.623785484739392
2025-09-06 15:37:00+02:00,552.5287698946195,402.7085652014849,149.82020469313454,144.22476418744606,5.595440505688472
2025-09-06 15:38:00+02:00,549.3985295331903,400.05901969644526,149.339509836745,143.7725239955456,5.566985841199387
2025-09-06 15:39:00+02:00,546.2576183063375,397.401590071995,148.85602823434246,143.31760594849385,5.5384222858486005
2025-09-06 15:40:00+02:00,543.1061500270778,394.7363974720442,148.36975255503353,142.86000191450668,5.509750640526838
2025-09-06 15:41:00+02:00,539.9442395164621,392.06356421216327,147.8806753042988,142.39970359173523,5.4809717125635675
2025-09-06 15:42:00+02:00,536.7720026163183,389.3832137944557,147.38878882186268,141.93670250606004,5.452086315802645
2025-09-06 15:43:00+02:00,533.5895562073556,386.6954709270271,146.89408528032857,141.47099000959827,5.423095270730312
2025-09-06 15:44:00+02:00,530.3970181991176,384.00046151975005,146.39655667936762,141.0025572750268,5.393999404340846
2025-09-06 15:45:00+02:00,527.1945075784062,381.29831272947945,145.89619484892668,140.53139529838774,5.364799550538961
2025-09-06 15:46:00+02:00,523.9821443993008,378.5891529560101,145.39299144329064,140.05749489328284,5.3354965500078055
2025-09-06 15:47:00+02:00,520.7600476391906,375.8731100397785,144.8869375994121,139.58084636881603,5.306091230596072
2025-09-06 15:48:00+02:00,517.5283438684681,373.1503185735887,144.37802529487945,139.1014408084746,5.276584486404861
2025-09-06 15:49:00+02:00,514.2871542765747,370.4209089709299,143.8662453056448,138.61926814630004,5.246977159344779
2025-09-06 15:50:00+02:00,511.03660335955095,367.6850147946851,143.35158856486584,138.1343184464998,5.217270118366027
2025-09-06 15:51:00+02:00,507.776816753813,364.94277093547686,142.8340458183362,137.6465815786857,5.18746423965049
2025-09-06 15:52:00+02:00,504.507921257714,362.19431363470613,142.3136076230078,137.15604721624297,5.157560406764837
2025-09-06 15:53:00+02:00,501.23004485388503,359.43978050831134,141.7902643455737,136.66270483475455,5.127559510819145
2025-09-06 15:54:00+02:00,497.94331670096346,356.67931054488804,141.26400615607545,136.1665437057284,5.097462450347065
2025-09-06 15:55:00+02:00,494.6478671871256,353.9130441558267,140.73482303129893,135.6675528995499,5.067270131749046
2025-09-06 15:56:00+02:00,491.3438279229061,351.1411231745093,140.2027047483968,135.1657212792163,5.036983469180491
2025-09-06 15:57:00+02:00,488.0313317646742,348.36369088136144,139.66764088331277,134.661037498592,5.006603384720774
2025-09-06 15:58:00+02:00,484.7105128389743,345.5808920296954,139.1296208092789,134.15349000073047,4.976130808548428
2025-09-06 15:59:00+02:00,481.381504300889,342.7928709744498,138.58863332643918,133.643066668131,4.94556665830817
2025-09-06 16:00:00+02:00,478.04444732521705,339.99977920679737,138.04466811841968,133.1297561967984,4.914911921621266
2025-09-06 16:01:00+02:00,474.6994777063876,337.20176413734765,137.49771356903992,132.61354603602908,4.88416753301084
2025-09-06 16:02:00+02:00,471.3467348083101,334.398976598529,136.94775820978109,132.09442375376895,4.853334456012133
2025-09-06 16:03:00+02:00,467.9863593616566,331.5915690051721,136.39479035648446,131.57237669358085,4.8224136629036245
2025-09-06 16:04:00+02:00,464.61849345890334,328.77969535641864,135.8387981024847,131.04739196787048,4.791406134614216
2025-09-06 16:05:00+02:00,461.2432806133761,325.96351129119296,135.27976932218314,130.5194564609684,4.760312861214732
2025-09-06 16:06:00+02:00,457.86086575518885,323.14317409104683,134.71769166414202,129.9885568223086,4.729134841833417
2025-09-06 16:07:00+02:00,454.4713952605035,320.3188427109408,134.15255254956267,129.45467946469137,4.697873084871299
2025-09-06 16:08:00+02:00,451.0750169794552,317.49067780899213,133.58433917046304,128.9178105622499,4.666528608213129
2025-09-06 16:09:00+02:00,447.6718802346727,314.6588417518441,133.01303848282862,128.37793604366834,4.635102439160277
2025-09-06 16:10:00+02:00,444.2621335937666,311.8234967698417,132.43863682392487,127.83504123013373,4.603595593791147
2025-09-06 16:11:00+02:00,440.8459340187468,308.9848125706162,131.86112144813058,127.28911228666418,4.57200916146639
2025-09-06 16:12:00+02:00,437.4234331779734,306.1429549638074,131.28047821416598,126.74013403586873,4.540344178297242
2025-09-06 16:13:00+02:00,433.9947866195635,303.29809349751116,130.69669312205235,126.1880914102065,4.508601711845851
2025-09-06 16:14:00+02:00,430.5601514872354,300.45039956542564,130.10975192180973,125.63296908183393,4.476782839975808
2025-09-06 16:15:00+02:00,427.11968658519436,297.60004646797495,129.5196401172194,125.0747514658179,4.444888651401499
2025-09-06 16:16:00+02:00,423.67355237955485,294.7472094208771,128.9263429586778,124.51342271302597,4.412920245651822
2025-09-06 16:17:00+02:00,420.22191103254863,291.89206559102354,128.32984544152512,123.94896670818855,4.380878733336582
2025-09-06 16:18:00+02:00,416.76492643717665,289.03479413280746,127.73013230436918,123.38136706795052,4.348765236418651
2025-09-06 16:19:00+02:00,413.30276422047245,286.17557619861964,127.12718802185283,122.81060713365795,4.316580888194873
2025-09-06 16:20:00+02:00,409.8355918114697,283.31459500292476,126.520996808545,122.23666997466567,4.284326833879324
2025-09-06 16:21:00+02:00,406.3635761163075,280.45203391429226,125.91154220201528,121.65953799311268,4.25200420890261
2025-09-06 16:22:00+02:00,402.8868928714035,277.5880841733466,125.29880869805692,121.07919447210209,4.2196142259548335
2025-09-06 16:23:00+02:00,399.4057127125026,274.7229334153775,124.6827792971251,120.4956212518777,4.187158045247403
2025-09-06 16:24:00+02:00,395.92021049028153,271.85677336081426,124.06343712946726,119.90880026828967,4.154636861177591
2025-09-06 16:25:00+02:00,392.43056301625563,268.9897979644046,123.44076505185102,119.31871317054502,4.122051881305988
2025-09-06 16:26:00+02:00,388.93694907046125,266.12220343015053,122.81474564031072,118.72534131392449,4.089404326386229
2025-09-06 16:27:00+02:00,385.4395494424698,263.25418825378046,122.18536118868937,118.12866575798343,4.056695430705946
2025-09-06 16:28:00+02:00,381.9385469733229,260.38595326604263,121.55259370728025,117.52866726484228,4.023926442437971
2025-09-06 16:29:00+02:00,378.4341265655369,257.5177016499386,120.91642491559834,116.92532629190315,3.991098623695192
2025-09-06 16:30:00+02:00,374.9264752592057,254.6496390121915,120.27683624701419,116.31862299580895,3.9582132512052315
2025-09-06 16:31:00+02:00,371.4157822435265,251.7819734018888,119.6338088416377,115.7085372252534,3.9252716163843075
2025-09-06 16:32:00+02:00,367.9022365449804,248.91491343446197,118.98732311051839,115.09504810693586,3.8922750035825264
2025-09-06 16:33:00+02:00,364.38603649966416,246.04867602864525,118.33736047101891,114.47813569198993,3.859224779028972
2025-09-06 16:34:00+02:00,360.86737563051145,243.18347489179078,117.6839007387207,113.8577784805472,3.826122258173501
2025-09-06 16:35:00+02:00,357.34645215020635,240.31952828586213,117.02692386434423,113.23395506945664,3.7929687948875808
2025-09-06 16:36:00+02:00,353.8234666221548,237.45705712748799,116.36640949466683,112.60664373518195,3.7597657594848846
2025-09-06 16:37:00+02:00,350.2986220097723,234.59628503790506,115.70233697186723,111.97582243270021,3.7265145391670145
2025-09-06 16:38:00+02:00,346.77212372681004,231.73743839375382,115.0346853330562,111.34146879457327,3.6932165384829294
2025-09-06 16:39:00+02:00,343.24417965612093,228.8807463523336,114.36343330378733,110.70356012429376,3.659873179493577
2025-09-06 16:40:00+02:00,339.71500023453484,226.0264409304674,113.68855930406743,110.06207340150084,3.6264859025665923
2025-09-06 16:41:00+02:00,336.1847984736289,223.1747570314064,113.01004144222253,109.41698527565339,3.5930561665691427
2025-09-06 16:42:00+02:00,332.6537900132478,220.32593249828935,112.32785751495845,108.76827206557991,3.559585449378543
2025-09-06 16:43:00+02:00,329.12219317758996,217.48020816963142,111.64198500795855,108.11590975954076,3.5260752484178006
2025-09-06 16:44:00+02:00,325.5902266296273,214.63782600322617,110.95240062640114,107.45987356802291,3.4925270583782266
2025-09-06 16:45:00+02:00,322.0581189351406,211.7990367807733,110.25908215436733,106.800139692263,3.4589424621043388
2025-09-06 16:46:00+02:00,314.45583512965555,208.96408870241368,105.49174642724188,102.06642343135964,3.4253229958822455
2025-09-06 16:47:00+02:00,310.95812749228327,206.13323507070973,104.82489242157352,101.43322218157905,3.391670239994464
2025-09-06 16:48:00+02:00,307.4608975843197,203.30673244237346,104.15416514194627,100.79617934509365,3.3579857968526157
2025-09-06 16:49:00+02:00,303.9643775530249,200.4848406614742,103.4795368915507,100.15526560023213,3.324271291318567
2025-09-06 16:50:00+02:00,300.4688026400683,197.6678229452788,102.80097969478952,99.51045132312338,3.290528371666137
2025-09-06 16:51:00+02:00,296.974411217897,194.85594591882412,102.1184652990729,98.86170658913144,3.25675870994145
2025-09-06 16:52:00+02:00,293.4814448601537,192.04947967654388,101.43196518360982,98.20900118095204,3.222964002657776
2025-09-06 16:53:00+02:00,289.9901484128316,189.2486978439164,100.74145056891523,97.5523045974074,3.189145971507824
2025-09-06 16:54:00+02:00,286.50077003522756,186.45387761433796,100.04689242088962,96.89158605710061,3.1553063637890024
2025-09-06 16:55:00+02:00,283.0135589686363,183.66529797002642,99.34826099860985,96.22681406784733,3.1214469307625192
2025-09-06 16:56:00+02:00,279.52877493292783,180.8832471958882,98.6455277370396,95.55795821807688,3.0875695189627224
2025-09-06 16:57:00+02:00,276.0466741726667,178.10801172326384,97.9386624494029,94.88498651463392,3.053675934768976
2025-09-06 16:58:00+02:00,272.5675188918275,175.33988367889432,97.2276352129332,94.20786717688127,3.0197680360519223
2025-09-06 16:59:00+02:00,269.09157496267255,172.57915905187974,96.51241591079278,93.52656820077284,2.9858477100199443
2025-09-06 17:00:00+02:00,265.61911204069975,169.82613778497955,95.79297425572021,92.84105738129367,2.9519168744265447
2025-09-06 17:01:00+02:00,262.1504036155446,167.08112381391413,95.06927980163044,92.15130232346036,2.9179774781700925
2025-09-06 17:02:00+02:00,258.68572709703363,164.3444251335464,94.34130196348723,91.45727046124095,2.884031502246277
2025-09-06 17:03:00+02:00,255.22536390156694,161.61635386305497,93.60901003851197,90.7589290777886,2.8500809607233784
2025-09-06 17:04:00+02:00,251.76959950942415,158.89722628692294,92.8723732225012,90.05624532105752,2.81612790144368
2025-09-06 17:05:00+02:00,248.31872358643403,156.18736294524038,92.13136064119364,89.34918623381509,2.7821744073785517
2025-09-06 17:06:00+02:00,244.8730277355806,153.48708686674084,91.38594086883977,88.6377182942095,2.7482225746302666
2025-09-06 17:07:00+02:00,241.43281482972492,150.79673087052197,90.63608395920296,87.92180935458633,2.7142746046166306
2025-09-06 17:08:00+02:00,237.99838524245263,148.11662676537097,89.88175847708165,87.20142580846736,2.680332668614287
2025-09-06 17:09:00+02:00,234.57004615982459,145.44711263891776,89.12293352090684,86.47653452119593,2.646398999710916
2025-09-06 17:10:00+02:00,231.14810939814123,142.78853113140147,88.35957826673976,85.74710239515838,2.612475871581378
2025-09-06 17:11:00+02:00,227.73289147284467,140.14122947342176,87.59166199942291,85.01309639997363,2.578565599449284
2025-09-06 17:12:00+02:00,224.32471370009526,137.50555954680084,86.81915415329442,84.2744836118935,2.544670541400916
2025-09-06 17:13:00+02:00,220.92390229404032,134.8818779395006,86.04202435453969,83.53123125485587,2.510793099683829
2025-09-06 17:14:00+02:00,217.53078846604902,132.27054599928883,85.26024246676019,82.78330674470588,2.4769357220543027
2025-09-06 17:15:00+02:00,214.14570852455637,129.67192988487713,84.47377863967922,82.03067773651307,2.4431009031661572
2025-09-06 17:16:00+02:00,210.76900397770538,127.08640061601437,83.682603361691,81.27331217567298,2.409291186018015
2025-09-06 17:17:00+02:00,207.40101938105744,124.51433240036248,82.88668698069496,80.51117783989295,2.3755091408020053
2025-09-06 17:18:00+02:00,204.04211147691572,121.95610957298284,82.08600190393288,79.74424444682315,2.3417574571097344
2025-09-06 17:19:00+02:00,200.69263572468918,119.41211627029263,81.28051945439657,78.97248064503351,2.308038809363054
2025-09-06 17:20:00+02:00,197.35295548652124,116.88274340573929,80.47021208078196,78.19585613129381,2.2743559494881502
2025-09-06 17:21:00+02:00,194.02343984936073,114.36838695586304,79.6550528934977,77.41434120777934,2.2407116857183493
2025-09-06 17:22:00+02:00,190.70446374202683,111.86944799627493,78.8350157457519,76.62790686130896,2.207108884442946
2025-09-06 17:23:00+02:00,187.39640805246094,109.3863327323266,78.01007532013435,75.83652484802072,2.173550472113639
2025-09-06 17:24:00+02:00,184.09965971595145,106.91945250227485,77.1802072136766,75.04016777676665,2.14003943690994
2025-09-06 17:25:00+02:00,180.81461186527898,104.46922382072059,76.34538804455839,74.23880921346512,2.1065788310932785
2025-09-06 17:26:00+02:00,177.54166392032766,102.03606836995316,75.50559555037452,73.43242377756528,2.0731717728092525
2025-09-06 17:27:00+02:00,174.2812217090397,99.62041300770582,74.66080870133389,72.6209872530596,2.0398214482742896
2025-09-06 17:28:00+02:00,171.03369758877182,97.22268976745639,73.81100782131544,71.80447670727806,2.006531114037383
2025-09-06 17:29:00+02:00,167.7995083736047,94.84333423920842,72.95617413439629,70.9828700576453,1.9733040767509975
2025-09-06 17:30:00+02:00,164.57908415269912,92.48279194537717,72.09629220732197,70.15614842233735,1.9401437849846062
2025-09-06 17:31:00+02:00,161.37285536848287,90.14150871861364,71.23134664986922,69.32429295214476,1.9070536977244597
2025-09-06 17:32:00+02:00,158.18126162250607,87.81993706031986,70.36132456218621,68.48728718605416,1.8740373761320457
2025-09-06 17:33:00+02:00,155.00474962297125,85.51853449107784,69.48621513189339,67.64511666797677,1.8410984639166206
2025-09-06 17:34:00+02:00,151.84377327483958,83.23776346886717,68.60600980597242,66.79776911618046,1.8082406897919518
2025-09-06 17:35:00+02:00,148.69879382822,80.97809133692668,67.72070249129334,65.94523462065266,1.775467870640685
2025-09-06 17:36:00+02:00,145.5702799658866,78.73999021400839,66.83028975187823,65.08750583771933,1.7427839141588943
2025-09-06 17:37:00+02:00,142.45870791853667,76.52393689030802,65.93477102822865,64.2245782063244,1.7101928219042508
2025-09-06 17:38:00+02:00,139.36456157772236,74.33041270612067,65.03414887160169,63.35645017915839,1.677698692443303
2025-09-06 17:39:00+02:00,136.2883325774481,72.15990339168744,64.12842918576068,62.48312346146184,1.6453057242988498
2025-09-06 17:40:00+02:00,133.23051838534062,70.01289749559818,63.21762088974244,61.604602691757194,1.613018197985247
2025-09-06 17:41:00+02:00,130.19163056723073,67.88989192619978,62.301738641030944,60.720898075331114,1.5808405656998297
2025-09-06 17:42:00+02:00,127.17218258250105,65.79138310751537,61.38079947498567,59.83202215001431,1.5487773249713634
2025-09-06 17:43:00+02:00,124.1726980931055,63.71787252396202,60.45482556914347,58.937992460133636,1.5168331090098406
2025-09-06 17:44:00+02:00,121.19370896710558,61.66986499541453,59.52384397169104,58.03883130319465,1.4850126684963947
2025-09-06 17:45:00+02:00,118.23575538904561,59.64786840954961,58.58788697949599,57.13456610372867,1.4533208757673188
2025-09-06 17:46:00+02:00,115.29938590745006,57.652393383970185,57.646992523479874,56.22522979496767,1.421762728512203
2025-09-06 17:47:00+02:00,112.38515750195887,55.68395291340324,56.70120458855564,55.310861234681916,1.3903433538737244
2025-09-06 17:48:00+02:00,109.49363564201406,53.74306198050331,55.750573661510735,54.39150564885368,1.3590680126570527
2025-09-06 17:49:00+02:00,106.62539430871382,51.83023710932192,54.79515719939191,53.46721509604031,1.3279421033515957
2025-09-06 17:50:00+02:00,103.78101605960293,49.94599591280918,53.83502014679375,52.5380489799578,1.2969711668359554
2025-09-06 17:51:00+02:00,100.96109014533631,48.09085532518982,52.87023482014649,51.6040739501504,1.2661608699960931
2025-09-06 17:52:00+02:00,98.16622007001439,46.26533599477538,51.90088407523901,50.665366982372404,1.2355170928666093
2025-09-06 17:53:00+02:00,95.39701224308675,44.46995420396084,50.9270580391259,49.72201222977094,1.2050458093549652
2025-09-06 17:54:00+02:00,92.6540835163199,42.70522617774583,49.94885733857407,48.7741041640911,1.1747531744829758
2025-09-06 17:55:00+02:00,89.93805927553606,40.971666117564894,48.96639315797116,47.82174764916959,1.1446455088015706
2025-09-06 17:56:00+02:00,87.24957336007981,39.26978539231556,47.979787967764246,46.86505866475766,1.1147293030065866
2025-09-06 17:57:00+02:00,84.58926798777495,37.60009167990474,46.989176307870196,45.90416508498059,1.085011222889606
2025-09-06 17:58:00+02:00,81.95779365619494,35.9630880372421,45.994705618952835,44.93920750463966,1.0554981143131774
2025-09-06 17:59:00+02:00,79.35580899479513,34.35927188002705,44.99653711476808,43.97034010684161,1.026197007926469
2025-09-06 18:00:00+02:00,76.78398063844783,32.789133913042036,43.99484672540579,42.99773160098778,0.9971151244180189
2025-09-06 18:01:00+02:00,74.24298302234766,31.253156945628696,42.98982607671897,42.021566197533275,0.9682598791856915
2025-09-06 18:02:00+02:00,71.73349649687319,29.751813638251953,41.98168285862124,41.04204399051654,0.9396388681047003
2025-09-06 18:03:00+02:00,69.25621378900631,28.285569153668536,40.97064463533777,40.05938468641577,0.911259948922002
2025-09-06 18:04:00+02:00,66.81182959457807,26.85487365077553,39.95695594380254,39.073824813329736,0.8831311304728082
2025-09-06 18:05:00+02:00,64.40104702522555,25.460164793867804,38.94088223135775,38.08562157701565,0.8552606543420959
2025-09-06 18:06:00+02:00,62.02457551735118,24.101865057093516,37.92271046025766,37.095053480696244,0.8276569795614193
2025-09-06 18:07:00+02:00,59.68313040785192,22.780379947910244,36.90275045994168,36.10242167339071,0.8003287865509707
2025-09-06 18:08:00+02:00,57.37743245598882,21.49609611296765,35.88133634302117,35.10805136231339,0.7732849807077793
2025-09-06 18:09:00+02:00,55.10820728482655,20.24937931035934,34.858827974467204,34.11229327915713,0.746534695310072
2025-09-06 18:10:00+02:00,52.876184801949606,19.04057228066212,33.83561252128749,33.115525226874844,0.7200872944126457
2025-09-06 18:11:00+02:00,50.682098507895645,17.869992465779987,32.81210604211566,32.11815366748479,0.6939523746308702
2025-09-06 18:12:00+02:00,48.526684749882165,16.737929608788594,31.788755141093574,31.12061537463924,0.6681397664543349
2025-09-06 18:13:00+02:00,46.41068188964317,15.64464321963859,30.766038670004583,30.123379135325166,0.6426595346794186
2025-09-06 18:14:00+02:00,44.3348280059394,14.59035921583163,29.744468790107774,29.12694682894215,0.6175219611656263
2025-09-06 18:15:00+02:00,42.29986540017947,13.575269917785995,28.72459548239348,28.13185787221796,0.5927376101755184
2025-09-06 18:16:00+02:00,40.30653113890264,12.599526890573532,27.70700424832911,27.138687023801015,0.5683172245280943
2025-09-06 18:17:00+02:00,38.35556138939663,11.663240737935485,26.692320651461145,26.148048862849446,0.5442717886117
2025-09-06 18:18:00+02:00,36.447688645589096,10.766477214141903,25.681211431447192,25.160598926158187,0.5206125052890038
2025-09-06 18:19:00+02:00,34.58364021887808,9.909253947212962,24.67438627166512,24.177035483838086,0.49735078782703507
2025-09-06 18:20:00+02:00,32.03747394151825,9.091537058951726,22.945936882566524,22.471438633155113,0.4744982494114112
2025-09-06 18:21:00+02:00,30.332567230226864,8.313237721427454,22.01932950879941,21.567262818205734,0.4520666905936762
2025-09-06 18:22:00+02:00,28.67313222654127,7.5742086386504,21.09892358789087,20.66885550440134,0.43006808348953174
2025-09-06 18:23:00+02:00,27.05975852736106,6.874240502805448,20.18551802455561,19.777003471527106,0.4085145530285022
2025-09-06 18:24:00+02:00,25.493009830846184,6.213058446763746,19.279951384082437,18.89253302944148,0.38741835464095536
2025-09-06 18:25:00+02:00,23.973419719127605,5.590318119353864,18.38310159977374,18.016309765665593,0.36679183410814825
2025-09-06 18:26:00+02:00,22.501492320790064,5.005603898771656,17.495888422018407,17.149240969961074,0.3466474520573311
2025-09-06 18:27:00+02:00,21.077692587456312,4.458423071191368,16.619269516264943,16.29227185113777,0.3269976651271743
2025-09-06 18:28:00+02:00,19.70244661100439,3.948204402669422,15.754242208334967,15.446387267792527,0.3078549405424396
2025-09-06 18:29:00+02:00,18.376136602966586,3.474294837336064,14.901841765630522,14.61261007059563,0.289231695034891
2025-09-06 18:30:00+02:00,17.099096707888904,3.0359569513597298,14.063139756529173,13.791999515533613,0.27114024099556105
2025-09-06 18:31:00+02:00,15.871608660178158,2.6323668311458817,13.239241829032276,12.98564910325905,0.2535927257732258
2025-09-06 18:32:00+02:00,14.693897245832973,2.262612453786019,12.431284792046954,12.19468372924473,0.23660106280222443
2025-09-06 18:33:00+02:00,13.566125620429789,1.9256926884411338,11.640432931988656,11.42025607753158,0.22017685445707588
2025-09-06 18:34:00+02:00,12.4704064012309,1.6205170279599352,10.849889373270965,10.645558067435266,0.2043313058356993
2025-09-06 18:35:00+02:00,11.423114237563002,1.3459061708188864,10.077208066744115,9.888132937989491,0.18907512875462348
2025-09-06 18:36:00+02:00,10.432294283197832,1.100593435489811,9.33170084770802,9.157282421459996,0.1744184262480242
2025-09-06 18:37:00+02:00,9.497139223214027,0.8832280768180306,8.613911146395997,8.45354053167657,0.16037061471942793
2025-09-06 18:38:00+02:00,8.616749015669333,0.6923782294966333,7.9243707861727,7.777430548702581,0.14694023747011928
2025-09-06 18:39:00+02:00,7.790132869563799,0.5265368909860385,7.26359597857776,7.1294611126372756,0.13413486594048382
2025-09-06 18:40:00+02:00,7.016208326196007,0.3841285495611581,6.632079776634849,6.510118836391781,0.12196094024306776
2025-09-06 18:41:00+02:00,6.293801549511001,0.26351759006814746,6.030283959442854,5.9198603498495626,0.11042360959329094
2025-09-06 18:42:00+02:00,5.621648123523179,0.16301837472522215,5.458629748797956,5.359103185791053,0.09952656300690314
2025-09-06 18:43:00+02:00,4.998394382074374,0.08090704576427024,4.917487336310104,4.828215484304881,0.08927185200522302
2025-09-06 18:44:00+02:00,4.422599254342244,0.015435043016452248,4.407164211325792,4.327504504130631,0.07965970719516141
2025-09-06 18:45:00+02:00,3.9476427791823463,0.0,3.9476427791823463,3.876954427816838,0.07068835136550851
2025-09-06 18:46:00+02:00,3.521238001333605,0.0,3.521238001333605,3.4588841883893733,0.06235381294423178
2025-09-06 18:47:00+02:00,3.120198961041443,0.0,3.120198961041443,3.0655492219969416,0.05464973904450155
2025-09-06 18:48:00+02:00,2.7451936693321084,0.0,2.7451936693321084,2.697626425190065,0.04756724414204359
2025-09-06 18:49:00+02:00,2.3967347291411025,0.0,2.3967347291411025,2.355640004515331,0.04109472462577172
2025-09-06 18:50:00+02:00,2.2488199665259154,0.0,2.2488199665259154,2.2136022161204933,0.0352177504054221
2025-09-06 18:51:00+02:00,1.9305688085375816,0.0,1.9305688085375816,1.900649844249378,0.029918964288203537
2025-09-06 18:52:00+02:00,1.6411702991559405,0.0,1.6411702991559405,1.6159922684019163,0.025178030754024156
2025-09-06 18:53:00+02:00,1.3803589703421106,0.0,1.3803589703421106,1.3593873306923463,0.02097163964976437
2025-09-06 18:54:00+02:00,1.1462529505351353,0.0,1.1462529505351353,1.1289793748762977,0.017273575658837532
2025-09-06 18:55:00+02:00,0.9392845237653218,0.0,0.9392845237653218,0.9252296597824173,0.014054863982904422
2025-09-06 18:56:00+02:00,0.7591898613272773,0.0,0.7591898613272773,0.7479058598990963,0.011284001428181027
2025-09-06 18:57:00+02:00,0.6044483590372803,0.0,0.6044483590372803,0.5955210796803105,0.008927279356969771
2025-09-06 18:58:00+02:00,0.4733216201267603,0.0,0.4733216201267603,0.46637241874064117,0.0069492013861191405
2025-09-06 18:59:00+02:00,0.36388502626977676,0.0,0.36388502626977676,0.35857203392736936,0.005312992342407399
2025-09-06 19:00:00+02:00,0.2740685819171231,0.0,0.2740685819171231,0.2700873863794898,0.0039811955376332624
2025-09-06 19:01:00+02:00,0.20170488074332812,0.0,0.20170488074332812,0.19878855493808215,0.002916325805245979
2025-09-06 19:02:00+02:00,0.14458376028843503,0.0,0.14458376028843503,0.14250218517965604,0.00208157510877899
2025-09-06 19:03:00+02:00,0.10050984107506679,0.0,0.10050984107506679,0.09906832003542743,0.0014415210396393678
2025-09-06 19:04:00+02:00,0.06736008677151693,0.0,0.06736008677151693,0.06639728064937782,0.0009628061221391194
2025-09-06 19:05:00+02:00,0.04313757814016265,0.0,0.04313757814016265,0.04252283383155953,0.0006147443086031148
2025-09-06 19:06:00+02:00,0.02601775603211351,0.0,0.02601775603211351,0.02564794286006432,0.0003698131720491906
2025-09-06 19:07:00+02:00,0.00020399635086834812,0.0,0.00020399635086834812,0.0,0.00020399635086834812
2025-09-06 19:08:00+02:00,9.695225522894196e-05,0.0,9.695225522894196e-05,0.0,9.695225522894196e-05
2025-09-06 19:09:00+02:00,3.200090728755885e-05,0.0,3.200090728755885e-05,0.0,3.200090728755885e-05
2025-09-06 19:10:00+02:00,0.0,0.0,0.0,0.0,0.0
2025-09-06 19:11:00+02:00,0.0,0.0,0.0,0.0,0.0
2025-09-06 19:12:00+02:00,0.0,0.0,0.0,0.0,0.0
2025-09-06 19:13:00+02:00,0.0,0.0,0.0,0.0,0.0
2025-09-06 19:14:00+02:00,0.0,0.0,0.0,0.0,0.0
2025-09-06 19:15:00+02:00,0.0,0.0,0.0,0.0,0.0
2025-09-06 19:16:00+02:00,0.0,0.0,0.0,0.0,0.0
2025-09-06 19:17:00+02:00,0.0,0.0,0.0,0.0,0.0
2025-09-06 19:18:00+02:00,0.0,0.0,0.0,0.0,0.0
2025-09-06 19:19:00+02:00,0.0,0.0,0.0,0.0,0.0
2025-09-06 19:20:00+02:00,0.0,0.0,0.0,0.0,0.0
2025-09-06 19:21:00+02:00,0.0,0.0,0.0,0.0,0.0
2025-09-06 19:22:00+02:00,0.0,0.0,0.0,0.0,0.0
2025-09-06 19:23:00+02:00,0.0,0.0,0.0,0.0,0.0
2025-09-06 19:24:00+02:00,0.0,0.0,0.0,0.0,0.0
2025-09-06 19:25:00+02:00,0.0,0.0,0.0,0.0,0.0
2025-09-06 19:26:00+02:00,0.0,0.0,0.0,0.0,0.0
2025-09-06 19:27:00+02:00,0.0,0.0,0.0,0.0,0.0
2025-09-06 19:28:00+02:00,0.0,0.0,0.0,0.0,0.0
2025-09-06 19:29:00+02:00,0.0,0.0,0.0,0.0,0.0
2025-09-06 19:30:00+02:00,0.0,0.0,0.0,0.0,0.0
2025-09-06 19:31:00+02:00,0.0,0.0,0.0,0.0,0.0
2025-09-06 19:32:00+02:00,0.0,0.0,0.0,0.0,0.0
2025-09-06 19:33:00+02:00,0.0,0.0,0.0,0.0,0.0
2025-09-06 19:34:00+02:00,0.0,0.0,0.0,0.0,0.0
2025-09-06 19:35:00+02:00,0.0,0.0,0.0,0.0,0.0
2025-09-06 19:36:00+02:00,0.0,0.0,0.0,0.0,0.0
2025-09-06 19:37:00+02:00,0.0,0.0,0.0,0.0,0.0
2025-09-06 19:38:00+02:00,0.0,0.0,0.0,0.0,0.0
2025-09-06 19:39:00+02:00,0.0,0.0,0.0,0.0,0.0
2025-09-06 19:40:00+02:00,0.0,0.0,0.0,0.0,0.0
2025-09-06 19:41:00+02:00,0.0,0.0,0.0,0.0,0.0
2025-09-06 19:42:00+02:00,0.0,0.0,0.0,0.0,0.0
2025-09-06 19:43:00+02:00,0.0,0.0,0.0,0.0,0.0
2025-09-06 19:44:00+02:00,0.0,0.0,0.0,0.0,0.0
2025-09-06 19:45:00+02:00,0.0,0.0,0.0,0.0,0.0
2025-09-06 19:46:00+02:00,0.0,0.0,0.0,0.0,0.0
2025-09-06 19:47:00+02:00,0.0,0.0,0.0,0.0,0.0
2025-09-06 19:48:00+02:00,0.0,0.0,0.0,0.0,0.0
2025-09-06 19:49:00+02:00,0.0,0.0,0.0,0.0,0.0
2025-09-06 19:50:00+02:00,0.0,0.0,0.0,0.0,0.0
2025-09-06 19:51:00+02:00,0.0,0.0,0.0,0.0,0.0
2025-09-06 19:52:00+02:00,0.0,0.0,0.0,0.0,0.0
2025-09-06 19:53:00+02:00,0.0,0.0,0.0,0.0,0.0
2025-09-06 19:54:00+02:00,0.0,0.0,0.0,0.0,0.0
2025-09-06 19:55:00+02:00,0.0,0.0,0.0,0.0,0.0
2025-09-06 19:56:00+02:00,0.0,0.0,0.0,0.0,0.0
2025-09-06 19:57:00+02:00,0.0,0.0,0.0,0.0,0.0
2025-09-06 19:58:00+02:00,0.0,0.0,0.0,0.0,0.0
2025-09-06 19:59:00+02:00,0.0,0.0,0.0,0.0,0.0
2025-09-06 20:00:00+02:00,0.0,0.0,0.0,0.0,0.0
2025-09-07 05:00:00+02:00,0.0,0.0,0.0,0.0,0.0
2025-09-07 05:01:00+02:00,0.0,0.0,0.0,0.0,0.0
2025-09-07 05:02:00+02:00,0.0,0.0,0.0,0.0,0.0
2025-09-07 05:03:00+02:00,0.0,0.0,0.0,0.0,0.0
2025-09-07 05:04:00+02:00,0.0,0.0,0.0,0.0,0.0
2025-09-07 05:05:00+02:00,0.0,0.0,0.0,0.0,0.0
2025-09-07 05:06:00+02:00,0.0,0.0,0.0,0.0,0.0
2025-09-07 05:07:00+02:00,0.0,0.0,0.0,0.0,0.0
2025-09-07 05:08:00+02:00,0.0,0.0,0.0,0.0,0.0
2025-09-07 05:09:00+02:00,0.0,0.0,0.0,0.0,0.0
2025-09-07 05:10:00+02:00,0.0,0.0,0.0,0.0,0.0
2025-09-07 05:11:00+02:00,0.0,0.0,0.0,0.0,0.0
2025-09-07 05:12:00+02:00,0.0,0.0,0.0,0.0,0.0
2025-09-07 05:13:00+02:00,0.0,0.0,0.0,0.0,0.0
2025-09-07 05:14:00+02:00,0.0,0.0,0.0,0.0,0.0
2025-09-07 05:15:00+02:00,0.0,0.0,0.0,0.0,0.0
2025-09-07 05:16:00+02:00,0.0,0.0,0.0,0.0,0.0
2025-09-07 05:17:00+02:00,0.0,0.0,0.0,0.0,0.0
2025-09-07 05:18:00+02:00,0.0,0.0,0.0,0.0,0.0
2025-09-07 05:19:00+02:00,0.0,0.0,0.0,0.0,0.0
2025-09-07 05:20:00+02:00,0.0,0.0,0.0,0.0,0.0
2025-09-07 05:21:00+02:00,0.0,0.0,0.0,0.0,0.0
2025-09-07 05:22:00+02:00,0.0,0.0,0.0,0.0,0.0
2025-09-07 05:23:00+02:00,0.0,0.0,0.0,0.0,0.0
2025-09-07 05:24:00+02:00,0.0,0.0,0.0,0.0,0.0
2025-09-07 05:25:00+02:00,0.0,0.0,0.0,0.0,0.0
2025-09-07 05:26:00+02:00,0.0,0.0,0.0,0.0,0.0
2025-09-07 05:27:00+02:00,0.0,0.0,0.0,0.0,0.0
2025-09-07 05:28:00+02:00,0.0,0.0,0.0,0.0,0.0
2025-09-07 05:29:00+02:00,0.0,0.0,0.0,0.0,0.0
2025-09-07 05:30:00+02:00,0.0,0.0,0.0,0.0,0.0
2025-09-07 05:31:00+02:00,0.0,0.0,0.0,0.0,0.0
2025-09-07 05:32:00+02:00,0.0,0.0,0.0,0.0,0.0
2025-09-07 05:33:00+02:00,0.0,0.0,0.0,0.0,0.0
2025-09-07 05:34:00+02:00,0.0,0.0,0.0,0.0,0.0
2025-09-07 05:35:00+02:00,0.0,0.0,0.0,0.0,0.0
2025-09-07 05:36:00+02:00,0.0,0.0,0.0,0.0,0.0
2025-09-07 05:37:00+02:00,0.0,0.0,0.0,0.0,0.0
2025-09-07 05:38:00+02:00,0.0,0.0,0.0,0.0,0.0
2025-09-07 05:39:00+02:00,0.0,0.0,0.0,0.0,0.0
2025-09-07 05:40:00+02:00,0.0,0.0,0.0,0.0,0.0
2025-09-07 05:41:00+02:00,0.0,0.0,0.0,0.0,0.0
2025-09-07 05:42:00+02:00,0.0,0.0,0.0,0.0,0.0
2025-09-07 05:43:00+02:00,0.0,0.0,0.0,0.0,0.0
2025-09-07 05:44:00+02:00,0.0,0.0,0.0,0.0,0.0
2025-09-07 05:45:00+02:00,0.0,0.0,0.0,0.0,0.0
2025-09-07 05:46:00+02:00,0.0,0.0,0.0,0.0,0.0
2025-09-07 05:47:00+02:00,0.0,0.0,0.0,0.0,0.0
2025-09-07 05:48:00+02:00,0.0,0.0,0.0,0.0,0.0
2025-09-07 05:49:00+02:00,0.0,0.0,0.0,0.0,0.0
2025-09-07 05:50:00+02:00,0.0,0.0,0.0,0.0,0.0
2025-09-07 05:51:00+02:00,0.0,0.0,0.0,0.0,0.0
2025-09-07 05:52:00+02:00,0.0,0.0,0.0,0.0,0.0
2025-09-07 05:53:00+02:00,0.0,0.0,0.0,0.0,0.0
2025-09-07 05:54:00+02:00,0.0,0.0,0.0,0.0,0.0
2025-09-07 05:55:00+02:00,0.0,0.0,0.0,0.0,0.0
2025-09-07 05:56:00+02:00,0.0,0.0,0.0,0.0,0.0
2025-09-07 05:57:00+02:00,0.0,0.0,0.0,0.0,0.0
2025-09-07 05:58:00+02:00,0.0,0.0,0.0,0.0,0.0
2025-09-07 05:59:00+02:00,0.0,0.0,0.0,0.0,0.0
2025-09-07 06:00:00+02:00,2.862417936166701e-05,0.0,2.862417936166701e-05,0.0,2.862417936166701e-05
2025-09-07 06:01:00+02:00,9.108813762477585e-05,0.0,9.108813762477585e-05,0.0,9.108813762477585e-05
2025-09-07 06:02:00+02:00,0.00019448436443768278,0.0,0.00019448436443768278,0.0,0.00019448436443768278
2025-09-07 06:03:00+02:00,0.024990709377109316,0.0,0.024990709377109316,0.024635550569915562,0.0003551588071937554
2025-09-07 06:04:00+02:00,0.041625640784525346,0.0,0.041625640784525346,0.04103255423367303,0.0005930865508523149
2025-09-07 06:05:00+02:00,0.06521201904388525,0.0,0.06521201904388525,0.06428012187786665,0.0009318971660186024
2025-09-07 06:06:00+02:00,0.09755053831834785,0.0,0.09755053831834785,0.0961518179099842,0.0013987204083636584
2025-09-07 06:07:00+02:00,0.14061607829344838,0.0,0.14061607829344838,0.13859221960697554,0.002023858686472847
2025-09-07 06:08:00+02:00,0.1965125539173449,0.0,0.1965125539173449,0.1936722448677062,0.002840309049638704
2025-09-07 06:09:00+02:00,0.26742003953188853,0.0,0.26742003953188853,0.2635368704803397,0.003883169051548842
2025-09-07 06:10:00+02:00,0.35553785130858767,0.0,0.35553785130858767,0.35034888408940346,0.00518896721918421
2025-09-07 06:11:00+02:00,0.4630272900930938,0.0,0.4630272900930938,0.45623232991852053,0.006794960174573276
2025-09-07 06:12:00+02:00,0.5919573768477099,0.0,0.5919573768477099,0.5832189414492405,0.008738435398469373
2025-09-07 06:13:00+02:00,0.7442562843994275,0.0,0.7442562843994275,0.73320023175463,0.011056052644797452
2025-09-07 06:14:00+02:00,0.921670531154429,0.0,0.921670531154429,0.9078872797930954,0.01378325136133367
2025-09-07 06:15:00+02:00,1.1257323288535572,0.0,1.1257323288535572,1.108778599093165,0.01695372976039225
2025-09-07 06:16:00+02:00,1.3569997557682574,0.0,1.3569997557682574,1.3364007224720276,0.020599033296229828
2025-09-07 06:17:00+02:00,1.6146267308413786,0.0,1.6146267308413786,1.589878511874142,0.024748218967236453
2025-09-07 06:18:00+02:00,1.900695863830961,0.0,1.900695863830961,1.8712682440621597,0.029427619768801275
2025-09-07 06:19:00+02:00,2.215495619887565,0.0,2.215495619887565,2.180834927155555,0.03466069273201031
2025-09-07 06:20:00+02:00,2.3625620868234902,0.0,2.3625620868234902,2.3220941435359643,0.040467943287526065
2025-09-07 06:21:00+02:00,2.707622650718444,0.0,2.707622650718444,2.6607557348418585,0.04686691587658555
2025-09-07 06:22:00+02:00,3.079171424482204,0.0,3.079171424482204,3.0252991845945516,0.0538722398876525
2025-09-07 06:23:00+02:00,3.4767148136659896,0.0,3.4767148136659896,3.4152190933471998,0.061495720318789825
2025-09-07 06:24:00+02:00,3.8996034710569605,0.0,3.8996034710569605,3.8298570078115097,0.06974646324545096
2025-09-07 06:25:00+02:00,4.415074602862222,0.04376488442893956,4.371309718433283,4.292678685454519,0.07863103297876345
2025-09-07 06:26:00+02:00,4.991892565609979,0.1122888722032361,4.879603693406743,4.791450096773064,0.08815359663367817
2025-09-07 06:27:00+02:00,5.616391406817791,0.19759553287915155,5.41879587393864,5.320479734417401,0.09831613952123845
2025-09-07 06:28:00+02:00,6.290013998287707,0.30142662986445556,5.988587368423251,5.879468741818945,0.1091186266043059
2025-09-07 06:29:00+02:00,7.014113942539543,0.4254989493579179,6.588614993181626,6.468055799360984,0.12055919382064098
2025-09-07 06:30:00+02:00,7.789953886525266,0.5714908643340859,7.21846302219118,7.085828691751862,0.13263433043931827
2025-09-07 06:31:00+02:00,8.61870436938064,0.7410306038690477,7.8776737655115925,7.732334709689757,0.14533905582183562
2025-09-07 06:32:00+02:00,9.50144318833296,0.9356862310701942,8.565756957262765,8.407089869027793,0.15866708823497233
2025-09-07 06:33:00+02:00,10.439155282747338,1.1569572893795514,9.282197993367786,9.109586988983867,0.172611004383919
2025-09-07 06:34:00+02:00,11.432733130942532,1.4062680431651433,10.026465087777389,9.839302698889217,0.18716238888817238
2025-09-07 06:35:00+02:00,12.482977609173782,1.6849622041194732,10.798015405054308,10.595703432263196,0.2023119727911123
2025-09-07 06:36:00+02:00,13.585998836237284,1.9942992510272992,11.591699585209984,11.373649812999016,0.21804977221096714
2025-09-07 06:37:00+02:00,14.716531268340459,2.335450921903387,12.381080346437072,12.146715183735289,0.23436516270178337
2025-09-07 06:38:00+02:00,15.89714295646435,2.70950090937954,13.187642047084811,12.936394998069467,0.2512470490153439
2025-09-07 06:39:00+02:00,17.12766322088373,3.117443486045238,14.010219734838492,13.741535815093908,0.26868391974458466
2025-09-07 06:40:00+02:00,18.407859478562486,3.56018397777815,14.847675500784337,14.561011556569534,0.2866639442148038
2025-09-07 06:41:00+02:00,19.737442012495194,4.0385397747600225,15.698902237735172,15.393727187461597,0.3051750502735752
2025-09-07 06:42:00+02:00,21.116068566018118,4.553241953391317,16.5628266126268,16.2386216191399,0.3242049934869029
2025-09-07 06:43:00+02:00,22.543348757869538,5.1049374069220415,17.438411350947497,17.094669932452653,0.3437414184948437
2025-09-07 06:44:00+02:00,24.01884832216544,5.694191395227183,18.324656926938257,17.960885013597977,0.3637719133402809
2025-09-07 06:45:00+02:00,25.54209312622746,6.321490412590053,19.22060271363741,18.836318656805386,0.38428405683202155
2025-09-07 06:46:00+02:00,27.112573013907422,6.987245317501069,20.125327696406355,19.72006223616597,0.40526546024038723
2025-09-07 06:47:00+02:00,28.729746533901416,7.691795128249414,21.037951405652002,20.611247587767405,0.4267038178845982
2025-09-07 06:48:00+02:00,30.393039994505468,8.435408542814113,21.957631451691356,21.509044571272245,0.44858688041911055
2025-09-07 06:49:00+02:00,32.10185720999763,9.21829029250858,22.883566917489055,22.41266434952181,0.470902567967248
2025-09-07 06:50:00+02:00,34.70940027081372,10.040582816454906,24.668817454358813,24.17517851899107,0.493638935367741
2025-09-07 06:51:00+02:00,36.57781567583117,10.902370268953542,25.675445406877625,25.15866120120417,0.5167842056734553
2025-09-07 06:52:00+02:00,38.49006538765638,11.803682027181779,26.6863833604746,26.146056574424474,0.5403267860501254
2025-09-07 06:53:00+02:00,40.445416596825545,12.744496138908502,27.700920457917043,27.13666517709804,0.5642552808190056
2025-09-07 06:54:00+02:00,42.44313146719698,13.724742699668985,28.718388767527994,28.12983026531772,0.5885585022102723
2025-09-07 06:55:00+02:00,44.48246863317585,14.744307116774037,29.738161516401814,29.124936037952047,0.6132254784497685
2025-09-07 06:56:00+02:00,46.5626845912978,15.803033282239229,30.759651309058576,30.121405848733414,0.6382454603251629
2025-09-07 06:57:00+02:00,48.683034944862854,16.900726619471133,31.782308325391718,31.118700399577307,0.6636079258144112
2025-09-07 06:58:00+02:00,50.84277552881848,18.037157004362417,32.805618524456065,32.116315941267416,0.6893025831886456
2025-09-07 06:59:00+02:00,53.04116493553563,19.212062369585826,33.82910256594981,33.113783175333396,0.7153193906164174
2025-09-07 07:00:00+02:00,55.27745948980049,20.425148177089735,34.852311312710754,34.11066282614171,0.7416484865690425
2025-09-07 07:01:00+02:00,57.550922942823256,21.676094684316723,35.87482825850653,35.106547964089245,0.7682802944172884
2025-09-07 07:02:00+02:00,59.860821345515035,22.964556214230768,36.89626513128427,36.10105967961368,0.795205451670591
2025-09-07 07:03:00+02:00,62.20642517822766,24.290164195311586,37.91626098291607,37.09384615751054,0.8224148254055312
2025-09-07 07:04:00+02:00,64.58700997016636,25.652529310174508,38.934480659991856,38.084581150015055,0.8498995099768043
2025-09-07 07:05:00+02:00,67.00185681220331,27.051243495039195,39.95061331716412,39.07296249344919,0.8776508237149313
2025-09-07 07:06:00+02:00,69.45025285306855,28.485881841648602,40.96437101141994,40.058710705743735,0.9056603056762037
2025-09-07 07:07:00+02:00,71.93149172072327,29.956004370208078,41.9754873505152,41.04156763872419,0.93391971179101
2025-09-07 07:08:00+02:00,74.44487389227308,31.461157688224965,42.98371620404811,42.0212951933519,0.96242101069621
2025-09-07 07:09:00+02:00,76.98970704304978,33.00087655595501,43.98883048709477,42.99767410748177,0.9911563796130056
2025-09-07 07:10:00+02:00,79.56530804325294,34.574686386388365,44.99062165686458,43.97050343787384,1.0201182189907485
2025-09-07 07:11:00+02:00,82.17099629659856,36.18210036367471,45.988895932923846,44.93959686271251,1.0492990702113323
2025-09-07 07:12:00+02:00,84.80610431276895,37.822627030629654,46.9834772821393,45.90478555484526,1.0786917272940375
2025-09-07 07:13:00+02:00,87.4699709954821,39.49576725545372,47.974203740028386,46.86591458556729,1.1082891544610955
2025-09-07 07:14:00+02:00,90.16194353025062,41.20101637228081,48.96092715796982,47.822842657154446,1.1380845008153715
2025-09-07 07:15:00+02:00,92.8813774797101,42.93786516773212,49.94351231197797,48.77544121685402,1.1680710951239472
2025-09-07 07:16:00+02:00,95.62763690146585,44.70580082213283,50.92183607933302,49.72359363819726,1.1982424411357617
2025-09-07 07:17:00+02:00,98.4000944206776,46.50430776589965,51.89578665477796,50.66719444209827,1.2285922126796882
2025-09-07 07:18:00+02:00,101.19813127918582,48.332868467572446,52.86526281161337,51.60614856283743,1.2591142487759373
2025-09-07 07:19:00+02:00,104.02113739345566,50.1909641775341,53.83017321592157,52.54037066681109,1.2898025491104765
2025-09-07 07:20:00+02:00,106.86851134231081,52.07807557854178,54.79043576376903,53.46978449476857,1.3206512690004633
2025-09-07 07:21:00+02:00,109.73966232312455,53.99368470867228,55.745977614452265,54.39432287861733,1.351654735834931
2025-09-07 07:22:00+02:00,112.63400241940016,55.93727036592395,56.69673205347622,55.31392469223801,1.382807361238207
2025-09-07 07:23:00+02:00,115.55095812240316,57.908316328095154,57.642641794308005,56.22853803300302,1.4141037613049872
2025-09-07 07:24:00+02:00,118.48996263143698,59.90630671977881,58.58365591165816,57.13811724222291,1.4455386694352523
2025-09-07 07:25:00+02:00,121.45045769211708,61.93072769517076,59.51972999694633,58.04262304446199,1.4771069524843392
2025-09-07 07:26:00+02:00,124.43189356110915,63.98106784287239,60.45082571823675,58.942022111385796,1.5088036068509547
2025-09-07 07:27:00+02:00,127.43372893586957,66.05681853651863,61.37691039935094,59.836286644962414,1.5406237543885246
2025-09-07 07:28:00+02:00,130.4554308763093,68.15747425118285,62.297956625126446,60.72539398670579,1.5725626384206588
2025-09-07 07:29:00+02:00,133.49647474772945,70.28253286791292,63.213941879816524,61.60932625965478,1.6046156201617439
2025-09-07 07:30:00+02:00,136.5563441008008,72.4314959094927,64.12484819130812,62.488070016664274,1.6367781746438455
2025-09-07 07:31:00+02:00,139.63453060330056,74.60386878877047,65.0306618145301,63.36161592717325,1.669045887356854
2025-09-07 07:32:00+02:00,142.73053602028358,76.79916249152646,65.93137352875712,64.22995905632891,1.7014144724282074
2025-09-07 07:33:00+02:00,145.843863791501,79.01688785218695,66.82697593931407,65.09309625703592,1.733879682278139
2025-09-07 07:34:00+02:00,148.97403141455578,81.25656457048474,67.71746684407103,65.95102940919001,1.7664374348810115
2025-09-07 07:35:00+02:00,152.1205619861386,83.51771543811577,68.60284654802282,66.80376282481713,1.7990837232057046
2025-09-07 07:36:00+02:00,155.2829862220347,85.7998679693185,69.48311825271622,67.65130361829388,1.8318146344223487
2025-09-07 07:37:00+02:00,158.46084231510076,88.10255448590905,70.35828782919171,68.49366148259347,1.8646263465982384
2025-09-07 07:38:00+02:00,161.6536758294231,90.42531221367545,71.22836361574764,69.33084848985801,1.8975151258896314
2025-09-07 07:39:00+02:00,164.86103957782166,92.76768335327303,72.09335622454864,70.16287890088293,1.930477323665716
2025-09-07 07:40:00+02:00,168.0824935315576,95.12921516205182,72.95327836950577,70.98976899543447,1.963509374071293
2025-09-07 07:41:00+02:00,171.31760466625812,97.50945997759702,73.8081446886611,71.81153689763404,1.9966077910270534
2025-09-07 07:42:00+02:00,174.56594687011113,99.90797527578,74.65797159433114,72.62820242836435,2.029769165966803
2025-09-07 07:43:00+02:00,177.827100819267,102.32432369471567,75.50277712455133,73.43978695923033,2.0629901653209926
2025-09-07 07:44:00+02:00,181.1006560546663,104.75807468848645,76.34258136617986,74.24631381573725,2.0962675504426036
2025-09-07 07:45:00+02:00,184.38620209951785,107.20879801604084,77.17740408347699,75.04780599720608,2.1295980862709043
2025-09-07 07:46:00+02:00,187.6833414775537,109.67607350976864,78.00726796778507,75.84428929512998,2.1629786726550817
2025-09-07 07:47:00+02:00,190.99168084840068,112.15948457265512,78.83219627574556,76.63579002249404,2.1964062532515296
2025-09-07 07:48:00+02:00,194.31083307720706,114.65861978936437,79.6522132878427,77.42233545213426,2.229877835708438
2025-09-07 07:49:00+02:00,197.64041711333115,117.17307290445282,80.46734420887833,78.20395371926143,2.2633904896168966
2025-09-07 07:50:00+02:00,200.98005790206676,119.70244281935265,81.2776150827141,78.98067373785966,2.2969413448544387
2025-09-07 07:51:00+02:00,204.3293862340329,122.24633353652095,82.08305269751196,79.75252510815791,2.330527589354041
2025-09-07 07:52:00+02:00,207.68803865925184,124.80435414705846,82.88368451219337,80.51953804461462,2.3641464675787436
2025-09-07 07:53:00+02:00,211.05565736977746,127.37611878962619,83.67953858015127,81.28174330142554,2.3977952787257353
2025-09-07 07:54:00+02:00,214.43189008597065,129.96124660740617,84.47064347856448,82.03917210354727,2.4314713750172094
2025-09-07 07:55:00+02:00,217.8163922450513,132.5593634702808,85.2570287747705,82.79185659183413,2.465172182936369
2025-09-07 07:56:00+02:00,221.20881777464012,135.170094923671,86.03872285096912,83.53982774006802,2.4988951109011035
2025-09-07 07:57:00+02:00,224.6088326304661,137.79307661303721,86.8157560174289,84.28311833382217,2.5326376836067253
2025-09-07 07:58:00+02:00,228.01610561476332,140.42794726874305,87.58815834602026,85.02176089587635,2.566397450143912
2025-09-07 07:59:00+02:00,231.4303105350866,143.07435038654205,88.35596014854454,85.7557881434166,2.600172005127943
2025-09-07 08:00:00+02:00,234.85112613035744,145.73193419355866,89.11919193679877,86.48523294919188,2.6339589876068827
2025-09-07 08:01:00+02:00,238.27823593476842,148.4003515633172,89.8778843714512,87.21012829206656,2.6677560793846498
2025-09-07 08:02:00+02:00,241.71132820644414,151.07925997837498,90.63206822806917,87.93050722405668,2.701561004012493
2025-09-07 08:03:00+02:00,245.1500958271613,153.7683214681502,91.38177435901112,88.64640283348902,2.735371525522095
2025-09-07 08:04:00+02:00,248.5942362025309,156.46720254483157,92.12703365769933,89.35784821051239,2.7691854471869366
2025-09-07 08:05:00+02:00,252.04345119656597,159.17557416417776,92.86787703238821,90.06487642174264,2.803000610645573
2025-09-07 08:06:00+02:00,255.4974493214105,161.8931134607048,93.60433586070569,90.76752094359888,2.8368149171068135
2025-09-07 08:07:00+02:00,258.95593640733887,164.61949641195804,94.33643999538086,91.46581375953224,2.870626235848623
2025-09-07 08:08:00+02:00,262.4186294073983,167.35440870688163,95.06422070051669,92.1597881613288,2.904432539187877
2025-09-07 08:09:00+02:00,265.88524704488543,170.09753839645694,95.78770864842849,92.84947683769643,2.9382318107320695
2025-09-07 08:10:00+02:00,269.3555120712698,172.84857767262244,96.50693439864733,93.53491233128794,2.9720220673593913
2025-09-07 08:11:00+02:00,272.82915114569965,175.6072227761084,97.22192836959128,94.216127011676,3.0058013579152836
2025-09-07 08:12:00+02:00,276.3058947824235,178.3731739567985,97.93272082562497,94.89315306303598,3.039567762588986
2025-09-07 08:13:00+02:00,279.7854772659673,181.14613540749014,98.6393418584772,95.56602246649021,3.073319391986987
2025-09-07 08:14:00+02:00,283.26763656844014,183.92581519826425,99.34182137017592,96.23476698393449,3.1070543862414346
2025-09-07 08:15:00+02:00,286.75211430113336,186.71192523729403,100.0401890638393,96.89941814937578,3.140770914463532
2025-09-07 08:16:00+02:00,290.2386556025717,189.50418118004768,100.73447442252402,97.56000724893197,3.174467173592052
2025-09-07 08:17:00+02:00,293.7270114332302,192.30230426934875,101.42470716388145,98.21656575340629,3.208141410475171
2025-09-07 08:18:00+02:00,297.2169291406786,195.10601376174293,102.11091537893564,98.86912354816572,3.241791830769921
2025-09-07 08:19:00+02:00,300.7081664203542,197.9150381225696,102.7931282977846,99.51771156411408,3.275416733670531
2025-09-07 08:20:00+02:00,304.20048191908256,200.72910748771392,103.47137443136864,100.16236001022409,3.3090144211445556
2025-09-07 08:21:00+02:00,307.6936374692389,203.54795544957446,104.14568201966448,100.80309880017326,3.342583219491213
2025-09-07 08:22:00+02:00,311.18739805101035,206.37131902177035,104.81607902923999,101.43995755027775,3.376121478962235
2025-09-07 08:23:00+02:00,314.6815317234841,209.19893857830678,105.48259314517735,102.07296557208845,3.4096275730888954
2025-09-07 08:24:00+02:00,318.17580955686736,212.03055779317538,106.14525176369199,102.70215186566541,3.4430998980265723
2025-09-07 08:25:00+02:00,325.83006332561155,214.86592360740497,110.96413971820657,107.48760284597138,3.476536872235184
2025-09-07 08:26:00+02:00,329.35824211474574,217.70478614375844,111.65345597098727,108.14351903543736,3.509936935549901
2025-09-07 08:27:00+02:00,332.8859505193443,220.54689867521824,112.33905184412608,108.79575329522834,3.5432985488977415
2025-09-07 08:28:00+02:00,336.4129676769293,223.39201756810235,113.02095010882698,109.44432991510422,3.576620193722764
2025-09-07 08:29:00+02:00,339.93907781318205,226.23990413543302,113.69917367774906,110.0892732840331,3.6099003937159595
2025-09-07 08:30:00+02:00,343.464060761092,229.0903169671874,114.37374379390462,110.73060616856273,3.6431376253418883
2025-09-07 08:31:00+02:00,346.9877060609162,231.94302330813133,115.04468275278488,111.36835230187476,3.6763304509101093
2025-09-07 08:32:00+02:00,350.5098034785272,234.7977913920226,115.71201208650461,112.00253465744484,3.709477429059775
2025-09-07 08:33:00+02:00,354.03014531767866,237.65439229779463,116.37575301988402,112.63317588328523,3.7425771365987823
2025-09-07 08:34:00+02:00,357.5485263670589,240.51259989660494,117.03592647045399,113.26029830244254,3.775628168011453
2025-09-07 08:35:00+02:00,361.06474388179515,243.3721908268971,117.69255305489801,113.88392391960221,3.8086291352957966
2025-09-07 08:36:00+02:00,364.57859749987466,246.23294441661847,118.34565308325618,114.50407441606373,3.8415786671924472
2025-09-07 08:37:00+02:00,368.0898892256163,249.0946426599428,118.9952465656735,115.12077115662474,3.874475409048762
2025-09-07 08:38:00+02:00,371.59842338077675,251.95707016776078,119.64135321301599,115.73403519063457,3.9073180223814195
2025-09-07 08:39:00+02:00,375.10400655686647,254.82001411917875,120.28399243768771,116.34388725323316,3.9401051844545574
2025-09-07 08:40:00+02:00,378.6064499479529,257.6832661600646,120.92318378788829,116.95034817779144,3.9728356100968574
2025-09-07 08:41:00+02:00,382.10555988004216,260.5466146495098,121.55894523053233,117.55343726728518,4.005507963247154
2025-09-07 08:42:00+02:00,385.6011518901971,263.4098561602378,122.19129572995934,118.15317474140402,4.038120988555317
2025-09-07 08:43:00+02:00,389.09304128561274,266.27278775329006,122.8202535323227,118.74958010914882,4.070673423173873
2025-09-07 08:44:00+02:00,392.58104544947673,269.13520885293735,123.4458365965394,119.34267257818746,4.103164018351936
2025-09-07 08:45:00+02:00,396.06498383096425,271.9969212295218,124.06806260144245,119.9324710620621,4.13559153938035
2025-09-07 08:46:00+02:00,399.5446778707554,274.85772892947284,124.68694894128254,120.51899417634512,4.167954764937427
2025-09-07 08:47:00+02:00,403.0199509922202,277.7174382593017,125.30251273291853,121.10226024587035,4.200252487048168
2025-09-07 08:48:00+02:00,406.4906285612211,280.57585774394397,125.91477081727717,121.68228730652393,4.232483510753241
2025-09-07 08:49:00+02:00,409.9565378467796,283.4327980858856,126.52373976089402,122.25909310710628,4.2646466537877314
2025-09-07 08:50:00+02:00,413.4175080131694,286.2880721502982,127.12943586287123,122.83269511632112,4.296740746550113
2025-09-07 08:51:00+02:00,416.8733723668943,289.1414968129396,127.7318755539547,123.40311090099051,4.328764652964185
2025-09-07 08:52:00+02:00,420.3239590839306,291.9928852941231,128.33107378980756,123.9703566051949,4.360717184612677
2025-09-07 08:53:00+02:00,423.7691050780203,294.84205860148694,128.92704647653335,124.5344492472377,4.3925972292956486
2025-09-07 08:54:00+02:00,427.2086466917819,297.6888378375027,129.51980885427918,125.09540518947577,4.424403664803412
2025-09-07 08:55:00+02:00,430.64242201185516,300.53304610250495,130.10937590935023,125.65324052892552,4.456135380424716
2025-09-07 08:56:00+02:00,434.0702708021043,303.37450843176947,130.69576237033482,126.20797109395703,4.487791276377797
2025-09-07 08:57:00+02:00,437.4920345021151,306.2130517867352,131.27898271537984,126.75961245153269,4.519370263847151
2025-09-07 08:58:00+02:00,440.90755619312597,309.04850501938193,131.85905117374404,127.30817990902673,4.550871264717314
2025-09-07 08:59:00+02:00,444.31668056544004,311.88069883791485,132.43598172752516,127.85368851620277,4.582293211322398
2025-09-07 09:00:00+02:00,447.71925391793854,314.70946579922895,133.00978811870957,128.39615307221797,4.613635046491597
2025-09-07 09:01:00+02:00,451.11512409444504,317.5346402490081,133.58048384543693,128.93558812242495,4.644895723011995
2025-09-07 09:02:00+02:00,454.5041427546786,320.3560602060439,134.14808254863473,129.47200832406955,4.676074224565195
2025-09-07 09:03:00+02:00,457.8861562580816,323.17355976477114,134.71259649331046,130.00542701138764,4.707169481922819
2025-09-07 09:04:00+02:00,461.2610192692904,325.98698041541405,135.2740388538763,130.53585835571238,4.738180498163916
2025-09-07 09:05:00+02:00,464.62858566556076,328.796163468977,135.83242219658376,131.06331593152086,4.76910626506289
2025-09-07 09:06:00+02:00,467.98871075070076,331.6009518932043,136.38775885749644,131.5878130739838,4.799945783512635
2025-09-07 09:07:00+02:00,471.3412512585562,334.40119030912086,136.94006094943538,132.10936288582812,4.830698063607248
2025-09-07 09:08:00+02:00,474.68606532532067,337.19672496168783,137.48934036363283,132.62797823919541,4.861362124437415
2025-09-07 09:09:00+02:00,478.02301246129485,339.9874036900706,138.03560877122425,133.14367177734556,4.891936993878694
2025-09-07 09:10:00+02:00,481.3519535562252,342.7730759260912,138.578877630134,133.65645592144264,4.922421708691366
2025-09-07 09:11:00+02:00,484.6727508211981,345.5535926397107,139.11915818148742,134.16634286745239,4.952815314035034
2025-09-07 09:12:00+02:00,487.98526779383235,348.3288063375376,139.65646145629472,134.67334459273013,4.983116863564588
2025-09-07 09:13:00+02:00,491.2893693130219,351.09857103597045,140.19079827705144,135.17747285780433,5.013325419247121
2025-09-07 09:14:00+02:00,494.5849237008763,353.8627440862354,140.72217961464085,135.6787395432988,5.043440071342054
2025-09-07 09:15:00+02:00,497.8717939349506,356.62117876345326,141.25061517149732,136.17715531370627,5.073459857791043
2025-09-07 09:16:00+02:00,501.1498508526913,359.37373533658126,141.77611551611002,136.6727316311852,5.103383884924832
2025-09-07 09:17:00+02:00,504.4189643141603,362.12027365176954,142.29869066239075,137.16547941564366,5.133211246747081
2025-09-07 09:18:00+02:00,507.67900538938125,364.860654961235,142.8183504281462,137.65540938317733,5.162941044968864
2025-09-07 09:19:00+02:00,510.92984633761705,367.5947419007011,143.335104436916,138.1425320480469,5.192572388869111
2025-09-07 09:20:00+02:00,514.1713606142283,370.32239849012,143.8489621241083,138.6268577287085,5.222104395399796
2025-09-07 09:21:00+02:00,517.4034228178568,373.0434900842853,144.35993273357155,139.10839654482396,5.251536188747599
2025-09-07 09:22:00+02:00,520.6259087002592,375.7578833762132,144.868025324046,139.58715842357606,5.280866900469937
2025-09-07 09:23:00+02:00,523.8386951436314,378.46544637326423,145.37324877036718,140.06315310103835,5.310095669328836
2025-09-07 09:24:00+02:00,527.0416601406278,381.1660483755946,145.8756117650332,140.53639012387956,5.33922164115364
2025-09-07 09:25:00+02:00,530.2346849407943,383.85956178261074,146.37512315818353,141.00687916979646,5.368243988387071
2025-09-07 09:26:00+02:00,533.417645442771,386.54585482636,146.87179061641098,141.4746287845138,5.397161831897168
2025-09-07 09:27:00+02:00,536.5904250514948,389.22480241292124,147.3656226385735,141.9396482806921,5.425974357881412
2025-09-07 09:28:00+02:00,539.7529060865087,391.89627887123675,147.85662721527194,142.4019464754671,5.45468073980483
2025-09-07 09:29:00+02:00,542.9049719082598,394.5601597420104,148.3448121662493,142.86153200847627,5.483280157773028
2025-09-07 09:30:00+02:00,546.0465069275712,397.21632178147865,148.8301851460925,143.31841334743692,5.511771798655585
2025-09-07 09:31:00+02:00,549.1773965584148,399.86464291733085,149.312753641084,143.77259878538635,5.540154855697642
2025-09-07 09:32:00+02:00,552.2975272285173,402.5050022535695,149.79252497494787,144.22409644629417,5.568428528653691
2025-09-07 09:33:00+02:00,555.4067863616589,405.13728005151887,150.26950631014,144.6729142864746,5.596592023665398
2025-09-07 09:34:00+02:00,558.5050623595946,407.7613577105643,150.74370464903032,145.1190600958963,5.624644553134029
2025-09-07 09:35:00+02:00,561.5922446142956,410.37711777463863,151.21512683965702,145.56254150378732,5.652585335869708
2025-09-07 09:36:00+02:00,564.6682255198644,412.9844456341648,151.68377988569966,146.003366270377,5.680413615322654
2025-09-07 09:37:00+02:00,567.7328922480192,415.5832225501366,152.14966969788264,146.44154111266076,5.7081285852219
2025-09-07 09:38:00+02:00,570.7861390843381,418.17333610715144,152.61280297718665,146.87707347597248,5.735729501214167
2025-09-07 09:39:00+02:00,573.8278591879858,420.7546732256809,153.07318596230493,147.3099703559631,5.763215606341834
2025-09-07 09:40:00+02:00,576.8579466478383,423.32712190101705,153.53082474682125,147.7402385971387,5.790586149682547
2025-09-07 09:41:00+02:00,579.8762964437592,425.89057116689395,153.9857252768653,148.16788489083353,5.817840386031762
2025-09-07 09:42:00+02:00,582.8828044600984,428.4449111034907,154.4378933566077,148.59291578054845,5.8449775760592555
2025-09-07 09:43:00+02:00,585.8773674694783,430.9900328202703,154.8873346492079,149.01533766301506,5.871996986192851
2025-09-07 09:44:00+02:00,588.859883118572,433.52582844055917,155.33405467801285,149.43515678948933,5.898897888523521
2025-09-07 09:45:00+02:00,591.8302499411059,436.05219110932427,155.77805883178166,149.8523792708277,5.925679560953956
2025-09-07 09:46:00+02:00,594.7883673146331,438.56901495319283,156.21935236144026,150.26701107460318,5.952341286837077
2025-09-07 09:47:00+02:00,597.7341374468284,441.07619676811237,156.65794067871602,150.67905830581248,5.97888237290354
2025-09-07 09:48:00+02:00,600.6674574661639,443.5736292839231,157.0938281822408,151.08852610421002,6.005302078030768
2025-09-07 09:49:00+02:00,603.5882312625363,446.0612112390159,157.5270200235204,151.49542030356068,6.0315997199597415
2025-09-07 09:50:00+02:00,606.4963615890192,448.53884065558407,157.95752093343518,151.89974632928474,6.057774604150441
2025-09-07 09:51:00+02:00,609.3917520023059,451.0064164878803,158.38533551442558,152.30150947312546,6.083826041300113
2025-09-07 09:52:00+02:00,612.2743068760105,453.4638386306146,158.8104682453959,152.7007148979067,6.109753347489201
2025-09-07 09:53:00+02:00,615.1439313875123,455.9110079048678,159.2329234826446,153.0973676385547,6.135555844089916
2025-09-07 09:54:00+02:00,618.000531505295,458.34782604446275,159.65270546083232,153.49147260315303,6.161232857679285
2025-09-07 09:55:00+02:00,620.844014003149,460.7741957052965,160.0698182978525,153.88303457765892,6.186783720193582
2025-09-07 09:56:00+02:00,623.6742864213776,463.19002042950456,160.48426599187306,154.27205822326727,6.212207768605787
2025-09-07 09:57:00+02:00,626.4912570802417,465.5952046542233,160.89605242601831,154.65854808094875,6.2375043450695795
2025-09-07 09:58:00+02:00,629.2948350686885,467.9896536993164,161.30518136937204,155.0425085725272,6.262672796844851
2025-09-07 09:59:00+02:00,632.0849320990455,470.37327534948116,161.71165674956433,155.42394425659984,6.287712492964492
2025-09-07 10:00:00+02:00,634.8614550457446,472.74597347692867,162.11548156881594,155.80285881151522,6.312622757300713
2025-09-07 10:01:00+02:00,637.624317134639,475.1076575980663,162.5166595365727,156.17925656756404,6.337402969008644
2025-09-07 10:02:00+02:00,640.3734304641724,477.4582364821673,162.9151939820051,156.55314148658056,6.362052495424545
2025-09-07 10:03:00+02:00,643.1087078694511,479.7976197411814,163.31108812826977,156.92451741945032,6.386570708819461
2025-09-07 10:04:00+02:00,645.8300629119578,482.12571781851483,163.70434509344307,157.2933881071123,6.410956986330788
2025-09-07 10:05:00+02:00,648.5374098938686,484.44244199889346,164.0949678949751,157.65975718486337,6.4352107101117415
2025-09-07 10:06:00+02:00,651.2306638214825,486.747704374721,164.4829594467615,158.02362817973813,6.45933126702336
2025-09-07 10:07:00+02:00,653.9097404211673,489.0414178574058,164.8683225637615,158.38500451496037,6.483318048801133
2025-09-07 10:08:00+02:00,656.5745561279675,491.3234961653247,165.25105996264278,158.74388951067192,6.507170451970873
2025-09-07 10:09:00+02:00,659.225028075936,493.5938538132938,165.63117426264233,159.100286384859,6.530887877783324
2025-09-07 10:10:00+02:00,661.8610758758192,495.8524076336454,166.00866824217383,159.4541984940385,6.554469748135329
2025-09-07 10:11:00+02:00,664.4826145187749,498.0990706936105,166.38354382516434,159.80562838305565,6.577915442108695
2025-09-07 10:12:00+02:00,667.0895649982394,500.3337613939432,166.7558036042962,160.1545792132828,6.601224391013412
2025-09-07 10:13:00+02:00,669.6818472192515,502.5563973918957,167.1254498273558,160.50105381238805,6.624396014967753
2025-09-07 10:14:00+02:00,672.25938176222,504.76689711012284,167.49248465209712,160.84505491339846,6.6474297386986665
2025-09-07 10:15:00+02:00,674.8220898967027,506.96517974643183,167.85691015027083,161.18658515859053,6.670324991680316
2025-09-07 10:16:00+02:00,677.3698935493546,509.15116524426173,168.21872830509295,161.5256470972252,6.693081207867739
2025-09-07 10:17:00+02:00,679.9027153178862,511.324774302637,168.57794101524914,161.86224318941316,6.715697825835988
2025-09-07 10:18:00+02:00,682.4204784628207,513.4859283671207,168.9345500957001,162.1963758069751,6.738174288725005
2025-09-07 10:19:00+02:00,684.9231069029807,515.6345496239805,169.28855727900017,162.5280472347859,6.760510044214275
2025-09-07 10:20:00+02:00,687.4105252072616,517.7705609911999,169.63996421606168,162.85725967159547,6.782704544466218
2025-09-07 10:21:00+02:00,689.8826602618387,519.8938875486881,169.98877271315058,163.1840154521384,6.804757261012195
2025-09-07 10:22:00+02:00,692.3394346174639,522.0044508220734,170.33498379539054,163.50831616996592,6.826667625424628
2025-09-07 10:23:00+02:00,694.7807764514264,524.102177337227,170.67859911419941,163.83016399600058,6.84843511819883
2025-09-07 10:24:00+02:00,697.2066129181437,526.186992907517,171.0196200106267,164.14956080117847,6.870059209448241
2025-09-07 10:25:00+02:00,699.6168718033468,528.2588240526317,171.35804775071512,164.46650837704064,6.891539373674469
2025-09-07 10:26:00+02:00,702.0114815395301,530.3175980100815,171.69388352944858,164.78100843952706,6.912875089921537
2025-09-07 10:27:00+02:00,704.3903711749159,532.3632427067553,172.02712846816067,165.09306262665035,6.934065841510307
2025-09-07 10:28:00+02:00,706.7534703890984,534.3956867706319,172.35778361846658,165.40267250227282,6.9551111161937715
2025-09-07 10:29:00+02:00,709.1007094845395,536.4148595217448,172.68584996279475,165.70983955670312,6.97601040609162
2025-09-07 10:30:00+02:00,711.4320193797602,538.4206909646318,173.01132841512836,166.01456520748454,6.996763207643835
2025-09-07 10:31:00+02:00,713.7473316235505,540.4131117988836,173.33421982466692,166.31685080291786,7.017369021749063
2025-09-07 10:32:00+02:00,716.0465799024598,542.3920547150943,173.65452518736552,166.61669782017725,7.037827367188277
2025-09-07 10:33:00+02:00,718.3296938988361,544.3574491066524,173.97224479218366,166.91410706619422,7.05813772598945
2025-09-07 10:34:00+02:00,720.5966085348546,546.3092290243906,174.28737951046398,167.209079884773,7.078299625690999
2025-09-07 10:35:00+02:00,722.8472577872888,548.2473278516354,174.59992993565334,167.50161735133938,7.098312584313947
2025-09-07 10:36:00+02:00,725.0815762493864,550.1716796468156,174.90989660257083,167.79172047829766,7.11817612427315
2025-09-07 10:37:00+02:00,727.2994991026317,552.0822191175795,175.21727998505213,168.0793902129173,7.137889772134838
2025-09-07 10:38:00+02:00,729.5009621315035,553.9788816319615,175.52208049954203,168.36462744078256,7.157453058759481
2025-09-07 10:39:00+02:00,731.6859017166393,555.8616032109663,175.82429850567289,168.64743298642267,7.176865519250207
2025-09-07 10:40:00+02:00,733.8542548288094,557.7303205218686,176.12393430694084,168.9278076140309,7.196126692909938
2025-09-07 10:41:00+02:00,736.0059590423255,559.5849708882727,176.42098815405282,169.2057520306842,7.215236123368619
2025-09-07 10:42:00+02:00,738.140952509089,561.4254922662744,176.7154602428145,169.48126688445134,7.23419335836313
2025-09-07 10:43:00+02:00,740.2591739724312,563.2518232549251,177.00735071750609,169.75435276763744,7.252997949868649
2025-09-07 10:44:00+02:00,742.3605641646695,565.0639043000242,177.29665986464536,170.02501039813433,7.27164946651103
2025-09-07 10:45:00+02:00,744.4450601753811,566.8616728361319,177.58338733924919,170.29323989565933,7.290147443589872
2025-09-07 10:46:00+02:00,746.512603920857,568.6450705885911,177.86753333226594,170.559041874003,7.308491458262947
2025-09-07 10:47:00+02:00,748.5631364701214,570.4140386794751,178.1490977906464,170.82241671145871,7.3266810791876935
2025-09-07 10:48:00+02:00,750.5965994739452,572.1685188583939,178.42808061555127,171.08336473633582,7.344715879215432
2025-09-07 10:49:00+02:00,752.6129351589154,573.9084534960066,178.7044816629089,171.34188622756352,7.362595435345375
2025-09-07 10:50:00+02:00,754.6120863222476,575.6337855781888,178.97830074405874,171.59798141537215,7.380319328686598
2025-09-07 10:51:00+02:00,756.5939963449041,577.3444587160127,179.24953762889137,171.8516504843101,7.397887144581271
2025-09-07 10:52:00+02:00,758.5586091675198,579.0404171236398,179.5181920438799,172.1028935714825,7.415298472397412
2025-09-07 10:53:00+02:00,760.5058693039458,580.7216056286939,179.78426367525194,172.35171076959566,7.432552905656285
2025-09-07 10:54:00+02:00,762.4357218358531,582.3879696663009,180.04775216955215,172.59810212756176,7.449650041990409
2025-09-07 10:55:00+02:00,764.348113684284,584.0394563759403,180.30865730834373,172.84206781393192,7.466589494411817
2025-09-07 10:56:00+02:00,766.2429885047172,585.6760101915595,180.56697831315773,173.08360746705503,7.483370846102688
2025-09-07 10:57:00+02:00,768.1202943585009,587.2975794651425,180.82271489335844,173.3227211749873,7.499993718371141
2025-09-07 10:58:00+02:00,769.9799785848566,588.9041120372005,181.075866547656,173.55940882242194,7.516457725234061
2025-09-07 10:59:00+02:00,771.8219890835489,590.4955563431369,181.32643274041212,173.79367025562973,7.532762484782379
2025-09-07 11:00:00+02:00,773.6462743112486,592.0718614088818,181.5744129023668,174.0255052832094,7.54890761915738
2025-09-07 11:01:00+02:00,775.4527832931666,593.6329768597259,181.81980643344073,174.2549136787845,7.5648927546562215
2025-09-07 11:02:00+02:00,777.2414656017759,595.178852900731,182.06261270104477,174.4818951794957,7.580717521549066
2025-09-07 11:03:00+02:00,779.0122713693936,596.70944032641,182.30283104298363,174.70644948878822,7.596381554195408
2025-09-07 11:04:00+02:00,780.7651512832665,598.2246905152933,182.54046076797323,174.92857627696984,7.6118844910033845
2025-09-07 11:05:00+02:00,782.5000565820524,599.7245554257249,182.77550115632738,175.14827518192192,7.627225974405474
2025-09-07 11:06:00+02:00,784.2169402123166,601.2089885946635,183.00795161765302,175.36554595656844,7.642405661084579
2025-09-07 11:07:00+02:00,785.9157522155672,602.6779411480259,183.23781106754137,175.58038788634533,7.657423181196047
2025-09-07 11:08:00+02:00,787.596446647395,604.1313677819014,183.46507886549364,175.79280066595004,7.672278199543591
2025-09-07 11:09:00+02:00,789.2589769570756,605.5692227666923,183.68975419038327,176.00278381564894,7.686970374734336
2025-09-07 11:10:00+02:00,790.9032971400509,606.991460942385,183.91183619766593,176.21033682829702,7.701499369368906
2025-09-07 11:11:00+02:00,792.5293617498692,608.3980377277778,184.13132402209138,176.4154591719391,7.715864850152277
2025-09-07 11:12:00+02:00,794.1371258790302,609.7889091028184,184.3482167762119,176.6181502884845,7.730066487727418
2025-09-07 11:13:00+02:00,795.7265451699523,611.1640316170008,184.56251355295154,176.81840959617853,7.744103956773026
2025-09-07 11:14:00+02:00,797.2975758119832,612.5233623857151,184.77421342626803,177.01623649028505,7.757976935982973
2025-09-07 11:15:00+02:00,798.8501745372334,613.8668590855726,184.98331545166081,177.21163034363107,7.771685108029744
2025-09-07 11:16:00+02:00,800.3842986317528,615.1944799630281,185.18981866872468,177.40459050905784,7.785228159666841
2025-09-07 11:17:00+02:00,801.899906927588,616.5061846919655,185.39372223562245,177.595116445136,7.798605790486435
2025-09-07 11:18:00+02:00,803.3969557606551,617.8019308742729,185.59502488638225,177.78320720913823,7.811817677244021
2025-09-07 11:19:00+02:00,804.8754050656173,619.0816793137267,185.79372575189066,177.96886222423208,7.824863527658569
2025-09-07 11:20:00+02:00,806.3352142944916,620.3453904827467,185.98982381174494,178.15208076735806,7.837743044386888
2025-09-07 11:21:00+02:00,807.7763434502524,621.5930254159146,186.1833180343379,178.33286210018548,7.850455934152416
2025-09-07 11:22:00+02:00,809.1987530688668,622.824545693422,186.37420737544483,178.51120546786143,7.863001907583399
2025-09-07 11:23:00+02:00,810.6024042307411,624.0399134500075,186.56249078073358,178.68711010141388,7.875380679319711
2025-09-07 11:24:00+02:00,811.9872585570057,625.239091370766,186.7481671862397,178.86057521826046,7.887591967979244
2025-09-07 11:25:00+02:00,813.3532782067743,626.4220426878162,186.9312355189582,179.03160002282226,7.89963549613593
2025-09-07 11:26:00+02:00,814.7004258868534,627.5887311877607,187.1116946990927,179.20018370868624,7.911510990406466
2025-09-07 11:27:00+02:00,816.0286648360025,628.7391211971144,187.28954363888803,179.36632545757593,7.923218181312103
2025-09-07 11:28:00+02:00,817.3379588348539,629.873177589967,187.46478124488695,179.5300244415195,7.934756803367451
2025-09-07 11:29:00+02:00,818.6282730619985,630.9908665286431,187.63740653335532,179.6912799307306,7.9461266026247195
2025-09-07 11:30:00+02:00,819.8995706426007,632.0921524731024,187.80741816949833,179.85009086323697,7.957327306261367
2025-09-07 11:31:00+02:00,821.1518178498841,633.1770026856534,187.97481516423073,180.00645649581284,7.968358668417885
2025-09-07 11:32:00+02:00,822.384980616094,634.2453842078531,188.1395964082409,180.1603759687913,7.9792204394496045
2025-09-07 11:33:00+02:00,823.5990254136503,635.2972646228736,188.3017607907767,180.3118484170832,7.989912373693486
2025-09-07 11:34:00+02:00,824.7939192527582,636.3326120525719,188.46130720018633,180.46087297073774,8.000434229448581
2025-09-07 11:35:00+02:00,825.9696296786669,637.3513951542539,188.6182345244131,180.60744875546257,8.01078576895055
2025-09-07 11:36:00+02:00,827.1261247801576,638.3535831271863,188.77254165297128,180.75157489452462,8.020966758446672
2025-09-07 11:37:00+02:00,828.2633731767762,639.3391457007058,188.9242274760704,180.89325050798433,8.03097696808607
2025-09-07 11:38:00+02:00,829.3813440265568,640.3080531400801,189.07329088647668,181.032474714493,8.040816171983694
2025-09-07 11:39:00+02:00,830.4800070244804,641.2602762443697,189.2197307801107,181.1692466319,8.050484148210693
2025-09-07 11:40:00+02:00,831.5593331190092,642.1957869666962,189.363546152313,181.30356546721745,8.059980685095558
2025-09-07 11:41:00+02:00,832.6192916303991,643.1145559157117,189.50473571468743,181.43543015881454,8.0693055558729
2025-09-07 11:42:00+02:00,833.6598545926353,644.0165561182099,189.6432984744254,181.5648399175422,8.078458556883183
2025-09-07 11:43:00+02:00,834.6809938455124,644.9017604979406,189.77923334757182,181.6917938655845,8.087439481987344
2025-09-07 11:44:00+02:00,835.6826817650729,645.7701425079518,189.912539257121,181.8162911281258,8.096248128995201
2025-09-07 11:45:00+02:00,836.6648912611154,646.6216761276827,190.04321513343265,181.9383308337925,8.10488429964017
2025-09-07 11:46:00+02:00,837.6275957849532,647.4563358689624,190.1712599159908,182.0579121163408,8.11334779965
2025-09-07 11:47:00+02:00,838.5707693180913,648.2740967654727,190.29667255261856,182.17503411397337,8.121638438645187
2025-09-07 11:48:00+02:00,839.4943863795881,649.0749343784233,190.41945200116479,182.28969597096113,8.12975603020365
2025-09-07 11:49:00+02:00,840.3984220241507,649.8588247942048,190.53959722994588,182.4018968381025,8.137700391843397
2025-09-07 11:50:00+02:00,841.2828518403808,650.6257446221845,190.65710721819633,182.5116358731903,8.145471345006037
2025-09-07 11:51:00+02:00,842.1476525308728,651.3756714970895,190.77198103378342,182.61891231362998,8.153068720153446
2025-09-07 11:52:00+02:00,842.9927995955857,652.1085820694221,190.88421752616355,182.7237251897488,8.160492336414755
2025-09-07 11:53:00+02:00,843.818270818027,652.8244550279222,190.9938157901048,182.82607375789226,8.167742032212532
2025-09-07 11:54:00+02:00,844.624043930763,653.5232690745589,191.10077485620417,182.92595721145142,8.17481764475274
2025-09-07 11:55:00+02:00,845.4100972005114,654.2050034312745,191.2050937692369,183.02337475407217,8.181719015164717
2025-09-07 11:56:00+02:00,846.1764094338606,654.8696378443369,191.3067715895237,183.11832560097355,8.188445988550134
2025-09-07 11:57:00+02:00,846.9229599686826,655.5171525763,191.40580739238257,183.21080897847477,8.194998413907797
2025-09-07 11:58:00+02:00,847.6497286796812,656.14752841023,191.50220026945112,183.3008241252716,8.201376144179548
2025-09-07 11:59:00+02:00,848.3566959774178,656.7607466482999,191.5959493291178,183.38837029287401,8.207579036243779
2025-09-07 12:00:00+02:00,849.0438428067193,657.3567891098497,191.68705369686955,183.47344674597102,8.213606950898532
2025-09-07 12:01:00+02:00,849.7111506518867,657.9356381353653,191.77551251652142,183.5560527636144,8.21945975290703
2025-09-07 12:02:00+02:00,850.3586019566598,658.4972769502605,191.8613250063993,183.6361876917196,8.225137314679712
2025-09-07 12:03:00+02:00,850.9861784058537,659.0416881737385,191.94449023211516,183.71385073091065,8.230639501204518
2025-09-07 12:04:00+02:00,851.5938635294158,659.5688560772171,192.02500745219874,183.78904125931567,8.235966192883076
2025-09-07 12:05:00+02:00,852.1816409511013,660.0787650646414,192.10287588645988,183.8617586162901,8.241117270169793
2025-09-07 12:06:00+02:00,852.7494948338373,660.5714000583473,192.17809477548994,183.93200215801207,8.246092617477867
2025-09-07 12:07:00+02:00,853.2974098731421,661.0467464928963,192.2506633802458,183.99977125712556,8.250892123120256
2025-09-07 12:08:00+02:00,853.8253713017089,661.5047903186102,192.32058098309867,184.0650653037487,8.255515679349958
2025-09-07 12:09:00+02:00,854.3333648881758,661.9455180000751,192.38784688810068,184.12788370575336,8.259963182347315
2025-09-07 12:10:00+02:00,854.8213769364747,662.3689165151679,192.4524604213068,184.18822588909202,8.264234532214763
2025-09-07 12:11:00+02:00,855.2893942892589,662.7749733576267,192.5144209316322,184.24609129862756,8.268329633004651
2025-09-07 12:12:00+02:00,855.7374043227709,663.1636765322206,192.5737277905503,184.301479397875,8.272248392675301
2025-09-07 12:13:00+02:00,856.1653949502908,663.5350145573686,192.63038039292215,184.3543896698035,8.275990723118634
2025-09-07 12:14:00+02:00,856.5733548882738,663.8889766957026,192.68437819257116,184.4048216500849,8.279556542486269
2025-09-07 12:15:00+02:00,856.9612725748977,664.225552015416,192.73572055948173,184.45277479374414,8.282945765737582
2025-09-07 12:16:00+02:00,857.3291378142583,664.5447308165094,192.7844069977489,184.49824867873954,8.286158319009353
2025-09-07 12:17:00+02:00,857.676940664451,664.8465036657427,192.83043699870825,184.54124286881233,8.289194129895913
2025-09-07 12:18:00+02:00,858.0046717207802,665.1308616420641,192.87381007871605,184.581756948792,8.292053129924046
2025-09-07 12:19:00+02:00,858.3123221152048,665.3977963358566,192.91452577934825,184.61979052479964,8.294735254548614
2025-09-07 12:20:00+02:00,858.5998835155884,665.6472998480215,192.95258366756696,184.65534322442363,8.297240443143309
2025-09-07 12:21:00+02:00,858.8673481281802,665.8793647918923,192.98798333628795,184.6884146972636,8.29956863902435
2025-09-07 12:22:00+02:00,859.114708694233,666.0939842900679,193.0207244041651,184.71900461474627,8.301719789418838
2025-09-07 12:23:00+02:00,859.3419584922586,666.2911519761572,193.05080651610152,184.74711267061727,8.303693845484235
2025-09-07 12:24:00+02:00,859.5490913375312,666.4708619941506,193.07822934338057,184.77273858107682,8.305490762303744
2025-09-07 12:25:00+02:00,859.7361017005184,666.633109100989,193.10299259952936,184.79588209961804,8.307110499911312
2025-09-07 12:26:00+02:00,859.9029842199775,666.7778882439674,193.12509597601013,184.81654295693548,8.308553019074647
2025-09-07 12:27:00+02:00,860.0497344534936,666.9051952117455,193.14453924174808,184.83472095395132,8.309818287796755
2025-09-07 12:28:00+02:00,860.1763483637797,667.0150261885317,193.1613221752479,184.85041589838366,8.31090627686423
2025-09-07 12:29:00+02:00,860.28282245038,667.1073778682312,193.1754445821488,184.8636276211611,8.311816960987697
2025-09-07 12:30:00+02:00,860.369153749639,667.1822474543181,193.1869062953209,184.8743559765188,8.312550318802103
2025-09-07 12:31:00+02:00,860.4353398354094,667.2396326603706,193.19570717503876,184.88260084216532,8.313106332873435
2025-09-07 12:32:00+02:00,860.4813788179487,667.2795317090389,193.20184710890976,184.88836211922205,8.313484989687714
2025-09-07 12:33:00+02:00,860.5072693446789,667.3019433326575,193.20532601202135,184.89163973236333,8.31368627965802
2025-09-07 12:34:00+02:00,860.5130105999456,667.306866772997,193.20614382694865,184.89243362982697,8.31371019712167
2025-09-07 12:35:00+02:00,860.4986023052948,667.2943017814916,193.20430052380308,184.89074378345816,8.31355674034492
2025-09-07 12:36:00+02:00,860.464044689077,667.2642485928081,193.19979609626887,184.8865701850347,8.313225911234163
2025-09-07 12:37:00+02:00,860.4093385931011,667.2167080175926,193.1926305755085,184.87991285915905,8.312717716349445
2025-09-07 12:38:00+02:00,860.3344853332715,667.1516813212999,193.18280401197157,184.8707718464036,8.312032165567944
2025-09-07 12:39:00+02:00,860.2394867789976,667.0691702933252,193.17031648567237,184.8591472128154,8.31116927285697
2025-09-07 12:40:00+02:00,860.1243453368053,666.9691772327999,193.1551681040054,184.84503904789537,8.310129056110032
2025-09-07 12:41:00+02:00,859.9890639495435,666.8517049479826,193.13735900156087,184.82844746441978,8.308911537141089
2025-09-07 12:42:00+02:00,859.8336460976811,666.7167567574834,193.11688934019776,184.80937259850083,8.30751674169692
2025-09-07 12:43:00+02:00,859.6580957983235,666.5643364895158,193.09375930880773,184.7878146093608,8.305944699446929
2025-09-07 12:44:00+02:00,859.4624176054917,666.394448482272,193.06796912321974,184.76377367923254,8.304195443987203
2025-09-07 12:45:00+02:00,859.2466166105116,666.2070975844022,193.03951902610945,184.73725001326514,8.302269012844318
2025-09-07 12:46:00+02:00,859.0106984402977,666.0022891536847,193.008409286613,184.70824383915306,8.300165447459923
2025-09-07 12:47:00+02:00,858.7546690813342,665.7800289044033,192.97464017693102,184.6767553853066,8.297884791624421
2025-09-07 12:48:00+02:00,858.4785355783068,665.5403235140192,192.93821206428763,184.64278496658838,8.295427097699239
2025-09-07 12:49:00+02:00,858.1823050042684,665.2831797293743,192.8991252748941,184.60633285745087,8.29279241744323
2025-09-07 12:50:00+02:00,857.8659851345556,665.0086049519514,192.8573801826042,184.56739937458548,8.289980808018738
2025-09-07 12:51:00+02:00,857.5295842793498,664.7166070927568,192.81297718659295,184.52598485609377,8.286992330499164
2025-09-07 12:52:00+02:00,857.17311128717,664.4071945756077,192.76591671156223,184.48208966166146,8.283827049900777
2025-09-07 12:53:00+02:00,856.7965755425616,664.0803763353991,192.7161992071625,184.43571417199902,8.280485035163494
2025-09-07 12:54:00+02:00,856.3999869665334,663.7361618187665,192.66382514776697,184.3868587886128,8.27696635915416
2025-09-07 12:55:00+02:00,855.9833560166029,663.3745609844319,192.608795032171,184.33552393350192,8.273271098669095
2025-09-07 12:56:00+02:00,855.5466936874901,662.9955843041209,192.5511093833692,184.2817100489296,8.269399334439612
2025-09-07 12:57:00+02:00,855.0900115078493,662.5992427600612,192.49076874778808,184.22541759668331,8.265351151104756
2025-09-07 12:58:00+02:00,854.6133215450477,662.1855478494778,192.4277736955699,184.16664705831602,8.261126637253874
2025-09-07 12:59:00+02:00,854.1166360621686,661.7545112873,192.3621247748686,184.10539889247946,8.256725882389143
2025-09-07 13:00:00+02:00,853.5999688644044,661.3061461749664,192.29382268943795,184.04167370058326,8.252148988854687
2025-09-07 13:01:00+02:00,853.0633333016033,660.8404652673767,192.22286803422662,183.97547198008724,8.247396054139385
2025-09-07 13:02:00+02:00,852.506743583103,660.3574821143561,192.14926146874686,183.90679428621797,8.242467182528872
2025-09-07 13:03:00+02:00,851.9302144572384,659.8572107829415,192.07300367429698,183.83564119203177,8.237362482265222
2025-09-07 13:04:00+02:00,851.3337612074167,659.3396658544164,191.99409535300043,183.76201328748584,8.232082065514582
2025-09-07 13:05:00+02:00,850.7173996529352,658.8048624254685,191.91253722746674,183.68591117909392,8.226626048372822
2025-09-07 13:06:00+02:00,850.0811461502868,658.2528161097958,191.828330040491,183.60733548960968,8.220994550881322
2025-09-07 13:07:00+02:00,849.425017588226,657.6835430343021,191.74147455392375,183.52628685694242,8.215187696981324
2025-09-07 13:08:00+02:00,848.7490313948756,657.0970598457609,191.65197154911465,183.44276593453563,8.209205614579027
2025-09-07 13:09:00+02:00,848.0532055329968,656.4933837072209,191.55982182577586,183.35677339027123,8.203048435504614
2025-09-07 13:10:00+02:00,847.3375580145455,655.8725318773942,191.4650261371513,183.26830984593423,8.196716291217086
2025-09-07 13:11:00+02:00,846.6021088349416,655.2345233892346,191.36758544570702,183.1773761157867,8.190209329920313
2025-09-07 13:12:00+02:00,845.8468770881441,654.5793765477057,191.26750054043842,183.0839728494002,8.183527691038215
2025-09-07 13:13:00+02:00,845.0718828810905,653.9071105912055,191.16477228988495,182.98810076773154,8.176671522153402
2025-09-07 13:14:00+02:00,844.2771468550657,653.2177452769126,191.059401578153,182.88976060337768,8.169640974775332
2025-09-07 13:15:00+02:00,843.4626901869378,652.5113008824421,190.95138930449565,182.78895310014715,8.162436204348504
2025-09-07 13:16:00+02:00,842.6285345908473,651.7877982079251,190.84073638292216,182.68567901264913,8.155057370273036
2025-09-07 13:17:00+02:00,841.7747023118472,651.0472585711012,190.72744374074605,182.5799391049016,8.147504635844456
2025-09-07 13:18:00+02:00,840.9012161352695,650.2897038160767,190.61151231919277,182.47173415085305,8.139778168339728
2025-09-07 13:19:00+02:00,840.0080993805839,649.5151563086449,190.4929430719389,182.36106493297444,8.131878138964463
2025-09-07 13:20:00+02:00,839.0953759028952,648.7236389382339,190.37173696466127,182.24793224179732,8.123804722863948
2025-09-07 13:21:00+02:00,838.1630694630434,647.9151745723675,190.24789489067584,182.13233679711982,8.115558093556018
2025-09-07 13:22:00+02:00,837.2112062344787,647.0897882311934,190.12141800328524,182.01427955818335,8.107138445101894
2025-09-07 13:23:00+02:00,836.2398110626194,646.2475038444226,189.99230721819686,181.89376125917394,8.09854595902292
2025-09-07 13:24:00+02:00,835.2489099456029,645.3883464032782,189.86056354232466,181.7707827160831,8.089780826241572
2025-09-07 13:25:00+02:00,834.2385294174601,644.512341426315,189.7261879911452,181.64534474951753,8.080843241627647
2025-09-07 13:26:00+02:00,833.2086965501176,643.6195149618843,189.58918158823326,181.51744818421682,8.071733404016436
2025-09-07 13:27:00+02:00,832.1594389457827,642.7098935822725,189.44954536351017,181.38709384736978,8.062451516140394
2025-09-07 13:28:00+02:00,831.0907847485262,641.783504394498,189.30728035402822,181.25428256929513,8.05299778473309
2025-09-07 13:29:00+02:00,830.0027626367723,640.8403750345652,189.16238760220705,181.11901518174386,8.043372420463175
2025-09-07 13:30:00+02:00,828.8954018253091,639.8805336699862,189.01486815532286,180.98129251737018,8.033575637952676
2025-09-07 13:31:00+02:00,827.768732067535,638.9040090025107,188.8647230650242,180.84111540922905,8.023607655795168
2025-09-07 13:32:00+02:00,826.6227828722847,637.9108295901855,188.71195328209927,180.69848459246958,8.01346868962969
2025-09-07 13:33:00+02:00,825.4575866032833,636.9010265343792,188.5565600689041,180.55340108934342,8.003158979560668
2025-09-07 13:34:00+02:00,824.2731738602545,635.874629477472,188.3985443827824,180.4058656334886,7.992678749293826
2025-09-07 13:35:00+02:00,823.0695765420686,634.8316692585182,188.23790728355038,180.25587905031298,7.982028233237408
2025-09-07 13:36:00+02:00,821.8468270872702,633.7721772558434,188.07464983142674,180.10344216164583,7.971207669780919
2025-09-07 13:37:00+02:00,820.6049584651421,632.6961853801631,187.90877308497898,179.94855578376024,7.9602173012187425
2025-09-07 13:38:00+02:00,819.3440041896234,631.6037260875006,187.74027810212286,179.7912207282538,7.949057373869078
2025-09-07 13:39:00+02:00,818.0639983104502,630.494832372396,187.5691659380542,179.63143780005436,7.937728137999848
2025-09-07 13:40:00+02:00,816.7649754157568,629.3695377710395,187.39543764471725,179.46920779687093,7.926229847846309
2025-09-07 13:41:00+02:00,815.4469706347654,628.2278763645072,187.21909427025818,179.3045315086196,7.914562761638587
2025-09-07 13:42:00+02:00,814.1100196283114,627.0698827714584,187.04013685685297,179.13740971533832,7.902727141514649
2025-09-07 13:43:00+02:00,812.7541586013203,625.895592159865,186.8585664414553,178.9678431878247,7.890723253630608
2025-09-07 13:44:00+02:00,811.3794233752898,624.7050394447189,186.6743839305709,178.79583257062234,7.878551359948572
2025-09-07 13:45:00+02:00,809.9858530761923,623.4982624827202,186.48759059347205,178.62137884258607,7.866211750885986
2025-09-07 13:46:00+02:00,808.57348461624,622.275297294311,186.298187321929,178.4444826254702,7.853704696458803
2025-09-07 13:47:00+02:00,807.1423563561061,621.0361812362653,186.1061751198408,178.26514464113563,7.84103047870517
2025-09-07 13:48:00+02:00,805.692507205637,619.7809522238223,185.9115549818147,178.08336559809499,7.82818938371971
2025-09-07 13:49:00+02:00,804.2239766137565,618.5096487229329,185.71432789082357,177.89914618925766,7.815181701565907
2025-09-07 13:50:00+02:00,802.7368045717039,617.2223097540482,185.51449481765573,177.71248709135656,7.802007726299173
2025-09-07 13:51:00+02:00,801.231031616196,615.9189748958686,185.3120567203274,177.52338896432948,7.788667755997916
2025-09-07 13:52:00+02:00,799.7066988188672,614.599684277211,185.1070145416561,177.3318524489913,7.775162092664809
2025-09-07 13:53:00+02:00,798.1638478035503,613.2644785929942,184.8993692105561,177.1378781681763,7.761491042379828
2025-09-07 13:54:00+02:00,796.6025207357861,611.9133990961896,184.6891216395966,176.94146672439297,7.74765491520363
2025-09-07 13:55:00+02:00,795.0227592606271,610.5464866798288,184.47627258079834,176.74261856503557,7.733654015762764
2025-09-07 13:56:00+02:00,793.4246087561307,609.1637855583785,184.26082319775216,176.5413345168082,7.719488680943955
2025-09-07 13:57:00+02:00,791.8081119658784,607.7653377592445,184.04277420663394,176.33761498317324,7.705159223460686
2025-09-07 13:58:00+02:00,790.1733132426613,606.3511867958418,183.82212644681945,176.13146047736097,7.690665969458477
2025-09-07 13:59:00+02:00,788.5202574841785,604.9213767477394,183.59888073643913,175.92287148735855,7.676009249080588
2025-09-07 14:00:00+02:00,786.8489901367585,603.4759522649767,183.37303787178175,175.7118484752835,7.661189396498251
2025-09-07 14:01:00+02:00,785.1595571993541,602.0149585726278,183.14459862672624,175.49839187678376,7.646206749942468
2025-09-07 14:02:00+02:00,783.4520052117073,600.5384414616875,182.91356375001976,175.28250209842233,7.631061651597444
2025-09-07 14:03:00+02:00,781.7263812741905,599.0464473073558,182.67993396683468,175.0641795190639,7.6157544477707635
2025-09-07 14:04:00+02:00,779.9827330360832,597.5390230600449,182.44370997603838,174.84342448725045,7.600285488787931
2025-09-07 14:05:00+02:00,778.2211086996855,596.016216250086,182.20489244959944,174.6202373205751,7.584655129024353
2025-09-07 14:06:00+02:00,776.4415558253494,594.4780739560863,181.96348186926306,174.394618152967,7.5688637162960415
2025-09-07 14:07:00+02:00,774.6441261044397,592.9246469314697,181.71947917296995,174.16656753875637,7.552911634213575
2025-09-07 14:08:00+02:00,772.8288682203377,591.355983435121,181.4728847852167,173.936085546391,7.536799238825687
2025-09-07 14:09:00+02:00,770.9958325976675,589.7721333376498,181.22369926001767,173.70317235926007,7.520526900757589
2025-09-07 14:10:00+02:00,769.1450702193887,588.1731471001095,180.97192311927913,173.46782812456877,7.504094994710354
2025-09-07 14:11:00+02:00,767.2766326313723,586.5590757791751,180.71755685219716,173.2300529526991,7.48750389949804
2025-09-07 14:12:00+02:00,765.3905719298858,584.9299710175593,180.46060091232653,172.9898469143974,7.470753997929139
2025-09-07 14:13:00+02:00,763.4869407835076,583.2858850641935,180.2010557193141,172.74721004231566,7.453845676998431
2025-09-07 14:14:00+02:00,761.5657924207221,581.6268707647661,179.93892165595608,172.50214232818644,7.436779327769653
2025-09-07 14:15:00+02:00,759.6271806346527,579.9529815670819,179.67419906757087,172.25464372215782,7.419555345413038
2025-09-07 14:16:00+02:00,757.6711597881815,578.2642715267635,179.40688826141798,172.00471413217383,7.402174129244141
2025-09-07 14:17:00+02:00,755.6977834716051,576.5607941498714,179.13698932173367,171.75235325094505,7.384636070788607
2025-09-07 14:18:00+02:00,753.707109830955,574.8426069936319,178.8645028373231,171.49756123619284,7.366941601130261
2025-09-07 14:19:00+02:00,751.699193615021,573.1097648025071,178.58942881251394,171.24033769228816,7.349091120225779
2025-09-07 14:20:00+02:00,749.6740914622345,571.3623240734739,178.3117673887606,170.9806823448786,7.331085043881984
2025-09-07 14:21:00+02:00,747.6318605886831,569.6003419247527,178.0315186639305,170.71859487184122,7.312923792089291
2025-09-07 14:22:00+02:00,745.5725587745653,567.8238760854837,177.7486826890816,170.4540749001869,7.294607788894705
2025-09-07 14:23:00+02:00,743.496244388697,566.0329849182496,177.46325947044753,170.187122007835,7.276137462612513
2025-09-07 14:24:00+02:00,741.4029763751693,564.2277274089538,177.17524896621546,169.91773572051724,7.257513245698233
2025-09-07 14:25:00+02:00,739.2928142590741,562.4081631731659,176.8846510859082,169.64591551111732,7.238735574790875
2025-09-07 14:26:00+02:00,737.1658181522888,560.5743524625317,176.5914656897571,169.37166079899953,7.21980489075756
2025-09-07 14:27:00+02:00,735.0220487396966,558.7263561543292,176.2956925853674,169.09497094680557,7.200721638561829
2025-09-07 14:28:00+02:00,732.8615673048807,556.8642357750742,175.9973315298065,168.81584526232214,7.181486267484356
2025-09-07 14:29:00+02:00,730.6844342510026,554.9880522274196,175.69638202358288,168.53428280564168,7.1620992179412175
2025-09-07 14:30:00+02:00,728.4907149577878,553.0978708388137,175.39284411897407,168.25028314534094,7.142560973633118
2025-09-07 14:31:00+02:00,726.280471028168,551.1937538196282,175.08671720853977,167.96384522495077,7.122871983588983
2025-09-07 14:32:00+02:00,724.0537661028563,549.275765275691,174.77800082716539,167.6749681132343,7.103032713931057
2025-09-07 14:33:00+02:00,721.8106644328693,547.3439699795655,174.4666944533038,167.3836508181479,7.083043635155879
2025-09-07 14:34:00+02:00,719.55123086556,545.3984333600683,174.1527975054916,167.08989228349176,7.062905221999827
2025-09-07 14:35:00+02:00,717.2755308512895,543.4392215095859,173.83630934170367,166.79369138821625,7.042617953487413
2025-09-07 14:36:00+02:00,714.9836304502134,541.4664011915055,173.51722925870789,166.49504694572622,7.0221823129816805
2025-09-07 14:37:00+02:00,712.6755963178978,539.4800398294418,173.19555648845594,166.1939577004112,7.001598788044724
2025-09-07 14:38:00+02:00,710.3514957335099,537.4802055331304,172.87129020037943,165.890422329701,6.98086787067842
2025-09-07 14:39:00+02:00,708.0113965857174,535.4669670879321,172.5444294977853,165.584439440599,6.959990057186303
2025-09-07 14:40:00+02:00,705.6553657943581,533.4403925990077,172.21497319535035,165.27600736127263,6.93896583407772
2025-09-07 14:41:00+02:00,703.2834756484492,531.4005549444859,171.88292070396332,164.96512496934992,6.917795734613397
2025-09-07 14:42:00+02:00,700.8957943116565,529.3475236103066,171.54827070134988,164.65179044727842,6.896480254071467
2025-09-07 14:43:00+02:00,698.4923921612253,527.2813701447192,171.21102201650615,164.3360021102117,6.87501990629444
2025-09-07 14:44:00+02:00,696.0733401986245,525.2021667928054,170.87117340581906,164.01775819632104,6.853415209498028
2025-09-07 14:45:00+02:00,693.638710057615,523.1099865051845,170.5287235524305,163.69705686610388,6.831666686326625
2025-09-07 14:46:00+02:00,691.1885740117822,521.0049029462838,170.1836710654984,163.3738962015883,6.809774863910094
2025-09-07 14:47:00+02:00,688.7230049600499,518.8869904837092,169.8360144763408,163.04827420262276,6.787740273718041
2025-09-07 14:48:00+02:00,686.2420764573378,516.756324216427,169.48575224091084,162.72018878908992,6.765563451820932
2025-09-07 14:49:00+02:00,683.7458627001749,514.6129799642663,169.13288273590865,162.3896377971629,6.743244938745774
2025-09-07 14:50:00+02:00,681.2344385348209,512.4570342767872,168.77740425803373,162.0566189784989,6.720785279534827
2025-09-07 14:51:00+02:00,678.7078777666328,510.2885629843335,168.41931478229932,161.72112977369477,6.698185008604558
2025-09-07 14:52:00+02:00,676.1662599321813,508.10764701197166,168.05861292020964,161.38316820989766,6.67544471031198
2025-09-07 14:53:00+02:00,673.6096601661473,505.9143636845018,167.69529648164547,161.04273155335042,6.652564928295043
2025-09-07 14:54:00+02:00,671.038155953226,503.70879252373453,167.3293634294915,160.6998172036395,6.629546225851998
2025-09-07 14:55:00+02:00,668.4518254481719,501.49101380849413,166.96081163967776,160.35442246878094,6.606389170896816
2025-09-07 14:56:00+02:00,665.850747484887,499.261108584463,166.58963890042403,160.0065445643998,6.583094336024218
2025-09-07 14:57:00+02:00,663.2350015614594,497.0191586534346,166.21584290802477,159.65618060966614,6.5596622983586315
2025-09-07 14:58:00+02:00,660.6046678737972,494.76524660425594,165.8394212695413,159.30332762970428,6.5360936398370235
2025-09-07 14:59:00+02:00,657.9598273010167,492.4994558024357,165.46037149858097,158.94798255152116,6.512388947059814
2025-09-07 15:00:00+02:00,655.3005614150694,490.2218704005649,165.07869101450453,158.59014220314606,6.48854881135846
2025-09-07 15:01:00+02:00,652.6269524905574,487.93257534892257,164.69437714163482,158.2298033127698,6.464573828865018
2025-09-07 15:02:00+02:00,649.9390816827113,485.63165483818534,164.30742684452588,157.86696226037833,6.4404645841475485
2025-09-07 15:03:00+02:00,647.2370362817742,483.3191985113391,163.91783777043503,157.50161605517212,6.4162217152629
2025-09-07 15:04:00+02:00,644.5208988836305,480.9952921956012,163.5256066880293,157.13376087142709,6.391845816602218
2025-09-07 15:05:00+02:00,641.7907546005732,478.66002407784765,163.1307305227256,156.76339301918273,6.36733750354288
2025-09-07 15:06:00+02:00,639.046689274133,476.3134831768894,162.73320609724354,156.39050870084296,6.342697396400586
2025-09-07 15:07:00+02:00,636.288789460545,473.95575933344935,162.3330301270956,156.0151040068194,6.317926120276224
2025-09-07 15:08:00+02:00,633.5171424670153,471.58694324361454,161.93019922340082,155.63717491804022,6.293024305360601
2025-09-07 15:09:00+02:00,630.7318363374156,469.20712644907655,161.52470988833912,155.25671730155588,6.267992586783226
2025-09-07 15:10:00+02:00,627.9329598636496,466.8164013493625,161.11655851428714,154.8737269095964,6.242831604690726
2025-09-07 15:11:00+02:00,625.1206025967998,464.41486121391233,160.70574138288745,154.4881993785614,6.2175420043260585
2025-09-07 15:12:00+02:00,622.2948548329165,462.0026001725373,160.29225466037917,154.10013022450383,6.192124435875353
2025-09-07 15:13:00+02:00,619.4558076509852,459.5797132504752,159.87609440051003,153.709514845725,6.166579554785028
2025-09-07 15:14:00+02:00,616.60355098152,457.1462947235141,159.45725625800597,153.3163482536535,6.140908004352472
2025-09-07 15:15:00+02:00,613.7381812783943,454.7024446654876,159.03573661290676,152.92062612815192,6.115110484754826
2025-09-07 15:16:00+02:00,610.8597900550005,452.24825917057734,158.6115308844232,152.52234323457785,6.089187649845349
2025-09-07 15:17:00+02:00,607.9684715122801,449.783836864531,158.18463464774902,152.12149447197334,6.063140175775684
2025-09-07 15:18:00+02:00,605.064320669542,447.3092773125438,157.75504335699816,151.71807461284683,6.0369687441513165
2025-09-07 15:19:00+02:00,602.1474333511834,444.8246810108256,157.32275234035782,151.31207829847548,6.010674041882342
2025-09-07 15:20:00+02:00,599.2179061994143,442.33014940039396,156.88775679902034,150.90350003774745,5.984256761272879
2025-09-07 15:21:00+02:00,596.2758366879771,439.82578488174573,156.4500518062313,150.49233420611594,5.957717600115348
2025-09-07 15:22:00+02:00,593.321323108113,437.3116908059601,156.0096323021529,150.0785750406158,5.931057261537107
2025-09-07 15:23:00+02:00,590.3544646101606,434.78797151319526,155.5664930969653,149.662216642621,5.904276454344326
2025-09-07 15:24:00+02:00,587.3753611898148,432.25473232413486,155.12062886568003,149.24325297280893,5.877375892871107
2025-09-07 15:25:00+02:00,584.3841116927117,429.712077847338,154.67203384537376,148.82167756645345,5.8503562789203185
2025-09-07 15:26:00+02:00,581.3808218605369,427.16011882132324,154.22070303921367,148.39748466479432,5.823218374419345
2025-09-07 15:27:00+02:00,578.3655922824831,424.598961876226,153.76663040625712,147.97066751370062,5.795962892556509
2025-09-07 15:28:00+02:00,575.3385264538072,422.0287163877913,153.3098100660159,147.54121949548204,5.7685905705338625
2025-09-07 15:29:00+02:00,572.2997287608598,419.4494927676979,152.85023599316185,147.109133841822,5.741102151339851
2025-09-07 15:30:00+02:00,569.2493044969824,416.86140248053266,152.38790201644974,146.6744036325918,5.713498383857947
2025-09-07 15:31:00+02:00,566.1873598781592,414.26455806060454,151.9228018175546,146.23702179457874,5.685780022975884
2025-09-07 15:32:00+02:00,563.1140020302809,411.65907310474364,151.4549289255372,145.7969810960991,5.657947829438095
2025-09-07 15:33:00+02:00,560.0293390343473,409.04506231429235,150.98427672005496,145.35427414983684,5.630002570218119
2025-09-07 15:34:00+02:00,556.9334799142132,406.422641488426,150.51083842578726,144.9088934074125,5.601945018374751
2025-09-07 15:35:00+02:00,553.8265346533311,403.7919275421314,150.03460711119973,144.46083115803137,5.57377595316837
2025-09-07 15:36:00+02:00,550.7086121176019,401.15303675242,149.5555753651819,144.01007922400146,5.545496141180453
2025-09-07 15:37:00+02:00,547.5798284142754,398.5060918361623,149.07373657811308,143.55663016601196,5.517106412101124
2025-09-07 15:38:00+02:00,544.4402943937596,395.85121137605483,148.58908301770475,143.1004754723727,5.488607545332053
2025-09-07 15:39:00+02:00,541.2901239944338,393.1885168881663,148.10160710626752,142.64160676063722,5.460000345630305
2025-09-07 15:40:00+02:00,538.1294321736809,390.51813107458474,147.6113010990962,142.18001547478758,5.431285624308626
2025-09-07 15:41:00+02:00,534.9583349209915,387.84017783868944,147.11815708230205,141.71569288298792,5.402464199314118
2025-09-07 15:42:00+02:00,531.7769492764908,385.15478230507296,146.62216697141784,141.2486300760584,5.373536895359459
2025-09-07 15:43:00+02:00,528.5853933210085,382.4620708155128,146.1233225054957,140.7788179617047,5.344504543791018
2025-09-07 15:44:00+02:00,525.3837862247019,379.76217097444083,145.62161525026113,140.30624726726813,5.315367982992981
2025-09-07 15:45:00+02:00,522.1722482321712,377.05521164088,145.11703659129122,139.8309085330834,5.286128058207815
2025-09-07 15:46:00+02:00,518.9509007057671,374.3413229695455,144.60957773622164,139.35279211432896,5.256785621892675
2025-09-07 15:47:00+02:00,515.7198639411245,371.62063457652454,144.0992293645999,138.87188785083612,5.2273415137637755
2025-09-07 15:48:00+02:00,512.4792658549243,368.8932828586634,143.5859829962609,138.38818635632668,5.197796639934217
2025-09-07 15:49:00+02:00,509.2292290301881,366.1594000898776,143.06982894031052,137.90167708549413,5.168151854816397
2025-09-07 15:50:00+02:00,505.9698793683292,363.4191217124397,142.55075765588953,137.41234961597522,5.138408039914302
2025-09-07 15:51:00+02:00,502.70134394770815,360.67258453831494,142.02875940939322,136.9201933251235,5.108566084269711
2025-09-07 15:52:00+02:00,499.4237510462219,357.91992677324237,141.50382427297959,136.4251973883559,5.078626884623683
2025-09-07 15:53:00+02:00,496.1372301336936,355.16128801554026,140.97594211815334,135.92735077285116,5.0485913453021976
2025-09-07 15:54:00+02:00,492.8419119257933,352.396809306672,140.4451026191213,135.4266422404588,5.018460378662498
2025-09-07 15:55:00+02:00,489.53792837717015,349.6266331308407,139.91129524632947,134.9230603413443,4.988234904985166
2025-09-07 15:56:00+02:00,486.2254127055846,346.85090344071176,139.3745092648728,134.4165934122246,4.957915852648235
2025-09-07 15:57:00+02:00,482.90449941680305,344.0697656838454,138.83473373295766,133.90722957465067,4.927504158306996
2025-09-07 15:58:00+02:00,479.5753242984124,341.28336680319603,138.29195749521637,133.39495672842472,4.897000766791638
2025-09-07 15:59:00+02:00,476.23802223582504,338.4918534166893,137.7461688191357,132.87976220810484,4.866406611030874
2025-09-07 16:00:00+02:00,472.8927361645475,335.6953793101467,137.1973568544008,132.36163416031744,4.835722694083372
2025-09-07 16:01:00+02:00,469.53960366885644,332.8940942335891,136.64550943526734,131.84055946903194,4.804949966235404
2025-09-07 16:02:00+02:00,466.1787659550548,330.0881514142026,136.09061454085221,131.31652513365,4.7740894072022035
2025-09-07 16:03:00+02:00,462.8103656126656,327.2777056893117,135.53265992335386,130.7895179177944,4.74314200555947
2025-09-07 16:04:00+02:00,459.43454667337915,324.46291356189124,134.97163311148793,130.2595243522518,4.712108759236153
2025-09-07 16:05:00+02:00,456.05145460865594,321.64393320495736,134.4075214036986,129.72653072825716,4.680990675441453
2025-09-07 16:06:00+02:00,452.66123635812846,318.82092449177776,133.84031186635073,129.19052309547246,4.649788770878284
2025-09-07 16:07:00+02:00,449.26404035975236,315.99404902762006,133.26999133213232,128.65148726016406,4.618504071968266
2025-09-07 16:08:00+02:00,445.8600165479334,313.16347015495944,132.69654639297397,128.1094087781882,4.587137614785777
2025-09-07 16:09:00+02:00,442.449316415977,310.32935301230884,132.11996340366815,127.5642729580863,4.555690445581845
2025-09-07 16:10:00+02:00,439.0320907218838,307.49186263688836,131.54022808499542,127.01606448543322,4.524163599562212
2025-09-07 16:11:00+02:00,435.6084986909045,304.65117161172265,130.95732707918188,126.46476889343181,4.492558185750067
2025-09-07 16:12:00+02:00,432.17869429840755,301.8074486828041,130.37124561560347,125.91037035521828,4.460875260385208
2025-09-07 16:13:00+02:00,428.7428354330342,298.96086637647795,129.78196905655628,125.35285314515855,4.4291159113977185
2025-09-07 16:14:00+02:00,425.3010816728977,296.1115991596076,129.18948251329013,124.79220127544133,4.397281237848812
2025-09-07 16:15:00+02:00,421.85359428797256,293.2598234491249,128.5937708388477,124.22839848894404,4.365372349903646
2025-09-07 16:16:00+02:00,418.4005362749605,290.40571764861977,127.99481862634069,123.66142825723608,4.333390369104603
2025-09-07 16:17:00+02:00,414.9420723931534,287.5494621858358,127.39261020731762,123.09127377866407,4.301336428653536
2025-09-07 16:18:00+02:00,411.47836916830806,284.69123952386155,126.78712964444651,122.51791797104633,4.269211673400183
2025-09-07 16:19:00+02:00,408.00959496204825,281.8312342265397,126.17836073550852,121.94134347507209,4.237017260436427
2025-09-07 16:20:00+02:00,404.53591997727375,278.9696329711286,125.56628700614517,121.36153264704504,4.2047543591001375
2025-09-07 16:21:00+02:00,401.0575139625364,276.1066226680721,124.95089129446431,120.77846716488116,4.172424129583147
2025-09-07 16:22:00+02:00,397.57455558466313,273.2423981822563,124.33215740240685,120.19212959239157,4.140027810015287
2025-09-07 16:23:00+02:00,394.08721844063035,270.3771508282204,123.71006761240993,119.60250102600234,4.107566586407587
2025-09-07 16:24:00+02:00,390.59568045809533,267.51107611793094,123.08460434016439,119.00956266019857,4.075041679965825
2025-09-07 16:25:00+02:00,387.1001215732013,264.6443718573982,122.45574971580312,118.41329539032905,4.042454325474065
2025-09-07 16:26:00+02:00,383.6007237732157,261.77723819066017,121.82348558255549,117.81367981090595,4.009805771649535
2025-09-07 16:27:00+02:00,380.09767113899386,258.9098776436854,121.1877934953085,117.21069621380671,3.977097281501784
2025-09-07 16:28:00+02:00,376.59114985707583,256.0424951435231,120.54865471355274,116.60432458114761,3.9443301324051276
2025-09-07 16:29:00+02:00,373.08134829646974,253.1752980904809,119.90605020598885,115.99454458920697,3.911505616781883
2025-09-07 16:30:00+02:00,369.5684570219227,250.30849637839532,119.25996064352739,115.381335601335,3.8786250421923985
2025-09-07 16:31:00+02:00,366.052668840175,247.44230244198454,118.61036639819045,114.76467666645341,3.8456897317370355
2025-09-07 16:32:00+02:00,362.5341764874465,244.57692938435144,117.95724710309501,114.14454610076079,3.812701002334222
2025-09-07 16:33:00+02:00,359.0131820842695,241.71259868455132,117.30058339971818,113.52092314635757,3.7796602533606047
2025-09-07 16:34:00+02:00,355.48988306049455,238.84952874506928,116.64035431542526,112.89378548076085,3.746568834664402
2025-09-07 16:35:00+02:00,351.9644816091645,235.98794260280738,115.97653900635716,112.26311087119406,3.7134281351630976
2025-09-07 16:36:00+02:00,348.4371823788403,233.12806605871472,115.3091163201256,111.62887675892398,3.680239561201619
2025-09-07 16:37:00+02:00,344.90819252549386,230.2701277300147,114.63806479547914,110.99106025845096,3.64700453702818
2025-09-07 16:38:00+02:00,341.3777217332536,227.41435907724718,113.96336265600644,110.34963815102756,3.613724504978872
2025-09-07 16:39:00+02:00,337.8459823006591,224.56099448437055,113.28498781628853,109.70458689000088,3.580400926287647
2025-09-07 16:40:00+02:00,334.3131891635277,221.7102712875318,112.60291787599587,109.05588259469536,3.5470352813005124
2025-09-07 16:41:00+02:00,330.7795599503443,218.86242983017203,111.91713012017229,108.40350105016641,3.5136290700058757
2025-09-07 16:42:00+02:00,327.2453150400571,216.01771352001947,111.22760152003764,107.74741770744848,3.4801838125891593
2025-09-07 16:43:00+02:00,319.5614306194741,213.17636885972553,106.3850617597486,102.93836071006119,3.446701049687408
2025-09-07 16:44:00+02:00,316.06088623808245,210.33864362960725,105.72224260847521,102.30906028768094,3.4131823207942826
2025-09-07 16:45:00+02:00,312.56034270634615,207.50479452963282,105.05554817671333,101.67591892222845,3.379629254484884
2025-09-07 16:46:00+02:00,309.0600260930171,204.6750758210732,104.38495027194392,101.03890683777387,3.3460434341700562
2025-09-07 16:47:00+02:00,305.56016785160523,201.84974700145216,103.71042085015308,100.39799436153116,3.312426488621929
2025-09-07 16:48:00+02:00,302.0610025088772,199.02907093532548,103.03193157355172,99.75315150369686,3.2787800698548626
2025-09-07 16:49:00+02:00,298.5627677667022,196.2133139420729,102.34945382462935,99.1043479705159,3.245105854113452
2025-09-07 16:50:00+02:00,295.06570454141894,193.40274583278517,101.66295870863378,98.45155316636999,3.2114055422637864
2025-09-07 16:51:00+02:00,291.5700570361722,190.59763997325834,100.9724170629139,97.79473620240171,3.177680860512196
2025-09-07 16:52:00+02:00,288.07607281540845,187.79827334812205,100.2777994672864,97.1338659061354,3.143933561150995
2025-09-07 16:53:00+02:00,284.58400284808647,185.00492659930526,99.57907624878122,96.46891082576951,3.110165423011706
2025-09-07 16:54:00+02:00,281.09410161759683,182.2178841172751,98.8762175003217,95.79983924775065,3.0763782525710512
2025-09-07 16:55:00+02:00,277.606624830561,179.4374322185382,98.16919261202277,95.12661875024165,3.0425738617811273
2025-09-07 16:56:00+02:00,274.1218388502624,176.66386666546575,97.45797218479663,94.4492180251986,3.008754159598024
2025-09-07 16:57:00+02:00,270.64000674679954,173.8974815455132,96.74252520128634,93.76760418444692,2.9749210168394193
2025-09-07 16:58:00+02:00,267.1613977052193,171.1385767754396,96.02282092977975,93.08174457234506,2.9410763574347
2025-09-07 16:59:00+02:00,263.68628480371564,168.38745632739338,95.29882847632224,92.39160633931945,2.9072221370027846
2025-09-07 17:00:00+02:00,260.21494506868123,165.6444282708975,94.57051679778374,91.69715645428658,2.87336034349716
2025-09-07 17:01:00+02:00,256.7476595637597,162.9098048406675,93.83785472309224,90.9983617248962,2.8394929981960426
2025-09-07 17:02:00+02:00,253.28471348024135,160.1839025041468,93.10081097609455,90.29518881937155,2.805622156723007
2025-09-07 17:03:00+02:00,249.82639619800398,157.46704200449068,92.35935419351328,89.58760428372025,2.771749909793036
2025-09-07 17:04:00+02:00,246.37300141113263,154.75954845293484,91.61345295819781,88.87557457358416,2.7378783846136474
2025-09-07 17:05:00+02:00,242.92482719243742,152.0617513714415,90.86307582099592,88.15906607529304,2.704009745702873
2025-09-07 17:06:00+02:00,239.48217378404397,149.3739829604233,90.10819082362067,87.43804465027516,2.6701461733455125
2025-09-07 17:07:00+02:00,236.0453529281098,146.69658536843815,89.34876755967164,86.71247760403999,2.636289955631654
2025-09-07 17:08:00+02:00,232.61467408402592,144.02989991830003,88.5847741657259,85.98233081259247,2.602443353133443
2025-09-07 17:09:00+02:00,229.19045380191878,141.37427441360103,87.81617938831775,85.24757069697066,2.5686086913470922
2025-09-07 17:10:00+02:00,225.77301348521632,138.7300613721432,87.0429521130731,84.50816377407259,2.534788339000516
2025-09-07 17:11:00+02:00,222.36267949714932,136.0976180886548,86.2650614084945,83.76407669906516,2.500984709429342
2025-09-07 17:12:00+02:00,218.95978326930754,133.47730669626537,85.48247657304216,83.01527631103967,2.467200262002494
2025-09-07 17:13:00+02:00,215.5646613800254,130.8694942017867,84.6951671782387,82.26172967495812,2.4334375032805795
2025-09-07 17:14:00+02:00,212.1776556980085,128.27455256801244,83.90310312999607,81.5034041411413,2.3996989888547726
2025-09-07 17:15:00+02:00,208.7991134640633,125.69285874488145,83.10625471918186,80.74026739457375,2.3659873246081125
2025-09-07 17:16:00+02:00,205.42938740636617,123.12479472276205,82.30459268360414,79.97228751525722,2.33230516834692
2025-09-07 17:17:00+02:00,202.06883360677443,120.57074587482222,81.4980877319522,79.19943252301819,2.298655208934011
2025-09-07 17:18:00+02:00,198.7178205957377,118.03110782184653,80.68671277389114,78.4216725159317,2.2650402579594417
2025-09-07 17:19:00+02:00,195.37671598213927,115.50627622336683,79.87043975877243,77.6389766423035,2.2314631164689294
2025-09-07 17:20:00+02:00,192.0458955630108,112.99665365360121,79.04924190940957,76.8513152426112,2.1979266667983826
2025-09-07 17:21:00+02:00,188.72574119022823,110.50264792008902,78.2230932701392,76.0586594182021,2.1644338519371003
2025-09-07 17:22:00+02:00,185.4166408934192,108.0246720935732,77.39196879984601,75.2609811223232,2.1309876775228167
2025-09-07 17:23:00+02:00,182.1189889742413,105.56314451029567,76.55584446394562,74.45825325034342,2.0975912136021986
2025-09-07 17:24:00+02:00,178.83318616319508,103.11848881444874,75.71469734874634,73.65044975166151,2.0642475970848366
2025-09-07 17:25:00+02:00,175.55963971489697,100.69113394736256,74.86850576753442,72.83754573389115,2.0309600336432654
2025-09-07 17:26:00+02:00,172.29876353606775,98.28151415353949,74.01724938252826,72.01951758251924,1.9977318000090272
2025-09-07 17:27:00+02:00,169.05097831294557,95.8900689778975,73.16090933504807,71.19634308870825,1.9645662463398292
2025-09-07 17:28:00+02:00,165.81671160949526,93.51724323268066,72.29946837681462,70.36800157845042,1.9314667983641987
2025-09-07 17:29:00+02:00,162.59639587133728,91.16348542743411,71.43291044390317,69.53447350580264,1.8984369381005313
2025-09-07 17:30:00+02:00,159.39047715252343,88.82925401689808,70.56122313562537,68.69574284090409,1.8654802947212785
2025-09-07 17:31:00+02:00,156.19940228620706,86.51500788836229,69.68439439784477,67.85179388348,1.832600514364766
2025-09-07 17:32:00+02:00,153.02362765948152,84.22121263401253,68.80241502546899,67.0026136738872,1.7998013515817959
2025-09-07 17:33:00+02:00,149.86361714683002,81.94833887781678,67.91527826901324,66.14819161925496,1.7670866497582818
2025-09-07 17:34:00+02:00,146.71984226403308,79.696862214264,67.02298004976907,65.28851970536428,1.7344603444047884
2025-09-07 17:35:00+02:00,143.5927822632737,77.46726309009942,66.1255191731743,64.42359270722605,1.7019264659482518
2025-09-07 17:36:00+02:00,140.4829242543203,75.26002668931227,65.22289756500803,63.55340842209012,1.6694891429179055
2025-09-07 17:37:00+02:00,137.39076332447274,73.07564280043191,64.31512052404084,62.677967918798046,1.6371526052427845
2025-09-07 17:38:00+02:00,134.3168026256845,70.91460564269623,63.40219698298826,61.79727579564434,1.604921187343919
2025-09-07 17:39:00+02:00,131.26155351701195,68.777413712104,62.48413980490794,60.911340472965065,1.5727993319428732
2025-09-07 17:40:00+02:00,128.22553361547259,66.66456815432345,61.560965461149145,60.020173889203086,1.5407915719460603
2025-09-07 17:41:00+02:00,125.20927503151061,64.57657819258006,60.632696838930556,59.123794218986454,1.5089026199440987
2025-09-07 17:42:00+02:00,122.21331225272664,62.513952375728664,59.69935987699798,58.2222226337424,1.4771372432555858
2025-09-07 17:43:00+02:00,119.238190366287,60.47720396315869,58.7609864031283,57.3154860496232,1.4455003535050983
2025-09-07 17:44:00+02:00,116.2844631314291,58.46684920758595,57.81761392384316,56.40361693437655,1.4139969894666105
2025-09-07 17:45:00+02:00,113.3526930308977,56.48340699034076,56.869286040556936,55.48665371963069,1.382632320926246
2025-09-07 17:46:00+02:00,110.44345134211291,54.52739843950804,55.91605290260487,54.56464124965448,1.3514116529503863
2025-09-07 17:47:00+02:00,107.55731819849905,52.59934650834393,54.95797169015511,53.637631259898505,1.3203404302566057
2025-09-07 17:48:00+02:00,104.69488260866439,50.69977549043299,53.9951071182314,52.70568287688654,1.2894242413448618
2025-09-07 17:49:00+02:00,101.85674254363627,48.829210542653705,53.027532000982575,51.76886317739454,1.2586688235880292
2025-09-07 17:50:00+02:00,99.04350490498142,46.98817708894768,52.05532781603374,50.82724774876457,1.2280800672691676
2025-09-07 17:51:00+02:00,96.25578369758986,45.17719902097919,51.078584676610674,49.88092067638194,1.1976640002287335
2025-09-07 17:52:00+02:00,93.49420748165394,43.39680286741156,50.09740461424239,48.929977740128066,1.1674268741143257
2025-09-07 17:53:00+02:00,90.7594081093132,41.647509766320184,49.11189834299302,47.974523296373235,1.137375046619787
2025-09-07 17:54:00+02:00,88.05202820570736,39.9298395725783,48.12218863312905,47.014673564694235,1.1075150684348136
2025-09-07 17:55:00+02:00,85.37271920513992,38.244308762342584,47.12841044279733,46.050556775277535,1.0778536675197943
2025-09-07 17:56:00+02:00,82.72214126759724,36.59142950668597,46.13071176091126,45.08231400677062,1.0483977541406408
2025-09-07 17:57:00+02:00,80.10096317048917,34.97170866909592,45.12925450139325,44.11010007547832,1.0191544259149259
2025-09-07 17:58:00+02:00,77.50986214858794,33.38564670713742,44.124215441450524,43.13408446887843,0.9901309725720971
2025-09-07 17:59:00+02:00,74.94952375267154,31.833736518598062,43.11578723407348,42.15445235285671,0.9613348812167682
2025-09-07 18:00:00+02:00,72.42064162704212,30.316462167257992,42.10417945978412,41.17140561880294,0.9327738409811756
2025-09-07 18:01:00+02:00,69.92391727566397,28.834297528334115,41.08961974732985,40.18516399948585,0.9044557478440002
2025-09-07 18:02:00+02:00,67.46005814828581,27.387703875307018,40.07235427297879,39.19596558240945,0.8763886905693432
2025-09-07 18:03:00+02:00,65.02978388894086,25.97713216227258,39.05265172666827,38.20407069662327,0.8485810300450075
2025-09-07 18:04:00+02:00,62.63381608350028,24.603015545882887,38.030800537617395,37.209759246766914,0.8210412908504818
2025-09-07 18:05:00+02:00,60.27288445628348,23.265771490339564,37.00711296594392,36.2133347255495,0.7937782403944184
2025-09-07 18:06:00+02:00,57.94772473974592,21.965798879592253,35.98192586015367,35.21512498657778,0.766800873575896
2025-09-07 18:07:00+02:00,55.65907814747282,20.703475987272775,34.955602160200044,34.21548374429596,0.7401184159040882
2025-09-07 18:08:00+02:00,53.40769076053842,19.47915830695832,33.928532453580104,33.21479212774527,0.7137403258348335
2025-09-07 18:09:00+02:00,51.19431288494172,18.293176274450218,32.901136610491506,32.21346031352374,0.6876762969677658
2025-09-07 18:10:00+02:00,49.019698288930854,17.14583283273688,31.873865456193972,31.211929197189747,0.6619362590042263
2025-09-07 18:11:00+02:00,46.88460337639651,16.03740087290245,30.847202503494067,30.210672125414508,0.636530378079558
2025-09-07 18:12:00+02:00,44.789786263652914,14.96812053660727,29.82166572704564,29.21019667100816,0.611469056037482
2025-09-07 18:13:00+02:00,42.736005757923394,13.938196384519884,28.79780937340351,28.2110464448302,0.5867629285733118
2025-09-07 18:14:00+02:00,40.72401887150524,12.947793771570778,27.77622509993446,27.213802254325113,0.5624228456093491
2025-09-07 18:15:00+02:00,38.75458495610299,11.99703839316243,26.757546562940554,26.21908663112079,0.5384599318197665
2025-09-07 18:16:00+02:00,36.82845620127246,11.086009075014717,25.74244712625774,25.227561644314015,0.5148854819437244
2025-09-07 18:17:00+02:00,34.94638153070028,10.214737129488281,24.731644401211994,24.23993338337139,0.4917110178406048
2025-09-07 18:18:00+02:00,32.267801971739296,9.383202241494576,22.88459973024472,22.415651469226045,0.46894826101867537
2025-09-07 18:19:00+02:00,30.546213725577438,8.591328963652709,21.95488476192473,21.50827564247742,0.44660911944731085
2025-09-07 18:20:00+02:00,28.870449684063182,7.838983132084052,21.03146655197913,20.606760880952294,0.4247056710268354
2025-09-07 18:21:00+02:00,27.241126011509156,7.125968252286331,20.115157759222825,19.711907615230356,0.40325014399246845
2025-09-07 18:22:00+02:00,25.658833320773947,6.452021875984884,19.206811444789064,18.824556551196938,0.3822548935921265
2025-09-07 18:23:00+02:00,24.124133375581025,5.816812009350302,18.30732136623072,17.945588991531686,0.3617323746990336
2025-09-07 18:24:00+02:00,22.637555565359744,5.21993358869415,17.417621976665593,17.07592686702022,0.34169510964537597
2025-09-07 18:25:00+02:00,21.199592246025915,4.6609047308765685,16.538687515149345,16.21653187672724,0.32215563842210193
2025-09-07 18:26:00+02:00,19.81069860860134,4.139164992809318,15.67153361579202,15.368407087910843,0.3031265278811775
2025-09-07 18:27:00+02:00,18.471282736941287,3.6540701674029408,14.817212569538345,14.532592325316777,0.28462024422156745
2025-09-07 18:28:00+02:00,17.18170513049946,3.204891183489334,13.976813947010127,13.710164796952007,0.26664915005811934
2025-09-07 18:29:00+02:00,15.942273139759633,2.7908115083424665,13.151461631417167,12.902236203543401,0.24922542787376634
2025-09-07 18:30:00+02:00,14.753236211443545,2.4109254625777203,12.342310748865824,12.109949739842817,0.2323610090230073
2025-09-07 18:31:00+02:00,13.614780927199236,2.0642371505078905,11.550543776691345,11.334476282985255,0.21606749370608996
2025-09-07 18:32:00+02:00,12.499837633109479,1.7496601356481474,10.750177497461332,10.549821435655836,0.20035606180549595
2025-09-07 18:33:00+02:00,11.442043861726956,1.4660179816817573,9.9760258800452,9.790788506217293,0.185237373827906
2025-09-07 18:34:00+02:00,10.441550372142537,1.2120457883921523,9.229504583750385,9.058783122439243,0.17072146131114263
2025-09-07 18:35:00+02:00,9.49756026247347,0.9863928659759275,8.511167396497543,8.354349789788085,0.15681760670945852
2025-09-07 18:36:00+02:00,8.609182053620875,0.7876265487136583,7.821555504907217,7.678021301668083,0.14353420323913482
2025-09-07 18:37:00+02:00,7.775430945657482,0.6142380522475358,7.161192893409947,7.030314245741367,0.1308786476685796
2025-09-07 18:38:00+02:00,6.995224632305652,0.46464854057428645,6.5305760917313656,6.4117189581941485,0.11885713353721705
2025-09-07 18:39:00+02:00,6.267385605081625,0.3372181674685912,5.930167437613034,5.822692914173169,0.10747452343986486
2025-09-07 18:40:00+02:00,5.590640960173821,0.23025613363622627,5.360384826537595,5.263650659506397,0.09673416703119753
2025-09-07 18:41:00+02:00,4.963623337449002,0.14203262907435515,4.821590708374647,4.734952988244593,0.0866377201300547
2025-09-07 18:42:00+02:00,4.384872401621099,0.07079251446396774,4.314079887157131,4.236894928821712,0.077184958335419
2025-09-07 18:43:00+02:00,3.8528368535710498,0.014770669723192931,3.838066183847857,3.7696925958513274,0.06837358799652937
2025-09-07 18:44:00+02:00,3.409573427751381,0.0,3.409573427751381,3.3493743694283933,0.06019905832298783
2025-09-07 18:45:00+02:00,3.0150218467717784,0.0,3.0150218467717784,2.9623674670213878,0.052654379750390716
2025-09-07 18:46:00+02:00,2.646721854319691,0.0,2.646721854319691,2.600991900101884,0.045729954217806824
2025-09-07 18:47:00+02:00,2.305144589176146,0.0,2.305144589176146,2.2657311684406576,0.03941342073548848
2025-09-07 18:48:00+02:00,2.157462259835385,0.0,2.157462259835385,2.1237727107280495,0.03368954910733562
2025-09-07 18:49:00+02:00,1.846785096689384,0.0,1.846785096689384,1.8182449679567463,0.02854012873263771
2025-09-07 18:50:00+02:00,1.56499223084087,0.0,1.56499223084087,1.541048283130637,0.023943947710233074
2025-09-07 18:51:00+02:00,1.3117460322217633,0.0,1.3117460322217633,1.2918692237279794,0.019876808493784034
2025-09-07 18:52:00+02:00,1.0845825859693627,0.0,1.0845825859693627,1.0682709684559912,0.016311617513371426
2025-09-07 18:53:00+02:00,0.8850845795163749,0.0,0.8850845795163749,0.8718660249098451,0.013218554606529747
2025-09-07 18:54:00+02:00,0.7121322670887748,0.0,0.7121322670887748,0.7015669361856881,0.01056533090308664
2025-09-07 18:55:00+02:00,0.564134416555576,0.0,0.564134416555576,0.5558168755287222,0.008317541026853798
2025-09-07 18:56:00+02:00,0.43928836383803294,0.0,0.43928836383803294,0.4328492528313504,0.006439111006682551
2025-09-07 18:57:00+02:00,0.3356145286447034,0.0,0.3356145286447034,0.330721690873545,0.004892837771158383
2025-09-07 18:58:00+02:00,0.2509997332873557,0.0,0.2509997332873557,0.24735872437024908,0.0036410089171066183
2025-09-07 18:59:00+02:00,0.18324795269506172,0.0,0.18324795269506172,0.1806018698542607,0.0026460828408010353
2025-09-07 19:00:00+02:00,0.1301365992723378,0.0,0.1301365992723378,0.12826519399471342,0.0018714052776243923
2025-09-07 19:01:00+02:00,0.0894747673446804,0.0,0.0894747673446804,0.08819284998757246,0.001281917357107941
2025-09-07 19:02:00+02:00,0.05916081695546993,0.0,0.05916081695546993,0.05831598947978648,0.0008448274756834471
2025-09-07 19:03:00+02:00,0.03723476331444054,0.0,0.03723476331444054,0.03670456992629297,0.0005301933881475711
2025-09-07 19:04:00+02:00,0.00031137796262477367,0.0,0.00031137796262477367,0.0,0.00031137796262477367
2025-09-07 19:05:00+02:00,0.0001653447927262227,0.0,0.0001653447927262227,0.0,0.0001653447927262227
2025-09-07 19:06:00+02:00,7.277369325283626e-05,0.0,7.277369325283626e-05,0.0,7.277369325283626e-05
2025-09-07 19:07:00+02:00,1.7993270105729255e-05,0.0,1.7993270105729255e-05,0.0,1.7993270105729255e-05
2025-09-07 19:08:00+02:00,0.0,0.0,0.0,0.0,0.0
2025-09-07 19:09:00+02:00,0.0,0.0,0.0,0.0,0.0
2025-09-07 19:10:00+02:00,0.0,0.0,0.0,0.0,0.0
2025-09-07 19:11:00+02:00,0.0,0.0,0.0,0.0,0.0
2025-09-07 19:12:00+02:00,0.0,0.0,0.0,0.0,0.0
2025-09-07 19:13:00+02:00,0.0,0.0,0.0,0.0,0.0
2025-09-07 19:14:00+02:00,0.0,0.0,0.0,0.0,0.0
2025-09-07 19:15:00+02:00,0.0,0.0,0.0,0.0,0.0
2025-09-07 19:16:00+02:00,0.0,0.0,0.0,0.0,0.0
2025-09-07 19:17:00+02:00,0.0,0.0,0.0,0.0,0.0
2025-09-07 19:18:00+02:00,0.0,0.0,0.0,0.0,0.0
2025-09-07 19:19:00+02:00,0.0,0.0,0.0,0.0,0.0
2025-09-07 19:20:00+02:00,0.0,0.0,0.0,0.0,0.0
2025-09-07 19:21:00+02:00,0.0,0.0,0.0,0.0,0.0
2025-09-07 19:22:00+02:00,0.0,0.0,0.0,0.0,0.0
2025-09-07 19:23:00+02:00,0.0,0.0,0.0,0.0,0.0
2025-09-07 19:24:00+02:00,0.0,0.0,0.0,0.0,0.0
2025-09-07 19:25:00+02:00,0.0,0.0,0.0,0.0,0.0
2025-09-07 19:26:00+02:00,0.0,0.0,0.0,0.0,0.0
2025-09-07 19:27:00+02:00,0.0,0.0,0.0,0.0,0.0
2025-09-07 19:28:00+02:00,0.0,0.0,0.0,0.0,0.0
2025-09-07 19:29:00+02:00,0.0,0.0,0.0,0.0,0.0
2025-09-07 19:30:00+02:00,0.0,0.0,0.0,0.0,0.0
2025-09-07 19:31:00+02:00,0.0,0.0,0.0,0.0,0.0
2025-09-07 19:32:00+02:00,0.0,0.0,0.0,0.0,0.0
2025-09-07 19:33:00+02:00,0.0,0.0,0.0,0.0,0.0
2025-09-07 19:34:00+02:00,0.0,0.0,0.0,0.0,0.0
2025-09-07 19:35:00+02:00,0.0,0.0,0.0,0.0,0.0
2025-09-07 19:36:00+02:00,0.0,0.0,0.0,0.0,0.0
2025-09-07 19:37:00+02:00,0.0,0.0,0.0,0.0,0.0
2025-09-07 19:38:00+02:00,0.0,0.0,0.0,0.0,0.0
2025-09-07 19:39:00+02:00,0.0,0.0,0.0,0.0,0.0
2025-09-07 19:40:00+02:00,0.0,0.0,0.0,0.0,0.0
2025-09-07 19:41:00+02:00,0.0,0.0,0.0,0.0,0.0
2025-09-07 19:42:00+02:00,0.0,0.0,0.0,0.0,0.0
2025-09-07 19:43:00+02:00,0.0,0.0,0.0,0.0,0.0
2025-09-07 19:44:00+02:00,0.0,0.0,0.0,0.0,0.0
2025-09-07 19:45:00+02:00,0.0,0.0,0.0,0.0,0.0
2025-09-07 19:46:00+02:00,0.0,0.0,0.0,0.0,0.0
2025-09-07 19:47:00+02:00,0.0,0.0,0.0,0.0,0.0
2025-09-07 19:48:00+02:00,0.0,0.0,0.0,0.0,0.0
2025-09-07 19:49:00+02:00,0.0,0.0,0.0,0.0,0.0
2025-09-07 19:50:00+02:00,0.0,0.0,0.0,0.0,0.0
2025-09-07 19:51:00+02:00,0.0,0.0,0.0,0.0,0.0
2025-09-07 19:52:00+02:00,0.0,0.0,0.0,0.0,0.0
2025-09-07 19:53:00+02:00,0.0,0.0,0.0,0.0,0.0
2025-09-07 19:54:00+02:00,0.0,0.0,0.0,0.0,0.0
2025-09-07 19:55:00+02:00,0.0,0.0,0.0,0.0,0.0
2025-09-07 19:56:00+02:00,0.0,0.0,0.0,0.0,0.0
2025-09-07 19:57:00+02:00,0.0,0.0,0.0,0.0,0.0
2025-09-07 19:58:00+02:00,0.0,0.0,0.0,0.0,0.0
2025-09-07 19:59:00+02:00,0.0,0.0,0.0,0.0,0.0
2025-09-07 20:00:00+02:00,0.0,0.0,0.0,0.0,0.0
2025-09-08 05:00:00+02:00,0.0,0.0,0.0,0.0,0.0
2025-09-08 05:01:00+02:00,0.0,0.0,0.0,0.0,0.0
2025-09-08 05:02:00+02:00,0.0,0.0,0.0,0.0,0.0
2025-09-08 05:03:00+02:00,0.0,0.0,0.0,0.0,0.0
2025-09-08 05:04:00+02:00,0.0,0.0,0.0,0.0,0.0
2025-09-08 05:05:00+02:00,0.0,0.0,0.0,0.0,0.0
2025-09-08 05:06:00+02:00,0.0,0.0,0.0,0.0,0.0
2025-09-08 05:07:00+02:00,0.0,0.0,0.0,0.0,0.0
2025-09-08 05:08:00+02:00,0.0,0.0,0.0,0.0,0.0
2025-09-08 05:09:00+02:00,0.0,0.0,0.0,0.0,0.0
2025-09-08 05:10:00+02:00,0.0,0.0,0.0,0.0,0.0
2025-09-08 05:11:00+02:00,0.0,0.0,0.0,0.0,0.0
2025-09-08 05:12:00+02:00,0.0,0.0,0.0,0.0,0.0
2025-09-08 05:13:00+02:00,0.0,0.0,0.0,0.0,0.0
2025-09-08 05:14:00+02:00,0.0,0.0,0.0,0.0,0.0
2025-09-08 05:15:00+02:00,0.0,0.0,0.0,0.0,0.0
2025-09-08 05:16:00+02:00,0.0,0.0,0.0,0.0,0.0
2025-09-08 05:17:00+02:00,0.0,0.0,0.0,0.0,0.0
2025-09-08 05:18:00+02:00,0.0,0.0,0.0,0.0,0.0
2025-09-08 05:19:00+02:00,0.0,0.0,0.0,0.0,0.0
2025-09-08 05:20:00+02:00,0.0,0.0,0.0,0.0,0.0
2025-09-08 05:21:00+02:00,0.0,0.0,0.0,0.0,0.0
2025-09-08 05:22:00+02:00,0.0,0.0,0.0,0.0,0.0
2025-09-08 05:23:00+02:00,0.0,0.0,0.0,0.0,0.0
2025-09-08 05:24:00+02:00,0.0,0.0,0.0,0.0,0.0
2025-09-08 05:25:00+02:00,0.0,0.0,0.0,0.0,0.0
2025-09-08 05:26:00+02:00,0.0,0.0,0.0,0.0,0.0
2025-09-08 05:27:00+02:00,0.0,0.0,0.0,0.0,0.0
2025-09-08 05:28:00+02:00,0.0,0.0,0.0,0.0,0.0
2025-09-08 05:29:00+02:00,0.0,0.0,0.0,0.0,0.0
2025-09-08 05:30:00+02:00,0.0,0.0,0.0,0.0,0.0
2025-09-08 05:31:00+02:00,0.0,0.0,0.0,0.0,0.0
2025-09-08 05:32:00+02:00,0.0,0.0,0.0,0.0,0.0
2025-09-08 05:33:00+02:00,0.0,0.0,0.0,0.0,0.0
2025-09-08 05:34:00+02:00,0.0,0.0,0.0,0.0,0.0
2025-09-08 05:35:00+02:00,0.0,0.0,0.0,0.0,0.0
2025-09-08 05:36:00+02:00,0.0,0.0,0.0,0.0,0.0
2025-09-08 05:37:00+02:00,0.0,0.0,0.0,0.0,0.0
2025-09-08 05:38:00+02:00,0.0,0.0,0.0,0.0,0.0
2025-09-08 05:39:00+02:00,0.0,0.0,0.0,0.0,0.0
2025-09-08 05:40:00+02:00,0.0,0.0,0.0,0.0,0.0
2025-09-08 05:41:00+02:00,0.0,0.0,0.0,0.0,0.0
2025-09-08 05:42:00+02:00,0.0,0.0,0.0,0.0,0.0
2025-09-08 05:43:00+02:00,0.0,0.0,0.0,0.0,0.0
2025-09-08 05:44:00+02:00,0.0,0.0,0.0,0.0,0.0
2025-09-08 05:45:00+02:00,0.0,0.0,0.0,0.0,0.0
2025-09-08 05:46:00+02:00,0.0,0.0,0.0,0.0,0.0
2025-09-08 05:47:00+02:00,0.0,0.0,0.0,0.0,0.0
2025-09-08 05:48:00+02:00,0.0,0.0,0.0,0.0,0.0
2025-09-08 05:49:00+02:00,0.0,0.0,0.0,0.0,0.0
2025-09-08 05:50:00+02:00,0.0,0.0,0.0,0.0,0.0
2025-09-08 05:51:00+02:00,0.0,0.0,0.0,0.0,0.0
2025-09-08 05:52:00+02:00,0.0,0.0,0.0,0.0,0.0
2025-09-08 05:53:00+02:00,0.0,0.0,0.0,0.0,0.0
2025-09-08 05:54:00+02:00,0.0,0.0,0.0,0.0,0.0
2025-09-08 05:55:00+02:00,0.0,0.0,0.0,0.0,0.0
2025-09-08 05:56:00+02:00,0.0,0.0,0.0,0.0,0.0
2025-09-08 05:57:00+02:00,0.0,0.0,0.0,0.0,0.0
2025-09-08 05:58:00+02:00,0.0,0.0,0.0,0.0,0.0
2025-09-08 05:59:00+02:00,0.0,0.0,0.0,0.0,0.0
2025-09-08 06:00:00+02:00,0.0,0.0,0.0,0.0,0.0
2025-09-08 06:01:00+02:00,4.135066104918511e-06,0.0,4.135066104918511e-06,0.0,4.135066104918511e-06
2025-09-08 06:02:00+02:00,4.769113473769465e-05,0.0,4.769113473769465e-05,0.0,4.769113473769465e-05
2025-09-08 06:03:00+02:00,0.00012379936727940295,0.0,0.00012379936727940295,0.0,0.00012379936727940295
2025-09-08 06:04:00+02:00,0.00024669851420333844,0.0,0.00024669851420333844,0.0,0.00024669851420333844
2025-09-08 06:05:00+02:00,0.0305223260299386,0.0,0.0305223260299386,0.030088147665985852,0.00043417836395274816
2025-09-08 06:06:00+02:00,0.04961665079459665,0.0,0.04961665079459665,0.04890893709892137,0.0007077136956752823
2025-09-08 06:07:00+02:00,0.07634953931631425,0.0,0.07634953931631425,0.07525711821259762,0.0010924211037166222
2025-09-08 06:08:00+02:00,0.11260240014200265,0.0,0.11260240014200265,0.11098556583307898,0.00161683430892368
2025-09-08 06:09:00+02:00,0.16041560481107917,0.0,0.16041560481107917,0.1581030934161697,0.002312511394909452
2025-09-08 06:10:00+02:00,0.22193947483105694,0.0,0.22193947483105694,0.21872597267655874,0.003213502154498196
2025-09-08 06:11:00+02:00,0.2993788741733553,0.0,0.2993788741733553,0.2950231606465133,0.0043557135268420125
2025-09-08 06:12:00+02:00,0.39493520143143107,0.0,0.39493520143143107,0.3891589858966673,0.0057762155347637805
2025-09-08 06:13:00+02:00,0.5107494275839364,0.0,0.5107494275839364,0.5032368979884249,0.0075125295955114696
2025-09-08 06:14:00+02:00,0.6488494290862785,0.0,0.6488494290862785,0.6392474909546002,0.009601938131678313
2025-09-08 06:15:00+02:00,0.8111034749314937,0.0,0.8111034749314937,0.7990226377759856,0.012080837155508162
2025-09-08 06:16:00+02:00,0.9991829294550163,0.0,0.9991829294550163,0.9841987536705664,0.014984175784449926
2025-09-08 06:17:00+02:00,1.2145331768902976,0.0,1.2145331768902976,1.1961882078373312,0.018344969052966387
2025-09-08 06:18:00+02:00,1.456427935369759,0.0,1.456427935369759,1.4342340241332074,0.022193911236551348
2025-09-08 06:19:00+02:00,1.7257901872801547,0.0,1.7257901872801547,1.6992311049373428,0.026559082342811863
2025-09-08 06:20:00+02:00,2.023818492741193,0.0,2.023818492741193,1.9923527477231895,0.031465745018003435
2025-09-08 06:21:00+02:00,2.3506960288879477,0.0,2.3506960288879477,2.3137598046560455,0.03693622423190237
2025-09-08 06:22:00+02:00,2.499104489174413,0.0,2.499104489174413,2.4561146290787432,0.042989860095669845
2025-09-08 06:23:00+02:00,2.8554591803491878,0.0,2.8554591803491878,2.805816157197192,0.04964302315199578
2025-09-08 06:24:00+02:00,3.2381816619087114,0.0,3.2381816619087114,3.181272480892328,0.05690918101638319
2025-09-08 06:25:00+02:00,3.68279727423413,0.02303829925125044,3.6597589749828794,3.5949599634529688,0.06479901152991073
2025-09-08 06:26:00+02:00,4.200822126496097,0.0773333418485943,4.123488784647503,4.0501682647457375,0.07332051990176489
2025-09-08 06:27:00+02:00,4.765259448258529,0.14643591465782624,4.618823533600703,4.536344302046357,0.08247923155434528
2025-09-08 06:28:00+02:00,5.377694542367227,0.23210481880320274,5.145589723564024,5.053311376168748,0.09227834739527632
2025-09-08 06:29:00+02:00,6.039620363923701,0.33609365134056923,5.703526712583132,5.600807779440358,0.10271893314277446
2025-09-08 06:30:00+02:00,6.752435486052295,0.460135053900008,6.292300432152286,6.17850032527449,0.1138001068777965
2025-09-08 06:31:00+02:00,7.517442606112758,0.6059265780479917,6.911516028064766,6.7859968026507085,0.12551922541405755
2025-09-08 06:32:00+02:00,8.335847595903326,0.7751182612683926,7.560729334634934,7.422857268352972,0.13787206628196233
2025-09-08 06:33:00+02:00,9.208759097020002,0.9693019427436843,8.239457154276318,8.0886041513217,0.15085300295461676
2025-09-08 06:34:00+02:00,10.1371886267423,1.1900022888663693,8.947186337875932,8.782731166678918,0.16445517119701353
2025-09-08 06:35:00+02:00,11.122051204913394,1.4386694686310284,9.683381736282366,9.504711110498702,0.17867062578366263
2025-09-08 06:36:00+02:00,12.164167171083607,1.716673575062104,10.447493596021502,10.254003099371607,0.1934904966498959
2025-09-08 06:37:00+02:00,13.264260895882593,2.025299519313701,11.238961376568893,11.030056292777154,0.20890508379173883
2025-09-08 06:38:00+02:00,14.403042338894931,2.3657451167071293,12.037297222187801,11.812393181071542,0.22490404111625859
2025-09-08 06:39:00+02:00,15.578660845633275,2.739118496179674,12.8395423494536,12.598065899285073,0.24147645016852684
2025-09-08 06:40:00+02:00,16.804876998648467,3.146437453317492,13.658439545330976,13.399828612567362,0.25861093276361424
2025-09-08 06:41:00+02:00,18.08145321466623,3.5886295275462907,14.49282368711994,14.21652794341535,0.2762957437045888
2025-09-08 06:42:00+02:00,19.408092186760726,4.066532855878689,15.341559330882037,15.047040476857864,0.29451885402417194
2025-09-08 06:43:00+02:00,20.78444179832249,4.580897688804436,16.203544109518052,15.890276084005803,0.31326802551225047
2025-09-08 06:44:00+02:00,22.210099812307355,5.132388444645727,17.077711367661628,16.745180491021323,0.33253087664030484
2025-09-08 06:45:00+02:00,23.68461837579234,5.721586219897814,17.963032155894528,17.610737214694566,0.3522949411999624
2025-09-08 06:46:00+02:00,25.20750829526862,6.348991651457759,18.858516643810862,18.48596892405346,0.3725477197574041
2025-09-08 06:47:00+02:00,26.778244160772697,7.015028514013582,19.763215646759114,19.369938907994538,0.3932767387645771
2025-09-08 06:48:00+02:00,28.396263947737477,7.7200452559000965,20.67621869183738,20.261749157784845,0.41446953405253656
2025-09-08 06:49:00+02:00,30.060978934066938,8.464321156551792,21.596657777515144,21.160544009515167,0.4361137679999784
2025-09-08 06:50:00+02:00,31.771772926205465,9.248068145137132,22.523704781068332,22.065507577443363,0.45819720362496913
2025-09-08 06:51:00+02:00,33.52800647449908,10.071434849195551,23.456571625303525,22.97586388207169,0.4807077432318345
2025-09-08 06:52:00+02:00,36.34709791945106,10.934510212579394,25.41258770687167,24.908954257395397,0.5036334494762718
2025-09-08 06:53:00+02:00,38.26350626221394,11.837327092503756,26.42617916971018,25.899216606484135,0.5269625632260476
2025-09-08 06:54:00+02:00,40.223464999392036,12.779865783845553,27.443599215546485,26.89291569761468,0.550683517931804
2025-09-08 06:55:00+02:00,42.226216404793185,13.762057481373935,28.46415892341925,27.889373971699975,0.5747849517192752
2025-09-08 06:56:00+02:00,44.27099933539258,14.783787638596264,29.48721169679632,28.88795597991831,0.5992557168780085
2025-09-08 06:57:00+02:00,46.35705066811082,15.844899216330349,30.512151451780472,29.88806656456334,0.6240848872171325
2025-09-08 06:58:00+02:00,48.48360661877901,16.945195822150968,31.538410796628042,30.889149032820153,0.6492617638078888
2025-09-08 06:59:00+02:00,50.649905360399494,18.084445479228684,32.56545988117081,31.890683985335112,0.6747758958356952
2025-09-08 07:00:00+02:00,52.85518226252363,19.262380424248793,33.59280183827483,32.892184823657225,0.7006170146176085
2025-09-08 07:01:00+02:00,55.09867955946058,20.478704426132435,34.61997513332815,33.893199995858005,0.7267751374701394
2025-09-08 07:02:00+02:00,57.37964142086497,21.73309235446076,35.64654906640421,34.89330856678232,0.7532404996218871
2025-09-08 07:03:00+02:00,59.6973161788017,23.02519340404108,36.672122774760616,35.89211920410852,0.7800035706520995
2025-09-08 07:04:00+02:00,62.05095699306911,24.35463341098494,37.69632358208417,36.88926852943027,0.8070550526538975
2025-09-08 07:05:00+02:00,64.43982248405345,25.721017059287117,38.71880542476633,37.884419546568395,0.8343858781979347
2025-09-08 07:06:00+02:00,66.8631772778482,27.123929947328946,39.73924733051924,38.87726012303103,0.8619872074882092
2025-09-08 07:07:00+02:00,69.32029248834044,28.56294052828576,40.75735196005468,39.867501535031806,0.889850425022874
2025-09-08 07:08:00+02:00,71.81044616536535,30.037601942853485,41.772844222511864,40.854877086400336,0.9179671361115309
2025-09-08 07:09:00+02:00,74.33292364565395,31.54745370893039,42.78546993672356,41.839140774173046,0.9463291625505149
2025-09-08 07:10:00+02:00,76.88701962420157,33.09202437311237,43.794995251089205,42.82006669329356,0.9749285577956429
2025-09-08 07:11:00+02:00,79.47203156446179,34.67082882876452,44.80120273569726,43.797445210153974,1.003757525543283
2025-09-08 07:12:00+02:00,82.08727021639592,36.28337591267744,45.80389430371847,44.7710857736363,1.0328085300821737
2025-09-08 07:13:00+02:00,84.7320530165061,37.929165585754035,46.802887430752065,45.74081321557513,1.0620742151769367
2025-09-08 07:14:00+02:00,87.40570593600626,39.607691134851684,47.798014801154565,46.70646738319458,1.091547417959989
2025-09-08 07:15:00+02:00,90.10756364680347,41.3184402947431,48.78912335206038,47.66790218782293,1.121221164237447
2025-09-08 07:16:00+02:00,92.83696963304635,43.06089627174288,49.77607336130347,48.62498469782905,1.15108866347442
2025-09-08 07:17:00+02:00,95.59327627866534,44.83453869072348,50.75873758794186,49.57759428414097,1.181143303800888
2025-09-08 07:18:00+02:00,98.37584495596398,46.63884448501422,51.737000470949766,50.52562182364816,1.2113786473016106
2025-09-08 07:19:00+02:00,101.18404604117829,48.47328868443374,52.71075735674455,51.468968931965435,1.2417884247791153
2025-09-08 07:20:00+02:00,104.01725896369328,50.337345173082106,53.679913790611174,52.40754725946157,1.2723665311496035
2025-09-08 07:21:00+02:00,106.8748741341143,52.230488648082996,54.64438548603129,53.34127844476691,1.3031070412643848
2025-09-08 07:22:00+02:00,109.75628525180711,54.152190145752876,55.60409510605424,54.2700909834639,1.3340041225903345
2025-09-08 07:23:00+02:00,112.6609008034211,56.10192524735077,56.55897555607032,55.193923401565485,1.3650521545048353
2025-09-08 07:24:00+02:00,115.58813634783411,58.07916952348325,57.50896682435086,56.11272118327985,1.3962456410710051
2025-09-08 07:25:00+02:00,118.53741640038227,60.083400287021576,58.454016113360694,57.026436885961985,1.4275792273987082
2025-09-08 07:26:00+02:00,121.50817437016745,62.114097024492665,59.39407734567479,57.93502965043211,1.4590476952426779
2025-09-08 07:27:00+02:00,124.4998524894265,64.1707417883656,60.32911070106089,58.83846474233559,1.4906459587253011
2025-09-08 07:28:00+02:00,127.51190176015072,66.25281956985616,61.25908219029457,59.73671312985894,1.5223690604356288
2025-09-08 07:29:00+02:00,130.54378183994788,68.35981860048621,62.18396323946166,60.62975107238301,1.5542121670786508
2025-09-08 07:30:00+02:00,133.5949609735474,70.49123065745843,63.10373031608896,61.51755975030558,1.5861705657833822
2025-09-08 07:31:00+02:00,136.66491589353214,72.64655132209062,64.01836457144152,62.4001249111796,1.6182396602619153
2025-09-08 07:32:00+02:00,139.75313379000374,74.82528167726308,64.92785211274067,63.277437124083015,1.65041498865765
2025-09-08 07:33:00+02:00,142.85910393404444,77.02692267258594,65.8321812614585,64.14948912761564,1.6826921338428695
2025-09-08 07:34:00+02:00,145.98232995932443,79.25098405004637,66.73134590927806,65.01627906024119,1.7150668490368692
2025-09-08 07:35:00+02:00,149.12232150156825,81.49697869381878,67.62534280774946,65.87780783930127,1.747534968448189
2025-09-08 07:36:00+02:00,152.2785961418567,83.76442422064262,68.51417192121407,66.73407949572761,1.7800924254864627
2025-09-08 07:37:00+02:00,155.45067928975809,86.05284310314616,69.39783618661193,67.58510093700039,1.8127352496115388
2025-09-08 07:38:00+02:00,158.6381040574471,88.36176277072295,70.27634128672415,68.43088172351436,1.8454595632097799
2025-09-08 07:39:00+02:00,161.84041116204835,90.69071571600841,71.14969544603994,69.27143386716489,1.8782615788750499
2025-09-08 07:40:00+02:00,165.05714876816535,93.03923954414152,72.01790922402384,70.1067716278383,1.9111375961855392
2025-09-08 07:41:00+02:00,168.28787238820604,95.4068770509556,72.88099533725045,70.93691133807383,1.9440839991766332
2025-09-08 07:42:00+02:00,171.5321447522554,97.7931762670835,73.7389684851719,71.76187123157372,1.9770972535981755
2025-09-08 07:43:00+02:00,174.7895356785965,100.1976904912056,74.59184518739089,72.5816712831178,2.010173904273095
2025-09-08 07:44:00+02:00,178.05962417027382,102.61997996450424,75.43964420576958,73.39633361069325,2.043310595076339
2025-09-08 07:45:00+02:00,181.3419894750907,105.0596053518595,76.28238412323122,74.20588014600241,2.076503977228809
2025-09-08 07:46:00+02:00,184.63622414402533,107.51613751469712,77.12008662932821,75.01033578878862,2.1097508405395935
2025-09-08 07:47:00+02:00,187.94192513834133,109.98915102063809,77.95277411770326,75.80972609546627,2.143048022236979
2025-09-08 07:48:00+02:00,191.25869589044538,112.47822575077974,78.78047013966564,76.60407771272878,2.1763924269368626
2025-09-08 07:49:00+02:00,194.58614620669624,114.98294690421994,79.6031993024763,77.39341827769462,2.2097810247816803
2025-09-08 07:50:00+02:00,197.92389211098953,117.5029049512979,80.42098715969163,78.17777631064385,2.243210849047784
2025-09-08 07:51:00+02:00,201.27155574922398,120.03769562617865,81.23386012304535,78.95718112862444,2.2766789944209007
2025-09-08 07:52:00+02:00,204.6287652662309,122.58691989289336,82.04184537333752,79.73166275828535,2.310182615052171
2025-09-08 07:53:00+02:00,207.99515468214912,125.15018390540159,82.84497077674754,80.50125185408878,2.3437189226587605
2025-09-08 07:54:00+02:00,211.37036380318756,127.72709898873356,83.64326481445399,81.26597962943593,2.3772851850180587
2025-09-08 07:55:00+02:00,214.75404034173832,130.31728330913126,84.43675703260706,82.02587828618724,2.410878746419821
2025-09-08 07:56:00+02:00,218.14583074784053,132.92035489128673,85.22547585655379,82.7809789204068,2.444496936146995
2025-09-08 07:57:00+02:00,221.5453937073034,135.53594198749605,86.00945171980733,83.53131451781287,2.478137201994462
2025-09-08 07:58:00+02:00,224.9523909553183,138.16367608242368,86.78871487289462,84.27691785432037,2.511797018574246
2025-09-08 07:59:00+02:00,228.3664894621067,140.80319359302538,87.56329586908132,85.01782196046442,2.5454739086169034
2025-09-08 08:00:00+02:00,231.78736128880558,143.45413578365995,88.33322550514565,85.75406006398765,2.5791654411579947
2025-09-08 08:01:00+02:00,235.21468350996363,146.11614872950045,89.09853478046318,86.48566555004626,2.612869230416917
2025-09-08 08:02:00+02:00,238.6481381051642,148.78888325332463,89.85925485183958,87.21267191744057,2.6465829343990115
2025-09-08 08:03:00+02:00,242.0874118529977,151.4719948614232,90.61541699157448,87.93511273802406,2.6803042535504202
2025-09-08 08:04:00+02:00,245.53219625871384,154.16514370335383,91.36705255536,88.65302162559055,2.7140309297694496
2025-09-08 08:05:00+02:00,248.98218741941352,156.86799448069183,92.11419293872169,89.36643219389191,2.747760744829774
2025-09-08 08:06:00+02:00,252.43708827407448,159.58021822735282,92.85687004672165,90.07537850462259,2.781491542099061
2025-09-08 08:07:00+02:00,255.89659923384824,162.30148496069273,93.5951142731555,90.7798931382771,2.8152211348784015
2025-09-08 08:08:00+02:00,259.36043198579733,165.0314745265412,94.32895745925615,91.48001001827882,2.8489474409773274
2025-09-08 08:09:00+02:00,262.82830017208533,167.76986929263148,95.05843087945384,92.1757624879462,2.8826683915076345
2025-09-08 08:10:00+02:00,266.29992155417847,170.51635585080348,95.783565703375,92.86718375149891,2.916381951876088
2025-09-08 08:11:00+02:00,269.7750179912242,173.27062500417185,96.50439298705234,93.55430686562075,2.9500861214316
2025-09-08 08:12:00+02:00,273.2533153247281,176.0323716790485,97.22094364567957,94.23716471346128,2.983778932218291
2025-09-08 08:13:00+02:00,276.73454329655556,178.8012948618942,97.93324843466132,94.91578998659432,3.017458448067004
2025-09-08 08:14:00+02:00,280.2184354947183,181.57709755729334,98.64133793742491,95.59021517345552,3.051122763969394
2025-09-08 08:15:00+02:00,283.7047292363324,184.3594866949031,99.3452425414293,96.26047253657185,3.0847700048574445
2025-09-08 08:16:00+02:00,287.1931655165177,187.14817308788753,100.04499242863015,96.92659410359764,3.1183983250325147
2025-09-08 08:17:00+02:00,290.6834912684479,189.94287324266904,100.74061802577883,97.58861209593279,3.152005929846043
2025-09-08 08:18:00+02:00,294.1754499198957,192.74330179231592,101.43214812757977,98.24655714284093,3.185590984738832
2025-09-08 08:19:00+02:00,297.6687953904852,195.54918270128988,102.11961268919528,98.90046093922697,3.2191517499683013
2025-09-08 08:20:00+02:00,301.16328262258025,198.36024168279792,102.80304093978233,99.5503544504119,3.2526864893704284
2025-09-08 08:21:00+02:00,304.65866987745113,201.17620803158638,103.48246184586475,100.19626835341457,3.286193492450181
2025-09-08 08:22:00+02:00,308.1547186623438,203.9968145606984,104.1579041016454,100.83823302798694,3.3196710736584514
2025-09-08 08:23:00+02:00,311.65119365881924,206.82179753868314,104.82939612013608,101.4762785484474,3.353117571688685
2025-09-08 08:24:00+02:00,315.14786268403446,209.65089665295426,105.4969660310802,102.11043468198635,3.3865313490938553
2025-09-08 08:25:00+02:00,318.6444965893831,212.48385492208422,106.16064166729886,102.74073087598663,3.41991079131223
2025-09-08 08:26:00+02:00,326.3348994271331,215.32041866144974,111.01448076568337,107.5612264593475,3.453254306335883
2025-09-08 08:27:00+02:00,329.8652446558266,218.16033742312396,111.7049072327026,108.21834690861931,3.4865603240832908
2025-09-08 08:28:00+02:00,333.39494035817506,221.0033639362473,112.39157642192778,108.8717491261408,3.5198272957869885
2025-09-08 08:29:00+02:00,336.92376784735274,223.84925598483318,113.07451186251954,109.52145814653213,3.5530537159874127
2025-09-08 08:30:00+02:00,340.45150408159213,226.69776868746618,113.75373539412595,110.16749736158116,3.586238032544801
2025-09-08 08:31:00+02:00,343.97793583845856,229.5486659181209,114.42926992033767,110.80989114024966,3.6193787800880113
2025-09-08 08:32:00+02:00,347.50285019160657,232.40171261794427,115.10113757366229,111.44866308334505,3.6524744903172297
2025-09-08 08:33:00+02:00,351.0260368218675,235.25667664748747,115.76936017438001,112.08383646060605,3.6855237137739643
2025-09-08 08:34:00+02:00,354.5472879956153,238.1133287589944,116.43395923662092,112.71543421698063,3.7185250196402952
2025-09-08 08:35:00+02:00,358.066398478369,240.9714425162181,117.0949559621509,113.34347896721596,3.7514769949349525
2025-09-08 08:36:00+02:00,361.58316551510325,243.8307942683094,117.75237124679381,113.96799300245362,3.78437824434019
2025-09-08 08:37:00+02:00,365.09738877811253,246.69116309745718,118.40622568065535,114.58899829092822,3.817227389727139
2025-09-08 08:38:00+02:00,368.6088703176738,249.552330768809,119.05653954886483,115.20651647915012,3.850023069714706
2025-09-08 08:39:00+02:00,372.1174145438242,252.41408170580897,119.70333283801524,115.82056889849686,3.8827639395183775
2025-09-08 08:40:00+02:00,375.62283049503367,255.2762048338766,120.3466256611571,116.43117696903862,3.9154486921184906
2025-09-08 08:41:00+02:00,379.1249224227146,258.13848588114126,120.98643654157331,117.03836057105788,3.9480759705154265
2025-09-08 08:42:00+02:00,382.62350384833024,261.00071884638606,121.6227850019442,117.6421405031162,3.980644498828005
2025-09-08 08:43:00+02:00,386.1183881119137,263.8626982744617,122.25568983745198,118.24253684327103,4.013152994180959
2025-09-08 08:44:00+02:00,389.6093907123233,266.724221156767,122.88516955555635,118.83956936698547,4.0456001885708766
2025-09-08 08:45:00+02:00,393.0963292295129,269.58508685837313,123.51124237113974,119.43325754296221,4.077984828177534
2025-09-08 08:46:00+02:00,396.57902331396576,272.44509710023357,124.13392621373217,120.02362054042754,4.110305673304621
2025-09-08 08:47:00+02:00,400.0572946441119,275.30405591527494,124.75323872883695,120.6106772308133,4.142561498023654
2025-09-08 08:48:00+02:00,403.53096688426575,278.1617696049814,125.36919727928439,121.19444618946014,4.1747510898242615
2025-09-08 08:49:00+02:00,406.99986567628355,281.01804672382104,125.98181895246249,121.77494570288293,4.206873249579552
2025-09-08 08:50:00+02:00,410.463818566772,283.87269801074837,126.5911205560236,122.35219376510906,4.238926790914527
2025-09-08 08:51:00+02:00,413.9226573175295,286.7255382871429,127.19711903038659,122.9262084687789,4.270910561607692
2025-09-08 08:52:00+02:00,417.3762085926803,289.57637876563825,127.79982982704203,123.49700646950619,4.302823357535842
2025-09-08 08:53:00+02:00,420.82430783707264,292.42503848878255,128.3992693482901,124.06460529723773,4.334664051052357
2025-09-08 08:54:00+02:00,424.26678999042895,295.27133666357855,128.9954533268504,124.62902182169587,4.366431505154519
2025-09-08 08:55:00+02:00,427.70349173946386,298.1150945101424,129.58839722932143,125.19027263495764,4.398124594363783
2025-09-08 08:56:00+02:00,431.13425151377163,300.95613525041955,130.17811626335208,125.74837405861642,4.4297422047356525
2025-09-08 08:57:00+02:00,434.55890945115004,303.7942840717635,130.7646253793865,126.3033421457972,4.461283233589309
2025-09-08 08:58:00+02:00,437.9773073624708,306.62936809022233,131.3479392722485,126.8551926830169,4.492746589231621
2025-09-08 08:59:00+02:00,441.38928873007586,309.4612163417383,131.92807238833757,127.40394119734523,4.524131190992336
2025-09-08 09:00:00+02:00,444.7946986429081,312.28965972098115,132.50503892192694,127.94960295325032,4.555435968676621
2025-09-08 09:01:00+02:00,448.19338379444616,315.11453097236756,133.07885282207857,128.49219295948507,4.5866598625935
2025-09-08 09:02:00+02:00,451.58519472404555,317.93566654786935,133.6495281761762,129.03172633199617,4.617801844180046
2025-09-08 09:03:00+02:00,454.96997669167246,320.75289900875174,134.21707768292072,129.56821685064205,4.6488608322786735
2025-09-08 09:04:00+02:00,458.34758332568106,323.5660683702671,134.78151495541394,130.10167913692007,4.67983581849386
2025-09-08 09:05:00+02:00,461.71786745793077,326.3750144732617,135.3428529846691,130.632127201588,4.710725783081089
2025-09-08 09:06:00+02:00,465.08068340313207,329.17957887268676,135.90110453044528,131.1595748145132,4.741529715932074
2025-09-08 09:07:00+02:00,468.43588692873635,331.97960480596737,136.45628212276898,131.6840355064228,4.772246616346182
2025-09-08 09:08:00+02:00,471.7833352271804,334.7749371634149,137.00839806376547,132.20552257093857,4.8028754928268915
2025-09-08 09:09:00+02:00,475.1228869181798,337.5654224838356,137.5574644343442,132.72404907119406,4.833415363150157
2025-09-08 09:10:00+02:00,478.45440199031947,340.35090889954216,138.1034930907773,133.23962783689836,4.863865253878954
2025-09-08 09:11:00+02:00,481.77774180501603,343.13124613354404,138.64649567147197,133.75227147102407,4.8942242004478915
2025-09-08 09:12:00+02:00,485.09276906982666,345.906285471239,139.18648359858764,134.26199235162068,4.924491246966962
2025-09-08 09:13:00+02:00,488.3993478124785,348.675879732785,139.72346807969345,134.76880263366132,4.954665446032125
2025-09-08 09:14:00+02:00,491.6973455943204,351.4398851229105,140.25746047140993,135.2727145924547,4.984745878955236
2025-09-08 09:15:00+02:00,494.9866246142134,354.19815376846805,140.78847084574537,135.77373927106353,5.014731574681833
2025-09-08 09:16:00+02:00,498.2670549837777,356.9505448386585,141.31651014511922,136.2718885142013,5.04462163091793
2025-09-08 09:17:00+02:00,501.53850585106,359.6969171014524,141.84158874960755,136.76717361640087,5.0744151332066885
2025-09-08 09:18:00+02:00,504.8008475910025,362.43713075343044,142.36371683757204,137.25960566261418,5.104111174957876
2025-09-08 09:19:00+02:00,508.05395181256347,365.17104742047184,142.88290439209163,137.7491955345335,5.133708857558141
2025-09-08 09:20:00+02:00,511.2976913052045,367.8985301075958,143.39916119760875,138.23595390768068,5.163207289928056
2025-09-08 09:21:00+02:00,514.531940046342,370.61944320009036,143.9124968462517,138.71989125761803,5.192605588633679
2025-09-08 09:22:00+02:00,517.7565731797578,373.3336524403377,144.42292073942008,139.20101786168505,5.221902877735028
2025-09-08 09:23:00+02:00,520.9714669930635,376.041024903907,144.93044208915651,139.67934380053362,5.251098288622889
2025-09-08 09:24:00+02:00,524.1764989267238,378.74142900230703,145.43506992441675,140.15487896427229,5.280190960144455
2025-09-08 09:25:00+02:00,527.3715496614818,381.4347362383148,145.936813423167,140.62763336558857,5.309180057578421
2025-09-08 09:26:00+02:00,530.5564945651277,384.12081399033565,146.43568057479197,141.09761587970888,5.338064695083086
2025-09-08 09:27:00+02:00,533.731216526396,386.79953632632237,146.93168020007366,141.56483614789516,5.366844052178483
2025-09-08 09:28:00+02:00,536.895597358735,389.4707767538005,147.4248206049345,142.02930330914955,5.395517295784947
2025-09-08 09:29:00+02:00,540.0495199558337,392.13441003203116,147.91510992380253,142.49102632397808,5.424083599824469
2025-09-08 09:30:00+02:00,543.1928682423493,394.7903121260469,148.40255611630235,142.9500139714901,5.452542144812245
2025-09-08 09:31:00+02:00,546.3255271852064,397.4383602118923,148.88716697331412,143.40627485531425,5.480892117999882
2025-09-08 09:32:00+02:00,549.4473827741722,400.0784326559951,149.36895011817717,143.8598174049409,5.5091327132362515
2025-09-08 09:33:00+02:00,552.5583220040019,402.710408995925,149.84791300807686,144.3106498772323,5.537263130844566
2025-09-08 09:34:00+02:00,555.6582328846608,405.33416994497196,150.32406293968887,144.7587803619383,5.565282577750576
2025-09-08 09:35:00+02:00,558.7470043954438,407.9495973493256,150.79740704611817,145.20421677901226,5.593190267105921
2025-09-08 09:36:00+02:00,561.8245285559119,410.55657593877316,151.26795261713875,145.64696718011496,5.620985437023799
2025-09-08 09:37:00+02:00,564.8906921614265,413.1549863212653,151.73570584016116,146.0870385641811,5.648667275980032
2025-09-08 09:38:00+02:00,567.9453891487218,415.7447154540411,152.20067369468072,146.52443866015125,5.676235034529465
2025-09-08 09:39:00+02:00,570.988512345304,418.325649651502,152.66286269380205,146.95917474298534,5.7036879508167075
2025-09-08 09:40:00+02:00,574.0199554917899,420.8976762942752,153.12227919751479,147.39125392863681,5.731025268877965
2025-09-08 09:41:00+02:00,577.0396132551064,423.4606838367874,153.578929418319,147.82068317952348,5.758246238795523
2025-09-08 09:42:00+02:00,580.0473812118321,426.01456178958233,154.0328194222498,148.24746930567136,5.785350116578427
2025-09-08 09:43:00+02:00,583.0431558332106,428.5592007031041,154.48395513010647,148.67161896604566,5.812336164060813
2025-09-08 09:44:00+02:00,586.0268344973293,431.0944921746122,154.93234232271712,149.0931386736747,5.839203649042411
2025-09-08 09:45:00+02:00,588.9983154465397,433.6203288086369,155.37798663790278,149.51203479296592,5.865951844936856
2025-09-08 09:46:00+02:00,591.9574978004865,436.1366042247214,155.82089357576513,149.92831354484534,5.8925800309197784
2025-09-08 09:47:00+02:00,594.904283513285,438.64321471928326,156.26106879400174,150.34198128444064,5.919087509561122
2025-09-08 09:48:00+02:00,597.8385694632674,441.1400525331481,156.6985169301193,150.75304339441433,5.945473535704971
2025-09-08 09:49:00+02:00,600.7602593228155,443.6270159451984,157.13324337761702,151.16150595434425,5.971737423272784
2025-09-08 09:50:00+02:00,603.6692556043213,446.10400250391905,157.56525310040223,151.56737462666652,5.997878473735709
2025-09-08 09:51:00+02:00,606.5654616542992,448.57091072029044,157.9945509340087,151.97065493992446,6.023895994084243
2025-09-08 09:52:00+02:00,609.448781639963,451.02764005335456,158.42114158660848,152.37135228987313,6.0497892967353435
2025-09-08 09:53:00+02:00,612.3191205355645,453.47409089561233,158.8450296399521,152.76947194051635,6.07555769943574
2025-09-08 09:54:00+02:00,615.1763841366105,455.9101645822356,159.2662195543749,153.16501902895746,6.101200525417458
2025-09-08 09:55:00+02:00,618.0204790201017,458.335763354308,159.68471566579365,153.55799856272725,6.1267171030664045
2025-09-08 09:56:00+02:00,620.8513125588825,460.75079036823456,160.10052219064784,153.94841542457024,6.152106766077598
2025-09-08 09:57:00+02:00,623.6687929088023,463.1551496820173,160.51364322678504,154.33627437342074,6.1773688533643005
2025-09-08 09:58:00+02:00,626.4728289964416,465.54874624204683,160.92408275439476,154.72158004542234,6.202502708972417
2025-09-08 09:59:00+02:00,629.2633324008048,467.9314874873765,161.3318449134283,155.10433721446225,6.227507698966078
2025-09-08 10:00:00+02:00,632.0402098381003,470.30327692954955,161.73693290855067,155.4845497644396,6.252383144111077
2025-09-08 10:01:00+02:00,634.803374404928,472.66402375028207,162.13935065464602,155.86222223399753,6.277128420648499
2025-09-08 10:02:00+02:00,637.5527380717676,475.01363638972606,162.53910168204163,156.23735878899492,6.301742893046716
2025-09-08 10:03:00+02:00,640.288213548235,477.3520241363978,162.93618941183718,156.60996348109484,6.326225930742335
2025-09-08 10:04:00+02:00,643.0097142967458,479.67909713636953,163.33061716037622,156.9800402520932,6.3505769082830055
2025-09-08 10:05:00+02:00,645.7171544964447,481.99476635998093,163.72238813646368,157.34759293143674,6.374795205026941
2025-09-08 10:06:00+02:00,648.410449057814,484.2989436119098,164.1115054459043,157.71262524060938,6.398880205294928
2025-09-08 10:07:00+02:00,651.0895136119927,486.5915415196584,164.49797209233438,158.07514079403882,6.422831298295554
2025-09-08 10:08:00+02:00,653.7542645005221,488.87247352243384,164.88179097808833,158.435143100034,6.44664787805434
2025-09-08 10:09:00+02:00,656.4046187891851,491.14165388068346,165.26296490850163,158.79263556494587,6.470329343555767
2025-09-08 10:10:00+02:00,659.0404959967148,493.39899915447296,165.6414968422418,159.14762172803654,6.49387511420524
2025-09-08 10:11:00+02:00,661.6618110483495,495.64442216633176,166.01738888201768,159.5001043151113,6.517284566906406
2025-09-08 10:12:00+02:00,664.2684848761764,497.87784107711377,166.39064379906267,159.8500866682922,6.540557130770492
2025-09-08 10:13:00+02:00,666.8604373107476,500.099173296605,166.76126401414263,160.19757179050816,6.563692223634474
2025-09-08 10:14:00+02:00,669.437588896275,502.30833703572716,167.12925186054775,160.54256259225414,6.586689268293599
2025-09-08 10:15:00+02:00,671.9998608383894,504.5052512596539,167.49460957873555,160.88506188668114,6.609547692054412
2025-09-08 10:16:00+02:00,674.5471750235145,506.6898357023194,167.8573393211951,161.22507239427094,6.632266926924147
2025-09-08 10:17:00+02:00,677.0794540096264,508.8620108564377,168.2174431531887,161.5625967436436,6.654846409545098
2025-09-08 10:18:00+02:00,679.5966210222682,511.02169796805316,168.57492305421502,161.89763747303869,6.677285581176332
2025-09-08 10:19:00+02:00,682.0985999456738,513.1688190269186,168.92978091875509,162.2301970311246,6.69958388763049
2025-09-08 10:20:00+02:00,684.5853153367996,515.3032967765595,169.28201856024003,162.56027778082668,6.721740779413349
2025-09-08 10:21:00+02:00,687.0566940463918,517.4250561042231,169.63163794216868,162.8878822159887,6.743755726179983
2025-09-08 10:22:00+02:00,689.5126586142496,519.5340183682595,169.97864024599016,163.21301208807344,6.76562815791672
2025-09-08 10:23:00+02:00,691.9531372052719,521.63010992666,170.32302727861187,163.5356697251438,6.787357553468063
2025-09-08 10:24:00+02:00,694.3780569609644,523.7132564275178,170.66480053344668,163.85585715212622,6.808943381320448
2025-09-08 10:25:00+02:00,696.7873456767719,525.7833842470823,171.0039614296896,164.1735763151286,6.830385114561021
2025-09-08 10:26:00+02:00,699.1809317720029,527.8404204620995,171.34051130990343,164.48882907927853,6.851682230624903
2025-09-08 10:27:00+02:00,701.55874430382,529.8842928600213,171.67445144379877,164.80161723236748,6.872834211431301
2025-09-08 10:28:00+02:00,703.9207129596577,531.9149299307117,172.00578302894604,165.11194248561623,6.89384054332982
2025-09-08 10:29:00+02:00,706.2667680496731,533.9322608581979,172.33450719147527,165.4198064744291,6.914700717046169
2025-09-08 10:30:00+02:00,708.5968405209838,535.9362155311768,172.66062498980702,165.72521076198586,6.935414227821143
2025-09-08 10:31:00+02:00,710.9108619288232,537.9267245164993,172.98413741232392,166.02815683715653,6.9559805751673816
2025-09-08 10:32:00+02:00,713.2087659861285,539.9037203907659,173.3050455953626,166.3286463187146,6.97639927664801
2025-09-08 10:33:00+02:00,715.4904824032009,541.8671324383841,173.6233499648167,166.6266801516655,6.996669813151179
2025-09-08 10:34:00+02:00,717.7559461273881,543.8168945992667,173.93905152812147,166.92225981711516,7.016791711006317
2025-09-08 10:35:00+02:00,720.0050911810093,545.7529401658976,174.2521510151117,167.21538652787908,7.036764487232634
2025-09-08 10:36:00+02:00,722.2378521814471,547.675203089408,174.56264909203907,167.5060614289755,7.056587663063578
2025-09-08 10:37:00+02:00,724.4541643540745,549.5836179890978,174.87054636497672,167.79428560090855,7.076260764068154
2025-09-08 10:38:00+02:00,726.6539635262187,551.478120145667,175.17584338055164,168.0800600604421,7.095783320109551
2025-09-08 10:39:00+02:00,728.83718612055,553.3586454939615,175.4785406265885,168.36338576129245,7.115154865296064
2025-09-08 10:40:00+02:00,731.0037691692288,555.22513063362,175.77863853560882,168.64426359749154,7.134374938117278
2025-09-08 10:41:00+02:00,733.153650286258,557.0775128037304,176.07613748252754,168.92269440132247,7.153443081205056
2025-09-08 10:42:00+02:00,735.2867676828963,558.9157298946062,176.37103778829007,169.19867894680627,7.172358841483788
2025-09-08 10:43:00+02:00,737.4030601599575,560.7397204396549,176.66333972030262,169.47221795019618,7.19112177010643
2025-09-08 10:44:00+02:00,739.5024685052708,562.5494248186192,176.95304368665168,169.74331225179816,7.209731434853521
2025-09-08 10:45:00+02:00,741.584929886468,564.3447804224803,177.24014946398773,170.0119620935499,7.228187370437846
2025-09-08 10:46:00+02:00,743.6503862726031,566.1257289115182,177.5246573610849,170.278168207921,7.246489153163917
2025-09-08 10:47:00+02:00,745.6987788055465,567.8922113621641,177.80656744338245,170.54193109234117,7.26463635104129
2025-09-08 10:48:00+02:00,747.7300492073533,569.6441694786578,178.08587972869557,170.80325119242792,7.282628536267661
2025-09-08 10:49:00+02:00,749.7441397748763,571.3815455870069,178.3625941878694,171.06212890268034,7.300465285189069
2025-09-08 10:50:00+02:00,751.7409933930551,573.1042826450708,178.63671074798427,171.31856456955904,7.3181461784252235
2025-09-08 10:51:00+02:00,753.7205535102011,574.8123242198701,178.90822929033095,171.5725584896752,7.335670800655744
2025-09-08 10:52:00+02:00,755.6827641523075,576.5056144985834,179.17714965372406,171.82411091296717,7.353038740756874
2025-09-08 10:53:00+02:00,757.627569916612,578.1840982816499,179.4434716349621,172.07322204321463,7.370249591747472
2025-09-08 10:54:00+02:00,759.5549159672678,579.8477209777105,179.7071949895572,172.31989203879758,7.387302950759625
2025-09-08 10:55:00+02:00,761.4647493225935,581.4964297136125,179.96831960898098,172.56412117855052,7.404198430430459
2025-09-08 10:56:00+02:00,763.3570137211696,583.1301689010105,180.22684482015907,172.80590920666634,7.42093561349273
2025-09-08 10:57:00+02:00,765.2316573188363,584.7488868797021,180.4827704391341,173.04525631826206,7.437514120872041
2025-09-08 10:58:00+02:00,767.0886275495538,586.3525314800065,180.7360960695474,173.2821625033195,7.453933566227881
2025-09-08 10:59:00+02:00,768.9278724067976,587.9410511276262,180.98682127917135,173.516627711877,7.470193567294352
2025-09-08 11:00:00+02:00,770.749340456318,589.5143948534259,181.2349456028921,173.74865185689265,7.4862937459994665
2025-09-08 11:01:00+02:00,772.5529808140444,591.0725122731092,181.48046854093528,173.97823481266187,7.50223372827342
2025-09-08 11:02:00+02:00,774.3387431589856,592.6153535971428,181.7233895618429,174.20537641767416,7.51801314416875
2025-09-08 11:03:00+02:00,776.1065777281048,594.1428696251148,181.9637081029899,174.43007647517226,7.533631627817649
2025-09-08 11:04:00+02:00,777.8564353127483,595.6550117414571,182.20142357129126,174.65233475388374,7.549088817407523
2025-09-08 11:05:00+02:00,779.5882672698729,597.1517319239557,182.4365353459171,174.8721509906352,7.564384355281915
2025-09-08 11:06:00+02:00,781.3020266447984,598.6329837130593,182.66904293173909,175.0895250338803,7.57951789785879
2025-09-08 11:07:00+02:00,782.997663598737,600.0987182584927,182.8989453402443,175.30445626498522,7.594489075259084
2025-09-08 11:08:00+02:00,784.6751322997644,601.5488902741778,183.1262420255866,175.5169444734253,7.60929755216131
2025-09-08 11:09:00+02:00,786.3343863098049,602.9834540500267,183.35093225977823,175.72698927271048,7.623942987067743
2025-09-08 11:10:00+02:00,787.9753797513472,604.4023644591928,183.57301529215442,175.9345902495431,7.638425042611331
2025-09-08 11:11:00+02:00,789.5980672880523,605.8055769401858,183.79249034786653,176.13974696247894,7.652743385387606
2025-09-08 11:12:00+02:00,791.2024041363246,607.1930475057706,184.0093566305541,176.34245894449424,7.666897686059863
2025-09-08 11:13:00+02:00,792.7883460615592,608.5647327386251,184.22361332293409,176.54272570360462,7.680887619329456
2025-09-08 11:14:00+02:00,794.3558493743856,609.9205897870102,184.43525958737536,176.74054672347037,7.694712863904975
2025-09-08 11:15:00+02:00,795.9048709414726,611.2605763730378,184.64429456843482,176.9359214658351,7.708373102599734
2025-09-08 11:16:00+02:00,797.4353681673986,612.5846507759275,184.85071739147116,177.1288493692967,7.7218680221744656
2025-09-08 11:17:00+02:00,798.9473000135445,613.8927727125358,185.05452730100865,177.31932997868606,7.735197322322577
2025-09-08 11:18:00+02:00,800.4406229511344,615.1848998348119,185.25572311632249,177.5073624363286,7.748360679993868
2025-09-08 11:19:00+02:00,801.9152970415425,616.46099298945,185.45430405209248,177.69294624909003,7.761357803002447
2025-09-08 11:20:00+02:00,803.3712818782883,617.7210127059577,185.65026917233058,177.8760807780805,7.77418839425008
2025-09-08 11:21:00+02:00,804.8085375904737,618.9649200637812,185.84361752669255,178.05676536611617,7.786852160576376
2025-09-08 11:22:00+02:00,806.227024853225,620.1926767003442,186.0343481528807,178.23499934002837,7.799348812852332
2025-09-08 11:23:00+02:00,807.6267048840155,621.4042448068744,186.22246007714102,178.41078201119325,7.811678065947767
2025-09-08 11:24:00+02:00,809.0075394403693,622.5995871254441,186.4079523149252,178.58411267620977,7.823839638715446
2025-09-08 11:25:00+02:00,810.3694908289622,623.7786669558758,186.59082387308644,178.7549906190166,7.8358332540698195
2025-09-08 11:26:00+02:00,811.7125218901142,624.9414481413669,186.77107374874737,178.9234151098945,7.847658638852862
2025-09-08 11:27:00+02:00,813.0365960077397,626.0878950761573,186.9487009315824,179.08938540765934,7.859315523923076
2025-09-08 11:28:00+02:00,814.3416771062039,627.2179727018729,187.12370440433094,179.2529007602029,7.870803644128042
2025-09-08 11:29:00+02:00,815.627730503713,628.3316472456315,187.2960832580815,179.4139605122652,7.8821227458163055
2025-09-08 11:30:00+02:00,816.8947194846802,629.4288832508768,187.4658362338034,179.5725636771321,7.893272556671297
2025-09-08 11:31:00+02:00,818.1426104593903,630.5096480445573,187.6329624148331,179.72870958370927,7.904252831123824
2025-09-08 11:32:00+02:00,819.3713695109903,631.5739087461048,187.7974607648855,179.88239744492478,7.915063319960724
2025-09-08 11:33:00+02:00,820.5809632613638,632.621633016345,187.95933024501883,180.03362646707305,7.925703777945787
2025-09-08 11:34:00+02:00,821.771358869086,633.6527890548584,188.11856981422764,180.18239585042355,7.936173963804087
2025-09-08 11:35:00+02:00,822.9425240377726,634.6673456063556,188.27517843141695,180.32870479112216,7.9464736402947915
2025-09-08 11:36:00+02:00,824.0944270024115,635.6652719479877,188.42915505442386,180.4725524803334,7.95660257409046
2025-09-08 11:37:00+02:00,825.2270365383004,636.6465378962564,188.58049864204395,180.61393810618688,7.966560535857059
2025-09-08 11:38:00+02:00,826.3403219584427,637.6111138039323,188.72920815451033,180.75286085427993,7.976347300230403
2025-09-08 11:39:00+02:00,827.4342531113812,638.5589705573661,188.87528255401503,180.88931990821774,7.9859626457972785
2025-09-08 11:40:00+02:00,828.508801103281,639.4900802013975,189.01872090188357,181.02331454044202,7.995406361441563
2025-09-08 11:41:00+02:00,829.5639354162219,640.4044134414962,189.15952197472564,181.15484375370704,8.004678221018585
2025-09-08 11:42:00+02:00,830.5996282396139,641.3019433962139,189.2976848434,181.2839068219784,8.013778021421574
2025-09-08 11:43:00+02:00,831.61585157283,642.1826430858423,189.43320848698778,181.41050292987026,8.022705557117519
2025-09-08 11:44:00+02:00,832.6125779502802,643.0464860599294,189.56609189035072,181.53463126383127,8.031460626519461
2025-09-08 11:45:00+02:00,833.5897804486269,643.8934464027903,189.69633404583652,181.65629101378718,8.040043032049333
2025-09-08 11:46:00+02:00,834.5474326756537,644.7234987231285,189.82393395252515,181.77548137248493,8.048452580040223
2025-09-08 11:47:00+02:00,835.4855087776166,645.5366181596925,189.9488906179241,181.89220153712364,8.05668908080046
2025-09-08 11:48:00+02:00,836.4039834372002,646.3327803787926,190.07120305840755,182.00645070981278,8.064752348594753
2025-09-08 11:49:00+02:00,837.3028318719794,647.1119615722805,190.19087029969887,182.11822809806776,8.07264220163111
2025-09-08 11:50:00+02:00,838.1820298408968,647.8741384624792,190.3078913784176,182.227532916301,8.080358462116603
2025-09-08 11:51:00+02:00,839.041554203796,648.6192887866016,190.42226541719438,182.3343644560289,8.087900961165468
2025-09-08 11:52:00+02:00,839.8813806363031,649.3473893150347,190.53399132126845,182.43872180251867,8.09526951874978
2025-09-08 11:53:00+02:00,840.7014870858764,650.0584188468576,190.64306823901867,182.5406042649952,8.102463974023465
2025-09-08 11:54:00+02:00,841.5018514517415,650.7523561978899,190.74949525385153,182.64001108888877,8.109484164962751
2025-09-08 11:55:00+02:00,842.2824521739236,651.4291807107187,190.85327146320495,182.73694152966937,8.11632993353559
2025-09-08 11:56:00+02:00,843.043268224086,652.0888722461483,190.95439597793765,182.83139485231834,8.12300112561932
2025-09-08 11:57:00+02:00,843.7842791116703,652.7314111879366,191.05286792373374,182.92337033267899,8.129497591054749
2025-09-08 11:58:00+02:00,844.5054648824137,653.356778440931,191.14868644148265,183.01286725785013,8.135819183632533
2025-09-08 11:59:00+02:00,845.2068061169847,653.9649554293221,191.2418506876626,183.0998849265826,8.141965761079996
2025-09-08 12:00:00+02:00,845.8882839360964,654.5559241005258,191.33235983557066,183.18442265046588,8.147937185104768
2025-09-08 12:01:00+02:00,846.5498799929267,655.1296669180767,191.4202130748499,183.26647975352103,8.153733321328877
2025-09-08 12:02:00+02:00,847.1915769017664,655.6861672328463,191.5054096689202,183.34605562587942,8.159354043040782
2025-09-08 12:03:00+02:00,847.8133565292057,656.225407800587,191.58794872861873,183.4231495123889,8.164799216229836
2025-09-08 12:04:00+02:00,848.4152025743232,656.7473730190588,191.66782955526435,183.49776083308228,8.170068722182055
2025-09-08 12:05:00+02:00,848.9970988392558,657.2520474277475,191.7450514115083,183.56988896917372,8.175162442334585
2025-09-08 12:06:00+02:00,849.55902965897,657.7394160800978,191.8196135788721,183.63953331683567,8.180080262036434
2025-09-08 12:07:00+02:00,850.1009799061321,658.2094645472919,191.89151535884022,183.70669328824783,8.18482207059239
2025-09-08 12:08:00+02:00,850.622934989858,658.6621789167241,191.9607560731339,183.7713683118835,8.189387761250398
2025-09-08 12:09:00+02:00,851.1248808548279,659.0975457908129,192.027335064015,183.833557832822,8.193777231193005
2025-09-08 12:10:00+02:00,851.6068039851193,659.5155522899174,192.09125169520192,183.8932613136311,8.19799038157082
2025-09-08 12:11:00+02:00,852.0686913985214,659.9161860470134,192.15250535150804,183.95047823405687,8.202027117451165
2025-09-08 12:12:00+02:00,852.5105306505109,660.2994352107647,192.2110954397461,184.00520809189277,8.20588734785333
2025-09-08 12:13:00+02:00,852.9323098332209,660.6652884442665,192.26702138895445,184.05745040321642,8.209570985738038
2025-09-08 12:14:00+02:00,853.3340178381122,661.0137351525422,192.32028268557013,184.10720473527084,8.213077950299299
2025-09-08 12:15:00+02:00,853.715643292044,661.3447645593425,192.3708787327015,184.15447057502442,8.21640815767708
2025-09-08 12:16:00+02:00,854.077176173669,661.6583671089165,192.41880906475254,184.1992475296839,8.219561535068634
2025-09-08 12:17:00+02:00,854.4186067221283,661.954533519091,192.46407320303732,184.24153519184037,8.222538011196933
2025-09-08 12:18:00+02:00,854.7399257137081,662.2332550209677,192.50667069274033,184.2813331740107,8.22533751872963
2025-09-08 12:19:00+02:00,855.041124461022,662.4945233579404,192.54660110308163,184.31864110881259,8.227959994269039
2025-09-08 12:20:00+02:00,855.3221948152545,662.7383307873839,192.58386402787065,184.3534586494995,8.230405378371152
2025-09-08 12:21:00+02:00,855.5831291629808,662.9646700776611,192.61845908531959,184.38578546980102,8.232673615518562
2025-09-08 12:22:00+02:00,855.8239204283068,663.1735345097528,192.65038591855392,184.41562126441661,8.234764654137296
2025-09-08 12:23:00+02:00,856.0445620725662,663.364917876792,192.67964419577427,184.4429657491786,8.236678446595665
2025-09-08 12:24:00+02:00,856.245048093702,663.5388144833302,192.70623361037192,184.46781866117578,8.238414949196148
2025-09-08 12:25:00+02:00,856.4253731422144,663.6952192457344,192.73015389648006,184.490179773301,8.239974123179062
2025-09-08 12:26:00+02:00,856.5855320484502,663.8341272820197,192.75140476643045,184.51004883579628,8.24135593063418
2025-09-08 12:27:00+02:00,856.7255205500379,663.9555345426531,192.76998600738474,184.52742566659165,8.242560340793089
2025-09-08 12:28:00+02:00,856.8453347940092,664.0594373785835,192.78589741542567,184.54231008970618,8.243587325719503
2025-09-08 12:29:00+02:00,856.9449714645538,664.1458326519436,192.7991388126102,184.55470195119364,8.244436861416583
2025-09-08 12:30:00+02:00,857.0244277836048,664.2147177364608,192.809710047144,184.56460111931347,8.24510892783053
2025-09-08 12:31:00+02:00,857.083701509868,664.2660905165411,192.81761099332692,184.57200748448358,8.245603508843335
2025-09-08 12:32:00+02:00,857.1227909393915,664.2999493876944,192.82284155169714,184.5769209594217,8.245920592275448
2025-09-08 12:33:00+02:00,857.1416949056994,664.3162932566128,192.82540164908661,184.57934147919664,8.246060169889969
2025-09-08 12:34:00+02:00,857.1404127794304,664.3151215408195,192.82529123861093,184.5792690012251,8.246022237385834
2025-09-08 12:35:00+02:00,857.1189444687002,664.296434168977,192.8225102997231,184.57670350531842,8.245806794404668
2025-09-08 12:36:00+02:00,857.0772903840517,664.2602315504329,192.81705883361883,184.5716449894173,8.245413844201524
2025-09-08 12:37:00+02:00,857.0154515639506,664.2065146842932,192.8089368796574,184.56409348483564,8.244843394821777
2025-09-08 12:38:00+02:00,856.933429507204,664.1352850138098,192.7981444933942,184.55404903587342,8.244095457520796
2025-09-08 12:39:00+02:00,856.8312262711579,664.0465445117943,192.78468175936365,184.54151171166652,8.243170047697129
2025-09-08 12:40:00+02:00,856.7088444499474,663.9402956617789,192.76854878816846,184.5264816034828,8.242067184685654
2025-09-08 12:41:00+02:00,856.5662871754879,663.8165414589575,192.74974571653033,184.50895882476485,8.24078689176548
2025-09-08 12:42:00+02:00,856.4035581167215,663.6752854096329,192.7282727070885,184.48894351093543,8.239329196153092
2025-09-08 12:43:00+02:00,856.2206614798471,663.5165315315346,192.70412994831247,184.4664358193068,8.237694129005659
2025-09-08 12:44:00+02:00,856.0176020086482,663.3402843542364,192.6773176544118,184.44143592898808,8.23588172542373
2025-09-08 12:45:00+02:00,855.7943849829966,663.146548918008,192.64783606498858,184.41394404054944,8.233892024439156
2025-09-08 12:46:00+02:00,855.5510162209572,662.9353307758041,192.6156854451531,184.3839603761204,8.231725069032718
2025-09-08 12:47:00+02:00,855.2875018939333,662.706635833023,192.58086606091027,184.35148515641828,8.229380904491988
2025-09-08 12:48:00+02:00,855.0038492473079,662.4604709731168,192.54337827419107,184.31651868937018,8.226859584820879
2025-09-08 12:49:00+02:00,854.7000655406985,662.1968431380877,192.50322240261067,184.27906123929841,8.22416116331227
2025-09-08 12:50:00+02:00,854.3761587390493,661.9157599285013,192.460398810548,184.23911311184904,8.22128569869897
2025-09-08 12:51:00+02:00,854.0321373459531,661.6172294590704,192.4149078868827,184.1966746332128,8.218233253669881
2025-09-08 12:52:00+02:00,853.6680104013448,661.3012603569149,192.36675004442984,184.15174614958048,8.215003894849358
2025-09-08 12:53:00+02:00,853.2837874822059,660.9678617624551,192.3159257197508,184.1043280269439,8.211597692806903
2025-09-08 12:54:00+02:00,852.8794787022478,660.6170433294199,192.2624353728279,184.0544206507769,8.208014722050997
2025-09-08 12:55:00+02:00,852.4550947129479,660.2488152260628,192.2062794868851,184.00202442584222,8.204255061042897
2025-09-08 12:56:00+02:00,852.0106467001308,659.8631881325118,192.1474585676189,183.94713977545464,8.200318792164259
2025-09-08 12:57:00+02:00,851.5461463887272,659.460173245241,192.08597314348617,183.88976714172512,8.196206001761055
2025-09-08 12:58:00+02:00,851.061606039647,659.0397822747094,192.02182376493764,183.82990698482052,8.1919167801171
2025-09-08 12:59:00+02:00,850.5570381063322,658.6020271477657,191.9550109585665,183.76755974015208,8.18745121841443
2025-09-08 13:00:00+02:00,850.0324565978053,658.1469211905821,191.88553540722322,183.7027259864259,8.18280942079732
2025-09-08 13:01:00+02:00,849.4878750541662,657.6744773726298,191.81339768153643,183.63540619507992,8.177991486456511
2025-09-08 13:02:00+02:00,848.9233078827232,657.1847094663002,191.738598416423,183.56560089496935,8.172997521453656
2025-09-08 13:03:00+02:00,848.3387700273398,656.6776317604673,191.66113826687254,183.49331063107513,8.167827635797405
2025-09-08 13:04:00+02:00,847.7342769683812,656.1532590608822,191.58101790749905,183.41853596405554,8.162481943443508
2025-09-08 13:05:00+02:00,847.109844723766,655.6116066915387,191.4982380322273,183.3412774699244,8.156960562302924
2025-09-08 13:06:00+02:00,846.4654898444389,655.0526904912285,191.41279935321046,183.2615357390039,8.151263614206554
2025-09-08 13:07:00+02:00,845.8012294211004,654.4765268198546,191.32470260124583,183.17931137628472,8.145391224961118
2025-09-08 13:08:00+02:00,845.1170810797112,653.8831325550398,191.2339485246714,183.09460500035817,8.139343524313235
2025-09-08 13:09:00+02:00,844.4130629825586,653.2725250935639,191.14053788899463,183.0074172430362,8.133120645958417
2025-09-08 13:10:00+02:00,843.689193337568,652.644721926333,191.044471411235,182.9177486880291,8.126722723205912
2025-09-08 13:11:00+02:00,842.9454923478041,651.9997423296873,190.94575001811685,182.82560011190773,8.120149906209111
2025-09-08 13:12:00+02:00,842.1819793070508,651.337604846986,190.8443744600648,182.73097212376885,8.113402336295954
2025-09-08 13:13:00+02:00,841.3986745228262,650.6583289570041,190.74034556582222,182.6338654028553,8.106480162966944
2025-09-08 13:14:00+02:00,840.5955988389203,649.9619346604081,190.63366417851213,182.53428063883737,8.099383539674756
2025-09-08 13:15:00+02:00,839.7727736369709,649.2484424817221,190.52433115524872,182.43221853140906,8.092112623839654
2025-09-08 13:16:00+02:00,838.9302208303532,648.5178734646418,190.41234736571144,182.32767978891405,8.084667576797385
2025-09-08 13:17:00+02:00,838.0679628732942,647.7702491805564,190.29771369273777,182.22066512886013,8.07704856387764
2025-09-08 13:18:00+02:00,837.1860227548862,647.0055917239993,190.18043103088695,182.11117527653275,8.069255754354204
2025-09-08 13:19:00+02:00,836.2844240005932,646.2239237146005,190.06050028599265,181.9992109645351,8.06128932145755
2025-09-08 13:20:00+02:00,835.3631906740588,645.4252682993219,189.93792237473687,181.88477293234368,8.053149442393192
2025-09-08 13:21:00+02:00,834.4223467327593,644.609648594555,189.81269813820433,181.7678618455571,8.044836292647242
2025-09-08 13:22:00+02:00,833.461918575131,643.7770898948959,189.68482868023509,181.64847861174178,8.036350068493295
2025-09-08 13:23:00+02:00,832.4819312483529,642.9276163863633,189.5543148619896,181.52662390850355,8.027690953486058
2025-09-08 13:24:00+02:00,831.4824109606335,642.0612533250467,189.42115763558687,181.40229849492607,8.018859140660792
2025-09-08 13:25:00+02:00,830.4633844588448,641.1780264982832,189.28535796056158,181.2755031335292,8.00985482703237
2025-09-08 13:26:00+02:00,829.4248790210386,640.2779622189128,189.1469168021258,181.14623858859417,8.000678213531605
2025-09-08 13:27:00+02:00,828.3669224679024,639.3610873359567,189.00583513194584,181.01450562683985,7.991329505105983
2025-09-08 13:28:00+02:00,827.2895431553484,638.4274292289529,188.8621139263955,180.8803050157413,7.981808910654187
2025-09-08 13:29:00+02:00,826.1927699765278,637.4770158104806,188.7157541660472,180.7436375230018,7.9721166430453945
2025-09-08 13:30:00+02:00,825.0766323640619,636.5098755288751,188.56675683518677,180.60450391604826,7.962252919138512
2025-09-08 13:31:00+02:00,823.9411602818784,635.5260373619499,188.41512291992856,180.46290496021993,7.95221795970863
2025-09-08 13:32:00+02:00,822.7863834569936,634.5255301522408,188.26085330475283,180.3188413220923,7.942011982660527
2025-09-08 13:33:00+02:00,821.6123344818637,633.5083852956853,188.10394918617837,180.17231395573336,7.931635230445001
2025-09-08 13:34:00+02:00,820.4190441704045,632.4746327188734,187.94441145153104,180.02332352251432,7.921087929016732
2025-09-08 13:35:00+02:00,819.2065446450422,631.4243035545722,187.7822410904699,179.87187077535395,7.91037031511595
2025-09-08 13:36:00+02:00,817.9748685599913,630.3574294696085,187.61743909038273,179.7179564609773,7.899482629405449
2025-09-08 13:37:00+02:00,816.7240491150459,629.274042677677,187.45000643736887,179.56158132077888,7.888425116589971
2025-09-08 13:38:00+02:00,815.4541200468457,628.174175932656,187.27994411418968,179.40274608884826,7.877198025341425
2025-09-08 13:39:00+02:00,814.165115631439,627.0578625317102,187.10725309972887,179.2414514914109,7.865801608317942
2025-09-08 13:40:00+02:00,812.8570706870062,625.9251363185525,186.93193436845368,179.07769824626365,7.8542361221900405
2025-09-08 13:41:00+02:00,811.5300205644577,624.7760316762107,186.75398888824705,178.91148706069183,7.8425018275552265
2025-09-08 13:42:00+02:00,810.1840011623364,623.6105835408537,186.57341762148266,178.7428186324124,7.830598989070272
2025-09-08 13:43:00+02:00,808.8190489175265,622.4288273946777,186.3902215228489,178.57169364748177,7.818527875367132
2025-09-08 13:44:00+02:00,807.4351998737405,621.2307984604477,186.2044014132929,178.39811266247926,7.806288750813646
2025-09-08 13:45:00+02:00,806.0324934091499,620.0165349294869,186.01595847966306,178.22207657118193,7.793881908481125
2025-09-08 13:46:00+02:00,804.6109666584548,618.7860731336987,185.8248935247561,178.04358590394563,7.781307620810479
2025-09-08 13:47:00+02:00,803.1706582282087,617.5394507630456,185.63120746516313,177.86264129269213,7.768566172471002
2025-09-08 13:48:00+02:00,801.7116072653554,616.2767060601109,185.43490120524447,177.67924335312625,7.755657852118232
2025-09-08 13:49:00+02:00,800.2338534602209,614.9978778236938,185.23597563652706,177.4933926841047,7.742582952422358
2025-09-08 13:50:00+02:00,798.7374370499315,613.7030054127691,185.03443163716236,177.30508986706826,7.729341770094083
2025-09-08 13:51:00+02:00,797.2223988077592,612.3921287382899,184.83027006946935,177.11433546367888,7.715934605790478
2025-09-08 13:52:00+02:00,795.6887800604131,611.0652882791788,184.62349178123424,176.92113001696902,7.7023617642652145
2025-09-08 13:53:00+02:00,794.1366226775735,609.7225250743122,184.41409760326127,176.7254740489872,7.688623554274063
2025-09-08 13:54:00+02:00,792.5659690752937,608.3638807265139,184.20208834877977,176.52736806017688,7.674720288602878
2025-09-08 13:55:00+02:00,790.9768611477981,606.9893964797324,183.9874646680657,176.3268123934564,7.660652274609307
2025-09-08 13:56:00+02:00,789.3693445312747,605.5991169079552,183.7702276233195,176.12380777135328,7.646419851966211
2025-09-08 13:57:00+02:00,787.7434622285208,604.1930844019895,183.55037782653133,175.91835449031123,7.632023336220114
2025-09-08 13:58:00+02:00,786.0992588480434,602.7713428372106,183.32791601083287,175.71045295451668,7.617463056316185
2025-09-08 13:59:00+02:00,784.4367795484102,601.3339366615544,183.10284288685577,175.5001035416066,7.602739345249178
2025-09-08 14:00:00+02:00,782.7560700421589,599.8809109000156,182.87515914214333,175.2873066020471,7.5878525400962475
2025-09-08 14:01:00+02:00,781.0571765841916,598.4123111457416,182.64486543844995,175.07206245653998,7.572802981909984
2025-09-08 14:02:00+02:00,779.3401459913515,596.9281835781002,182.41196241325136,174.85437139736183,7.557591015889535
2025-09-08 14:03:00+02:00,777.605025630945,595.4285749539059,182.17645067703904,174.63423368576446,7.542216991274598
2025-09-08 14:04:00+02:00,775.8518634247896,593.9135326120845,181.93833081270506,174.41164955132678,7.526681261378275
2025-09-08 14:05:00+02:00,774.0807078535266,592.3831044785742,181.69760337495248,174.18661919133112,7.510984183621369
2025-09-08 14:06:00+02:00,772.291606738784,590.8373380153671,181.45426872341696,173.9591426146845,7.495126108732459
2025-09-08 14:07:00+02:00,770.4846120748562,589.2762843961307,181.2083276787255,173.72922025515203,7.479107423573474
2025-09-08 14:08:00+02:00,768.659772818439,587.6999922778011,180.9597805406379,173.496852053415,7.462928487222869
2025-09-08 14:09:00+02:00,766.8171396797319,586.1085119414007,180.70862773833122,173.26203806489033,7.44658967344087
2025-09-08 14:10:00+02:00,764.9567639336906,584.5018942661384,180.45486966755215,173.02477830742788,7.430091360124276
2025-09-08 14:11:00+02:00,763.0786974072196,582.8801907196042,180.19850668761532,172.78507275842426,7.4134339291910685
2025-09-08 14:12:00+02:00,761.1829925012851,581.2434533781234,179.9395391231617,172.5429213563916,7.3966177667701
2025-09-08 14:13:00+02:00,759.2697021784273,579.5917349172458,179.67796726118146,172.2983239980958,7.379643263085663
2025-09-08 14:14:00+02:00,757.3388799676065,577.9250886172169,179.41379135038963,172.05128053789494,7.3625108124946825
2025-09-08 14:15:00+02:00,755.3905799692553,576.2435683686377,179.1470116006176,171.80179078709153,7.345220813526043
2025-09-08 14:16:00+02:00,753.4248568422329,574.5472286625201,178.87762817971276,171.5498545109536,7.32777366875915
2025-09-08 14:17:00+02:00,751.4417644877446,572.8361234561166,178.605641031628,171.29547125849405,7.310169773133958
2025-09-08 14:18:00+02:00,749.4413613822722,571.1103107756112,178.33105060666105,171.03864104537544,7.2924095612856075
2025-09-08 14:19:00+02:00,747.423702581515,569.3698458180961,178.05385676341896,170.77936332685928,7.274493436559681
2025-09-08 14:20:00+02:00,745.3888450483944,567.6147855503427,177.7740594980517,170.51763767975328,7.256421818298436
2025-09-08 14:21:00+02:00,743.33684631201,565.8451875529978,177.49165875901227,170.25346362908243,7.23819512992984
2025-09-08 14:22:00+02:00,741.2677644919358,564.0611100429408,177.20665444899504,169.98684064981697,7.2198137991780795
2025-09-08 14:23:00+02:00,739.1816582851745,562.2626118634391,176.91904642173537,169.71776816379727,7.2012782579381005
2025-09-08 14:24:00+02:00,737.0785869715845,560.4497524902632,176.62883448132126,169.44624553900252,7.1825889423187395
2025-09-08 14:25:00+02:00,734.9586104200871,558.6225920384732,176.33601838161397,169.17227208892712,7.16374629268685
2025-09-08 14:26:00+02:00,732.8217890746092,556.78119125177,176.04059782283926,168.8958470693019,7.144750753537353
2025-09-08 14:27:00+02:00,730.6681839799602,554.9256115262699,175.74257245369026,168.61696967997722,7.125602773713049
2025-09-08 14:28:00+02:00,728.4978567682599,553.0559149002994,175.44194186796057,168.33563906168527,7.1063028062752975
2025-09-08 14:29:00+02:00,726.3108681928221,551.1721627931769,175.13870539964523,168.05185410418986,7.086851295455361
2025-09-08 14:30:00+02:00,724.1072840120054,549.2744210745675,174.8328629374379,167.76561420845943,7.067248728978495
2025-09-08 14:31:00+02:00,721.8871661758208,547.362752474645,174.5244137011757,167.47691814150926,7.047495559666434
2025-09-08 14:32:00+02:00,719.6505787077799,545.4372216521616,174.2133570556183,167.18576479787683,7.027592257741486
2025-09-08 14:33:00+02:00,717.3975862303253,543.4978939258081,173.89969230451723,166.89215300681718,7.0075392977000455
2025-09-08 14:34:00+02:00,715.1282539712007,541.5448352813041,173.58341868989658,166.59608153153516,6.987337158361418
2025-09-08 14:35:00+02:00,712.8426477704077,539.5781123789988,173.26453539140886,166.29754906849033,6.966986322918517
2025-09-08 14:36:00+02:00,710.5408340660426,537.5977925433194,172.94304152272323,165.9965542439237,6.94648727879953
2025-09-08 14:37:00+02:00,708.2228799221815,535.6039437884274,172.6189361337541,165.69309561584578,6.925840517908305
2025-09-08 14:38:00+02:00,705.8888530151833,533.596634808101,172.2922182070822,165.3871716705948,6.905046536487396
2025-09-08 14:39:00+02:00,703.5388216404597,531.5759349832634,171.96288665719626,165.07878082202623,6.884105835170044
2025-09-08 14:40:00+02:00,701.1728531282733,529.5419130218877,171.63094010638562,164.76792120154064,6.8630189048449886
2025-09-08 14:41:00+02:00,698.7910201859393,527.4946424128766,171.29637777306266,164.45459148988814,6.841786283174514
2025-09-08 14:42:00+02:00,696.3933914080587,525.4341932694621,170.95919813859663,164.1387896685946,6.8204084700020475
2025-09-08 14:43:00+02:00,693.9800375977335,523.3606377655967,170.61939983213676,163.82051384846085,6.79888598367591
2025-09-08 14:44:00+02:00,691.551030193169,521.2740487849823,170.2769814081868,163.49976206117321,6.7772193470135855
2025-09-08 14:45:00+02:00,689.1064412755873,519.1744999296941,169.9319413458932,163.17653225853385,6.75540908735935
2025-09-08 14:46:00+02:00,686.6463435543961,517.0620655093045,169.58427804509162,162.85082230865228,6.733455736439346
2025-09-08 14:47:00+02:00,684.1708103984345,514.9368205695873,169.23398982884711,162.52262999822392,6.711359830623199
2025-09-08 14:48:00+02:00,681.6799158210218,512.798840881588,168.8810749394338,162.19195302865361,6.689121910780177
2025-09-08 14:49:00+02:00,679.1737344887408,510.6482029510866,168.52553153765416,161.8587890153149,6.66674252233926
2025-09-08 14:50:00+02:00,676.6523417298431,508.48498402776744,168.1673577020756,161.52313548672504,6.644222215350575
2025-09-08 14:51:00+02:00,674.1158118133756,506.30926063127487,167.80655118210072,161.18498965300557,6.621561529095137
2025-09-08 14:52:00+02:00,671.5642247954822,504.1211144253595,167.44311037012267,160.8443493168885,6.598761053234173
2025-09-08 14:53:00+02:00,668.9976562991324,501.92062345340014,167.07703284573216,160.50121150924392,6.5758213364882545
2025-09-08 14:54:00+02:00,666.4161843167949,499.7078679758327,166.70831634096214,160.1555733935717,6.552742947390433
2025-09-08 14:55:00+02:00,663.8198875237472,497.48292902530676,166.33695849844048,159.80743203923726,6.5295264592032245
2025-09-08 14:56:00+02:00,661.2088452633193,495.24588839616445,165.9629568671549,159.4567844173857,6.506172449769208
2025-09-08 14:57:00+02:00,658.583137580549,492.9968286754342,165.58630890511478,159.10362740332093,6.482681501793846
2025-09-08 14:58:00+02:00,655.9428452076943,490.7358332325968,165.20701197509746,158.74795777239953,6.459054202697925
2025-09-08 14:59:00+02:00,653.2880495738558,488.46298623004583,164.82506334381,158.38977219912425,6.435291144685748
2025-09-08 15:00:00+02:00,650.6188328150088,486.1783726339229,164.44046018108585,158.02906725627005,6.411392924815807
2025-09-08 15:01:00+02:00,647.9352777591932,483.8820782037255,164.05319955546773,157.66583941061816,6.387360144849557
2025-09-08 15:02:00+02:00,645.2374661479162,481.5741879733064,163.66327817460984,157.3000847793144,6.363193395295433
2025-09-08 15:03:00+02:00,642.5254858674075,479.25479243892005,163.27069342848748,156.93180010831554,6.338893320171927
2025-09-08 15:04:00+02:00,639.7994201046911,476.92397828496206,162.87544181972908,156.56098129988231,6.314460519846761
2025-09-08 15:05:00+02:00,637.0593545849922,474.58183457816784,162.47752000682436,156.1876243909789,6.289895615845465
2025-09-08 15:06:00+02:00,634.3053757531013,472.22845121409154,162.07692453900972,155.81172530447046,6.265199234539254
2025-09-08 15:07:00+02:00,631.5375708096323,469.86391895059484,161.67365185903742,155.43327985158754,6.240372007449885
2025-09-08 15:08:00+02:00,628.7560276971013,467.4883293984749,161.26769829862647,155.05228372752563,6.215414571100848
2025-09-08 15:09:00+02:00,625.9608351107538,465.1017750332911,160.85906007746263,154.66873251036762,6.1903275670950055
2025-09-08 15:10:00+02:00,623.152082510923,462.7043492085245,160.44773330239855,154.2826216602005,6.165111642198056
2025-09-08 15:11:00+02:00,620.3298601078515,460.29614614528106,160.03371396257043,153.89394651438644,6.139767448183977
2025-09-08 15:12:00+02:00,617.4942589004133,457.87726096803493,159.61699793237844,153.5027022902239,6.11429564215453
2025-09-08 15:13:00+02:00,614.6453706618197,455.44778969516176,159.19758096665794,153.10888408026932,6.08869688638862
2025-09-08 15:14:00+02:00,611.783286028371,453.00782761262485,158.77545841574613,152.71248658461096,6.062971831135176
2025-09-08 15:15:00+02:00,608.9081021977483,450.55747583918173,158.3506263585666,152.3135051747787,6.03712118378789
2025-09-08 15:16:00+02:00,606.0199113994689,448.09683150016565,157.9230798993033,151.91193429407423,6.011145605229067
2025-09-08 15:17:00+02:00,603.1188086028899,445.6259943020806,157.49281430080924,151.50776852173058,5.985045779078669
2025-09-08 15:18:00+02:00,600.2048895885987,443.1450648911483,157.05982469745032,151.10100230311377,5.958822394336554
2025-09-08 15:19:00+02:00,597.2782509618484,440.6541448677661,156.62410609408224,150.6916299486071,5.932476145475147
2025-09-08 15:20:00+02:00,594.3389901660781,438.15333680107693,156.18565336500123,150.2796456324672,5.906007732534008
2025-09-08 15:21:00+02:00,591.3872054693836,435.6427442205757,155.74446124880785,149.86504338783809,5.879417860969777
2025-09-08 15:22:00+02:00,588.4229960058851,433.1224716544698,155.30052435141528,149.4478171094157,5.852707241999585
2025-09-08 15:23:00+02:00,585.4464617625555,430.5926246216866,154.8538371408689,149.0279605484151,5.825876592453793
2025-09-08 15:24:00+02:00,582.4577035938847,428.0533096476145,154.40439394627018,148.6054673113932,5.798926634876975
2025-09-08 15:25:00+02:00,579.456821219814,425.50463256738215,153.95218865243183,148.18033057299397,5.771858079437861
2025-09-08 15:26:00+02:00,576.4439212707418,422.94670536131554,153.49721590942625,147.75254421295662,5.744671696469635
2025-09-08 15:27:00+02:00,573.419105256156,420.3796359400069,153.03946931614908,147.32210110823368,5.7173682079154124
2025-09-08 15:28:00+02:00,570.3824775936391,417.8035349675582,152.57894262608085,146.88899426636843,5.689948359712405
2025-09-08 15:29:00+02:00,567.334143616267,415.2185141724835,152.1156294437836,146.45321653999468,5.662412903788923
2025-09-08 15:30:00+02:00,564.2742095885094,412.624686364811,151.64952322369842,146.01476062552274,5.634762598175686
2025-09-08 15:31:00+02:00,561.2027826940069,410.0221654294108,151.18061726459618,145.57361905773416,5.606998206862021
2025-09-08 15:32:00+02:00,558.1199710807833,407.41106636806177,150.70890471272153,145.12978421255258,5.579120500168962
2025-09-08 15:33:00+02:00,555.0258838492264,404.7915052930689,150.23437855615748,144.68324830154938,5.551130254608108
2025-09-08 15:34:00+02:00,551.9206310694792,402.1635994458729,149.75703162360634,144.23400337060448,5.523028253001845
2025-09-08 15:35:00+02:00,548.8043237925658,399.52746721041416,149.2768565821517,143.78204129760093,5.49481528455079
2025-09-08 15:36:00+02:00,545.6770719680833,396.88322635684835,148.79384561123496,143.3273534853039,5.466492125931076
2025-09-08 15:37:00+02:00,542.5389928278814,394.2310011336757,148.3079916942057,142.8699320770065,5.438059617199212
2025-09-08 15:38:00+02:00,539.3901983517233,391.5709116734826,147.81928667824064,142.40976813001197,5.409518548228663
2025-09-08 15:39:00+02:00,536.2308036372299,388.9030810751401,147.3277225620898,141.94685282761665,5.380869734473144
2025-09-08 15:40:00+02:00,533.0609248255114,386.2276336537312,146.83329117178016,141.48117717363638,5.35211399814378
2025-09-08 15:41:00+02:00,529.8806791206732,383.54469496139285,146.33598415928031,141.01273199093424,5.323252168346064
2025-09-08 15:42:00+02:00,526.690184779411,380.8543917830019,145.83579299640903,140.54150791546107,5.294285080947946
2025-09-08 15:43:00+02:00,523.4895611608902,378.15685218278855,145.33270897810158,140.06749539911115,5.2652135789904255
2025-09-08 15:44:00+02:00,520.2789287172185,375.45220550090477,144.8267232163137,139.5906847037519,5.236038512561813
2025-09-08 15:45:00+02:00,517.058409014279,372.7405823756856,144.3178266385935,139.1110658996489,5.206760738944579
2025-09-08 15:46:00+02:00,513.8281247523227,370.022114765772,143.8060099865506,138.6286288637877,5.1773811227629185
2025-09-08 15:47:00+02:00,510.5881975821243,367.29693411857176,143.29126346355255,138.14336294749054,5.147900516062007
2025-09-08 15:48:00+02:00,507.33875685306674,364.5651787325271,142.77357812053964,137.6552582826626,5.118319837877046
2025-09-08 15:49:00+02:00,504.0799265700131,361.8269827912226,142.2529437787905,137.1643038232843,5.088639955506182
2025-09-08 15:50:00+02:00,500.8118340993932,359.0824836923741,141.7293504070191,136.67048864334095,5.0588617636781485
2025-09-08 15:51:00+02:00,497.5346080233203,356.331820247597,141.20278777572324,136.1738016107386,5.028986164984649
2025-09-08 15:52:00+02:00,494.24837813197064,353.5751326813385,140.67324545063212,135.6742313808637,4.9990140697684415
2025-09-08 15:53:00+02:00,490.95327547829504,350.8125626822095,140.14071279608552,135.1717663995108,4.96894639657472
2025-09-08 15:54:00+02:00,487.64943237148555,348.0442534029992,139.60517896848634,134.66639489643896,4.938784072047379
2025-09-08 15:55:00+02:00,484.3369824017492,345.27034948705864,139.06663291469056,134.15810488358235,4.908528031108207
2025-09-08 15:56:00+02:00,481.0160604655142,342.4909970951215,138.52506337039273,133.64688415325244,4.8781792171403
2025-09-08 15:57:00+02:00,477.68680276002374,339.70634390660064,137.98045885342313,133.13272027153096,4.847738581892181
2025-09-08 15:58:00+02:00,474.34934684041383,336.9165391732709,137.43280766714292,132.61560058119164,4.817207085951279
2025-09-08 15:59:00+02:00,471.00382936908454,334.1217318457055,136.88209752337903,132.09551184528715,4.786585678091895
2025-09-08 16:00:00+02:00,467.65039512215037,331.3220781021519,136.32831701999845,131.5724416423263,4.755875377672128
2025-09-08 16:01:00+02:00,464.2891835560945,328.51773013265654,135.77145342343798,131.0463762718063,4.725077151631656
2025-09-08 16:02:00+02:00,460.9203377730348,325.70884363609656,135.21149413693823,130.5173021404476,4.6941919964906225
2025-09-08 16:03:00+02:00,457.5440023399009,322.89557600415264,134.6484263357482,129.98520541740308,4.663220918345129
2025-09-08 16:04:00+02:00,454.16032328632093,320.0780863260979,134.08223696022304,129.4500720274241,4.6321649327989425
2025-09-08 16:05:00+02:00,450.7694481342136,317.25653542014663,133.51291271406694,128.91188764888133,4.601025065185601
2025-09-08 16:06:00+02:00,447.3715259280833,314.4310858654714,132.94044006261194,128.37063771181505,4.569802350796904
2025-09-08 16:07:00+02:00,443.9667072343251,311.60190200855965,132.36480522576548,127.82630739093904,4.538497834826456
2025-09-08 16:08:00+02:00,440.55514420415454,308.769150022579,131.78599418157552,127.27888160867722,4.507112572898289
2025-09-08 16:09:00+02:00,437.1369905740217,305.93299791485987,131.20399265916183,126.72834502814065,4.475647631021189
2025-09-08 16:10:00+02:00,433.7123993997893,303.0936136563098,130.61878574347952,126.17468167881859,4.444104064660947
2025-09-08 16:11:00+02:00,430.28153228006613,300.25117283463453,130.03035944543157,125.61787644177237,4.4124830036591955
2025-09-08 16:12:00+02:00,426.84454557912056,297.40584723903805,129.43869834008248,125.05791281479699,4.380785525285477
2025-09-08 16:13:00+02:00,423.40159967532134,294.557812537308,128.84378713801337,124.49477439865339,4.34901273935999
2025-09-08 16:14:00+02:00,419.9528566698393,291.70724638310804,128.2456102867313,123.92844451962365,4.317165767107657
2025-09-08 16:15:00+02:00,416.49848042283395,288.8543284538268,127.64415196900717,123.35890622756507,4.28524574144209
2025-09-08 16:16:00+02:00,413.03863658961126,285.999240488486,127.03939610112525,122.78614229387212,4.253253807253134
2025-09-08 16:17:00+02:00,409.57349262619425,283.1421663005244,126.43132632566983,122.21013520426094,4.221191121408897
2025-09-08 16:18:00+02:00,406.1032178592692,280.2832918438079,125.81992601546129,121.630867162105,4.1890588533562845
2025-09-08 16:19:00+02:00,402.62798349306144,277.4228052266942,125.20517826636723,121.04832008122965,4.15685818513758
2025-09-08 16:20:00+02:00,399.1479626418461,274.560896747386,124.5870658944601,120.46247558281235,4.124590311647748
2025-09-08 16:21:00+02:00,395.66332805849675,271.69775703720615,123.9655710212906,119.8733146017882,4.092256419502404
2025-09-08 16:22:00+02:00,392.1742614540184,268.8335847250579,123.3406767289605,119.28081895547328,4.059857773487219
2025-09-08 16:23:00+02:00,388.68093957717343,265.96857500869464,122.7123645684788,118.68496898113013,4.0273955873486775
2025-09-08 16:24:00+02:00,385.18354356259465,263.1029273463413,122.08061621625335,118.0857451057758,3.9948711104775474
2025-09-08 16:25:00+02:00,381.68225663860153,260.23684358159113,121.4454130570104,117.48312745039993,3.9622856066104672
2025-09-08 16:26:00+02:00,378.17726417197656,257.370527989384,120.80673618259254,116.87709582838524,3.9296403542073097
2025-09-08 16:27:00+02:00,374.6687536806092,254.50418729580616,120.16456638480304,116.2676297382702,3.896936646532836
2025-09-08 16:28:00+02:00,371.15691491190313,251.6380307517495,119.51888416015362,115.65470836779956,3.8641757923540627
2025-09-08 16:29:00+02:00,367.64193985763586,248.77227015468225,118.86966970295364,115.03831058690778,3.8313591160458573
2025-09-08 16:30:00+02:00,364.1240228017961,245.9071198974687,118.21690290432743,114.41841494631937,3.7984879580080513
2025-09-08 16:31:00+02:00,360.60336036908484,243.04279701777145,117.56056335131342,113.79499967622033,3.765563675093088
2025-09-08 16:32:00+02:00,357.08014917930285,240.17951930288953,116.90062987641332,113.16804225779775,3.7325876186155686
2025-09-08 16:33:00+02:00,353.5545953824772,237.3175130469189,116.2370823355583,112.53752111196161,3.6995612235966884
2025-09-08 16:34:00+02:00,350.02690050234196,234.45700155596742,115.56989894637455,111.90341307012773,3.666485876246831
2025-09-08 16:35:00+02:00,346.49727093804165,231.59821288243944,114.89905805560218,111.26569505273702,3.633363002865168
2025-09-08 16:36:00+02:00,342.96591565608355,228.74137795846258,114.22453769762097,110.62434364938294,3.6001940482380372
2025-09-08 16:37:00+02:00,339.4330462122553,225.88673062405715,113.54631558819815,109.9793351123591,3.566980475839062
2025-09-08 16:38:00+02:00,335.8988768405633,223.0345077095283,112.864369131035,109.33064536237245,3.5337237686625573
2025-09-08 16:39:00+02:00,332.36362447749093,220.18494906552402,112.17867541196694,108.6782499825116,3.50042542945534
2025-09-08 16:40:00+02:00,328.82750881978075,217.33829762020088,111.48921119957984,108.02212421830949,3.4670869812703557
2025-09-08 16:41:00+02:00,321.09722537922494,214.49479943747485,106.60242594175006,103.16871597371095,3.433709968039109
2025-09-08 16:42:00+02:00,317.59450131765556,211.65470374985227,105.93979756780327,102.53950161295114,3.400295954852123
2025-09-08 16:43:00+02:00,314.09152636010526,208.81826304461816,105.27326331548707,101.90641678661208,3.366846528874992
2025-09-08 16:44:00+02:00,310.5885258402425,205.9857312001221,104.6027946401204,101.26943136292043,3.33336327719996
2025-09-08 16:45:00+02:00,307.0857351865516,203.15737114266088,103.92836404389067,100.62851616656357,3.2998478773270987
2025-09-08 16:46:00+02:00,303.583385896791,200.3334435115452,103.24994238524584,99.98364042214041,3.2663019631054393
2025-09-08 16:47:00+02:00,300.0817149734049,197.51421429717283,102.56750067623207,99.33477346132986,3.2327272149022077
2025-09-08 16:48:00+02:00,296.5809626786356,194.69995302974928,101.88100964888635,98.68188431071232,3.1991253381740217
2025-09-08 16:49:00+02:00,293.0813725766108,191.89093281822898,101.19043975838186,98.02494169449398,3.16549806388788
2025-09-08 16:50:00+02:00,289.58319160867404,189.08743041551094,100.49576119316308,97.36391404389187,3.1318471492712043
2025-09-08 16:51:00+02:00,286.08667017032974,186.2897262842845,99.79694388604524,96.69876950745929,3.098174378585946
2025-09-08 16:52:00+02:00,282.59206215799395,183.498104638078,99.09395751991593,96.02947595629735,3.0644815636185854
2025-09-08 16:53:00+02:00,279.0996250815745,180.7128535342504,98.38677154732413,95.35600100250784,3.0307705448162903
2025-09-08 16:54:00+02:00,275.6096201143661,177.9342649160388,97.67535519832732,94.67831200649954,2.9970431918277844
2025-09-08 16:55:00+02:00,272.12230983920733,175.16263282462228,96.95967701458505,93.99637563283405,2.9633013817510148
2025-09-08 16:56:00+02:00,268.63796768645034,172.3982608977402,96.23970678871017,93.31015969815194,2.9295470905582257
2025-09-08 16:57:00+02:00,265.1568639576214,169.64145126135753,95.51541269626388,92.61963043830445,2.895782257959423
2025-09-08 16:58:00+02:00,261.67927530313926,166.89251206425678,94.7867632388825,91.9247543596991,2.8620088791834046
2025-09-08 16:59:00+02:00,258.2054824410478,164.15175566083954,94.0537267802083,91.22549779716796,2.828228983040337
2025-09-08 17:00:00+02:00,254.73577025030977,161.41949868148683,93.31627156882296,90.52182693586428,2.7944446329586667
2025-09-08 17:01:00+02:00,251.27042786512197,158.6960621022755,92.57436576284645,89.81370783479511,2.7606579280513466
2025-09-08 17:02:00+02:00,247.80974873956174,155.98177128990864,91.8279774496531,89.1011064457451,2.7268710039080033
2025-09-08 17:03:00+02:00,244.3540307774107,153.2769560962305,91.07707468118022,88.38398864713552,2.6930860340446974
2025-09-08 17:04:00+02:00,240.9035764011707,150.5819509032082,90.32162549796251,87.66232026718714,2.65930523077538
2025-09-08 17:05:00+02:00,237.45869265371942,147.89709469167033,89.56159796204909,86.93606711562168,2.625530846427409
2025-09-08 17:06:00+02:00,234.0196889983,145.2227293200619,88.79695967823812,86.20519452627533,2.591765151962789
2025-09-08 17:07:00+02:00,230.58688661335083,142.55920673409867,88.02767987925218,85.46966935071849,2.558010528533692
2025-09-08 17:08:00+02:00,227.16060469487007,139.90687829763215,87.25372639723794,84.72945706395474,2.5242693332832027
2025-09-08 17:09:00+02:00,223.74116976350223,137.2661020148843,86.47506774861795,83.98452375761106,2.490543991006894
2025-09-08 17:10:00+02:00,220.32891346767656,134.63724079775136,85.69167266992518,83.23483569697959,2.45683697294559
2025-09-08 17:11:00+02:00,216.92417269733477,132.02066252890222,84.90351016843253,82.48035937015499,2.4231507982775438
2025-09-08 17:12:00+02:00,213.52728966765213,129.4167400986268,84.11054956902532,81.72106153367797,2.389488035347351
2025-09-08 17:13:00+02:00,210.13861206784424,126.82585148824036,83.31276057960386,80.95690927602993,2.3558513035739317
2025-09-08 17:14:00+02:00,206.75849314877388,124.24837980272363,82.51011334605023,80.18787007126066,2.322243274789567
2025-09-08 17:15:00+02:00,203.38729184378144,121.68471332490078,81.70257851888064,79.41391184393285,2.2886666749477897
2025-09-08 17:16:00+02:00,200.02537289099973,119.13524556636281,80.89012732463692,78.63500303874771,2.2551242858892167
2025-09-08 17:17:00+02:00,196.67310468167582,116.60037359667503,80.0727310850008,77.85111216059724,2.2216189244035514
2025-09-08 17:18:00+02:00,193.33086840295232,114.08050490086107,79.25036350209123,77.06220996780814,2.1881535342830896
2025-09-08 17:19:00+02:00,189.9990446454338,111.57604719575126,78.42299744968255,76.26826639652697,2.1547310531555914
2025-09-08 17:20:00+02:00,186.67802253067163,109.08741527456179,77.59060725610985,75.46925275169995,2.1213545044098994
2025-09-08 17:21:00+02:00,183.36819759008415,106.61502933194353,76.75316825814062,74.66514128132849,2.0880269768121376
2025-09-08 17:22:00+02:00,180.06997186532803,104.15931496489748,75.91065690043055,73.8559052740668,2.054751626363754
2025-09-08 17:23:00+02:00,176.7837540715704,101.72070321349518,75.06305085807523,73.04151917921922,2.021531678856011
2025-09-08 17:24:00+02:00,173.5099597001921,99.29963054862529,74.21032915156682,72.2219587196841,1.9883704318827278
2025-09-08 17:25:00+02:00,170.24901115271155,96.89653887479183,73.35247227791972,71.39720102067953,1.9552712572401791
2025-09-08 17:26:00+02:00,167.0013378759073,94.5118755248164,72.48946235109089,70.56722474767692,1.922237603413971
2025-09-08 17:27:00+02:00,163.76737646661996,92.14609322272518,71.62128324389478,69.73201024605491,1.8892729978398701
2025-09-08 17:28:00+02:00,160.5475708373851,89.79965008102381,70.7479207563613,68.89153970649333,1.8563810498679565
2025-09-08 17:29:00+02:00,157.34237017751553,87.47300798926233,69.86936218825322,68.04579675702784,1.8235654312253733
2025-09-08 17:30:00+02:00,154.1522376756542,85.16663879346696,68.98559888218722,67.19476891536144,1.7908299668257857
2025-09-08 17:31:00+02:00,150.97763775805095,82.8810148734353,68.09662288461564,66.33844437894588,1.758178505669766
2025-09-08 17:32:00+02:00,147.81904480017135,80.61661530040084,67.20242949977052,65.47681448812092,1.7256150116495963
2025-09-08 17:33:00+02:00,144.67694113413313,78.37392420020991,66.30301693392322,64.60987338897094,1.6931435449522816
2025-09-08 17:34:00+02:00,141.55181715013123,76.1534306242601,65.39838652587113,63.7376182608793,1.6607682649918354
2025-09-08 17:35:00+02:00,138.4441714254602,73.95562842350168,64.48854300195853,62.860049568208474,1.6284934337500658
2025-09-08 17:36:00+02:00,135.35451085019594,71.78101610188125,63.57349474831467,61.97717132909719,1.5963234192174869
2025-09-08 17:37:00+02:00,132.2833507220734,69.6300966287842,62.653254093289206,61.088991394639336,1.5642626986498722
2025-09-08 17:38:00+02:00,129.23121489461644,67.50337726817929,61.72783762643716,60.19552176390991,1.5323158625272475
2025-09-08 17:39:00+02:00,126.19863586380401,65.40136934227895,60.79726652152505,59.29677890349874,1.5004876180263147
2025-09-08 17:40:00+02:00,123.18615286612223,63.32458660473428,59.86156626138794,58.39278348969765,1.4687827716902921
2025-09-08 17:41:00+02:00,120.19432004961466,61.27355052096908,58.92076952864558,57.48356321027006,1.4372063183755186
2025-09-08 17:42:00+02:00,117.22369442466646,59.24878158921526,57.97491283545121,56.56914951794841,1.405763317502794
2025-09-08 17:43:00+02:00,114.2748440770356,57.2508046086749,57.02403946836069,55.64958048567053,1.3744589826901574
2025-09-08 17:44:00+02:00,111.34834619729499,55.28014688475346,56.06819931254153,54.72490064805485,1.3432986644866847
2025-09-08 17:45:00+02:00,108.44478715497684,53.33733781446525,55.10744934051158,53.79516148571005,1.3122878548015318
2025-09-08 17:46:00+02:00,105.564762563444,51.422908429958234,54.14185413348577,52.860421942041974,1.2814321914437967
2025-09-08 17:47:00+02:00,102.7088773057412,49.53739087815871,53.171486427582494,51.92074896511483,1.2507374624676646
2025-09-08 17:48:00+02:00,99.87774560211265,47.68131788771594,52.19642771439671,50.976218103205916,1.220209611190799
2025-09-08 17:49:00+02:00,97.07199100996766,45.85522214805338,51.216768861914275,50.026914121187964,1.1898547407263116
2025-09-08 17:50:00+02:00,94.29224643523214,44.05963565038757,50.232610784844574,49.07293166596354,1.1596791188810347
2025-09-08 17:51:00+02:00,91.53915228908048,42.29508779578468,49.24406449329579,48.11437533022328,1.1296891630725023
2025-09-08 17:52:00+02:00,88.81336380490362,40.56210930856392,48.2512544963397,47.151362970944284,1.0998915253954114
2025-09-08 17:53:00+02:00,86.11553994077286,38.86122430168121,47.25431563909166,46.184022661796334,1.070292977295323
2025-09-08 17:54:00+02:00,83.44635068905596,37.1929540915387,46.25339659751726,45.2124961025608,1.0409004949564615
2025-09-08 17:55:00+02:00,80.80647512826127,35.557815004052834,45.24866012420843,44.236938879981444,1.0117212442269843
2025-09-08 17:56:00+02:00,78.1966013028615,33.95631729264474,44.24028401021676,43.25752142451427,0.982762585702489
2025-09-08 17:57:00+02:00,75.61742604814302,32.38896395425146,43.22846209389156,42.27443001440141,0.9540320794901479
2025-09-08 17:58:00+02:00,73.06965483192268,30.856249484159942,42.21340534776274,41.28786785731699,0.9255374904457502
2025-09-08 17:59:00+02:00,70.5540015105176,29.358658503413672,41.195343007103915,40.29805621435372,0.8972867927501961
2025-09-08 18:00:00+02:00,68.07118807083798,27.89666429991244,40.17452377092554,39.305235596313516,0.8692881746120209
2025-09-08 18:01:00+02:00,65.62194432856923,26.470727261590998,39.151217066978234,38.309667024216395,0.841550042761839
2025-09-08 18:02:00+02:00,63.207005949069845,25.081292264813186,38.12571368425666,37.31163267614885,0.8140810081078144
2025-09-08 18:03:00+02:00,60.827120525119966,23.72879059388994,37.098329931230026,36.31143996780904,0.7868899634209892
2025-09-08 18:04:00+02:00,58.48303738076737,22.413632418404276,36.069404962363095,35.309418986279645,0.759985976083446
2025-09-08 18:05:00+02:00,56.17551355563705,21.136208499987266,35.039305055649784,34.30592669061987,0.7333783650299145
2025-09-08 18:06:00+02:00,53.905311589171184,19.896887071812408,34.008424517358776,33.30134783261392,0.7070766847448552
2025-09-08 18:07:00+02:00,51.673198841878815,18.69601151641154,32.97718732546728,32.29609659859806,0.6810907268692143
2025-09-08 18:08:00+02:00,49.47994677855685,17.53389792911602,31.94604884944083,31.29061832792192,0.6554305215189129
2025-09-08 18:09:00+02:00,47.32633012176025,16.41083251919019,30.915497602570056,30.285391265360996,0.6301063372090611
2025-09-08 18:10:00+02:00,45.2131259303312,15.327068882321743,29.886057048009455,29.280928368040577,0.6051286799688786
2025-09-08 18:11:00+02:00,43.141112568808445,14.282825131246533,28.858287437561913,28.27777914636945,0.5805082911924635
2025-09-08 18:12:00+02:00,41.111068565531,13.278280890779309,27.83278767475169,27.27653153061695,0.5562561441347389
2025-09-08 18:13:00+02:00,39.1237713252984,12.313574150065827,26.81019717523257,26.277813736659276,0.5323834385732948
2025-09-08 18:14:00+02:00,37.17999445326945,11.38879740031501,25.79119705295444,25.282295474473685,0.5089015784807556
2025-09-08 18:15:00+02:00,34.25374760265687,10.503996696326158,23.749750906330714,23.263928680843048,0.4858222254876673
2025-09-08 18:16:00+02:00,32.47061786017751,9.659164449790307,22.81145341038721,22.348296217351837,0.4631571930353733
2025-09-08 18:17:00+02:00,30.733011078704894,8.854238352283193,21.8787727264217,21.437854231085577,0.4409184953361242
2025-09-08 18:18:00+02:00,29.041592296746032,8.089097105114144,20.95249519163189,20.533376877033923,0.4191183145979674
2025-09-08 18:19:00+02:00,27.397004495015327,7.363556724435728,20.0334477705796,19.635678790273342,0.3977689803062582
2025-09-08 18:20:00+02:00,25.799865416495834,6.677366843019679,19.122498573476154,18.7456156285703,0.37688294490585417
2025-09-08 18:21:00+02:00,24.250764159446696,6.030207036800107,18.22055712264659,17.86408436746006,0.3564727551865308
2025-09-08 18:22:00+02:00,22.75025754355683,5.421683223214416,17.328574320342415,16.99202330137935,0.33655101896306366
2025-09-08 18:23:00+02:00,21.298866226087434,4.851324176011504,16.44754205007593,16.13041168380048,0.31713036627544894
2025-09-08 18:24:00+02:00,19.897070623277084,4.318578240264383,15.578492383012701,15.280268977690495,0.29822340532220637
2025-09-08 18:25:00+02:00,18.54530565128331,3.822809958944831,14.722495692338478,14.442653033222982,0.27984265911549594
2025-09-08 18:26:00+02:00,17.243959755958127,3.3632986740426967,13.880661081915429,13.618660525152269,0.26200055676316025
2025-09-08 18:27:00+02:00,15.993364668072473,2.939234245771405,13.054130422301068,12.809421128305695,0.2447092939953718
2025-09-08 18:28:00+02:00,14.793794027568648,2.5497166395037,12.244077388064948,12.016096579163232,0.22798080890171676
2025-09-08 18:29:00+02:00,13.636768739917944,2.1937544542100627,11.44301428570788,11.231187598823965,0.21182668688391526
2025-09-08 18:30:00+02:00,12.510642495987538,1.8702645395729594,10.640377956414579,10.444119888185265,0.19625806822931488
2025-09-08 18:31:00+02:00,11.443335472569784,1.5780724971117543,9.865262975458029,9.683977429739377,0.18128554571865083
2025-09-08 18:32:00+02:00,10.434156474163071,1.3159141953906675,9.118242278772405,8.951323227173992,0.1669190515984123
2025-09-08 18:33:00+02:00,9.482318703852966,1.0824384360928223,8.399880267760144,8.246712534343807,0.15316773341633774
2025-09-08 18:34:00+02:00,8.586937865943417,0.8762109170695248,7.7107269488738925,7.570687129976068,0.1400398188978252
2025-09-08 18:35:00+02:00,7.747030681105699,0.6957196172683411,7.051311063837358,6.92376859449923,0.12754246933812757
2025-09-08 18:36:00+02:00,6.96151337031115,0.5393816376117817,6.422131732699368,6.306450118231994,0.1156816144673738
2025-09-08 18:37:00+02:00,6.229203217366295,0.40555219765012956,5.8236510197161655,5.7191892035296314,0.10446181618653387
2025-09-08 18:38:00+02:00,5.548815420660012,0.29253433426442577,5.256281086395586,5.1623950424239435,0.09388604397164294
2025-09-08 18:39:00+02:00,4.918965806135918,0.19859143708562027,4.7203743690502975,4.636418845988463,0.08395552306183425
2025-09-08 18:40:00+02:00,4.338171399089774,0.1219609949539777,4.216210404135796,4.14154086710532,0.07466953703047641
2025-09-08 18:41:00+02:00,3.8048521188893334,0.06087014087486363,3.7439819780144696,3.677956741155289,0.06602523685918052
2025-09-08 18:42:00+02:00,3.317333055323222,0.013552727106569398,3.3037803282166527,3.245762875816126,0.058017452400526935
2025-09-08 18:43:00+02:00,2.908280466443995,0.0,2.908280466443995,2.857641955062282,0.05063851138171312
2025-09-08 18:44:00+02:00,2.547023666663871,0.0,2.547023666663871,2.5031455941168406,0.04387807254703056
2025-09-08 18:45:00+02:00,2.3972679115621762,0.0,2.3972679115621762,2.3595449313429255,0.03772298021925053
2025-09-08 18:46:00+02:00,2.065435791172129,0.0,2.065435791172129,2.03327864188541,0.032157149286719186
2025-09-08 18:47:00+02:00,1.7626414391286545,0.0,1.7626414391286545,1.735479951885274,0.027161487243380536
2025-09-08 18:48:00+02:00,1.488735790816941,0.0,1.488735790816941,1.466021907494695,0.02271388332224589
2025-09-08 18:49:00+02:00,1.242823470757151,0.0,1.242823470757151,1.2240342439582308,0.018789226798920238
2025-09-08 18:50:00+02:00,1.0233558849171736,0.0,1.0233558849171736,1.0079963526218716,0.01535953229530203
2025-09-08 18:51:00+02:00,0.8314964533524778,0.0,0.8314964533524778,0.8191023221506204,0.012394131201857448
2025-09-08 18:52:00+02:00,0.6658150903578866,0.0,0.6658150903578866,0.6559551322459034,0.009859958111983131
2025-09-08 18:53:00+02:00,0.5246497699790436,0.0,0.5246497699790436,0.5169278364738542,0.0077219335051892934
2025-09-08 18:54:00+02:00,0.4061346101626262,0.0,0.4061346101626262,0.40019116737714444,0.005943442785481782
2025-09-08 18:55:00+02:00,0.3082373339956994,0.0,0.3082373339956994,0.30375042859504037,0.004486905400659063
2025-09-08 18:56:00+02:00,0.22880532894640362,0.0,0.22880532894640362,0.22549090852109963,0.0033144204253040023
2025-09-08 18:57:00+02:00,0.16561871523973298,0.0,0.16561871523973298,0.16323024868938157,0.0023884665503514143
2025-09-08 18:58:00+02:00,0.11644800735974634,0.0,0.11644800735974634,0.1147753813045514,0.001672626055194943
2025-09-08 18:59:00+02:00,0.07911318577698057,0.0,0.07911318577698057,0.07798089104181134,0.0011322947351692244
2025-09-08 19:00:00+02:00,0.05154061147669401,0.0,0.05154061147669401,0.050805274404252775,0.0007353370724412379
2025-09-08 19:01:00+02:00,0.031813536854016,0.0,0.031813536854016,0.031360898942149114,0.0004526379118668884
2025-09-08 19:02:00+02:00,0.00025851814665133437,0.0,0.00025851814665133437,0.0,0.00025851814665133437
2025-09-08 19:03:00+02:00,0.00013097874412526994,0.0,0.00013097874412526994,0.0,0.00013097874412526994
2025-09-08 19:04:00+02:00,5.176020850818278e-05,0.0,5.176020850818278e-05,0.0,5.176020850818278e-05
2025-09-08 19:05:00+02:00,6.219997513375039e-06,0.0,6.219997513375039e-06,0.0,6.219997513375039e-06
2025-09-08 19:06:00+02:00,0.0,0.0,0.0,0.0,0.0
2025-09-08 19:07:00+02:00,0.0,0.0,0.0,0.0,0.0
2025-09-08 19:08:00+02:00,0.0,0.0,0.0,0.0,0.0
2025-09-08 19:09:00+02:00,0.0,0.0,0.0,0.0,0.0
2025-09-08 19:10:00+02:00,0.0,0.0,0.0,0.0,0.0
2025-09-08 19:11:00+02:00,0.0,0.0,0.0,0.0,0.0
2025-09-08 19:12:00+02:00,0.0,0.0,0.0,0.0,0.0
2025-09-08 19:13:00+02:00,0.0,0.0,0.0,0.0,0.0
2025-09-08 19:14:00+02:00,0.0,0.0,0.0,0.0,0.0
2025-09-08 19:15:00+02:00,0.0,0.0,0.0,0.0,0.0
2025-09-08 19:16:00+02:00,0.0,0.0,0.0,0.0,0.0
2025-09-08 19:17:00+02:00,0.0,0.0,0.0,0.0,0.0
2025-09-08 19:18:00+02:00,0.0,0.0,0.0,0.0,0.0
2025-09-08 19:19:00+02:00,0.0,0.0,0.0,0.0,0.0
2025-09-08 19:20:00+02:00,0.0,0.0,0.0,0.0,0.0
2025-09-08 19:21:00+02:00,0.0,0.0,0.0,0.0,0.0
2025-09-08 19:22:00+02:00,0.0,0.0,0.0,0.0,0.0
2025-09-08 19:23:00+02:00,0.0,0.0,0.0,0.0,0.0
2025-09-08 19:24:00+02:00,0.0,0.0,0.0,0.0,0.0
2025-09-08 19:25:00+02:00,0.0,0.0,0.0,0.0,0.0
2025-09-08 19:26:00+02:00,0.0,0.0,0.0,0.0,0.0
2025-09-08 19:27:00+02:00,0.0,0.0,0.0,0.0,0.0
2025-09-08 19:28:00+02:00,0.0,0.0,0.0,0.0,0.0
2025-09-08 19:29:00+02:00,0.0,0.0,0.0,0.0,0.0
2025-09-08 19:30:00+02:00,0.0,0.0,0.0,0.0,0.0
2025-09-08 19:31:00+02:00,0.0,0.0,0.0,0.0,0.0
2025-09-08 19:32:00+02:00,0.0,0.0,0.0,0.0,0.0
2025-09-08 19:33:00+02:00,0.0,0.0,0.0,0.0,0.0
2025-09-08 19:34:00+02:00,0.0,0.0,0.0,0.0,0.0
2025-09-08 19:35:00+02:00,0.0,0.0,0.0,0.0,0.0
2025-09-08 19:36:00+02:00,0.0,0.0,0.0,0.0,0.0
2025-09-08 19:37:00+02:00,0.0,0.0,0.0,0.0,0.0
2025-09-08 19:38:00+02:00,0.0,0.0,0.0,0.0,0.0
2025-09-08 19:39:00+02:00,0.0,0.0,0.0,0.0,0.0
2025-09-08 19:40:00+02:00,0.0,0.0,0.0,0.0,0.0
2025-09-08 19:41:00+02:00,0.0,0.0,0.0,0.0,0.0
2025-09-08 19:42:00+02:00,0.0,0.0,0.0,0.0,0.0
2025-09-08 19:43:00+02:00,0.0,0.0,0.0,0.0,0.0
2025-09-08 19:44:00+02:00,0.0,0.0,0.0,0.0,0.0
2025-09-08 19:45:00+02:00,0.0,0.0,0.0,0.0,0.0
2025-09-08 19:46:00+02:00,0.0,0.0,0.0,0.0,0.0
2025-09-08 19:47:00+02:00,0.0,0.0,0.0,0.0,0.0
2025-09-08 19:48:00+02:00,0.0,0.0,0.0,0.0,0.0
2025-09-08 19:49:00+02:00,0.0,0.0,0.0,0.0,0.0
2025-09-08 19:50:00+02:00,0.0,0.0,0.0,0.0,0.0
2025-09-08 19:51:00+02:00,0.0,0.0,0.0,0.0,0.0
2025-09-08 19:52:00+02:00,0.0,0.0,0.0,0.0,0.0
2025-09-08 19:53:00+02:00,0.0,0.0,0.0,0.0,0.0
2025-09-08 19:54:00+02:00,0.0,0.0,0.0,0.0,0.0
2025-09-08 19:55:00+02:00,0.0,0.0,0.0,0.0,0.0
2025-09-08 19:56:00+02:00,0.0,0.0,0.0,0.0,0.0
2025-09-08 19:57:00+02:00,0.0,0.0,0.0,0.0,0.0
2025-09-08 19:58:00+02:00,0.0,0.0,0.0,0.0,0.0
2025-09-08 19:59:00+02:00,0.0,0.0,0.0,0.0,0.0
2025-09-08 20:00:00+02:00,0.0,0.0,0.0,0.0,0.0
2025-09-09 05:00:00+02:00,0.0,0.0,0.0,0.0,0.0
2025-09-09 05:01:00+02:00,0.0,0.0,0.0,0.0,0.0
2025-09-09 05:02:00+02:00,0.0,0.0,0.0,0.0,0.0
2025-09-09 05:03:00+02:00,0.0,0.0,0.0,0.0,0.0
2025-09-09 05:04:00+02:00,0.0,0.0,0.0,0.0,0.0
2025-09-09 05:05:00+02:00,0.0,0.0,0.0,0.0,0.0
2025-09-09 05:06:00+02:00,0.0,0.0,0.0,0.0,0.0
2025-09-09 05:07:00+02:00,0.0,0.0,0.0,0.0,0.0
2025-09-09 05:08:00+02:00,0.0,0.0,0.0,0.0,0.0
2025-09-09 05:09:00+02:00,0.0,0.0,0.0,0.0,0.0
2025-09-09 05:10:00+02:00,0.0,0.0,0.0,0.0,0.0
2025-09-09 05:11:00+02:00,0.0,0.0,0.0,0.0,0.0
2025-09-09 05:12:00+02:00,0.0,0.0,0.0,0.0,0.0
2025-09-09 05:13:00+02:00,0.0,0.0,0.0,0.0,0.0
2025-09-09 05:14:00+02:00,0.0,0.0,0.0,0.0,0.0
2025-09-09 05:15:00+02:00,0.0,0.0,0.0,0.0,0.0
2025-09-09 05:16:00+02:00,0.0,0.0,0.0,0.0,0.0
2025-09-09 05:17:00+02:00,0.0,0.0,0.0,0.0,0.0
2025-09-09 05:18:00+02:00,0.0,0.0,0.0,0.0,0.0
2025-09-09 05:19:00+02:00,0.0,0.0,0.0,0.0,0.0
2025-09-09 05:20:00+02:00,0.0,0.0,0.0,0.0,0.0
2025-09-09 05:21:00+02:00,0.0,0.0,0.0,0.0,0.0
2025-09-09 05:22:00+02:00,0.0,0.0,0.0,0.0,0.0
2025-09-09 05:23:00+02:00,0.0,0.0,0.0,0.0,0.0
2025-09-09 05:24:00+02:00,0.0,0.0,0.0,0.0,0.0
2025-09-09 05:25:00+02:00,0.0,0.0,0.0,0.0,0.0
2025-09-09 05:26:00+02:00,0.0,0.0,0.0,0.0,0.0
2025-09-09 05:27:00+02:00,0.0,0.0,0.0,0.0,0.0
2025-09-09 05:28:00+02:00,0.0,0.0,0.0,0.0,0.0
2025-09-09 05:29:00+02:00,0.0,0.0,0.0,0.0,0.0
2025-09-09 05:30:00+02:00,0.0,0.0,0.0,0.0,0.0
2025-09-09 05:31:00+02:00,0.0,0.0,0.0,0.0,0.0
2025-09-09 05:32:00+02:00,0.0,0.0,0.0,0.0,0.0
2025-09-09 05:33:00+02:00,0.0,0.0,0.0,0.0,0.0
2025-09-09 05:34:00+02:00,0.0,0.0,0.0,0.0,0.0
2025-09-09 05:35:00+02:00,0.0,0.0,0.0,0.0,0.0
2025-09-09 05:36:00+02:00,0.0,0.0,0.0,0.0,0.0
2025-09-09 05:37:00+02:00,0.0,0.0,0.0,0.0,0.0
2025-09-09 05:38:00+02:00,0.0,0.0,0.0,0.0,0.0
2025-09-09 05:39:00+02:00,0.0,0.0,0.0,0.0,0.0
2025-09-09 05:40:00+02:00,0.0,0.0,0.0,0.0,0.0
2025-09-09 05:41:00+02:00,0.0,0.0,0.0,0.0,0.0
2025-09-09 05:42:00+02:00,0.0,0.0,0.0,0.0,0.0
2025-09-09 05:43:00+02:00,0.0,0.0,0.0,0.0,0.0
2025-09-09 05:44:00+02:00,0.0,0.0,0.0,0.0,0.0
2025-09-09 05:45:00+02:00,0.0,0.0,0.0,0.0,0.0
2025-09-09 05:46:00+02:00,0.0,0.0,0.0,0.0,0.0
2025-09-09 05:47:00+02:00,0.0,0.0,0.0,0.0,0.0
2025-09-09 05:48:00+02:00,0.0,0.0,0.0,0.0,0.0
2025-09-09 05:49:00+02:00,0.0,0.0,0.0,0.0,0.0
2025-09-09 05:50:00+02:00,0.0,0.0,0.0,0.0,0.0
2025-09-09 05:51:00+02:00,0.0,0.0,0.0,0.0,0.0
2025-09-09 05:52:00+02:00,0.0,0.0,0.0,0.0,0.0
2025-09-09 05:53:00+02:00,0.0,0.0,0.0,0.0,0.0
2025-09-09 05:54:00+02:00,0.0,0.0,0.0,0.0,0.0
2025-09-09 05:55:00+02:00,0.0,0.0,0.0,0.0,0.0
2025-09-09 05:56:00+02:00,0.0,0.0,0.0,0.0,0.0
2025-09-09 05:57:00+02:00,0.0,0.0,0.0,0.0,0.0
2025-09-09 05:58:00+02:00,0.0,0.0,0.0,0.0,0.0
2025-09-09 05:59:00+02:00,0.0,0.0,0.0,0.0,0.0
2025-09-09 06:00:00+02:00,0.0,0.0,0.0,0.0,0.0
2025-09-09 06:01:00+02:00,0.0,0.0,0.0,0.0,0.0
2025-09-09 06:02:00+02:00,0.0,0.0,0.0,0.0,0.0
2025-09-09 06:03:00+02:00,1.700189804301119e-05,0.0,1.700189804301119e-05,0.0,1.700189804301119e-05
2025-09-09 06:04:00+02:00,7.122533211762719e-05,0.0,7.122533211762719e-05,0.0,7.122533211762719e-05
2025-09-09 06:05:00+02:00,0.0001630223545918597,0.0,0.0001630223545918597,0.0,0.0001630223545918597
2025-09-09 06:06:00+02:00,0.00030801150180947013,0.0,0.00030801150180947013,0.0,0.00030801150180947013
2025-09-09 06:07:00+02:00,0.03690241083958794,0.0,0.03690241083958794,0.036376954476597105,0.0005254563629908341
2025-09-09 06:08:00+02:00,0.05870672798873743,0.0,0.05870672798873743,0.05786839340670325,0.0008383345820341821
2025-09-09 06:09:00+02:00,0.0888689985634965,0.0,0.0888689985634965,0.08759577467249234,0.001273223891004159
2025-09-09 06:10:00+02:00,0.129345688369158,0.0,0.129345688369158,0.12748568054569615,0.0018600078234618379
2025-09-09 06:11:00+02:00,0.1822351973564778,0.0,0.1822351973564778,0.1796037763995591,0.0026314209569187107
2025-09-09 06:12:00+02:00,0.24972547646555707,0.0,0.24972547646555707,0.24610300975746638,0.0036224667080906815
2025-09-09 06:13:00+02:00,0.3340366623682514,0.0,0.3340366623682514,0.3291669138368983,0.004869748531353157
2025-09-09 06:14:00+02:00,0.43736264115816154,0.0,0.43736264115816154,0.43095188217210595,0.006410758986055574
2025-09-09 06:15:00+02:00,0.5618146284821984,0.0,0.5618146284821984,0.553531467388794,0.0082831610934044
2025-09-09 06:16:00+02:00,0.7093707633431557,0.0,0.7093707633431557,0.6988466500098117,0.010524113333343986
2025-09-09 06:17:00+02:00,0.8818324931886679,0.0,0.8818324931886679,0.8686628476985018,0.013169645490166115
2025-09-09 06:18:00+02:00,1.0807900839722273,0.0,1.0807900839722273,1.0645359643984995,0.016254119573727806
2025-09-09 06:19:00+02:00,1.3074260962919682,0.0,1.3074260962919682,1.287616314836682,0.019809781455286262
2025-09-09 06:20:00+02:00,1.560057478717972,0.0,1.560057478717972,1.5361910703802615,0.023866408337710573
2025-09-09 06:21:00+02:00,1.8411906113694594,0.0,1.8411906113694594,1.8127395607906762,0.028451050578783135
2025-09-09 06:22:00+02:00,2.1511636869121546,0.0,2.1511636869121546,2.1175758247671252,0.033587862145029616
2025-09-09 06:23:00+02:00,2.2986221957407325,0.0,2.2986221957407325,2.2593241848512764,0.03929801088945615
2025-09-09 06:24:00+02:00,2.6394600292042827,0.0,2.6394600292042827,2.5938603707336902,0.04559965847059248
2025-09-09 06:25:00+02:00,3.020599441293223,0.008614112543042089,3.011985328750181,2.959477325177615,0.052508003572565826
2025-09-09 06:26:00+02:00,3.4801771018211634,0.05057468349488414,3.429602418326279,3.3695670694752753,0.06003534885100367
2025-09-09 06:27:00+02:00,3.9846399893357343,0.10536178189104908,3.879278207444685,3.811086955677729,0.06819125176695612
2025-09-09 06:28:00+02:00,4.535731070728929,0.1747229963761011,4.361008074352828,4.284025417356899,0.07698265699592897
2025-09-09 06:29:00+02:00,5.135097919592211,0.2604234655474507,4.874674454044761,4.7882603832797255,0.08641407076503559
2025-09-09 06:30:00+02:00,5.784290150379622,0.3642280749332627,5.420062075446359,5.3235743326767135,0.09648774276964525
2025-09-09 06:31:00+02:00,6.484757476584567,0.4878850286790035,5.996872447905563,5.889668593745276,0.10720385416028654
2025-09-09 06:32:00+02:00,7.237848377849818,0.6331110075082041,6.6047373703416135,6.486176663499823,0.11856070684179075
2025-09-09 06:33:00+02:00,8.044809336504155,0.8015780334894135,7.243231303014742,7.112676393107658,0.13055490990708382
2025-09-09 06:34:00+02:00,8.906784651103848,0.994902097893085,7.911882553210764,7.768700992561435,0.14318156064932894
2025-09-09 06:35:00+02:00,9.824816785614022,1.2146335413788696,8.610183244235152,8.453748826570854,0.15643441766429797
2025-09-09 06:36:00+02:00,10.799847905865573,1.4622493092867122,9.33759859657886,9.167292522487426,0.17030607409143508
2025-09-09 06:37:00+02:00,11.832718583172964,1.7391459627597414,10.093572620413223,9.908784546900481,0.1847880735127427
2025-09-09 06:38:00+02:00,12.92417350209774,2.0466358622162155,10.877537639881526,10.677666531770578,0.1998711081109475
2025-09-09 06:39:00+02:00,14.074861095463145,2.3859430881684487,11.688918007294696,11.473372893949731,0.2155451133449643
2025-09-09 06:40:00+02:00,15.245909485251845,2.758201397238546,12.4877080880133,12.255908690667972,0.23179939734532728
2025-09-09 06:41:00+02:00,16.466902381606214,3.164453114974487,13.302449266631728,13.053826516391418,0.24862275024030953
2025-09-09 06:42:00+02:00,17.738958570618095,3.6056489997929626,14.133309570825132,13.867306027292946,0.26600354353218675
2025-09-09 06:43:00+02:00,19.061774358792597,4.0826489210838375,14.97912543770876,14.69519561874063,0.2839298189681289
2025-09-09 06:44:00+02:00,20.434988687725777,4.59622325196908,15.838765435756695,15.536376067209378,0.3023893685473176
2025-09-09 06:45:00+02:00,21.85818815176278,5.147054846237599,16.71113330552518,16.389763499871847,0.32136980565333234
2025-09-09 06:46:00+02:00,23.330911782227407,5.735741497278408,17.595170284949,17.254311656832794,0.3408586281162036
2025-09-09 06:47:00+02:00,24.852656643002607,6.362799222725177,18.48985742027743,18.129014132682908,0.36084328759452416
2025-09-09 06:48:00+02:00,26.422878004768144,7.0286636981327995,19.394214306635345,19.012903122345634,0.38131118428971067
2025-09-09 06:49:00+02:00,28.040999541600762,7.733696157279882,20.307303384320882,19.905053594137943,0.4022497901829404
2025-09-09 06:50:00+02:00,29.706413099890405,8.4781852679679,21.228227831922506,20.804581199162133,0.42364663276037323
2025-09-09 06:51:00+02:00,31.4184832825213,9.262351172825882,22.15613210969542,21.71064276952676,0.4454893401686588
2025-09-09 06:52:00+02:00,33.17655081151706,10.08634918228065,23.090201629236415,22.62243596049072,0.4677656687456963
2025-09-09 06:53:00+02:00,36.09134953091307,10.950273464558835,25.141076066354234,24.650612540299203,0.4904635260550322
2025-09-09 06:54:00+02:00,38.0113285469884,11.854160725416405,26.157167821571996,25.643596830947736,0.5135709906242594
2025-09-09 06:55:00+02:00,39.97532417276997,12.79799382833226,27.177330344437717,26.640254016216968,0.5370763282207492
2025-09-09 06:56:00+02:00,41.982558308324926,13.7817053373226,28.200852971002327,27.63988496580531,0.5609680051970138
2025-09-09 06:57:00+02:00,44.0322495229168,14.805180973784754,29.227068549132042,28.6418338496492,0.5852346994828443
2025-09-09 06:58:00+02:00,46.123614543891605,15.868262944244785,30.255351599646822,29.645486290809142,0.6098653088376786
2025-09-09 06:59:00+02:00,48.25587107912149,16.970753918031498,31.285117161089996,30.650268186664448,0.6348489744255478
2025-09-09 07:00:00+02:00,50.428233293818174,18.112417129353503,32.31581616446467,31.655641146201148,0.6601750182635229
2025-09-09 07:01:00+02:00,52.63992149103598,19.292983763818487,33.346937727217494,32.66110468030245,0.6858330469150431
2025-09-09 07:02:00+02:00,54.89015742779722,20.512152850317925,34.378004577479295,33.666191690722364,0.7118128867569341
2025-09-09 07:03:00+02:00,57.17816659619021,21.769594647869827,35.40857194832038,34.67046734729901,0.738104601021371
2025-09-09 07:04:00+02:00,59.50317903585081,23.064953188295675,36.43822584755514,35.673527357885106,0.7646984896700315
2025-09-09 07:05:00+02:00,61.864430040270506,24.397848669214063,37.46658137105644,36.674996282897716,0.7915850881587242
2025-09-09 07:06:00+02:00,64.26116078439465,25.76787971015833,38.493281074236315,37.67452590878342,0.8187551654528948
2025-09-09 07:07:00+02:00,66.69261890398656,27.174625488793726,39.517993415192834,38.67179369351854,0.8461997216742926
2025-09-09 07:08:00+02:00,69.15805896382244,28.61764772152914,40.54041124229331,39.666501257600444,0.8739099846928671
2025-09-09 07:09:00+02:00,71.65674291219452,30.096492545332012,41.5602503668625,40.65837296006639,0.9018774067961086
2025-09-09 07:10:00+02:00,74.1879421655575,31.610693293002438,42.57724887255507,41.64715519282932,0.9300936797257531
2025-09-09 07:11:00+02:00,76.75093112380452,33.15976804034417,43.59116308346035,42.63261242890032,0.9585506545600271
2025-09-09 07:12:00+02:00,79.34499766079034,34.74322723604792,44.60177042474242,43.61452997372597,0.9872404510164484
2025-09-09 07:13:00+02:00,81.96943657094724,36.36057106570789,45.60886550523934,44.592710128279116,1.0161553769602247
2025-09-09 07:14:00+02:00,84.62355148153421,38.01129178722515,46.61225969430907,45.566971751630696,1.0452879426783743
2025-09-09 07:15:00+02:00,87.30665501918881,39.69487495315572,47.611780066033084,46.53714921009231,1.0746308559407751
2025-09-09 07:16:00+02:00,90.01806894375613,41.410800542577114,48.60726840117902,47.503091384195876,1.1041770169831404
2025-09-09 07:17:00+02:00,92.75712427997192,43.1585440252175,49.598580254754424,48.46466074100865,1.133919513745775
2025-09-09 07:18:00+02:00,95.52316137073774,44.93757731278967,50.58558405794806,49.42173244141622,1.1638516165318453
2025-09-09 07:19:00+02:00,98.3155299577334,46.74736966761448,51.568160290118925,50.374193516881725,1.1939667732372032
2025-09-09 07:20:00+02:00,101.13358921467147,48.58738852449776,52.54620069017371,51.32194208584283,1.2242586043308827
2025-09-09 07:21:00+02:00,103.97670967485627,50.457101509356946,53.51960816549932,52.264887247141104,1.2547209183582158
2025-09-09 07:22:00+02:00,106.84426561053453,52.35597211512484,54.488293495409685,53.20294586991708,1.2853476254926055
2025-09-09 07:23:00+02:00,109.7356464243309,54.28346784206141,55.452178582269475,54.136045727301976,1.316132854967498
2025-09-09 07:24:00+02:00,112.65024903057082,56.23905580039919,56.41119323017163,55.06412236116953,1.3470708690020938
2025-09-09 07:25:00+02:00,115.58747970435353,58.222204484039615,57.36527522031391,55.98711914181808,1.3781560784958338
2025-09-09 07:26:00+02:00,118.54675401973807,60.23238425233068,58.31436976740739,56.90498672896815,1.409383038439243
2025-09-09 07:27:00+02:00,121.527496806404,62.269067787518665,59.25842901888533,57.8176825751511,1.440746443734224
2025-09-09 07:28:00+02:00,124.52914203915071,64.33173047196144,60.19741156718928,58.72517044268193,1.472241124507346
2025-09-09 07:29:00+02:00,127.55113277658111,66.41985076624896,61.131282010332164,59.627419968189955,1.5038620421422122
2025-09-09 07:30:00+02:00,130.5929210630846,68.5329105320311,62.06001053105348,60.524406245942856,1.535604285110621
2025-09-09 07:31:00+02:00,133.65396782947025,70.67039532543315,62.983572504037106,61.41610943906732,1.5674630649697894
2025-09-09 07:32:00+02:00,136.733744855097,72.83179611427501,63.90194874082199,62.302515006916124,1.5994337339058693
2025-09-09 07:33:00+02:00,139.8317264064889,75.01660371465087,64.81512269183804,63.18361099648375,1.631511695354297
2025-09-09 07:34:00+02:00,142.94740148112498,77.22431767246616,65.72308380865883,64.05939128003791,1.663692528620909
2025-09-09 07:35:00+02:00,146.08026546357323,79.45444068176944,66.62582478180379,64.92985288192322,1.6959718998805597
2025-09-09 07:36:00+02:00,149.22982205723707,81.70648018364345,67.52334187359361,65.79499629352534,1.7283455800682637
2025-09-09 07:37:00+02:00,152.39558315480258,83.97994850306159,68.41563465174097,66.65482521025992,1.7608094414810511
2025-09-09 07:38:00+02:00,155.57706873594424,86.27436298776907,69.30270574817516,67.50934629338857,1.7933594547865854
2025-09-09 07:39:00+02:00,158.77380670316032,88.58924608630969,70.18456061685063,68.35856893133356,1.8259916855170737
2025-09-09 07:40:00+02:00,161.98533277699133,90.9241254533687,71.06120732362263,69.20250503233306,1.858702291289561
2025-09-09 07:41:00+02:00,165.21119035967106,93.27853401821565,71.93265634145541,70.04116882264569,1.8914875188097304
2025-09-09 07:42:00+02:00,168.45093039752697,95.65201003884157,72.79892035868542,70.87457665771917,1.9243437009662472
2025-09-09 07:43:00+02:00,171.7041112747595,98.04409716671067,73.66001410804881,71.70274685370588,1.9572672543429337
2025-09-09 07:44:00+02:00,174.97030083995412,100.45434607697405,74.51595476298007,72.52570006464381,1.990254698336264
2025-09-09 07:45:00+02:00,178.24906752892718,102.88230803275225,75.36675949617492,73.34345693186745,2.0233025643074747
2025-09-09 07:46:00+02:00,181.53999337087956,105.32754459402618,76.21244877685338,74.15604125106775,2.056407525785632
2025-09-09 07:47:00+02:00,184.8426650980378,107.78962116434823,77.05304393368958,74.96347762613495,2.0895663075546347
2025-09-09 07:48:00+02:00,188.15667622838683,110.26810861810566,77.88856761028117,75.76579190457346,2.1227757057077135
2025-09-09 07:49:00+02:00,191.48162689897032,112.7625832621576,78.71904363681273,76.56301105178275,2.156032585029975
2025-09-09 07:50:00+02:00,194.8171237640275,115.2726268382632,79.5444969257643,77.35516304866337,2.189333877100941
2025-09-09 07:51:00+02:00,198.16277986243736,117.7978264956784,80.36495336675897,78.14227678861025,2.2226765781487225
2025-09-09 07:52:00+02:00,201.51821448673843,120.33777475834346,81.18043972839496,78.92438198141546,2.256057746979496
2025-09-09 07:53:00+02:00,204.88305308495447,122.89206951087301,81.99098357408145,79.70150907079305,2.2894745032883987
2025-09-09 07:54:00+02:00,208.2569271012677,125.46031393261958,82.79661316864811,80.47368914323465,2.322924025413453
2025-09-09 07:55:00+02:00,211.63947615225894,128.0421182110623,83.59735794119663,81.24095436995597,2.3564035712406612
2025-09-09 07:56:00+02:00,215.0303388226639,130.6370925571857,84.3932462654782,82.00333587891114,2.389910386567053
2025-09-09 07:57:00+02:00,218.4291661530653,133.24485754114752,85.18430861191776,82.76086677384797,2.4234418380697864
2025-09-09 07:58:00+02:00,221.8356124823303,135.86503714386672,85.9705753384636,83.51358001632292,2.456995322140688
2025-09-09 07:59:00+02:00,225.2493375622339,138.49726040131492,86.752077160919,84.26150887553268,2.490568285386319
2025-09-09 08:00:00+02:00,228.67000647142206,141.14116136804697,87.52884510337509,85.0046868800135,2.5241582233615936
2025-09-09 08:01:00+02:00,232.09728950013692,143.79637905495912,88.3009104451778,85.74314776612869,2.5577626790491204
2025-09-09 08:02:00+02:00,235.5308620358371,146.46255736454745,89.06830467128964,86.47692542991118,2.591379241378458
2025-09-09 08:03:00+02:00,238.97040448424474,149.13934505077958,89.83105943346517,87.20605388934091,2.625005544124264
2025-09-09 08:04:00+02:00,242.41560212692525,151.82639562699214,90.5892064999331,87.93056723572418,2.658639264208918
2025-09-09 08:05:00+02:00,245.86614504516135,154.5233673227568,91.34277772240455,88.65049960172301,2.692278120681529
2025-09-09 08:06:00+02:00,249.3217303337447,157.22992483407836,92.09180549966634,89.36588560366691,2.7259198959994277
2025-09-09 08:07:00+02:00,252.78205272341313,159.94573198690864,92.83632073650448,90.076758391975,2.759562344529466
2025-09-09 08:08:00+02:00,256.2468184156454,162.67046258349302,93.57635583215237,90.78315250512698,2.7932033270253984
2025-09-09 08:09:00+02:00,259.7157356840141,165.40379305298794,94.31194263102616,91.48510191212006,2.8268407189060913
2025-09-09 08:10:00+02:00,263.1885171237707,168.14540421826587,95.04311290550483,92.18264047350493,2.8604724319998907
2025-09-09 08:11:00+02:00,266.6648795555236,170.8949812255845,95.76989832993914,92.87580191648595,2.894096413453191
2025-09-09 08:12:00+02:00,270.1445439307748,173.65221347420837,96.49233045656639,93.5646198118921,2.927710644674288
2025-09-09 08:13:00+02:00,273.62723527155975,176.4167945717176,97.21044069984215,94.24912755921984,2.9613131406223134
2025-09-09 08:14:00+02:00,277.11268254762206,179.18842223856532,97.92426030905672,94.92935836054868,2.9949019485080495
2025-09-09 08:15:00+02:00,280.6006186192875,181.96679826354307,98.63382035574445,95.6053452086023,3.0284751471421427
2025-09-09 08:16:00+02:00,284.09078015085714,184.7516284348415,99.33915171601564,96.2771208700027,3.0620308460129277
2025-09-09 08:17:00+02:00,287.582909867559,187.54262434463726,100.04028552292174,96.94471831605235,3.095567206869391
2025-09-09 08:18:00+02:00,291.07674713569816,190.33949585579415,100.73725127990399,97.60816892668782,3.129082353216164
2025-09-09 08:19:00+02:00,294.5720418991217,193.14196223783824,101.43007966128343,98.26750515718963,3.162574504093802
2025-09-09 08:20:00+02:00,298.0685452660596,195.94974464350847,102.11880062255109,98.92275873894218,3.196041883608916
2025-09-09 08:21:00+02:00,301.5660117712108,198.76256791122563,102.80344385998517,99.57396111735305,3.2294827426321184
2025-09-09 08:22:00+02:00,305.0641992990713,201.5801604992171,103.48403879985416,100.22114344182108,3.262895358033078
2025-09-09 08:23:00+02:00,308.5628690412105,204.40225444641203,104.16061459479847,100.86433656255083,3.2962780322476384
2025-09-09 08:24:00+02:00,312.0617853899758,207.22858528159074,104.83320010838507,101.50357101614017,3.329629092244906
2025-09-09 08:25:00+02:00,315.5607158988885,210.05889198575744,105.50182391313102,102.1388770239924,3.3629468891386165
2025-09-09 08:26:00+02:00,319.05943121220866,212.89291692925175,106.16651428295694,102.77028448544638,3.3962297975105624
2025-09-09 08:27:00+02:00,322.55770499559867,215.73040580930166,106.827299186297,103.39782297154676,3.4294762147502347
2025-09-09 08:28:00+02:00,330.3173618864559,218.57110761518894,111.74625427126698,108.28356971053846,3.462684560728525
2025-09-09 08:29:00+02:00,333.8487627411909,221.41477644889102,112.43398629229988,108.93813299320513,3.495853299094749
2025-09-09 08:30:00+02:00,337.379110678872,224.26116386207457,113.11794681679743,109.58896596875547,3.5289808480419533
2025-09-09 08:31:00+02:00,340.9081895992783,227.11003023928052,113.79815935999777,110.23609364681381,3.5620657131839604
2025-09-09 08:32:00+02:00,344.43578377223554,229.9611371135402,114.47464665869536,110.87954026071009,3.595106397985275
2025-09-09 08:33:00+02:00,347.9616801812372,232.81424904188364,115.1474311393536,111.5193297135761,3.628101425777501
2025-09-09 08:34:00+02:00,351.4856684334626,235.66913352218273,115.81653491127989,112.15548557236653,3.661049338913364
2025-09-09 08:35:00+02:00,355.0075407377864,238.52556096494015,116.48197977284629,112.78803107428107,3.6939486985652197
2025-09-09 08:36:00+02:00,358.52709184941773,241.38330463813435,117.14378721128341,113.41698912707054,3.7267980842128754
2025-09-09 08:37:00+02:00,362.04411901573985,244.2421406130209,117.80197840271896,114.04238230957125,3.759596093147705
2025-09-09 08:38:00+02:00,365.55842195798454,247.10184773910197,118.45657421888255,114.66423287856385,3.7923413403186985
2025-09-09 08:39:00+02:00,369.0698027851503,249.96220756406268,119.10759522108762,115.2825627635429,3.8250324575447294
2025-09-09 08:40:00+02:00,372.5780683291109,252.8230062289051,119.75506210020586,115.8973939849537,3.8576681152521686
2025-09-09 08:41:00+02:00,376.08302068599335,255.6840267431103,120.39899394288301,116.50874700835674,3.8902469345262705
2025-09-09 08:42:00+02:00,379.58447128306966,258.5450604456587,121.039410837411,117.11664321941582,3.922767617995176
2025-09-09 08:43:00+02:00,383.082231457803,261.405899315049,121.67633214275402,117.72110328055024,3.955228862203786
2025-09-09 08:44:00+02:00,386.5761147060626,264.2663377918179,122.30977691424471,118.32214753567457,3.987629378570138
2025-09-09 08:45:00+02:00,390.06593670774015,267.1261727899975,122.93976391774267,118.91979602408524,4.019967893657426
2025-09-09 08:46:00+02:00,393.55151525565446,269.98520362959783,123.56631162605663,119.51406847750653,4.052243148550112
2025-09-09 08:47:00+02:00,397.03267021779027,272.84323199640596,124.18943822138432,120.10498432284258,4.084453898541735
2025-09-09 08:48:00+02:00,400.5092235268743,275.700061924353,124.80916160252127,120.69256268944291,4.11659891307836
2025-09-09 08:49:00+02:00,403.98099910470023,278.5554997244012,125.425499380299,121.27682240520151,4.148676975097492
2025-09-09 08:50:00+02:00,407.44782285356087,281.4093539686199,126.03846888494101,121.85778200394866,4.18068688099236
2025-09-09 08:51:00+02:00,410.90952493427534,284.26143735919374,126.64808757508159,122.43546011341672,4.212627461664872
2025-09-09 08:52:00+02:00,414.365930445009,287.1115590385016,127.25437140650743,123.00987390992661,4.2444974965808155
2025-09-09 08:53:00+02:00,417.81687334158573,289.95953604960266,127.85733729198304,123.58104144972953,4.276295842253514
2025-09-09 08:54:00+02:00,421.2621870781223,292.80518561829615,128.45700145982613,124.1489801139075,4.308021345918634
2025-09-09 08:55:00+02:00,424.70170692438273,295.6483270533137,129.053379871069,124.7137070040989,4.3396728669701305
2025-09-09 08:56:00+02:00,428.1352699290485,298.4887817079,129.64648822114853,125.27523894447879,4.371249276669746
2025-09-09 08:57:00+02:00,431.5627148824966,301.32637294106803,130.2363419414286,125.83359248357806,4.40274945785054
2025-09-09 08:58:00+02:00,434.9838823140416,304.1609261074973,130.82295620654426,126.38878390160286,4.434172304941402
2025-09-09 08:59:00+02:00,438.39861442395295,306.99226849353806,131.40634593041491,126.94082920702641,4.465516723388498
2025-09-09 09:00:00+02:00,441.8067550818585,309.82022930827833,131.98652577358018,127.48974414388913,4.496781629691052
2025-09-09 09:01:00+02:00,445.208149792692,312.64463964785585,132.56351014483616,128.03554419369922,4.527965951136943
2025-09-09 09:02:00+02:00,448.60264793771603,315.46533435101634,133.13731358669966,128.57824494032047,4.559068646379177
2025-09-09 09:03:00+02:00,451.99009367232577,318.2821444269895,133.70794924533632,129.1178606232411,4.590088622095221
2025-09-09 09:04:00+02:00,455.37033952223385,321.09490834632675,134.2754311759071,129.65440631829077,4.6210248576163355
2025-09-09 09:05:00+02:00,458.74323727198566,323.9034644639386,134.83977280804712,130.18789648657173,4.651876321475396
2025-09-09 09:06:00+02:00,462.10864021428563,326.70765288063825,135.4009873336474,130.7183453415727,4.6826419920747036
2025-09-09 09:07:00+02:00,465.4664031194759,329.5073154109765,135.9590877084994,131.2457668510447,4.713320857454698
2025-09-09 09:08:00+02:00,468.8163822372246,332.3022955780368,136.51408665918777,131.77017474382987,4.743911915357893
2025-09-09 09:09:00+02:00,472.15843523629064,335.09243855669683,137.0659966795938,132.29158250686706,4.774414172726743
2025-09-09 09:10:00+02:00,475.4924212075416,337.8775911697276,137.61483003781396,132.81000339203393,4.804826645780035
2025-09-09 09:11:00+02:00,478.8182006358251,340.6576018580268,138.16059877779833,133.32545041799474,4.835148359803583
2025-09-09 09:12:00+02:00,482.1356353727431,343.43232065168417,138.70331472105892,133.8379363721091,4.865378348949798
2025-09-09 09:13:00+02:00,485.4445886409235,346.201599167494,139.24298947342945,134.34747381710505,4.895515656324387
2025-09-09 09:14:00+02:00,488.74492718611606,348.9652924057387,139.77963478037736,134.85407542676046,4.925559353616903
2025-09-09 09:15:00+02:00,492.0365124364173,351.7232513399735,140.31326109644382,135.35775263576352,4.955508460680315
2025-09-09 09:16:00+02:00,495.31921375502804,354.47533400912135,140.84387974590672,135.8585176796886,4.985362066218128
2025-09-09 09:17:00+02:00,498.592899557117,357.2213980741477,141.37150148296928,136.35638223601373,5.015119246955553
2025-09-09 09:18:00+02:00,501.85743953220407,359.9613026729937,141.89613685921034,136.85135777128883,5.044779087921513
2025-09-09 09:19:00+02:00,505.1127045888334,362.69490836869915,142.41779622013428,137.3434555381455,5.074340681988797
2025-09-09 09:20:00+02:00,508.3585668618575,365.422077150133,142.93648971172448,137.83268658173864,5.1038031299858275
2025-09-09 09:21:00+02:00,511.5948996894755,368.142672407444,143.45222728203146,138.3190617414989,5.133165540532551
2025-09-09 09:22:00+02:00,514.821577589795,370.85655890717726,143.96501868261777,138.80259165274796,5.16242702986981
2025-09-09 09:23:00+02:00,518.0384762689896,373.5636027940536,144.47487347493595,139.28328675295867,5.191586721977286
2025-09-09 09:24:00+02:00,521.2454725691159,376.26367154207657,144.98180102703938,139.76115727889706,5.220643748142313
2025-09-09 09:25:00+02:00,524.4424466167889,378.9566357599717,145.48581085681712,140.23621359036014,5.24959726645698
2025-09-09 09:26:00+02:00,527.6292732334795,381.6423619499549,145.9869112835246,140.70846489944927,5.2784463840753135
2025-09-09 09:27:00+02:00,530.8058347778925,384.3207233207599,146.4851114571326,141.17792118357093,5.30719027356167
2025-09-09 09:28:00+02:00,533.9720125725923,386.99159256210277,146.98042001048952,141.64459191521266,5.33582809527687
2025-09-09 09:29:00+02:00,537.1276890020885,389.654843606935,147.47284539515343,142.10848637872832,5.36435901642512
2025-09-09 09:30:00+02:00,540.2727475219394,392.3103516346085,147.96239588733093,142.56961367615656,5.392782211174371
2025-09-09 09:31:00+02:00,543.4070726393095,394.95799305005045,148.449079589259,143.02798272873972,5.421096860519258
2025-09-09 09:32:00+02:00,546.5305498945231,397.59764546383764,148.93290443068554,143.4836022785316,5.449302152153944
2025-09-09 09:33:00+02:00,549.6430658709693,400.2291876963031,149.41387817466617,143.93648089406784,5.4773972805983115
2025-09-09 09:34:00+02:00,552.7445081474652,402.85249973308197,149.8920084143833,144.3866269675787,5.505381446804586
2025-09-09 09:35:00+02:00,555.8347653092469,405.4674627302667,150.3673025789802,144.83404872068687,5.533253858293335
2025-09-09 09:36:00+02:00,558.9137289909345,408.0739607402085,150.83976825072602,145.27875450312098,5.5610137476050445
2025-09-09 09:37:00+02:00,561.9812856083056,410.6718737073251,151.30941190098048,145.720751603183,5.588660297797463
2025-09-09 09:38:00+02:00,565.0373287570536,413.26108796039404,151.7762407966596,146.16004804239404,5.616192754265582
2025-09-09 09:39:00+02:00,568.08175090159,415.8414891735542,152.2402617280358,146.59665137819889,5.643610349836905
2025-09-09 09:40:00+02:00,571.1144454548406,418.41296412280826,152.70148133203233,147.03056900847326,5.670912323559075
2025-09-09 09:41:00+02:00,574.1353067623636,420.97540066884767,153.1599060935159,147.4618081729246,5.698097920591294
2025-09-09 09:42:00+02:00,577.1442300856186,423.5286877392025,153.61554234641605,147.89037595433106,5.725166392084973
2025-09-09 09:43:00+02:00,580.141111615045,426.0727153357527,154.06839627929227,148.3162792839566,5.7521169953356726
2025-09-09 09:44:00+02:00,583.125848425507,428.6073744933811,154.51847393212586,148.73952493871423,5.778948993411643
2025-09-09 09:45:00+02:00,586.0983384894503,431.1325572876597,154.96578120179058,149.16011954648596,5.805661655304615
2025-09-09 09:46:00+02:00,589.0584806617607,433.64815681857743,155.41032384318325,149.5780695873591,5.83225425582416
2025-09-09 09:47:00+02:00,592.0061766374049,436.1540688717199,155.852107765685,149.9933816724797,5.858726093205301
2025-09-09 09:48:00+02:00,594.9413230659806,438.65018521074313,156.2911378552374,150.40606143690857,5.885076418328822
2025-09-09 09:49:00+02:00,597.8638233700168,441.136403621184,156.72741974883283,150.81611520794831,5.911304540884514
2025-09-09 09:50:00+02:00,600.7735798429296,443.61262119010894,157.16095865282074,151.2235488943918,5.937409758428932
2025-09-09 09:51:00+02:00,603.6704956162031,446.07873597501975,157.5917596411833,151.62836826709992,5.963391374083379
2025-09-09 09:52:00+02:00,606.5544746460062,448.5346469893655,158.01982765664062,152.03057896019854,5.9892486964420835
2025-09-09 09:53:00+02:00,609.4254217260091,450.98025421041586,158.44516751559323,152.43018647588042,6.014981039712807
2025-09-09 09:54:00+02:00,612.2832424474486,453.41545854225774,158.8677839051909,152.82719618180525,6.040587723385649
2025-09-09 09:55:00+02:00,615.1278432135671,455.84016182514205,159.28768138842503,153.2216133160348,6.0660680723902285
2025-09-09 09:56:00+02:00,617.9591312256573,458.25426682069315,159.70486440496413,153.61344298797044,6.091421416993681
2025-09-09 09:57:00+02:00,620.7770144716662,460.6576771993391,160.11933727232713,154.00269017960062,6.11664709272651
2025-09-09 09:58:00+02:00,623.5814017388891,463.05029754833066,160.53110419055847,154.38935975004011,6.141744440518356
2025-09-09 09:59:00+02:00,626.3722044431485,465.4320349302955,160.94016951285292,154.77345668976665,6.166712823086258
2025-09-09 10:00:00+02:00,629.1493291658938,467.80279251101007,161.3465366548838,155.15498509668913,6.191551558194677
2025-09-09 10:01:00+02:00,631.9126888715025,470.1624791298526,161.7502097416499,155.53394972261287,6.216260019037025
2025-09-09 10:02:00+02:00,634.6621954002434,472.5110028909379,162.1511925093055,155.9103549422158,6.240837567089689
2025-09-09 10:03:00+02:00,637.3977613585869,474.8482727735304,162.54948858505648,156.28420501600715,6.265283569049341
2025-09-09 10:04:00+02:00,640.1193000823943,477.17419859804505,162.9451014843492,156.65550408782326,6.289597396525944
2025-09-09 10:05:00+02:00,642.8267256511216,479.4886910356556,163.338034615466,157.02425618927523,6.313778426190776
2025-09-09 10:06:00+02:00,645.5199528773106,481.79166159683746,163.72829128047314,157.39046524076818,6.337826039704963
2025-09-09 10:07:00+02:00,648.1988972952861,484.08302261925496,164.1158746760311,157.75413505239337,6.361739623637745
2025-09-09 10:08:00+02:00,650.8634751755724,486.36268727768726,164.50078789788512,158.11526932826922,6.385518569615894
2025-09-09 10:09:00+02:00,653.5136034900063,488.63056955181787,164.88303393818836,158.4738716641551,6.409162274033252
2025-09-09 10:10:00+02:00,656.1492016880395,490.88658574454803,165.26261594349143,158.82994578958153,6.432670153909904
2025-09-09 10:11:00+02:00,658.770184627699,493.1306484283689,165.63953619933014,159.1834946154638,6.456041583866364
2025-09-09 10:12:00+02:00,661.376473169039,495.36267551086894,166.01379765817,159.5345216675434,6.479275990626596
2025-09-09 10:13:00+02:00,663.967987110161,497.5825841862656,166.38540292389538,159.88303013386698,6.502372790028405
2025-09-09 10:14:00+02:00,666.5446469246311,499.790292420181,166.7543545044501,160.22902310191236,6.5253314025377405
2025-09-09 10:15:00+02:00,669.1063737771441,501.98571896088674,167.12065481625737,160.57250356284882,6.5481512534085615
2025-09-09 10:16:00+02:00,671.6530895131357,504.16878332825706,167.48430618487865,160.91347441227373,6.570831772604919
2025-09-09 10:17:00+02:00,674.1847166549807,506.33940580840203,167.8453108465786,161.25193845179285,6.593372394785753
2025-09-09 10:18:00+02:00,676.7011783926898,508.4975074436033,168.20367094908656,161.5878983898488,6.615772559237774
2025-09-09 10:19:00+02:00,679.2023985980629,510.64301004239775,168.55938855566515,161.9213568456483,6.63803171001685
2025-09-09 10:20:00+02:00,681.6883017931248,512.7758361504839,168.91246564264085,162.25231634695638,6.660149295684488
2025-09-09 10:21:00+02:00,684.1588148157343,514.8959104782047,169.26290433752965,162.58077955339374,6.682124784135907
2025-09-09 10:22:00+02:00,686.6138601947891,517.0031542131946,169.61070598159455,162.90674837790374,6.70395760369081
2025-09-09 10:23:00+02:00,689.0533660820672,519.0974935414689,169.95587254059825,163.23022530914517,6.725647231453087
2025-09-09 10:24:00+02:00,691.4772596290913,521.1788539621496,170.29840566694185,163.55121253253475,6.747193134407109
2025-09-09 10:25:00+02:00,693.8854686186343,523.2471616854876,170.63830693314662,163.86971214919924,6.7685947839473775
2025-09-09 10:26:00+02:00,696.2779214789796,525.3023436432347,170.97557783574484,164.1857261797267,6.789851656018144
2025-09-09 10:27:00+02:00,698.6545472762394,527.3443274801998,171.31021979603966,164.49925656498021,6.810963231059441
2025-09-09 10:28:00+02:00,701.0152757059557,529.3730415452079,171.64223416074773,164.810305166804,6.8319289939437216
2025-09-09 10:29:00+02:00,703.3600371082532,531.3884149023283,171.9716222059248,165.118873771799,6.852748434125792
2025-09-09 10:30:00+02:00,705.6887624373669,533.3903773029057,172.29838513446128,165.42496408907934,6.873421045381945
2025-09-09 10:31:00+02:00,708.0013832769604,535.378859196972,172.62252407998835,165.72857775402773,6.893946325960623
2025-09-09 10:32:00+02:00,710.2978333663318,537.3537930441618,172.94404032217003,166.029716530037,6.914323792133022
2025-09-09 10:33:00+02:00,712.5780424452095,539.3151080183213,173.26293442688814,166.32838150329584,6.934552923592282
2025-09-09 10:34:00+02:00,714.841945506628,541.2627379632478,173.57920754338022,166.62457429781327,6.954633245566954
2025-09-09 10:35:00+02:00,717.0894765987963,543.1966160608936,173.8928605379027,166.91829626407008,6.974564273832625
2025-09-09 10:36:00+02:00,719.3205703842963,545.116676170498,174.20389421379832,167.20954868524012,6.994345528558207
2025-09-09 10:37:00+02:00,721.5351621331182,547.0228528209652,174.51230931215295,167.49833277789853,7.0139765342544145
2025-09-09 10:38:00+02:00,723.7331877165082,548.9150812039597,174.81810651254835,167.78464969281754,7.033456819730829
2025-09-09 10:39:00+02:00,725.9145836201626,550.7932971836717,175.12128643649086,168.06850051827,7.052785918220844
2025-09-09 10:40:00+02:00,728.0792869176801,552.6574372723888,175.4218496452912,168.34988627813397,7.071963367157219
2025-09-09 10:41:00+02:00,730.2272352841708,554.5074386406559,175.71979664351485,168.62880793521407,7.0909887083007765
2025-09-09 10:42:00+02:00,732.358366990687,556.3432391109458,176.01512787974124,168.9052663920385,7.109861487702744
2025-09-09 10:43:00+02:00,734.472620897106,558.1647771500029,176.30784374710305,169.17926249145552,7.128581255647524
2025-09-09 10:44:00+02:00,736.5699378668985,559.9719930865095,176.59794478038896,169.45079720120305,7.147147579185922
2025-09-09 10:45:00+02:00,738.650255126872,561.7648242493217,176.88543087755036,169.71987088533535,7.165559992215008
2025-09-09 10:46:00+02:00,740.7135147237818,563.5432122529014,177.17030247088047,169.98648440053114,7.183818070349345
2025-09-09 10:47:00+02:00,742.7596578650758,565.3070981195642,177.45255974551165,170.2506383646862,7.201921380825446
2025-09-09 10:48:00+02:00,744.7886263492087,567.0564235104309,177.73220283877774,170.51233334360265,7.219869495175092
2025-09-09 10:49:00+02:00,746.800362563228,568.7911307219301,178.0092318412978,170.77156985208723,7.237661989210586
2025-09-09 10:50:00+02:00,748.7948094619048,570.5111626663946,178.28364679551015,171.02834835266376,7.255298442846392
2025-09-09 10:51:00+02:00,750.7719105811879,572.2164628822703,178.55544769891756,171.28266925869218,7.272778440225387
2025-09-09 10:52:00+02:00,752.7316100328486,573.9069755281222,178.82463450472642,171.53453293504776,7.290101569678651
2025-09-09 10:53:00+02:00,754.6738524991964,575.582645376714,179.09120712248242,171.7839396987973,7.307267423685105
2025-09-09 10:54:00+02:00,756.5985832459321,577.2434178247504,179.35516542118165,172.0308898221901,7.324275598991575
2025-09-09 10:55:00+02:00,758.5057493716929,578.8892399699319,179.6165094017611,172.27538369410422,7.34112570765688
2025-09-09 10:56:00+02:00,760.3952947175289,580.5200562165373,179.87523850099154,172.51742116890625,7.357817332085304
2025-09-09 10:57:00+02:00,762.2671675348524,582.135814891315,180.13135264353747,172.75700255075932,7.374350092778146
2025-09-09 10:58:00+02:00,764.1213153536954,583.7364638137974,180.38485153989802,172.99412793689865,7.390723602999373
2025-09-09 10:59:00+02:00,765.9576862796906,585.3219514142113,180.63573486547935,173.22879738523923,7.406937480240123
2025-09-09 11:00:00+02:00,767.7762289716092,586.892226712815,180.88400225879414,173.4610109127704,7.422991346023723
2025-09-09 11:01:00+02:00,769.5768926547357,588.4472393301993,181.12965332453646,173.69076849850487,7.438884826031584
2025-09-09 11:02:00+02:00,771.3596271157062,589.9869394815846,181.37268763412155,173.9180700840609,7.45461755006064
2025-09-09 11:03:00+02:00,773.124382697888,591.5112779716054,181.61310472628253,174.14291557429604,7.470189151986485
2025-09-09 11:04:00+02:00,774.8711103138206,593.0202062038427,181.8509041099779,174.36530484009864,7.485599269879257
2025-09-09 11:05:00+02:00,776.5997614240132,594.5136761613046,182.08608526270856,174.58523771688942,7.500847545819135
2025-09-09 11:06:00+02:00,778.3102891901558,595.991641401706,182.31864778844977,174.8027141523787,7.515933636071063
2025-09-09 11:07:00+02:00,780.0026438946826,597.4540530985034,182.54859079617916,175.0177336254868,7.530857170692357
2025-09-09 11:08:00+02:00,781.6767798191662,598.9008659829457,182.77591383622055,175.23029602201927,7.545617814201275
2025-09-09 11:09:00+02:00,783.3326506553149,600.3320343779369,183.000616277378,175.44040105227236,7.5602152251056225
2025-09-09 11:10:00+02:00,784.9702106386613,601.7475131763932,183.22269746226814,175.64804839636204,7.574649065906088
2025-09-09 11:11:00+02:00,786.5894145595908,603.1472578496368,183.44215670995385,175.8532377067594,7.5889190031944755
2025-09-09 11:12:00+02:00,788.1902177601532,604.5312244435297,183.65899331662357,176.05596860899195,7.603024707631608
2025-09-09 11:13:00+02:00,789.7725761297797,605.8993695736559,183.87320655612376,176.25624070221343,7.61696585391032
2025-09-09 11:14:00+02:00,791.3364461163987,607.2516504338403,184.0847956825585,176.45405356170173,7.630742120856791
2025-09-09 11:15:00+02:00,792.8817847082155,608.5880247793081,184.2937599289075,176.64940673763428,7.644353191273213
2025-09-09 11:16:00+02:00,794.4085494444294,609.9084509348783,184.50009850955115,176.84229975751788,7.657798752033279
2025-09-09 11:17:00+02:00,795.9166994169083,611.2128886603116,184.70381075659668,177.03273225369188,7.671078502904795
2025-09-09 11:18:00+02:00,797.4061912339746,612.5012956581602,184.90489557581444,177.22070345480125,7.684192121013181
2025-09-09 11:19:00+02:00,798.8769850986589,613.7736328299691,185.1033522686898,177.40621295432618,7.697139314363619
2025-09-09 11:20:00+02:00,800.3290407337747,615.0298607508118,185.29917998296287,177.5892601970016,7.709919785961264
2025-09-09 11:21:00+02:00,801.7623184097738,616.2699405572521,185.49237785252174,177.76984460965858,7.722533242863166
2025-09-09 11:22:00+02:00,803.1767789421583,617.4938339441054,185.68294499805293,177.9479656018927,7.73497939616025
2025-09-09 11:23:00+02:00,804.5723836871603,618.7015031596951,185.8708805274652,178.12362256652943,7.747257960935771
2025-09-09 11:24:00+02:00,805.949094552813,619.892911014459,186.0561835383541,178.29681488198483,7.759368656369266
2025-09-09 11:25:00+02:00,807.3068739820625,621.0680208653546,186.23885311670787,178.46754191112217,7.771311205585702
2025-09-09 11:26:00+02:00,808.6456849631855,622.226796623917,186.4188883392685,178.63580300351822,7.783085335750295
2025-09-09 11:27:00+02:00,809.9654910264468,623.3692027524116,186.59628827403517,178.80159749599628,7.794690778038893
2025-09-09 11:28:00+02:00,811.2662562415733,624.4952042607114,186.77105198086187,178.9649247132439,7.806127267617977
2025-09-09 11:29:00+02:00,812.5479460798938,625.6047674517475,186.9431786281462,179.12578407692286,7.817394551223343
2025-09-09 11:30:00+02:00,813.8105239743945,626.697856942572,187.11266703182255,179.28417467490095,7.828492356921594
2025-09-09 11:31:00+02:00,815.0539564858955,627.7744401358292,187.27951635006622,179.44009591054,7.839420439526222
2025-09-09 11:32:00+02:00,816.2782098497521,628.8344842293798,187.44372562037228,179.5935470701321,7.850178550240181
2025-09-09 11:33:00+02:00,817.4832508390695,629.8779569626774,187.605293876392,179.74452743214715,7.860766444244856
2025-09-09 11:34:00+02:00,818.6690467734275,630.904826623453,187.76422014997445,179.89303626919687,7.871183880777582
2025-09-09 11:35:00+02:00,819.8355655049079,631.9150620347539,187.92050347015405,180.03907284714603,7.881430623008017
2025-09-09 11:36:00+02:00,820.9827754273,632.9086325620685,188.07414286523144,180.18263642711,7.891506438121428
2025-09-09 11:37:00+02:00,822.1106454731403,633.8855081099227,188.22513736321753,180.32372626592672,7.901411097290802
2025-09-09 11:38:00+02:00,823.2191451118028,634.8456591194027,188.37348599240005,180.46234161673826,7.9111443756618
2025-09-09 11:39:00+02:00,824.3082443572091,635.7890565740169,188.51918778319225,180.59848173077302,7.920706052419231
2025-09-09 11:40:00+02:00,825.377914466299,636.7156726039718,188.66224186232716,180.73214594540804,7.9300959169191145
2025-09-09 11:41:00+02:00,826.428125090784,637.6254780180158,188.8026470727682,180.86333332908225,7.9393137436859424
2025-09-09 11:42:00+02:00,827.4588485789895,638.5184460291938,188.94040254979578,180.99204321961918,7.948359330176587
2025-09-09 11:43:00+02:00,828.470057091132,639.3945497551761,189.07550733595596,181.1182748645018,7.957232471454136
2025-09-09 11:44:00+02:00,829.4617233309738,640.2537628513024,189.2079604796713,181.2420275130581,7.965932966613196
2025-09-09 11:45:00+02:00,830.4338205340968,641.0960594996743,189.33776103442244,181.36330041574737,7.974460618675065
2025-09-09 11:46:00+02:00,831.3863224754625,641.9214144149786,189.46490806048388,181.48209282582948,7.982815234654387
2025-09-09 11:47:00+02:00,832.3192034675444,642.7298028421525,189.58940062539187,181.5984039998488,7.990996625543075
2025-09-09 11:48:00+02:00,833.2324383581441,643.5212005537824,189.71123780436176,181.71223319807314,7.999004606288621
2025-09-09 11:49:00+02:00,834.1260025376095,644.2955838556724,189.83041868193712,181.8235796860773,8.006838995859814
2025-09-09 11:50:00+02:00,834.9998719281696,645.0529295769192,189.9469423512504,181.93244273409985,8.014499617150575
2025-09-09 11:51:00+02:00,835.8540235570069,645.7932155659312,190.06080799107582,182.0388216890729,8.021986302002926
2025-09-09 11:52:00+02:00,836.6884332766318,646.5164187140247,190.17201456260716,182.14271569138086,8.029298871226299
2025-09-09 11:53:00+02:00,837.5030791999243,647.2225179319057,190.28056126801852,182.24412410331377,8.036437164704742
2025-09-09 11:54:00+02:00,838.2979394017107,647.9114921570349,190.38644724467574,182.34304622342626,8.043401021249473
2025-09-09 11:55:00+02:00,839.0729924894467,648.5833208476158,190.48967164183094,182.439481358228,8.050190283602957
2025-09-09 11:56:00+02:00,839.828217608751,649.2379839867825,190.5902336219684,182.53342882348457,8.056804798483816
2025-09-09 11:57:00+02:00,840.5635944421296,649.875462080911,190.68813236121855,182.62488794464204,8.06324441657651
2025-09-09 11:58:00+02:00,841.2791032076434,650.4957361578896,190.7833670497538,182.71385805723483,8.06950899251896
2025-09-09 11:59:00+02:00,841.9747246641886,651.0987877711369,190.87593689305163,182.8003385081035,8.075598384948147
2025-09-09 12:00:00+02:00,842.6504401034199,651.6845989920517,190.9658411113681,182.88432865493996,8.081512456428127
2025-09-09 12:01:00+02:00,843.3062313552015,652.2531524142086,191.0530789409929,182.9658278674953,8.087251073497596
2025-09-09 12:02:00+02:00,843.9420812058333,652.8044315154411,191.13764969039218,183.04483558006513,8.092814110327062
2025-09-09 12:03:00+02:00,844.5579717050973,653.3384191895502,191.2195525155471,183.12135108163773,8.098201433909379
2025-09-09 12:04:00+02:00,845.1538867285814,653.8550999673312,191.29878676125017,183.195373834777,8.103412926473167
2025-09-09 12:05:00+02:00,845.7298102525359,654.3544585204227,191.37535173211327,183.26690326172115,8.10844847039211
2025-09-09 12:06:00+02:00,846.2857267911398,654.8364800399441,191.44924675119566,183.33593879918817,8.1133079520075
2025-09-09 12:07:00+02:00,846.8216213954408,655.30115023513,191.5204711603109,183.40247989869218,8.117991261618732
2025-09-09 12:08:00+02:00,847.3374796525252,655.7484553321797,191.58902432034557,183.4665260268697,8.12249829347588
2025-09-09 12:09:00+02:00,847.8332876894443,656.1783820772456,191.65490561219872,183.5280766663847,8.126828945814012
2025-09-09 12:10:00+02:00,848.3090321671838,656.5909177307992,191.71811443638452,183.58713131558673,8.130983120797797
2025-09-09 12:11:00+02:00,848.7647002848498,656.9860500708753,191.77865021397452,183.64368948941524,8.134960724559273
2025-09-09 12:12:00+02:00,849.2002797785508,657.3637673917285,191.83651238682233,183.69775071963605,8.138761667186296
2025-09-09 12:13:00+02:00,849.6157589207668,657.7240585029305,191.89170041783635,183.74931455511935,8.142385862717
2025-09-09 12:14:00+02:00,850.0111267818434,658.066912955792,191.94421382605142,183.7983805946324,8.145833231419031
2025-09-09 12:15:00+02:00,850.3863721782407,658.392320130974,191.99405204726665,183.84494835664836,8.149103690618286
2025-09-09 12:16:00+02:00,850.7414852665574,658.7002706204852,192.04121464607223,183.8890174774742,8.152197168598033
2025-09-09 12:17:00+02:00,851.0764564687772,658.9907552953815,192.08570117339573,183.9305875781696,8.155113595226139
2025-09-09 12:18:00+02:00,851.3912767435036,659.2637655406947,192.12751120280882,183.96965829848946,8.157852904319364
2025-09-09 12:19:00+02:00,851.685937588516,659.5192932573872,192.1666443311288,184.00622929746208,8.160415033666709
2025-09-09 12:20:00+02:00,851.9604310369688,659.7573308588011,192.20310017816766,184.0403002531742,8.162799924993468
2025-09-09 12:21:00+02:00,852.214749660096,659.9778712727773,192.2368783873187,184.07187086333215,8.165007523986572
2025-09-09 12:22:00+02:00,852.4488865664739,660.180907940794,192.26797862567997,184.1009408453935,8.167037780286492
2025-09-09 12:23:00+02:00,852.6628354016932,660.3664348174831,192.29640058421015,184.12750993672591,8.168890647484224
2025-09-09 12:24:00+02:00,852.8565903499975,660.5344463718665,192.32214397813104,184.15157789499546,8.17056608313558
2025-09-09 12:25:00+02:00,853.0301462414278,660.684937680087,192.3452085613408,184.1731445116571,8.172064049683677
2025-09-09 12:26:00+02:00,853.1834981015847,660.8179040348596,192.36559406672524,184.19220955614966,8.173384510575588
2025-09-09 12:27:00+02:00,853.3166418494591,660.9333415504226,192.38330029903653,184.2087728627521,8.174527436284427
2025-09-09 12:28:00+02:00,853.4295738182402,661.0312467469075,192.39832707133274,184.22283427116108,8.175492800171659
2025-09-09 12:29:00+02:00,853.5222908792473,661.1116166576936,192.41067422155362,184.23439364199646,8.176280579557153
2025-09-09 12:30:00+02:00,853.5947904407266,661.1744488282793,192.42034161244726,184.2434508567381,8.176890755709165
2025-09-09 12:31:00+02:00,853.647070448684,661.2197413169303,192.42732913175377,184.25000581790297,8.17732331385078
2025-09-09 12:32:00+02:00,853.6791293866467,661.2474926944136,192.431636692233,184.2540584490754,8.177578243157617
2025-09-09 12:33:00+02:00,853.6909662757834,661.2577020440693,192.43326423171405,184.2556086949541,8.177655536759955
2025-09-09 12:34:00+02:00,853.6825806748445,661.2503689617268,192.43221171311762,184.25465652137672,8.177555191740899
2025-09-09 12:35:00+02:00,853.6539726801386,661.2254935556842,192.42847912445438,184.25120191531684,8.177277209137554
2025-09-09 12:36:00+02:00,853.6051428860073,661.1830764123854,192.42206647362192,184.2452448800474,8.176821593574514
2025-09-09 12:37:00+02:00,853.5360925293612,661.1231187219848,192.41297380737632,184.23678545277068,8.176188354605648
2025-09-09 12:38:00+02:00,853.4468232934998,661.0456221079755,192.40120118552426,184.2258236806396,8.175377504884668
2025-09-09 12:39:00+02:00,853.3373374246596,660.9505887285018,192.38674869615784,184.21235963489897,8.174389061258859
2025-09-09 12:40:00+02:00,853.2076377071569,660.8380212548333,192.36961645232358,184.19639340778903,8.17322304453455
2025-09-09 12:41:00+02:00,853.057727462625,660.7079228707927,192.3498045918323,184.17792511236317,8.17187947946915
2025-09-09 12:42:00+02:00,852.8876105503384,660.5602972731459,192.32731327719247,184.15695488241613,8.17035839477634
2025-09-09 12:43:00+02:00,852.6972913673623,660.3951486718499,192.30214269551232,184.1334828723868,8.168659823125537
2025-09-09 12:44:00+02:00,852.4867748472147,660.2124817890345,192.2742930581802,184.1075092570485,8.166783801131702
2025-09-09 12:45:00+02:00,852.256066461912,660.0123018609305,192.24376460098148,184.07903423160812,8.164730369373368
2025-09-09 12:46:00+02:00,852.005172220619,659.7946146368696,192.21055758374942,184.04805801136786,8.162499572381563
2025-09-09 12:47:00+02:00,851.7340984812948,659.5594262160528,192.17467226524207,184.01458080827595,8.160091456966128
2025-09-09 12:48:00+02:00,851.4428526920669,659.3067436909824,192.13610900108452,183.97860292228108,8.157506078803449
2025-09-09 12:49:00+02:00,851.1314422975425,659.0365741987716,192.09486809877092,183.94012460605234,8.15474349271859
2025-09-09 12:50:00+02:00,850.7998754580823,658.7489255454424,192.0509499126399,183.8991461535615,8.151803759078417
2025-09-09 12:51:00+02:00,850.4481608691746,658.4438060494596,192.00435481971502,183.85566787752788,8.148686942187135
2025-09-09 12:52:00+02:00,850.0763077640212,658.1212245442368,191.9550832197843,183.80969010947697,8.14539311030735
2025-09-09 12:53:00+02:00,849.684325913184,657.7811903781163,191.90313553506775,183.76121319940702,8.141922335660727
2025-09-09 12:54:00+02:00,849.2722256251982,657.4237134151957,191.8485122100025,183.71023751557036,8.138274694432129
2025-09-09 12:55:00+02:00,848.8400177434789,657.0488040329594,191.79121371051946,183.65676344377601,8.13445026674345
2025-09-09 12:56:00+02:00,848.3877136508745,656.6564731265563,191.73124052431814,183.6007913876237,8.130449136694432
2025-09-09 12:57:00+02:00,847.9153252666239,656.2467321065028,191.66859316012105,183.54232176778441,8.126271392336632
2025-09-09 12:58:00+02:00,847.4228650470409,655.8195928996379,191.60327214740303,183.48135502172335,8.121917125679687
2025-09-09 12:59:00+02:00,846.9103456361358,655.3750676464739,191.5352779896619,183.41789156005663,8.11738642960526
2025-09-09 13:00:00+02:00,846.3777812497535,654.913169902084,191.46461134766963,183.35193193756962,8.112679410100025
2025-09-09 13:01:00+02:00,845.825185619366,654.4339128530933,191.39127276627272,183.28347659818934,8.10779616808339
2025-09-09 13:02:00+02:00,845.2525733493908,653.937310495351,191.31526285403984,183.2125260426354,8.102736811404453
2025-09-09 13:03:00+02:00,844.6599595812315,653.4233773429721,191.23658223825947,183.1390807863853,8.097501451874171
2025-09-09 13:04:00+02:00,844.0473599943575,652.8921284297229,191.15523156463462,183.06314135935995,8.092090205274676
2025-09-09 13:05:00+02:00,843.4147908017742,652.343579305558,191.07121149621614,182.9847083048945,8.086503191321631
2025-09-09 13:06:00+02:00,842.7622687567297,651.7777460429107,190.98452271381896,182.90378218009687,8.08074053372209
2025-09-09 13:07:00+02:00,842.0898111482868,651.1946452333491,190.89516591493773,182.82036355479946,8.074802360138285
2025-09-09 13:08:00+02:00,841.3974358023485,650.5942939889687,190.8031418133797,182.73445301118403,8.068688802195677
2025-09-09 13:09:00+02:00,840.6851610830689,649.976709944141,190.70845113892793,182.64605114343001,8.0623999954979
2025-09-09 13:10:00+02:00,839.9530053898242,649.3419108199107,190.61109456991343,182.5551584947285,8.055936075184949
2025-09-09 13:11:00+02:00,839.2009891424125,648.6899161457578,190.5110729966546,182.46177580319298,8.04929719346162
2025-09-09 13:12:00+02:00,838.4291318299479,648.020744701466,190.40838712848182,182.36590363493858,8.042483493543237
2025-09-09 13:13:00+02:00,837.6374539627534,647.3344162100614,190.30303775269198,182.2675426258022,8.035495126889785
2025-09-09 13:14:00+02:00,836.8259765895693,646.6309509197989,190.19502566977047,182.16669342082741,8.028332248943055
2025-09-09 13:15:00+02:00,835.9947212915674,645.9103695995817,190.08435169198577,182.0633566729095,8.020995019076286
2025-09-09 13:16:00+02:00,835.1437101913845,645.1726935474055,189.9710166439789,181.95753304330566,8.013483600673247
2025-09-09 13:17:00+02:00,834.272965947172,644.4179445858317,189.85502136134033,181.8492232002639,8.005798161076436
2025-09-09 13:18:00+02:00,833.382511754139,643.6461450639681,189.73636669017097,181.73842781856953,7.997938871601426
2025-09-09 13:19:00+02:00,832.4723713463497,642.8573178596876,189.61505348666213,181.62514757910716,7.9899059075549745
2025-09-09 13:20:00+02:00,831.5425689899228,642.0514863743977,189.49108261552504,181.50938316735235,7.9816994481726935
2025-09-09 13:21:00+02:00,830.5931288500383,641.2286739851706,189.3644548648677,181.3911351938332,7.973319671034489
2025-09-09 13:22:00+02:00,829.6240775441722,640.3889062581223,189.23517128604988,181.270404511449,7.964766774600896
2025-09-09 13:23:00+02:00,828.6354403237535,639.5322076400273,189.10323268372622,181.14719173921557,7.95604094451064
2025-09-09 13:24:00+02:00,827.6272436097296,638.6586036564627,188.96863995326692,181.02149757730578,7.947142375961123
2025-09-09 13:25:00+02:00,826.5995143550574,637.768120360047,188.83139399501047,180.89332272692806,7.938071268082407
2025-09-09 13:26:00+02:00,825.5522800560694,636.8607843410347,188.6914957150348,180.7626678909968,7.928827824038006
2025-09-09 13:27:00+02:00,824.4855687451416,635.9366227217183,188.54894602342324,180.629533772464,7.919412250959249
2025-09-09 13:28:00+02:00,823.3994089927128,634.9956631589521,188.4037458337607,180.49392107379583,7.909824759964865
2025-09-09 13:29:00+02:00,822.2938299095101,634.0379338468576,188.25589606265254,180.35583049647352,7.900065566179011
2025-09-09 13:30:00+02:00,821.1688611384847,633.0634635106385,188.10539762784617,180.21526273918332,7.890134888662869
2025-09-09 13:31:00+02:00,820.0245328673147,632.0722814182129,187.9522514491018,180.0722184985793,7.880032950522482
2025-09-09 13:32:00+02:00,818.8608750336416,631.0644166926941,187.7964583409475,179.92669836905378,7.869759971893742
2025-09-09 13:33:00+02:00,817.6779204615873,630.0399010297731,187.63801943181417,179.778703234183,7.859316197631163
2025-09-09 13:34:00+02:00,816.475700182263,628.9987646455714,187.47693553669163,179.6282336806931,7.848701855998509
2025-09-09 13:35:00+02:00,815.2542465334185,627.9410389621934,187.31320757122512,179.4752903851948,7.837917186030317
2025-09-09 13:36:00+02:00,814.0135923992567,626.8667559501645,187.14683644909223,179.31987401826973,7.8269624308224905
2025-09-09 13:37:00+02:00,812.7537712018449,625.7759481218637,186.97782307998114,179.1619852425275,7.815837837453646
2025-09-09 13:38:00+02:00,811.4748169036068,624.6686485345788,186.80616836902806,179.00162471201793,7.804543657010121
2025-09-09 13:39:00+02:00,810.1767640101091,623.5448907938096,186.63187321629945,178.83879307169263,7.793080144606813
2025-09-09 13:40:00+02:00,808.8596475606986,622.4047090460806,186.45493851461802,178.6734909553119,7.781447559306123
2025-09-09 13:41:00+02:00,807.5235031433629,621.248137992723,186.2753651506399,178.505718986393,7.76964616424691
2025-09-09 13:42:00+02:00,806.1683668854671,620.0752128827961,186.09315400267104,178.33547777610718,7.7576762265638655
2025-09-09 13:43:00+02:00,804.7942754566195,618.8859695165036,185.908305940116,178.16276792270727,7.745538017408732
2025-09-09 13:44:00+02:00,803.4012651311734,617.6804434348704,185.72082169630295,177.9875898926323,7.733231803670663
2025-09-09 13:45:00+02:00,801.989375527535,616.4586731566814,185.53070237085365,177.80994448984677,7.720757881006885
2025-09-09 13:46:00+02:00,800.5586440193745,615.2206953428595,185.33794867651497,177.62983215204542,7.7081165244695375
2025-09-09 13:47:00+02:00,799.1091094496215,613.9665480116541,185.1425614379674,177.44725341665225,7.695308021315152
2025-09-09 13:48:00+02:00,797.640811205815,612.6962697394047,184.94454146641033,177.26220880357698,7.682332662833342
2025-09-09 13:49:00+02:00,796.1537892234172,611.4098996644248,184.74388955899244,177.0746988146172,7.669190744375246
2025-09-09 13:50:00+02:00,794.6480839752965,610.1074774789264,184.54060649637,176.88472393111067,7.655882565259344
2025-09-09 13:51:00+02:00,793.1237364889132,608.7890434449232,184.33469304399,176.69228461506893,7.642408428921073
2025-09-09 13:52:00+02:00,791.5807883359598,607.4546383863135,184.1261499496463,176.49738130682738,7.6287686428189145
2025-09-09 13:53:00+02:00,790.0192816357621,606.1043036928809,183.91497794288128,176.3000144244187,7.614963518462582
2025-09-09 13:54:00+02:00,788.4392590588602,604.7380813244633,183.70117773439694,176.10018436295292,7.600993371444025
2025-09-09 13:55:00+02:00,786.8407627379668,603.3560128704797,183.4847498674871,175.89789135568523,7.586858511801863
2025-09-09 13:56:00+02:00,785.2238385862634,601.958143284569,183.26569530169428,175.69313601948642,7.5725592822078625
2025-09-09 13:57:00+02:00,783.588529855051,600.5445153155907,183.04401453946028,175.48591853846582,7.558096000994449
2025-09-09 13:58:00+02:00,781.9348814127121,599.1151732084481,182.819708204264,175.27623920427382,7.543468999990175
2025-09-09 13:59:00+02:00,780.2629386830115,597.6701617872178,182.59277689579363,175.06409828066572,7.528678615127905
2025-09-09 14:00:00+02:00,778.5727476334536,596.2095264462288,182.36322118722475,174.84949600088467,7.513725186340076
2025-09-09 14:01:00+02:00,776.8643547949523,594.7333131682099,182.13104162674242,174.6324325690151,7.498609057727309
2025-09-09 14:02:00+02:00,775.1378072502469,593.2415685154451,181.89623873480173,174.41290815734635,7.483330577455365
2025-09-09 14:03:00+02:00,773.3931526381518,591.7343396346158,181.65881300353604,174.19092290574991,7.467890097786118
2025-09-09 14:04:00+02:00,771.6304391576728,590.2116742615501,181.4187648961226,173.9664769210087,7.452287975113916
2025-09-09 14:05:00+02:00,769.8497155561619,588.6736207121836,181.1760948439783,173.73957027412524,7.436524569853049
2025-09-09 14:06:00+02:00,768.0510299377503,587.1202268547693,180.93080308298104,173.51020284709472,7.420600235886315
2025-09-09 14:07:00+02:00,766.2344345881208,585.551544277789,180.68289031033174,173.27837494705452,7.4045153632772225
2025-09-09 14:08:00+02:00,764.3999787420847,583.9676220450626,180.4323566970221,173.04408638278952,7.388270314232572
2025-09-09 14:09:00+02:00,762.547713400802,582.3685108574035,180.17920254339847,172.80733707765188,7.371865465746586
2025-09-09 14:10:00+02:00,760.6776901189986,580.7542620064381,179.92342811256052,172.56812691369922,7.355301198861307
2025-09-09 14:11:00+02:00,758.789961027207,579.1249273950738,179.66503363213326,172.32645573327878,7.33857789885449
2025-09-09 14:12:00+02:00,756.88457881917,577.4805595279206,179.4040192912493,172.08232333612298,7.3216959551263185
2025-09-09 14:13:00+02:00,754.9615967567972,575.8212115168699,179.14038523992738,171.83572947869115,7.3046557612362255
2025-09-09 14:14:00+02:00,753.0210686751434,574.1469370867082,178.87413158843515,171.58667387349234,7.287457714942818
2025-09-09 14:15:00+02:00,751.0630489696111,572.4577905654031,178.605258404208,171.33515618612523,7.270102218082762
2025-09-09 14:16:00+02:00,749.0875926189464,570.7538269052937,178.33376571365264,171.08117603688154,7.252589676771107
2025-09-09 14:17:00+02:00,747.0947538304728,569.0351005160982,178.0596533143746,170.8247328249945,7.23492048938011
2025-09-09 14:18:00+02:00,745.0845914022617,567.3016698907522,177.7829215115095,170.56582641743017,7.217095094079335
2025-09-09 14:19:00+02:00,743.0571607105901,565.5535906963559,177.50357001423419,170.30445611644873,7.199113897785463
2025-09-09 14:20:00+02:00,741.0125190303133,563.7909203643069,177.22159866600643,170.04062134267934,7.1809773233270855
2025-09-09 14:21:00+02:00,738.9507242287431,562.0137169651686,176.9370072635745,169.77432146571633,7.162685797858173
2025-09-09 14:22:00+02:00,736.8718347525627,560.2220391988203,176.64979555374236,169.50555580100843,7.144239752733943
2025-09-09 14:23:00+02:00,734.7759096334323,558.415946400743,176.35996323268927,169.2343236091353,7.1256396235539725
2025-09-09 14:24:00+02:00,732.6630084940264,556.5954985486845,176.06750994534187,168.96062409513496,7.106885850206915
2025-09-09 14:25:00+02:00,730.5331915342707,554.7607562522876,175.7724352819831,168.68445640524178,7.087978876741315
2025-09-09 14:26:00+02:00,728.3865195570235,552.9117807767162,175.47473878030723,168.40581962872207,7.068919151585173
2025-09-09 14:27:00+02:00,726.2230539546024,551.0486340325627,175.17441992203968,168.12471279462196,7.049707127417714
2025-09-09 14:28:00+02:00,724.0428567149386,549.1713785826835,174.87147813225508,167.8411348710398,7.030343261215291
2025-09-09 14:29:00+02:00,721.8459889492054,547.2800763762807,174.56591257292476,167.55508457176256,7.010828001162188
2025-09-09 14:30:00+02:00,719.632516781757,545.3747938209656,174.25772296079145,167.26656112182664,6.9911618389648
2025-09-09 14:31:00+02:00,717.4025025379458,543.4555941978562,173.9469083400896,166.9755631085278,6.971345231561804
2025-09-09 14:32:00+02:00,715.1560106118795,541.5225427149971,173.63346789688234,166.68208924364535,6.951378653236998
2025-09-09 14:33:00+02:00,712.8931060054488,539.5757052511206,173.31740075432828,166.38613817169573,6.931262582632532
2025-09-09 14:34:00+02:00,710.6138543354477,537.6151483634127,172.998705972035,166.08770846923505,6.910997502799939
2025-09-09 14:35:00+02:00,708.3183218190234,535.6409392766714,172.67738254235195,165.78679864128875,6.890583901063198
2025-09-09 14:36:00+02:00,706.0065753021225,533.6531459094582,172.3534293926643,165.48340712340573,6.870022269258573
2025-09-09 14:37:00+02:00,703.6786822453911,531.6518368636758,172.02684538171528,165.17753227811633,6.8493131035989405
2025-09-09 14:38:00+02:00,701.3347107313821,529.6370814324972,171.6976292988849,164.86917239415865,6.828456904726247
2025-09-09 14:39:00+02:00,698.9747294719608,527.6089496084801,171.3657798634807,164.55832568571466,6.807454177766038
2025-09-09 14:40:00+02:00,696.5988061953764,525.5675106996123,171.03129549576406,164.24499007780778,6.7863054179562585
2025-09-09 14:41:00+02:00,694.2070140594401,523.5128388411763,170.69417521826387,163.92916405054058,6.765011167723273
2025-09-09 14:42:00+02:00,691.799422077656,521.4450047715029,170.3544173061531,163.61084537470228,6.743571931450805
2025-09-09 14:43:00+02:00,689.3761014895382,519.3640813075798,170.0120201819584,163.29003194979208,6.721988232166315
2025-09-09 14:44:00+02:00,686.9371241806215,517.2701419892245,169.666982191397,162.9667215939308,6.700260597466212
2025-09-09 14:45:00+02:00,684.4825626678278,515.1632610684138,169.319301599414,162.64091204004168,6.678389559372311
2025-09-09 14:46:00+02:00,682.0124901305048,513.0435135378447,168.96897659266023,162.31260093806722,6.6563756545930195
2025-09-09 14:47:00+02:00,679.5269803958356,510.91097512035117,168.6160052754845,161.98178585110333,6.634219424381183
2025-09-09 14:48:00+02:00,677.0261079475339,508.76572227833174,168.26038566920212,161.64846425460755,6.611921414594576
2025-09-09 14:49:00+02:00,674.5099479342533,506.6078322229605,167.90211571129285,161.31263353553499,6.589482175757856
2025-09-09 14:50:00+02:00,671.9785761550274,504.4373829037206,167.5411932513068,160.97429098839004,6.566902262916759
2025-09-09 14:51:00+02:00,669.4320673788402,502.25445157012996,167.17761580871024,160.6334335880828,6.544182220627438
2025-09-09 14:52:00+02:00,666.8705021661046,500.0591206210259,166.81138154507877,160.29005890127286,6.521322643805904
2025-09-09 14:53:00+02:00,664.2939566509342,497.8514688477644,166.44248780316974,159.9441637166211,6.498324086548642
2025-09-09 14:54:00+02:00,661.7025093423683,495.6315772668796,166.07093207548866,159.5957449526954,6.475187122793241
2025-09-09 14:55:00+02:00,659.0962394261147,493.3995276663051,165.69671175980963,159.24479942865833,6.451912331151295
2025-09-09 14:56:00+02:00,656.4752267934477,491.15540263232435,165.31982416112334,158.89132386597444,6.428500295148879
2025-09-09 14:57:00+02:00,653.8395520270168,488.89928553964086,164.94026648737596,158.53531488429513,6.404951603080837
2025-09-09 14:58:00+02:00,651.1892964102307,486.63126056168255,164.5580358485481,158.17676900046888,6.381266848079205
2025-09-09 14:59:00+02:00,648.5245419378654,484.35141268197106,164.17312925589428,157.81568262770858,6.357446628185685
2025-09-09 15:00:00+02:00,645.8453713009344,482.0598276835136,163.78554361742073,157.45205207121953,6.333491546201198
2025-09-09 15:01:00+02:00,643.1518679221654,479.7565921815177,163.39527574064766,157.08587353066687,6.309402209980782
2025-09-09 15:02:00+02:00,640.4441141210089,477.4417920572971,163.00232206371174,156.71714284771392,6.2851792159978155
2025-09-09 15:03:00+02:00,637.7221983969017,475.1155186866046,162.60667971029707,156.34585649581513,6.260823214481932
2025-09-09 15:04:00+02:00,634.9862045455959,472.77785963787125,162.20834490772464,155.97201009568974,6.236334812034891
2025-09-09 15:05:00+02:00,632.2362188980102,470.4289048634926,161.80731403451756,155.59559939815333,6.211714636364232
2025-09-09 15:06:00+02:00,629.472328546091,468.06874518547846,161.40358336061257,155.2166200402214,6.186963320391175
2025-09-09 15:07:00+02:00,626.6946213285191,465.697472285828,160.9971490426912,154.83506754058905,6.162081502102167
2025-09-09 15:08:00+02:00,623.9031858424111,463.315178719152,160.58800712325905,154.45093729862927,6.137069824629764
2025-09-09 15:09:00+02:00,621.0981114548138,460.92195792515645,160.17615352965726,154.06422459332276,6.111928936334496
2025-09-09 15:10:00+02:00,618.279488288706,458.51790421941337,159.7615840692926,153.6749245786375,6.086659490655104
2025-09-09 15:11:00+02:00,615.4474072609582,456.103112828504,159.34429443245432,153.28303228602823,6.06126214642608
2025-09-09 15:12:00+02:00,612.6019600688375,453.67767988129907,158.92428018753841,152.88854261980757,6.035737567730856
2025-09-09 15:13:00+02:00,609.7432392022212,451.2417024222233,158.50153677999788,152.49145035601,6.010086423987879
2025-09-09 15:14:00+02:00,606.8713360260138,448.7952767809245,158.0760592450893,152.09174987237742,5.984309372711882
2025-09-09 15:15:00+02:00,603.9863484786305,446.33850513263195,157.64784334599852,151.68943621740718,5.958407128591345
2025-09-09 15:16:00+02:00,601.0883695566732,443.871485691814,157.21688386485926,151.28450350475376,5.932380360105486
2025-09-09 15:17:00+02:00,598.1774949960793,441.39431925891864,156.7831757371607,150.8769459787249,5.906229758435781
2025-09-09 15:18:00+02:00,595.253821364205,438.9071075979348,156.34671376627026,150.46675774595374,5.879956020316524
2025-09-09 15:19:00+02:00,592.3174460735687,436.4099534512169,155.9074926223518,150.05393277422067,5.853559848131132
2025-09-09 15:20:00+02:00,589.3684673684347,433.9029605312678,155.46550683716697,149.63846488740296,5.827041949764022
2025-09-09 15:21:00+02:00,586.4069843664475,431.38623355938256,155.02075080706499,149.22034776811955,5.800403038945432
2025-09-09 15:22:00+02:00,583.4330970457395,428.8598782579745,154.57321878776497,148.79957495265816,5.773643835106799
2025-09-09 15:23:00+02:00,580.4469062593959,426.3240013662218,154.12290489317408,148.376139829692,5.7467650634820755
2025-09-09 15:24:00+02:00,577.4485137506316,423.77871065635964,153.66980309427194,147.95003563905883,5.719767455213107
2025-09-09 15:25:00+02:00,574.4380201171125,421.2241132100676,153.21390690704484,147.52125517806337,5.692651728981466
2025-09-09 15:26:00+02:00,571.4155329374448,418.66032231721306,152.75521062023182,147.08979195605275,5.665418664179081
2025-09-09 15:27:00+02:00,568.3811546463542,416.0874471907095,152.2937074556446,146.65563846397734,5.638068991667255
2025-09-09 15:28:00+02:00,565.3349906177502,413.50559982982276,151.82939078792742,146.21878732138507,5.6106034665423445
2025-09-09 15:29:00+02:00,562.2771471657442,410.9148933272724,151.36225383847176,145.77923098836774,5.583022850104013
2025-09-09 15:30:00+02:00,559.2077315332647,408.31544186336106,150.89228966990362,145.33696176018717,5.555327909716446
2025-09-09 15:31:00+02:00,556.1268519369403,405.70736074783633,150.41949118910398,144.89197176992312,5.527519419180874
2025-09-09 15:32:00+02:00,553.0346175559137,403.0907664143092,149.94385114160443,144.44425298300484,5.499598158599593
2025-09-09 15:33:00+02:00,549.9311385489463,400.4657764387091,149.46536211023712,143.99379719574074,5.471564914496387
2025-09-09 15:34:00+02:00,546.8165260663854,397.832509553449,148.98401651293653,143.54059603304773,5.443420479888814
2025-09-09 15:35:00+02:00,543.6908922683033,395.19108566687123,148.4998066014321,143.08464094701665,5.415165654415473
2025-09-09 15:36:00+02:00,540.5543482065575,392.54162407879556,148.012724127762,142.62592290261802,5.386801225143978
2025-09-09 15:37:00+02:00,537.4070122931059,389.88425063725185,147.52276165585405,142.16443361273318,5.358328043120886
2025-09-09 15:38:00+02:00,534.2489976699713,387.21908707409114,147.02991059588024,141.70016368676184,5.329746909118393
2025-09-09 15:39:00+02:00,531.0804206341561,384.5462581267888,146.53416250736728,141.23310385758916,5.301058649778124
2025-09-09 15:40:00+02:00,527.9013985579641,381.8658897857902,146.03550877217387,140.7632446734062,5.272264098767668
2025-09-09 15:41:00+02:00,524.7120498792792,379.1781092908874,145.53394058839189,140.29057649173808,5.2433640966537975
2025-09-09 15:42:00+02:00,521.5124941511094,376.4830451776388,145.02944897347055,139.81508948215787,5.214359491312673
2025-09-09 15:43:00+02:00,518.3028520330913,373.7808272749259,144.52202475816543,139.33677362035462,5.185251137810796
2025-09-09 15:44:00+02:00,515.0832453123077,371.0715867273072,144.01165858500048,138.855618686447,5.1560398985534865
2025-09-09 15:45:00+02:00,511.8537969247261,368.3554560179607,143.49834090676543,138.37161426332744,5.126726643437989
2025-09-09 15:46:00+02:00,508.61463094688247,365.63256896668554,142.98206198019693,137.88474973046053,5.097312249736417
2025-09-09 15:47:00+02:00,505.36587046636976,362.90305894636214,142.4628115200076,137.39501393730583,5.067797582701746
2025-09-09 15:48:00+02:00,502.1076462953535,360.1670662079729,141.94058008738062,136.90239651268675,5.038183574693874
2025-09-09 15:49:00+02:00,498.84008392143335,357.4247269223479,141.41535699908545,136.4068858924962,5.008471106589233
2025-09-09 15:50:00+02:00,495.56331223993095,354.6761805230904,140.88713171684057,135.908470629785,4.97866108705556
2025-09-09 15:51:00+02:00,492.2774613708742,351.9215678774601,140.35589349341407,135.40713906073,4.948754432684075
2025-09-09 15:52:00+02:00,488.9826627146683,349.1610313386154,139.82163137605295,134.9028793076062,4.918752068446743
2025-09-09 15:53:00+02:00,485.67904894565817,346.3947147458492,139.28433419980894,134.39567927221324,4.888654927595706
2025-09-09 15:54:00+02:00,482.3667540378791,343.62276345191856,138.74399058596057,133.8855266341113,4.85846395184926
2025-09-09 15:55:00+02:00,479.04591329038624,340.84532435009686,138.2005889402894,133.37240884871133,4.828180091578082
2025-09-09 15:56:00+02:00,475.7166633226501,338.06254587629064,137.65411744635946,132.85631314064338,4.797804305716073
2025-09-09 15:57:00+02:00,472.3791421320456,335.27457806318233,137.10456406886328,132.33722650662574,4.767337562237536
2025-09-09 15:58:00+02:00,469.0334890903404,332.48157254344756,136.55191654689287,131.8151357088158,4.736780838077077
2025-09-09 15:59:00+02:00,465.67984271946,329.68368070103304,135.996162018427,131.29002691967466,4.706135098752331
2025-09-09 16:00:00+02:00,462.3183497208946,326.8810612094474,135.43728851144724,130.76188713061086,4.67540138083639
2025-09-09 16:01:00+02:00,458.94915147963076,324.0738687786957,134.87528270093503,130.23070203235247,4.644580668582569
2025-09-09 16:02:00+02:00,455.57239311489684,321.2622617139756,134.31013140092122,129.6964574243499,4.613673976571333
2025-09-09 16:03:00+02:00,452.188221232563,318.4464000466558,133.7418211859072,129.1591388567789,4.5826823291283185
2025-09-09 16:04:00+02:00,448.7967839556461,315.6264455665355,133.1703383891106,128.61873162855673,4.551606760553889
2025-09-09 16:05:00+02:00,445.39823095514515,312.80256185446126,132.5956691006839,128.07522078532662,4.520448315357278
2025-09-09 16:06:00+02:00,441.99271345026625,309.9749142896227,132.0177991606436,127.52859111243515,4.489208048208434
2025-09-09 16:07:00+02:00,438.5803842719909,307.1436701095845,131.43671416240642,126.97882713793406,4.457887024472365
2025-09-09 16:08:00+02:00,435.1613978644276,304.3089984187246,130.85239944570299,126.4259131255309,4.426486320172101
2025-09-09 16:09:00+02:00,431.73591031825026,301.4710702234488,130.26484009480146,125.86983307255517,4.395007022246294
2025-09-09 16:10:00+02:00,428.30407710143004,298.63005656195145,129.6740205394786,125.31057033185184,4.363450207626763
2025-09-09 16:11:00+02:00,424.8660622716984,295.78613613696,129.07992613473837,124.74810910682466,4.331817027913713
2025-09-09 16:12:00+02:00,421.4220247357147,292.939483948303,128.48254078741166,124.18243220443512,4.300108582976562
2025-09-09 16:13:00+02:00,417.9721274548133,290.09027892324195,127.88184853157132,123.61352252603008,4.268326005541242
2025-09-09 16:14:00+02:00,414.5165351820309,287.2387020504194,127.27783313161147,123.04136269126872,4.236470440342759
2025-09-09 16:15:00+02:00,411.05541450044586,284.3849364197412,126.67047808070464,122.46593503627635,4.204543044428285
2025-09-09 16:16:00+02:00,407.58893382896053,281.52916723553005,126.0597665934305,121.88722160626541,4.172544987165089
2025-09-09 16:17:00+02:00,404.1172634935972,278.67158188380023,125.44568160979694,121.30520415894505,4.140477450851888
2025-09-09 16:18:00+02:00,400.64057573514066,275.8123699471539,124.82820578798673,120.71986415724216,4.108341630744576
2025-09-09 16:19:00+02:00,397.1590447500458,272.95172324721494,124.20732150283084,120.13118276744234,4.0761387353885
2025-09-09 16:20:00+02:00,393.6728467316734,270.0898358874119,123.58301084426151,119.53914085730425,4.043869986957256
2025-09-09 16:21:00+02:00,390.18215753818004,267.2269023502138,122.95525518796624,118.94371858836656,4.011536599599674
2025-09-09 16:22:00+02:00,386.68716213382737,264.36312524797563,122.32403688585174,118.3448970189842,3.9791398668675435
2025-09-09 16:23:00+02:00,383.18804055619853,261.498703822963,121.68933673323552,117.74265570154284,3.946681031692682
2025-09-09 16:24:00+02:00,379.68497732091,258.633841671925,121.051135648985,117.13697427553664,3.9141613734483567
2025-09-09 16:25:00+02:00,376.17815912826507,255.76874487371867,120.4094142545464,116.5278320678683,3.881582186678105
2025-09-09 16:26:00+02:00,372.66777487723385,252.90362201040543,119.76415286682841,115.915208085637,3.8489447811914115
2025-09-09 16:27:00+02:00,369.1540157458737,250.03868424271022,119.11533150316349,115.29908102038586,3.8162504827776376
2025-09-09 16:28:00+02:00,365.63707520689576,247.1741453325684,118.46292987432737,114.67942924100485,3.783500633322513
2025-09-09 16:29:00+02:00,362.11714907750365,244.31022169375504,117.80692738374863,114.05623079250557,3.75069659124306
2025-09-09 16:30:00+02:00,358.5944355697537,241.44713244297446,117.14730312677928,113.4294633948468,3.7178397319324676
2025-09-09 16:31:00+02:00,355.0691353092915,238.58509942531825,116.4840358839732,112.79910443606029,3.68493144791292
2025-09-09 16:32:00+02:00,351.5414490541819,235.72434537589155,115.81710367829035,112.16513055079625,3.6519731274941027
2025-09-09 16:33:00+02:00,348.0115871800704,232.8651016199516,115.14648556011882,111.52751931672559,3.6189662433932335
2025-09-09 16:34:00+02:00,344.47975554038453,230.0075966167305,114.47215892365406,110.88624670303227,3.5859122206217986
2025-09-09 16:35:00+02:00,340.9461649835291,227.15206368999694,113.79410129353217,110.2412887681573,3.5528125253748573
2025-09-09 16:36:00+02:00,337.411029011815,224.29873913906084,113.11228987275413,109.59262122958756,3.5196686431665745
2025-09-09 16:37:00+02:00,333.8745638719286,221.44786232251306,112.42670154941557,108.94021946973494,3.4864820796806244
2025-09-09 16:38:00+02:00,330.33698858146977,218.59967569028268,111.7373128911871,108.28405853016179,3.4532543610253144
2025-09-09 16:39:00+02:00,322.5613721907275,215.75442484264389,106.80694734808365,103.3869603137743,3.419987034309361
2025-09-09 16:40:00+02:00,319.05687060900755,212.91235859039392,106.1445120186136,102.7578303503759,3.386681668237706
2025-09-09 16:41:00+02:00,315.55186935632,210.0737289893405,105.47814036697955,102.12480051356512,3.3533398534144196
2025-09-09 16:42:00+02:00,312.04659538383555,207.23879142844424,104.80780395539132,101.48784075210834,3.319963203282978
2025-09-09 16:43:00+02:00,308.54127870070414,204.40780466633655,104.13347403436758,100.84692067989813,3.2865533544694414
2025-09-09 16:44:00+02:00,305.03615009403006,201.5810290006477,103.45512109338239,100.20200914836528,3.253111945017104
2025-09-09 16:45:00+02:00,301.5314506025195,198.75873391176137,102.77271669075814,99.55307598595878,3.2196407047993567
2025-09-09 16:46:00+02:00,298.027417454754,195.941186728275,102.08623072647902,98.90008940510748,3.18614132137154
2025-09-09 16:47:00+02:00,294.52429357912445,193.12866030453432,101.3956332745901,98.24301774389187,3.152615530698222
2025-09-09 16:48:00+02:00,291.0223252973404,190.32143116396827,100.70089413337212,97.58182903818684,3.119065095185284
2025-09-09 16:49:00+02:00,287.52176240320904,187.5197795668145,100.00198283639455,96.91649103192995,3.0854918044646027
2025-09-09 16:50:00+02:00,284.022858242899,184.723989578337,99.29886866456201,96.24697118835935,3.0518974762026527
2025-09-09 16:51:00+02:00,280.525869764018,181.93434911142853,98.59152065258948,95.57323669596914,3.0182839566203414
2025-09-09 16:52:00+02:00,277.03105763242615,179.15115002256624,97.87990760985991,94.89525448819006,2.9846531216698478
2025-09-09 16:53:00+02:00,273.53868628471025,176.37468815549727,97.16399812921298,94.21299125160472,2.9510068776082674
2025-09-09 16:54:00+02:00,270.04902401605847,173.60526341231292,96.44376060374556,93.52641344182663,2.917347161918929
2025-09-09 16:55:00+02:00,266.56234072544305,170.8431779693258,95.71916275611723,92.83548683450586,2.8836759216113648
2025-09-09 16:56:00+02:00,263.0789173508025,168.08874374746162,94.99017360334089,92.14017839887681,2.8499952044640837
2025-09-09 16:57:00+02:00,259.59903192689006,165.34227136563186,94.25676056125822,91.44045353676043,2.816307024497791
2025-09-09 16:58:00+02:00,256.122969028089,162.60407762146386,93.51889140662516,90.73627795335757,2.782613453267593
2025-09-09 16:59:00+02:00,252.65101751960384,159.87448370367972,92.77653381592411,90.02761721761952,2.748916598304588
2025-09-09 17:00:00+02:00,249.18347065625906,157.15381526433595,92.02965539192311,89.31443678769087,2.715218604232255
2025-09-09 17:01:00+02:00,245.72062615130534,154.44240246594143,91.27822368536391,88.59670203175516,2.681521653608753
2025-09-09 17:02:00+02:00,242.26278631098074,151.7405800784117,90.52220623256903,87.87437826413931,2.647827968429718
2025-09-09 17:03:00+02:00,238.81025810765192,149.0486875259464,89.76157058170553,87.14743077065361,2.6141398110519134
2025-09-09 17:04:00+02:00,235.36335328636036,146.367068958086,88.99628432827436,86.4158248428082,2.5804594854661476
2025-09-09 17:05:00+02:00,231.9223884735751,143.69607332023497,88.22631515334014,85.67952581472512,2.546789338615012
2025-09-09 17:06:00+02:00,228.4876829552567,141.03605261885534,87.45163033640137,84.93849859752187,2.513131738879497
2025-09-09 17:07:00+02:00,225.0595680306858,138.3873691429298,86.67219888775598,84.19270971968116,2.479489168074823
2025-09-09 17:08:00+02:00,221.63837327549692,135.7503848037768,85.88798847172012,83.4421243845481,2.4458640871720294
2025-09-09 17:09:00+02:00,218.22443587613898,133.1254683440191,85.09896753211987,82.68670850402233,2.412259028097535
2025-09-09 17:10:00+02:00,214.8180984437713,130.51299361487133,84.30510482889999,81.92642825617861,2.3786765727213686
2025-09-09 17:11:00+02:00,211.41970910355542,127.91333961447197,83.50636948908345,81.16125013492383,2.3451193541596242
2025-09-09 17:12:00+02:00,208.029621649116,125.32689057246694,82.70273107664907,80.39114101789282,2.31159005875625
2025-09-09 17:13:00+02:00,204.64819563632062,122.75403598403967,81.89415965228095,79.61606822477752,2.2780914275034316
2025-09-09 17:14:00+02:00,201.27579650966845,120.19517066463969,81.08062584502878,78.83599958720121,2.2446262578275675
2025-09-09 17:15:00+02:00,197.91279573140946,117.65069480208219,80.26210092932727,78.05090352388348,2.2111974054437997
2025-09-09 17:16:00+02:00,194.55957088059017,115.12101398091086,79.43855689967931,77.26074911371931,2.1778077859599945
2025-09-09 17:17:00+02:00,191.21650357835836,112.60653756925426,78.60996600910408,76.46550565428036,2.144460354823714
2025-09-09 17:18:00+02:00,187.88398855102167,110.10768546920805,77.77630308181362,75.6651448833296,2.1111581984840133
2025-09-09 17:19:00+02:00,184.5624203143988,107.62487803402068,76.93754228037811,74.85963787803878,2.077904402339329
2025-09-09 17:20:00+02:00,181.25220228504492,105.15854285208673,76.09365943295819,74.04895729054425,2.0447021424139393
2025-09-09 17:21:00+02:00,177.953744642571,102.70911305543076,75.24463158714025,73.23307692219345,2.011554664946805
2025-09-09 17:22:00+02:00,174.66746449970395,100.27702735830269,74.39043714140128,72.41197185235018,1.978465289051099
2025-09-09 17:23:00+02:00,171.39378601239912,97.86273004277814,73.53105596962098,71.58561856077934,1.9454374088416377
2025-09-09 17:24:00+02:00,168.13314052125017,95.46667095874803,72.66646956250214,70.7539950665501,1.9124744959520377
2025-09-09 17:25:00+02:00,164.88596669343173,93.08930551459977,71.79666117883194,69.91708107669469,1.8795801021372558
2025-09-09 17:26:00+02:00,161.65271063547874,90.73109463625828,70.92161599922045,69.0748581375575,1.8467578616629512
2025-09-09 17:27:00+02:00,158.4338260663998,88.39250475928681,70.041321307113,68.22730981271737,1.8140114943956347
2025-09-09 17:28:00+02:00,155.2297744302153,86.07400776470995,69.15576666550535,67.37442185713155,1.7813448083738084
2025-09-09 17:29:00+02:00,152.041022906059,83.77607939057187,68.26494351548713,66.51618183452138,1.74876168096576
2025-09-09 17:30:00+02:00,148.86805309302775,81.49920531263203,67.36884778039574,65.65258163111149,1.7162661492842455
2025-09-09 17:31:00+02:00,145.71134829196245,79.2438717928773,66.46747649908514,64.7836142171236,1.6838622819615368
2025-09-09 17:32:00+02:00,142.5714022381145,77.0105717769319,65.56083046118259,63.90927619099934,1.651554270183245
2025-09-09 17:33:00+02:00,139.44871706717603,74.79980320613917,64.64891386103686,63.02956745213795,1.6193464088989125
2025-09-09 17:34:00+02:00,136.34380345073774,72.6120688779651,63.73173457277263,62.14449147246297,1.5872431003096625
2025-09-09 17:35:00+02:00,133.25718073038365,70.44787628583224,62.8093044445514,61.2540555870764,1.5552488574750016
2025-09-09 17:36:00+02:00,130.18937701849495,68.30773741467047,61.88163960382448,60.358271296102096,1.5233683077223878
2025-09-09 17:37:00+02:00,127.14092935398618,66.19216855257366,60.94876080141252,59.457154604639186,1.4916061967733312
2025-09-09 17:38:00+02:00,124.11238379522808,64.10169003437073,60.01069376085734,58.55072636847739,1.4599673923799499
2025-09-09 17:39:00+02:00,121.10429553704464,62.03682597643464,59.067469560609986,57.639012672234394,1.4284568883755933
2025-09-09 17:40:00+02:00,118.117227025804,59.998102621443735,58.11912440436027,56.72204461651751,1.3970797878427612
2025-09-09 17:41:00+02:00,115.15175603378279,57.98605343917817,57.16570259460461,55.799861203436585,1.365841391168024
2025-09-09 17:42:00+02:00,112.20846376464101,56.00121057448008,56.20725319016092,54.87250611569159,1.3347470744693257
2025-09-09 17:43:00+02:00,109.28794294002304,54.04410990717594,55.2438330328471,53.94003065479539,1.3038023780517074
2025-09-09 17:44:00+02:00,106.39079586754391,52.115289226327775,54.27550664121614,53.002493651297115,1.2730129899190237
2025-09-09 17:45:00+02:00,103.517634507843,50.21528773450266,53.30234677334034,52.059962022869236,1.2423847504711039
2025-09-09 17:46:00+02:00,100.66908050235887,48.34464548514953,52.32443501720933,51.11251136020116,1.2119236570081708
2025-09-09 17:47:00+02:00,97.84576524166611,46.503902803229806,51.34186243843631,50.160226569537954,1.1816358688983526
2025-09-09 17:48:00+02:00,95.04832986426652,44.69359961351347,50.35473025075306,49.20320253850598,1.1515277122470797
2025-09-09 17:49:00+02:00,92.27742526641046,42.914274727074,49.36315053933646,48.241544854407984,1.1216056849284757
2025-09-09 17:50:00+02:00,89.53371209227942,41.1664650625372,48.367247029742224,47.27537056807776,1.0918764616644654
2025-09-09 17:51:00+02:00,86.81785886726254,39.450703643258954,47.36715522400359,46.304808344861826,1.0623468791417665
2025-09-09 17:52:00+02:00,84.1305492368189,37.76752327375811,46.363025963060785,45.330001942553295,1.033024020507492
2025-09-09 17:53:00+02:00,81.47247093594507,36.117448621411285,45.355022314533784,44.35110721310753,1.0039151014262488
2025-09-09 17:54:00+02:00,78.84432298822085,34.50099975935431,44.34332322886655,43.368295674311966,0.9750275545545839
2025-09-09 17:55:00+02:00,76.24681374040489,32.91868983605108,43.328123904353816,42.381754889601936,0.9463690147518788
2025-09-09 17:56:00+02:00,73.68066067000898,31.37102379824446,42.30963687176452,41.391689547955515,0.9179473238090045
2025-09-09 17:57:00+02:00,71.14659020511814,29.85849704513512,41.28809315998303,40.3983226243908,0.8897705355922263
2025-09-09 17:58:00+02:00,68.64533745619939,28.381593949485097,40.263743506714285,39.40189658622174,0.8618469204925449
2025-09-09 17:59:00+02:00,66.17764592834892,26.940786284366514,39.236859643982406,38.40267467405381,0.834184969928594
2025-09-09 18:00:00+02:00,63.744267185612536,25.536531535262,38.207735650350536,37.40094224977019,0.806793400580349
2025-09-09 18:01:00+02:00,61.34596044032959,24.169271079514242,37.176689360815345,36.39700820277988,0.779681158035463
2025-09-09 18:02:00+02:00,58.98349055855523,22.839427388156757,36.144063170398475,35.39120576774626,0.7528574026522177
2025-09-09 18:03:00+02:00,56.65763384215694,21.547405493107046,35.1102283490499,34.38389676498158,0.7263315840683171
2025-09-09 18:04:00+02:00,54.36916794594086,20.293585440767597,34.075582505173266,33.375469169481306,0.7001133356919595
2025-09-09 18:05:00+02:00,52.118877586726036,19.078323551051128,33.04055403567491,32.36634148708916,0.6742125485857529
2025-09-09 18:06:00+02:00,49.90755219115903,17.901949027576116,32.00560316358291,31.35696380951703,0.6486393540658845
2025-09-09 18:07:00+02:00,47.73598509115707,16.76476135176142,30.97122373939565,30.34781961547171,0.6234041239239408
2025-09-09 18:08:00+02:00,45.60497257822748,15.667027510173183,29.937945068054297,29.33942759898276,0.5985174690715372
2025-09-09 18:09:00+02:00,43.51531286973011,14.608979089359526,28.906333780370588,28.3323435432112,0.5739902371593898
2025-09-09 18:10:00+02:00,41.467804951736646,13.59080922672932,27.876995725007326,27.32716221631183,0.5498335086954961
2025-09-09 18:11:00+02:00,39.46324729376751,12.612669425057367,26.850577868710143,26.324519277175817,0.5260585915343263
2025-09-09 18:12:00+02:00,37.502436401134254,11.674666226721031,25.82777017441322,25.32509316116811,0.5026770132451106
2025-09-09 18:13:00+02:00,34.44492428038859,10.776857783507769,23.66806649688082,23.188365985131117,0.4797005117497017
2025-09-09 18:14:00+02:00,32.64609497395094,9.919249736882001,22.72684523706894,22.269704228992897,0.45714100807604413
2025-09-09 18:15:00+02:00,30.893138726631673,9.101793850345164,21.79134487628651,21.35633422447646,0.4350106518100495
2025-09-09 18:16:00+02:00,29.186746040694953,8.324380835850917,20.862365204844036,20.449043492694063,0.4133217121499727
2025-09-09 18:17:00+02:00,27.527586966202907,7.586838926318323,19.940748039884586,19.548661422456245,0.3920866174283401
2025-09-09 18:18:00+02:00,25.916306584969877,6.8889295017646965,19.02737708320518,18.656059168999636,0.3713179142055455
2025-09-09 18:19:00+02:00,24.353521491535485,6.230343334178255,18.12317815735723,17.77214991993317,0.3510282374240617
2025-09-09 18:20:00+02:00,22.839816024226963,5.610696899215112,17.22911912501185,16.89788884938988,0.331230275621971
2025-09-09 18:21:00+02:00,21.375738245096095,5.0295288098133515,16.346209435282745,16.034272704550748,0.3119367307319957
2025-09-09 18:22:00+02:00,19.961795649760234,4.486296427847211,15.475499221913022,15.182338950217918,0.29316027169510495
2025-09-09 18:23:00+02:00,18.59845064515095,3.980372740793304,14.618077904357646,14.343164422542456,0.2749134818151896
2025-09-09 18:24:00+02:00,17.286115741534868,3.511043563130413,13.775072178404455,13.517863379892919,0.25720879851153644
2025-09-09 18:25:00+02:00,16.02514767527406,3.0775048915892493,12.947642783684811,12.707584349632148,0.24005843405266328
2025-09-09 18:26:00+02:00,14.81584545902211,2.678862206887517,12.136983252134593,11.913508907451597,0.22347434468299598
2025-09-09 18:27:00+02:00,13.63859368472538,2.314127531474817,11.324466153250563,11.116998077492715,0.20746807575784884
2025-09-09 18:28:00+02:00,12.503138809041662,1.982220188544256,10.520918620497406,10.328867907716926,0.19205071278047978
2025-09-09 18:29:00+02:00,11.427319250342414,1.6819669596990405,9.745352290643373,9.568119526963619,0.17723276367975346
2025-09-09 18:30:00+02:00,10.41045549424612,1.412103582061079,8.998351912185042,8.835327870101771,0.16302404208327054
2025-09-09 18:31:00+02:00,9.451769072566414,1.1712774196676685,8.280491652898744,8.131058113518492,0.1494335393802518
2025-09-09 18:32:00+02:00,8.550380260656038,0.9580514494997883,7.592328811156249,7.45585952586517,0.13646928529107846
2025-09-09 18:33:00+02:00,7.705306211505627,0.7709097057841791,6.934396505721447,6.810258308333379,0.12413819738806779
2025-09-09 18:34:00+02:00,6.915459533182334,0.6082642995071361,6.307195233675198,6.194749314222442,0.1124459194527571
2025-09-09 18:35:00+02:00,6.179647374755016,0.46846412631378703,5.711183248441229,5.60978659860314,0.10139664983808888
2025-09-09 18:36:00+02:00,5.496570605271151,0.34980526477873247,5.1467653404924185,5.055772386254543,0.09099295423787548
2025-09-09 18:37:00+02:00,4.864825788668935,0.25054355078208895,4.614282237886846,4.533046632219442,0.0812356056674043
2025-09-09 18:38:00+02:00,4.282903221230917,0.1689081589319888,4.113995062298929,4.041871711275486,0.07212335102344246
2025-09-09 18:39:00+02:00,3.7491901911671346,0.10311769015277171,3.646072501014363,3.5824197541447687,0.06365274686959442
2025-09-09 18:40:00+02:00,3.2619725555328025,0.051397381036720736,3.210575174496082,3.1547572109974706,0.05581796349861154
2025-09-09 18:41:00+02:00,2.8194374850111688,0.011997680187816242,2.8074398048233524,2.7588291993373812,0.048610605485971195
2025-09-09 18:42:00+02:00,2.4465071823637476,0.0,2.4465071823637476,2.4044876340970402,0.042019548266707514
2025-09-09 18:43:00+02:00,2.2968514572265804,0.0,2.2968514572265804,2.2608206582814576,0.03603079894512259
2025-09-09 18:44:00+02:00,1.9731386423299724,0.0,1.9731386423299724,1.9425112520480015,0.03062739028197097
2025-09-09 18:45:00+02:00,1.6785127593742133,0.0,1.6785127593742133,1.6527234410384957,0.025789318335717657
2025-09-09 18:46:00+02:00,1.4127497034223468,0.0,1.4127497034223468,1.3912561686820206,0.021493534740326198
2025-09-09 18:47:00+02:00,1.1742269163317356,0.0,1.1742269163317356,1.1565129137234507,0.01771400260828482
2025-09-09 18:48:00+02:00,0.9628645681081043,0.0,0.9628645681081043,0.948442726363376,0.014421841744728311
2025-09-09 18:49:00+02:00,0.7787788518986166,0.0,0.7787788518986166,0.7671933162101217,0.011585535688494977
2025-09-09 18:50:00+02:00,0.6204635349941693,0.0,0.6204635349941693,0.6112922762965131,0.009171258697656224
2025-09-09 18:51:00+02:00,0.4861862514003021,0.0,0.4861862514003021,0.47904296395536766,0.007143287444934448
2025-09-09 18:52:00+02:00,0.3740196240814688,0.0,0.3740196240814688,0.3685551124397185,0.005464511641750326
2025-09-09 18:53:00+02:00,0.28188171394654404,0.0,0.28188171394654404,0.2777846813703368,0.00409703257620725
2025-09-09 18:54:00+02:00,0.20758476515524196,0.0,0.20758476515524196,0.20458193195923363,0.0030028331960083358
2025-09-09 18:55:00+02:00,0.14889039306082485,0.0,0.14889039306082485,0.1467458981397427,0.0021444949210821514
2025-09-09 18:56:00+02:00,0.1035685271476486,0.0,0.1035685271476486,0.10208259918037958,0.0014859279672690187
2025-09-09 18:57:00+02:00,0.06945671385519074,0.0,0.06945671385519074,0.06846363871656974,0.0009930751386210042
2025-09-09 18:58:00+02:00,0.04451593203088406,0.0,0.04451593203088406,0.043881386888648635,0.0006345451422354253
2025-09-09 18:59:00+02:00,0.02687899359988073,0.0,0.02687899359988073,0.026496861886594357,0.00038213171328637145
2025-09-09 19:00:00+02:00,0.00021118168685184193,0.0,0.00021118168685184193,0.0,0.00021118168685184193
2025-09-09 19:01:00+02:00,0.00010078338676041127,0.0,0.00010078338676041127,0.0,0.00010078338676041127
2025-09-09 19:02:00+02:00,3.376863710739335e-05,0.0,3.376863710739335e-05,0.0,3.376863710739335e-05
2025-09-09 19:03:00+02:00,0.0,0.0,0.0,0.0,0.0
2025-09-09 19:04:00+02:00,0.0,0.0,0.0,0.0,0.0
2025-09-09 19:05:00+02:00,0.0,0.0,0.0,0.0,0.0
2025-09-09 19:06:00+02:00,0.0,0.0,0.0,0.0,0.0
2025-09-09 19:07:00+02:00,0.0,0.0,0.0,0.0,0.0
2025-09-09 19:08:00+02:00,0.0,0.0,0.0,0.0,0.0
2025-09-09 19:09:00+02:00,0.0,0.0,0.0,0.0,0.0
2025-09-09 19:10:00+02:00,0.0,0.0,0.0,0.0,0.0
2025-09-09 19:11:00+02:00,0.0,0.0,0.0,0.0,0.0
2025-09-09 19:12:00+02:00,0.0,0.0,0.0,0.0,0.0
2025-09-09 19:13:00+02:00,0.0,0.0,0.0,0.0,0.0
2025-09-09 19:14:00+02:00,0.0,0.0,0.0,0.0,0.0
2025-09-09 19:15:00+02:00,0.0,0.0,0.0,0.0,0.0
2025-09-09 19:16:00+02:00,0.0,0.0,0.0,0.0,0.0
2025-09-09 19:17:00+02:00,0.0,0.0,0.0,0.0,0.0
2025-09-09 19:18:00+02:00,0.0,0.0,0.0,0.0,0.0
2025-09-09 19:19:00+02:00,0.0,0.0,0.0,0.0,0.0
2025-09-09 19:20:00+02:00,0.0,0.0,0.0,0.0,0.0
2025-09-09 19:21:00+02:00,0.0,0.0,0.0,0.0,0.0
2025-09-09 19:22:00+02:00,0.0,0.0,0.0,0.0,0.0
2025-09-09 19:23:00+02:00,0.0,0.0,0.0,0.0,0.0
2025-09-09 19:24:00+02:00,0.0,0.0,0.0,0.0,0.0
2025-09-09 19:25:00+02:00,0.0,0.0,0.0,0.0,0.0
2025-09-09 19:26:00+02:00,0.0,0.0,0.0,0.0,0.0
2025-09-09 19:27:00+02:00,0.0,0.0,0.0,0.0,0.0
2025-09-09 19:28:00+02:00,0.0,0.0,0.0,0.0,0.0
2025-09-09 19:29:00+02:00,0.0,0.0,0.0,0.0,0.0
2025-09-09 19:30:00+02:00,0.0,0.0,0.0,0.0,0.0
2025-09-09 19:31:00+02:00,0.0,0.0,0.0,0.0,0.0
2025-09-09 19:32:00+02:00,0.0,0.0,0.0,0.0,0.0
2025-09-09 19:33:00+02:00,0.0,0.0,0.0,0.0,0.0
2025-09-09 19:34:00+02:00,0.0,0.0,0.0,0.0,0.0
2025-09-09 19:35:00+02:00,0.0,0.0,0.0,0.0,0.0
2025-09-09 19:36:00+02:00,0.0,0.0,0.0,0.0,0.0
2025-09-09 19:37:00+02:00,0.0,0.0,0.0,0.0,0.0
2025-09-09 19:38:00+02:00,0.0,0.0,0.0,0.0,0.0
2025-09-09 19:39:00+02:00,0.0,0.0,0.0,0.0,0.0
2025-09-09 19:40:00+02:00,0.0,0.0,0.0,0.0,0.0
2025-09-09 19:41:00+02:00,0.0,0.0,0.0,0.0,0.0
2025-09-09 19:42:00+02:00,0.0,0.0,0.0,0.0,0.0
2025-09-09 19:43:00+02:00,0.0,0.0,0.0,0.0,0.0
2025-09-09 19:44:00+02:00,0.0,0.0,0.0,0.0,0.0
2025-09-09 19:45:00+02:00,0.0,0.0,0.0,0.0,0.0
2025-09-09 19:46:00+02:00,0.0,0.0,0.0,0.0,0.0
2025-09-09 19:47:00+02:00,0.0,0.0,0.0,0.0,0.0
2025-09-09 19:48:00+02:00,0.0,0.0,0.0,0.0,0.0
2025-09-09 19:49:00+02:00,0.0,0.0,0.0,0.0,0.0
2025-09-09 19:50:00+02:00,0.0,0.0,0.0,0.0,0.0
2025-09-09 19:51:00+02:00,0.0,0.0,0.0,0.0,0.0
2025-09-09 19:52:00+02:00,0.0,0.0,0.0,0.0,0.0
2025-09-09 19:53:00+02:00,0.0,0.0,0.0,0.0,0.0
2025-09-09 19:54:00+02:00,0.0,0.0,0.0,0.0,0.0
2025-09-09 19:55:00+02:00,0.0,0.0,0.0,0.0,0.0
2025-09-09 19:56:00+02:00,0.0,0.0,0.0,0.0,0.0
2025-09-09 19:57:00+02:00,0.0,0.0,0.0,0.0,0.0
2025-09-09 19:58:00+02:00,0.0,0.0,0.0,0.0,0.0
2025-09-09 19:59:00+02:00,0.0,0.0,0.0,0.0,0.0
2025-09-09 20:00:00+02:00,0.0,0.0,0.0,0.0,0.0
