index,time,y_true,y_pred
0,2025-09-04 05:00:00+02:00,9.231776773950688,0.1010688633021716
1,2025-09-04 05:01:00+02:00,4.704665404040404,0.1010688633021716
2,2025-09-04 05:02:00+02:00,12.008492063492064,0.1010688633021716
3,2025-09-04 05:03:00+02:00,10.161666666666664,0.1010688633021716
4,2025-09-04 05:04:00+02:00,11.244766009852215,0.1010688633021716
5,2025-09-04 05:05:00+02:00,11.05645061728395,0.1010688633021716
6,2025-09-04 05:06:00+02:00,4.391586538461538,0.1010688633021716
7,2025-09-04 05:07:00+02:00,9.839023795300676,0.1010688633021716
8,2025-09-04 05:08:00+02:00,7.593682795698925,0.1010688633021716
9,2025-09-04 05:09:00+02:00,9.28898148148148,0.1010688633021716
10,2025-09-04 05:10:00+02:00,7.300175653594771,0.1010688633021716
11,2025-09-04 05:11:00+02:00,11.944659786721706,0.1010688633021716
12,2025-09-04 05:12:00+02:00,9.340016291951777,0.1010688633021716
13,2025-09-04 05:13:00+02:00,11.361290322580643,0.1010688633021716
14,2025-09-04 05:14:00+02:00,5.33653634085213,0.1010688633021716
15,2025-09-04 05:15:00+02:00,11.338849206349204,0.1010688633021716
16,2025-09-04 05:16:00+02:00,12.653005291005291,0.1010688633021716
17,2025-09-04 05:17:00+02:00,8.136484848484848,0.1010688633021716
18,2025-09-04 05:18:00+02:00,6.38236111111111,0.1010688633021716
19,2025-09-04 05:19:00+02:00,8.925095238095237,0.1010688633021716
20,2025-09-04 05:20:00+02:00,9.34657738095238,0.1010688633021716
21,2025-09-04 05:21:00+02:00,7.56988492063492,0.1010688633021716
22,2025-09-04 05:22:00+02:00,10.677013888888888,0.1010688633021716
23,2025-09-04 05:23:00+02:00,10.81254072681704,0.1010688633021716
24,2025-09-04 05:24:00+02:00,7.523323412698413,0.1010688633021716
25,2025-09-04 05:25:00+02:00,10.505537878787878,0.1010688633021716
26,2025-09-04 05:26:00+02:00,8.387188552188553,0.1010688633021716
27,2025-09-04 05:27:00+02:00,11.797598484848486,0.1010688633021716
28,2025-09-04 05:28:00+02:00,7.931528846153846,0.1010688633021716
29,2025-09-04 05:29:00+02:00,10.518148148148148,0.1010688633021716
30,2025-09-04 05:30:00+02:00,8.008584656084656,0.1010688633021716
31,2025-09-04 05:31:00+02:00,9.303257936507936,0.1010688633021716
32,2025-09-04 05:32:00+02:00,10.637055555555555,0.1010688633021716
33,2025-09-04 05:33:00+02:00,11.725776515151514,0.1010688633021716
34,2025-09-04 05:34:00+02:00,10.318263888888888,0.1010688633021716
35,2025-09-04 05:35:00+02:00,12.284913793103447,0.1010688633021716
36,2025-09-04 05:36:00+02:00,10.35546783625731,0.1010688633021716
37,2025-09-04 05:37:00+02:00,11.65573611111111,0.1010688633021716
38,2025-09-04 05:38:00+02:00,10.483391934293095,0.1010688633021716
39,2025-09-04 05:39:00+02:00,12.299836563307494,0.1010688633021716
40,2025-09-04 05:40:00+02:00,10.46062962962963,0.1010688633021716
41,2025-09-04 05:41:00+02:00,11.814533730158727,0.1010688633021716
42,2025-09-04 05:42:00+02:00,12.376398809523808,0.1010688633021716
43,2025-09-04 05:43:00+02:00,11.939322916666669,0.1010688633021716
44,2025-09-04 05:44:00+02:00,10.552448653198653,0.1010688633021716
45,2025-09-04 05:45:00+02:00,11.510642091648188,0.1010688633021716
46,2025-09-04 05:46:00+02:00,9.062761130468449,0.1010688633021716
47,2025-09-04 05:47:00+02:00,12.68114620467252,0.1010688633021716
48,2025-09-04 05:48:00+02:00,11.55127435897436,0.1010688633021716
49,2025-09-04 05:49:00+02:00,13.434580200501252,0.1010688633021716
50,2025-09-04 05:50:00+02:00,13.403912927350428,0.10374203269126112
51,2025-09-04 05:51:00+02:00,12.440531844316672,0.16188346690396369
52,2025-09-04 05:52:00+02:00,13.221550925925923,0.24207854857665675
53,2025-09-04 05:53:00+02:00,14.277727185649598,0.33167530398290257
54,2025-09-04 05:54:00+02:00,14.287992212036327,0.42433545214157764
55,2025-09-04 05:55:00+02:00,14.444393939393938,0.5169956003002528
56,2025-09-04 05:56:00+02:00,9.922928030303032,0.6096557484589278
57,2025-09-04 05:57:00+02:00,13.079947811447813,0.7003027224977779
58,2025-09-04 05:58:00+02:00,13.715840982286636,0.7753892806237692
59,2025-09-04 05:59:00+02:00,12.920304347826084,0.8501576722874853
60,2025-09-04 06:00:00+02:00,16.869637992241252,0.9216009499576701
61,2025-09-04 06:01:00+02:00,10.757930790960453,0.9946429891216781
62,2025-09-04 06:02:00+02:00,14.392423903998598,1.0594525454767179
63,2025-09-04 06:03:00+02:00,18.444014355742297,1.1201796413100278
64,2025-09-04 06:04:00+02:00,20.63370098039216,1.180906737143337
65,2025-09-04 06:05:00+02:00,17.493537763638503,1.2416338329766465
66,2025-09-04 06:06:00+02:00,17.217755758807588,1.3023609288099562
67,2025-09-04 06:07:00+02:00,22.838871212121216,1.3630880246432664
68,2025-09-04 06:08:00+02:00,22.584483327181,1.4238151204765759
69,2025-09-04 06:09:00+02:00,25.3485443583118,1.4845557411748134
70,2025-09-04 06:10:00+02:00,22.00681917211329,1.5087097637638558
71,2025-09-04 06:11:00+02:00,23.99084656084656,1.5087097637638558
72,2025-09-04 06:12:00+02:00,24.375820105820107,1.5087097637638558
73,2025-09-04 06:13:00+02:00,21.78684135472371,1.5087097637638558
74,2025-09-04 06:14:00+02:00,21.73517948717949,1.5087097637638558
75,2025-09-04 06:15:00+02:00,22.16380687830688,1.5087097637638558
76,2025-09-04 06:16:00+02:00,23.417677248677247,1.5087097637638558
77,2025-09-04 06:17:00+02:00,20.43798397435897,1.5087097637638558
78,2025-09-04 06:18:00+02:00,23.160625,1.5087097637638558
79,2025-09-04 06:19:00+02:00,26.56576388888889,1.5260542715705085
80,2025-09-04 06:20:00+02:00,27.236764705882354,1.6535074718906482
81,2025-09-04 06:21:00+02:00,25.868849206349207,1.8002654696035574
82,2025-09-04 06:22:00+02:00,31.366136363636368,1.9470234673164653
83,2025-09-04 06:23:00+02:00,28.45547288359789,2.093781465029374
84,2025-09-04 06:24:00+02:00,32.10469642857143,2.240539462742284
85,2025-09-04 06:25:00+02:00,27.109113425925926,2.387297460455194
86,2025-09-04 06:26:00+02:00,29.218697916666667,2.5340554581681047
87,2025-09-04 06:27:00+02:00,29.69968055555556,2.6718651189155813
88,2025-09-04 06:28:00+02:00,34.373114035087724,2.745246753511938
89,2025-09-04 06:29:00+02:00,31.949490740740742,2.8061007163566893
90,2025-09-04 06:30:00+02:00,35.30596338383838,2.8669546792014398
91,2025-09-04 06:31:00+02:00,35.67612381989833,2.92780864204619
92,2025-09-04 06:32:00+02:00,37.44074377828054,2.9886626048909415
93,2025-09-04 06:33:00+02:00,39.26883333333333,3.049516567735691
94,2025-09-04 06:34:00+02:00,37.98869444444444,3.1103705305804383
95,2025-09-04 06:35:00+02:00,34.92974740537241,3.1712244934251865
96,2025-09-04 06:36:00+02:00,38.82118055555556,3.232078456269934
97,2025-09-04 06:37:00+02:00,41.22595833333333,3.318034678788141
98,2025-09-04 06:38:00+02:00,44.73447222222222,3.4559026607619288
99,2025-09-04 06:39:00+02:00,41.0886037037037,3.595413438199262
100,2025-09-04 06:40:00+02:00,44.44565347222223,3.7349242156365943
101,2025-09-04 06:41:00+02:00,48.101628472222224,3.8590006110873247
102,2025-09-04 06:42:00+02:00,43.57473475355054,3.9246468461602086
103,2025-09-04 06:43:00+02:00,47.41945370370371,3.984780801952164
104,2025-09-04 06:44:00+02:00,42.87685854076479,4.044914757744119
105,2025-09-04 06:45:00+02:00,44.08283333333333,4.105048713536074
106,2025-09-04 06:46:00+02:00,44.37138480392158,4.165182669328028
107,2025-09-04 06:47:00+02:00,43.36953533496732,4.225316625119984
108,2025-09-04 06:48:00+02:00,49.94092592592593,4.2854505809119345
109,2025-09-04 06:49:00+02:00,51.033920138888895,4.345584536703886
110,2025-09-04 06:50:00+02:00,52.98494738247863,4.405718492495838
111,2025-09-04 06:51:00+02:00,55.59309821428571,4.881847810505159
112,2025-09-04 06:52:00+02:00,55.730879629629634,5.209624677137627
113,2025-09-04 06:53:00+02:00,59.304479166666674,5.4012603604306655
114,2025-09-04 06:54:00+02:00,64.99244212962962,5.592896043723703
115,2025-09-04 06:55:00+02:00,58.51839583333334,5.784531727016741
116,2025-09-04 06:56:00+02:00,62.987678571428575,5.976167410309781
117,2025-09-04 06:57:00+02:00,66.3285909090909,6.172444676040306
118,2025-09-04 06:58:00+02:00,69.15118650793652,6.406997144639925
119,2025-09-04 06:59:00+02:00,71.4708134920635,6.650047279548169
120,2025-09-04 07:00:00+02:00,68.10162698412698,6.893097414456417
121,2025-09-04 07:01:00+02:00,71.53193347953216,7.136147549364662
122,2025-09-04 07:02:00+02:00,83.49599206349207,7.495965375055375
123,2025-09-04 07:03:00+02:00,90.55029970760232,8.23450728095552
124,2025-09-04 07:04:00+02:00,79.94534722222222,7.554180797959464
125,2025-09-04 07:05:00+02:00,78.80426587301588,7.729811352888586
126,2025-09-04 07:06:00+02:00,81.63570512820513,8.027911304677756
127,2025-09-04 07:07:00+02:00,92.59597222222222,8.326011256466929
128,2025-09-04 07:08:00+02:00,91.76939814814814,7.9908529626168185
129,2025-09-04 07:09:00+02:00,86.55398214285714,8.115160078085642
130,2025-09-04 07:10:00+02:00,104.13118055555556,8.837731635338592
131,2025-09-04 07:11:00+02:00,105.99770833333334,9.339568964249858
132,2025-09-04 07:12:00+02:00,111.05402777777778,9.35513878906993
133,2025-09-04 07:13:00+02:00,110.20394444444445,9.152980959158828
134,2025-09-04 07:14:00+02:00,107.8890277777778,8.97639047640038
135,2025-09-04 07:15:00+02:00,95.48892195767196,8.915379702816775
136,2025-09-04 07:16:00+02:00,111.20431712962964,9.511031628542563
137,2025-09-04 07:17:00+02:00,117.22064814814814,9.128543087460134
138,2025-09-04 07:18:00+02:00,109.32807870370372,9.13182855904386
139,2025-09-04 07:19:00+02:00,107.72948412698412,9.062121569411843
140,2025-09-04 07:20:00+02:00,135.62587962962962,10.454765245876628
141,2025-09-04 07:21:00+02:00,134.3011111111111,10.478930468703636
142,2025-09-04 07:22:00+02:00,140.25956590413944,11.218925161153495
143,2025-09-04 07:23:00+02:00,145.94383796296296,11.629250977145647
144,2025-09-04 07:24:00+02:00,153.38979166666667,11.898973969891394
145,2025-09-04 07:25:00+02:00,149.25219907407407,11.51202163084248
146,2025-09-04 07:26:00+02:00,147.24283333333335,11.054874534363847
147,2025-09-04 07:27:00+02:00,140.6078869047619,12.008848141472713
148,2025-09-04 07:28:00+02:00,164.18680555555554,12.390569110855035
149,2025-09-04 07:29:00+02:00,157.67765625,12.515015344249845
150,2025-09-04 07:30:00+02:00,158.74180555555554,12.987929003167116
151,2025-09-04 07:31:00+02:00,157.90147817460317,12.700734080459945
152,2025-09-04 07:32:00+02:00,167.3439351851852,13.036367868081927
153,2025-09-04 07:33:00+02:00,167.2725,13.981963007742474
154,2025-09-04 07:34:00+02:00,171.55001984126986,14.155214945871853
155,2025-09-04 07:35:00+02:00,190.13054487179488,15.277304059165584
156,2025-09-04 07:36:00+02:00,187.8655687830688,14.713071282065068
157,2025-09-04 07:37:00+02:00,187.3601587301587,15.342317045904739
158,2025-09-04 07:38:00+02:00,199.03354166666668,15.980628028924949
159,2025-09-04 07:39:00+02:00,196.4743055555556,16.416599208416613
160,2025-09-04 07:40:00+02:00,199.48962009803924,16.856527451161625
161,2025-09-04 07:41:00+02:00,200.2495724789916,17.300829290134025
162,2025-09-04 07:42:00+02:00,202.2269756441224,17.7400781326248
163,2025-09-04 07:43:00+02:00,210.83064814814816,18.121547058825705
164,2025-09-04 07:44:00+02:00,215.4163701201201,18.48675851808574
165,2025-09-04 07:45:00+02:00,220.30405621530625,18.864453193891094
166,2025-09-04 07:46:00+02:00,221.8776136363637,19.771129280495
167,2025-09-04 07:47:00+02:00,229.46661904761905,21.087690452955755
168,2025-09-04 07:48:00+02:00,229.678625,23.110390671449522
169,2025-09-04 07:49:00+02:00,229.50433827160492,26.083452759608168
170,2025-09-04 07:50:00+02:00,236.80807936507935,28.8908950459534
171,2025-09-04 07:51:00+02:00,239.96181576797383,29.079691682086533
172,2025-09-04 07:52:00+02:00,245.66082843137252,28.666937902686144
173,2025-09-04 07:53:00+02:00,252.4442943805875,28.015181475287378
174,2025-09-04 07:54:00+02:00,254.4434595959596,26.46798395337145
175,2025-09-04 07:55:00+02:00,254.81298611111117,24.76189405072092
176,2025-09-04 07:56:00+02:00,258.9481875,22.681919381156725
177,2025-09-04 07:57:00+02:00,263.8421701388889,20.658437121193234
178,2025-09-04 07:58:00+02:00,260.4986525341131,20.33670673067917
179,2025-09-04 07:59:00+02:00,265.1859371693121,20.604996687289432
180,2025-09-04 08:00:00+02:00,277.461673992674,20.87328664389969
181,2025-09-04 08:01:00+02:00,280.1079556878307,21.141576600509932
182,2025-09-04 08:02:00+02:00,282.7079563492064,21.395908228296538
183,2025-09-04 08:03:00+02:00,288.6481712962963,21.631658963817905
184,2025-09-04 08:04:00+02:00,292.0890277777778,21.867319060840412
185,2025-09-04 08:05:00+02:00,294.9993148148148,22.102979157862933
186,2025-09-04 08:06:00+02:00,299.1408485623781,22.33863925488547
187,2025-09-04 08:07:00+02:00,302.95236912393165,22.570147793738414
188,2025-09-04 08:08:00+02:00,308.30952777777776,22.797364043636364
189,2025-09-04 08:09:00+02:00,311.1153683862434,23.024580293534303
190,2025-09-04 08:10:00+02:00,315.4574603174603,23.251796543432242
191,2025-09-04 08:11:00+02:00,320.20237962962966,23.47901279333017
192,2025-09-04 08:12:00+02:00,324.71334722222224,23.70594727704519
193,2025-09-04 08:13:00+02:00,326.10333531746033,23.93243093486757
194,2025-09-04 08:14:00+02:00,323.6992328042328,24.15890946966843
195,2025-09-04 08:15:00+02:00,328.58995701058205,24.38538800446929
196,2025-09-04 08:16:00+02:00,332.0451654259719,24.61186653927015
197,2025-09-04 08:17:00+02:00,336.4208186123912,24.83875214333291
198,2025-09-04 08:18:00+02:00,335.9662400793651,25.066661588266506
199,2025-09-04 08:19:00+02:00,342.19097222222223,25.29462037492881
200,2025-09-04 08:20:00+02:00,345.69511574074073,25.522579161591118
201,2025-09-04 08:21:00+02:00,345.5948247863248,25.75053794825343
202,2025-09-04 08:22:00+02:00,351.67559027777776,25.996519117621936
203,2025-09-04 08:23:00+02:00,349.7042881944444,26.306552809311164
204,2025-09-04 08:24:00+02:00,358.27242824074074,26.62218805238205
205,2025-09-04 08:25:00+02:00,358.67909722222225,26.93782329545294
206,2025-09-04 08:26:00+02:00,362.1525,27.198852159616955
207,2025-09-04 08:27:00+02:00,363.2418187830688,27.395346212345572
208,2025-09-04 08:28:00+02:00,373.5288194444445,27.59184026507423
209,2025-09-04 08:29:00+02:00,375.0714583333333,27.78833431780286
210,2025-09-04 08:30:00+02:00,376.3157001262626,27.984828370531506
211,2025-09-04 08:31:00+02:00,374.4029629629629,28.18132242326015
212,2025-09-04 08:32:00+02:00,379.9729652777778,28.403034353836087
213,2025-09-04 08:33:00+02:00,385.6899444444445,28.646084488744336
214,2025-09-04 08:34:00+02:00,388.7931150793651,28.88913462365258
215,2025-09-04 08:35:00+02:00,384.1382744107744,29.13218475856082
216,2025-09-04 08:36:00+02:00,393.82973484848486,29.373521078415216
217,2025-09-04 08:37:00+02:00,398.7422916666666,29.57929573590243
218,2025-09-04 08:38:00+02:00,400.9936944444444,29.770931419195453
219,2025-09-04 08:39:00+02:00,401.4208981481481,29.962567102488485
220,2025-09-04 08:40:00+02:00,406.2734758297258,30.154202785781532
221,2025-09-04 08:41:00+02:00,411.60376984126987,30.34583846907458
222,2025-09-04 08:42:00+02:00,416.0090873015873,30.538297983016705
223,2025-09-04 08:43:00+02:00,413.762375,30.760668886679163
224,2025-09-04 08:44:00+02:00,418.00428472222217,30.997932113613395
225,2025-09-04 08:45:00+02:00,420.3708573717949,31.235195340547627
226,2025-09-04 08:46:00+02:00,424.93919444444447,31.472458567481873
227,2025-09-04 08:47:00+02:00,429.0158492063492,31.709823711609822
228,2025-09-04 08:48:00+02:00,430.2646904761905,31.948921448030667
229,2025-09-04 08:49:00+02:00,433.80925595238097,32.18863068761371
230,2025-09-04 08:50:00+02:00,434.3238734567901,32.42833992719676
231,2025-09-04 08:51:00+02:00,437.86327380952383,32.668049166779795
232,2025-09-04 08:52:00+02:00,440.8408101851852,32.905066635942006
233,2025-09-04 08:53:00+02:00,443.0525854700855,33.12139592672682
234,2025-09-04 08:54:00+02:00,446.2151592592593,33.33341838483828
235,2025-09-04 08:55:00+02:00,444.7519805555556,33.545440842949716
236,2025-09-04 08:56:00+02:00,447.6434259259259,33.75746330106116
237,2025-09-04 08:57:00+02:00,451.06567708333336,33.9694857591726
238,2025-09-04 08:58:00+02:00,456.2679563492063,34.19419799212519
239,2025-09-04 08:59:00+02:00,458.3929722222222,34.43390723170823
240,2025-09-04 09:00:00+02:00,457.6244212962963,34.673616471291275
241,2025-09-04 09:01:00+02:00,464.5726041666667,34.91332571087433
242,2025-09-04 09:02:00+02:00,467.0649305555556,35.15313323222842
243,2025-09-04 09:03:00+02:00,465.6323611111111,35.40350604397003
244,2025-09-04 09:04:00+02:00,470.1613194444444,35.66090600234149
245,2025-09-04 09:05:00+02:00,469.7845833333333,35.91830596071295
246,2025-09-04 09:06:00+02:00,475.0057657657658,36.17570591908442
247,2025-09-04 09:07:00+02:00,475.5455341484342,36.39858432700447
248,2025-09-04 09:08:00+02:00,479.0392595899471,36.47515711634473
249,2025-09-04 09:09:00+02:00,480.022290954416,36.53529107213671
250,2025-09-04 09:10:00+02:00,486.0135509259259,36.59542502792867
251,2025-09-04 09:11:00+02:00,483.3288506944445,36.65555898372064
252,2025-09-04 09:12:00+02:00,485.4184675925926,36.71569293951259
253,2025-09-04 09:13:00+02:00,488.0599404761904,36.775826895304526
254,2025-09-04 09:14:00+02:00,495.4319791666667,36.83596085109648
255,2025-09-04 09:15:00+02:00,498.4633796296296,36.896094806888414
256,2025-09-04 09:16:00+02:00,495.0844444444445,36.956228762680354
257,2025-09-04 09:17:00+02:00,501.3008110119047,37.48796486738787
258,2025-09-04 09:18:00+02:00,502.50780555555554,37.770626471953435
259,2025-09-04 09:19:00+02:00,499.0437500000001,37.94201563342436
260,2025-09-04 09:20:00+02:00,506.3939583333333,38.113404794895274
261,2025-09-04 09:21:00+02:00,504.5941944444445,38.28479395636621
262,2025-09-04 09:22:00+02:00,508.10850529100526,38.45618311783714
263,2025-09-04 09:23:00+02:00,510.8716666666666,38.62757227930806
264,2025-09-04 09:24:00+02:00,513.5574603174604,38.798010431509304
265,2025-09-04 09:25:00+02:00,516.9803777777778,38.96692696887909
266,2025-09-04 09:26:00+02:00,517.2546,39.13582621517124
267,2025-09-04 09:27:00+02:00,523.7589030934342,39.30472546146339
268,2025-09-04 09:28:00+02:00,522.6042058404558,39.47362470775555
269,2025-09-04 09:29:00+02:00,520.4641250263546,39.642523954047746
270,2025-09-04 09:30:00+02:00,521.0788060224089,39.811423200339945
271,2025-09-04 09:31:00+02:00,529.8508829365079,39.986827052070275
272,2025-09-04 09:32:00+02:00,525.8233134920634,40.16895600433833
273,2025-09-04 09:33:00+02:00,532.4471805555555,40.35108495660639
274,2025-09-04 09:34:00+02:00,531.786662037037,40.53321390887446
275,2025-09-04 09:35:00+02:00,534.2745256410257,40.71534286114252
276,2025-09-04 09:36:00+02:00,530.6952457264957,40.897471813410576
277,2025-09-04 09:37:00+02:00,537.9364115133233,40.86150815571511
278,2025-09-04 09:38:00+02:00,534.608197167756,40.417135436618885
279,2025-09-04 09:39:00+02:00,543.8914583333334,41.14272438048904
280,2025-09-04 09:40:00+02:00,544.8064351851853,41.300542002024514
281,2025-09-04 09:41:00+02:00,549.6918518518519,41.45835962355998
282,2025-09-04 09:42:00+02:00,547.6843428330928,41.61617724509545
283,2025-09-04 09:43:00+02:00,546.3302645502646,41.77399486663087
284,2025-09-04 09:44:00+02:00,548.5192180735932,41.931812488166294
285,2025-09-04 09:45:00+02:00,551.6412297771673,42.089630109701716
286,2025-09-04 09:46:00+02:00,554.5105937118437,42.31013639756927
287,2025-09-04 09:47:00+02:00,560.1256076388889,42.74040860739439
288,2025-09-04 09:48:00+02:00,567.1182407407408,43.18693749351192
289,2025-09-04 09:49:00+02:00,541.9346944444445,42.80996392867314
290,2025-09-04 09:50:00+02:00,566.655735042735,43.037388551632134
291,2025-09-04 09:51:00+02:00,560.0271924603175,43.54148889214398
292,2025-09-04 09:52:00+02:00,553.0826898148149,43.73909622562463
293,2025-09-04 09:53:00+02:00,569.5755879629629,43.936703559105275
294,2025-09-04 09:54:00+02:00,573.5648333333334,44.13431089258594
295,2025-09-04 09:55:00+02:00,574.7687857142856,44.33191822606658
296,2025-09-04 09:56:00+02:00,584.1544484126983,44.48429629422123
297,2025-09-04 09:57:00+02:00,580.9350925925926,44.09804428626546
298,2025-09-04 09:58:00+02:00,577.3232559523809,43.579148934917015
299,2025-09-04 09:59:00+02:00,572.5596388888889,43.73609148207982
300,2025-09-04 10:00:00+02:00,572.3150529100529,44.18904855168154
301,2025-09-04 10:01:00+02:00,581.1480555555555,44.60393379862276
302,2025-09-04 10:02:00+02:00,581.9703009259259,44.91094888135925
303,2025-09-04 10:03:00+02:00,587.2840701058202,45.21161866031902
304,2025-09-04 10:04:00+02:00,591.6925,45.512288439278805
305,2025-09-04 10:05:00+02:00,598.5298633040935,45.5434248726894
306,2025-09-04 10:06:00+02:00,599.0677361111111,44.99660717543287
307,2025-09-04 10:07:00+02:00,592.7759027777778,44.8543676078445
308,2025-09-04 10:08:00+02:00,597.5329738562092,45.553416169372234
309,2025-09-04 10:09:00+02:00,602.1037608932462,45.225088515704776
310,2025-09-04 10:10:00+02:00,591.5547777777778,44.560343112560474
311,2025-09-04 10:11:00+02:00,589.1121666666667,44.65561850245537
312,2025-09-04 10:12:00+02:00,600.5561388888889,45.94970437987255
313,2025-09-04 10:13:00+02:00,614.3091527777777,46.997007398227154
314,2025-09-04 10:14:00+02:00,611.7076753968255,47.41068401587761
315,2025-09-04 10:15:00+02:00,623.5145734126985,47.81157705449063
316,2025-09-04 10:16:00+02:00,624.8773784722222,48.10757105810786
317,2025-09-04 10:17:00+02:00,624.0504473304474,48.27203022160502
318,2025-09-04 10:18:00+02:00,630.4863194444445,48.43616054800189
319,2025-09-04 10:19:00+02:00,630.2722652116403,48.60029087439875
320,2025-09-04 10:20:00+02:00,634.0915324074074,48.76442120079561
321,2025-09-04 10:21:00+02:00,639.4335694444444,48.928551527192475
322,2025-09-04 10:22:00+02:00,641.7265972222223,49.09268185358934
323,2025-09-04 10:23:00+02:00,647.7979305555556,49.21853573802744
324,2025-09-04 10:24:00+02:00,648.800337962963,49.27968076964473
325,2025-09-04 10:25:00+02:00,646.1604166666667,49.33981472543671
326,2025-09-04 10:26:00+02:00,654.0461557539683,49.39994868122868
327,2025-09-04 10:27:00+02:00,659.6554606227106,49.46008263702064
328,2025-09-04 10:28:00+02:00,652.4091527777778,49.52021659281261
329,2025-09-04 10:29:00+02:00,649.9346338383838,49.58035054860457
330,2025-09-04 10:30:00+02:00,658.7590740740741,49.640484504396525
331,2025-09-04 10:31:00+02:00,661.6202175925927,49.70061846018845
332,2025-09-04 10:32:00+02:00,662.2513888888889,49.768927489708936
333,2025-09-04 10:33:00+02:00,663.4397987117552,50.134495572459805
334,2025-09-04 10:34:00+02:00,652.0275865079365,50.82424051430574
335,2025-09-04 10:35:00+02:00,680.4336842592593,51.307650011694705
336,2025-09-04 10:36:00+02:00,673.7973981481482,50.49981137679323
337,2025-09-04 10:37:00+02:00,666.4189351851852,50.07508537471854
338,2025-09-04 10:38:00+02:00,635.6497853535353,49.766433212246575
339,2025-09-04 10:39:00+02:00,601.5052916666667,49.45778104977458
340,2025-09-04 10:40:00+02:00,661.8163525132276,49.7346534710735
341,2025-09-04 10:41:00+02:00,671.6096230158731,49.69209948311786
342,2025-09-04 10:42:00+02:00,667.2304970760234,48.435856602952995
343,2025-09-04 10:43:00+02:00,663.4319444444444,50.03503462926887
344,2025-09-04 10:44:00+02:00,685.371351851852,52.045534494976856
345,2025-09-04 10:45:00+02:00,687.3190740740741,52.70564157907991
346,2025-09-04 10:46:00+02:00,698.6569444444444,53.0664177985104
347,2025-09-04 10:47:00+02:00,685.8556712962964,51.78638783345623
348,2025-09-04 10:48:00+02:00,684.4663888888889,52.87989427036024
349,2025-09-04 10:49:00+02:00,680.2485972222222,52.54459662893478
350,2025-09-04 10:50:00+02:00,682.3074470899471,51.269976833091135
351,2025-09-04 10:51:00+02:00,684.8059351851851,51.508289570343166
352,2025-09-04 10:52:00+02:00,707.7903051346801,53.08713854119105
353,2025-09-04 10:53:00+02:00,618.4409722222223,47.93275970217452
354,2025-09-04 10:54:00+02:00,717.2123228276354,53.97606679028445
355,2025-09-04 10:55:00+02:00,712.7930317460317,53.628559162662306
356,2025-09-04 10:56:00+02:00,714.6994935388685,54.26372260011135
357,2025-09-04 10:57:00+02:00,715.409212962963,53.88616585970193
358,2025-09-04 10:58:00+02:00,661.3195965608465,53.33129086128268
359,2025-09-04 10:59:00+02:00,706.5262962962962,52.88536951186044
360,2025-09-04 11:00:00+02:00,702.8419444444444,52.46515632680823
361,2025-09-04 11:01:00+02:00,693.709375,51.903723349142794
362,2025-09-04 11:02:00+02:00,684.228134920635,51.3366293798513
363,2025-09-04 11:03:00+02:00,694.7807638888889,52.53560039824684
364,2025-09-04 11:04:00+02:00,711.0271626984127,53.989567465552994
365,2025-09-04 11:05:00+02:00,729.7515277777778,55.11848128575767
366,2025-09-04 11:06:00+02:00,713.5694573412699,53.21068757139456
367,2025-09-04 11:07:00+02:00,718.0819444444445,54.29263034084917
368,2025-09-04 11:08:00+02:00,716.410375,54.58003143173745
369,2025-09-04 11:09:00+02:00,718.4479907407407,54.73167358112583
370,2025-09-04 11:10:00+02:00,724.4453333333335,54.883315730514234
371,2025-09-04 11:11:00+02:00,704.1086111111111,55.03495787990265
372,2025-09-04 11:12:00+02:00,721.9203194444444,55.186600029291036
373,2025-09-04 11:13:00+02:00,723.3300347222222,55.33824217867943
374,2025-09-04 11:14:00+02:00,719.8054687499999,55.48988432806786
375,2025-09-04 11:15:00+02:00,731.8174305555555,55.77251224431584
376,2025-09-04 11:16:00+02:00,732.3259722222223,56.30321116392224
377,2025-09-04 11:17:00+02:00,683.3018885281385,57.03197429095947
378,2025-09-04 11:18:00+02:00,757.2877297008548,57.80678194668953
379,2025-09-04 11:19:00+02:00,764.2979530423281,57.51105420469247
380,2025-09-04 11:20:00+02:00,760.8877663690477,57.18811259025419
381,2025-09-04 11:21:00+02:00,752.551880787037,56.84893001671771
382,2025-09-04 11:22:00+02:00,737.2951455026455,55.646786115529665
383,2025-09-04 11:23:00+02:00,739.3103849206349,53.67639165125
384,2025-09-04 11:24:00+02:00,708.8516666666666,52.089940970322
385,2025-09-04 11:25:00+02:00,675.7854166666667,51.1279889870068
386,2025-09-04 11:26:00+02:00,687.7779861111111,51.75596551739045
387,2025-09-04 11:27:00+02:00,740.6587222222223,55.64575881786912
388,2025-09-04 11:28:00+02:00,738.52375,56.417127931213095
389,2025-09-04 11:29:00+02:00,742.3360251322752,55.97292775809888
390,2025-09-04 11:30:00+02:00,739.1926388888888,54.74332756112517
391,2025-09-04 11:31:00+02:00,546.5036944444445,44.65905442209744
392,2025-09-04 11:32:00+02:00,597.0452083333333,44.55167633529672
393,2025-09-04 11:33:00+02:00,537.6073611111111,43.75643260974247
394,2025-09-04 11:34:00+02:00,205.4924479166667,19.71951148188522
395,2025-09-04 11:35:00+02:00,739.0035357142857,55.368180787729656
396,2025-09-04 11:36:00+02:00,722.8790277777779,55.178877512424066
397,2025-09-04 11:37:00+02:00,726.1420405982907,55.400323190896025
398,2025-09-04 11:38:00+02:00,721.465707070707,55.621768869367976
399,2025-09-04 11:39:00+02:00,719.0320128205127,55.84321454783995
400,2025-09-04 11:40:00+02:00,719.9878089387465,56.06466022631189
401,2025-09-04 11:41:00+02:00,728.4111659356726,56.118482693797816
402,2025-09-04 11:42:00+02:00,726.3051636904762,55.99014021455428
403,2025-09-04 11:43:00+02:00,729.0409201388889,55.86144023536856
404,2025-09-04 11:44:00+02:00,727.1689202279202,55.732740256182836
405,2025-09-04 11:45:00+02:00,732.7820138888889,55.6040402769971
406,2025-09-04 11:46:00+02:00,729.4888670634922,55.475340297811364
407,2025-09-04 11:47:00+02:00,732.0959583333333,55.34664031862565
408,2025-09-04 11:48:00+02:00,731.9813095238096,55.2179403394399
409,2025-09-04 11:49:00+02:00,729.9291203703702,55.089240360254166
410,2025-09-04 11:50:00+02:00,723.9989384920635,55.49820977940686
411,2025-09-04 11:51:00+02:00,729.1919343711844,55.24154243304926
412,2025-09-04 11:52:00+02:00,730.7206481481481,52.150492523029214
413,2025-09-04 11:53:00+02:00,730.6100438034188,54.688664889402084
414,2025-09-04 11:54:00+02:00,729.8935694444444,55.60098405568684
415,2025-09-04 11:55:00+02:00,726.1428333333333,55.12955686403137
416,2025-09-04 11:56:00+02:00,716.8080952380952,55.16392021659743
417,2025-09-04 11:57:00+02:00,713.737183080808,55.32354353174307
418,2025-09-04 11:58:00+02:00,720.3885902777778,55.48316684688875
419,2025-09-04 11:59:00+02:00,714.2271071428572,55.642790162034444
420,2025-09-04 12:00:00+02:00,718.7155021367521,55.802413477180174
421,2025-09-04 12:01:00+02:00,726.0267261904761,55.962036792325875
422,2025-09-04 12:02:00+02:00,729.5424074074075,56.11453355578955
423,2025-09-04 12:03:00+02:00,725.1547323848239,55.508934575532365
424,2025-09-04 12:04:00+02:00,725.2181822612087,54.81424707139468
425,2025-09-04 12:05:00+02:00,721.5918859649123,54.461947128371094
426,2025-09-04 12:06:00+02:00,716.296736111111,54.10964718534753
427,2025-09-04 12:07:00+02:00,711.4994391025642,53.472966663316015
428,2025-09-04 12:08:00+02:00,699.9016944444444,53.20148116555589
429,2025-09-04 12:09:00+02:00,711.6350347222223,54.05718978685458
430,2025-09-04 12:10:00+02:00,716.2553282828284,54.60088712528059
431,2025-09-04 12:11:00+02:00,720.7432916666667,54.99292322466846
432,2025-09-04 12:12:00+02:00,727.5870126262625,55.01094787291618
433,2025-09-04 12:13:00+02:00,725.1940567129628,55.01094787291618
434,2025-09-04 12:14:00+02:00,726.6025,55.01094787291618
435,2025-09-04 12:15:00+02:00,723.2014888888889,55.01094787291618
436,2025-09-04 12:16:00+02:00,723.0008023504273,55.01094787291618
437,2025-09-04 12:17:00+02:00,723.5738657407406,55.01094787291618
438,2025-09-04 12:18:00+02:00,717.0684543650794,55.01094787291618
439,2025-09-04 12:19:00+02:00,718.4905773809523,55.01094787291618
440,2025-09-04 12:20:00+02:00,723.7526785714285,55.01094787291618
441,2025-09-04 12:21:00+02:00,727.4151388888889,54.71010226367629
442,2025-09-04 12:22:00+02:00,715.1994004629629,54.0989571643293
443,2025-09-04 12:23:00+02:00,718.2532638888888,53.59201061792466
444,2025-09-04 12:24:00+02:00,715.9863422035481,53.15874733395778
445,2025-09-04 12:25:00+02:00,710.0398638344227,53.153045861449925
446,2025-09-04 12:26:00+02:00,708.9853472222222,53.29726029292297
447,2025-09-04 12:27:00+02:00,704.7991666666667,54.1669696834661
448,2025-09-04 12:28:00+02:00,719.4032407407408,55.11673909143909
449,2025-09-04 12:29:00+02:00,723.894861111111,55.25037010431013
450,2025-09-04 12:30:00+02:00,722.9968148148149,55.384001117181114
451,2025-09-04 12:31:00+02:00,724.0978450854701,55.51763213005212
452,2025-09-04 12:32:00+02:00,723.0871212121211,55.651263142923106
453,2025-09-04 12:33:00+02:00,723.3813596491227,55.78489415579413
454,2025-09-04 12:34:00+02:00,727.7445833333333,55.91852516866511
455,2025-09-04 12:35:00+02:00,728.3899074074075,56.05215618153613
456,2025-09-04 12:36:00+02:00,731.2455092592592,56.12915427253172
457,2025-09-04 12:37:00+02:00,731.2389583333334,55.91399272686939
458,2025-09-04 12:38:00+02:00,732.7872097578347,55.656592768497944
459,2025-09-04 12:39:00+02:00,733.4494907407408,55.3991928101265
460,2025-09-04 12:40:00+02:00,705.1500694444445,55.141792851755014
461,2025-09-04 12:41:00+02:00,731.8664682539684,54.90509478818365
462,2025-09-04 12:42:00+02:00,731.5650853174603,54.68980037855816
463,2025-09-04 12:43:00+02:00,729.736550925926,54.47450596893266
464,2025-09-04 12:44:00+02:00,732.0659305555555,54.25921155930715
465,2025-09-04 12:45:00+02:00,732.4516203703703,54.04391714968159
466,2025-09-04 12:46:00+02:00,712.2002678571429,54.29117679873621
467,2025-09-04 12:47:00+02:00,684.4249305555555,52.50973770115835
468,2025-09-04 12:48:00+02:00,658.2391666666666,50.86150391051896
469,2025-09-04 12:49:00+02:00,634.7120833333333,49.67839164224969
470,2025-09-04 12:50:00+02:00,651.6411527777777,50.580020470093544
471,2025-09-04 12:51:00+02:00,662.5798958333334,51.612291629534965
472,2025-09-04 12:52:00+02:00,660.8766837606837,52.2891838738467
473,2025-09-04 12:53:00+02:00,680.9258333333333,53.05658418355899
474,2025-09-04 12:54:00+02:00,693.9672268518519,54.00623926208917
475,2025-09-04 12:55:00+02:00,703.6225793650793,54.74589390341566
476,2025-09-04 12:56:00+02:00,699.7841666666667,54.16417531254787
477,2025-09-04 12:57:00+02:00,700.7037023809524,54.85027885984668
478,2025-09-04 12:58:00+02:00,707.4535011574075,55.465670500988125
479,2025-09-04 12:59:00+02:00,708.101537037037,55.97547550926465
480,2025-09-04 13:00:00+02:00,713.877232905983,55.32448957964847
481,2025-09-04 13:01:00+02:00,713.3112777777778,54.88742270539358
482,2025-09-04 13:02:00+02:00,718.9642708333334,54.762859511253126
483,2025-09-04 13:03:00+02:00,718.5105158730158,54.638296317112655
484,2025-09-04 13:04:00+02:00,723.0136058201057,54.51373312297221
485,2025-09-04 13:05:00+02:00,718.6418194444444,54.38916992883173
486,2025-09-04 13:06:00+02:00,717.2936721611721,54.26460673469122
487,2025-09-04 13:07:00+02:00,715.6409885531135,54.140043540550735
488,2025-09-04 13:08:00+02:00,712.6422781986531,54.01548034641026
489,2025-09-04 13:09:00+02:00,706.3041633597883,53.885766943281226
490,2025-09-04 13:10:00+02:00,703.43083994709,53.49510961806822
491,2025-09-04 13:11:00+02:00,702.441858974359,52.95852970484771
492,2025-09-04 13:12:00+02:00,701.3163952991454,52.99430169906242
493,2025-09-04 13:13:00+02:00,706.0421441798941,53.530881612282954
494,2025-09-04 13:14:00+02:00,707.4550299145299,53.5701198850068
495,2025-09-04 13:15:00+02:00,701.1237500000001,52.794609394148765
496,2025-09-04 13:16:00+02:00,698.3347685185186,52.207317826338986
497,2025-09-04 13:17:00+02:00,685.531875,51.567893429751216
498,2025-09-04 13:18:00+02:00,643.904675925926,47.320374143863944
499,2025-09-04 13:19:00+02:00,657.5038194444445,49.05675621682245
500,2025-09-04 13:20:00+02:00,687.1524930555555,51.53727119593964
501,2025-09-04 13:21:00+02:00,699.4446388888888,52.28245408665934
502,2025-09-04 13:22:00+02:00,691.4447023809524,52.47839618980166
503,2025-09-04 13:23:00+02:00,690.219742063492,52.67433829294396
504,2025-09-04 13:24:00+02:00,689.1567592592593,52.87028039608627
505,2025-09-04 13:25:00+02:00,696.3937222222222,53.066222499228594
506,2025-09-04 13:26:00+02:00,703.595517094017,53.35552525151524
507,2025-09-04 13:27:00+02:00,716.3533333333334,54.19770490149839
508,2025-09-04 13:28:00+02:00,724.8670138888889,54.20924531507313
509,2025-09-04 13:29:00+02:00,722.2087847222223,53.9185978620787
510,2025-09-04 13:30:00+02:00,720.4422817460318,53.62795040908426
511,2025-09-04 13:31:00+02:00,708.1902223875662,53.34015244092311
512,2025-09-04 13:32:00+02:00,705.7078630952382,53.111481283052484
513,2025-09-04 13:33:00+02:00,699.0746964285714,52.90631837505639
514,2025-09-04 13:34:00+02:00,699.9434027777778,52.7011554670603
515,2025-09-04 13:35:00+02:00,696.6433333333333,52.495992559064206
516,2025-09-04 13:36:00+02:00,696.471550925926,52.29082965106813
517,2025-09-04 13:37:00+02:00,683.1485601851851,52.179792289940956
518,2025-09-04 13:38:00+02:00,679.3632962962963,51.756962303283274
519,2025-09-04 13:39:00+02:00,678.5407465277777,50.96918438067857
520,2025-09-04 13:40:00+02:00,673.9803712606838,50.667726713630415
521,2025-09-04 13:41:00+02:00,671.3977435897435,50.42036717916707
522,2025-09-04 13:42:00+02:00,668.9441018518519,50.173007644703716
523,2025-09-04 13:43:00+02:00,668.8563888888889,49.925648110240374
524,2025-09-04 13:44:00+02:00,661.0307407407407,50.07242533827556
525,2025-09-04 13:45:00+02:00,658.0255026455027,50.668625241853896
526,2025-09-04 13:46:00+02:00,666.4543402777778,50.88256772426042
527,2025-09-04 13:47:00+02:00,665.9219502314814,50.753151418659925
528,2025-09-04 13:48:00+02:00,662.9563888888889,50.62373511305944
529,2025-09-04 13:49:00+02:00,664.1065625,50.49431880745894
530,2025-09-04 13:50:00+02:00,667.8545833333334,50.36490250185845
531,2025-09-04 13:51:00+02:00,666.5134722222223,50.23548619625795
532,2025-09-04 13:52:00+02:00,661.6230085470086,50.10606989065747
533,2025-09-04 13:53:00+02:00,660.2928174603175,49.97665358505699
534,2025-09-04 13:54:00+02:00,658.3978571428571,49.84723727945648
535,2025-09-04 13:55:00+02:00,658.1136342592592,49.7792937190162
536,2025-09-04 13:56:00+02:00,659.0643531746032,49.7792937190162
537,2025-09-04 13:57:00+02:00,658.2680694444444,49.7792937190162
538,2025-09-04 13:58:00+02:00,658.6502643849207,49.7792937190162
539,2025-09-04 13:59:00+02:00,660.2943701923077,49.7792937190162
540,2025-09-04 14:00:00+02:00,658.5457361111111,49.7792937190162
541,2025-09-04 14:01:00+02:00,657.0259313725489,49.7792937190162
542,2025-09-04 14:02:00+02:00,655.9457046568627,49.7792937190162
543,2025-09-04 14:03:00+02:00,659.0776048976608,49.7792937190162
544,2025-09-04 14:04:00+02:00,653.5769415204678,49.763367831180894
545,2025-09-04 14:05:00+02:00,646.4336388888888,49.416979770762865
546,2025-09-04 14:06:00+02:00,645.0893783068783,48.939203135703515
547,2025-09-04 14:07:00+02:00,645.1530972222222,48.60364631804138
548,2025-09-04 14:08:00+02:00,643.7699444444444,48.53743641985811
549,2025-09-04 14:09:00+02:00,645.1839682539683,48.47761190123144
550,2025-09-04 14:10:00+02:00,641.5288234126984,48.41778738260478
551,2025-09-04 14:11:00+02:00,642.3164675925926,48.3579628639781
552,2025-09-04 14:12:00+02:00,636.12515625,48.29813834535145
553,2025-09-04 14:13:00+02:00,638.8309722222222,48.238313826724806
554,2025-09-04 14:14:00+02:00,638.5709126984127,48.17848930809818
555,2025-09-04 14:15:00+02:00,635.954417989418,48.11866478947158
556,2025-09-04 14:16:00+02:00,633.9223015873016,48.0577373332176
557,2025-09-04 14:17:00+02:00,631.1751884920635,47.87824408202292
558,2025-09-04 14:18:00+02:00,624.8975892857143,47.6198907904723
559,2025-09-04 14:19:00+02:00,629.107800925926,47.400323542234716
560,2025-09-04 14:20:00+02:00,628.7433055555556,47.246326661560275
561,2025-09-04 14:21:00+02:00,628.3560277777777,47.09335431787898
562,2025-09-04 14:22:00+02:00,625.2373611111111,46.94038197419769
563,2025-09-04 14:23:00+02:00,627.9858589616402,46.7874096305164
564,2025-09-04 14:24:00+02:00,627.03275,46.63443728683511
565,2025-09-04 14:25:00+02:00,623.470302579365,46.481464943153824
566,2025-09-04 14:26:00+02:00,617.8813044871795,46.32557381682299
567,2025-09-04 14:27:00+02:00,612.4004662698412,46.109117950513976
568,2025-09-04 14:28:00+02:00,612.5852314814815,45.86858212734616
569,2025-09-04 14:29:00+02:00,605.7188472222223,45.62804630417834
570,2025-09-04 14:30:00+02:00,607.965,45.38751048101052
571,2025-09-04 14:31:00+02:00,601.3103472222223,45.15376703989504
572,2025-09-04 14:32:00+02:00,596.0170238095238,44.97603462616489
573,2025-09-04 14:33:00+02:00,590.5401111111111,44.8107374964998
574,2025-09-04 14:34:00+02:00,597.3764583333333,44.64544036683472
575,2025-09-04 14:35:00+02:00,594.0683449074074,44.48014323716964
576,2025-09-04 14:36:00+02:00,590.6684628817414,44.31484610750456
577,2025-09-04 14:37:00+02:00,589.4976111111112,44.14954897783948
578,2025-09-04 14:38:00+02:00,588.1388576388889,43.98043261151075
579,2025-09-04 14:39:00+02:00,587.7820185185185,43.77437381054462
580,2025-09-04 14:40:00+02:00,585.6329710144927,43.55907940091914
581,2025-09-04 14:41:00+02:00,584.5027777777779,43.34378499129363
582,2025-09-04 14:42:00+02:00,578.9187499999999,43.128490581668096
583,2025-09-04 14:43:00+02:00,579.045267094017,42.91319617204256
584,2025-09-04 14:44:00+02:00,574.1488888888889,42.54588718208683
585,2025-09-04 14:45:00+02:00,574.1750000000001,42.02141057517957
586,2025-09-04 14:46:00+02:00,566.5493819444445,41.594826334959265
587,2025-09-04 14:47:00+02:00,568.4146031746031,41.38849991978458
588,2025-09-04 14:48:00+02:00,565.5180868055555,41.1903312018338
589,2025-09-04 14:49:00+02:00,560.8734132996633,40.99216248388302
590,2025-09-04 14:50:00+02:00,562.6098611111112,40.793993765932285
591,2025-09-04 14:51:00+02:00,559.1538888888889,40.595825047981556
592,2025-09-04 14:52:00+02:00,551.8369642857143,40.6889825818035
593,2025-09-04 14:53:00+02:00,551.4292303240741,41.11692975185666
594,2025-09-04 14:54:00+02:00,554.0831096491228,41.527748738113196
595,2025-09-04 14:55:00+02:00,551.732829710145,41.599786409788365
596,2025-09-04 14:56:00+02:00,551.3845833333334,41.539961891161695
597,2025-09-04 14:57:00+02:00,549.2552804232804,41.48013737253504
598,2025-09-04 14:58:00+02:00,546.1110945767197,41.42031285390837
599,2025-09-04 14:59:00+02:00,542.8562499999999,41.36048833528171
600,2025-09-04 15:00:00+02:00,544.9449603174603,41.300663816655046
601,2025-09-04 15:01:00+02:00,548.6423148148148,41.24083929802843
602,2025-09-04 15:02:00+02:00,551.3827222222222,41.18101477940181
603,2025-09-04 15:03:00+02:00,546.1157015669515,41.121190260775194
604,2025-09-04 15:04:00+02:00,546.3038995726496,41.01842839776718
605,2025-09-04 15:05:00+02:00,540.6833785529716,40.63154342291684
606,2025-09-04 15:06:00+02:00,540.7443287037037,40.29988924041923
607,2025-09-04 15:07:00+02:00,540.3477777777778,40.028467494432206
608,2025-09-04 15:08:00+02:00,535.0999305555556,39.75704574844518
609,2025-09-04 15:09:00+02:00,536.2604166666666,39.48562400245815
610,2025-09-04 15:10:00+02:00,530.017003968254,39.233020974926305
611,2025-09-04 15:11:00+02:00,528.159525462963,39.010527896922724
612,2025-09-04 15:12:00+02:00,521.9462731481482,38.78837697743651
613,2025-09-04 15:13:00+02:00,525.694212962963,38.566226057950296
614,2025-09-04 15:14:00+02:00,520.4643518518518,38.34407513846412
615,2025-09-04 15:15:00+02:00,516.2067923280423,38.04810017730796
616,2025-09-04 15:16:00+02:00,509.4841773504274,37.489750581567876
617,2025-09-04 15:17:00+02:00,504.50932692307697,36.92478862197825
618,2025-09-04 15:18:00+02:00,506.9318055555555,36.41787483675368
619,2025-09-04 15:19:00+02:00,500.6888333333333,35.666210567167795
620,2025-09-04 15:20:00+02:00,497.799875,34.00164861762709
621,2025-09-04 15:21:00+02:00,461.2548611111111,35.6948472332864
622,2025-09-04 15:22:00+02:00,459.66151175213673,36.91307449169243
623,2025-09-04 15:23:00+02:00,487.3647156084656,36.777889629834526
624,2025-09-04 15:24:00+02:00,493.6076587301588,36.64270476797664
625,2025-09-04 15:25:00+02:00,491.7026145833333,36.50751990611877
626,2025-09-04 15:26:00+02:00,493.1985127314815,36.37233504426089
627,2025-09-04 15:27:00+02:00,489.1496363636364,36.23715018240303
628,2025-09-04 15:28:00+02:00,486.80049242424246,36.10196532054515
629,2025-09-04 15:29:00+02:00,488.483373015873,35.96678045868728
630,2025-09-04 15:30:00+02:00,485.2753830891331,35.82820796670109
631,2025-09-04 15:31:00+02:00,485.9008234126984,35.6670512738595
632,2025-09-04 15:32:00+02:00,482.7311111111112,35.50175414419442
633,2025-09-04 15:33:00+02:00,480.02288194444446,35.336457014529344
634,2025-09-04 15:34:00+02:00,479.4271527777778,35.17115988486427
635,2025-09-04 15:35:00+02:00,474.4177083333333,35.00586275519918
636,2025-09-04 15:36:00+02:00,471.06902777777776,34.84056562553408
637,2025-09-04 15:37:00+02:00,469.5726507936508,34.67223546168225
638,2025-09-04 15:38:00+02:00,463.4556944444444,34.4805942636524
639,2025-09-04 15:39:00+02:00,463.9524166666667,34.28410021092377
640,2025-09-04 15:40:00+02:00,463.6268194444445,34.08760615819513
641,2025-09-04 15:41:00+02:00,466.7484111721612,33.89111210546648
642,2025-09-04 15:42:00+02:00,462.41467460317466,33.69461805273784
643,2025-09-04 15:43:00+02:00,456.2336363636364,33.50186191782051
644,2025-09-04 15:44:00+02:00,452.6801816239317,33.32949442551036
645,2025-09-04 15:45:00+02:00,450.956748366013,33.16018522959128
646,2025-09-04 15:46:00+02:00,449.56350710155857,32.99087603367217
647,2025-09-04 15:47:00+02:00,446.454445611578,32.82156683775308
648,2025-09-04 15:48:00+02:00,446.85130411255415,32.65225764183397
649,2025-09-04 15:49:00+02:00,445.22204166666666,32.482948445914886
650,2025-09-04 15:50:00+02:00,445.8456392450142,32.2728169216464
651,2025-09-04 15:51:00+02:00,438.0244444444445,31.926087606362692
652,2025-09-04 15:52:00+02:00,431.674963023088,31.568367664215685
653,2025-09-04 15:53:00+02:00,426.3334325396825,31.223105630501657
654,2025-09-04 15:54:00+02:00,425.1309722222222,30.988718981841156
655,2025-09-04 15:55:00+02:00,421.9634325396826,30.780493940889908
656,2025-09-04 15:56:00+02:00,417.6920138888889,30.57226889993866
657,2025-09-04 15:57:00+02:00,415.8584490740741,30.364043858987415
658,2025-09-04 15:58:00+02:00,413.03657051282056,30.155818818036177
659,2025-09-04 15:59:00+02:00,412.4561111111111,29.91871616213276
660,2025-09-04 16:00:00+02:00,406.6550854700855,29.626922839544378
661,2025-09-04 16:01:00+02:00,404.2471527777778,29.333832970978563
662,2025-09-04 16:02:00+02:00,404.5684722222222,29.040743102412737
663,2025-09-04 16:03:00+02:00,399.93888888888887,28.78479970574866
664,2025-09-04 16:04:00+02:00,398.2627777777778,28.591654872903394
665,2025-09-04 16:05:00+02:00,395.3652991452991,28.399491267617805
666,2025-09-04 16:06:00+02:00,393.47583333333336,28.20732766233223
667,2025-09-04 16:07:00+02:00,387.3679166666666,28.01516405704667
668,2025-09-04 16:08:00+02:00,389.4938333333334,27.82300045176109
669,2025-09-04 16:09:00+02:00,389.328514957265,27.674030853926677
670,2025-09-04 16:10:00+02:00,383.4148680555556,27.61181687956868
671,2025-09-04 16:11:00+02:00,385.0247441520468,27.551992360942027
672,2025-09-04 16:12:00+02:00,384.9766319444445,27.492167842315382
673,2025-09-04 16:13:00+02:00,381.2868513431013,27.43234332368875
674,2025-09-04 16:14:00+02:00,382.1600712250713,27.372518805062107
675,2025-09-04 16:15:00+02:00,379.8055555555556,27.31269428643547
676,2025-09-04 16:16:00+02:00,377.3065740740741,27.252869767808832
677,2025-09-04 16:17:00+02:00,372.2190376984127,27.193045249182198
678,2025-09-04 16:18:00+02:00,373.4110694444444,27.12983690622073
679,2025-09-04 16:19:00+02:00,375.4265555555556,26.62202465142712
680,2025-09-04 16:20:00+02:00,369.0974038461538,26.019436577376013
681,2025-09-04 16:21:00+02:00,362.8144395424836,25.48673396303267
682,2025-09-04 16:22:00+02:00,362.8248888888889,25.204264915685535
683,2025-09-04 16:23:00+02:00,345.7852387566137,25.005531614492767
684,2025-09-04 16:24:00+02:00,324.6665743978244,24.80679831329998
685,2025-09-04 16:25:00+02:00,304.2684325396826,24.608065012107193
686,2025-09-04 16:26:00+02:00,295.1675747863248,24.409331710914405
687,2025-09-04 16:27:00+02:00,302.5519841269841,24.208873294259867
688,2025-09-04 16:28:00+02:00,314.29564814814813,23.99599404628079
689,2025-09-04 16:29:00+02:00,339.7200114379085,23.780699636655285
690,2025-09-04 16:30:00+02:00,338.603192499222,23.565405227029764
691,2025-09-04 16:31:00+02:00,332.8493659722222,23.350110817404257
692,2025-09-04 16:32:00+02:00,334.7532349537037,23.134588892551182
693,2025-09-04 16:33:00+02:00,329.91252777777777,22.828060876672843
694,2025-09-04 16:34:00+02:00,321.78764087301585,22.448955503201823
695,2025-09-04 16:35:00+02:00,255.2900138888889,22.069850129730803
696,2025-09-04 16:36:00+02:00,176.88318452380952,18.887371676881408
697,2025-09-04 16:37:00+02:00,224.29310515873013,14.341264606554374
698,2025-09-04 16:38:00+02:00,271.9530740740741,17.085699041177293
699,2025-09-04 16:39:00+02:00,284.1671750992064,19.799593578320753
700,2025-09-04 16:40:00+02:00,309.3316388888889,20.788463073566213
701,2025-09-04 16:41:00+02:00,309.403875,21.82414725945679
702,2025-09-04 16:42:00+02:00,309.69108796296297,21.696219559151665
703,2025-09-04 16:43:00+02:00,308.1639087301588,21.567756596502186
704,2025-09-04 16:44:00+02:00,304.5311755952381,21.439293633852714
705,2025-09-04 16:45:00+02:00,302.5082638888889,21.310830671203234
706,2025-09-04 16:46:00+02:00,300.7962400793651,21.18236770855377
707,2025-09-04 16:47:00+02:00,299.12267022357724,21.053904745904294
708,2025-09-04 16:48:00+02:00,299.2090955284553,20.925441783254826
709,2025-09-04 16:49:00+02:00,294.72093253968256,20.79697882060535
710,2025-09-04 16:50:00+02:00,287.1020087505088,20.625396455366644
711,2025-09-04 16:51:00+02:00,288.1541137566137,20.380917892543124
712,2025-09-04 16:52:00+02:00,283.9328587962964,20.135300326632333
713,2025-09-04 16:53:00+02:00,277.70550925925926,19.889682760721527
714,2025-09-04 16:54:00+02:00,277.3048544973545,19.643464146534352
715,2025-09-04 16:55:00+02:00,269.1226488095238,19.344353284026703
716,2025-09-04 16:56:00+02:00,261.3470701754386,19.012184766318764
717,2025-09-04 16:57:00+02:00,257.6816632553606,18.68001624861084
718,2025-09-04 16:58:00+02:00,253.05001253132832,18.36707301764873
719,2025-09-04 16:59:00+02:00,247.2304261363637,18.126911229367245
720,2025-09-04 17:00:00+02:00,248.89458333333332,17.89361561492354
721,2025-09-04 17:01:00+02:00,244.41076566951563,17.660320000479835
722,2025-09-04 17:02:00+02:00,245.54306666666665,17.427024386036138
723,2025-09-04 17:03:00+02:00,243.58652777777775,17.194205147847093
724,2025-09-04 17:04:00+02:00,239.82837632275127,16.963078976617183
725,2025-09-04 17:05:00+02:00,241.5581994047619,16.732100868277232
726,2025-09-04 17:06:00+02:00,234.7054671717172,16.501122759937278
727,2025-09-04 17:07:00+02:00,234.2993650793651,16.27014465159732
728,2025-09-04 17:08:00+02:00,224.3632936507936,15.702851849888516
729,2025-09-04 17:09:00+02:00,225.3452380952381,13.266130755134986
730,2025-09-04 17:10:00+02:00,217.84897016178263,9.733728022126744
731,2025-09-04 17:11:00+02:00,214.0802297979798,6.729272477867046
732,2025-09-04 17:12:00+02:00,215.6742474747475,5.600880863860916
733,2025-09-04 17:13:00+02:00,214.44708333333327,5.600880863860916
734,2025-09-04 17:14:00+02:00,205.8945555555556,5.600880863860916
735,2025-09-04 17:15:00+02:00,184.2987222222222,5.600880863860916
736,2025-09-04 17:16:00+02:00,134.46166666666667,5.600880863860916
737,2025-09-04 17:17:00+02:00,81.83036111111112,5.600880863860916
738,2025-09-04 17:18:00+02:00,50.20405303030304,5.600880863860916
739,2025-09-04 17:19:00+02:00,47.79932291666666,5.600880863860916
740,2025-09-04 17:20:00+02:00,44.69572382478632,5.600880863860916
741,2025-09-04 17:21:00+02:00,49.30421626984127,5.598379594902271
742,2025-09-04 17:22:00+02:00,48.355401785714285,5.553356753646677
743,2025-09-04 17:23:00+02:00,45.91380341880342,5.493326298639218
744,2025-09-04 17:24:00+02:00,45.25862268518518,5.433295843631761
745,2025-09-04 17:25:00+02:00,46.94650462962963,5.3732653886243025
746,2025-09-04 17:26:00+02:00,40.76117181540809,5.313234933616846
747,2025-09-04 17:27:00+02:00,44.55905092592593,5.253204478609387
748,2025-09-04 17:28:00+02:00,42.54344410491469,5.19317402360193
749,2025-09-04 17:29:00+02:00,41.39115909090909,5.133143568594471
750,2025-09-04 17:30:00+02:00,44.25628890445066,5.073113113587015
751,2025-09-04 17:31:00+02:00,44.78520401382244,5.024171617629545
752,2025-09-04 17:32:00+02:00,44.61979797979797,5.019585957872032
753,2025-09-04 17:33:00+02:00,44.36307870370371,5.019585957872032
754,2025-09-04 17:34:00+02:00,41.51211574074074,5.019585957872032
755,2025-09-04 17:35:00+02:00,40.99288492063492,5.019585957872032
756,2025-09-04 17:36:00+02:00,43.26228174603174,5.019585957872032
757,2025-09-04 17:37:00+02:00,41.86903600464576,5.019585957872032
758,2025-09-04 17:38:00+02:00,41.47073051948052,5.019585957872032
759,2025-09-04 17:39:00+02:00,41.0166617063492,5.019585957872032
760,2025-09-04 17:40:00+02:00,40.053023504273504,5.019585957872032
761,2025-09-04 17:41:00+02:00,40.10972426470588,4.832741166661318
762,2025-09-04 17:42:00+02:00,38.62259520609319,4.469746403938821
763,2025-09-04 17:43:00+02:00,39.67075268817205,4.438291051883145
764,2025-09-04 17:44:00+02:00,39.46842307692308,4.438291051883145
765,2025-09-04 17:45:00+02:00,39.065694444444446,4.438291051883145
766,2025-09-04 17:46:00+02:00,36.99806693510738,4.438291051883145
767,2025-09-04 17:47:00+02:00,37.5046,4.438291051883145
768,2025-09-04 17:48:00+02:00,36.52732976190476,4.438291051883145
769,2025-09-04 17:49:00+02:00,34.09972222222222,4.438291051883145
770,2025-09-04 17:50:00+02:00,37.40508333333333,4.438291051883145
771,2025-09-04 17:51:00+02:00,34.83632738095238,4.438291051883145
772,2025-09-04 17:52:00+02:00,34.63553571428572,4.410871480845932
773,2025-09-04 17:53:00+02:00,38.60821180555556,4.3510469622192876
774,2025-09-04 17:54:00+02:00,33.289922528860025,4.291222443592643
775,2025-09-04 17:55:00+02:00,38.10332407407408,4.231397924965997
776,2025-09-04 17:56:00+02:00,35.43216726190476,4.171573406339354
777,2025-09-04 17:57:00+02:00,35.617393162393164,4.111748887712711
778,2025-09-04 17:58:00+02:00,35.31997707847708,4.051924369086069
779,2025-09-04 17:59:00+02:00,33.90540740740741,3.992099850459427
780,2025-09-04 18:00:00+02:00,35.2252380952381,3.932275331832784
781,2025-09-04 18:01:00+02:00,36.2223685515873,3.87419569499942
782,2025-09-04 18:02:00+02:00,36.90951058201058,3.856996145894259
783,2025-09-04 18:03:00+02:00,37.31077380952381,3.856996145894259
784,2025-09-04 18:04:00+02:00,34.38849977954145,3.856996145894259
785,2025-09-04 18:05:00+02:00,36.82948148148149,3.856996145894259
786,2025-09-04 18:06:00+02:00,33.87822222222223,3.856996145894259
787,2025-09-04 18:07:00+02:00,34.589224664224666,3.856996145894259
788,2025-09-04 18:08:00+02:00,33.386625,3.856996145894259
789,2025-09-04 18:09:00+02:00,30.964915674603176,3.856996145894259
790,2025-09-04 18:10:00+02:00,35.52553571428572,3.856996145894259
791,2025-09-04 18:11:00+02:00,35.46248207885305,3.8075561152302564
792,2025-09-04 18:12:00+02:00,33.028691425120776,3.488443190035328
793,2025-09-04 18:13:00+02:00,31.855538302277434,3.276699467685735
794,2025-09-04 18:14:00+02:00,34.40135846560847,3.275183346618297
795,2025-09-04 18:15:00+02:00,34.47236111111111,3.275183346618297
796,2025-09-04 18:16:00+02:00,27.592822954822957,3.275183346618297
797,2025-09-04 18:17:00+02:00,34.17976851851852,3.275183346618297
798,2025-09-04 18:18:00+02:00,33.00691798941799,3.275183346618297
799,2025-09-04 18:19:00+02:00,28.24200244200244,3.275183346618297
800,2025-09-04 18:20:00+02:00,30.150808857808855,3.275183346618297
801,2025-09-04 18:21:00+02:00,32.188951851851854,3.275183346618297
802,2025-09-04 18:22:00+02:00,30.16332175925926,3.2734175726821215
803,2025-09-04 18:23:00+02:00,34.04083333333333,3.230282237955546
804,2025-09-04 18:24:00+02:00,26.4924173414305,3.1697414172866685
805,2025-09-04 18:25:00+02:00,27.569252136752137,3.1092005966177902
806,2025-09-04 18:26:00+02:00,26.580016025641022,3.048659775948912
807,2025-09-04 18:27:00+02:00,32.04817982456141,2.9881189552800373
808,2025-09-04 18:28:00+02:00,32.03688596491228,2.9275781346111627
809,2025-09-04 18:29:00+02:00,29.918223684210528,2.867037313942287
810,2025-09-04 18:30:00+02:00,23.373230158730163,2.806496493273413
811,2025-09-04 18:31:00+02:00,28.978838383838383,2.7459556726045387
812,2025-09-04 18:32:00+02:00,26.88030073995772,2.669832300802911
813,2025-09-04 18:33:00+02:00,26.75010527586109,2.5087131955499045
814,2025-09-04 18:34:00+02:00,27.41888888888889,2.3348447302791913
815,2025-09-04 18:35:00+02:00,25.69694599723948,2.162666652865278
816,2025-09-04 18:36:00+02:00,24.403832437275984,2.098673398286474
817,2025-09-04 18:37:00+02:00,16.62252688172043,2.098673398286474
818,2025-09-04 18:38:00+02:00,16.026772137887413,2.098673398286474
819,2025-09-04 18:39:00+02:00,15.867626050420162,2.098673398286474
820,2025-09-04 18:40:00+02:00,16.354180672268907,2.098673398286474
821,2025-09-04 18:41:00+02:00,16.840735294117653,2.098673398286474
822,2025-09-04 18:42:00+02:00,17.008872549019607,2.098673398286474
823,2025-09-04 18:43:00+02:00,19.594523809523803,2.098673398286474
824,2025-09-04 18:44:00+02:00,24.42309523809523,2.098673398286474
825,2025-09-04 18:45:00+02:00,22.234897660818717,2.093179637751879
826,2025-09-04 18:46:00+02:00,19.36314484126984,2.0423834826550795
827,2025-09-04 18:47:00+02:00,23.646766666666664,1.98152951981033
828,2025-09-04 18:48:00+02:00,21.864246626984126,1.9206755569655805
829,2025-09-04 18:49:00+02:00,23.11617424242424,1.8598215941208314
830,2025-09-04 18:50:00+02:00,22.363524720893142,1.7989676312760814
831,2025-09-04 18:51:00+02:00,23.75559595959596,1.7381136684313327
832,2025-09-04 18:52:00+02:00,24.15481091617934,1.6772597055865834
833,2025-09-04 18:53:00+02:00,23.040974025974023,1.6164057427418341
834,2025-09-04 18:54:00+02:00,19.9086531986532,1.5555517798970853
835,2025-09-04 18:55:00+02:00,20.01541456228956,1.4237174098992647
836,2025-09-04 18:56:00+02:00,20.144742424242423,1.1372904953781588
837,2025-09-04 18:57:00+02:00,18.43355054302423,0.9235067846008644
838,2025-09-04 18:58:00+02:00,20.363333333333333,0.9171200127028416
839,2025-09-04 18:59:00+02:00,14.703765567765569,0.9171200127028416
840,2025-09-04 19:00:00+02:00,18.413942307692302,0.9171200127028416
841,2025-09-04 19:01:00+02:00,15.994565018315017,0.9171200127028416
842,2025-09-04 19:02:00+02:00,14.847838095238096,0.9171200127028416
843,2025-09-04 19:03:00+02:00,16.31781177156177,0.9171200127028416
844,2025-09-04 19:04:00+02:00,16.436178674055828,0.9171200127028416
845,2025-09-04 19:05:00+02:00,14.356180555555556,0.9171200127028416
846,2025-09-04 19:06:00+02:00,12.362359375,0.9170214175963538
847,2025-09-04 19:07:00+02:00,14.549680555555556,0.8774847798948693
848,2025-09-04 19:08:00+02:00,15.691380952380952,0.8043731643029055
849,2025-09-04 19:09:00+02:00,13.060006172839506,0.7294153995870789
850,2025-09-04 19:10:00+02:00,11.79735096153846,0.6457410219949917
851,2025-09-04 19:11:00+02:00,11.935671146953403,0.5532398106256112
852,2025-09-04 19:12:00+02:00,13.948992063492064,0.46073859925623073
853,2025-09-04 19:13:00+02:00,13.150648148148148,0.3682373878868499
854,2025-09-04 19:14:00+02:00,11.46946875,0.2757361765174696
855,2025-09-04 19:15:00+02:00,12.41986111111111,0.1938021640048234
856,2025-09-04 19:16:00+02:00,8.908561507936508,0.11841466055590485
857,2025-09-04 19:17:00+02:00,11.0605,0.1010688633021716
858,2025-09-04 19:18:00+02:00,10.83995987654321,0.1010688633021716
859,2025-09-04 19:19:00+02:00,11.810190377722634,0.1010688633021716
860,2025-09-04 19:20:00+02:00,13.728828185703186,0.1010688633021716
861,2025-09-04 19:21:00+02:00,12.894141414141414,0.1010688633021716
862,2025-09-04 19:22:00+02:00,11.14744363044363,0.1010688633021716
863,2025-09-04 19:23:00+02:00,11.287579365079369,0.1010688633021716
864,2025-09-04 19:24:00+02:00,12.599976293103447,0.1010688633021716
865,2025-09-04 19:25:00+02:00,12.971027777777778,0.1010688633021716
866,2025-09-04 19:26:00+02:00,12.543981196581194,0.1010688633021716
867,2025-09-04 19:27:00+02:00,10.231518518518518,0.1010688633021716
868,2025-09-04 19:28:00+02:00,9.806446225071223,0.1010688633021716
869,2025-09-04 19:29:00+02:00,6.971861772486772,0.1010688633021716
870,2025-09-04 19:30:00+02:00,10.898470169677068,0.1010688633021716
871,2025-09-04 19:31:00+02:00,11.994685618500272,0.1010688633021716
872,2025-09-04 19:32:00+02:00,10.790111111111113,0.1010688633021716
873,2025-09-04 19:33:00+02:00,7.3676006944444445,0.1010688633021716
874,2025-09-04 19:34:00+02:00,12.971333333333332,0.1010688633021716
875,2025-09-04 19:35:00+02:00,11.35793771043771,0.1010688633021716
876,2025-09-04 19:36:00+02:00,11.580436507936506,0.1010688633021716
877,2025-09-04 19:37:00+02:00,8.998561253561252,0.1010688633021716
878,2025-09-04 19:38:00+02:00,9.195972222222222,0.1010688633021716
879,2025-09-04 19:39:00+02:00,12.960603174603174,0.1010688633021716
880,2025-09-04 19:40:00+02:00,10.608166666666667,0.1010688633021716
881,2025-09-04 19:41:00+02:00,10.605427248677248,0.1010688633021716
882,2025-09-04 19:42:00+02:00,9.822977092352092,0.1010688633021716
883,2025-09-04 19:43:00+02:00,10.572407407407407,0.1010688633021716
884,2025-09-04 19:44:00+02:00,12.99181818181818,0.1010688633021716
885,2025-09-04 19:45:00+02:00,10.622351851851851,0.1010688633021716
886,2025-09-04 19:46:00+02:00,11.82112962962963,0.1010688633021716
887,2025-09-04 19:47:00+02:00,9.464848927875243,0.1010688633021716
888,2025-09-04 19:48:00+02:00,10.93097953216374,0.1010688633021716
889,2025-09-04 19:49:00+02:00,13.07461111111111,0.1010688633021716
890,2025-09-04 19:50:00+02:00,10.699222222222224,0.1010688633021716
891,2025-09-04 19:51:00+02:00,12.524301075268816,0.1010688633021716
892,2025-09-04 19:52:00+02:00,11.89831746031746,0.1010688633021716
893,2025-09-04 19:53:00+02:00,9.000224867724867,0.1010688633021716
894,2025-09-04 19:54:00+02:00,10.3690826873385,0.1010688633021716
895,2025-09-04 19:55:00+02:00,9.069642981539532,0.1010688633021716
896,2025-09-04 19:56:00+02:00,8.834069041867954,0.1010688633021716
897,2025-09-04 19:57:00+02:00,9.999492296918769,0.1010688633021716
898,2025-09-04 19:58:00+02:00,11.677373737373737,0.1010688633021716
899,2025-09-04 19:59:00+02:00,12.584090909090907,0.1010688633021716
900,2025-09-04 20:00:00+02:00,11.730092592592593,0.1010688633021716
901,2025-09-05 05:00:00+02:00,12.981944444444444,0.1010688633021716
902,2025-09-05 05:01:00+02:00,11.902219336219336,0.1010688633021716
903,2025-09-05 05:02:00+02:00,11.993181818181816,0.1010688633021716
904,2025-09-05 05:03:00+02:00,13.14767195767196,0.1010688633021716
905,2025-09-05 05:04:00+02:00,9.343651515151516,0.1010688633021716
906,2025-09-05 05:05:00+02:00,11.299989583333334,0.1010688633021716
907,2025-09-05 05:06:00+02:00,10.801157407407407,0.1010688633021716
908,2025-09-05 05:07:00+02:00,10.057976190476188,0.1010688633021716
909,2025-09-05 05:08:00+02:00,10.801286764705884,0.1010688633021716
910,2025-09-05 05:09:00+02:00,8.721078431372549,0.1010688633021716
911,2025-09-05 05:10:00+02:00,9.003712121212121,0.1010688633021716
912,2025-09-05 05:11:00+02:00,10.442336182336184,0.1010688633021716
913,2025-09-05 05:12:00+02:00,13.156324074074073,0.1010688633021716
914,2025-09-05 05:13:00+02:00,8.959169973544974,0.1010688633021716
915,2025-09-05 05:14:00+02:00,11.493253968253969,0.1010688633021716
916,2025-09-05 05:15:00+02:00,11.408425925925926,0.1010688633021716
917,2025-09-05 05:16:00+02:00,11.991474747474747,0.1010688633021716
918,2025-09-05 05:17:00+02:00,10.60664351851852,0.1010688633021716
919,2025-09-05 05:18:00+02:00,9.923680555555556,0.1010688633021716
920,2025-09-05 05:19:00+02:00,10.34517543859649,0.1010688633021716
921,2025-09-05 05:20:00+02:00,9.359916666666663,0.1010688633021716
922,2025-09-05 05:21:00+02:00,10.094310185185185,0.1010688633021716
923,2025-09-05 05:22:00+02:00,9.400540849673202,0.1010688633021716
924,2025-09-05 05:23:00+02:00,9.682152777777777,0.1010688633021716
925,2025-09-05 05:24:00+02:00,11.232666666666669,0.1010688633021716
926,2025-09-05 05:25:00+02:00,10.398527777777778,0.1010688633021716
927,2025-09-05 05:26:00+02:00,10.675651515151516,0.1010688633021716
928,2025-09-05 05:27:00+02:00,8.729132553606236,0.1010688633021716
929,2025-09-05 05:28:00+02:00,11.830500730994151,0.1010688633021716
930,2025-09-05 05:29:00+02:00,11.450525793650792,0.1010688633021716
931,2025-09-05 05:30:00+02:00,10.331267973856209,0.1010688633021716
932,2025-09-05 05:31:00+02:00,10.22675,0.1010688633021716
933,2025-09-05 05:32:00+02:00,10.865281746031746,0.1010688633021716
934,2025-09-05 05:33:00+02:00,13.79626636904762,0.1010688633021716
935,2025-09-05 05:34:00+02:00,10.28526851851852,0.1010688633021716
936,2025-09-05 05:35:00+02:00,8.514040113781492,0.1010688633021716
937,2025-09-05 05:36:00+02:00,11.54737962962963,0.1010688633021716
938,2025-09-05 05:37:00+02:00,7.787875,0.1010688633021716
939,2025-09-05 05:38:00+02:00,11.666176470588235,0.1010688633021716
940,2025-09-05 05:39:00+02:00,10.80360201627821,0.1010688633021716
941,2025-09-05 05:40:00+02:00,12.747133152173914,0.1010688633021716
942,2025-09-05 05:41:00+02:00,12.74689236111111,0.1010688633021716
943,2025-09-05 05:42:00+02:00,13.177072222222222,0.1010688633021716
944,2025-09-05 05:43:00+02:00,11.337354497354497,0.1010688633021716
945,2025-09-05 05:44:00+02:00,13.018798076923076,0.1010688633021716
946,2025-09-05 05:45:00+02:00,10.365252525252524,0.1010688633021716
947,2025-09-05 05:46:00+02:00,11.264444444444443,0.1010688633021716
948,2025-09-05 05:47:00+02:00,11.953209475709476,0.1010688633021716
949,2025-09-05 05:48:00+02:00,11.84547311827957,0.1010688633021716
950,2025-09-05 05:49:00+02:00,13.108194444444443,0.1010688633021716
951,2025-09-05 05:50:00+02:00,14.294666666666666,0.1010688633021716
952,2025-09-05 05:51:00+02:00,14.268333333333333,0.1010688633021716
953,2025-09-05 05:52:00+02:00,13.838958333333332,0.1010688633021716
954,2025-09-05 05:53:00+02:00,14.675944444444442,0.1010688633021716
955,2025-09-05 05:54:00+02:00,14.703261904761904,0.1010688633021716
956,2025-09-05 05:55:00+02:00,12.721005938505938,0.1010688633021716
957,2025-09-05 05:56:00+02:00,16.10392929292929,0.1010688633021716
958,2025-09-05 05:57:00+02:00,13.049947204968944,0.10529412160756804
959,2025-09-05 05:58:00+02:00,15.226454545454544,0.16711632207600266
960,2025-09-05 05:59:00+02:00,14.10732886904762,0.2471738478624648
961,2025-09-05 06:00:00+02:00,14.487092013888889,0.3374036507637239
962,2025-09-05 06:01:00+02:00,15.192073412698411,0.4299048621331044
963,2025-09-05 06:02:00+02:00,14.881765873015873,0.5224060735024854
964,2025-09-05 06:03:00+02:00,16.035246825396825,0.6149072848718662
965,2025-09-05 06:04:00+02:00,18.15672161172161,0.704429478015138
966,2025-09-05 06:05:00+02:00,16.13112103174603,0.7793872427309642
967,2025-09-05 06:06:00+02:00,18.40527777777778,0.8538219543378716
968,2025-09-05 06:07:00+02:00,16.60777777777778,0.9248329621929945
969,2025-09-05 06:08:00+02:00,19.867669082125605,0.9959340947846316
970,2025-09-05 06:09:00+02:00,18.793604497354497,1.0587491058929666
971,2025-09-05 06:10:00+02:00,19.083761904761904,1.1177023862122444
972,2025-09-05 06:11:00+02:00,17.755303724053725,1.1766556665315222
973,2025-09-05 06:12:00+02:00,21.63283333333333,1.235608946850801
974,2025-09-05 06:13:00+02:00,18.06472685185185,1.2945622271700787
975,2025-09-05 06:14:00+02:00,16.88149928774929,1.3535155074893568
976,2025-09-05 06:15:00+02:00,21.93027777777778,1.4124687878086353
977,2025-09-05 06:16:00+02:00,22.37333333333333,1.4714220681279135
978,2025-09-05 06:17:00+02:00,24.8131905982906,1.554284860338433
979,2025-09-05 06:18:00+02:00,26.971158424908424,1.6610473493236522
980,2025-09-05 06:19:00+02:00,27.81892063492064,1.768002799171999
981,2025-09-05 06:20:00+02:00,29.52948484848485,1.874958249020347
982,2025-09-05 06:21:00+02:00,28.54684027777778,1.981913698868694
983,2025-09-05 06:22:00+02:00,31.207619047619048,2.085001262952086
984,2025-09-05 06:23:00+02:00,34.42346031746032,2.153664643727369
985,2025-09-05 06:24:00+02:00,30.751196581196584,2.214205464396244
986,2025-09-05 06:25:00+02:00,34.38234548611111,2.27474628506512
987,2025-09-05 06:26:00+02:00,36.88348576388889,2.3352871057339963
988,2025-09-05 06:27:00+02:00,37.55094444444445,2.3958279264028723
989,2025-09-05 06:28:00+02:00,36.65104497354498,2.456368747071749
990,2025-09-05 06:29:00+02:00,37.52449372759857,2.516909567740625
991,2025-09-05 06:30:00+02:00,40.21169130824373,2.5774503884095017
992,2025-09-05 06:31:00+02:00,39.44405505952381,2.637991209078377
993,2025-09-05 06:32:00+02:00,40.69750992063492,2.7196461021783733
994,2025-09-05 06:33:00+02:00,44.15989087301588,2.864397700101596
995,2025-09-05 06:34:00+02:00,44.01291666666666,3.0133230100170163
996,2025-09-05 06:35:00+02:00,46.03454670329671,3.162248319932436
997,2025-09-05 06:36:00+02:00,47.31704312354312,3.2868678953050576
998,2025-09-05 06:37:00+02:00,49.01665764790764,3.349983350533459
999,2025-09-05 06:38:00+02:00,48.485166666666665,3.4098078691601037
1000,2025-09-05 06:39:00+02:00,48.2144623655914,3.469632387786749
1001,2025-09-05 06:40:00+02:00,51.80091018748277,3.529456906413394
1002,2025-09-05 06:41:00+02:00,49.88459502923977,3.5892814250400358
1003,2025-09-05 06:42:00+02:00,53.15943650793651,3.6491059436666786
1004,2025-09-05 06:43:00+02:00,51.01568518518519,3.7089304622933197
1005,2025-09-05 06:44:00+02:00,43.57517482517483,3.7687549809199625
1006,2025-09-05 06:45:00+02:00,47.84290178571428,3.8285794995466045
1007,2025-09-05 06:46:00+02:00,48.38082692307692,3.932974525722683
1008,2025-09-05 06:47:00+02:00,50.97520515499826,4.077695249205393
1009,2025-09-05 06:48:00+02:00,50.39313852813853,4.2224159726881005
1010,2025-09-05 06:49:00+02:00,53.00792748917749,4.367136696170812
1011,2025-09-05 06:50:00+02:00,54.299675925925925,4.4688591460773885
1012,2025-09-05 06:51:00+02:00,58.92104788011696,4.528993101869345
1013,2025-09-05 06:52:00+02:00,61.4550625,4.589127057661299
1014,2025-09-05 06:53:00+02:00,56.57098150782361,4.649261013453254
1015,2025-09-05 06:54:00+02:00,60.83597222222222,4.709394969245209
1016,2025-09-05 06:55:00+02:00,60.95205555555555,4.769528925037164
1017,2025-09-05 06:56:00+02:00,63.02726190476191,4.829662880829117
1018,2025-09-05 06:57:00+02:00,63.48666666666667,4.889796836621068
1019,2025-09-05 06:58:00+02:00,64.94480952380952,4.94993079241302
1020,2025-09-05 06:59:00+02:00,63.395595427963855,5.022328501333861
1021,2025-09-05 07:00:00+02:00,67.5345928030303,5.247147141999463
1022,2025-09-05 07:01:00+02:00,67.70566666666667,5.515164250984096
1023,2025-09-05 07:02:00+02:00,71.69730753968254,5.697763348192399
1024,2025-09-05 07:03:00+02:00,71.16964583333333,5.83783440987647
1025,2025-09-05 07:04:00+02:00,75.51488720538721,5.97790547156054
1026,2025-09-05 07:05:00+02:00,80.95306397306398,6.117976533244612
1027,2025-09-05 07:06:00+02:00,77.47484046546548,6.25804759492868
1028,2025-09-05 07:07:00+02:00,82.66803240740741,6.398118656612751
1029,2025-09-05 07:08:00+02:00,79.1016388888889,6.538189718296816
1030,2025-09-05 07:09:00+02:00,79.06030681818181,6.678260779980882
1031,2025-09-05 07:10:00+02:00,90.22760378510378,6.864561586063495
1032,2025-09-05 07:11:00+02:00,90.49092037037036,7.120368651206867
1033,2025-09-05 07:12:00+02:00,94.52894612794611,7.376822286201965
1034,2025-09-05 07:13:00+02:00,102.69633766233768,7.633275921197059
1035,2025-09-05 07:14:00+02:00,104.16947132616488,7.893788111424874
1036,2025-09-05 07:15:00+02:00,104.98468862007168,8.200708998444236
1037,2025-09-05 07:16:00+02:00,113.06241666666666,8.520687845777571
1038,2025-09-05 07:17:00+02:00,118.07231481481482,8.840666693110899
1039,2025-09-05 07:18:00+02:00,123.45754166666666,9.163845328917562
1040,2025-09-05 07:19:00+02:00,121.3083457402812,9.495556733986447
1041,2025-09-05 07:20:00+02:00,127.54055555555556,9.82772525169438
1042,2025-09-05 07:21:00+02:00,129.04710069444445,10.160719842941118
1043,2025-09-05 07:22:00+02:00,133.2092137254902,10.516018419735522
1044,2025-09-05 07:23:00+02:00,134.97090587245,10.881229878995553
1045,2025-09-05 07:24:00+02:00,140.66974206349207,11.246441338255586
1046,2025-09-05 07:25:00+02:00,136.4845588235294,11.504876113844416
1047,2025-09-05 07:26:00+02:00,141.76605158730158,11.672961387865302
1048,2025-09-05 07:27:00+02:00,145.17053703703704,11.841046661886184
1049,2025-09-05 07:28:00+02:00,153.79017653642654,12.009131935907067
1050,2025-09-05 07:29:00+02:00,157.2118695054945,12.177217209927955
1051,2025-09-05 07:30:00+02:00,160.5751456365272,12.345302483948837
1052,2025-09-05 07:31:00+02:00,159.84985323886642,12.514549404995698
1053,2025-09-05 07:32:00+02:00,164.38812499999997,12.786021264329303
1054,2025-09-05 07:33:00+02:00,167.40575492831542,13.121383710092122
1055,2025-09-05 07:34:00+02:00,175.28402860449737,13.456746155854946
1056,2025-09-05 07:35:00+02:00,177.51858333333334,13.81953725198313
1057,2025-09-05 07:36:00+02:00,184.4017911255411,14.274108832026206
1058,2025-09-05 07:37:00+02:00,185.1351186868687,14.73659734393521
1059,2025-09-05 07:38:00+02:00,195.7098017075517,15.233152750506372
1060,2025-09-05 07:39:00+02:00,207.6077314814815,15.749859333607601
1061,2025-09-05 07:40:00+02:00,208.2218297101449,16.220562203203794
1062,2025-09-05 07:41:00+02:00,211.4527976190476,16.622098650397312
1063,2025-09-05 07:42:00+02:00,212.31867938842203,17.022991689010333
1064,2025-09-05 07:43:00+02:00,212.84244152046784,17.256243244337373
1065,2025-09-05 07:44:00+02:00,214.47688888888888,17.31617055423314
1066,2025-09-05 07:45:00+02:00,213.5041501322752,17.376097864128894
1067,2025-09-05 07:46:00+02:00,214.35096296296297,17.436025174024657
1068,2025-09-05 07:47:00+02:00,211.8593543417367,17.49595248392042
1069,2025-09-05 07:48:00+02:00,213.846875,17.55587979381618
1070,2025-09-05 07:49:00+02:00,219.5007222222222,17.61580710371194
1071,2025-09-05 07:50:00+02:00,222.0356871345029,17.6757344136077
1072,2025-09-05 07:51:00+02:00,224.3419583333333,17.735661723503465
1073,2025-09-05 07:52:00+02:00,232.675382936508,17.802652833633655
1074,2025-09-05 07:53:00+02:00,239.43010582010584,17.989728547749042
1075,2025-09-05 07:54:00+02:00,236.75973862942607,18.21918706327097
1076,2025-09-05 07:55:00+02:00,240.0009434523809,18.455075801633107
1077,2025-09-05 07:56:00+02:00,244.5006388888889,18.70624796819518
1078,2025-09-05 07:57:00+02:00,248.66989583333336,18.958072476204805
1079,2025-09-05 07:58:00+02:00,248.63777138157897,19.20989698421444
1080,2025-09-05 07:59:00+02:00,249.21477525252524,19.462247660634436
1081,2025-09-05 08:00:00+02:00,262.02043981481484,19.74827311531849
1082,2025-09-05 08:01:00+02:00,269.4641931652047,20.054217802681066
1083,2025-09-05 08:02:00+02:00,269.5235,20.360162490043642
1084,2025-09-05 08:03:00+02:00,276.98475210084035,20.660590901982538
1085,2025-09-05 08:04:00+02:00,283.0420454598506,20.892459890798843
1086,2025-09-05 08:05:00+02:00,281.2126360544217,21.103839856612986
1087,2025-09-05 08:06:00+02:00,289.7920289855072,21.315219822427135
1088,2025-09-05 08:07:00+02:00,289.7667485119048,21.526599788241274
1089,2025-09-05 08:08:00+02:00,292.8955275974026,21.737979754055413
1090,2025-09-05 08:09:00+02:00,301.72318650793653,21.786536884360295
1091,2025-09-05 08:10:00+02:00,299.6558760683761,21.49215783328513
1092,2025-09-05 08:11:00+02:00,302.5032777777778,21.186213145922547
1093,2025-09-05 08:12:00+02:00,307.2234294871795,20.88026845855999
1094,2025-09-05 08:13:00+02:00,299.10527777777776,21.915760303006177
1095,2025-09-05 08:14:00+02:00,303.4916666666666,22.298707960667763
1096,2025-09-05 08:15:00+02:00,302.59639741715404,22.61292142336445
1097,2025-09-05 08:16:00+02:00,307.72223684210525,22.926905772077944
1098,2025-09-05 08:17:00+02:00,314.508,23.22622682586557
1099,2025-09-05 08:18:00+02:00,322.71257936507936,23.51687427886
1100,2025-09-05 08:19:00+02:00,318.2784072871573,23.807521731854457
1101,2025-09-05 08:20:00+02:00,326.4735912698413,24.09770643314529
1102,2025-09-05 08:21:00+02:00,325.5525598290598,24.358275025404716
1103,2025-09-05 08:22:00+02:00,330.113253968254,24.601325160312967
1104,2025-09-05 08:23:00+02:00,332.0546825396825,24.844375295221205
1105,2025-09-05 08:24:00+02:00,337.4786423611111,25.087425430129443
1106,2025-09-05 08:25:00+02:00,337.15846759259256,25.328171677342795
1107,2025-09-05 08:26:00+02:00,343.46450000000004,25.54257346961019
1108,2025-09-05 08:27:00+02:00,342.73904861111106,25.749562753641847
1109,2025-09-05 08:28:00+02:00,346.6413888888889,25.956552037673497
1110,2025-09-05 08:29:00+02:00,345.3788833333333,26.16354132170515
1111,2025-09-05 08:30:00+02:00,347.9302651515152,26.370530605736803
1112,2025-09-05 08:31:00+02:00,352.8099363425926,26.6005258862332
1113,2025-09-05 08:32:00+02:00,359.1896514423077,26.888384733595537
1114,2025-09-05 08:33:00+02:00,358.74057539682536,27.179032186589986
1115,2025-09-05 08:34:00+02:00,360.9842546296297,27.46967963958444
1116,2025-09-05 08:35:00+02:00,364.0899629629629,27.722745029534394
1117,2025-09-05 08:36:00+02:00,366.8708657616893,27.8812858366755
1118,2025-09-05 08:37:00+02:00,367.25930847953214,28.035271242235474
1119,2025-09-05 08:38:00+02:00,369.6013333333333,28.189256647795446
1120,2025-09-05 08:39:00+02:00,375.4172916666666,28.343242053355414
1121,2025-09-05 08:40:00+02:00,378.58020691609977,28.497227458915397
1122,2025-09-05 08:41:00+02:00,379.8377891156462,28.651212864475376
1123,2025-09-05 08:42:00+02:00,384.9966666666666,28.80560651544952
1124,2025-09-05 08:43:00+02:00,389.5958035714286,28.974822615307662
1125,2025-09-05 08:44:00+02:00,390.67031770833336,29.151418536114406
1126,2025-09-05 08:45:00+02:00,391.1252564102565,29.328014456921153
1127,2025-09-05 08:46:00+02:00,391.1122485380117,29.504610377727914
1128,2025-09-05 08:47:00+02:00,395.3129006410256,29.68120629853467
1129,2025-09-05 08:48:00+02:00,402.1827662037037,29.857802219341416
1130,2025-09-05 08:49:00+02:00,402.6646527777778,30.045016447261922
1131,2025-09-05 08:50:00+02:00,405.6295695970696,30.274703903637455
1132,2025-09-05 08:51:00+02:00,405.82270833333337,30.50878238927057
1133,2025-09-05 08:52:00+02:00,411.65069444444447,30.742860874903677
1134,2025-09-05 08:53:00+02:00,415.8749934640523,30.976939360536775
1135,2025-09-05 08:54:00+02:00,420.6947222222222,31.20583167612893
1136,2025-09-05 08:55:00+02:00,421.227748015873,31.416292063061938
1137,2025-09-05 08:56:00+02:00,426.0161805555556,31.62514053227949
1138,2025-09-05 08:57:00+02:00,426.3016792929293,31.83398900149706
1139,2025-09-05 08:58:00+02:00,427.8210037878789,32.042837470714616
1140,2025-09-05 08:59:00+02:00,430.7195575396825,32.251677383374115
1141,2025-09-05 09:00:00+02:00,432.8971527777778,32.45876320163057
1142,2025-09-05 09:01:00+02:00,433.0514444444445,32.66453130994524
1143,2025-09-05 09:02:00+02:00,433.9955370370371,32.870299418259904
1144,2025-09-05 09:03:00+02:00,434.0058531746032,33.07606752657454
1145,2025-09-05 09:04:00+02:00,443.33759502923976,33.28183563488918
1146,2025-09-05 09:05:00+02:00,446.6516666666666,33.48994892236374
1147,2025-09-05 09:06:00+02:00,451.5037191358024,33.71740091798777
1148,2025-09-05 09:07:00+02:00,450.39999629629625,33.94914639545841
1149,2025-09-05 09:08:00+02:00,452.6614603174603,34.18089187292907
1150,2025-09-05 09:09:00+02:00,452.89791501322753,34.412637350399706
1151,2025-09-05 09:10:00+02:00,458.73852564102566,34.64104034502224
1152,2025-09-05 09:11:00+02:00,462.3047394179894,34.83969524229635
1153,2025-09-05 09:12:00+02:00,463.5598903903904,35.03133092558938
1154,2025-09-05 09:13:00+02:00,460.59625,35.2229666088824
1155,2025-09-05 09:14:00+02:00,462.5686253561253,35.41460229217545
1156,2025-09-05 09:15:00+02:00,468.5459259259259,35.6062379754685
1157,2025-09-05 09:16:00+02:00,475.0334330484331,35.79674198301865
1158,2025-09-05 09:17:00+02:00,477.57633333333337,35.97318087776412
1159,2025-09-05 09:18:00+02:00,474.18773290598295,36.145416405464516
1160,2025-09-05 09:19:00+02:00,472.50586004273504,36.31765193316492
1161,2025-09-05 09:20:00+02:00,478.9927744708995,36.48988746086533
1162,2025-09-05 09:21:00+02:00,480.3133854166667,36.66212298856574
1163,2025-09-05 09:22:00+02:00,485.4760143849206,36.83435851626618
1164,2025-09-05 09:23:00+02:00,482.6905753205128,37.00926786163452
1165,2025-09-05 09:24:00+02:00,488.5753454415954,37.19550910092883
1166,2025-09-05 09:25:00+02:00,489.3833523638846,37.38302358673171
1167,2025-09-05 09:26:00+02:00,495.9165325295971,37.57053807253458
1168,2025-09-05 09:27:00+02:00,501.4812847222222,37.75805255833747
1169,2025-09-05 09:28:00+02:00,500.80444444444447,37.94556704414035
1170,2025-09-05 09:29:00+02:00,501.1752546296296,38.134616246716874
1171,2025-09-05 09:30:00+02:00,504.9876374007936,38.33851034608614
1172,2025-09-05 09:31:00+02:00,508.90441468253965,38.546115669653595
1173,2025-09-05 09:32:00+02:00,506.53824013157896,38.75372099322106
1174,2025-09-05 09:33:00+02:00,505.0338657407408,38.96132631678852
1175,2025-09-05 09:34:00+02:00,512.045625,39.16893164035598
1176,2025-09-05 09:35:00+02:00,514.876369047619,39.38020922790165
1177,2025-09-05 09:36:00+02:00,523.6097685185185,39.59932097860082
1178,2025-09-05 09:37:00+02:00,525.2747601010101,39.818677546898506
1179,2025-09-05 09:38:00+02:00,524.5478051900585,40.03803411519619
1180,2025-09-05 09:39:00+02:00,522.1535039941903,40.257390683493874
1181,2025-09-05 09:40:00+02:00,530.2347115384615,40.464977289072436
1182,2025-09-05 09:41:00+02:00,536.8286507936508,40.59950895363579
1183,2025-09-05 09:42:00+02:00,534.630422979798,40.721458933913205
1184,2025-09-05 09:43:00+02:00,533.4921275252525,40.843408914190604
1185,2025-09-05 09:44:00+02:00,530.4343833333334,40.96535889446801
1186,2025-09-05 09:45:00+02:00,533.6891007834757,41.08730887474543
1187,2025-09-05 09:46:00+02:00,537.5602380952381,41.209258855022824
1188,2025-09-05 09:47:00+02:00,538.840167989418,41.33120883530019
1189,2025-09-05 09:48:00+02:00,542.9151612103175,41.45315881557755
1190,2025-09-05 09:49:00+02:00,544.0198690476191,41.5751087958549
1191,2025-09-05 09:50:00+02:00,543.4356011825818,41.66863171887402
1192,2025-09-05 09:51:00+02:00,546.4732477069546,41.72855902876977
1193,2025-09-05 09:52:00+02:00,546.6125858585859,41.78848633866552
1194,2025-09-05 09:53:00+02:00,544.8037089947089,41.84841364856128
1195,2025-09-05 09:54:00+02:00,547.7332261904762,41.90834095845702
1196,2025-09-05 09:55:00+02:00,543.926875,41.968268268352766
1197,2025-09-05 09:56:00+02:00,551.3659788359788,42.028195578248514
1198,2025-09-05 09:57:00+02:00,552.7746031746032,42.08812288814427
1199,2025-09-05 09:58:00+02:00,543.5998474945534,42.148050198040075
1200,2025-09-05 09:59:00+02:00,550.2042003367004,42.22088492852881
1201,2025-09-05 10:00:00+02:00,553.0070132275132,42.56154863632088
1202,2025-09-05 10:01:00+02:00,557.174917929293,42.982365013794215
1203,2025-09-05 10:02:00+02:00,563.9709154040403,43.37205992283707
1204,2025-09-05 10:03:00+02:00,569.5867592592593,43.76175483187987
1205,2025-09-05 10:04:00+02:00,567.2060615079365,43.8932354493152
1206,2025-09-05 10:05:00+02:00,565.6777870370371,43.7102067981771
1207,2025-09-05 10:06:00+02:00,566.7810617236025,43.52615564060806
1208,2025-09-05 10:07:00+02:00,572.6706944444445,43.34210448303902
1209,2025-09-05 10:08:00+02:00,569.8197863247864,43.15805332546998
1210,2025-09-05 10:09:00+02:00,568.0507222222222,42.97400216790094
1211,2025-09-05 10:10:00+02:00,562.6925036075036,42.95954506308571
1212,2025-09-05 10:11:00+02:00,566.0209841269841,43.55190292059825
1213,2025-09-05 10:12:00+02:00,573.8635555555555,44.14476925573756
1214,2025-09-05 10:13:00+02:00,579.9843097781849,44.648007030898505
1215,2025-09-05 10:14:00+02:00,580.9583392857143,44.9822936931765
1216,2025-09-05 10:15:00+02:00,581.1588253968254,44.31020837986189
1217,2025-09-05 10:16:00+02:00,578.811617063492,44.791620864857464
1218,2025-09-05 10:17:00+02:00,582.1421527777778,44.67871586744708
1219,2025-09-05 10:18:00+02:00,585.7408055555555,44.53529984689754
1220,2025-09-05 10:19:00+02:00,586.8688425925926,44.371937432515075
1221,2025-09-05 10:20:00+02:00,588.5247118055555,45.199456223374455
1222,2025-09-05 10:21:00+02:00,591.2090277777778,46.09089105127714
1223,2025-09-05 10:22:00+02:00,594.4013888888888,45.50249363088587
1224,2025-09-05 10:23:00+02:00,586.4587447089947,45.29100554154809
1225,2025-09-05 10:24:00+02:00,588.8888666666667,45.55031925425688
1226,2025-09-05 10:25:00+02:00,592.0182905982906,45.80963296696567
1227,2025-09-05 10:26:00+02:00,591.0844795482295,46.0689466796745
1228,2025-09-05 10:27:00+02:00,589.8848194444445,46.08459143485645
1229,2025-09-05 10:28:00+02:00,588.8547924836602,45.33255537600525
1230,2025-09-05 10:29:00+02:00,588.6762731481482,45.68682152853068
1231,2025-09-05 10:30:00+02:00,591.8979675925926,46.14318129529359
1232,2025-09-05 10:31:00+02:00,564.815692251462,46.1075701989092
1233,2025-09-05 10:32:00+02:00,594.2414583333333,45.81324366423128
1234,2025-09-05 10:33:00+02:00,589.4916666666667,45.51891712955337
1235,2025-09-05 10:34:00+02:00,591.3477187627187,45.23389701899204
1236,2025-09-05 10:35:00+02:00,593.8832457264957,45.253988457972675
1237,2025-09-05 10:36:00+02:00,596.1458333333334,45.41889481428154
1238,2025-09-05 10:37:00+02:00,580.7345441595442,45.583801170590455
1239,2025-09-05 10:38:00+02:00,593.9639097222222,45.748707526899366
1240,2025-09-05 10:39:00+02:00,595.9688194444444,45.913613883208285
1241,2025-09-05 10:40:00+02:00,601.1337083333334,46.0785202395172
1242,2025-09-05 10:41:00+02:00,602.8487530525031,46.24365159400328
1243,2025-09-05 10:42:00+02:00,605.8147023809523,46.41598289015859
1244,2025-09-05 10:43:00+02:00,606.3945138888889,46.59168915897134
1245,2025-09-05 10:44:00+02:00,608.6595584795322,46.767395427784095
1246,2025-09-05 10:45:00+02:00,604.3955568181818,46.94310169659684
1247,2025-09-05 10:46:00+02:00,613.7170436507937,47.1188079654096
1248,2025-09-05 10:47:00+02:00,614.2481018518519,47.29451423422236
1249,2025-09-05 10:48:00+02:00,614.2844017094018,47.37557069292323
1250,2025-09-05 10:49:00+02:00,611.8550892857143,46.95527236722624
1251,2025-09-05 10:50:00+02:00,608.5443113425926,46.47457033858578
1252,2025-09-05 10:51:00+02:00,604.9460683760684,46.51167426875527
1253,2025-09-05 10:52:00+02:00,606.1245833333334,46.80850571011129
1254,2025-09-05 10:53:00+02:00,597.4539409722222,47.10533715146732
1255,2025-09-05 10:54:00+02:00,617.440371896622,47.39386555778319
1256,2025-09-05 10:55:00+02:00,620.6986574074075,47.56921048644644
1257,2025-09-05 10:56:00+02:00,622.6001666666667,47.708721263883746
1258,2025-09-05 10:57:00+02:00,616.0022992424243,47.848232041321054
1259,2025-09-05 10:58:00+02:00,624.1929684343435,47.98774281875836
1260,2025-09-05 10:59:00+02:00,626.3178174603175,48.1272535961957
1261,2025-09-05 11:00:00+02:00,625.8780395299145,48.266764373633066
1262,2025-09-05 11:01:00+02:00,628.0450628306878,48.4062751510704
1263,2025-09-05 11:02:00+02:00,629.8270138888889,48.54578592850777
1264,2025-09-05 11:03:00+02:00,630.7918447293447,48.70486945833236
1265,2025-09-05 11:04:00+02:00,624.6061111111111,48.88418922367594
1266,2025-09-05 11:05:00+02:00,634.050712962963,49.06350898901955
1267,2025-09-05 11:06:00+02:00,636.9342991452992,49.24282875436318
1268,2025-09-05 11:07:00+02:00,635.7892857142857,49.42214851970681
1269,2025-09-05 11:08:00+02:00,638.189837962963,49.60146828505043
1270,2025-09-05 11:09:00+02:00,644.4140138888889,49.71327829796994
1271,2025-09-05 11:10:00+02:00,642.984787037037,49.32490122208125
1272,2025-09-05 11:11:00+02:00,636.9692044159544,48.83649336092917
1273,2025-09-05 11:12:00+02:00,630.8670555555556,48.78186888032677
1274,2025-09-05 11:13:00+02:00,634.8245340501793,49.03926883869823
1275,2025-09-05 11:14:00+02:00,627.3338194444444,49.296668797069685
1276,2025-09-05 11:15:00+02:00,633.6093201754386,49.55406875544114
1277,2025-09-05 11:16:00+02:00,646.568363095238,49.924834960538476
1278,2025-09-05 11:17:00+02:00,654.935625,50.698723132377324
1279,2025-09-05 11:18:00+02:00,661.0134166666667,50.860891824515775
1280,2025-09-05 11:19:00+02:00,657.7349537037037,50.73786644758688
1281,2025-09-05 11:20:00+02:00,662.6046843434343,50.614841070658
1282,2025-09-05 11:21:00+02:00,657.5380407407407,50.49181569372911
1283,2025-09-05 11:22:00+02:00,650.0717314814815,50.36879031680024
1284,2025-09-05 11:23:00+02:00,652.40330634278,50.24576493987141
1285,2025-09-05 11:24:00+02:00,655.7793162393162,50.122739562942556
1286,2025-09-05 11:25:00+02:00,654.4432270069112,49.999714186013705
1287,2025-09-05 11:26:00+02:00,650.2845133053221,49.87668880908487
1288,2025-09-05 11:27:00+02:00,654.5589285714285,49.94831871604676
1289,2025-09-05 11:28:00+02:00,655.4756944444445,50.45674266960475
1290,2025-09-05 11:29:00+02:00,657.5611825396826,50.85639568988822
1291,2025-09-05 11:30:00+02:00,660.5573437500001,50.62887858161534
1292,2025-09-05 11:31:00+02:00,660.488179563492,50.31324333854446
1293,2025-09-05 11:32:00+02:00,659.3715277777778,49.99760809547356
1294,2025-09-05 11:33:00+02:00,653.2759722222222,49.417776820652165
1295,2025-09-05 11:34:00+02:00,629.8028472222222,49.30610612282839
1296,2025-09-05 11:35:00+02:00,661.3385049603174,50.657757014444925
1297,2025-09-05 11:36:00+02:00,656.6505972222222,50.1728921196464
1298,2025-09-05 11:37:00+02:00,658.7357589285714,50.79059010924878
1299,2025-09-05 11:38:00+02:00,658.3346527777777,50.38510106079982
1300,2025-09-05 11:39:00+02:00,657.5242063492063,49.985742900487224
1301,2025-09-05 11:40:00+02:00,658.729523046398,50.63375923768875
1302,2025-09-05 11:41:00+02:00,656.7783333333333,50.12619000261958
1303,2025-09-05 11:42:00+02:00,661.4183333333333,51.22936028450121
1304,2025-09-05 11:43:00+02:00,666.3224116161616,51.87097544717611
1305,2025-09-05 11:44:00+02:00,665.603888888889,51.250860102645724
1306,2025-09-05 11:45:00+02:00,649.4423771367522,50.77997033800161
1307,2025-09-05 11:46:00+02:00,643.0330961538461,50.46145258129536
1308,2025-09-05 11:47:00+02:00,661.7816666666666,50.14293482458912
1309,2025-09-05 11:48:00+02:00,651.7939444444445,50.08114827826512
1310,2025-09-05 11:49:00+02:00,642.5602083333333,49.70624721066851
1311,2025-09-05 11:50:00+02:00,663.1850972222222,51.22328988548294
1312,2025-09-05 11:51:00+02:00,675.8022569444445,52.39082654530934
1313,2025-09-05 11:52:00+02:00,676.1418055555556,51.695484706552406
1314,2025-09-05 11:53:00+02:00,675.6207936507936,51.7720204344096
1315,2025-09-05 11:54:00+02:00,669.5542460317461,52.01090875193927
1316,2025-09-05 11:55:00+02:00,676.2322222222223,52.24979706946894
1317,2025-09-05 11:56:00+02:00,677.4665350877193,52.48868538699862
1318,2025-09-05 11:57:00+02:00,680.2561111111112,52.594404170387136
1319,2025-09-05 11:58:00+02:00,678.1472382478632,52.19448029615714
1320,2025-09-05 11:59:00+02:00,679.3670833333333,51.74444553023027
1321,2025-09-05 12:00:00+02:00,664.7539898989899,51.63236345900723
1322,2025-09-05 12:01:00+02:00,669.9589871031745,51.81690152440051
1323,2025-09-05 12:02:00+02:00,672.2388518518518,52.001439589793804
1324,2025-09-05 12:03:00+02:00,670.227962962963,52.185977655187074
1325,2025-09-05 12:04:00+02:00,671.8024537037037,52.370515720580386
1326,2025-09-05 12:05:00+02:00,676.5972916666667,52.55505378597369
1327,2025-09-05 12:06:00+02:00,682.1704166666667,52.38635002492029
1328,2025-09-05 12:07:00+02:00,678.4351851851852,51.671507614517886
1329,2025-09-05 12:08:00+02:00,678.2356031746032,51.94181742891063
1330,2025-09-05 12:09:00+02:00,677.064032967033,52.261796276243956
1331,2025-09-05 12:10:00+02:00,681.8828670634921,52.5737613164241
1332,2025-09-05 12:11:00+02:00,684.643167989418,52.24198396589385
1333,2025-09-05 12:12:00+02:00,671.3633432539683,51.514363653462205
1334,2025-09-05 12:13:00+02:00,668.4344316239316,50.90213687075541
1335,2025-09-05 12:14:00+02:00,666.2474305555555,50.93108923710478
1336,2025-09-05 12:15:00+02:00,675.5448611111111,51.75846447035932
1337,2025-09-05 12:16:00+02:00,679.5199074074075,52.090632988067284
1338,2025-09-05 12:17:00+02:00,681.3023148148148,52.4228015057752
1339,2025-09-05 12:18:00+02:00,679.1645497311828,52.6041101550241
1340,2025-09-05 12:19:00+02:00,681.6399710648149,52.293394187418144
1341,2025-09-05 12:20:00+02:00,679.9041666666666,51.94461724382485
1342,2025-09-05 12:21:00+02:00,676.9524074074073,51.63459329396407
1343,2025-09-05 12:22:00+02:00,676.0559201388888,51.828358262627006
1344,2025-09-05 12:23:00+02:00,675.5185185185186,52.17713520622032
1345,2025-09-05 12:24:00+02:00,681.4502430555556,52.52591214981368
1346,2025-09-05 12:25:00+02:00,680.9277751322751,53.32453581514615
1347,2025-09-05 12:26:00+02:00,680.9121388888889,53.21596030607136
1348,2025-09-05 12:27:00+02:00,688.7588194444444,53.743326183840935
1349,2025-09-05 12:28:00+02:00,683.2282407407407,53.54439851086028
1350,2025-09-05 12:29:00+02:00,687.380042989418,53.27815656918598
1351,2025-09-05 12:30:00+02:00,683.0603703703704,53.011914627511686
1352,2025-09-05 12:31:00+02:00,690.0326767676769,52.75340948452906
1353,2025-09-05 12:32:00+02:00,688.673574074074,52.63932458379142
1354,2025-09-05 12:33:00+02:00,678.0798958333334,52.579397273895665
1355,2025-09-05 12:34:00+02:00,682.6969166666667,52.519469963999924
1356,2025-09-05 12:35:00+02:00,681.2923148148149,52.45954265410417
1357,2025-09-05 12:36:00+02:00,689.517261904762,52.399615344208414
1358,2025-09-05 12:37:00+02:00,691.354898989899,52.33968803431266
1359,2025-09-05 12:38:00+02:00,684.7869003267974,52.279760724416924
1360,2025-09-05 12:39:00+02:00,684.0728023478023,52.21983341452116
1361,2025-09-05 12:40:00+02:00,683.2543837181338,52.15990610462536
1362,2025-09-05 12:41:00+02:00,680.1826458333334,52.080015531183335
1363,2025-09-05 12:42:00+02:00,680.6994463645673,51.910206392524714
1364,2025-09-05 12:43:00+02:00,685.0283333333333,51.72949295024837
1365,2025-09-05 12:44:00+02:00,682.4916547619048,51.63627380489185
1366,2025-09-05 12:45:00+02:00,684.568365834458,52.261227025485596
1367,2025-09-05 12:46:00+02:00,686.1310599415204,52.1743705695707
1368,2025-09-05 12:47:00+02:00,681.4863194444445,52.18729224086799
1369,2025-09-05 12:48:00+02:00,685.2954166666667,52.19850634246995
1370,2025-09-05 12:49:00+02:00,679.0554398148148,52.372700311680916
1371,2025-09-05 12:50:00+02:00,695.6124834656084,53.56273737122647
1372,2025-09-05 12:51:00+02:00,687.305,52.329074926545566
1373,2025-09-05 12:52:00+02:00,668.3821057692307,50.9734216602919
1374,2025-09-05 12:53:00+02:00,660.0497222222222,49.69669366480729
1375,2025-09-05 12:54:00+02:00,661.6915486111111,50.339048546966964
1376,2025-09-05 12:55:00+02:00,670.1856666666666,51.150391486403024
1377,2025-09-05 12:56:00+02:00,674.3648595848596,51.73808140222724
1378,2025-09-05 12:57:00+02:00,681.2976805555555,52.160841333855515
1379,2025-09-05 12:58:00+02:00,684.7647777777778,52.53075627403026
1380,2025-09-05 12:59:00+02:00,680.3539021164021,51.539912684276494
1381,2025-09-05 13:00:00+02:00,677.3771428571429,51.028979905797016
1382,2025-09-05 13:01:00+02:00,494.6552777777778,39.30845010687937
1383,2025-09-05 13:02:00+02:00,334.60013888888886,27.857709367504143
1384,2025-09-05 13:03:00+02:00,377.8641666666667,32.80709717221294
1385,2025-09-05 13:04:00+02:00,487.92159722222215,37.95963063057554
1386,2025-09-05 13:05:00+02:00,706.0667777777777,51.98805809970247
1387,2025-09-05 13:06:00+02:00,708.3892521367521,53.65615571299047
1388,2025-09-05 13:07:00+02:00,691.3528472222223,52.414748169029544
1389,2025-09-05 13:08:00+02:00,676.6697222222223,51.51166764676525
1390,2025-09-05 13:09:00+02:00,691.9193055555555,51.443823746846356
1391,2025-09-05 13:10:00+02:00,300.12005555555555,29.063604746144716
1392,2025-09-05 13:11:00+02:00,215.3862103174603,22.600377242489376
1393,2025-09-05 13:12:00+02:00,364.428125,30.794363560226426
1394,2025-09-05 13:13:00+02:00,255.62833333333333,24.271980975191216
1395,2025-09-05 13:14:00+02:00,189.3638586182336,20.06681981004146
1396,2025-09-05 13:15:00+02:00,267.3663408119658,24.20562416251021
1397,2025-09-05 13:16:00+02:00,473.5716071428572,37.22035457950155
1398,2025-09-05 13:17:00+02:00,661.5784206349207,50.2016335791703
1399,2025-09-05 13:18:00+02:00,675.9698148148149,51.00620047437369
1400,2025-09-05 13:19:00+02:00,551.5065972222222,43.438104446939036
1401,2025-09-05 13:20:00+02:00,552.7666666666667,43.24461908140545
1402,2025-09-05 13:21:00+02:00,648.6171064814815,48.82564324071717
1403,2025-09-05 13:22:00+02:00,631.8957554436305,48.03300209520924
1404,2025-09-05 13:23:00+02:00,634.4244662698412,47.46312641918453
1405,2025-09-05 13:24:00+02:00,620.421717948718,46.76700207306579
1406,2025-09-05 13:25:00+02:00,594.5513888888889,44.39285030854065
1407,2025-09-05 13:26:00+02:00,618.4691157407407,47.209889499141724
1408,2025-09-05 13:27:00+02:00,649.5783171296297,49.677187179157045
1409,2025-09-05 13:28:00+02:00,660.0153951719576,50.72152337055374
1410,2025-09-05 13:29:00+02:00,661.362549475987,51.177440943878366
1411,2025-09-05 13:30:00+02:00,685.1410264550265,51.97348970681435
1412,2025-09-05 13:31:00+02:00,697.6188425925926,52.404973251999905
1413,2025-09-05 13:32:00+02:00,684.7737435897435,51.81382588997731
1414,2025-09-05 13:33:00+02:00,670.6784126984127,50.69519443791633
1415,2025-09-05 13:34:00+02:00,655.9507777777777,48.96684040436236
1416,2025-09-05 13:35:00+02:00,638.881590909091,47.45893579277623
1417,2025-09-05 13:36:00+02:00,629.3844444444445,46.48349513166564
1418,2025-09-05 13:37:00+02:00,376.250625,31.021230044369307
1419,2025-09-05 13:38:00+02:00,154.95791666666668,17.21343546198711
1420,2025-09-05 13:39:00+02:00,413.9159722222223,32.38554302908013
1421,2025-09-05 13:40:00+02:00,587.5613888888889,43.966137645271935
1422,2025-09-05 13:41:00+02:00,664.0715656565657,48.84448701117718
1423,2025-09-05 13:42:00+02:00,670.800300925926,49.659805321674035
1424,2025-09-05 13:43:00+02:00,670.6493386243386,50.26655562550689
1425,2025-09-05 13:44:00+02:00,624.6182142857143,48.07622746881666
1426,2025-09-05 13:45:00+02:00,651.2785069444445,48.49985723548075
1427,2025-09-05 13:46:00+02:00,536.5353472222222,41.10715800843995
1428,2025-09-05 13:47:00+02:00,621.7425480769231,44.66686145724259
1429,2025-09-05 13:48:00+02:00,596.3763611111111,37.670864390869085
1430,2025-09-05 13:49:00+02:00,365.38409722222224,30.458888735513526
1431,2025-09-05 13:50:00+02:00,619.8229861111112,45.26041784269784
1432,2025-09-05 13:51:00+02:00,596.5452843915344,44.351943384141016
1433,2025-09-05 13:52:00+02:00,605.5030815527066,45.127323623452135
1434,2025-09-05 13:53:00+02:00,606.4679398148148,45.79715197985869
1435,2025-09-05 13:54:00+02:00,613.5591595441596,45.999906711754015
1436,2025-09-05 13:55:00+02:00,618.3559065656566,44.84866728428905
1437,2025-09-05 13:56:00+02:00,292.36791666666664,27.306594124293113
1438,2025-09-05 13:57:00+02:00,294.6928472222222,27.050662894850785
1439,2025-09-05 13:58:00+02:00,151.24196031746033,17.200871643488917
1440,2025-09-05 13:59:00+02:00,150.04111111111112,17.320005525165143
1441,2025-09-05 14:00:00+02:00,406.7801613756614,31.212917218871453
1442,2025-09-05 14:01:00+02:00,599.4755317460317,43.43133054093784
1443,2025-09-05 14:02:00+02:00,619.0154444444445,44.93408468564947
1444,2025-09-05 14:03:00+02:00,618.0395138888889,44.3592569566939
1445,2025-09-05 14:04:00+02:00,456.0511111111111,35.72334965659452
1446,2025-09-05 14:05:00+02:00,285.26682539682537,25.138848537376226
1447,2025-09-05 14:06:00+02:00,134.2665462962963,13.530451769606794
1448,2025-09-05 14:07:00+02:00,144.77116666666666,13.894021522635681
1449,2025-09-05 14:08:00+02:00,154.91300462962965,14.962371099854646
1450,2025-09-05 14:09:00+02:00,179.10009259259257,16.780975533724526
1451,2025-09-05 14:10:00+02:00,194.2449074074074,18.53239859721639
1452,2025-09-05 14:11:00+02:00,323.4928472222222,27.084784225955254
1453,2025-09-05 14:12:00+02:00,630.7586666666667,45.34054233262061
1454,2025-09-05 14:13:00+02:00,640.3830570818071,47.0599483711367
1455,2025-09-05 14:14:00+02:00,632.6038854166667,46.58217173607734
1456,2025-09-05 14:15:00+02:00,618.203625,45.6517447286144
1457,2025-09-05 14:16:00+02:00,611.50625,44.11997259856727
1458,2025-09-05 14:17:00+02:00,609.4682936507936,44.40965542076535
1459,2025-09-05 14:18:00+02:00,614.5695016788767,45.47528747064604
1460,2025-09-05 14:19:00+02:00,603.448006021756,45.16619696507877
1461,2025-09-05 14:20:00+02:00,520.1430555555555,40.024438577890216
1462,2025-09-05 14:21:00+02:00,157.8971527777778,17.43911628625446
1463,2025-09-05 14:22:00+02:00,160.41250802660247,16.888743358960305
1464,2025-09-05 14:23:00+02:00,162.94189950980393,17.267848732431318
1465,2025-09-05 14:24:00+02:00,170.129853988604,17.65215151828056
1466,2025-09-05 14:25:00+02:00,343.6796527777778,27.03938598202404
1467,2025-09-05 14:26:00+02:00,589.3218611111112,42.48946345452662
1468,2025-09-05 14:27:00+02:00,601.4368824786325,44.17217744601406
1469,2025-09-05 14:28:00+02:00,602.2692222222223,44.797494393129014
1470,2025-09-05 14:29:00+02:00,594.3459722222223,44.36481294145844
1471,2025-09-05 14:30:00+02:00,593.3941944444445,43.315547101335454
1472,2025-09-05 14:31:00+02:00,522.8928472222223,39.381661906935186
1473,2025-09-05 14:32:00+02:00,493.9179166666667,37.06577437632675
1474,2025-09-05 14:33:00+02:00,552.5403823260073,40.61408195377062
1475,2025-09-05 14:34:00+02:00,412.6619191919192,32.87018657035917
1476,2025-09-05 14:35:00+02:00,139.84442857142858,15.115548179248437
1477,2025-09-05 14:36:00+02:00,144.24826240079366,15.340261719295073
1478,2025-09-05 14:37:00+02:00,154.6482158119658,15.663203333733339
1479,2025-09-05 14:38:00+02:00,162.84161375661378,16.002106430264533
1480,2025-09-05 14:39:00+02:00,165.4162554466231,16.672210280223936
1481,2025-09-05 14:40:00+02:00,241.1966666666667,19.656872450780018
1482,2025-09-05 14:41:00+02:00,535.1925,36.81062799627839
1483,2025-09-05 14:42:00+02:00,503.3484722222222,34.985569034180806
1484,2025-09-05 14:43:00+02:00,444.9088472222222,33.5780529971813
1485,2025-09-05 14:44:00+02:00,550.74,40.00809616957892
1486,2025-09-05 14:45:00+02:00,577.2330555555556,41.6333519315967
1487,2025-09-05 14:46:00+02:00,584.2254464285714,42.79734350627471
1488,2025-09-05 14:47:00+02:00,523.7530753968255,39.28654073460571
1489,2025-09-05 14:48:00+02:00,556.4334974747475,41.48729285417475
1490,2025-09-05 14:49:00+02:00,561.5784027777778,41.31143893303528
1491,2025-09-05 14:50:00+02:00,555.3313253968254,41.018349064469476
1492,2025-09-05 14:51:00+02:00,555.4878333333332,40.725259195903625
1493,2025-09-05 14:52:00+02:00,542.8910876068376,40.40489935408133
1494,2025-09-05 14:53:00+02:00,537.2641239316239,39.99328998636247
1495,2025-09-05 14:54:00+02:00,539.4095187138131,39.57433870276688
1496,2025-09-05 14:55:00+02:00,540.4140277777778,39.155387419171284
1497,2025-09-05 14:56:00+02:00,537.4006226851852,38.7364361355757
1498,2025-09-05 14:57:00+02:00,524.6085416666666,37.819252856731865
1499,2025-09-05 14:58:00+02:00,520.0396717171717,38.281521251594036
1500,2025-09-05 14:59:00+02:00,520.9064748677248,38.741569734884074
1501,2025-09-05 15:00:00+02:00,526.3329444444445,39.152030437732236
1502,2025-09-05 15:01:00+02:00,523.7507361111111,38.98606127538474
1503,2025-09-05 15:02:00+02:00,524.1163446969697,38.329710411004044
1504,2025-09-05 15:03:00+02:00,519.7640740740741,36.49547702934063
1505,2025-09-05 15:04:00+02:00,515.1450066137567,34.039301370232664
1506,2025-09-05 15:05:00+02:00,210.58569444444444,19.483276658608
1507,2025-09-05 15:06:00+02:00,300.2200138888889,24.32592217538437
1508,2025-09-05 15:07:00+02:00,318.5693055555556,25.527112432916788
1509,2025-09-05 15:08:00+02:00,399.7814814814815,30.009115646547663
1510,2025-09-05 15:09:00+02:00,443.6154861111111,32.408494950963416
1511,2025-09-05 15:10:00+02:00,105.52222883597882,12.68884378525386
1512,2025-09-05 15:11:00+02:00,101.076841991342,11.570052929734283
1513,2025-09-05 15:12:00+02:00,115.47839781746032,11.134081750242617
1514,2025-09-05 15:13:00+02:00,107.8014494301994,10.948264172872472
1515,2025-09-05 15:14:00+02:00,102.10112654320989,11.211739116589568
1516,2025-09-05 15:15:00+02:00,110.84891203703704,11.48422110377186
1517,2025-09-05 15:16:00+02:00,118.66633333333334,11.75670309095415
1518,2025-09-05 15:17:00+02:00,126.92333333333332,12.271062204439561
1519,2025-09-05 15:18:00+02:00,147.5534722222222,13.742595679616528
1520,2025-09-05 15:19:00+02:00,191.8830109126984,16.804772846933478
1521,2025-09-05 15:20:00+02:00,206.84333333333333,18.685258807286782
1522,2025-09-05 15:21:00+02:00,197.52164983164985,18.08834107644359
1523,2025-09-05 15:22:00+02:00,200.6955555555556,17.83921468816264
1524,2025-09-05 15:23:00+02:00,194.8922673611111,17.590088299881685
1525,2025-09-05 15:24:00+02:00,184.419,17.34853085568912
1526,2025-09-05 15:25:00+02:00,176.62801282051282,17.93069078385954
1527,2025-09-05 15:26:00+02:00,252.85444444444445,20.912957191525223
1528,2025-09-05 15:27:00+02:00,142.35964616402117,14.221499886955087
1529,2025-09-05 15:28:00+02:00,134.91547123015872,13.3424251725914
1530,2025-09-05 15:29:00+02:00,132.9947023809524,12.606153341108739
1531,2025-09-05 15:30:00+02:00,111.78518022486772,10.845694559261352
1532,2025-09-05 15:31:00+02:00,97.60641203703705,9.683308307070213
1533,2025-09-05 15:32:00+02:00,90.98807407407408,8.833498584593647
1534,2025-09-05 15:33:00+02:00,80.9641736694678,7.842369197845228
1535,2025-09-05 15:34:00+02:00,74.53655303030304,6.794893132246369
1536,2025-09-05 15:35:00+02:00,65.42256335282651,6.137075303005837
1537,2025-09-05 15:36:00+02:00,65.819,5.635708446590423
1538,2025-09-05 15:37:00+02:00,61.97886363636365,5.5342323961915
1539,2025-09-05 15:38:00+02:00,65.94542121212122,5.474098440399544
1540,2025-09-05 15:39:00+02:00,67.7395,5.41396448460759
1541,2025-09-05 15:40:00+02:00,65.32541666666667,5.353830528815633
1542,2025-09-05 15:41:00+02:00,64.26172222222222,5.29369657302368
1543,2025-09-05 15:42:00+02:00,61.048110119047614,5.2335626172317244
1544,2025-09-05 15:43:00+02:00,61.18230324074074,5.17342866143977
1545,2025-09-05 15:44:00+02:00,61.962409188034194,5.113294705647817
1546,2025-09-05 15:45:00+02:00,61.06726851851852,5.053160749855868
1547,2025-09-05 15:46:00+02:00,58.27391559829059,5.050940049547801
1548,2025-09-05 15:47:00+02:00,57.04224508713386,5.110662128930217
1549,2025-09-05 15:48:00+02:00,58.69096203844049,5.170384208312636
1550,2025-09-05 15:49:00+02:00,60.1205056980057,5.230106287695054
1551,2025-09-05 15:50:00+02:00,58.08452777777779,5.2898283670774715
1552,2025-09-05 15:51:00+02:00,59.24652243589745,5.34955044645989
1553,2025-09-05 15:52:00+02:00,66.1432142857143,5.409272525842308
1554,2025-09-05 15:53:00+02:00,65.55034722222221,5.4689946052247285
1555,2025-09-05 15:54:00+02:00,68.872791005291,5.528716684607154
1556,2025-09-05 15:55:00+02:00,70.20723684210527,5.58324412936918
1557,2025-09-05 15:56:00+02:00,70.37424074074075,5.508869565892466
1558,2025-09-05 15:57:00+02:00,71.72019764957265,5.3789712628781885
1559,2025-09-05 15:58:00+02:00,67.898025,5.249072959863913
1560,2025-09-05 15:59:00+02:00,69.28960842293907,5.119174656849639
1561,2025-09-05 16:00:00+02:00,68.92413625502336,4.989276353835363
1562,2025-09-05 16:01:00+02:00,69.47121642246643,4.859378050821087
1563,2025-09-05 16:02:00+02:00,59.844569841269845,4.729479747806812
1564,2025-09-05 16:03:00+02:00,62.09821458333334,4.599581444792538
1565,2025-09-05 16:04:00+02:00,58.88979166666667,4.458914516225347
1566,2025-09-05 16:05:00+02:00,51.117148809523805,4.09479860743517
1567,2025-09-05 16:06:00+02:00,49.32575613454646,3.641841537833439
1568,2025-09-05 16:07:00+02:00,39.93318747078074,3.243632533242949
1569,2025-09-05 16:08:00+02:00,38.29060714285715,3.0098191153699534
1570,2025-09-05 16:09:00+02:00,35.85875755360624,2.7871358443923233
1571,2025-09-05 16:10:00+02:00,34.72604166666667,2.56445257341469
1572,2025-09-05 16:11:00+02:00,34.71126756066411,2.341769302437057
1573,2025-09-05 16:12:00+02:00,32.88777777777778,2.1325892338161
1574,2025-09-05 16:13:00+02:00,31.531013888888893,2.043587666169563
1575,2025-09-05 16:14:00+02:00,28.63843434343434,1.9829428234720465
1576,2025-09-05 16:15:00+02:00,32.81604166666667,1.9222979807745304
1577,2025-09-05 16:16:00+02:00,29.87613425925926,1.8616531380770143
1578,2025-09-05 16:17:00+02:00,26.79371616809117,1.8010082953794977
1579,2025-09-05 16:18:00+02:00,27.714077991452992,1.7403634526819816
1580,2025-09-05 16:19:00+02:00,26.02091666666667,1.679718609984465
1581,2025-09-05 16:20:00+02:00,28.537745039682545,1.6190737672869489
1582,2025-09-05 16:21:00+02:00,29.501580687830693,1.5584289245894314
1583,2025-09-05 16:22:00+02:00,30.29196296296297,1.5312052258605187
1584,2025-09-05 16:23:00+02:00,26.81256097560976,1.5884830825073069
1585,2025-09-05 16:24:00+02:00,29.34993055555556,1.6489202373873666
1586,2025-09-05 16:25:00+02:00,25.469220238095243,1.709357392267426
1587,2025-09-05 16:26:00+02:00,20.59996031746032,1.7697945471474845
1588,2025-09-05 16:27:00+02:00,25.261388888888888,1.8302317020275445
1589,2025-09-05 16:28:00+02:00,23.46951625094482,1.8906688569076033
1590,2025-09-05 16:29:00+02:00,24.919468652325797,1.9511060117876626
1591,2025-09-05 16:30:00+02:00,26.90121164021164,2.011543166667722
1592,2025-09-05 16:31:00+02:00,27.143323529411763,2.0721390604996803
1593,2025-09-05 16:32:00+02:00,28.82514619883041,2.1962305350912166
1594,2025-09-05 16:33:00+02:00,30.83796477983577,2.3709597353385177
1595,2025-09-05 16:34:00+02:00,30.82108716475096,2.5456889355858188
1596,2025-09-05 16:35:00+02:00,36.25577962962964,2.7204181358331185
1597,2025-09-05 16:36:00+02:00,34.39905251911831,2.8951473360804183
1598,2025-09-05 16:37:00+02:00,32.85874446290144,3.069876536327719
1599,2025-09-05 16:38:00+02:00,41.91710830896687,3.255967425056416
1600,2025-09-05 16:39:00+02:00,46.91919590643275,3.5936470724628298
1601,2025-09-05 16:40:00+02:00,48.760182980599645,3.979035960411262
1602,2025-09-05 16:41:00+02:00,50.34791666666667,4.34622592865102
1603,2025-09-05 16:42:00+02:00,56.27680555555556,4.438291051883145
1604,2025-09-05 16:43:00+02:00,59.38270833333333,4.438291051883145
1605,2025-09-05 16:44:00+02:00,59.1235625,4.438291051883145
1606,2025-09-05 16:45:00+02:00,64.80671626984127,4.438291051883145
1607,2025-09-05 16:46:00+02:00,66.27177248677249,4.438291051883145
1608,2025-09-05 16:47:00+02:00,66.10001851851852,4.438291051883145
1609,2025-09-05 16:48:00+02:00,64.48521969696971,4.438291051883145
1610,2025-09-05 16:49:00+02:00,57.85400462962963,4.438291051883145
1611,2025-09-05 16:50:00+02:00,58.05063492063493,4.438291051883145
1612,2025-09-05 16:51:00+02:00,50.90875308641975,4.374084908420862
1613,2025-09-05 16:52:00+02:00,41.49766666666667,4.001459968684398
1614,2025-09-05 16:53:00+02:00,51.11306944444445,3.5887061892840064
1615,2025-09-05 16:54:00+02:00,48.30970726495727,3.2295592586121447
1616,2025-09-05 16:55:00+02:00,43.92920061728395,3.006318343088476
1617,2025-09-05 16:56:00+02:00,41.23132300569801,2.7897827697758695
1618,2025-09-05 16:57:00+02:00,37.848092185592186,2.573247196463265
1619,2025-09-05 16:58:00+02:00,34.763333333333335,2.356711623150661
1620,2025-09-05 16:59:00+02:00,34.412912698412704,2.1475473640418157
1621,2025-09-05 17:00:00+02:00,29.77219841269841,2.0498200314250914
1622,2025-09-05 17:01:00+02:00,29.941929683306498,1.989382876545032
1623,2025-09-05 17:02:00+02:00,22.64632575757576,1.9289457216649728
1624,2025-09-05 17:03:00+02:00,29.72295008354219,1.868508566784914
1625,2025-09-05 17:04:00+02:00,31.526726190476197,1.8080714119048542
1626,2025-09-05 17:05:00+02:00,27.31957437275986,1.7476342570247954
1627,2025-09-05 17:06:00+02:00,30.537188172043013,1.6871971021447365
1628,2025-09-05 17:07:00+02:00,27.688386409865245,1.6267599472646765
1629,2025-09-05 17:08:00+02:00,29.02014473684211,1.566322792384617
1630,2025-09-05 17:09:00+02:00,27.923674603174604,1.52806825511054
1631,2025-09-05 17:10:00+02:00,30.252597222222224,1.5806653669118524
1632,2025-09-05 17:11:00+02:00,25.66600747863248,1.6413102096093692
1633,2025-09-05 17:12:00+02:00,30.138497549019608,1.7019550523068854
1634,2025-09-05 17:13:00+02:00,28.966411111111118,1.7625998950044015
1635,2025-09-05 17:14:00+02:00,23.12417755779849,1.8232447377019185
1636,2025-09-05 17:15:00+02:00,28.31025724637681,1.883889580399435
1637,2025-09-05 17:16:00+02:00,28.53911421911422,1.9445344230969512
1638,2025-09-05 17:17:00+02:00,32.72250248015873,2.0051792657944674
1639,2025-09-05 17:18:00+02:00,31.585320767195768,2.0658241084919853
1640,2025-09-05 17:19:00+02:00,31.27061818000797,2.098673398286474
1641,2025-09-05 17:20:00+02:00,30.018737373737377,2.098673398286474
1642,2025-09-05 17:21:00+02:00,33.566625,2.098673398286474
1643,2025-09-05 17:22:00+02:00,32.14842592592593,2.098673398286474
1644,2025-09-05 17:23:00+02:00,32.93065107212476,2.098673398286474
1645,2025-09-05 17:24:00+02:00,29.57193703703704,2.098673398286474
1646,2025-09-05 17:25:00+02:00,32.48884920634921,2.098673398286474
1647,2025-09-05 17:26:00+02:00,34.25888888888889,2.098673398286474
1648,2025-09-05 17:27:00+02:00,30.110776353276357,2.098673398286474
1649,2025-09-05 17:28:00+02:00,33.24126543209877,2.102550785121843
1650,2025-09-05 17:29:00+02:00,31.84255984848485,2.1972698063858465
1651,2025-09-05 17:30:00+02:00,31.2850873015873,2.330208783598483
1652,2025-09-05 17:31:00+02:00,31.53723099415205,2.4631477608111174
1653,2025-09-05 17:32:00+02:00,33.734375,2.5960867380237524
1654,2025-09-05 17:33:00+02:00,36.4741335978836,2.7290257152363875
1655,2025-09-05 17:34:00+02:00,35.36116762866763,2.8619646924490203
1656,2025-09-05 17:35:00+02:00,38.52938988095238,2.9949036696616544
1657,2025-09-05 17:36:00+02:00,43.44119444444445,3.127842646874292
1658,2025-09-05 17:37:00+02:00,42.09733592796093,3.2646326341411043
1659,2025-09-05 17:38:00+02:00,49.04013888888889,3.4372559280633257
1660,2025-09-05 17:39:00+02:00,49.051620370370365,3.6184387559040196
1661,2025-09-05 17:40:00+02:00,52.12694444444444,3.7996215837447123
1662,2025-09-05 17:41:00+02:00,54.921309523809526,3.980804411585402
1663,2025-09-05 17:42:00+02:00,53.67164384920636,4.161987239426093
1664,2025-09-05 17:43:00+02:00,55.521578947368425,4.343170067266784
1665,2025-09-05 17:44:00+02:00,57.461230854915065,4.357508572236488
1666,2025-09-05 17:45:00+02:00,55.49433531746032,4.1552699168973035
1667,2025-09-05 17:46:00+02:00,53.58810810810812,3.9519014366679546
1668,2025-09-05 17:47:00+02:00,51.42612903225807,3.7485329564386056
1669,2025-09-05 17:48:00+02:00,48.55960934095861,3.5451644762092576
1670,2025-09-05 17:49:00+02:00,44.81756260521886,3.342581211971114
1671,2025-09-05 17:50:00+02:00,47.99101262626263,3.171373645294903
1672,2025-09-05 17:51:00+02:00,38.08696801346802,3.0175814951861692
1673,2025-09-05 17:52:00+02:00,36.73771441372248,2.8637893450774334
1674,2025-09-05 17:53:00+02:00,38.07933333333333,2.7099971949686976
1675,2025-09-05 17:54:00+02:00,39.90887962962963,2.556205044859962
1676,2025-09-05 17:55:00+02:00,38.58702047952048,2.402412894751227
1677,2025-09-05 17:56:00+02:00,35.60505747126437,2.248620744642491
1678,2025-09-05 17:57:00+02:00,34.442851851851856,2.0974163018396013
1679,2025-09-05 17:58:00+02:00,25.195039682539683,1.9603266261595023
1680,2025-09-05 17:59:00+02:00,31.56822115384616,1.825354165547822
1681,2025-09-05 18:00:00+02:00,24.74061088527552,1.6903817049361405
1682,2025-09-05 18:01:00+02:00,28.864344566832767,1.5554092443244585
1683,2025-09-05 18:02:00+02:00,23.187453703703707,1.4188309702114812
1684,2025-09-05 18:03:00+02:00,25.14559259259259,1.2876232870534698
1685,2025-09-05 18:04:00+02:00,19.840085227272727,1.156415603895458
1686,2025-09-05 18:05:00+02:00,23.227542087542087,1.0252079207374465
1687,2025-09-05 18:06:00+02:00,23.998,0.9199775741256664
1688,2025-09-05 18:07:00+02:00,19.731543209876545,0.9171200127028416
1689,2025-09-05 18:08:00+02:00,20.402708333333333,0.9171200127028416
1690,2025-09-05 18:09:00+02:00,15.98925,0.9171200127028416
1691,2025-09-05 18:10:00+02:00,18.131834625323,0.9171200127028416
1692,2025-09-05 18:11:00+02:00,17.796383838383836,0.9171200127028416
1693,2025-09-05 18:12:00+02:00,18.155066666666663,0.9171200127028416
1694,2025-09-05 18:13:00+02:00,15.3054945799458,0.9171200127028416
1695,2025-09-05 18:14:00+02:00,18.792638888888888,0.9171200127028416
1696,2025-09-05 18:15:00+02:00,24.23254298941799,0.9231354606533051
1697,2025-09-05 18:16:00+02:00,24.72642857142857,1.0790799900650905
1698,2025-09-05 18:17:00+02:00,23.59767195767196,1.2785614385872996
1699,2025-09-05 18:18:00+02:00,24.66011111111111,1.4781701340620907
1700,2025-09-05 18:19:00+02:00,26.6372208994709,1.6865529076644268
1701,2025-09-05 18:20:00+02:00,24.49762688700189,1.891758131210675
1702,2025-09-05 18:21:00+02:00,27.39225205350205,2.079508254667407
1703,2025-09-05 18:22:00+02:00,30.785732323232324,2.1589163775685254
1704,2025-09-05 18:23:00+02:00,33.76996428571429,2.219665600373955
1705,2025-09-05 18:24:00+02:00,35.38154377723311,2.280414823179385
1706,2025-09-05 18:25:00+02:00,40.793970238095234,2.341164045984814
1707,2025-09-05 18:26:00+02:00,39.8140873015873,2.401913268790244
1708,2025-09-05 18:27:00+02:00,43.61974722222222,2.4626624915956734
1709,2025-09-05 18:28:00+02:00,43.82696047307813,2.523411714401103
1710,2025-09-05 18:29:00+02:00,44.57478805916306,2.5841609372065326
1711,2025-09-05 18:30:00+02:00,39.59708333333334,2.644910160011962
1712,2025-09-05 18:31:00+02:00,46.06268187830688,2.6858315114850653
1713,2025-09-05 18:32:00+02:00,47.06758207070707,2.686928372452386
1714,2025-09-05 18:33:00+02:00,47.36580808080808,2.686928372452386
1715,2025-09-05 18:34:00+02:00,43.57349206349207,2.686928372452386
1716,2025-09-05 18:35:00+02:00,42.85217592592593,2.686928372452386
1717,2025-09-05 18:36:00+02:00,48.86760090968161,2.686928372452386
1718,2025-09-05 18:37:00+02:00,50.44407243867244,2.686928372452386
1719,2025-09-05 18:38:00+02:00,45.84451388888889,2.686928372452386
1720,2025-09-05 18:39:00+02:00,51.0702803030303,2.686928372452386
1721,2025-09-05 18:40:00+02:00,47.6115874534822,2.686928372452386
1722,2025-09-05 18:41:00+02:00,44.84086476608187,2.6541354279234115
1723,2025-09-05 18:42:00+02:00,50.567546992481205,2.593594607254537
1724,2025-09-05 18:43:00+02:00,49.34490553306343,2.533053786585661
1725,2025-09-05 18:44:00+02:00,52.08122364672365,2.472512965916785
1726,2025-09-05 18:45:00+02:00,52.11907407407407,2.4119721452479084
1727,2025-09-05 18:46:00+02:00,51.866129611129615,2.351431324579033
1728,2025-09-05 18:47:00+02:00,50.6364183964184,2.2908905039101564
1729,2025-09-05 18:48:00+02:00,50.731590909090905,2.23034968324128
1730,2025-09-05 18:49:00+02:00,47.61510714285714,2.1698088625724035
1731,2025-09-05 18:50:00+02:00,47.63084590878606,2.109262551852016
1732,2025-09-05 18:51:00+02:00,52.75068309859156,2.0486414030610236
1733,2025-09-05 18:52:00+02:00,45.72623448773448,1.9879965603635066
1734,2025-09-05 18:53:00+02:00,45.91636994949496,1.9273517176659904
1735,2025-09-05 18:54:00+02:00,37.89059722222222,1.8667068749684734
1736,2025-09-05 18:55:00+02:00,36.81166666666667,1.8060620322709573
1737,2025-09-05 18:56:00+02:00,34.50366811983009,1.7454171895734412
1738,2025-09-05 18:57:00+02:00,35.74443661971831,1.6847723468759241
1739,2025-09-05 18:58:00+02:00,37.76726851851852,1.624127504178408
1740,2025-09-05 18:59:00+02:00,31.131966666666667,1.5634826614808908
1741,2025-09-05 19:00:00+02:00,34.758473297491044,1.4565939446640963
1742,2025-09-05 19:01:00+02:00,34.22857103070813,1.1950151760072991
1743,2025-09-05 19:02:00+02:00,33.51294918699187,0.9385073088874587
1744,2025-09-05 19:03:00+02:00,29.2532895256917,0.8417157403017286
1745,2025-09-05 19:04:00+02:00,31.10560118425636,0.7666291821757379
1746,2025-09-05 19:05:00+02:00,33.03000631313132,0.6915055459990922
1747,2025-09-05 19:06:00+02:00,30.90032738095238,0.5988453978404173
1748,2025-09-05 19:07:00+02:00,20.429871502694645,0.506185249681742
1749,2025-09-05 19:08:00+02:00,18.017831400165697,0.4135251015230663
1750,2025-09-05 19:09:00+02:00,16.64272968580715,0.3208649533643909
1751,2025-09-05 19:10:00+02:00,15.216102564102563,0.23272245571484304
1752,2025-09-05 19:11:00+02:00,13.803846153846155,0.1525273740421497
1753,2025-09-05 19:12:00+02:00,12.376328125,0.1018485377073228
1754,2025-09-05 19:13:00+02:00,10.858649945175438,0.1010688633021716
1755,2025-09-05 19:14:00+02:00,9.474805194805196,0.1010688633021716
1756,2025-09-05 19:15:00+02:00,8.462225770586425,0.1010688633021716
1757,2025-09-05 19:16:00+02:00,7.916584699453548,0.1010688633021716
1758,2025-09-05 19:17:00+02:00,7.401830601092896,0.1010688633021716
1759,2025-09-05 19:18:00+02:00,6.92820175270995,0.1010688633021716
1760,2025-09-05 19:19:00+02:00,6.600734265734268,0.1010688633021716
1761,2025-09-05 19:20:00+02:00,6.286048951048952,0.1010688633021716
1762,2025-09-05 19:21:00+02:00,5.971363636363637,0.1010688633021716
1763,2025-09-05 19:22:00+02:00,5.656678321678322,0.1010688633021716
1764,2025-09-05 19:23:00+02:00,5.15467106967107,0.1010688633021716
1765,2025-09-05 19:24:00+02:00,4.35294871794872,0.1010688633021716
1766,2025-09-05 19:25:00+02:00,3.5225422776340207,0.1010688633021716
1767,2025-09-05 19:26:00+02:00,2.6600823335685715,0.1010688633021716
1768,2025-09-05 19:27:00+02:00,1.9690384615384624,0.1010688633021716
1769,2025-09-05 19:28:00+02:00,1.3921153846153846,0.1010688633021716
1770,2025-09-05 19:29:00+02:00,0.8808050204512469,0.1010688633021716
1771,2025-09-05 19:30:00+02:00,0.7504716981132078,0.1010688633021716
1772,2025-09-05 19:31:00+02:00,0.6815180102915956,0.1010688633021716
1773,2025-09-05 19:32:00+02:00,0.6125643224699834,0.1010688633021716
1774,2025-09-05 19:33:00+02:00,0.5436106346483712,0.1010688633021716
1775,2025-09-05 19:34:00+02:00,0.4746569468267589,0.1010688633021716
1776,2025-09-05 19:35:00+02:00,0.4057032590051463,0.1010688633021716
1777,2025-09-05 19:36:00+02:00,0.3367495711835338,0.1010688633021716
1778,2025-09-05 19:37:00+02:00,0.2677958833619213,0.1010688633021716
1779,2025-09-05 19:38:00+02:00,0.1988421955403088,0.1010688633021716
1780,2025-09-05 19:39:00+02:00,0.1466123499142367,0.1010688633021716
1781,2025-09-05 19:40:00+02:00,0.1300600343053174,0.1010688633021716
1782,2025-09-05 19:41:00+02:00,0.114622641509434,0.1010688633021716
1783,2025-09-05 19:42:00+02:00,0.0991852487135507,0.1010688633021716
1784,2025-09-05 19:43:00+02:00,0.0837478559176673,0.1010688633021716
1785,2025-09-05 19:44:00+02:00,0.0683104631217839,0.1010688633021716
1786,2025-09-05 19:45:00+02:00,0.0528730703259005,0.1010688633021716
1787,2025-09-05 19:46:00+02:00,0.0374356775300171,0.1010688633021716
1788,2025-09-05 19:47:00+02:00,0.0219982847341337,0.1010688633021716
1789,2025-09-05 19:48:00+02:00,0.0066739339514577,0.1010688633021716
1790,2025-09-05 19:49:00+02:00,0.0047508591065291,0.1010688633021716
1791,2025-09-05 19:50:00+02:00,0.0119673539518899,0.1010688633021716
1792,2025-09-05 19:51:00+02:00,0.0191838487972508,0.1010688633021716
1793,2025-09-05 19:52:00+02:00,0.0264003436426116,0.1010688633021716
1794,2025-09-05 19:53:00+02:00,0.0336168384879724,0.1010688633021716
1795,2025-09-05 19:54:00+02:00,0.0408333333333332,0.1010688633021716
1796,2025-09-05 19:55:00+02:00,0.048049828178694,0.1010688633021716
1797,2025-09-05 19:56:00+02:00,0.0552663230240549,0.1010688633021716
1798,2025-09-05 19:57:00+02:00,0.0624828178694157,0.1010688633021716
1799,2025-09-05 19:58:00+02:00,0.0698052274348228,0.1010688633021716
1800,2025-09-05 19:59:00+02:00,0.0778902229845626,0.1010688633021716
1801,2025-09-05 20:00:00+02:00,0.0861234991423671,0.1010688633021716
1802,2025-09-06 05:00:00+02:00,0.132314974182444,0.1010688633021716
1803,2025-09-06 05:01:00+02:00,0.1465070869117243,0.1010688633021716
1804,2025-09-06 05:02:00+02:00,0.1436192109777016,0.1010688633021716
1805,2025-09-06 05:03:00+02:00,0.1353859348198973,0.1010688633021716
1806,2025-09-06 05:04:00+02:00,0.1271526586620929,0.1010688633021716
1807,2025-09-06 05:05:00+02:00,0.1189193825042884,0.1010688633021716
1808,2025-09-06 05:06:00+02:00,0.1106861063464839,0.1010688633021716
1809,2025-09-06 05:07:00+02:00,0.1024528301886794,0.1010688633021716
1810,2025-09-06 05:08:00+02:00,0.0942195540308749,0.1010688633021716
1811,2025-09-06 05:09:00+02:00,0.0859862778730703,0.1010688633021716
1812,2025-09-06 05:10:00+02:00,0.0777530017152658,0.1010688633021716
1813,2025-09-06 05:11:00+02:00,0.070800457404231,0.1010688633021716
1814,2025-09-06 05:12:00+02:00,0.07,0.1010688633021716
1815,2025-09-06 05:13:00+02:00,0.07,0.1010688633021716
1816,2025-09-06 05:14:00+02:00,0.07,0.1010688633021716
1817,2025-09-06 05:15:00+02:00,0.07,0.1010688633021716
1818,2025-09-06 05:16:00+02:00,0.07,0.1010688633021716
1819,2025-09-06 05:17:00+02:00,0.07,0.1010688633021716
1820,2025-09-06 05:18:00+02:00,0.07,0.1010688633021716
1821,2025-09-06 05:19:00+02:00,0.07,0.1010688633021716
1822,2025-09-06 05:20:00+02:00,0.07,0.1010688633021716
1823,2025-09-06 05:21:00+02:00,0.07,0.1010688633021716
1824,2025-09-06 05:22:00+02:00,0.07,0.1010688633021716
1825,2025-09-06 05:23:00+02:00,0.07,0.1010688633021716
1826,2025-09-06 05:24:00+02:00,0.07,0.1010688633021716
1827,2025-09-06 05:25:00+02:00,0.07,0.1010688633021716
1828,2025-09-06 05:26:00+02:00,0.07,0.1010688633021716
1829,2025-09-06 05:27:00+02:00,0.07,0.1010688633021716
1830,2025-09-06 05:28:00+02:00,0.07,0.1010688633021716
1831,2025-09-06 05:29:00+02:00,0.07,0.1010688633021716
1832,2025-09-06 05:30:00+02:00,0.0703872633390705,0.1010688633021716
1833,2025-09-06 05:31:00+02:00,0.0812306368330463,0.1010688633021716
1834,2025-09-06 05:32:00+02:00,0.096721170395869,0.1010688633021716
1835,2025-09-06 05:33:00+02:00,0.1122117039586918,0.1010688633021716
1836,2025-09-06 05:34:00+02:00,0.1277022375215145,0.1010688633021716
1837,2025-09-06 05:35:00+02:00,0.1431927710843373,0.1010688633021716
1838,2025-09-06 05:36:00+02:00,0.1586833046471602,0.1010688633021716
1839,2025-09-06 05:37:00+02:00,0.174173838209983,0.1010688633021716
1840,2025-09-06 05:38:00+02:00,0.1896643717728056,0.1010688633021716
1841,2025-09-06 05:39:00+02:00,0.2051549053356283,0.1010688633021716
1842,2025-09-06 05:40:00+02:00,0.2218502581755594,0.1010688633021716
1843,2025-09-06 05:41:00+02:00,0.2447418244406195,0.1010688633021716
1844,2025-09-06 05:42:00+02:00,0.2684939759036144,0.1010688633021716
1845,2025-09-06 05:43:00+02:00,0.2922461273666092,0.1010688633021716
1846,2025-09-06 05:44:00+02:00,0.3159982788296041,0.1010688633021716
1847,2025-09-06 05:45:00+02:00,0.3397504302925989,0.1010688633021716
1848,2025-09-06 05:46:00+02:00,0.3635025817555936,0.1010688633021716
1849,2025-09-06 05:47:00+02:00,0.3872547332185885,0.1010688633021716
1850,2025-09-06 05:48:00+02:00,0.4110068846815833,0.1010688633021716
1851,2025-09-06 05:49:00+02:00,0.4347590361445781,0.1010688633021716
1852,2025-09-06 05:50:00+02:00,0.486511500547645,0.1010688633021716
1853,2025-09-06 05:51:00+02:00,0.5856003430531728,0.1010688633021716
1854,2025-09-06 05:52:00+02:00,0.6854288164665516,0.1010688633021716
1855,2025-09-06 05:53:00+02:00,0.7852572898799304,0.1010688633021716
1856,2025-09-06 05:54:00+02:00,0.8850857632933091,0.1010688633021716
1857,2025-09-06 05:55:00+02:00,0.984914236706688,0.1010688633021716
1858,2025-09-06 05:56:00+02:00,1.0847427101200675,0.1010688633021716
1859,2025-09-06 05:57:00+02:00,1.1845711835334485,0.1010688633021716
1860,2025-09-06 05:58:00+02:00,1.2843996569468272,0.1010688633021716
1861,2025-09-06 05:59:00+02:00,1.385147247119078,0.1010688633021716
1862,2025-09-06 06:00:00+02:00,1.544718309859155,0.1010688633021716
1863,2025-09-06 06:01:00+02:00,1.7846268656716415,0.1010688633021716
1864,2025-09-06 06:02:00+02:00,2.078358208955224,0.1010688633021716
1865,2025-09-06 06:03:00+02:00,2.372089552238806,0.1010688633021716
1866,2025-09-06 06:04:00+02:00,2.6658208955223883,0.1010688633021716
1867,2025-09-06 06:05:00+02:00,2.9595522388059705,0.1010688633021716
1868,2025-09-06 06:06:00+02:00,3.247982190496792,0.1010688633021716
1869,2025-09-06 06:07:00+02:00,3.4802173913043464,0.1010688633021716
1870,2025-09-06 06:08:00+02:00,3.6976086956521703,0.1010688633021716
1871,2025-09-06 06:09:00+02:00,3.914999999999996,0.1010688633021716
1872,2025-09-06 06:10:00+02:00,4.132391304347821,0.1010688633021716
1873,2025-09-06 06:11:00+02:00,4.349782608695646,0.1010688633021716
1874,2025-09-06 06:12:00+02:00,4.567173913043475,0.10833366200829683
1875,2025-09-06 06:13:00+02:00,4.831048186098034,0.1755051085064718
1876,2025-09-06 06:14:00+02:00,5.404808917197456,0.2559767249435536
1877,2025-09-06 06:15:00+02:00,6.035382165605097,0.34805325143474164
1878,2025-09-06 06:16:00+02:00,6.656057565810898,0.4410329173456883
1879,2025-09-06 06:17:00+02:00,7.260000000000002,0.5340125832566351
1880,2025-09-06 06:18:00+02:00,7.861175607899334,0.6269922491675812
1881,2025-09-06 06:19:00+02:00,8.302007299270072,0.7146101640763255
1882,2025-09-06 06:20:00+02:00,8.64799270072992,0.7899556413682681
1883,2025-09-06 06:21:00+02:00,8.99397810218977,0.8641978993547395
1884,2025-09-06 06:22:00+02:00,9.33996350364963,0.9150388059981407
1885,2025-09-06 06:23:00+02:00,9.72567808560053,0.9171200127028416
1886,2025-09-06 06:24:00+02:00,10.29034090909091,0.9171200127028416
1887,2025-09-06 06:25:00+02:00,10.876704545454544,0.9171200127028416
1888,2025-09-06 06:26:00+02:00,11.380881113111313,0.9171200127028416
1889,2025-09-06 06:27:00+02:00,11.592960396039604,0.9171200127028416
1890,2025-09-06 06:28:00+02:00,11.779495049504948,0.9171200127028416
1891,2025-09-06 06:29:00+02:00,11.966029702970287,0.9171200127028416
1892,2025-09-06 06:30:00+02:00,12.152564356435636,0.9171200127028416
1893,2025-09-06 06:31:00+02:00,12.33909900990098,0.9172191177840177
1894,2025-09-06 06:32:00+02:00,12.525633663366325,0.9569602553356822
1895,2025-09-06 06:33:00+02:00,12.712168316831672,1.0266415908960906
1896,2025-09-06 06:34:00+02:00,12.915067641343567,1.0857981583888834
1897,2025-09-06 06:35:00+02:00,13.559813084112143,1.1449547258816763
1898,2025-09-06 06:36:00+02:00,14.38062420288946,1.2041112933744689
1899,2025-09-06 06:37:00+02:00,15.045335570469796,1.2632678608672612
1900,2025-09-06 06:38:00+02:00,15.677550335570466,1.3224244283600544
1901,2025-09-06 06:39:00+02:00,16.84363040729112,1.381580995852848
1902,2025-09-06 06:40:00+02:00,17.71638321995464,1.4407375633456412
1903,2025-09-06 06:41:00+02:00,17.929988662131496,1.5043938181774927
1904,2025-09-06 06:42:00+02:00,18.14359410430836,1.5936767339562135
1905,2025-09-06 06:43:00+02:00,18.35719954648524,1.6870505393793742
1906,2025-09-06 06:44:00+02:00,18.57080498866211,1.780424344802535
1907,2025-09-06 06:45:00+02:00,18.78441043083899,1.8737981502256957
1908,2025-09-06 06:46:00+02:00,18.99801587301587,1.9671719556488565
1909,2025-09-06 06:47:00+02:00,19.533649049363337,2.0601567035494206
1910,2025-09-06 06:48:00+02:00,20.89813701923077,2.098673398286474
1911,2025-09-06 06:49:00+02:00,22.1644089673913,2.098673398286474
1912,2025-09-06 06:50:00+02:00,22.58597826086956,2.098673398286474
1913,2025-09-06 06:51:00+02:00,22.912065217391294,2.098673398286474
1914,2025-09-06 06:52:00+02:00,23.23815217391304,2.098673398286474
1915,2025-09-06 06:53:00+02:00,23.564239130434785,2.098673398286474
1916,2025-09-06 06:54:00+02:00,24.952497522891893,2.098673398286474
1917,2025-09-06 06:55:00+02:00,25.23902214022139,2.098673398286474
1918,2025-09-06 06:56:00+02:00,24.89142066420662,2.098673398286474
1919,2025-09-06 06:57:00+02:00,24.543819188191872,2.098673398286474
1920,2025-09-06 06:58:00+02:00,24.19621771217712,2.098673398286474
1921,2025-09-06 06:59:00+02:00,24.120932173607443,2.098673398286474
1922,2025-09-06 07:00:00+02:00,24.539285714285697,2.098673398286474
1923,2025-09-06 07:01:00+02:00,24.96785714285713,2.098673398286474
1924,2025-09-06 07:02:00+02:00,25.35251572327044,2.098673398286474
1925,2025-09-06 07:03:00+02:00,25.18113207547171,2.098673398286474
1926,2025-09-06 07:04:00+02:00,24.841509433962283,2.098673398286474
1927,2025-09-06 07:05:00+02:00,24.501886792452847,2.098673398286474
1928,2025-09-06 07:06:00+02:00,24.1622641509434,2.098673398286474
1929,2025-09-06 07:07:00+02:00,23.07028278499777,2.0855336823686788
1930,2025-09-06 07:08:00+02:00,21.799802631578952,2.028426455495184
1931,2025-09-06 07:09:00+02:00,21.20769736842106,1.9677816127976682
1932,2025-09-06 07:10:00+02:00,20.660138535182043,1.907136770100152
1933,2025-09-06 07:11:00+02:00,20.313225806451605,1.846491927402635
1934,2025-09-06 07:12:00+02:00,19.990645161290317,1.7858470847051184
1935,2025-09-06 07:13:00+02:00,19.668064516129014,1.7252022420076025
1936,2025-09-06 07:14:00+02:00,19.345483870967733,1.6645573993100857
1937,2025-09-06 07:15:00+02:00,18.70256272401433,1.6039125566125696
1938,2025-09-06 07:16:00+02:00,17.71236466165413,1.5432188662568567
1939,2025-09-06 07:17:00+02:00,17.151815789473673,1.4698160129854192
1940,2025-09-06 07:18:00+02:00,16.656026315789468,1.390208567171452
1941,2025-09-06 07:19:00+02:00,16.145258533931727,1.3106011213574842
1942,2025-09-06 07:20:00+02:00,15.463217054263568,1.2309936755435167
1943,2025-09-06 07:21:00+02:00,14.722031007751935,1.1513862297295492
1944,2025-09-06 07:22:00+02:00,13.630333333333333,1.0717787839155821
1945,2025-09-06 07:23:00+02:00,12.58815789473684,0.9867373082409212
1946,2025-09-06 07:24:00+02:00,11.799468450362182,0.919520609100706
1947,2025-09-06 07:25:00+02:00,11.324474940334134,0.9171200127028416
1948,2025-09-06 07:26:00+02:00,11.099653937947506,0.9171200127028416
1949,2025-09-06 07:27:00+02:00,10.87483293556087,0.9171200127028416
1950,2025-09-06 07:28:00+02:00,10.65001193317423,0.9171200127028416
1951,2025-09-06 07:29:00+02:00,10.4251909307876,0.9171200127028416
1952,2025-09-06 07:30:00+02:00,10.20036992840096,0.9171200127028416
1953,2025-09-06 07:31:00+02:00,9.982736674622116,0.9171200127028416
1954,2025-09-06 07:32:00+02:00,10.275,0.9171200127028416
1955,2025-09-06 07:33:00+02:00,10.875,0.9180073686612287
1956,2025-09-06 07:34:00+02:00,11.530598958333334,0.9638540931779132
1957,2025-09-06 07:35:00+02:00,12.472135416666667,1.0320524381714828
1958,2025-09-06 07:36:00+02:00,12.75597932449495,1.0909045979413285
1959,2025-09-06 07:37:00+02:00,12.05064393939394,1.1497567577111742
1960,2025-09-06 07:38:00+02:00,11.506502785587834,1.20860891748102
1961,2025-09-06 07:39:00+02:00,11.517843642611677,1.2674610772508659
1962,2025-09-06 07:40:00+02:00,11.572482817869403,1.3263132370207114
1963,2025-09-06 07:41:00+02:00,11.627121993127128,1.3851653967905562
1964,2025-09-06 07:42:00+02:00,11.681761168384854,1.4440175565604014
1965,2025-09-06 07:43:00+02:00,11.736400343642588,1.4988164562171096
1966,2025-09-06 07:44:00+02:00,11.791039518900329,1.5087097637638558
1967,2025-09-06 07:45:00+02:00,11.845678694158062,1.5087097637638558
1968,2025-09-06 07:46:00+02:00,11.9003178694158,1.5087097637638558
1969,2025-09-06 07:47:00+02:00,11.95495704467354,1.5087097637638558
1970,2025-09-06 07:48:00+02:00,12.10125,1.5087097637638558
1971,2025-09-06 07:49:00+02:00,12.325096153846154,1.5087097637638558
1972,2025-09-06 07:50:00+02:00,12.548942307692307,1.5087097637638558
1973,2025-09-06 07:51:00+02:00,12.77278846153846,1.5087097637638558
1974,2025-09-06 07:52:00+02:00,13.253964216163585,1.5087097637638558
1975,2025-09-06 07:53:00+02:00,14.491736701943696,1.6055773170003422
1976,2025-09-06 07:54:00+02:00,16.025545147020555,1.9400752434868411
1977,2025-09-06 07:55:00+02:00,17.471832090265824,2.098673398286474
1978,2025-09-06 07:56:00+02:00,18.63457831325301,2.098673398286474
1979,2025-09-06 07:57:00+02:00,19.61113534495123,2.098673398286474
1980,2025-09-06 07:58:00+02:00,20.45389377934272,2.098673398286474
1981,2025-09-06 07:59:00+02:00,21.572887323943657,2.098673398286474
1982,2025-09-06 08:00:00+02:00,22.233411098502557,2.098673398286474
1983,2025-09-06 08:01:00+02:00,21.821943127962097,2.098673398286474
1984,2025-09-06 08:02:00+02:00,21.395402843601897,2.098673398286474
1985,2025-09-06 08:03:00+02:00,20.899412848867826,2.098673398286474
1986,2025-09-06 08:04:00+02:00,19.28941919191919,2.098673398286474
1987,2025-09-06 08:05:00+02:00,17.75403759820426,2.098673398286474
1988,2025-09-06 08:06:00+02:00,16.828749999999996,2.098673398286474
1989,2025-09-06 08:07:00+02:00,16.35165895061728,2.098673398286474
1990,2025-09-06 08:08:00+02:00,16.57799999999999,2.098673398286474
1991,2025-09-06 08:09:00+02:00,16.817999999999987,2.098673398286474
1992,2025-09-06 08:10:00+02:00,17.05799999999998,2.098673398286474
1993,2025-09-06 08:11:00+02:00,17.297999999999977,2.098673398286474
1994,2025-09-06 08:12:00+02:00,17.537999999999986,2.098673398286474
1995,2025-09-06 08:13:00+02:00,17.966740740740736,2.098673398286474
1996,2025-09-06 08:14:00+02:00,19.02753891572732,2.131221919124263
1997,2025-09-06 08:15:00+02:00,20.14673913043478,2.2665761338277557
1998,2025-09-06 08:16:00+02:00,21.28520652173913,2.4094720789692716
1999,2025-09-06 08:17:00+02:00,22.444055555555558,2.552368024110787
2000,2025-09-06 08:18:00+02:00,23.471666666666664,2.695263969252305
2001,2025-09-06 08:19:00+02:00,24.230233494363933,2.8381599143938248
2002,2025-09-06 08:20:00+02:00,24.686062801932376,2.981055859535343
2003,2025-09-06 08:21:00+02:00,25.14113526570049,3.123951804676859
2004,2025-09-06 08:22:00+02:00,25.703826949620435,3.2588511148585417
2005,2025-09-06 08:23:00+02:00,26.880201542588864,3.332132790057216
2006,2025-09-06 08:24:00+02:00,27.431443661971823,3.3920600999529773
2007,2025-09-06 08:25:00+02:00,27.74834507042252,3.451987409848739
2008,2025-09-06 08:26:00+02:00,28.06524647887323,3.511914719744499
2009,2025-09-06 08:27:00+02:00,28.38214788732394,3.571842029640261
2010,2025-09-06 08:28:00+02:00,29.009924882629107,3.6317693395360218
2011,2025-09-06 08:29:00+02:00,31.39367567567568,3.6916966494317833
2012,2025-09-06 08:30:00+02:00,33.0350731981982,3.751623959327545
2013,2025-09-06 08:31:00+02:00,32.24152777777777,3.8115512692233064
2014,2025-09-06 08:32:00+02:00,30.36108950617284,3.704862798476764
2015,2025-09-06 08:33:00+02:00,26.65548560020122,3.051178969038564
2016,2025-09-06 08:34:00+02:00,21.594146776825784,2.3596539989344603
2017,2025-09-06 08:35:00+02:00,19.026897974493625,2.1873704221208485
2018,2025-09-06 08:36:00+02:00,19.535806451612903,2.3097111446510192
2019,2025-09-06 08:37:00+02:00,20.182403560830853,2.4320518671811904
2020,2025-09-06 08:38:00+02:00,20.449465875370905,2.5543925897113624
2021,2025-09-06 08:39:00+02:00,20.716528189910967,2.6767333122415353
2022,2025-09-06 08:40:00+02:00,20.98359050445103,2.799074034771707
2023,2025-09-06 08:41:00+02:00,21.25065281899109,2.921414757301878
2024,2025-09-06 08:42:00+02:00,21.63616088876022,3.0437554798320505
2025,2025-09-06 08:43:00+02:00,23.57425685975609,3.166096202362225
2026,2025-09-06 08:44:00+02:00,26.90190025252525,3.2770596061932453
2027,2025-09-06 08:45:00+02:00,31.006154714850368,3.342234994205306
2028,2025-09-06 08:46:00+02:00,33.09379407979407,3.402265449212764
2029,2025-09-06 08:47:00+02:00,32.554932432432416,3.462295904220223
2030,2025-09-06 08:48:00+02:00,31.860168918918912,3.52232635922768
2031,2025-09-06 08:49:00+02:00,29.52019500145307,3.582356814235139
2032,2025-09-06 08:50:00+02:00,27.48997260132341,3.642387269242596
2033,2025-09-06 08:51:00+02:00,28.241524390243907,3.702417724250054
2034,2025-09-06 08:52:00+02:00,30.483002636783123,3.7624481792575115
2035,2025-09-06 08:53:00+02:00,33.12263090676884,3.8224786342649697
2036,2025-09-06 08:54:00+02:00,34.560287356321844,3.895183899995512
2037,2025-09-06 08:55:00+02:00,33.91103448275862,3.9847614787015857
2038,2025-09-06 08:56:00+02:00,32.99826149425287,4.0744213613733935
2039,2025-09-06 08:57:00+02:00,30.39586206896552,4.164081244045201
2040,2025-09-06 08:58:00+02:00,29.02343251761216,4.253741126717009
2041,2025-09-06 08:59:00+02:00,31.02778972520908,4.343401009388817
2042,2025-09-06 09:00:00+02:00,37.86997222222222,4.420515269779747
2043,2025-09-06 09:01:00+02:00,43.437697344322345,4.386853444222617
2044,2025-09-06 09:02:00+02:00,43.64415384615385,4.326926134326856
2045,2025-09-06 09:03:00+02:00,41.46020526960785,4.266998824431095
2046,2025-09-06 09:04:00+02:00,39.70475260416666,4.2070715145353335
2047,2025-09-06 09:05:00+02:00,39.24376953124999,4.147144204639572
2048,2025-09-06 09:06:00+02:00,38.87580078124997,4.087216894743811
2049,2025-09-06 09:07:00+02:00,38.50783203124997,4.0272895848480506
2050,2025-09-06 09:08:00+02:00,37.96576612285539,3.967362274952289
2051,2025-09-06 09:09:00+02:00,36.87988922841863,3.9074349650565274
2052,2025-09-06 09:10:00+02:00,37.42305194805194,3.9397286666529787
2053,2025-09-06 09:11:00+02:00,38.08327662337663,4.215889547796239
2054,2025-09-06 09:12:00+02:00,39.66590769230769,4.5049312137575654
2055,2025-09-06 09:13:00+02:00,41.44839743589744,4.79397287971889
2056,2025-09-06 09:14:00+02:00,43.42524132730015,5.0830145456802125
2057,2025-09-06 09:15:00+02:00,46.08511859582543,5.372056211641535
2058,2025-09-06 09:16:00+02:00,49.48392473118279,5.5508443300021435
2059,2025-09-06 09:17:00+02:00,52.93275793650793,5.381063462436549
2060,2025-09-06 09:18:00+02:00,55.28174783549783,5.185670216725999
2061,2025-09-06 09:19:00+02:00,54.65564285714285,4.990276971015451
2062,2025-09-06 09:20:00+02:00,51.52942606516291,4.794883725304902
2063,2025-09-06 09:21:00+02:00,46.45173902894491,4.59949047959435
2064,2025-09-06 09:22:00+02:00,42.92613924050633,4.415570775824113
2065,2025-09-06 09:23:00+02:00,41.69891637897968,4.267890674036089
2066,2025-09-06 09:24:00+02:00,42.28732323232322,4.1228690758683815
2067,2025-09-06 09:25:00+02:00,43.90081470672345,3.977847477700676
2068,2025-09-06 09:26:00+02:00,43.7978488372093,3.8328258795329733
2069,2025-09-06 09:27:00+02:00,40.71351155869324,3.687804281365268
2070,2025-09-06 09:28:00+02:00,37.64422077922078,3.5427826831975633
2071,2025-09-06 09:29:00+02:00,35.40152867965368,3.3977610850298587
2072,2025-09-06 09:30:00+02:00,31.717223118279566,3.4081197706132658
2073,2025-09-06 09:31:00+02:00,31.719265704584043,3.838122934660854
2074,2025-09-06 09:32:00+02:00,35.88411306042885,4.283121800192497
2075,2025-09-06 09:33:00+02:00,37.70187969924812,4.29089127215025
2076,2025-09-06 09:34:00+02:00,38.37857142857143,4.0417648838693
2077,2025-09-06 09:35:00+02:00,37.83808673469388,3.79263849558835
2078,2025-09-06 09:36:00+02:00,34.98890884652981,3.5435121073073987
2079,2025-09-06 09:37:00+02:00,30.983354978354978,3.3168514072883832
2080,2025-09-06 09:38:00+02:00,28.06700564971751,3.275183346618297
2081,2025-09-06 09:39:00+02:00,27.54204724409449,3.275183346618297
2082,2025-09-06 09:40:00+02:00,28.25070866141733,3.275183346618297
2083,2025-09-06 09:41:00+02:00,28.422047244094497,3.275183346618297
2084,2025-09-06 09:42:00+02:00,27.716000000000008,3.275183346618297
2085,2025-09-06 09:43:00+02:00,26.437319515306125,3.275183346618297
2086,2025-09-06 09:44:00+02:00,24.52926779313876,3.275183346618297
2087,2025-09-06 09:45:00+02:00,25.155967741935488,3.275183346618297
2088,2025-09-06 09:46:00+02:00,27.211792114695346,3.275183346618297
2089,2025-09-06 09:47:00+02:00,30.07137387387387,3.236172753594662
2090,2025-09-06 09:48:00+02:00,29.433756127450977,3.0931339125080033
2091,2025-09-06 09:49:00+02:00,27.59751436781609,2.9445221295608253
2092,2025-09-06 09:50:00+02:00,24.404525041050903,2.7959103466136472
2093,2025-09-06 09:51:00+02:00,23.38022471910112,2.647298563666469
2094,2025-09-06 09:52:00+02:00,24.12848732773353,2.498686780719292
2095,2025-09-06 09:53:00+02:00,23.43436893203884,2.3500749977721145
2096,2025-09-06 09:54:00+02:00,21.72206373606616,2.2014632148249373
2097,2025-09-06 09:55:00+02:00,18.29398809523809,2.1013566665896874
2098,2025-09-06 09:56:00+02:00,16.164494047619048,2.098673398286474
2099,2025-09-06 09:57:00+02:00,14.626009615384618,2.098673398286474
2100,2025-09-06 09:58:00+02:00,13.88469137136272,2.098673398286474
2101,2025-09-06 09:59:00+02:00,14.476207865168549,2.098673398286474
2102,2025-09-06 10:00:00+02:00,15.10654494382023,2.098673398286474
2103,2025-09-06 10:01:00+02:00,15.39989014612017,2.098673398286474
2104,2025-09-06 10:02:00+02:00,15.142830985915497,2.098673398286474
2105,2025-09-06 10:03:00+02:00,14.87747887323944,2.098673398286474
2106,2025-09-06 10:04:00+02:00,14.612126760563385,2.0997683746129567
2107,2025-09-06 10:05:00+02:00,14.34677464788733,2.14061941448559
2108,2025-09-06 10:06:00+02:00,14.081422535211273,2.201264257183107
2109,2025-09-06 10:07:00+02:00,14.106595201916898,2.2619090998806226
2110,2025-09-06 10:08:00+02:00,14.496535269709549,2.3225539425781387
2111,2025-09-06 10:09:00+02:00,14.88740663900415,2.3831987852756558
2112,2025-09-06 10:10:00+02:00,15.278278008298756,2.443843627973172
2113,2025-09-06 10:11:00+02:00,16.113546511627906,2.5044884706706885
2114,2025-09-06 10:12:00+02:00,17.564753796867585,2.5651333133682046
2115,2025-09-06 10:13:00+02:00,19.751498144712432,2.6257781560657216
2116,2025-09-06 10:14:00+02:00,22.46125,2.731747531662016
2117,2025-09-06 10:15:00+02:00,24.90665071321321,3.1193502064379848
2118,2025-09-06 10:16:00+02:00,30.14420022295022,3.572123145608315
2119,2025-09-06 10:17:00+02:00,34.051048741048746,4.0340793622882245
2120,2025-09-06 10:18:00+02:00,37.77380235042735,4.575755106638242
2121,2025-09-06 10:19:00+02:00,45.703755341880345,5.450487705044024
2122,2025-09-06 10:20:00+02:00,59.501488095238095,6.928615426000208
2123,2025-09-06 10:21:00+02:00,75.57875,8.681390494838487
2124,2025-09-06 10:22:00+02:00,88.96228703703703,10.195234179440673
2125,2025-09-06 10:23:00+02:00,99.56065962098168,11.191525751565578
2126,2025-09-06 10:24:00+02:00,97.4146852300242,10.557724124705242
2127,2025-09-06 10:25:00+02:00,89.28099404761905,10.50555663314214
2128,2025-09-06 10:26:00+02:00,87.74137387387385,10.840919078904955
2129,2025-09-06 10:27:00+02:00,91.26433652402402,11.176281524667777
2130,2025-09-06 10:28:00+02:00,104.44716132478634,11.358267030141779
2131,2025-09-06 10:29:00+02:00,105.85503418803415,11.179045073141436
2132,2025-09-06 10:30:00+02:00,105.35433333333332,10.984740369189717
2133,2025-09-06 10:31:00+02:00,107.0321875,10.790435665238004
2134,2025-09-06 10:32:00+02:00,106.0003125,10.59613096128629
2135,2025-09-06 10:33:00+02:00,101.24004301619432,10.401826257334575
2136,2025-09-06 10:34:00+02:00,91.98364886039884,9.925603092012915
2137,2025-09-06 10:35:00+02:00,81.98826388888888,8.826957498367033
2138,2025-09-06 10:36:00+02:00,75.0270596995597,8.075824661512206
2139,2025-09-06 10:37:00+02:00,74.52333333333334,8.131128412984761
2140,2025-09-06 10:38:00+02:00,74.46850649350648,8.324893381647723
2141,2025-09-06 10:39:00+02:00,72.23788741451784,8.518658350310686
2142,2025-09-06 10:40:00+02:00,70.91214285714288,8.712423318973643
2143,2025-09-06 10:41:00+02:00,73.54227002164502,8.906188287636605
2144,2025-09-06 10:42:00+02:00,82.16737001424501,9.167567338457633
2145,2025-09-06 10:43:00+02:00,88.36929050925926,9.753735462502233
2146,2025-09-06 10:44:00+02:00,97.16632264957263,10.542125605268483
2147,2025-09-06 10:45:00+02:00,102.97461013645226,11.038630484429667
2148,2025-09-06 10:46:00+02:00,92.9728313840156,9.954690622375752
2149,2025-09-06 10:47:00+02:00,86.75592505720824,9.180008495521726
2150,2025-09-06 10:48:00+02:00,84.43914402173912,8.666926544468959
2151,2025-09-06 10:49:00+02:00,81.0791087962963,8.211008971144343
2152,2025-09-06 10:50:00+02:00,70.9439227582846,7.469869975331565
2153,2025-09-06 10:51:00+02:00,63.59108894328846,6.972689230945189
2154,2025-09-06 10:52:00+02:00,62.76056489629164,7.386535275671084
2155,2025-09-06 10:53:00+02:00,68.94944444444444,7.829326410019949
2156,2025-09-06 10:54:00+02:00,82.22810185185186,9.058449426400445
2157,2025-09-06 10:55:00+02:00,93.42980555555556,10.145362735278216
2158,2025-09-06 10:56:00+02:00,96.49576388888887,9.99645176012103
2159,2025-09-06 10:57:00+02:00,95.86983333333332,9.769973225320168
2160,2025-09-06 10:58:00+02:00,94.54411111111112,9.543494690519303
2161,2025-09-06 10:59:00+02:00,90.05888541666667,9.317016155718436
2162,2025-09-06 11:00:00+02:00,83.10336805555555,8.988230298177717
2163,2025-09-06 11:01:00+02:00,73.52557407407407,8.018569210560212
2164,2025-09-06 11:02:00+02:00,63.79735576923077,6.902699004562284
2165,2025-09-06 11:03:00+02:00,55.50110735735735,5.95046572098725
2166,2025-09-06 11:04:00+02:00,53.44241068185121,6.043062459014854
2167,2025-09-06 11:05:00+02:00,58.29082375841751,6.638050574171291
2168,2025-09-06 11:06:00+02:00,63.53443540669857,7.212438286155306
2169,2025-09-06 11:07:00+02:00,68.41284151034151,7.782390852515139
2170,2025-09-06 11:08:00+02:00,73.2773139287613,8.418777122416559
2171,2025-09-06 11:09:00+02:00,80.49355911680912,9.161873611402171
2172,2025-09-06 11:10:00+02:00,91.7984837962963,10.334778404865368
2173,2025-09-06 11:11:00+02:00,97.95618055555556,11.200940101036958
2174,2025-09-06 11:12:00+02:00,95.82234953703704,10.638208411507593
2175,2025-09-06 11:13:00+02:00,92.34009377758164,10.134981130574225
2176,2025-09-06 11:14:00+02:00,91.55177184466017,9.932791598056353
2177,2025-09-06 11:15:00+02:00,91.09449029126208,9.730602065538479
2178,2025-09-06 11:16:00+02:00,90.63720873786406,9.528412533020601
2179,2025-09-06 11:17:00+02:00,89.0047997997998,9.326223000502727
2180,2025-09-06 11:18:00+02:00,85.23744658119658,9.126394120791153
2181,2025-09-06 11:19:00+02:00,81.27521781086297,8.958744666175944
2182,2025-09-06 11:20:00+02:00,79.12947470172338,8.801283292093174
2183,2025-09-06 11:21:00+02:00,78.78160958904115,8.643821918010408
2184,2025-09-06 11:22:00+02:00,78.47339041095898,8.486360543927637
2185,2025-09-06 11:23:00+02:00,78.16517123287676,8.328899169844867
2186,2025-09-06 11:24:00+02:00,77.85695205479453,8.1714377957621
2187,2025-09-06 11:25:00+02:00,76.53327272727273,8.013976421679333
2188,2025-09-06 11:26:00+02:00,73.0018765873016,7.703937367610054
2189,2025-09-06 11:27:00+02:00,68.48088421052631,7.20257833863605
2190,2025-09-06 11:28:00+02:00,63.38483913043478,6.833550484648772
2191,2025-09-06 11:29:00+02:00,59.003412698412696,6.933748981633416
2192,2025-09-06 11:30:00+02:00,56.53999084249083,7.074668958842846
2193,2025-09-06 11:31:00+02:00,55.45350596212297,7.215588936052278
2194,2025-09-06 11:32:00+02:00,55.4195744680851,7.356508913261701
2195,2025-09-06 11:33:00+02:00,56.05787234042552,7.497428890471122
2196,2025-09-06 11:34:00+02:00,57.44852504432624,7.6383488676805475
2197,2025-09-06 11:35:00+02:00,62.24652777777777,7.779268844889972
2198,2025-09-06 11:36:00+02:00,69.92032814407814,8.013960199968855
2199,2025-09-06 11:37:00+02:00,79.17249465811966,8.918060528068972
2200,2025-09-06 11:38:00+02:00,88.21763162878788,9.88158672227234
2201,2025-09-06 11:39:00+02:00,96.36704586732712,10.775123175194077
2202,2025-09-06 11:40:00+02:00,105.4276208097458,11.65258953547701
2203,2025-09-06 11:41:00+02:00,113.91384615384614,12.554748653706026
2204,2025-09-06 11:42:00+02:00,123.42031342409602,13.371524262310041
2205,2025-09-06 11:43:00+02:00,132.81062500000002,14.211311658821279
2206,2025-09-06 11:44:00+02:00,140.53596590909092,15.104156745588455
2207,2025-09-06 11:45:00+02:00,146.12932043650792,16.03764602526866
2208,2025-09-06 11:46:00+02:00,153.23215277777777,16.85929369824335
2209,2025-09-06 11:47:00+02:00,161.16910515873016,17.328898359015053
2210,2025-09-06 11:48:00+02:00,165.64315891472867,17.51742643663308
2211,2025-09-06 11:49:00+02:00,162.50091246770026,17.705954514251097
2212,2025-09-06 11:50:00+02:00,160.41457446808514,17.894482591869117
2213,2025-09-06 11:51:00+02:00,161.4560227696902,18.083010669487123
2214,2025-09-06 11:52:00+02:00,164.2907906920078,18.27153874710514
2215,2025-09-06 11:53:00+02:00,186.32503968253968,19.591017086637713
2216,2025-09-06 11:54:00+02:00,228.06935714285717,23.4161775794196
2217,2025-09-06 11:55:00+02:00,227.4146111111111,23.319124627373746
2218,2025-09-06 11:56:00+02:00,201.45599603174605,21.374230062883562
2219,2025-09-06 11:57:00+02:00,171.27692460317462,18.51796875993735
2220,2025-09-06 11:58:00+02:00,148.0257242063492,15.932359791195518
2221,2025-09-06 11:59:00+02:00,134.3493304843305,14.352137269974543
2222,2025-09-06 12:00:00+02:00,122.85043287037035,13.094820438773366
2223,2025-09-06 12:01:00+02:00,111.56545548433049,11.90709246371713
2224,2025-09-06 12:02:00+02:00,104.4054544595616,11.6904702705758
2225,2025-09-06 12:03:00+02:00,104.23654620181408,12.110683455628005
2226,2025-09-06 12:04:00+02:00,115.26198743386242,12.665313792322351
2227,2025-09-06 12:05:00+02:00,140.0872222222222,14.622053024684957
2228,2025-09-06 12:06:00+02:00,158.3130736714976,16.609960500061526
2229,2025-09-06 12:07:00+02:00,193.022662037037,19.42694179416615
2230,2025-09-06 12:08:00+02:00,196.81446794871795,19.70853636004908
2231,2025-09-06 12:09:00+02:00,171.68081196581196,18.118097839488243
2232,2025-09-06 12:10:00+02:00,172.74709307992202,17.601391256387018
2233,2025-09-06 12:11:00+02:00,161.9134074074074,16.866007065794726
2234,2025-09-06 12:12:00+02:00,146.30716666666666,15.4858306652936
2235,2025-09-06 12:13:00+02:00,138.09431597222223,15.371479408690762
2236,2025-09-06 12:14:00+02:00,146.77376273148147,15.940574298134203
2237,2025-09-06 12:15:00+02:00,147.81261616161615,16.325233643331792
2238,2025-09-06 12:16:00+02:00,143.71030555555552,16.648175257770063
2239,2025-09-06 12:17:00+02:00,149.35826785714286,16.971116872208327
2240,2025-09-06 12:18:00+02:00,164.48023148148147,17.728889872204945
2241,2025-09-06 12:19:00+02:00,189.64763888888888,20.04133936178139
2242,2025-09-06 12:20:00+02:00,243.7509477124183,24.51141911503902
2243,2025-09-06 12:21:00+02:00,254.81435151143796,26.197635687570276
2244,2025-09-06 12:22:00+02:00,264.1722398589065,25.880662422668017
2245,2025-09-06 12:23:00+02:00,235.78939407814408,23.707010724289063
2246,2025-09-06 12:24:00+02:00,218.0665211640212,21.86723671978627
2247,2025-09-06 12:25:00+02:00,189.6128125,19.5665434910755
2248,2025-09-06 12:26:00+02:00,188.9884375,19.160339474501008
2249,2025-09-06 12:27:00+02:00,183.54382275132275,18.246544494390626
2250,2025-09-06 12:28:00+02:00,165.04644973544973,16.565227346012872
2251,2025-09-06 12:29:00+02:00,157.32219025875193,15.838572427327273
2252,2025-09-06 12:30:00+02:00,156.603493150685,15.520054670621034
2253,2025-09-06 12:31:00+02:00,155.56278662480975,15.201536913914795
2254,2025-09-06 12:32:00+02:00,148.6488653846154,14.765630390805368
2255,2025-09-06 12:33:00+02:00,136.848544973545,13.715971605778996
2256,2025-09-06 12:34:00+02:00,120.51007936507936,12.26856466294434
2257,2025-09-06 12:35:00+02:00,107.80109788359788,10.8754106704012
2258,2025-09-06 12:36:00+02:00,91.35620634920636,9.444497046298233
2259,2025-09-06 12:37:00+02:00,83.89526133040935,8.771294702470565
2260,2025-09-06 12:38:00+02:00,82.26749999999998,8.394238547234528
2261,2025-09-06 12:39:00+02:00,80.16877214452215,8.086014317676563
2262,2025-09-06 12:40:00+02:00,82.49980814143395,8.740218328440983
2263,2025-09-06 12:41:00+02:00,85.62165605095544,8.99058343301371
2264,2025-09-06 12:42:00+02:00,86.30955414012742,8.820032360351938
2265,2025-09-06 12:43:00+02:00,89.1806574368955,8.649481287690163
2266,2025-09-06 12:44:00+02:00,94.60117389060888,8.478930215028386
2267,2025-09-06 12:45:00+02:00,92.5994012605042,8.308379142366608
2268,2025-09-06 12:46:00+02:00,89.34554868742369,8.13782806970483
2269,2025-09-06 12:47:00+02:00,81.21260185185186,7.950604536414259
2270,2025-09-06 12:48:00+02:00,70.51249515013495,7.417427445076182
2271,2025-09-06 12:49:00+02:00,65.90057945041816,6.892135875618277
2272,2025-09-06 12:50:00+02:00,66.41278103616814,7.088311946832475
2273,2025-09-06 12:51:00+02:00,68.5360386119257,7.381401815398298
2274,2025-09-06 12:52:00+02:00,70.44089887640448,7.67449168396412
2275,2025-09-06 12:53:00+02:00,71.66617607924304,7.949507677301721
2276,2025-09-06 12:54:00+02:00,73.90645263751595,8.160288141111975
2277,2025-09-06 12:55:00+02:00,74.88375634517767,8.365451049108055
2278,2025-09-06 12:56:00+02:00,75.3832487309645,8.57061395710413
2279,2025-09-06 12:57:00+02:00,75.8827411167513,8.775776865100207
2280,2025-09-06 12:58:00+02:00,80.37967113095239,8.980939773096283
2281,2025-09-06 12:59:00+02:00,85.22606462585034,9.21228391785903
2282,2025-09-06 13:00:00+02:00,82.99691216931218,9.472565219048086
2283,2025-09-06 13:01:00+02:00,80.1088362745098,9.732846520237135
2284,2025-09-06 13:02:00+02:00,81.20214679759052,9.993127821426183
2285,2025-09-06 13:03:00+02:00,94.92625,10.48479154403992
2286,2025-09-06 13:04:00+02:00,114.21061507936508,12.14541217497772
2287,2025-09-06 13:05:00+02:00,144.05631944444443,14.66978457660929
2288,2025-09-06 13:06:00+02:00,149.06030753968255,15.278216410431218
2289,2025-09-06 13:07:00+02:00,147.011,15.704961982566601
2290,2025-09-06 13:08:00+02:00,170.52466865079364,17.140867015915266
2291,2025-09-06 13:09:00+02:00,182.43165173237756,18.042178720300907
2292,2025-09-06 13:10:00+02:00,172.08169312169312,17.30514504304835
2293,2025-09-06 13:11:00+02:00,178.1333043345543,17.392716004674458
2294,2025-09-06 13:12:00+02:00,178.9498901098901,17.51639577190613
2295,2025-09-06 13:13:00+02:00,174.79550010442776,17.640075539137804
2296,2025-09-06 13:14:00+02:00,170.91928205128204,17.763755306369482
2297,2025-09-06 13:15:00+02:00,166.36111698717949,17.88743507360116
2298,2025-09-06 13:16:00+02:00,166.976494047619,18.011114840832835
2299,2025-09-06 13:17:00+02:00,170.5575920168067,18.13479460806451
2300,2025-09-06 13:18:00+02:00,174.9087730994152,18.25847437529619
2301,2025-09-06 13:19:00+02:00,184.66031415343917,18.582060155188806
2302,2025-09-06 13:20:00+02:00,209.489125,20.609892425095616
2303,2025-09-06 13:21:00+02:00,227.671450094162,21.73273866229571
2304,2025-09-06 13:22:00+02:00,227.7276490897677,21.340295288959968
2305,2025-09-06 13:23:00+02:00,219.75782407407405,20.92996947296782
2306,2025-09-06 13:24:00+02:00,210.26908653846155,20.398988327749404
2307,2025-09-06 13:25:00+02:00,202.93560294117648,19.72831386666673
2308,2025-09-06 13:26:00+02:00,194.99918091168087,18.886528912580573
2309,2025-09-06 13:27:00+02:00,177.96753472222224,17.639411826312394
2310,2025-09-06 13:28:00+02:00,162.9851666666667,16.524695525755945
2311,2025-09-06 13:29:00+02:00,153.98132936507935,15.390350690147974
2312,2025-09-06 13:30:00+02:00,153.228979958577,14.619867472731418
2313,2025-09-06 13:31:00+02:00,150.67419468810917,14.19192030267825
2314,2025-09-06 13:32:00+02:00,140.29543625356126,13.713933514204825
2315,2025-09-06 13:33:00+02:00,130.9512678062678,12.848637360621506
2316,2025-09-06 13:34:00+02:00,119.70538746438746,11.827035250758906
2317,2025-09-06 13:35:00+02:00,112.79931643625191,11.526638295916566
2318,2025-09-06 13:36:00+02:00,110.2096899641577,11.685897174269682
2319,2025-09-06 13:37:00+02:00,110.17061904761904,11.8451560526228
2320,2025-09-06 13:38:00+02:00,111.24622580645162,12.004414930975921
2321,2025-09-06 13:39:00+02:00,114.13804883512545,12.163673809329039
2322,2025-09-06 13:40:00+02:00,117.38016129032258,12.32293268768216
2323,2025-09-06 13:41:00+02:00,120.66018631100084,12.482191566035276
2324,2025-09-06 13:42:00+02:00,125.06621111111112,12.53071591292881
2325,2025-09-06 13:43:00+02:00,129.39242702702705,12.401038540182505
2326,2025-09-06 13:44:00+02:00,129.86580645161288,12.268675373733418
2327,2025-09-06 13:45:00+02:00,128.70736486486484,12.136312207284332
2328,2025-09-06 13:46:00+02:00,126.26920884260056,12.003949040835247
2329,2025-09-06 13:47:00+02:00,125.19006369426752,11.871585874386158
2330,2025-09-06 13:48:00+02:00,124.5327388535032,11.739222707937078
2331,2025-09-06 13:49:00+02:00,122.74110346527146,11.606859541488001
2332,2025-09-06 13:50:00+02:00,118.45212703962704,11.474496375038928
2333,2025-09-06 13:51:00+02:00,108.2449537037037,10.760482620280433
2334,2025-09-06 13:52:00+02:00,86.69204761904763,9.463319048818594
2335,2025-09-06 13:53:00+02:00,85.34240343915344,9.801021508113939
2336,2025-09-06 13:54:00+02:00,104.84343915343916,10.142418285989077
2337,2025-09-06 13:55:00+02:00,108.667882751938,9.812362457750384
2338,2025-09-06 13:56:00+02:00,102.3347435897436,9.463585514157055
2339,2025-09-06 13:57:00+02:00,93.6533173076923,9.084556539917086
2340,2025-09-06 13:58:00+02:00,86.37328947368421,8.456064666806325
2341,2025-09-06 13:59:00+02:00,81.88696575342466,7.855837843260208
2342,2025-09-06 14:00:00+02:00,80.20827829419439,7.478676450222918
2343,2025-09-06 14:01:00+02:00,76.06799198833573,7.113464990962884
2344,2025-09-06 14:02:00+02:00,67.10701923076923,6.62909555558835
2345,2025-09-06 14:03:00+02:00,52.76726851851851,5.763457372203122
2346,2025-09-06 14:04:00+02:00,45.162123263888894,5.86722669035081
2347,2025-09-06 14:05:00+02:00,45.9596342737722,6.100522304794511
2348,2025-09-06 14:06:00+02:00,48.44399990761272,6.333817919238211
2349,2025-09-06 14:07:00+02:00,54.6892297979798,6.567113533681908
2350,2025-09-06 14:08:00+02:00,64.57324705387207,6.840907955090784
2351,2025-09-06 14:09:00+02:00,71.85544041647667,7.250217615190828
2352,2025-09-06 14:10:00+02:00,74.44307170542636,7.6704308002430315
2353,2025-09-06 14:11:00+02:00,78.02266741071428,7.88378319149383
2354,2025-09-06 14:12:00+02:00,80.56883333333333,7.765949434763375
2355,2025-09-06 14:13:00+02:00,82.26415511551154,7.643571559818342
2356,2025-09-06 14:14:00+02:00,83.19787997220773,7.521193684873311
2357,2025-09-06 14:15:00+02:00,83.15776315789476,7.398815809928279
2358,2025-09-06 14:16:00+02:00,82.51039473684214,7.276437934983253
2359,2025-09-06 14:17:00+02:00,81.66279135338345,7.154060060038228
2360,2025-09-06 14:18:00+02:00,79.52391046741276,7.031682185093201
2361,2025-09-06 14:19:00+02:00,76.27589989143921,6.909304310148176
2362,2025-09-06 14:20:00+02:00,70.32018079278812,6.792705390408887
2363,2025-09-06 14:21:00+02:00,66.48100960855356,6.763470675838685
2364,2025-09-06 14:22:00+02:00,68.82967147435896,6.763470675838685
2365,2025-09-06 14:23:00+02:00,69.11998931623928,6.763470675838685
2366,2025-09-06 14:24:00+02:00,69.3212713675213,6.763470675838685
2367,2025-09-06 14:25:00+02:00,69.52255341880333,6.763470675838685
2368,2025-09-06 14:26:00+02:00,69.72383547008535,6.763470675838685
2369,2025-09-06 14:27:00+02:00,69.9251175213674,6.763470675838685
2370,2025-09-06 14:28:00+02:00,70.1263995726495,6.763470675838685
2371,2025-09-06 14:29:00+02:00,70.32768162393161,6.763470675838685
2372,2025-09-06 14:30:00+02:00,71.30591262595524,6.866644230581303
2373,2025-09-06 14:31:00+02:00,72.71252688172042,7.295695232620721
2374,2025-09-06 14:32:00+02:00,74.42959901433692,7.750302862631393
2375,2025-09-06 14:33:00+02:00,80.06511103479853,8.38234573660343
2376,2025-09-06 14:34:00+02:00,89.89892094017095,9.224397966012198
2377,2025-09-06 14:35:00+02:00,102.6704398148148,10.176823966161054
2378,2025-09-06 14:36:00+02:00,109.07994565217392,10.18482067663753
2379,2025-09-06 14:37:00+02:00,111.17359860248446,10.124893366741768
2380,2025-09-06 14:38:00+02:00,111.880248015873,10.064966056846005
2381,2025-09-06 14:39:00+02:00,111.18357142857144,10.005038746950246
2382,2025-09-06 14:40:00+02:00,109.90829781105992,9.945111437054484
2383,2025-09-06 14:41:00+02:00,107.58401785714284,9.885184127158723
2384,2025-09-06 14:42:00+02:00,105.81095547309832,9.82525681726296
2385,2025-09-06 14:43:00+02:00,104.51378787878788,9.7653295073672
2386,2025-09-06 14:44:00+02:00,102.58773737373735,9.705402197471438
2387,2025-09-06 14:45:00+02:00,98.41904616013072,9.536981486951893
2388,2025-09-06 14:46:00+02:00,95.82413793103446,9.220963463325424
2389,2025-09-06 14:47:00+02:00,93.34445945945946,9.26034950690127
2390,2025-09-06 14:48:00+02:00,92.4432380952381,9.508589324405417
2391,2025-09-06 14:49:00+02:00,93.42690929705216,9.756829141909565
2392,2025-09-06 14:50:00+02:00,95.71888274754347,10.005068959413714
2393,2025-09-06 14:51:00+02:00,101.72542906746033,10.208152239544551
2394,2025-09-06 14:52:00+02:00,106.335843837535,10.117095133466876
2395,2025-09-06 14:53:00+02:00,107.9888900560224,9.972073535299172
2396,2025-09-06 14:54:00+02:00,106.55854779411766,9.827051937131474
2397,2025-09-06 14:55:00+02:00,104.94306966726084,9.68203033896377
2398,2025-09-06 14:56:00+02:00,102.18675757575755,9.537008740796058
2399,2025-09-06 14:57:00+02:00,99.1642101042502,9.39198714262835
2400,2025-09-06 14:58:00+02:00,96.94455426356588,9.246965544460641
2401,2025-09-06 14:59:00+02:00,94.5789537037037,9.097179951763753
2402,2025-09-06 15:00:00+02:00,91.6151388888889,8.90499480775716
2403,2025-09-06 15:01:00+02:00,89.23547297297297,8.702805275239285
2404,2025-09-06 15:02:00+02:00,87.93542792792793,8.50061574272141
2405,2025-09-06 15:03:00+02:00,86.64874155405404,8.298426210203536
2406,2025-09-06 15:04:00+02:00,84.68302526595745,8.096236677685665
2407,2025-09-06 15:05:00+02:00,82.80180360065468,7.92482585345841
2408,2025-09-06 15:06:00+02:00,81.45769088319089,7.856405322357443
2409,2025-09-06 15:07:00+02:00,80.5129166666667,7.796271366565486
2410,2025-09-06 15:08:00+02:00,79.49406310916179,7.73613741077353
2411,2025-09-06 15:09:00+02:00,78.28537836669138,7.676003454981577
2412,2025-09-06 15:10:00+02:00,76.94987146925268,7.615869499189624
2413,2025-09-06 15:11:00+02:00,75.54297317436662,7.555735543397668
2414,2025-09-06 15:12:00+02:00,75.00272727272723,7.495601587605713
2415,2025-09-06 15:13:00+02:00,74.67545454545446,7.435467631813762
2416,2025-09-06 15:14:00+02:00,74.34818181818174,7.375333676021814
2417,2025-09-06 15:15:00+02:00,74.02090909090906,7.188872857039645
2418,2025-09-06 15:16:00+02:00,73.08373379296152,6.8871996193376885
2419,2025-09-06 15:17:00+02:00,72.80659292035399,7.084807611447451
2420,2025-09-06 15:18:00+02:00,73.94616795722715,7.51807089541432
2421,2025-09-06 15:19:00+02:00,81.62792144892144,8.092607634794323
2422,2025-09-06 15:20:00+02:00,99.38819444444444,9.441898742664396
2423,2025-09-06 15:21:00+02:00,125.2319246031746,11.432581372330054
2424,2025-09-06 15:22:00+02:00,153.05017857142855,13.729321299272163
2425,2025-09-06 15:23:00+02:00,188.5102083333333,16.735907729692453
2426,2025-09-06 15:24:00+02:00,319.3983333333333,25.377210205175906
2427,2025-09-06 15:25:00+02:00,462.7136111111111,34.51021051135676
2428,2025-09-06 15:26:00+02:00,517.3198703703704,39.420835205114486
2429,2025-09-06 15:27:00+02:00,495.27484126984126,38.908376930036134
2430,2025-09-06 15:28:00+02:00,461.6320092592593,36.863782085581676
2431,2025-09-06 15:29:00+02:00,432.8047222222222,35.11577341836021
2432,2025-09-06 15:30:00+02:00,417.0533680555556,33.46041065734924
2433,2025-09-06 15:31:00+02:00,391.2616452991453,32.0201961050317
2434,2025-09-06 15:32:00+02:00,300.79979166666664,27.27468441715219
2435,2025-09-06 15:33:00+02:00,230.6255555555556,22.926141682587122
2436,2025-09-06 15:34:00+02:00,202.54088575268813,21.043201944021305
2437,2025-09-06 15:35:00+02:00,184.29667094017097,19.37657904737365
2438,2025-09-06 15:36:00+02:00,173.15621693121693,18.20994738506605
2439,2025-09-06 15:37:00+02:00,155.26694444444442,16.489879485607865
2440,2025-09-06 15:38:00+02:00,141.31838189588188,15.14260206138965
2441,2025-09-06 15:39:00+02:00,146.44994052706554,15.55450305843871
2442,2025-09-06 15:40:00+02:00,156.68482175925925,15.953837181165996
2443,2025-09-06 15:41:00+02:00,162.96750925925926,15.573017506910555
2444,2025-09-06 15:42:00+02:00,151.02556216931217,14.987460015187414
2445,2025-09-06 15:43:00+02:00,130.45601190476188,13.572685888117865
2446,2025-09-06 15:44:00+02:00,119.41144702842378,12.78944256964333
2447,2025-09-06 15:45:00+02:00,120.39515180878554,13.236802384027834
2448,2025-09-06 15:46:00+02:00,133.35849206349204,13.830603441138328
2449,2025-09-06 15:47:00+02:00,151.18716826923077,14.929407798541947
2450,2025-09-06 15:48:00+02:00,150.6391168091168,15.24050102302023
2451,2025-09-06 15:49:00+02:00,143.03517195767196,15.509826848188817
2452,2025-09-06 15:50:00+02:00,145.3549457671958,15.779152673357416
2453,2025-09-06 15:51:00+02:00,163.5098544973545,16.24835317340808
2454,2025-09-06 15:52:00+02:00,202.2247474747475,18.367392345074535
2455,2025-09-06 15:53:00+02:00,202.1411557239057,19.311224068657292
2456,2025-09-06 15:54:00+02:00,220.39380291005293,20.763541381397673
2457,2025-09-06 15:55:00+02:00,301.4943055555555,25.154520703959264
2458,2025-09-06 15:56:00+02:00,335.024376984127,26.235771557253003
2459,2025-09-06 15:57:00+02:00,243.62329365079367,21.961168957755582
2460,2025-09-06 15:58:00+02:00,202.8756086309524,19.424350535374696
2461,2025-09-06 15:59:00+02:00,209.5580555555556,18.759875096409786
2462,2025-09-06 16:00:00+02:00,172.37465656565655,16.55138323327455
2463,2025-09-06 16:01:00+02:00,159.4041543179043,15.422800252196156
2464,2025-09-06 16:02:00+02:00,171.18541666666667,15.886256218730109
2465,2025-09-06 16:03:00+02:00,165.81820436507937,15.060486633986711
2466,2025-09-06 16:04:00+02:00,153.6225,14.595450709195605
2467,2025-09-06 16:05:00+02:00,143.96052884615384,13.987659570282572
2468,2025-09-06 16:06:00+02:00,136.61634528423775,13.202738074521635
2469,2025-09-06 16:07:00+02:00,135.50704192546584,12.581345963744388
2470,2025-09-06 16:08:00+02:00,133.55761574074072,12.181172041175211
2471,2025-09-06 16:09:00+02:00,121.97941287878788,12.72035942673431
2472,2025-09-06 16:10:00+02:00,140.95424206349205,12.241504117273408
2473,2025-09-06 16:11:00+02:00,118.75723379629628,11.022776986993607
2474,2025-09-06 16:12:00+02:00,102.3584074074074,9.865109012455138
2475,2025-09-06 16:13:00+02:00,89.28029131054132,8.798491329914063
2476,2025-09-06 16:14:00+02:00,80.54912898212899,8.02571104312884
2477,2025-09-06 16:15:00+02:00,75.06595996732027,7.497563099973224
2478,2025-09-06 16:16:00+02:00,74.65588235294119,7.7666195993166465
2479,2025-09-06 16:17:00+02:00,76.7560407239819,8.165221820566169
2480,2025-09-06 16:18:00+02:00,80.49819444444445,8.481889140781067
2481,2025-09-06 16:19:00+02:00,81.58500000000002,8.507355393805343
2482,2025-09-06 16:20:00+02:00,80.98500000000004,8.507355393805343
2483,2025-09-06 16:21:00+02:00,80.57253546099292,8.507355393805343
2484,2025-09-06 16:22:00+02:00,81.0868085106383,8.507355393805343
2485,2025-09-06 16:23:00+02:00,81.81398936170213,8.507355393805343
2486,2025-09-06 16:24:00+02:00,84.69811355311356,8.507355393805343
2487,2025-09-06 16:25:00+02:00,87.81175675675676,8.507355393805343
2488,2025-09-06 16:26:00+02:00,89.53706393140128,8.507355393805343
2489,2025-09-06 16:27:00+02:00,88.42485567269075,8.507355393805343
2490,2025-09-06 16:28:00+02:00,85.51474405025051,8.429740854536986
2491,2025-09-06 16:29:00+02:00,83.81616440019427,8.23543312685816
2492,2025-09-06 16:30:00+02:00,84.67694173103135,8.040039881147614
2493,2025-09-06 16:31:00+02:00,84.45116935483874,7.844646635437064
2494,2025-09-06 16:32:00+02:00,83.57490495391706,7.649253389726514
2495,2025-09-06 16:33:00+02:00,78.65630753968254,7.453860144015966
2496,2025-09-06 16:34:00+02:00,71.25076417004048,7.2769631452523695
2497,2025-09-06 16:35:00+02:00,67.45991143127065,7.123258932629162
2498,2025-09-06 16:36:00+02:00,68.23366836572156,6.9696127019713074
2499,2025-09-06 16:37:00+02:00,69.7146750926862,6.815966471313451
2500,2025-09-06 16:38:00+02:00,69.11756521739127,6.662320240655598
2501,2025-09-06 16:39:00+02:00,68.25627210884353,6.508674009997743
2502,2025-09-06 16:40:00+02:00,67.26367346938774,6.355027779339888
2503,2025-09-06 16:41:00+02:00,65.42847523219815,6.186689518917994
2504,2025-09-06 16:42:00+02:00,62.713093395252834,5.8626157429972725
2505,2025-09-06 16:43:00+02:00,59.37133567821068,5.497404283737239
2506,2025-09-06 16:44:00+02:00,55.08445816864295,5.1307648037324025
2507,2025-09-06 16:45:00+02:00,49.76329797979798,4.712277185916123
2508,2025-09-06 16:46:00+02:00,45.398921107628006,4.267975346943726
2509,2025-09-06 16:47:00+02:00,42.39464352449445,3.9246342241273275
2510,2025-09-06 16:48:00+02:00,40.50921042053185,4.006073621784401
2511,2025-09-06 16:49:00+02:00,39.36923469387754,4.1347736009701315
2512,2025-09-06 16:50:00+02:00,38.10781428571429,4.263473580155862
2513,2025-09-06 16:51:00+02:00,37.40672981220657,4.392173559341592
2514,2025-09-06 16:52:00+02:00,38.101584507042254,4.520873538527324
2515,2025-09-06 16:53:00+02:00,39.56376462478576,4.649573517713055
2516,2025-09-06 16:54:00+02:00,43.45186360153257,4.778273496898786
2517,2025-09-06 16:55:00+02:00,46.90889508856682,4.9069734760845165
2518,2025-09-06 16:56:00+02:00,48.742207147325615,5.022321047791139
2519,2025-09-06 16:57:00+02:00,49.16359712230215,5.087120219755423
2520,2025-09-06 16:58:00+02:00,49.51755395683452,5.14715067476288
2521,2025-09-06 16:59:00+02:00,49.87151079136689,5.207181129770338
2522,2025-09-06 17:00:00+02:00,50.23248337179312,5.267211584777796
2523,2025-09-06 17:01:00+02:00,51.55898879716981,5.327242039785254
2524,2025-09-06 17:02:00+02:00,53.04656249999999,5.387272494792713
2525,2025-09-06 17:03:00+02:00,54.12980595501475,5.44730294980017
2526,2025-09-06 17:04:00+02:00,54.9662389380531,5.507333404807628
2527,2025-09-06 17:05:00+02:00,55.98000000000001,5.567363859815087
2528,2025-09-06 17:06:00+02:00,57.26782258064515,5.710391504192584
2529,2025-09-06 17:07:00+02:00,59.14094870071685,5.957490859378916
2530,2025-09-06 17:08:00+02:00,63.11255636724388,6.127942807240935
2531,2025-09-06 17:09:00+02:00,66.19231962481962,5.919725457817503
2532,2025-09-06 17:10:00+02:00,65.6188095238095,5.6594441566284495
2533,2025-09-06 17:11:00+02:00,64.02711640211639,5.399162855439398
2534,2025-09-06 17:12:00+02:00,58.21436458333333,5.1388815542503465
2535,2025-09-06 17:13:00+02:00,51.3380967911231,4.719711601607925
2536,2025-09-06 17:14:00+02:00,45.90461538461539,4.166097405428033
2537,2025-09-06 17:15:00+02:00,43.69268136335211,3.991634304266686
2538,2025-09-06 17:16:00+02:00,44.37048780487808,4.248087939261783
2539,2025-09-06 17:17:00+02:00,45.83698277545839,4.50454157425688
2540,2025-09-06 17:18:00+02:00,48.41027356624918,4.760995209251976
2541,2025-09-06 17:19:00+02:00,51.3021543040293,5.014370551442909
2542,2025-09-06 17:20:00+02:00,54.428126780626776,5.248639248642487
2543,2025-09-06 17:21:00+02:00,57.85403403403404,5.479617356982441
2544,2025-09-06 17:22:00+02:00,60.05823858341101,5.710595465322395
2545,2025-09-06 17:23:00+02:00,61.62322988505748,5.94157357366235
2546,2025-09-06 17:24:00+02:00,66.7912933671076,6.130002438656176
2547,2025-09-06 17:25:00+02:00,69.44828947368421,5.94921407088479
2548,2025-09-06 17:26:00+02:00,67.19009159482759,5.682972129210491
2549,2025-09-06 17:27:00+02:00,65.60185763888889,5.416730187536192
2550,2025-09-06 17:28:00+02:00,62.3036038961039,5.150488245861894
2551,2025-09-06 17:29:00+02:00,58.94915,5.122508497336394
2552,2025-09-06 17:30:00+02:00,57.462672199730086,5.2964620851634905
2553,2025-09-06 17:31:00+02:00,57.71850202429148,5.470415672990583
2554,2025-09-06 17:32:00+02:00,58.082874493927086,5.644369260817681
2555,2025-09-06 17:33:00+02:00,58.447246963562726,5.81832284864478
2556,2025-09-06 17:34:00+02:00,59.14225737093712,5.992276436471883
2557,2025-09-06 17:35:00+02:00,60.983439844401225,6.148560155424372
2558,2025-09-06 17:36:00+02:00,62.38557614092872,6.132565256321438
2559,2025-09-06 17:37:00+02:00,62.114771689497736,6.072431300529484
2560,2025-09-06 17:38:00+02:00,61.68463470319636,6.012297344737527
2561,2025-09-06 17:39:00+02:00,61.25449771689498,5.952163388945573
2562,2025-09-06 17:40:00+02:00,60.59702661244293,5.892029433153617
2563,2025-09-06 17:41:00+02:00,59.6008621031746,5.8318954773616625
2564,2025-09-06 17:42:00+02:00,58.336047619047626,5.77176152156971
2565,2025-09-06 17:43:00+02:00,56.60424293785311,5.711627565777757
2566,2025-09-06 17:44:00+02:00,54.83942188937065,5.651493609985808
2567,2025-09-06 17:45:00+02:00,52.96863372093024,5.255983968128966
2568,2025-09-06 17:46:00+02:00,51.48316939890711,4.862515509833462
2569,2025-09-06 17:47:00+02:00,49.86195293094883,4.701417614409287
2570,2025-09-06 17:48:00+02:00,48.12364973262032,4.540319718985117
2571,2025-09-06 17:49:00+02:00,47.001691176470594,4.379221823560947
2572,2025-09-06 17:50:00+02:00,45.60888333333333,4.218123928136776
2573,2025-09-06 17:51:00+02:00,43.64585384615384,4.0570260327126055
2574,2025-09-06 17:52:00+02:00,40.15450162156685,3.897031682504796
2575,2025-09-06 17:53:00+02:00,36.02532407407408,3.759935895536481
2576,2025-09-06 17:54:00+02:00,33.35797271985461,3.6319443566031455
2577,2025-09-06 17:55:00+02:00,31.584431698905387,3.5039528176698127
2578,2025-09-06 17:56:00+02:00,30.49230769230769,3.3759612787364808
2579,2025-09-06 17:57:00+02:00,29.64486866791745,3.247119806566342
2580,2025-09-06 17:58:00+02:00,28.62426829268293,3.117595775557335
2581,2025-09-06 17:59:00+02:00,27.64010055626872,2.9880717445483267
2582,2025-09-06 18:00:00+02:00,26.84763157894737,2.85854771353932
2583,2025-09-06 18:01:00+02:00,26.600906148867324,2.7310025218929503
2584,2025-09-06 18:02:00+02:00,26.9348867313916,2.686928372452386
2585,2025-09-06 18:03:00+02:00,27.268867313915862,2.686928372452386
2586,2025-09-06 18:04:00+02:00,27.60284789644013,2.686928372452386
2587,2025-09-06 18:05:00+02:00,27.9368284789644,2.686928372452386
2588,2025-09-06 18:06:00+02:00,28.29419613962089,2.686928372452386
2589,2025-09-06 18:07:00+02:00,28.686726190476183,2.686928372452386
2590,2025-09-06 18:08:00+02:00,29.07958333333333,2.686928372452386
2591,2025-09-06 18:09:00+02:00,29.472440476190467,2.686928372452386
2592,2025-09-06 18:10:00+02:00,29.915743714711837,2.686928372452386
2593,2025-09-06 18:11:00+02:00,30.50979865771811,2.69577241201244
2594,2025-09-06 18:12:00+02:00,31.14688114562197,2.7501000835956315
2595,2025-09-06 18:13:00+02:00,32.70497606019152,2.810744926293148
2596,2025-09-06 18:14:00+02:00,33.907795624159824,2.8713897689906647
2597,2025-09-06 18:15:00+02:00,34.51251773049645,2.9320346116881817
2598,2025-09-06 18:16:00+02:00,34.7777659574468,2.992679454385698
2599,2025-09-06 18:17:00+02:00,35.043014184397144,3.053324297083215
2600,2025-09-06 18:18:00+02:00,35.30826241134749,3.11396913978073
2601,2025-09-06 18:19:00+02:00,35.57351063829784,3.174613982478246
2602,2025-09-06 18:20:00+02:00,35.83875886524819,3.2352588251757632
2603,2025-09-06 18:21:00+02:00,36.10400709219856,3.239554501533506
2604,2025-09-06 18:22:00+02:00,35.73156249999999,3.1225604924962136
2605,2025-09-06 18:23:00+02:00,34.42046401515151,3.0012708071011813
2606,2025-09-06 18:24:00+02:00,32.285725267379675,2.8799811217061486
2607,2025-09-06 18:25:00+02:00,30.30850354030501,2.758691436311115
2608,2025-09-06 18:26:00+02:00,28.88525267094017,2.6374017509160828
2609,2025-09-06 18:27:00+02:00,27.48621737466514,2.5161120655210496
2610,2025-09-06 18:28:00+02:00,26.097611940298503,2.3948223801260173
2611,2025-09-06 18:29:00+02:00,25.551226765799257,2.2735326947309824
2612,2025-09-06 18:30:00+02:00,25.885799256505575,2.15241146723233
2613,2025-09-06 18:31:00+02:00,26.2203717472119,2.098673398286474
2614,2025-09-06 18:32:00+02:00,26.55494423791822,2.098673398286474
2615,2025-09-06 18:33:00+02:00,27.102989360338423,2.098673398286474
2616,2025-09-06 18:34:00+02:00,28.73612818590705,2.098673398286474
2617,2025-09-06 18:35:00+02:00,29.90961738257377,2.098673398286474
2618,2025-09-06 18:36:00+02:00,29.416807228915676,2.098673398286474
2619,2025-09-06 18:37:00+02:00,28.874638554216872,2.098673398286474
2620,2025-09-06 18:38:00+02:00,28.9040625,2.098673398286474
2621,2025-09-06 18:39:00+02:00,29.4665625,2.098673398286474
2622,2025-09-06 18:40:00+02:00,29.942279317010307,2.084761963086605
2623,2025-09-06 18:41:00+02:00,29.34,1.8979512618312144
2624,2025-09-06 18:42:00+02:00,28.174562732309425,1.6594695155477366
2625,2025-09-06 18:43:00+02:00,26.586921768707484,1.4860743444591713
2626,2025-09-06 18:44:00+02:00,25.394632327132328,1.4251024791633458
2627,2025-09-06 18:45:00+02:00,24.050470085470085,1.366047730203243
2628,2025-09-06 18:46:00+02:00,21.979644334160465,1.3069929812431398
2629,2025-09-06 18:47:00+02:00,20.2484872080089,1.2479382322830368
2630,2025-09-06 18:48:00+02:00,17.951391283524902,1.1888834833229338
2631,2025-09-06 18:49:00+02:00,13.895297619047618,1.129828734362831
2632,2025-09-06 18:50:00+02:00,11.176118188512518,1.0707739854027278
2633,2025-09-06 18:51:00+02:00,10.406932989690718,1.0103163158894863
2634,2025-09-06 18:52:00+02:00,9.8966237113402,0.9345769676653526
2635,2025-09-06 18:53:00+02:00,9.326445244115927,0.6857412228287554
2636,2025-09-06 18:54:00+02:00,7.747693492491336,0.2676931125314761
2637,2025-09-06 18:55:00+02:00,6.187398573887386,0.1010688633021716
2638,2025-09-06 18:56:00+02:00,5.899913941480204,0.1010688633021716
2639,2025-09-06 18:57:00+02:00,5.753270223752146,0.1010688633021716
2640,2025-09-06 18:58:00+02:00,5.606626506024089,0.1010688633021716
2641,2025-09-06 18:59:00+02:00,5.459982788296031,0.1010688633021716
2642,2025-09-06 19:00:00+02:00,5.313339070567974,0.1010688633021716
2643,2025-09-06 19:01:00+02:00,5.166695352839921,0.1010688633021716
2644,2025-09-06 19:02:00+02:00,5.0200516351118685,0.1010688633021716
2645,2025-09-06 19:03:00+02:00,4.873407917383816,0.1010688633021716
2646,2025-09-06 19:04:00+02:00,4.726764199655764,0.1010688633021716
2647,2025-09-06 19:05:00+02:00,4.460208202191301,0.1010688633021716
2648,2025-09-06 19:06:00+02:00,3.947352941176472,0.1010688633021716
2649,2025-09-06 19:07:00+02:00,3.4179411764705887,0.1010688633021716
2650,2025-09-06 19:08:00+02:00,2.936317016317016,0.1010688633021716
2651,2025-09-06 19:09:00+02:00,2.597499999999998,0.1010688633021716
2652,2025-09-06 19:10:00+02:00,2.268129370629368,0.1010688633021716
2653,2025-09-06 19:11:00+02:00,1.93875874125874,0.1010688633021716
2654,2025-09-06 19:12:00+02:00,1.609388111888111,0.1010688633021716
2655,2025-09-06 19:13:00+02:00,1.371522020362227,0.1010688633021716
2656,2025-09-06 19:14:00+02:00,1.2554639175257738,0.1010688633021716
2657,2025-09-06 19:15:00+02:00,1.140000000000001,0.1010688633021716
2658,2025-09-06 19:16:00+02:00,1.0245360824742282,0.1010688633021716
2659,2025-09-06 19:17:00+02:00,0.909072164948455,0.1010688633021716
2660,2025-09-06 19:18:00+02:00,0.7936082474226817,0.1010688633021716
2661,2025-09-06 19:19:00+02:00,0.6781443298969081,0.1010688633021716
2662,2025-09-06 19:20:00+02:00,0.5626804123711346,0.1010688633021716
2663,2025-09-06 19:21:00+02:00,0.4472164948453611,0.1010688633021716
2664,2025-09-06 19:22:00+02:00,0.3338633131887665,0.1010688633021716
2665,2025-09-06 19:23:00+02:00,0.2775000000000001,0.1010688633021716
2666,2025-09-06 19:24:00+02:00,0.2464655172413797,0.1010688633021716
2667,2025-09-06 19:25:00+02:00,0.2154310344827589,0.1010688633021716
2668,2025-09-06 19:26:00+02:00,0.1843965517241381,0.1010688633021716
2669,2025-09-06 19:27:00+02:00,0.1533620689655174,0.1010688633021716
2670,2025-09-06 19:28:00+02:00,0.1223275862068967,0.1010688633021716
2671,2025-09-06 19:29:00+02:00,0.0912931034482759,0.1010688633021716
2672,2025-09-06 19:30:00+02:00,0.0602586206896551,0.1010688633021716
2673,2025-09-06 19:31:00+02:00,0.0292241379310344,0.1010688633021716
2674,2025-09-06 19:32:00+02:00,0.0061798919817199,0.1010688633021716
2675,2025-09-06 19:33:00+02:00,0.0176850258175558,0.1010688633021716
2676,2025-09-06 19:34:00+02:00,0.0331755593803786,0.1010688633021716
2677,2025-09-06 19:35:00+02:00,0.0486660929432013,0.1010688633021716
2678,2025-09-06 19:36:00+02:00,0.064156626506024,0.1010688633021716
2679,2025-09-06 19:37:00+02:00,0.0796471600688467,0.1010688633021716
2680,2025-09-06 19:38:00+02:00,0.0951376936316694,0.1010688633021716
2681,2025-09-06 19:39:00+02:00,0.1106282271944922,0.1010688633021716
2682,2025-09-06 19:40:00+02:00,0.1261187607573149,0.1010688633021716
2683,2025-09-06 19:41:00+02:00,0.1416092943201377,0.1010688633021716
2684,2025-09-06 19:42:00+02:00,0.15,0.1010688633021716
2685,2025-09-06 19:43:00+02:00,0.15,0.1010688633021716
2686,2025-09-06 19:44:00+02:00,0.15,0.1010688633021716
2687,2025-09-06 19:45:00+02:00,0.15,0.1010688633021716
2688,2025-09-06 19:46:00+02:00,0.15,0.1010688633021716
2689,2025-09-06 19:47:00+02:00,0.15,0.1010688633021716
2690,2025-09-06 19:48:00+02:00,0.15,0.1010688633021716
2691,2025-09-06 19:49:00+02:00,0.15,0.1010688633021716
2692,2025-09-06 19:50:00+02:00,0.15,0.1010688633021716
2693,2025-09-06 19:51:00+02:00,0.1502405498281787,0.1010688633021716
2694,2025-09-06 19:52:00+02:00,0.1554725085910652,0.1010688633021716
2695,2025-09-06 19:53:00+02:00,0.162689003436426,0.1010688633021716
2696,2025-09-06 19:54:00+02:00,0.1699054982817868,0.1010688633021716
2697,2025-09-06 19:55:00+02:00,0.1771219931271476,0.1010688633021716
2698,2025-09-06 19:56:00+02:00,0.1843384879725084,0.1010688633021716
2699,2025-09-06 19:57:00+02:00,0.1915549828178692,0.1010688633021716
2700,2025-09-06 19:58:00+02:00,0.19877147766323,0.1010688633021716
2701,2025-09-06 19:59:00+02:00,0.2059879725085908,0.1010688633021716
2702,2025-09-06 20:00:00+02:00,0.2132044673539517,0.1010688633021716
2703,2025-09-07 05:00:00+02:00,0.1027022375215147,0.1010688633021716
2704,2025-09-07 05:01:00+02:00,0.0944406196213426,0.1010688633021716
2705,2025-09-07 05:02:00+02:00,0.0861790017211704,0.1010688633021716
2706,2025-09-07 05:03:00+02:00,0.0779173838209982,0.1010688633021716
2707,2025-09-07 05:04:00+02:00,0.0724697806002334,0.1010688633021716
2708,2025-09-07 05:05:00+02:00,0.0793103448275861,0.1010688633021716
2709,2025-09-07 05:06:00+02:00,0.0875862068965515,0.1010688633021716
2710,2025-09-07 05:07:00+02:00,0.095862068965517,0.1010688633021716
2711,2025-09-07 05:08:00+02:00,0.1041379310344826,0.1010688633021716
2712,2025-09-07 05:09:00+02:00,0.1124137931034481,0.1010688633021716
2713,2025-09-07 05:10:00+02:00,0.1206896551724137,0.1010688633021716
2714,2025-09-07 05:11:00+02:00,0.1289655172413791,0.1010688633021716
2715,2025-09-07 05:12:00+02:00,0.1372413793103446,0.1010688633021716
2716,2025-09-07 05:13:00+02:00,0.1455172413793103,0.1010688633021716
2717,2025-09-07 05:14:00+02:00,0.1533132530120481,0.1010688633021716
2718,2025-09-07 05:15:00+02:00,0.1605421686746986,0.1010688633021716
2719,2025-09-07 05:16:00+02:00,0.1677710843373491,0.1010688633021716
2720,2025-09-07 05:17:00+02:00,0.1749999999999996,0.1010688633021716
2721,2025-09-07 05:18:00+02:00,0.1822289156626503,0.1010688633021716
2722,2025-09-07 05:19:00+02:00,0.189457831325301,0.1010688633021716
2723,2025-09-07 05:20:00+02:00,0.1966867469879516,0.1010688633021716
2724,2025-09-07 05:21:00+02:00,0.2039156626506023,0.1010688633021716
2725,2025-09-07 05:22:00+02:00,0.2111445783132529,0.1010688633021716
2726,2025-09-07 05:23:00+02:00,0.2176914900983243,0.1010688633021716
2727,2025-09-07 05:24:00+02:00,0.204258620689655,0.1010688633021716
2728,2025-09-07 05:25:00+02:00,0.1814999999999998,0.1010688633021716
2729,2025-09-07 05:26:00+02:00,0.1587413793103445,0.1010688633021716
2730,2025-09-07 05:27:00+02:00,0.1359827586206893,0.1010688633021716
2731,2025-09-07 05:28:00+02:00,0.1132241379310342,0.1010688633021716
2732,2025-09-07 05:29:00+02:00,0.090465517241379,0.1010688633021716
2733,2025-09-07 05:30:00+02:00,0.0677068965517239,0.1010688633021716
2734,2025-09-07 05:31:00+02:00,0.0449482758620688,0.1010688633021716
2735,2025-09-07 05:32:00+02:00,0.0221896551724137,0.1010688633021716
2736,2025-09-07 05:33:00+02:00,0.0053852648418058,0.1010688633021716
2737,2025-09-07 05:34:00+02:00,0.0171391752577319,0.1010688633021716
2738,2025-09-07 05:35:00+02:00,0.0326030927835051,0.1010688633021716
2739,2025-09-07 05:36:00+02:00,0.0480670103092783,0.1010688633021716
2740,2025-09-07 05:37:00+02:00,0.0635309278350515,0.1010688633021716
2741,2025-09-07 05:38:00+02:00,0.0789948453608246,0.1010688633021716
2742,2025-09-07 05:39:00+02:00,0.0944587628865978,0.1010688633021716
2743,2025-09-07 05:40:00+02:00,0.109922680412371,0.1010688633021716
2744,2025-09-07 05:41:00+02:00,0.1253865979381442,0.1010688633021716
2745,2025-09-07 05:42:00+02:00,0.1408505154639174,0.1010688633021716
2746,2025-09-07 05:43:00+02:00,0.1720870300051457,0.1010688633021716
2747,2025-09-07 05:44:00+02:00,0.2256282271944921,0.1010688633021716
2748,2025-09-07 05:45:00+02:00,0.2793287435456108,0.1010688633021716
2749,2025-09-07 05:46:00+02:00,0.3330292598967294,0.1010688633021716
2750,2025-09-07 05:47:00+02:00,0.386729776247848,0.1010688633021716
2751,2025-09-07 05:48:00+02:00,0.4404302925989666,0.1010688633021716
2752,2025-09-07 05:49:00+02:00,0.4941308089500855,0.1010688633021716
2753,2025-09-07 05:50:00+02:00,0.5478313253012047,0.1010688633021716
2754,2025-09-07 05:51:00+02:00,0.6015318416523238,0.1010688633021716
2755,2025-09-07 05:52:00+02:00,0.65466570716363,0.1010688633021716
2756,2025-09-07 05:53:00+02:00,0.6925000000000003,0.1010688633021716
2757,2025-09-07 05:54:00+02:00,0.7235344827586214,0.1010688633021716
2758,2025-09-07 05:55:00+02:00,0.7545689655172425,0.1010688633021716
2759,2025-09-07 05:56:00+02:00,0.7856034482758635,0.1010688633021716
2760,2025-09-07 05:57:00+02:00,0.8166379310344841,0.1010688633021716
2761,2025-09-07 05:58:00+02:00,0.8476724137931044,0.1010688633021716
2762,2025-09-07 05:59:00+02:00,0.878706896551725,0.1010688633021716
2763,2025-09-07 06:00:00+02:00,0.9097413793103452,0.1010688633021716
2764,2025-09-07 06:01:00+02:00,0.9407758620689658,0.1010688633021716
2765,2025-09-07 06:02:00+02:00,0.9706648626801524,0.1010688633021716
2766,2025-09-07 06:03:00+02:00,0.9950514579759862,0.1010688633021716
2767,2025-09-07 06:04:00+02:00,1.018722126929675,0.1010688633021716
2768,2025-09-07 06:05:00+02:00,1.042392795883363,0.1010688633021716
2769,2025-09-07 06:06:00+02:00,1.0660634648370506,0.1010688633021716
2770,2025-09-07 06:07:00+02:00,1.0897341337907382,0.1010688633021716
2771,2025-09-07 06:08:00+02:00,1.113404802744426,0.1010688633021716
2772,2025-09-07 06:09:00+02:00,1.1370754716981135,0.1010688633021716
2773,2025-09-07 06:10:00+02:00,1.1607461406518012,0.1010688633021716
2774,2025-09-07 06:11:00+02:00,1.1844168096054888,0.1010688633021716
2775,2025-09-07 06:12:00+02:00,1.2295926243567756,0.1010688633021716
2776,2025-09-07 06:13:00+02:00,1.313224699828475,0.1010688633021716
2777,2025-09-07 06:14:00+02:00,1.397615780445971,0.1010688633021716
2778,2025-09-07 06:15:00+02:00,1.482006861063467,0.1010688633021716
2779,2025-09-07 06:16:00+02:00,1.566397941680962,0.1010688633021716
2780,2025-09-07 06:17:00+02:00,1.6507890222984571,0.1010688633021716
2781,2025-09-07 06:18:00+02:00,1.735180102915953,0.1010688633021716
2782,2025-09-07 06:19:00+02:00,1.819571183533448,0.1010688633021716
2783,2025-09-07 06:20:00+02:00,1.903962264150944,0.1010688633021716
2784,2025-09-07 06:21:00+02:00,1.9898309748427672,0.1010688633021716
2785,2025-09-07 06:22:00+02:00,2.205731132075472,0.1010688633021716
2786,2025-09-07 06:23:00+02:00,2.502900943396227,0.1010688633021716
2787,2025-09-07 06:24:00+02:00,2.8000707547169816,0.10942251764307706
2788,2025-09-07 06:25:00+02:00,3.08646621554875,0.17792248323850238
2789,2025-09-07 06:26:00+02:00,3.3271989528795807,0.2581175649111954
2790,2025-09-07 06:27:00+02:00,3.562801047120418,0.3502073336146373
2791,2025-09-07 06:28:00+02:00,3.798403141361256,0.4428674817733127
2792,2025-09-07 06:29:00+02:00,4.034005235602094,0.535527629931988
2793,2025-09-07 06:30:00+02:00,4.269607329842933,0.6281877780906627
2794,2025-09-07 06:31:00+02:00,4.521124927283305,0.7153200341229764
2795,2025-09-07 06:32:00+02:00,5.202361111111112,0.7904065922489675
2796,2025-09-07 06:33:00+02:00,6.073765025990904,0.8643797622872071
2797,2025-09-07 06:34:00+02:00,6.938421052631579,0.9150459579112156
2798,2025-09-07 06:35:00+02:00,7.685024685206994,0.9171200127028416
2799,2025-09-07 06:36:00+02:00,7.795877796901894,0.9171200127028416
2800,2025-09-07 06:37:00+02:00,7.811368330464716,0.9171200127028416
2801,2025-09-07 06:38:00+02:00,7.826858864027538,0.9171200127028416
2802,2025-09-07 06:39:00+02:00,7.84234939759036,0.9171200127028416
2803,2025-09-07 06:40:00+02:00,7.857839931153182,0.9171200127028416
2804,2025-09-07 06:41:00+02:00,7.873330464716004,0.9171200127028416
2805,2025-09-07 06:42:00+02:00,7.888820998278827,0.9171200127028416
2806,2025-09-07 06:43:00+02:00,7.904311531841649,0.9171200127028416
2807,2025-09-07 06:44:00+02:00,7.919802065404472,0.9171200127028416
2808,2025-09-07 06:45:00+02:00,8.051356368330465,0.9171200127028416
2809,2025-09-07 06:46:00+02:00,8.390460000000001,0.9171200127028416
2810,2025-09-07 06:47:00+02:00,8.73366,0.9171200127028416
2811,2025-09-07 06:48:00+02:00,9.07686,0.9171200127028416
2812,2025-09-07 06:49:00+02:00,9.411101720430109,0.9171200127028416
2813,2025-09-07 06:50:00+02:00,9.717048387096776,0.9171200127028416
2814,2025-09-07 06:51:00+02:00,10.02091935483871,0.9171200127028416
2815,2025-09-07 06:52:00+02:00,10.324790322580649,0.9171200127028416
2816,2025-09-07 06:53:00+02:00,10.628661290322585,0.9563115675316198
2817,2025-09-07 06:54:00+02:00,11.038594758064514,1.2886110721681527
2818,2025-09-07 06:55:00+02:00,12.04906501004016,1.5081245569558455
2819,2025-09-07 06:56:00+02:00,12.512951807228916,1.5087097637638558
2820,2025-09-07 06:57:00+02:00,12.635843373493977,1.5087097637638558
2821,2025-09-07 06:58:00+02:00,12.758734939759035,1.5087097637638558
2822,2025-09-07 06:59:00+02:00,12.881626506024096,1.5087097637638558
2823,2025-09-07 07:00:00+02:00,13.00451807228916,1.5087097637638558
2824,2025-09-07 07:01:00+02:00,13.127409638554218,1.5087097637638558
2825,2025-09-07 07:02:00+02:00,13.25030120481928,1.5087097637638558
2826,2025-09-07 07:03:00+02:00,13.37319277108434,1.5087097637638558
2827,2025-09-07 07:04:00+02:00,13.4960843373494,1.5105743537314487
2828,2025-09-07 07:05:00+02:00,13.682840791738384,1.5555517798970862
2829,2025-09-07 07:06:00+02:00,14.29618956043956,1.6164057427418368
2830,2025-09-07 07:07:00+02:00,15.020499999999998,1.6772597055865863
2831,2025-09-07 07:08:00+02:00,15.78156043956044,1.7381136684313352
2832,2025-09-07 07:09:00+02:00,16.634285714285717,1.7989676312760845
2833,2025-09-07 07:10:00+02:00,17.613595505617976,1.859821594120834
2834,2025-09-07 07:11:00+02:00,18.610900043343445,1.9206755569655831
2835,2025-09-07 07:12:00+02:00,18.97928783382788,1.9815295198103318
2836,2025-09-07 07:13:00+02:00,19.24635014836794,2.0423834826550813
2837,2025-09-07 07:14:00+02:00,19.513412462908004,2.093179637751879
2838,2025-09-07 07:15:00+02:00,19.780474777448067,2.098673398286474
2839,2025-09-07 07:16:00+02:00,20.04753709198813,2.098673398286474
2840,2025-09-07 07:17:00+02:00,20.23604792967018,2.098673398286474
2841,2025-09-07 07:18:00+02:00,20.30645689655172,2.098673398286474
2842,2025-09-07 07:19:00+02:00,20.375767241379307,2.098673398286474
2843,2025-09-07 07:20:00+02:00,20.44507758620689,2.098673398286474
2844,2025-09-07 07:21:00+02:00,20.51438793103448,2.098673398286474
2845,2025-09-07 07:22:00+02:00,20.583698275862066,2.098673398286474
2846,2025-09-07 07:23:00+02:00,20.653008620689647,2.098673398286474
2847,2025-09-07 07:24:00+02:00,20.722318965517232,2.1549789279422473
2848,2025-09-07 07:25:00+02:00,20.791629310344817,2.295939624562994
2849,2025-09-07 07:26:00+02:00,20.89582454361054,2.4376878111089963
2850,2025-09-07 07:27:00+02:00,21.67147414611006,2.579435997655
2851,2025-09-07 07:28:00+02:00,21.96081653225808,2.6822034329008524
2852,2025-09-07 07:29:00+02:00,22.17734879032261,2.686928372452386
2853,2025-09-07 07:30:00+02:00,22.39388104838713,2.686928372452386
2854,2025-09-07 07:31:00+02:00,22.610413306451637,2.686928372452386
2855,2025-09-07 07:32:00+02:00,22.826945564516148,2.686928372452386
2856,2025-09-07 07:33:00+02:00,23.043477822580652,2.686928372452386
2857,2025-09-07 07:34:00+02:00,23.260010080645163,2.686928372452386
2858,2025-09-07 07:35:00+02:00,23.5957721203591,2.686928372452386
2859,2025-09-07 07:36:00+02:00,24.804182209209856,2.686928372452386
2860,2025-09-07 07:37:00+02:00,24.546896551724128,2.686928372452386
2861,2025-09-07 07:38:00+02:00,23.98137931034482,2.5934196337843938
2862,2025-09-07 07:39:00+02:00,22.874125183119222,2.389400567599684
2863,2025-09-07 07:40:00+02:00,21.371736111111105,2.185381501414974
2864,2025-09-07 07:41:00+02:00,20.713402777777777,1.981362435230265
2865,2025-09-07 07:42:00+02:00,18.603847853535356,1.7773433690455565
2866,2025-09-07 07:43:00+02:00,14.53090845372386,1.5770079804447383
2867,2025-09-07 07:44:00+02:00,13.292085889570556,1.5087097637638558
2868,2025-09-07 07:45:00+02:00,12.688404907975462,1.5087097637638558
2869,2025-09-07 07:46:00+02:00,12.071809583565718,1.5087097637638558
2870,2025-09-07 07:47:00+02:00,11.397045454545456,1.5087097637638558
2871,2025-09-07 07:48:00+02:00,10.797005582137162,1.5087097637638558
2872,2025-09-07 07:49:00+02:00,10.946754385964915,1.5087097637638558
2873,2025-09-07 07:50:00+02:00,11.277280701754394,1.5087097637638558
2874,2025-09-07 07:51:00+02:00,11.60780701754387,1.5087097637638558
2875,2025-09-07 07:52:00+02:00,11.938333333333338,1.5087097637638558
2876,2025-09-07 07:53:00+02:00,12.49028212422949,1.5387503799084037
2877,2025-09-07 07:54:00+02:00,13.625795480354304,1.6819927915856219
2878,2025-09-07 07:55:00+02:00,14.506218487394955,1.836796732155599
2879,2025-09-07 07:56:00+02:00,15.890751416845807,1.9916006727255753
2880,2025-09-07 07:57:00+02:00,20.73651162790697,2.1464046132955517
2881,2025-09-07 07:58:00+02:00,25.194033680834,2.3012085538655276
2882,2025-09-07 07:59:00+02:00,18.40460098522168,2.4560124944355044
2883,2025-09-07 08:00:00+02:00,19.37502556022409,2.6108164350054794
2884,2025-09-07 08:01:00+02:00,20.859099264705897,2.7567407331997016
2885,2025-09-07 08:02:00+02:00,22.343658088235312,2.894076524833766
2886,2025-09-07 08:03:00+02:00,23.82821691176472,3.031412316467831
2887,2025-09-07 08:04:00+02:00,25.35658717105264,3.168748108101895
2888,2025-09-07 08:05:00+02:00,28.840586124401916,3.3060838997359596
2889,2025-09-07 08:06:00+02:00,31.49461734997029,3.441947059322426
2890,2025-09-07 08:07:00+02:00,32.01088235294118,3.57765793231594
2891,2025-09-07 08:08:00+02:00,32.516764705882345,3.713368805309455
2892,2025-09-07 08:09:00+02:00,34.07762578108166,3.898103674854527
2893,2025-09-07 08:10:00+02:00,42.148417022792025,4.4596229750387
2894,2025-09-07 08:11:00+02:00,46.888621913580245,4.975144451297956
2895,2025-09-07 08:12:00+02:00,47.89897222222223,5.019585957872032
2896,2025-09-07 08:13:00+02:00,48.42230555555557,5.019585957872032
2897,2025-09-07 08:14:00+02:00,48.9918498931624,5.019585957872032
2898,2025-09-07 08:15:00+02:00,49.84822115384616,5.019585957872032
2899,2025-09-07 08:16:00+02:00,51.9186647033522,5.019585957872032
2900,2025-09-07 08:17:00+02:00,52.733269980506826,5.019585957872032
2901,2025-09-07 08:18:00+02:00,48.79646802325581,5.019585957872032
2902,2025-09-07 08:19:00+02:00,48.75114380635975,5.019585957872032
2903,2025-09-07 08:20:00+02:00,46.92030612244898,5.019585957872032
2904,2025-09-07 08:21:00+02:00,46.74666666666668,5.173293745513323
2905,2025-09-07 08:22:00+02:00,49.66193191865606,5.508656191276144
2906,2025-09-07 08:23:00+02:00,54.15688864942528,5.844018637038962
2907,2025-09-07 08:24:00+02:00,57.4075625,6.127764706369009
2908,2025-09-07 08:25:00+02:00,59.87593137254902,6.061257554672723
2909,2025-09-07 08:26:00+02:00,59.38338235294117,5.928136583835569
2910,2025-09-07 08:27:00+02:00,58.45838782763965,5.7950156129984185
2911,2025-09-07 08:28:00+02:00,57.47062153053133,5.661894642161265
2912,2025-09-07 08:29:00+02:00,55.27107466063348,5.528773671324114
2913,2025-09-07 08:30:00+02:00,53.73209383753502,5.395652700486968
2914,2025-09-07 08:31:00+02:00,52.34510382059801,5.262531729649822
2915,2025-09-07 08:32:00+02:00,51.542674418604655,5.129410758812677
2916,2025-09-07 08:33:00+02:00,50.6128175313059,5.061549531513563
2917,2025-09-07 08:34:00+02:00,48.197838104877576,5.174120343090902
2918,2025-09-07 08:35:00+02:00,45.325148305084745,5.296929126046301
2919,2025-09-07 08:36:00+02:00,45.97399660637773,5.4197379090017
2920,2025-09-07 08:37:00+02:00,45.35999999999999,5.542546691957098
2921,2025-09-07 08:38:00+02:00,44.77874025031743,5.665355474912499
2922,2025-09-07 08:39:00+02:00,45.39076576576576,5.788164257867896
2923,2025-09-07 08:40:00+02:00,46.6588536036036,5.910973040823297
2924,2025-09-07 08:41:00+02:00,50.01201298701299,6.033781823778696
2925,2025-09-07 08:42:00+02:00,54.188372319688106,6.148495628895846
2926,2025-09-07 08:43:00+02:00,55.23917989417989,6.080925632536166
2927,2025-09-07 08:44:00+02:00,55.73759259259258,5.937984262211035
2928,2025-09-07 08:45:00+02:00,56.168418209876535,5.795042891885901
2929,2025-09-07 08:46:00+02:00,55.78479166666665,5.652101521560762
2930,2025-09-07 08:47:00+02:00,55.159791666666656,5.509160151235626
2931,2025-09-07 08:48:00+02:00,54.42972822681705,5.366218780910488
2932,2025-09-07 08:49:00+02:00,53.55109022556392,5.223277410585352
2933,2025-09-07 08:50:00+02:00,51.429388575605685,5.080733099622227
2934,2025-09-07 08:51:00+02:00,46.33511111111111,5.019585957872032
2935,2025-09-07 08:52:00+02:00,44.71863782051283,5.019585957872032
2936,2025-09-07 08:53:00+02:00,45.02056089743591,5.019585957872032
2937,2025-09-07 08:54:00+02:00,45.32248397435898,5.019585957872032
2938,2025-09-07 08:55:00+02:00,45.624407051282056,5.019585957872032
2939,2025-09-07 08:56:00+02:00,45.92633012820513,5.019585957872032
2940,2025-09-07 08:57:00+02:00,45.94421650432125,5.019585957872032
2941,2025-09-07 08:58:00+02:00,45.45217877094973,5.019585957872032
2942,2025-09-07 08:59:00+02:00,44.94938547486034,5.019585957872032
2943,2025-09-07 09:00:00+02:00,44.060863382427634,5.019585957872032
2944,2025-09-07 09:01:00+02:00,43.499848484848485,5.019585957872032
2945,2025-09-07 09:02:00+02:00,44.27867768595042,5.019585957872032
2946,2025-09-07 09:03:00+02:00,45.0795,5.019585957872032
2947,2025-09-07 09:04:00+02:00,45.89950000000001,5.019585957872032
2948,2025-09-07 09:05:00+02:00,47.28360180754918,5.019585957872032
2949,2025-09-07 09:06:00+02:00,45.37796009292004,5.019585957872032
2950,2025-09-07 09:07:00+02:00,43.665,5.019585957872032
2951,2025-09-07 09:08:00+02:00,45.7536217948718,5.019585957872032
2952,2025-09-07 09:09:00+02:00,48.194211570593154,5.019585957872032
2953,2025-09-07 09:10:00+02:00,48.53778195488725,5.091952447692803
2954,2025-09-07 09:11:00+02:00,48.87612781954891,5.301372208031283
2955,2025-09-07 09:12:00+02:00,49.21447368421054,5.514041076075995
2956,2025-09-07 09:13:00+02:00,49.83796789270473,5.7267099441207066
2957,2025-09-07 09:14:00+02:00,51.80913454438045,5.93937881216542
2958,2025-09-07 09:15:00+02:00,54.23835007932311,6.12979882346675
2959,2025-09-07 09:16:00+02:00,56.99972350230414,6.003167735886335
2960,2025-09-07 09:17:00+02:00,55.56560544217688,5.77218962754638
2961,2025-09-07 09:18:00+02:00,52.01781818181818,5.541211519206426
2962,2025-09-07 09:19:00+02:00,49.85069344608879,5.310233410866472
2963,2025-09-07 09:20:00+02:00,48.90441860465115,5.095342752319857
2964,2025-09-07 09:21:00+02:00,48.19301044540796,5.173870664823507
2965,2025-09-07 09:22:00+02:00,46.96618997175141,5.360882430825297
2966,2025-09-07 09:23:00+02:00,47.18069444444445,5.5478941968270865
2967,2025-09-07 09:24:00+02:00,48.49719246031746,5.7349059628288686
2968,2025-09-07 09:25:00+02:00,51.01024234693877,5.921917728830653
2969,2025-09-07 09:26:00+02:00,54.009503205128205,6.10915697828055
2970,2025-09-07 09:27:00+02:00,55.41461538461538,6.320850698402704
2971,2025-09-07 09:28:00+02:00,56.25036057692307,6.548809485065011
2972,2025-09-07 09:29:00+02:00,58.3459375,6.7767682717273185
2973,2025-09-07 09:30:00+02:00,60.84918560606061,7.004727058389628
2974,2025-09-07 09:31:00+02:00,64.73719696969697,7.232685845051934
2975,2025-09-07 09:32:00+02:00,70.06541666666666,7.811331230055496
2976,2025-09-07 09:33:00+02:00,81.7058723036223,8.8937768358872
2977,2025-09-07 09:34:00+02:00,88.28363675213676,9.372005522785223
2978,2025-09-07 09:35:00+02:00,83.86561475908194,8.708872584716866
2979,2025-09-07 09:36:00+02:00,83.83209302325581,8.926340683186945
2980,2025-09-07 09:37:00+02:00,85.02911175710595,9.379297752788672
2981,2025-09-07 09:38:00+02:00,91.28761224668064,9.503319622265861
2982,2025-09-07 09:39:00+02:00,89.03268867924528,8.980502410307924
2983,2025-09-07 09:40:00+02:00,81.37344473938224,8.451365035311714
2984,2025-09-07 09:41:00+02:00,81.84914351851852,7.966149791677763
2985,2025-09-07 09:42:00+02:00,73.87783333333333,7.474916620405064
2986,2025-09-07 09:43:00+02:00,60.398829365079365,6.658514651146248
2987,2025-09-07 09:44:00+02:00,52.99348060344828,6.111820632418604
2988,2025-09-07 09:45:00+02:00,53.58822948175035,5.973417083373631
2989,2025-09-07 09:46:00+02:00,57.53980555555555,5.835013534328659
2990,2025-09-07 09:47:00+02:00,54.74837037505623,5.696609985283686
2991,2025-09-07 09:48:00+02:00,51.75425480769232,5.558206436238715
2992,2025-09-07 09:49:00+02:00,51.2782932692308,5.419802887193743
2993,2025-09-07 09:50:00+02:00,50.80233173076925,5.28139933814877
2994,2025-09-07 09:51:00+02:00,50.11528846153846,5.142995789103798
2995,2025-09-07 09:52:00+02:00,49.257458333333325,5.188668960288638
2996,2025-09-07 09:53:00+02:00,51.0945,5.811254258409274
2997,2025-09-07 09:54:00+02:00,59.24115625,6.3094917206089045
2998,2025-09-07 09:55:00+02:00,62.58620689655172,6.599453855891612
2999,2025-09-07 09:56:00+02:00,60.858095238095245,6.888895302857032
3000,2025-09-07 09:57:00+02:00,62.2805,7.178336749822451
3001,2025-09-07 09:58:00+02:00,67.25466666666667,7.180352084400755
3002,2025-09-07 09:59:00+02:00,66.53271929824562,6.724974324448693
3003,2025-09-07 10:00:00+02:00,60.13213095238095,6.324125823722487
3004,2025-09-07 10:01:00+02:00,52.99108566252588,6.596300898952994
3005,2025-09-07 10:02:00+02:00,57.39525,7.052218472277609
3006,2025-09-07 10:03:00+02:00,67.93207969114219,7.437952283126453
3007,2025-09-07 10:04:00+02:00,70.26711581541218,7.7050358087332365
3008,2025-09-07 10:05:00+02:00,66.97636363636364,7.970265423633107
3009,2025-09-07 10:06:00+02:00,70.25551195090439,8.235495038532974
3010,2025-09-07 10:07:00+02:00,74.68727252252252,8.375733881788191
3011,2025-09-07 10:08:00+02:00,69.14489001937984,7.444777696973131
3012,2025-09-07 10:09:00+02:00,63.190549418604654,6.593654186448676
3013,2025-09-07 10:10:00+02:00,56.86458225667528,6.7084833198667635
3014,2025-09-07 10:11:00+02:00,75.39446296296296,7.988857461465722
3015,2025-09-07 10:12:00+02:00,74.55534722222222,7.5841223078229945
3016,2025-09-07 10:13:00+02:00,60.37500648148148,6.533150887457376
3017,2025-09-07 10:14:00+02:00,64.76636203703704,7.145329990021553
3018,2025-09-07 10:15:00+02:00,69.16934794372294,7.582461069701575
3019,2025-09-07 10:16:00+02:00,67.0703253968254,7.8648715503439455
3020,2025-09-07 10:17:00+02:00,72.91990476190476,8.147282030986318
3021,2025-09-07 10:18:00+02:00,72.80043492063491,8.421204507738274
3022,2025-09-07 10:19:00+02:00,84.85791666666667,8.413124430097673
3023,2025-09-07 10:20:00+02:00,82.92890053763442,8.266270980163641
3024,2025-09-07 10:21:00+02:00,84.20313116039428,8.119417530229606
3025,2025-09-07 10:22:00+02:00,84.9915625,7.9725640802955695
3026,2025-09-07 10:23:00+02:00,77.79124537037036,7.825710630361536
3027,2025-09-07 10:24:00+02:00,68.68257156970867,7.678857180427501
3028,2025-09-07 10:25:00+02:00,72.21601851851852,7.532003730493465
3029,2025-09-07 10:26:00+02:00,71.9130150462963,7.3968144217651295
3030,2025-09-07 10:27:00+02:00,64.23218660968661,7.48572959652988
3031,2025-09-07 10:28:00+02:00,65.8003105590062,7.6601180683265495
3032,2025-09-07 10:29:00+02:00,62.81125,7.834506540123213
3033,2025-09-07 10:30:00+02:00,62.272298634336686,8.008895011919886
3034,2025-09-07 10:31:00+02:00,64.778327991453,8.183283483716545
3035,2025-09-07 10:32:00+02:00,71.0456923076923,8.35767195551321
3036,2025-09-07 10:33:00+02:00,80.23023518199705,8.54449204844749
3037,2025-09-07 10:34:00+02:00,82.73308411214954,8.77549479488439
3038,2025-09-07 10:35:00+02:00,84.7848100553825,9.010361423566767
3039,2025-09-07 10:36:00+02:00,89.6505137576848,9.245228052249145
3040,2025-09-07 10:37:00+02:00,88.58520917678813,9.480094680931522
3041,2025-09-07 10:38:00+02:00,94.3317015022015,9.859622803398056
3042,2025-09-07 10:39:00+02:00,101.88580555555556,10.644684160591249
3043,2025-09-07 10:40:00+02:00,109.41428240740738,11.05365504082332
3044,2025-09-07 10:41:00+02:00,108.96356986215538,11.32720558481809
3045,2025-09-07 10:42:00+02:00,109.96318713450292,11.60075612881286
3046,2025-09-07 10:43:00+02:00,113.8159889214728,11.874695650102334
3047,2025-09-07 10:44:00+02:00,117.79143244289584,12.304226089272426
3048,2025-09-07 10:45:00+02:00,121.62795238975116,12.857840285452312
3049,2025-09-07 10:46:00+02:00,133.6368220899471,13.728629281526938
3050,2025-09-07 10:47:00+02:00,141.0136273148148,14.087932179245009
3051,2025-09-07 10:48:00+02:00,142.26869444444444,13.564184012069555
3052,2025-09-07 10:49:00+02:00,125.82626984126983,12.610883673381943
3053,2025-09-07 10:50:00+02:00,112.1073646640827,11.228589976323208
3054,2025-09-07 10:51:00+02:00,108.46697674418606,10.495995861662054
3055,2025-09-07 10:52:00+02:00,104.2686030361757,9.97151925475479
3056,2025-09-07 10:53:00+02:00,98.1951851851852,10.311256923494229
3057,2025-09-07 10:54:00+02:00,108.26574508101852,11.100534617275235
3058,2025-09-07 10:55:00+02:00,110.42337239583333,11.553491686876965
3059,2025-09-07 10:56:00+02:00,116.3179415954416,12.05569467044121
3060,2025-09-07 10:57:00+02:00,123.98014376218325,12.82313210861817
3061,2025-09-07 10:58:00+02:00,122.71381303418804,12.896986779471408
3062,2025-09-07 10:59:00+02:00,123.1768923237754,12.384079509481209
3063,2025-09-07 11:00:00+02:00,116.88788095238095,11.628567100785665
3064,2025-09-07 11:01:00+02:00,95.98228333333331,10.044481492269284
3065,2025-09-07 11:02:00+02:00,92.37209444444444,9.359351358955722
3066,2025-09-07 11:03:00+02:00,89.26073770491803,9.01741317896226
3067,2025-09-07 11:04:00+02:00,86.0377794117647,8.675613737930718
3068,2025-09-07 11:05:00+02:00,79.58306074297188,8.66193194183984
3069,2025-09-07 11:06:00+02:00,77.65614457831323,8.923188079362932
3070,2025-09-07 11:07:00+02:00,79.0415332535817,9.184444216886021
3071,2025-09-07 11:08:00+02:00,84.62925,9.445700354409121
3072,2025-09-07 11:09:00+02:00,97.25897486772487,10.209396563998036
3073,2025-09-07 11:10:00+02:00,120.96425925925926,12.494027131728094
3074,2025-09-07 11:11:00+02:00,125.91369047619048,12.816076407494895
3075,2025-09-07 11:12:00+02:00,122.75355555555556,12.222727763576877
3076,2025-09-07 11:13:00+02:00,114.93713384383088,12.30125054946061
3077,2025-09-07 11:14:00+02:00,115.90913338937928,12.714004328861003
3078,2025-09-07 11:15:00+02:00,126.67525595238097,13.065129959545699
3079,2025-09-07 11:16:00+02:00,133.05759550712943,12.806153051866863
3080,2025-09-07 11:17:00+02:00,131.23122469397364,12.388456113431738
3081,2025-09-07 11:18:00+02:00,119.13881084656084,11.675207732828396
3082,2025-09-07 11:19:00+02:00,98.85414351851853,9.994140795639145
3083,2025-09-07 11:20:00+02:00,74.20878769841269,8.013600732587404
3084,2025-09-07 11:21:00+02:00,57.27404463566828,6.543882057645058
3085,2025-09-07 11:22:00+02:00,61.850509334415584,7.399289572376658
3086,2025-09-07 11:23:00+02:00,75.2551917989418,8.312944541913506
3087,2025-09-07 11:24:00+02:00,73.36748148148148,7.772188306819403
3088,2025-09-07 11:25:00+02:00,64.66139814814815,7.459760308834954
3089,2025-09-07 11:26:00+02:00,62.79188718323587,7.695546990613974
3090,2025-09-07 11:27:00+02:00,60.4325303030303,7.936082813781784
3091,2025-09-07 11:28:00+02:00,67.47935515873016,8.1766186369496
3092,2025-09-07 11:29:00+02:00,72.59673141186299,8.417870340543507
3093,2025-09-07 11:30:00+02:00,88.17255949566588,8.722119521633745
3094,2025-09-07 11:31:00+02:00,84.3830950270179,9.065742126159195
3095,2025-09-07 11:32:00+02:00,84.41535714285713,9.409364730684645
3096,2025-09-07 11:33:00+02:00,94.211875,9.771330718363439
3097,2025-09-07 11:34:00+02:00,91.29140105820106,10.17943309397337
3098,2025-09-07 11:35:00+02:00,101.01038105413106,10.589758909965523
3099,2025-09-07 11:36:00+02:00,106.71166666666666,11.014099835437035
3100,2025-09-07 11:37:00+02:00,108.33695370370371,11.458260107647012
3101,2025-09-07 11:38:00+02:00,114.64765802154194,11.866540487285045
3102,2025-09-07 11:39:00+02:00,114.30920535714286,11.399822817581361
3103,2025-09-07 11:40:00+02:00,109.25032051282052,11.081575963245454
3104,2025-09-07 11:41:00+02:00,112.97533333333332,11.64442625009247
3105,2025-09-07 11:42:00+02:00,124.21552777777778,12.955364586058066
3106,2025-09-07 11:43:00+02:00,133.5920833333333,13.894990347478995
3107,2025-09-07 11:44:00+02:00,137.40578125,13.966028774503673
3108,2025-09-07 11:45:00+02:00,134.41975801282052,13.280594549449598
3109,2025-09-07 11:46:00+02:00,114.611579218107,12.19042761561323
3110,2025-09-07 11:47:00+02:00,114.85581750553972,12.551814660341776
3111,2025-09-07 11:48:00+02:00,123.92471296296296,12.920890791128366
3112,2025-09-07 11:49:00+02:00,133.8055603546911,13.198699072298782
3113,2025-09-07 11:50:00+02:00,135.50831521739136,13.322213026570916
3114,2025-09-07 11:51:00+02:00,134.50775778495887,13.443316131985265
3115,2025-09-07 11:52:00+02:00,133.63459459459463,13.564419237399614
3116,2025-09-07 11:53:00+02:00,131.58005065505066,13.68552234281396
3117,2025-09-07 11:54:00+02:00,128.4250305250305,13.806625448228305
3118,2025-09-07 11:55:00+02:00,129.03346153846155,13.927728553642659
3119,2025-09-07 11:56:00+02:00,130.4624434794596,14.048831659057006
3120,2025-09-07 11:57:00+02:00,135.56720085470087,14.169934764471366
3121,2025-09-07 11:58:00+02:00,140.20977243659618,14.279496118524639
3122,2025-09-07 11:59:00+02:00,139.22330935251804,13.988720739714621
3123,2025-09-07 12:00:00+02:00,137.52444890241657,13.497485607893028
3124,2025-09-07 12:01:00+02:00,129.98178872053873,12.780696303609565
3125,2025-09-07 12:02:00+02:00,118.097375,11.617584188113577
3126,2025-09-07 12:03:00+02:00,107.44986655011654,10.545986439103544
3127,2025-09-07 12:04:00+02:00,98.77545347707849,9.679207597142277
3128,2025-09-07 12:05:00+02:00,91.4276701388889,8.98899974448185
3129,2025-09-07 12:06:00+02:00,86.24817283950618,8.577994435952528
3130,2025-09-07 12:07:00+02:00,82.65409572879332,8.709814944395488
3131,2025-09-07 12:08:00+02:00,81.091875,8.858864920290074
3132,2025-09-07 12:09:00+02:00,81.75634615384617,9.007914896184658
3133,2025-09-07 12:10:00+02:00,83.07862393162394,9.156964872079245
3134,2025-09-07 12:11:00+02:00,87.47900500541125,9.30601484797383
3135,2025-09-07 12:12:00+02:00,91.7585212010212,9.455064823868417
3136,2025-09-07 12:13:00+02:00,93.02619658119654,9.604670640114927
3137,2025-09-07 12:14:00+02:00,94.4332727920228,9.97661259713158
3138,2025-09-07 12:15:00+02:00,99.73152777777776,10.525867626412415
3139,2025-09-07 12:16:00+02:00,105.3389701897019,10.569794017146993
3140,2025-09-07 12:17:00+02:00,100.42530949741317,9.892642917997964
3141,2025-09-07 12:18:00+02:00,94.42536652191892,9.831508546416128
3142,2025-09-07 12:19:00+02:00,95.77765313390312,10.031380720395118
3143,2025-09-07 12:20:00+02:00,100.64466503770667,10.231252894374107
3144,2025-09-07 12:21:00+02:00,102.7639208633094,10.431125068353099
3145,2025-09-07 12:22:00+02:00,103.44161870503596,10.630997242332082
3146,2025-09-07 12:23:00+02:00,107.0359476418865,10.949578807777394
3147,2025-09-07 12:24:00+02:00,118.66277777777778,12.048135326876553
3148,2025-09-07 12:25:00+02:00,132.90914814814815,13.524183169405068
3149,2025-09-07 12:26:00+02:00,146.93282407407406,15.042808764297675
3150,2025-09-07 12:27:00+02:00,163.1125,16.58646140135643
3151,2025-09-07 12:28:00+02:00,173.24230589016554,17.636666417348735
3152,2025-09-07 12:29:00+02:00,172.9929603547209,17.37210271013584
3153,2025-09-07 12:30:00+02:00,169.25518518518518,16.924952782452085
3154,2025-09-07 12:31:00+02:00,164.83824255952382,16.422803834708354
3155,2025-09-07 12:32:00+02:00,158.67579166666667,15.832656454868664
3156,2025-09-07 12:33:00+02:00,151.21599074074075,15.062208881938487
3157,2025-09-07 12:34:00+02:00,141.22249421296297,14.15742173957569
3158,2025-09-07 12:35:00+02:00,135.53791091954022,13.519060123817628
3159,2025-09-07 12:36:00+02:00,131.87918756530826,12.947830448134985
3160,2025-09-07 12:37:00+02:00,127.34906904186796,12.452739968495868
3161,2025-09-07 12:38:00+02:00,121.9752629556434,11.986411895519325
3162,2025-09-07 12:39:00+02:00,117.55858034083992,11.647962594217505
3163,2025-09-07 12:40:00+02:00,115.23020215633424,11.32502097977924
3164,2025-09-07 12:41:00+02:00,112.86761796733212,11.002079365340974
3165,2025-09-07 12:42:00+02:00,109.41399348032242,10.751917476054393
3166,2025-09-07 12:43:00+02:00,109.1424324324324,10.582196335619674
3167,2025-09-07 12:44:00+02:00,110.3006274131274,10.412475195184955
3168,2025-09-07 12:45:00+02:00,112.8252192982456,10.242754054750245
3169,2025-09-07 12:46:00+02:00,112.4032894736842,10.073032914315542
3170,2025-09-07 12:47:00+02:00,110.63753106725146,9.903311773880834
3171,2025-09-07 12:48:00+02:00,102.68178215303216,9.726828065236639
3172,2025-09-07 12:49:00+02:00,91.73500427350427,8.963652633403523
3173,2025-09-07 12:50:00+02:00,84.1453302373581,8.621415623585667
3174,2025-09-07 12:51:00+02:00,82.99184210526316,8.786321979894574
3175,2025-09-07 12:52:00+02:00,84.1286605263158,8.951228336203478
3176,2025-09-07 12:53:00+02:00,85.65095277777777,9.116134692512384
3177,2025-09-07 12:54:00+02:00,86.41489583333338,9.281041048821292
3178,2025-09-07 12:55:00+02:00,87.24721217105264,9.445947405130191
3179,2025-09-07 12:56:00+02:00,92.19372132253712,9.617727722576202
3180,2025-09-07 12:57:00+02:00,100.3568287037037,10.229441552797413
3181,2025-09-07 12:58:00+02:00,109.4542742165242,11.137458991773892
3182,2025-09-07 12:59:00+02:00,119.77894444444443,12.156788368883335
3183,2025-09-07 13:00:00+02:00,130.97046296296296,13.317238287770433
3184,2025-09-07 13:01:00+02:00,142.17440374440375,14.440356519620867
3185,2025-09-07 13:02:00+02:00,152.20630662393162,15.417288269629573
3186,2025-09-07 13:03:00+02:00,159.02759444444445,16.031895010217024
3187,2025-09-07 13:04:00+02:00,163.33045119047617,16.529142290909796
3188,2025-09-07 13:05:00+02:00,167.20904761904762,16.404519949953492
3189,2025-09-07 13:06:00+02:00,168.89435006435005,16.106419998164323
3190,2025-09-07 13:07:00+02:00,166.6914319126819,15.808320046375153
3191,2025-09-07 13:08:00+02:00,156.43355820105822,15.40294927860124
3192,2025-09-07 13:09:00+02:00,137.63006613756613,13.823838280999356
3193,2025-09-07 13:10:00+02:00,115.3658611111111,11.532926962029967
3194,2025-09-07 13:11:00+02:00,97.10811805555556,9.589513390060208
3195,2025-09-07 13:12:00+02:00,83.81099572649573,8.199920758423543
3196,2025-09-07 13:13:00+02:00,75.26268452380953,7.3989057936598694
3197,2025-09-07 13:14:00+02:00,70.9780856374808,7.344765581827572
3198,2025-09-07 13:15:00+02:00,68.69819743130228,7.344765581827572
3199,2025-09-07 13:16:00+02:00,67.72982584712372,7.344765581827572
3200,2025-09-07 13:17:00+02:00,68.01978723404257,7.344765581827572
3201,2025-09-07 13:18:00+02:00,68.66078191489362,7.344765581827572
3202,2025-09-07 13:19:00+02:00,70.21631140350878,7.344765581827572
3203,2025-09-07 13:20:00+02:00,71.04397129186604,7.344765581827572
3204,2025-09-07 13:21:00+02:00,71.47459330143543,7.344765581827572
3205,2025-09-07 13:22:00+02:00,71.90521531100481,7.344979450446406
3206,2025-09-07 13:23:00+02:00,73.71717271551312,7.430740766598557
3207,2025-09-07 13:24:00+02:00,76.774227703236,7.584726172158531
3208,2025-09-07 13:25:00+02:00,77.30339779005526,7.738711577718503
3209,2025-09-07 13:26:00+02:00,76.78295580110499,7.892696983278473
3210,2025-09-07 13:27:00+02:00,76.27734612537466,8.04668238883844
3211,2025-09-07 13:28:00+02:00,76.67338235294118,8.200667794398408
3212,2025-09-07 13:29:00+02:00,77.9585673374613,8.354653199958374
3213,2025-09-07 13:30:00+02:00,82.1545562865497,8.567097267817525
3214,2025-09-07 13:31:00+02:00,87.64916666666666,9.11897872967191
3215,2025-09-07 13:32:00+02:00,95.0318287037037,9.766472437421918
3216,2025-09-07 13:33:00+02:00,102.97757326007326,10.585527984253494
3217,2025-09-07 13:34:00+02:00,110.6873247863248,11.363826060869004
3218,2025-09-07 13:35:00+02:00,115.66722544893378,11.878861917419579
3219,2025-09-07 13:36:00+02:00,115.71999999999998,11.523508207898608
3220,2025-09-07 13:37:00+02:00,113.00793430335098,11.084795071303228
3221,2025-09-07 13:38:00+02:00,107.27369047619048,10.708376332698267
3222,2025-09-07 13:39:00+02:00,107.54965354090352,10.414881955054588
3223,2025-09-07 13:40:00+02:00,112.32449018723212,10.121792086488762
3224,2025-09-07 13:41:00+02:00,105.16867691798944,9.828702217922936
3225,2025-09-07 13:42:00+02:00,87.3236011904762,8.825369003088223
3226,2025-09-07 13:43:00+02:00,78.57497495446265,7.941630887084019
3227,2025-09-07 13:44:00+02:00,74.37870722446952,7.421254871988984
3228,2025-09-07 13:45:00+02:00,68.5656173901957,7.411952921132793
3229,2025-09-07 13:46:00+02:00,66.15801749370364,7.471675000515209
3230,2025-09-07 13:47:00+02:00,66.12872881355935,7.531397079897628
3231,2025-09-07 13:48:00+02:00,66.93720697063739,7.591119159280046
3232,2025-09-07 13:49:00+02:00,68.07133802816901,7.650841238662466
3233,2025-09-07 13:50:00+02:00,69.96948232323233,7.7105633180448825
3234,2025-09-07 13:51:00+02:00,71.64614583333335,7.770285397427301
3235,2025-09-07 13:52:00+02:00,75.20378228557506,7.830007476809726
3236,2025-09-07 13:53:00+02:00,78.82907755570612,7.889729556192149
3237,2025-09-07 13:54:00+02:00,82.30669612794613,8.249857598272023
3238,2025-09-07 13:55:00+02:00,87.70874722499723,8.862116255548562
3239,2025-09-07 13:56:00+02:00,93.20475852272727,9.375023525538753
3240,2025-09-07 13:57:00+02:00,97.97904135338348,9.80233124890054
3241,2025-09-07 13:58:00+02:00,101.2335012020629,10.115691523828405
3242,2025-09-07 13:59:00+02:00,103.71013098464316,10.428495957544403
3243,2025-09-07 14:00:00+02:00,106.83968398268398,10.740288318834383
3244,2025-09-07 14:01:00+02:00,110.69557990763872,11.019694362492158
3245,2025-09-07 14:02:00+02:00,112.64682432432431,11.28391931975984
3246,2025-09-07 14:03:00+02:00,114.04961902286902,11.548144277027513
3247,2025-09-07 14:04:00+02:00,116.16501025641026,11.812369234295181
3248,2025-09-07 14:05:00+02:00,120.35097352941176,11.939206644531675
3249,2025-09-07 14:06:00+02:00,123.23344975490195,11.75643669794993
3250,2025-09-07 14:07:00+02:00,122.3016271551724,11.561589243428514
3251,2025-09-07 14:08:00+02:00,119.59891159128227,11.366741788907097
3252,2025-09-07 14:09:00+02:00,116.97690522243714,11.171894334385682
3253,2025-09-07 14:10:00+02:00,114.98597222222224,10.977046879864266
3254,2025-09-07 14:11:00+02:00,112.58746527777778,10.920302355704004
3255,2025-09-07 14:12:00+02:00,110.16307511737092,11.145539967139504
3256,2025-09-07 14:13:00+02:00,111.03025070422537,11.378835581583205
3257,2025-09-07 14:14:00+02:00,114.96445396825398,11.61213119602691
3258,2025-09-07 14:15:00+02:00,119.63156314699796,11.845426810470613
3259,2025-09-07 14:16:00+02:00,123.49292132616488,12.181635048136288
3260,2025-09-07 14:17:00+02:00,127.7593846930847,12.691823871475341
3261,2025-09-07 14:18:00+02:00,137.40746626984128,13.369288890587379
3262,2025-09-07 14:19:00+02:00,153.82916666666668,14.820157671992659
3263,2025-09-07 14:20:00+02:00,169.39437037037038,16.351429120864218
3264,2025-09-07 14:21:00+02:00,185.5012896825397,17.879017978331238
3265,2025-09-07 14:22:00+02:00,208.28526455026451,19.91757464965464
3266,2025-09-07 14:23:00+02:00,225.49219312169316,21.61304994236338
3267,2025-09-07 14:24:00+02:00,246.6281349206349,23.091492706337995
3268,2025-09-07 14:25:00+02:00,246.3586177248677,22.88874235366024
3269,2025-09-07 14:26:00+02:00,234.75494570244567,22.160696722276
3270,2025-09-07 14:27:00+02:00,229.30753338675217,21.593579740823422
3271,2025-09-07 14:28:00+02:00,216.75974702380952,20.66761256562
3272,2025-09-07 14:29:00+02:00,197.73787698412696,18.97841695103536
3273,2025-09-07 14:30:00+02:00,180.4310185185185,17.319090259957036
3274,2025-09-07 14:31:00+02:00,159.13392857142858,15.537643581141845
3275,2025-09-07 14:32:00+02:00,138.32937996031748,13.5413828296669
3276,2025-09-07 14:33:00+02:00,125.7396527777778,12.261396401258667
3277,2025-09-07 14:34:00+02:00,123.69566666666668,12.499721102298453
3278,2025-09-07 14:35:00+02:00,131.51849326599327,12.987309742353675
3279,2025-09-07 14:36:00+02:00,144.83958723146222,13.678176359869266
3280,2025-09-07 14:37:00+02:00,218.0834084084084,18.198138543113267
3281,2025-09-07 14:38:00+02:00,510.0570138888889,37.81107748793393
3282,2025-09-07 14:39:00+02:00,306.8886111111111,26.226661987439424
3283,2025-09-07 14:40:00+02:00,195.0892748397436,18.347956996862678
3284,2025-09-07 14:41:00+02:00,183.71258703703705,18.131865350419574
3285,2025-09-07 14:42:00+02:00,183.06033333333332,18.437810037782143
3286,2025-09-07 14:43:00+02:00,188.3892720797721,18.74375472514471
3287,2025-09-07 14:44:00+02:00,205.93645833333332,19.643377793937034
3288,2025-09-07 14:45:00+02:00,228.1223055555556,21.428710732643996
3289,2025-09-07 14:46:00+02:00,252.0605238095238,23.54776208166033
3290,2025-09-07 14:47:00+02:00,255.6673703703704,24.099975612048986
3291,2025-09-07 14:48:00+02:00,243.52238425925927,23.13777778670633
3292,2025-09-07 14:49:00+02:00,230.0360515873016,22.047747308483817
3293,2025-09-07 14:50:00+02:00,207.51839285714289,20.14868363898334
3294,2025-09-07 14:51:00+02:00,183.45834482038427,18.060897359013087
3295,2025-09-07 14:52:00+02:00,177.66988648705097,16.97869536182308
3296,2025-09-07 14:53:00+02:00,175.04552579365077,17.30290093561336
3297,2025-09-07 14:54:00+02:00,188.21016666666665,18.04651649517516
3298,2025-09-07 14:55:00+02:00,191.9875992063492,18.65961993612
3299,2025-09-07 14:56:00+02:00,206.9806904761905,19.784357289229256
3300,2025-09-07 14:57:00+02:00,225.80704365079364,21.646329960054118
3301,2025-09-07 14:58:00+02:00,246.64727182539684,23.491398303272383
3302,2025-09-07 14:59:00+02:00,252.20083364129096,24.240750576562373
3303,2025-09-07 15:00:00+02:00,257.7653464963221,24.89980057098625
3304,2025-09-07 15:01:00+02:00,267.41019841269843,25.52197314870498
3305,2025-09-07 15:02:00+02:00,279.2023611111111,26.186102058483193
3306,2025-09-07 15:03:00+02:00,288.7804401709401,26.93933485013153
3307,2025-09-07 15:04:00+02:00,284.8947797619048,26.714803615834985
3308,2025-09-07 15:05:00+02:00,322.36358333333334,29.191308805725896
3309,2025-09-07 15:06:00+02:00,333.70373015873014,30.05200914058397
3310,2025-09-07 15:07:00+02:00,366.9766666666667,32.79458318465346
3311,2025-09-07 15:08:00+02:00,422.769,35.38844548268026
3312,2025-09-07 15:09:00+02:00,392.0912638888889,33.608197496455844
3313,2025-09-07 15:10:00+02:00,299.95708333333334,27.740401893002492
3314,2025-09-07 15:11:00+02:00,269.90744909688016,24.925607321541356
3315,2025-09-07 15:12:00+02:00,261.9007193090485,24.113739584116466
3316,2025-09-07 15:13:00+02:00,256.2708978174603,23.766246797163763
3317,2025-09-07 15:14:00+02:00,251.2493931051587,24.103437794177246
3318,2025-09-07 15:15:00+02:00,250.7980677083333,24.463001653551817
3319,2025-09-07 15:16:00+02:00,290.77519841269844,26.316761429564842
3320,2025-09-07 15:17:00+02:00,320.3688210978836,28.377220013052927
3321,2025-09-07 15:18:00+02:00,307.8490873015873,27.50733491511006
3322,2025-09-07 15:19:00+02:00,287.2380092592593,25.514037227651542
3323,2025-09-07 15:20:00+02:00,260.44462855297155,23.93444792700741
3324,2025-09-07 15:21:00+02:00,256.5176375430663,23.2771039310633
3325,2025-09-07 15:22:00+02:00,240.07547875817,22.224306271197634
3326,2025-09-07 15:23:00+02:00,234.840095996732,21.38276592832552
3327,2025-09-07 15:24:00+02:00,223.27597222222224,20.656121670072086
3328,2025-09-07 15:25:00+02:00,206.63354956604957,19.75179920375092
3329,2025-09-07 15:26:00+02:00,203.25808677098152,20.025730756405913
3330,2025-09-07 15:27:00+02:00,209.3465555555556,20.42894109582018
3331,2025-09-07 15:28:00+02:00,223.30315277777777,20.668885710193834
3332,2025-09-07 15:29:00+02:00,200.9269427910053,18.89057622447823
3333,2025-09-07 15:30:00+02:00,186.36494318181815,17.702383906720435
3334,2025-09-07 15:31:00+02:00,176.72240740740742,16.812606363121546
3335,2025-09-07 15:32:00+02:00,167.13802243589743,16.01674114920858
3336,2025-09-07 15:33:00+02:00,164.69660256410256,15.491258221153819
3337,2025-09-07 15:34:00+02:00,157.59733333333335,15.015906751268426
3338,2025-09-07 15:35:00+02:00,153.4895033112583,14.90159935968308
3339,2025-09-07 15:36:00+02:00,152.09811258278145,14.90159935968308
3340,2025-09-07 15:37:00+02:00,151.47427152317874,14.90159935968308
3341,2025-09-07 15:38:00+02:00,150.60182475254575,14.90159935968308
3342,2025-09-07 15:39:00+02:00,149.6319804951238,14.90159935968308
3343,2025-09-07 15:40:00+02:00,150.56538461538466,14.90159935968308
3344,2025-09-07 15:41:00+02:00,151.87453063885266,14.90159935968308
3345,2025-09-07 15:42:00+02:00,153.41185420590082,14.90159935968308
3346,2025-09-07 15:43:00+02:00,154.94522852639872,14.90159935968308
3347,2025-09-07 15:44:00+02:00,153.6719184397163,14.856387533661726
3348,2025-09-07 15:45:00+02:00,150.25856834795323,14.640016651988086
3349,2025-09-07 15:46:00+02:00,148.43989473684212,14.40749868959253
3350,2025-09-07 15:47:00+02:00,147.3001403508772,14.174980727196974
3351,2025-09-07 15:48:00+02:00,145.63709494324044,13.942462764801421
3352,2025-09-07 15:49:00+02:00,145.3084477124183,14.004283016708177
3353,2025-09-07 15:50:00+02:00,162.97119047619046,15.24249602913259
3354,2025-09-07 15:51:00+02:00,153.91072420634922,14.669323099951148
3355,2025-09-07 15:52:00+02:00,144.0108611111111,13.710012552394906
3356,2025-09-07 15:53:00+02:00,139.83436455722642,13.249312626902553
3357,2025-09-07 15:54:00+02:00,135.48438500765803,12.826552695274268
3358,2025-09-07 15:55:00+02:00,129.9612832270069,12.466653724409907
3359,2025-09-07 15:56:00+02:00,126.04486243386242,12.195649041494512
3360,2025-09-07 15:57:00+02:00,123.22459340659344,11.925279317778754
3361,2025-09-07 15:58:00+02:00,121.46218137254904,11.654909594062987
3362,2025-09-07 15:59:00+02:00,119.51429738562092,11.320453339842578
3363,2025-09-07 16:00:00+02:00,113.5775,10.729650963603563
3364,2025-09-07 16:01:00+02:00,105.33725694444443,10.056403434211562
3365,2025-09-07 16:02:00+02:00,97.0481971153846,9.274638986577857
3366,2025-09-07 16:03:00+02:00,92.64030555555556,9.039210269130226
3367,2025-09-07 16:04:00+02:00,92.92353174603176,8.979282959234464
3368,2025-09-07 16:05:00+02:00,93.44527518978607,8.919355649338703
3369,2025-09-07 16:06:00+02:00,92.565,8.85942833944294
3370,2025-09-07 16:07:00+02:00,90.68278260869566,8.79950102954718
3371,2025-09-07 16:08:00+02:00,88.59550825082509,8.73957371965142
3372,2025-09-07 16:09:00+02:00,87.96868811881187,8.679646409755657
3373,2025-09-07 16:10:00+02:00,87.50235148514851,8.619719099859898
3374,2025-09-07 16:11:00+02:00,86.99638809275665,8.559791789964136
3375,2025-09-07 16:12:00+02:00,85.37054756030703,8.40034039118411
3376,2025-09-07 16:13:00+02:00,83.74334069293478,7.9167108019339665
3377,2025-09-07 16:14:00+02:00,81.33770172978028,7.60790319359209
3378,2025-09-07 16:15:00+02:00,78.10667530721966,7.320843980758076
3379,2025-09-07 16:16:00+02:00,75.26250467237425,7.033784767924056
3380,2025-09-07 16:17:00+02:00,71.90666337285903,6.741832003821023
3381,2025-09-07 16:18:00+02:00,68.11088709677419,6.426372716657918
3382,2025-09-07 16:19:00+02:00,64.40375133652081,6.1078549599516805
3383,2025-09-07 16:20:00+02:00,61.74440019910404,5.789337203245442
3384,2025-09-07 16:21:00+02:00,60.203232182925525,5.577402764416343
3385,2025-09-07 16:22:00+02:00,59.65405759162305,5.516192209453913
3386,2025-09-07 16:23:00+02:00,59.16086387434556,5.456058253661958
3387,2025-09-07 16:24:00+02:00,58.49387715033657,5.395924297870003
3388,2025-09-07 16:25:00+02:00,57.00002407704654,5.335790342078048
3389,2025-09-07 16:26:00+02:00,55.876399212522806,5.275656386286093
3390,2025-09-07 16:27:00+02:00,54.72532051282051,5.215522430494139
3391,2025-09-07 16:28:00+02:00,53.71833165997324,5.155388474702184
3392,2025-09-07 16:29:00+02:00,53.114457831325325,5.095254518910232
3393,2025-09-07 16:30:00+02:00,52.52168674698797,5.032208111971938
3394,2025-09-07 16:31:00+02:00,51.787387387387376,4.900927135319253
3395,2025-09-07 16:32:00+02:00,50.92826178588226,4.740937711652586
3396,2025-09-07 16:33:00+02:00,49.88500000000001,4.580948287985921
3397,2025-09-07 16:34:00+02:00,48.81450238453815,4.450512466191016
3398,2025-09-07 16:35:00+02:00,47.85913254310345,4.438291051883145
3399,2025-09-07 16:36:00+02:00,46.440868226600976,4.438291051883145
3400,2025-09-07 16:37:00+02:00,44.82973389355743,4.438291051883145
3401,2025-09-07 16:38:00+02:00,44.87943277310927,4.438291051883145
3402,2025-09-07 16:39:00+02:00,45.29539915966388,4.438291051883145
3403,2025-09-07 16:40:00+02:00,45.711365546218495,4.438291051883145
3404,2025-09-07 16:41:00+02:00,46.30352361634309,4.438291051883145
3405,2025-09-07 16:42:00+02:00,47.45849156836056,4.438291051883145
3406,2025-09-07 16:43:00+02:00,47.06542763157893,4.438291051883145
3407,2025-09-07 16:44:00+02:00,46.44569078947367,4.5075767073444455
3408,2025-09-07 16:45:00+02:00,45.227483060417846,4.648496684553869
3409,2025-09-07 16:46:00+02:00,43.801558441558434,4.789416661763295
3410,2025-09-07 16:47:00+02:00,43.57582251082251,4.930336638972722
3411,2025-09-07 16:48:00+02:00,44.53888311688312,5.071256616182152
3412,2025-09-07 16:49:00+02:00,46.12987878787879,5.212176593391582
3413,2025-09-07 16:50:00+02:00,49.147281746031744,5.3530965706010125
3414,2025-09-07 16:51:00+02:00,52.475895536562206,5.494016547810435
3415,2025-09-07 16:52:00+02:00,54.93265516890517,5.583199280809852
3416,2025-09-07 16:53:00+02:00,55.34257936507935,5.53146506323166
3417,2025-09-07 16:54:00+02:00,54.59496031746031,5.471537753335898
3418,2025-09-07 16:55:00+02:00,53.41281860311155,5.4116104434401375
3419,2025-09-07 16:56:00+02:00,51.945526315789465,5.351683133544377
3420,2025-09-07 16:57:00+02:00,51.1925065859537,5.291755823648614
3421,2025-09-07 16:58:00+02:00,51.46883386581468,5.231828513752854
3422,2025-09-07 16:59:00+02:00,51.769792332268345,5.171901203857093
3423,2025-09-07 17:00:00+02:00,52.07075079872201,5.1119738939613315
3424,2025-09-07 17:01:00+02:00,52.37170926517569,5.052046584065569
3425,2025-09-07 17:02:00+02:00,52.84248817396042,5.052046584065568
3426,2025-09-07 17:03:00+02:00,53.851836240310085,5.111973893961329
3427,2025-09-07 17:04:00+02:00,54.95172619047619,5.17190120385709
3428,2025-09-07 17:05:00+02:00,55.91259561803444,5.231828513752852
3429,2025-09-07 17:06:00+02:00,56.58634751773048,5.291755823648613
3430,2025-09-07 17:07:00+02:00,57.27096177131984,5.351683133544374
3431,2025-09-07 17:08:00+02:00,58.05817073170732,5.411610443440136
3432,2025-09-07 17:09:00+02:00,58.758541040204925,5.471537753335896
3433,2025-09-07 17:10:00+02:00,58.55726027397261,5.531465063231658
3434,2025-09-07 17:11:00+02:00,58.14630136986303,5.587896613383501
3435,2025-09-07 17:12:00+02:00,57.73534246575344,5.600880863860916
3436,2025-09-07 17:13:00+02:00,57.36190589636689,5.600880863860916
3437,2025-09-07 17:14:00+02:00,57.09478260869566,5.600880863860916
3438,2025-09-07 17:15:00+02:00,56.8339130434783,5.600880863860916
3439,2025-09-07 17:16:00+02:00,56.57304347826092,5.600880863860916
3440,2025-09-07 17:17:00+02:00,56.31217391304352,5.600880863860916
3441,2025-09-07 17:18:00+02:00,56.0513043478261,5.600880863860916
3442,2025-09-07 17:19:00+02:00,56.16010288065843,5.600880863860916
3443,2025-09-07 17:20:00+02:00,56.62183127572016,5.600880863860916
3444,2025-09-07 17:21:00+02:00,57.08355967078188,5.600880863860916
3445,2025-09-07 17:22:00+02:00,57.545288065843614,5.600880863860916
3446,2025-09-07 17:23:00+02:00,57.93281967213115,5.600880863860916
3447,2025-09-07 17:24:00+02:00,58.2436393442623,5.600880863860916
3448,2025-09-07 17:25:00+02:00,58.55445901639344,5.600880863860916
3449,2025-09-07 17:26:00+02:00,58.86527868852459,5.600880863860916
3450,2025-09-07 17:27:00+02:00,59.176098360655736,5.600880863860916
3451,2025-09-07 17:28:00+02:00,58.91486433832264,5.600880863860916
3452,2025-09-07 17:29:00+02:00,57.47328502415459,5.600880863860916
3453,2025-09-07 17:30:00+02:00,55.91781481481481,5.600880863860916
3454,2025-09-07 17:31:00+02:00,54.85319344344344,5.525619046936743
3455,2025-09-07 17:32:00+02:00,53.67724041184041,5.329938322933897
3456,2025-09-07 17:33:00+02:00,52.91768571428573,5.132889202259702
3457,2025-09-07 17:34:00+02:00,52.3794,4.935840081585502
3458,2025-09-07 17:35:00+02:00,51.77334545454545,4.7387909609113
3459,2025-09-07 17:36:00+02:00,49.94567687747036,4.5417418402370995
3460,2025-09-07 17:37:00+02:00,48.32868333690298,4.409776585754603
3461,2025-09-07 17:38:00+02:00,47.78182266009853,4.349746130747145
3462,2025-09-07 17:39:00+02:00,47.27344827586208,4.2897156757396875
3463,2025-09-07 17:40:00+02:00,46.73375498475253,4.229685220732229
3464,2025-09-07 17:41:00+02:00,45.8911224489796,4.16965476572477
3465,2025-09-07 17:42:00+02:00,45.03774725274726,4.109624310717313
3466,2025-09-07 17:43:00+02:00,44.33884615384617,4.049593855709855
3467,2025-09-07 17:44:00+02:00,43.70013083228248,3.989563400702396
3468,2025-09-07 17:45:00+02:00,43.28854508196722,3.9295329456949393
3469,2025-09-07 17:46:00+02:00,42.902479508196734,3.872003759646125
3470,2025-09-07 17:47:00+02:00,42.516413934426254,3.856996145894259
3471,2025-09-07 17:48:00+02:00,42.09375846400571,3.856996145894259
3472,2025-09-07 17:49:00+02:00,41.471521739130445,3.856996145894259
3473,2025-09-07 17:50:00+02:00,40.81322360248448,3.856996145894259
3474,2025-09-07 17:51:00+02:00,39.989571428571416,3.856996145894259
3475,2025-09-07 17:52:00+02:00,39.2223182434264,3.856996145894259
3476,2025-09-07 17:53:00+02:00,39.268814041745735,3.856996145894259
3477,2025-09-07 17:54:00+02:00,39.45666982922201,3.856996145894259
3478,2025-09-07 17:55:00+02:00,39.64452561669829,3.856996145894259
3479,2025-09-07 17:56:00+02:00,39.83238140417456,3.8829201039658043
3480,2025-09-07 17:57:00+02:00,40.02023719165084,3.995589614045981
3481,2025-09-07 17:58:00+02:00,40.20809297912714,4.115238651299267
3482,2025-09-07 17:59:00+02:00,40.39594876660342,4.234887688552554
3483,2025-09-07 18:00:00+02:00,40.5838045540797,4.354536725805842
3484,2025-09-07 18:01:00+02:00,41.36095577922613,4.474185763059129
3485,2025-09-07 18:02:00+02:00,43.88387799564271,4.5938348003124165
3486,2025-09-07 18:03:00+02:00,46.4421875,4.713483837565704
3487,2025-09-07 18:04:00+02:00,48.52940120967741,4.83313287481899
3488,2025-09-07 18:05:00+02:00,49.945243137512016,4.952781912072279
3489,2025-09-07 18:06:00+02:00,49.5498780487805,4.975306619980355
3490,2025-09-07 18:07:00+02:00,48.67821895424837,4.856783432655213
3491,2025-09-07 18:08:00+02:00,47.01863849385908,4.73692881286369
3492,2025-09-07 18:09:00+02:00,46.45774725274728,4.617074193072168
3493,2025-09-07 18:10:00+02:00,45.963241758241765,4.497219573280647
3494,2025-09-07 18:11:00+02:00,45.31101488627652,4.377364953489122
3495,2025-09-07 18:12:00+02:00,44.2625303911205,4.257510333697601
3496,2025-09-07 18:13:00+02:00,43.605170454545465,4.13765571390608
3497,2025-09-07 18:14:00+02:00,43.09380681818183,4.0178010941145565
3498,2025-09-07 18:15:00+02:00,42.534570565202586,3.8968340512052064
3499,2025-09-07 18:16:00+02:00,41.4279213483146,3.7195042369926985
3500,2025-09-07 18:17:00+02:00,39.67009852549179,3.510655767775134
3501,2025-09-07 18:18:00+02:00,36.98270880255255,3.3162790034961556
3502,2025-09-07 18:19:00+02:00,34.459408049353705,3.275183346618297
3503,2025-09-07 18:20:00+02:00,32.529067321178125,3.275183346618297
3504,2025-09-07 18:21:00+02:00,31.362894585253454,3.275183346618297
3505,2025-09-07 18:22:00+02:00,31.081651785714268,3.275183346618297
3506,2025-09-07 18:23:00+02:00,30.851294642857116,3.275183346618297
3507,2025-09-07 18:24:00+02:00,30.62093749999998,3.275183346618297
3508,2025-09-07 18:25:00+02:00,30.39058035714284,3.275183346618297
3509,2025-09-07 18:26:00+02:00,30.160223214285704,3.275183346618297
3510,2025-09-07 18:27:00+02:00,29.929866071428563,3.275183346618297
3511,2025-09-07 18:28:00+02:00,29.647894345238097,3.226025549334238
3512,2025-09-07 18:29:00+02:00,28.10833333333333,3.0375873264120106
3513,2025-09-07 18:30:00+02:00,26.127849099099095,2.8409561372757732
3514,2025-09-07 18:31:00+02:00,24.77929617117117,2.644324948139535
3515,2025-09-07 18:32:00+02:00,23.29241883116883,2.4476937590032963
3516,2025-09-07 18:33:00+02:00,22.115547619047614,2.2510625698670585
3517,2025-09-07 18:34:00+02:00,21.194954545454557,2.090100396892658
3518,2025-09-07 18:35:00+02:00,20.349659874608147,2.0242556003498233
3519,2025-09-07 18:36:00+02:00,19.564741379310338,1.9635063775443937
3520,2025-09-07 18:37:00+02:00,18.63765517241379,1.9027571547389637
3521,2025-09-07 18:38:00+02:00,17.183854166666666,1.8420079319335336
3522,2025-09-07 18:39:00+02:00,16.14197916666667,1.7812587091281042
3523,2025-09-07 18:40:00+02:00,15.319602649006626,1.7205094863226749
3524,2025-09-07 18:41:00+02:00,14.667947019867553,1.6597602635172453
3525,2025-09-07 18:42:00+02:00,14.035167165135654,1.5990110407118157
3526,2025-09-07 18:43:00+02:00,13.528225806451609,1.5379600317580557
3527,2025-09-07 18:44:00+02:00,13.044354838709674,1.4615195743554095
3528,2025-09-07 18:45:00+02:00,12.57063918757467,1.3788429258112656
3529,2025-09-07 18:46:00+02:00,12.20456989247312,1.2961662772671212
3530,2025-09-07 18:47:00+02:00,11.86693548387097,1.2134896287229768
3531,2025-09-07 18:48:00+02:00,11.52930107526882,1.1308129801788325
3532,2025-09-07 18:49:00+02:00,11.191666666666672,1.0481363316346877
3533,2025-09-07 18:50:00+02:00,10.839042869269951,0.9552097969139433
3534,2025-09-07 18:51:00+02:00,10.446447368421053,0.9171200127028416
3535,2025-09-07 18:52:00+02:00,10.051710526315787,0.9171200127028416
3536,2025-09-07 18:53:00+02:00,9.656973684210524,0.9171200127028416
3537,2025-09-07 18:54:00+02:00,9.247093447088035,0.9171200127028416
3538,2025-09-07 18:55:00+02:00,8.817054794520542,0.9171200127028416
3539,2025-09-07 18:56:00+02:00,8.386917808219176,0.9171200127028416
3540,2025-09-07 18:57:00+02:00,7.950852135374698,0.9171200127028416
3541,2025-09-07 18:58:00+02:00,7.4041176470588255,0.9171200127028416
3542,2025-09-07 18:59:00+02:00,6.81588235294118,0.9171200127028416
3543,2025-09-07 19:00:00+02:00,6.23275246514791,0.9111839424361763
3544,2025-09-07 19:01:00+02:00,5.663236994219653,0.8524168467961908
3545,2025-09-07 19:02:00+02:00,5.094450867052022,0.7776455390757773
3546,2025-09-07 19:03:00+02:00,4.560896955302465,0.7024297441888123
3547,2025-09-07 19:04:00+02:00,4.090346534653462,0.6121211038065244
3548,2025-09-07 19:05:00+02:00,3.621039603960394,0.5193014717439616
3549,2025-09-07 19:06:00+02:00,3.1797691889516053,0.4264818396813984
3550,2025-09-07 19:07:00+02:00,2.925408878504674,0.33366220761883514
3551,2025-09-07 19:08:00+02:00,2.705315420560748,0.24366013545703505
3552,2025-09-07 19:09:00+02:00,2.485221962616824,0.16332702438387245
3553,2025-09-07 19:10:00+02:00,2.265128504672899,0.10408135496741497
3554,2025-09-07 19:11:00+02:00,2.045035046728974,0.1010688633021716
3555,2025-09-07 19:12:00+02:00,1.824941588785048,0.1010688633021716
3556,2025-09-07 19:13:00+02:00,1.611350708991299,0.1010688633021716
3557,2025-09-07 19:14:00+02:00,1.478577586206896,0.1010688633021716
3558,2025-09-07 19:15:00+02:00,1.3699568965517228,0.1010688633021716
3559,2025-09-07 19:16:00+02:00,1.26133620689655,0.1010688633021716
3560,2025-09-07 19:17:00+02:00,1.1527155172413768,0.1010688633021716
3561,2025-09-07 19:18:00+02:00,1.044094827586204,0.1010688633021716
3562,2025-09-07 19:19:00+02:00,0.935474137931032,0.1010688633021716
3563,2025-09-07 19:20:00+02:00,0.8268534482758603,0.1010688633021716
3564,2025-09-07 19:21:00+02:00,0.7182327586206885,0.1010688633021716
3565,2025-09-07 19:22:00+02:00,0.6096120689655168,0.1010688633021716
3566,2025-09-07 19:23:00+02:00,0.5143649212824272,0.1010688633021716
3567,2025-09-07 19:24:00+02:00,0.461358595194085,0.1010688633021716
3568,2025-09-07 19:25:00+02:00,0.4114510166358596,0.1010688633021716
3569,2025-09-07 19:26:00+02:00,0.3615434380776341,0.1010688633021716
3570,2025-09-07 19:27:00+02:00,0.3116358595194086,0.1010688633021716
3571,2025-09-07 19:28:00+02:00,0.2617282809611831,0.1010688633021716
3572,2025-09-07 19:29:00+02:00,0.2118207024029577,0.1010688633021716
3573,2025-09-07 19:30:00+02:00,0.1619131238447322,0.1010688633021716
3574,2025-09-07 19:31:00+02:00,0.1120055452865065,0.1010688633021716
3575,2025-09-07 19:32:00+02:00,0.0729112754158965,0.1010688633021716
3576,2025-09-07 19:33:00+02:00,0.07,0.1010688633021716
3577,2025-09-07 19:34:00+02:00,0.07,0.1010688633021716
3578,2025-09-07 19:35:00+02:00,0.07,0.1010688633021716
3579,2025-09-07 19:36:00+02:00,0.07,0.1010688633021716
3580,2025-09-07 19:37:00+02:00,0.07,0.1010688633021716
3581,2025-09-07 19:38:00+02:00,0.07,0.1010688633021716
3582,2025-09-07 19:39:00+02:00,0.07,0.1010688633021716
3583,2025-09-07 19:40:00+02:00,0.07,0.1010688633021716
3584,2025-09-07 19:41:00+02:00,0.0700114744693057,0.1010688633021716
3585,2025-09-07 19:42:00+02:00,0.0746127366609294,0.1010688633021716
3586,2025-09-07 19:43:00+02:00,0.0828743545611015,0.1010688633021716
3587,2025-09-07 19:44:00+02:00,0.0911359724612737,0.1010688633021716
3588,2025-09-07 19:45:00+02:00,0.0993975903614459,0.1010688633021716
3589,2025-09-07 19:46:00+02:00,0.107659208261618,0.1010688633021716
3590,2025-09-07 19:47:00+02:00,0.1159208261617901,0.1010688633021716
3591,2025-09-07 19:48:00+02:00,0.1241824440619622,0.1010688633021716
3592,2025-09-07 19:49:00+02:00,0.1324440619621342,0.1010688633021716
3593,2025-09-07 19:50:00+02:00,0.1407056798623063,0.1010688633021716
3594,2025-09-07 19:51:00+02:00,0.1483935742971887,0.1010688633021716
3595,2025-09-07 19:52:00+02:00,0.15,0.1010688633021716
3596,2025-09-07 19:53:00+02:00,0.15,0.1010688633021716
3597,2025-09-07 19:54:00+02:00,0.15,0.1010688633021716
3598,2025-09-07 19:55:00+02:00,0.15,0.1010688633021716
3599,2025-09-07 19:56:00+02:00,0.15,0.1010688633021716
3600,2025-09-07 19:57:00+02:00,0.15,0.1010688633021716
3601,2025-09-07 19:58:00+02:00,0.15,0.1010688633021716
3602,2025-09-07 19:59:00+02:00,0.15,0.1010688633021716
3603,2025-09-07 20:00:00+02:00,0.15,0.1010688633021716
