{
  "mse": 221.5474911794367,
  "mae": 9.955972557231949,
  "rmse": 14.884471478001384,
  "r2": 0.994103932110725,
  "mape": 762121692.2308719,
  "max_error": 85.68902371862305,
  "bias": -0.6021942881406201,
  "n_samples": 2589,
  "coefficients": {
    "a": 5.1549246838269465,
    "b": -3.036758575685951
  }
}