{
  "mse": 335.8385894329967,
  "mae": 12.229417095625912,
  "rmse": 18.32589941675433,
  "r2": 0.9910622904705721,
  "mape": 847034857.8307103,
  "max_error": 89.61482477608399,
  "bias": -0.7653883050812927,
  "n_samples": 2589,
  "coefficients": {
    "a": 5.384925171094811,
    "b": -3.3751045314737667
  }
}