{
  "mse": 337.64759927830477,
  "mae": 12.74064884791604,
  "rmse": 18.37518977530041,
  "r2": 0.991014147091455,
  "mape": 1221376606.1636999,
  "max_error": 91.09907346078751,
  "bias": -0.7475443155640762,
  "n_samples": 2589,
  "coefficients": {
    "a": 5.380286988208813,
    "b": -4.86671089069722
  }
}