{
  "mse": 506.420683731756,
  "mae": 16.839636632484716,
  "rmse": 22.50379265216768,
  "r2": 0.9936284022931101,
  "mape": 12.317504670728228,
  "max_error": 65.35081156496516,
  "bias": -0.7512439284853705,
  "n_samples": 900,
  "coefficients": {
    "a": -0.001227077807641695,
    "b": 6.268977604062951,
    "c": -18.342616274956015
  }
}