{
  "mse": 394.58927091744425,
  "mae": 14.41728748266332,
  "rmse": 19.864271215361622,
  "r2": 0.9950354237603125,
  "mape": 15.53311063751353,
  "max_error": 77.5458722259635,
  "bias": 0.488140788200598,
  "n_samples": 900,
  "coefficients": {
    "a": -0.0012961260636055896,
    "b": 6.24674235962965,
    "c": -18.466471335883853
  }
}