{
  "mse": 599.5755112580069,
  "mae": 17.7008402436151,
  "rmse": 24.486231054574464,
  "r2": 0.9924563627131343,
  "mape": 18.90044111150163,
  "max_error": 89.96357294956638,
  "bias": -0.0750073602212696,
  "n_samples": 900,
  "coefficients": {
    "a": -0.0007030694900652568,
    "b": 6.181118302116503,
    "c": -20.131196003822822
  }
}