{
  "mse": 679.5739952550254,
  "mae": 15.329943381006661,
  "rmse": 26.06864007298857,
  "r2": 0.9889539854486575,
  "mape": 718494288.6661502,
  "max_error": 406.57261895708064,
  "bias": -0.2985765939266677,
  "n_samples": 4100,
  "coefficients": {
    "a": 5.729543932688817,
    "b": -4.909697577580943
  }
}