{
  "mse": 929.2710198711404,
  "mae": 17.671152250663464,
  "rmse": 30.483946920816216,
  "r2": 0.9848953296045629,
  "mape": 930474697.374369,
  "max_error": 447.47945805131303,
  "bias": 0.9436679784482477,
  "n_samples": 4100,
  "coefficients": {
    "a": 5.852228072081773,
    "b": -6.358226490915399
  }
}