{
  "mse": 792.8992178307752,
  "mae": 16.30971952926711,
  "rmse": 28.15846618391661,
  "r2": 0.9871119607885819,
  "mape": 721751233.944975,
  "max_error": 345.62128792525914,
  "bias": -0.2618043834690803,
  "n_samples": 4100,
  "coefficients": {
    "a": 5.803403221351587,
    "b": -4.931953307841411
  }
}