{
  "mse": 937.6777027628729,
  "mae": 21.05823300017907,
  "rmse": 30.621523521256627,
  "r2": 0.9750454795749794,
  "mape": 1284687426.5549102,
  "max_error": 168.03899270666022,
  "bias": 0.9267300079724028,
  "n_samples": 2589,
  "coefficients": {
    "params": {
      "feature": 0,
      "threshold": 58.54166793823242,
      "left": {
        "feature": 0,
        "threshold": 21.190909385681152,
        "left": {
          "feature": 0,
          "threshold": 6.793814420700073,
          "left": {
            "value": 5.118980065682827
          },
          "right": {
            "value": 60.54627407447313
          }
        },
        "right": {
          "feature": 0,
          "threshold": 40.182003021240234,
          "left": {
            "value": 147.8655923010779
          },
          "right": {
            "value": 235.35929326889595
          }
        }
      },
      "right": {
        "feature": 0,
        "threshold": 99.90243911743164,
        "left": {
          "feature": 0,
          "threshold": 79.78030395507812,
          "left": {
            "value": 351.08987452082164
          },
          "right": {
            "value": 468.983681593478
          }
        },
        "right": {
          "feature": 0,
          "threshold": 141.0999984741211,
          "left": {
            "value": 633.5920354183669
          },
          "right": {
            "value": 848.8476739600068
          }
        }
      }
    }
  }
}