{
  "mse": 1062.9738096419987,
  "mae": 21.931798673953264,
  "rmse": 32.603279124069694,
  "r2": 0.9717109604229534,
  "mape": 1129798979.2116494,
  "max_error": 168.16252603999362,
  "bias": -0.7919792716700257,
  "n_samples": 2589,
  "coefficients": {
    "params": {
      "feature": 0,
      "threshold": 56.634294509887695,
      "left": {
        "feature": 0,
        "threshold": 20.393046379089355,
        "left": {
          "feature": 0,
          "threshold": 5.992254734039307,
          "left": {
            "value": 4.5018098053373174
          },
          "right": {
            "value": 59.59304538834821
          }
        },
        "right": {
          "feature": 0,
          "threshold": 37.81954574584961,
          "left": {
            "value": 143.08268217153537
          },
          "right": {
            "value": 230.74422713540534
          }
        }
      },
      "right": {
        "feature": 0,
        "threshold": 97.68838119506836,
        "left": {
          "feature": 0,
          "threshold": 78.87307357788086,
          "left": {
            "value": 354.49990772323997
          },
          "right": {
            "value": 483.8310679482997
          }
        },
        "right": {
          "feature": 0,
          "threshold": 136.5,
          "left": {
            "value": 639.9749701650561
          },
          "right": {
            "value": 848.7241406266734
          }
        }
      }
    }
  }
}