{
  "mse": 1038.5394155761717,
  "mae": 21.780839194681114,
  "rmse": 32.22637763659099,
  "r2": 0.9723612356550422,
  "mape": 1286230370.516699,
  "max_error": 170.78055146233612,
  "bias": -0.5812922947155401,
  "n_samples": 2589,
  "coefficients": {
    "params": {
      "feature": 0,
      "threshold": 55.7090950012207,
      "left": {
        "feature": 0,
        "threshold": 21.045804023742676,
        "left": {
          "feature": 0,
          "threshold": 6.420999526977539,
          "left": {
            "value": 5.125128097288017
          },
          "right": {
            "value": 60.290239008896165
          }
        },
        "right": {
          "feature": 0,
          "threshold": 38.21483612060547,
          "left": {
            "value": 143.86535894663572
          },
          "right": {
            "value": 228.33877952955655
          }
        }
      },
      "right": {
        "feature": 0,
        "threshold": 94.77567672729492,
        "left": {
          "feature": 0,
          "threshold": 78.56000137329102,
          "left": {
            "value": 350.5121686955978
          },
          "right": {
            "value": 474.1513223985786
          }
        },
        "right": {
          "feature": 0,
          "threshold": 135.69422912597656,
          "left": {
            "value": 630.9503965680613
          },
          "right": {
            "value": 846.1061152043309
          }
        }
      }
    }
  }
}