{
  "mse": 35.616749505008144,
  "mae": 4.229474665274874,
  "rmse": 5.967977002721119,
  "r2": 0.975814869118903,
  "mape": 121.34793119949437,
  "max_error": 18.43934746869752,
  "bias": -0.6922220562366509,
  "n_samples": 1300,
  "coefficients": {
    "params": {
      "feature": 0,
      "threshold": 9.6807279586792,
      "left": {
        "feature": 0,
        "threshold": 2.7422680854797363,
        "left": {
          "feature": 0,
          "threshold": 0.3731731027364731,
          "left": {
            "value": 0.5560888870193377
          },
          "right": {
            "value": 8.707242180851988
          }
        },
        "right": {
          "feature": 0,
          "threshold": 6.560714483261108,
          "left": {
            "value": 22.411447937399682
          },
          "right": {
            "value": 32.979317234639616
          }
        }
      },
      "right": {
        "feature": 0,
        "threshold": 19.96058177947998,
        "left": {
          "feature": 0,
          "threshold": 15.0171799659729,
          "left": {
            "value": 52.52425335490561
          },
          "right": {
            "value": 73.60924519634793
          }
        },
        "right": {
          "feature": 0,
          "threshold": 25.77785873413086,
          "left": {
            "value": 98.27509697574688
          },
          "right": {
            "value": 121.48444392541812
          }
        }
      }
    }
  }
}