{
  "mse": 35.4641558335414,
  "mae": 4.242786808062363,
  "rmse": 5.9551789086089935,
  "r2": 0.9759184860397995,
  "mape": 136.67116004956173,
  "max_error": 21.27211672534085,
  "bias": -0.35611357188968956,
  "n_samples": 1300,
  "coefficients": {
    "params": {
      "feature": 0,
      "threshold": 9.677043914794922,
      "left": {
        "feature": 0,
        "threshold": 3.0187718868255615,
        "left": {
          "feature": 0,
          "threshold": 0.3938315808773041,
          "left": {
            "value": 0.6213200716594581
          },
          "right": {
            "value": 9.1103511135951
          }
        },
        "right": {
          "feature": 0,
          "threshold": 6.560304164886475,
          "left": {
            "value": 22.92101990474373
          },
          "right": {
            "value": 33.05225979344592
          }
        }
      },
      "right": {
        "feature": 0,
        "threshold": 19.867079734802246,
        "left": {
          "feature": 0,
          "threshold": 15.005988121032715,
          "left": {
            "value": 52.544361159138425
          },
          "right": {
            "value": 73.42307303033657
          }
        },
        "right": {
          "feature": 0,
          "threshold": 25.67692756652832,
          "left": {
            "value": 97.81878339200752
          },
          "right": {
            "value": 120.84469647426273
          }
        }
      }
    }
  }
}