{
  "mse": 36.56393166175915,
  "mae": 4.284113268152764,
  "rmse": 6.046811693922604,
  "r2": 0.9751716963210585,
  "mape": 140.87233178874285,
  "max_error": 21.083993814850928,
  "bias": -0.5335011771939057,
  "n_samples": 1300,
  "coefficients": {
    "params": {
      "feature": 0,
      "threshold": 9.941666603088379,
      "left": {
        "feature": 0,
        "threshold": 2.98085880279541,
        "left": {
          "feature": 0,
          "threshold": 0.4263977110385895,
          "left": {
            "value": 0.6402017222975913
          },
          "right": {
            "value": 9.171283319010064
          }
        },
        "right": {
          "feature": 0,
          "threshold": 6.50495982170105,
          "left": {
            "value": 22.75311126018571
          },
          "right": {
            "value": 31.396568755710902
          }
        }
      },
      "right": {
        "feature": 0,
        "threshold": 20.658976554870605,
        "left": {
          "feature": 0,
          "threshold": 14.983739852905273,
          "left": {
            "value": 51.98921957086705
          },
          "right": {
            "value": 72.90157331971845
          }
        },
        "right": {
          "feature": 0,
          "threshold": 26.31381320953369,
          "left": {
            "value": 97.6306604815176
          },
          "right": {
            "value": 120.51562111759756
          }
        }
      }
    }
  }
}