{
  "mae": 20.179734144026366,
  "rmse": 27.814982844041012,
  "r2": 0.8979952481337747,
  "mape": 14.935197586455725,
  "max_error": 104.49949593747131,
  "bias": 2.1213686380537604,
  "n_samples": 488
}