{
  "mae": 5.866072103491308,
  "rmse": 11.139521682272658,
  "r2": 0.995343109526701,
  "mape": 420177821.4179304,
  "max_error": 82.69056938794819,
  "bias": 0.5685534148890572,
  "n_samples": 4570
}