{
  "mae": 5.600349064289162,
  "rmse": 11.346139208626065,
  "r2": 0.9951687539864073,
  "mape": 143468878.40902355,
  "max_error": 91.82409267083881,
  "bias": -0.3921669281667874,
  "n_samples": 4570
}