{
  "mae": 5.8241904098606225,
  "rmse": 11.5667056826459,
  "r2": 0.9949790914941011,
  "mape": 141142665.14965647,
  "max_error": 92.64671041403807,
  "bias": 0.7177403826683623,
  "n_samples": 4570
}