{
  "mse": 18.870386355362985,
  "mae": 3.1608442873797156,
  "rmse": 4.344005795963327,
  "r2": 0.9871862881895737,
  "mape": 210.64856837312647,
  "max_error": 14.230628385877395,
  "bias": -0.08145881871528698,
  "n_samples": 1300,
  "coefficients": {
    "a": 4.260008481215807,
    "b": 0.9705081389715886
  }
}