{
  "mse": 19.03262501160225,
  "mae": 3.3175015213831,
  "rmse": 4.362639683907238,
  "r2": 0.9870761219562803,
  "mape": 257.1542743873694,
  "max_error": 12.419690466032463,
  "bias": -0.3759858287198166,
  "n_samples": 1300,
  "coefficients": {
    "a": 4.110233940762668,
    "b": 1.1732555610538213
  }
}