{
  "mse": 19.55126482639032,
  "mae": 3.2607324797748296,
  "rmse": 4.421681221706323,
  "r2": 0.9867239457477514,
  "mape": 235.82106943373287,
  "max_error": 13.746254884884351,
  "bias": 0.04625823148164134,
  "n_samples": 1300,
  "coefficients": {
    "a": 4.226724441047077,
    "b": 1.0798517792525644
  }
}