{
  "mse": 31.859673333942016,
  "mae": 3.7389653672999525,
  "rmse": 5.644437379752035,
  "r2": 0.9960563310252759,
  "mape": 1354480546.0148647,
  "max_error": 40.61046393023223,
  "bias": 0.3049827261209476,
  "n_samples": 1339,
  "coefficients": {
    "a": 4.8734928161986595,
    "b": 1.8150021687283129
  }
}