{
  "mse": 46.08706126527909,
  "mae": 4.05312474879208,
  "rmse": 6.788745190775619,
  "r2": 0.9942952298429734,
  "mape": 1542379511.0812242,
  "max_error": 61.45237986723024,
  "bias": 0.18316074467263938,
  "n_samples": 1339,
  "coefficients": {
    "a": 4.917606830552048,
    "b": 2.0667865343424694
  }
}