{
  "mse": 41.72346134545368,
  "mae": 4.030327189605636,
  "rmse": 6.459370042461856,
  "r2": 0.9948353670076439,
  "mape": 1528264159.2681084,
  "max_error": 44.07846189757865,
  "bias": 0.11267667188669259,
  "n_samples": 1339,
  "coefficients": {
    "a": 4.82022491538401,
    "b": 2.0478719816619844
  }
}