{
  "mse": 1533.1866682339214,
  "mae": 27.33127861167944,
  "rmse": 39.155927625762125,
  "r2": 0.9823217276114445,
  "mape": 14.862650134483923,
  "max_error": 181.62387625887368,
  "bias": 0.3072064046274599,
  "n_samples": 900,
  "coefficients": {
    "a": 5.899302844050456,
    "b": -12.122807622475761
  }
}