{
  "mse": 1382.5702748574345,
  "mae": 26.874276402393942,
  "rmse": 37.18292988533091,
  "r2": 0.9840583965268861,
  "mape": 15.909754069107596,
  "max_error": 156.1553358778533,
  "bias": 1.9867468511841695,
  "n_samples": 900,
  "coefficients": {
    "a": 5.969000046348573,
    "b": -15.798527508818609
  }
}