{
  "mse": 1155.9208466669136,
  "mae": 24.107572518247324,
  "rmse": 33.99883596046949,
  "r2": 0.9866717575815305,
  "mape": 13.716269527572514,
  "max_error": 176.0828381696499,
  "bias": 2.5454455024628118,
  "n_samples": 900,
  "coefficients": {
    "a": 5.811855710871028,
    "b": -12.893632980556845
  }
}