time,irr_1_MAX_VALUE,irr_2_MAX_VALUE,irr_3_MAX_VALUE,irr_dav_1_MAX_VALUE
2025-09-04 05:00:00+02:00,0.0,0.0,0.0,9.231776773950688
2025-09-04 05:01:00+02:00,0.0,0.0,0.0,4.704665404040404
2025-09-04 05:02:00+02:00,0.0,0.0,0.0,12.008492063492064
2025-09-04 05:03:00+02:00,0.0,0.0,0.0,10.161666666666664
2025-09-04 05:04:00+02:00,0.0,0.0,0.0,11.244766009852215
2025-09-04 05:05:00+02:00,0.0,0.0,0.0,11.05645061728395
2025-09-04 05:06:00+02:00,0.0,0.0,0.0,4.391586538461538
2025-09-04 05:07:00+02:00,0.0,0.0,0.0,9.839023795300676
2025-09-04 05:08:00+02:00,0.0,0.0,0.0,7.593682795698925
2025-09-04 05:09:00+02:00,0.0,0.0,0.0,9.28898148148148
2025-09-04 05:10:00+02:00,0.0,0.0,0.0,7.300175653594771
2025-09-04 05:11:00+02:00,0.0,0.0,0.0,11.944659786721706
2025-09-04 05:12:00+02:00,0.0,0.0,0.0,9.340016291951777
2025-09-04 05:13:00+02:00,0.0,0.0,0.0,11.361290322580643
2025-09-04 05:14:00+02:00,0.0,0.0,0.0,5.33653634085213
2025-09-04 05:15:00+02:00,0.0,0.0,0.0,11.338849206349204
2025-09-04 05:16:00+02:00,0.0,0.0,0.0,12.653005291005291
2025-09-04 05:17:00+02:00,0.0,0.0,0.0,8.136484848484848
2025-09-04 05:18:00+02:00,0.0,0.0,0.0,6.38236111111111
2025-09-04 05:19:00+02:00,0.0,0.0,0.0,8.925095238095237
2025-09-04 05:20:00+02:00,0.0,0.0,0.0,9.34657738095238
2025-09-04 05:21:00+02:00,0.0,0.0,0.0,7.56988492063492
2025-09-04 05:22:00+02:00,0.0,0.0,0.0,10.677013888888888
2025-09-04 05:23:00+02:00,0.0,0.0,0.0,10.81254072681704
2025-09-04 05:24:00+02:00,0.0,0.0,0.0,7.523323412698413
2025-09-04 05:25:00+02:00,0.0,0.0,0.0,10.505537878787878
2025-09-04 05:26:00+02:00,0.0,0.0,0.0,8.387188552188553
2025-09-04 05:27:00+02:00,0.0,0.0,0.0,11.797598484848486
2025-09-04 05:28:00+02:00,0.0,0.0,0.0,7.931528846153846
2025-09-04 05:29:00+02:00,0.0,0.0,0.0,10.518148148148148
2025-09-04 05:30:00+02:00,0.0,0.0,0.0,8.008584656084656
2025-09-04 05:31:00+02:00,0.0,0.0,0.0,9.303257936507936
2025-09-04 05:32:00+02:00,0.0,0.0,0.0,10.637055555555555
2025-09-04 05:33:00+02:00,0.0,0.0,0.0,11.725776515151514
2025-09-04 05:34:00+02:00,0.0,0.0,0.0,10.318263888888888
2025-09-04 05:35:00+02:00,0.0,0.0,0.0,12.284913793103447
2025-09-04 05:36:00+02:00,0.0,0.0,0.0,10.35546783625731
2025-09-04 05:37:00+02:00,0.0,0.0,0.0,11.65573611111111
2025-09-04 05:38:00+02:00,0.0,0.0,0.0,10.483391934293095
2025-09-04 05:39:00+02:00,0.0,0.0,0.0,12.299836563307494
2025-09-04 05:40:00+02:00,0.0,0.0,0.0,10.46062962962963
2025-09-04 05:41:00+02:00,0.0,0.0,0.0,11.814533730158727
2025-09-04 05:42:00+02:00,0.0,0.0,0.0,12.376398809523808
2025-09-04 05:43:00+02:00,0.0,0.0,0.0,11.939322916666669
2025-09-04 05:44:00+02:00,0.0,0.0,0.0,10.552448653198653
2025-09-04 05:45:00+02:00,0.0,0.0,0.0,11.510642091648188
2025-09-04 05:46:00+02:00,0.0,0.0,0.0,9.062761130468449
2025-09-04 05:47:00+02:00,0.0,0.0,0.0,12.68114620467252
2025-09-04 05:48:00+02:00,0.0,0.0,0.0,11.55127435897436
2025-09-04 05:49:00+02:00,0.0,0.0,0.0,13.434580200501252
2025-09-04 05:50:00+02:00,0.0,0.0,0.0,13.403912927350428
2025-09-04 05:51:00+02:00,0.0,0.0,0.0,12.440531844316672
2025-09-04 05:52:00+02:00,0.0,0.0,0.0,13.221550925925923
2025-09-04 05:53:00+02:00,0.0,0.0,0.0,14.277727185649598
2025-09-04 05:54:00+02:00,0.0,0.0,0.0,14.287992212036327
2025-09-04 05:55:00+02:00,2.425989052240638e-05,2.425989052240638e-05,2.425989052240638e-05,14.444393939393938
2025-09-04 05:56:00+02:00,8.270427414803743e-05,8.270427414803743e-05,8.270427414803743e-05,9.922928030303032
2025-09-04 05:57:00+02:00,0.0001799058263866,0.0001799058263866,0.0001799058263866,13.079947811447813
2025-09-04 05:58:00+02:00,0.0003314827397108,0.0003314827397108,0.0003314827397108,13.715840982286636
2025-09-04 05:59:00+02:00,0.0390798954177387,0.0390798954177387,0.0390798954177387,12.920304347826084
2025-09-04 06:00:00+02:00,0.0614659050052928,0.0614659050052928,0.0614659050052928,16.869637992241252
2025-09-04 06:01:00+02:00,0.0922326472470981,0.0922326472470981,0.0922326472470981,10.757930790960453
2025-09-04 06:02:00+02:00,0.1332982486589253,0.1332982486589253,0.1332982486589253,14.392423903998598
2025-09-04 06:03:00+02:00,0.1867148083438085,0.1867148083438085,0.1867148083438085,18.444014355742297
2025-09-04 06:04:00+02:00,0.2546183274527149,0.2546183274527149,0.2546183274527149,20.63370098039216
2025-09-04 06:05:00+02:00,0.3391738478174514,0.3391738478174514,0.3391738478174514,17.493537763638503
2025-09-04 06:06:00+02:00,0.442519753149531,0.442519753149531,0.442519753149531,17.217755758807588
2025-09-04 06:07:00+02:00,0.5667143582142085,0.5667143582142085,0.5667143582142085,22.838871212121216
2025-09-04 06:08:00+02:00,0.713687521423987,0.713687521423987,0.713687521423987,22.584483327181
2025-09-04 06:09:00+02:00,0.8851992875461575,0.8851992875461575,0.8851992875461575,25.3485443583118
2025-09-04 06:10:00+02:00,1.082806807172631,1.082806807172631,1.082806807172631,22.00681917211329
2025-09-04 06:11:00+02:00,1.3076245914136129,1.3076245914136129,1.3076245914136129,23.99084656084656
2025-09-04 06:12:00+02:00,1.558062361961405,1.558062361961405,1.558062361961405,24.375820105820107
2025-09-04 06:13:00+02:00,1.8365788018794715,1.8365788018794715,1.8365788018794715,21.78684135472371
2025-09-04 06:14:00+02:00,2.1435215996431904,2.1435215996431904,2.1435215996431904,21.73517948717949
2025-09-04 06:15:00+02:00,2.4789874691660314,2.4789874691660314,2.4789874691660314,22.16380687830688
2025-09-04 06:16:00+02:00,2.625651022936577,2.625651022936577,2.625651022936577,23.417677248677247
2025-09-04 06:17:00+02:00,2.9893107157597942,2.9893107157597942,2.9893107157597942,20.43798397435897
2025-09-04 06:18:00+02:00,3.378888106410043,3.378888106410043,3.378888106410043,23.160625
2025-09-04 06:19:00+02:00,3.793785373405013,3.793785373405013,3.793785373405013,26.56576388888889
2025-09-04 06:20:00+02:00,4.233267748825851,4.233267748825851,4.233267748825851,27.236764705882354
2025-09-04 06:21:00+02:00,4.696484623698384,4.696484623698384,4.696484623698384,25.868849206349207
2025-09-04 06:22:00+02:00,5.182489973807691,5.182489973807691,5.182489973807691,31.366136363636368
2025-09-04 06:23:00+02:00,5.690261685458048,5.690261685458048,5.690261685458048,28.45547288359789
2025-09-04 06:24:00+02:00,6.301679227114325,6.301679227114325,6.301679227114325,32.10469642857143
2025-09-04 06:25:00+02:00,7.004361167361,7.004361167361,7.004361167361,27.109113425925926
2025-09-04 06:26:00+02:00,7.756184260690474,7.756184260690474,7.756184260690474,29.218697916666667
2025-09-04 06:27:00+02:00,8.558320394727815,8.558320394727815,8.558320394727815,29.69968055555556
2025-09-04 06:28:00+02:00,9.411860393170194,9.411860393170194,9.411860393170194,34.373114035087724
2025-09-04 06:29:00+02:00,10.317813241034091,10.317813241034091,10.317813241034091,31.949490740740742
2025-09-04 06:30:00+02:00,11.27710538045537,11.27710538045537,11.27710538045537,35.30596338383838
2025-09-04 06:31:00+02:00,12.290580525201175,12.290580525201175,12.290580525201175,35.67612381989833
2025-09-04 06:32:00+02:00,13.338392266960224,13.338392266960224,13.338392266960224,37.44074377828054
2025-09-04 06:33:00+02:00,14.432549170364869,14.432549170364869,14.432549170364869,39.26883333333333
2025-09-04 06:34:00+02:00,15.574913692723582,15.574913692723582,15.574913692723582,37.98869444444444
2025-09-04 06:35:00+02:00,16.765388324833836,16.765388324833836,16.765388324833836,34.92974740537241
2025-09-04 06:36:00+02:00,18.00381752940226,18.00381752940226,18.00381752940226,38.82118055555556
2025-09-04 06:37:00+02:00,19.289988434000765,19.289988434000765,19.289988434000765,41.22595833333333
2025-09-04 06:38:00+02:00,20.623639745275295,20.623639745275295,20.623639745275295,44.73447222222222
2025-09-04 06:39:00+02:00,22.00446230352568,22.00446230352568,22.00446230352568,41.0886037037037
2025-09-04 06:40:00+02:00,23.43210360569183,23.43210360569183,23.43210360569183,44.44565347222223
2025-09-04 06:41:00+02:00,24.90617137852029,24.36748057168172,24.90617137852029,48.101628472222224
2025-09-04 06:42:00+02:00,25.653784775069383,24.36748057168172,26.42623702079558,43.57473475355054
2025-09-04 06:43:00+02:00,25.653784775069383,24.36748057168172,27.99183886784385,47.41945370370371
2025-09-04 06:44:00+02:00,25.653784775069383,24.36748057168172,28.0415188963436,42.87685854076479
2025-09-04 06:45:00+02:00,25.653784775069383,24.36748057168172,28.0415188963436,44.08283333333333
2025-09-04 06:46:00+02:00,25.653784775069383,24.36748057168172,28.0415188963436,44.37138480392158
2025-09-04 06:47:00+02:00,25.653784775069383,24.36748057168172,28.0415188963436,43.36953533496732
2025-09-04 06:48:00+02:00,25.653784775069383,24.36748057168172,28.0415188963436,49.94092592592593
2025-09-04 06:49:00+02:00,25.653784775069383,24.36748057168172,28.0415188963436,51.033920138888895
2025-09-04 06:50:00+02:00,25.653784775069383,24.36748057168172,28.0415188963436,52.98494738247863
2025-09-04 06:51:00+02:00,25.653784775069383,24.36748057168172,28.0415188963436,55.59309821428571
2025-09-04 06:52:00+02:00,25.653784775069383,24.36748057168172,28.0415188963436,55.730879629629634
2025-09-04 06:53:00+02:00,25.653784775069383,47.020599578458935,28.0415188963436,59.304479166666674
2025-09-04 06:54:00+02:00,25.653784775069383,49.11965537438898,28.0415188963436,64.99244212962962
2025-09-04 06:55:00+02:00,25.653784775069383,51.257127628024165,28.0415188963436,58.51839583333334
2025-09-04 06:56:00+02:00,25.653784775069383,53.43232659698285,28.0415188963436,62.987678571428575
2025-09-04 06:57:00+02:00,25.653784775069383,55.644563729565945,28.0415188963436,66.3285909090909
2025-09-04 06:58:00+02:00,57.89315240619351,57.89315240619351,28.0415188963436,69.15118650793652
2025-09-04 06:59:00+02:00,60.177410193634586,60.177410193634586,28.0415188963436,71.4708134920635
2025-09-04 07:00:00+02:00,62.496653320150976,62.496653320150976,28.0415188963436,68.10162698412698
2025-09-04 07:01:00+02:00,64.85020643174519,64.85020643174519,64.85020643174519,71.53193347953216
2025-09-04 07:02:00+02:00,67.2373970198255,67.2373970198255,67.2373970198255,83.49599206349207
2025-09-04 07:03:00+02:00,69.65755737768403,69.65755737768403,69.65755737768403,90.55029970760232
2025-09-04 07:04:00+02:00,72.11002503280857,72.11002503280857,72.11002503280857,79.94534722222222
2025-09-04 07:05:00+02:00,74.59414311318409,74.59414311318409,74.59414311318409,78.80426587301588
2025-09-04 07:06:00+02:00,77.10926067353014,77.10926067353014,77.10926067353014,81.63570512820513
2025-09-04 07:07:00+02:00,79.65473300640335,79.65473300640335,79.65473300640335,92.59597222222222
2025-09-04 07:08:00+02:00,82.22992187195368,82.22992187195368,82.22992187195368,91.76939814814814
2025-09-04 07:09:00+02:00,84.8341957428656,84.8341957428656,84.8341957428656,86.55398214285714
2025-09-04 07:10:00+02:00,87.46693177036136,87.46693177036136,87.46693177036136,104.13118055555556
2025-09-04 07:11:00+02:00,90.12750886706708,90.12750886706708,90.12750886706708,105.99770833333334
2025-09-04 07:12:00+02:00,92.81531846412858,92.81531846412858,92.81531846412858,111.05402777777778
2025-09-04 07:13:00+02:00,95.52975755813918,95.52975755813918,95.52975755813918,110.20394444444445
2025-09-04 07:14:00+02:00,98.27023058551218,98.05568734806512,98.27023058551218,107.8890277777778
2025-09-04 07:15:00+02:00,101.03614949702104,98.05568734806512,101.03614949702104,95.48892195767196
2025-09-04 07:16:00+02:00,103.82693381328208,98.05568734806512,103.82693381328208,111.20431712962964
2025-09-04 07:17:00+02:00,106.64201068932492,98.05568734806512,106.64201068932492,117.22064814814814
2025-09-04 07:18:00+02:00,108.92093652853497,98.05568734806512,109.48081491327844,109.32807870370372
2025-09-04 07:19:00+02:00,108.92093652853497,98.05568734806512,112.34278894065292,107.72948412698412
2025-09-04 07:20:00+02:00,108.92093652853497,98.05568734806512,115.22738289270384,135.62587962962962
2025-09-04 07:21:00+02:00,108.92093652853497,98.05568734806512,118.13405649633737,134.3011111111111
2025-09-04 07:22:00+02:00,108.92093652853497,98.05568734806512,121.06227127528868,140.25956590413944
2025-09-04 07:23:00+02:00,108.92093652853497,98.05568734806512,124.0115021824177,145.94383796296296
2025-09-04 07:24:00+02:00,108.92093652853497,98.05568734806512,126.98122980040044,153.38979166666667
2025-09-04 07:25:00+02:00,108.92093652853497,98.05568734806512,129.97094223173153,149.25219907407407
2025-09-04 07:26:00+02:00,108.92093652853497,98.05568734806512,132.98013503871937,147.24283333333335
2025-09-04 07:27:00+02:00,108.92093652853497,136.00831120554506,136.00831120554506,140.6078869047619
2025-09-04 07:28:00+02:00,108.92093652853497,139.05498103906504,139.05498103906504,164.18680555555554
2025-09-04 07:29:00+02:00,108.92093652853497,142.11966211890712,142.11966211890712,157.67765625
2025-09-04 07:30:00+02:00,145.20187921675682,145.20187921675682,145.20187921675682,158.74180555555554
2025-09-04 07:31:00+02:00,148.3011642094541,148.3011642094541,148.3011642094541,157.90147817460317
2025-09-04 07:32:00+02:00,151.41705811459087,151.41705811459087,151.41705811459087,167.3439351851852
2025-09-04 07:33:00+02:00,154.5491025988876,154.5491025988876,154.5491025988876,167.2725
2025-09-04 07:34:00+02:00,157.69685245007565,157.69685245007565,157.69685245007565,171.55001984126986
2025-09-04 07:35:00+02:00,160.8598671311419,160.8598671311419,160.8598671311419,190.13054487179488
2025-09-04 07:36:00+02:00,164.03771276497935,164.03771276497935,164.03771276497935,187.8655687830688
2025-09-04 07:37:00+02:00,167.22996206342648,167.22996206342648,167.22996206342648,187.3601587301587
2025-09-04 07:38:00+02:00,170.4361941933695,170.4361941933695,170.4361941933695,199.03354166666668
2025-09-04 07:39:00+02:00,173.6559947041016,173.6559947041016,173.6559947041016,196.4743055555556
2025-09-04 07:40:00+02:00,176.88895542180518,176.88895542180518,176.88895542180518,199.48962009803924
2025-09-04 07:41:00+02:00,180.13467435073932,180.13467435073932,180.13467435073932,200.2495724789916
2025-09-04 07:42:00+02:00,183.3927555677197,183.3927555677197,183.3927555677197,202.2269756441224
2025-09-04 07:43:00+02:00,186.66280914625668,186.66280914625668,186.66280914625668,210.83064814814816
2025-09-04 07:44:00+02:00,189.944453225278,189.944453225278,187.42706380110675,215.4163701201201
2025-09-04 07:45:00+02:00,193.2373051235425,193.2373051235425,187.42706380110675,220.30405621530625
2025-09-04 07:46:00+02:00,196.5409944384337,196.5409944384337,187.42706380110675,221.8776136363637
2025-09-04 07:47:00+02:00,199.85515414608824,199.85515414608824,187.42706380110675,229.46661904761905
2025-09-04 07:48:00+02:00,203.17942272502785,202.0076426902852,187.42706380110675,229.678625
2025-09-04 07:49:00+02:00,206.5134440208431,202.0076426902852,187.42706380110675,229.50433827160492
2025-09-04 07:50:00+02:00,209.8568671756788,202.0076426902852,209.8568671756788,236.80807936507935
2025-09-04 07:51:00+02:00,213.20934653133293,202.0076426902852,213.20934653133293,239.96181576797383
2025-09-04 07:52:00+02:00,216.57054150408104,202.0076426902852,216.57054150408104,245.66082843137252
2025-09-04 07:53:00+02:00,219.9401165530087,202.0076426902852,219.9401165530087,252.4442943805875
2025-09-04 07:54:00+02:00,223.3177410248984,202.0076426902852,223.3177410248984,254.4434595959596
2025-09-04 07:55:00+02:00,226.7030913671721,202.0076426902852,226.7030913671721,254.81298611111117
2025-09-04 07:56:00+02:00,230.09584194494363,202.0076426902852,230.09584194494363,258.9481875
2025-09-04 07:57:00+02:00,233.49567856731252,202.0076426902852,233.49567856731252,263.8421701388889
2025-09-04 07:58:00+02:00,236.9022893491778,202.0076426902852,236.9022893491778,260.4986525341131
2025-09-04 07:59:00+02:00,240.3153668543856,240.3153668543856,240.3153668543856,265.1859371693121
2025-09-04 08:00:00+02:00,243.7346080357418,243.7346080357418,243.7346080357418,277.461673992674
2025-09-04 08:01:00+02:00,247.15971414547928,247.15971414547928,247.15971414547928,280.1079556878307
2025-09-04 08:02:00+02:00,250.5903906462015,250.5903906462015,250.5903906462015,282.7079563492064
2025-09-04 08:03:00+02:00,254.02634715514225,254.02634715514225,254.02634715514225,288.6481712962963
2025-09-04 08:04:00+02:00,257.4672973265495,257.4672973265495,257.4672973265495,292.0890277777778
2025-09-04 08:05:00+02:00,260.9129587993958,260.9129587993958,260.9129587993958,294.9993148148148
2025-09-04 08:06:00+02:00,264.36305542839943,264.36305542839943,264.36305542839943,299.1408485623781
2025-09-04 08:07:00+02:00,267.8173079455077,267.8173079455077,267.8173079455077,302.95236912393165
2025-09-04 08:08:00+02:00,271.27544779333243,271.27544779333243,271.27544779333243,308.30952777777776
2025-09-04 08:09:00+02:00,274.7372077618394,274.7372077618394,274.7372077618394,311.1153683862434
2025-09-04 08:10:00+02:00,278.20232425561795,278.20232425561795,278.20232425561795,315.4574603174603
2025-09-04 08:11:00+02:00,280.837333004333,281.6705372175168,278.72148851667674,320.20237962962966
2025-09-04 08:12:00+02:00,280.837333004333,285.14159005337035,278.72148851667674,324.71334722222224
2025-09-04 08:13:00+02:00,280.837333004333,285.9142456346197,278.72148851667674,326.10333531746033
2025-09-04 08:14:00+02:00,280.837333004333,285.9142456346197,278.72148851667674,323.6992328042328
2025-09-04 08:15:00+02:00,280.837333004333,285.9142456346197,278.72148851667674,328.58995701058205
2025-09-04 08:16:00+02:00,280.837333004333,285.9142456346197,278.72148851667674,332.0451654259719
2025-09-04 08:17:00+02:00,280.837333004333,285.9142456346197,278.72148851667674,336.4208186123912
2025-09-04 08:18:00+02:00,280.837333004333,285.9142456346197,278.72148851667674,335.9662400793651
2025-09-04 08:19:00+02:00,280.837333004333,285.9142456346197,278.72148851667674,342.19097222222223
2025-09-04 08:20:00+02:00,280.837333004333,285.9142456346197,278.72148851667674,345.69511574074073
2025-09-04 08:21:00+02:00,280.837333004333,285.9142456346197,278.72148851667674,345.5948247863248
2025-09-04 08:22:00+02:00,280.837333004333,285.9142456346197,278.72148851667674,351.67559027777776
2025-09-04 08:23:00+02:00,280.837333004333,285.9142456346197,278.72148851667674,349.7042881944444
2025-09-04 08:24:00+02:00,331.04933533397684,331.04933533397684,331.04933533397684,358.27242824074074
2025-09-04 08:25:00+02:00,334.56926131408534,334.56926131408534,334.56926131408534,358.67909722222225
2025-09-04 08:26:00+02:00,338.0888115057473,338.0888115057473,338.0888115057473,362.1525
2025-09-04 08:27:00+02:00,341.6077709081592,341.6077709081592,341.6077709081592,363.2418187830688
2025-09-04 08:28:00+02:00,345.1259270827845,345.1259270827845,345.1259270827845,373.5288194444445
2025-09-04 08:29:00+02:00,348.6430724292742,348.6430724292742,348.6430724292742,375.0714583333333
2025-09-04 08:30:00+02:00,352.15899473338743,352.15899473338743,352.15899473338743,376.3157001262626
2025-09-04 08:31:00+02:00,355.6734912696225,355.6734912696225,355.6734912696225,374.4029629629629
2025-09-04 08:32:00+02:00,359.1863593174909,359.1863593174909,359.1863593174909,379.9729652777778
2025-09-04 08:33:00+02:00,362.69739850564736,362.69739850564736,362.69739850564736,385.6899444444445
2025-09-04 08:34:00+02:00,366.2064107321054,366.2064107321054,366.2064107321054,388.7931150793651
2025-09-04 08:35:00+02:00,369.7132001512962,369.7132001512962,369.7132001512962,384.1382744107744
2025-09-04 08:36:00+02:00,373.2175731285415,373.2175731285415,373.2175731285415,393.82973484848486
2025-09-04 08:37:00+02:00,376.7193381953695,376.7193381953695,376.7193381953695,398.7422916666666
2025-09-04 08:38:00+02:00,380.2183060391188,380.2183060391188,380.2183060391188,400.9936944444444
2025-09-04 08:39:00+02:00,382.3126886205207,383.71428942721263,383.71428942721263,401.4208981481481
2025-09-04 08:40:00+02:00,382.3126886205207,387.207105538343,387.207105538343,406.2734758297258
2025-09-04 08:41:00+02:00,382.3126886205207,390.6965665545462,390.6965665545462,411.60376984126987
2025-09-04 08:42:00+02:00,382.3126886205207,394.1824936744272,394.1824936744272,416.0090873015873
2025-09-04 08:43:00+02:00,382.3126886205207,395.0865959287336,397.66470773397424,413.762375
2025-09-04 08:44:00+02:00,382.3126886205207,395.0865959287336,399.1734106869087,418.00428472222217
2025-09-04 08:45:00+02:00,382.3126886205207,395.0865959287336,399.1734106869087,420.3708573717949
2025-09-04 08:46:00+02:00,382.3126886205207,395.0865959287336,399.1734106869087,424.93919444444447
2025-09-04 08:47:00+02:00,382.3126886205207,395.0865959287336,399.1734106869087,429.0158492063492
2025-09-04 08:48:00+02:00,382.3126886205207,395.0865959287336,399.1734106869087,430.2646904761905
2025-09-04 08:49:00+02:00,382.3126886205207,395.0865959287336,399.1734106869087,433.80925595238097
2025-09-04 08:50:00+02:00,382.3126886205207,395.0865959287336,399.1734106869087,434.3238734567901
2025-09-04 08:51:00+02:00,425.3678728162969,395.0865959287336,399.1734106869087,437.86327380952383
2025-09-04 08:52:00+02:00,428.8089142529915,395.0865959287336,399.1734106869087,440.8408101851852
2025-09-04 08:53:00+02:00,432.2445518620809,395.0865959287336,399.1734106869087,443.0525854700855
2025-09-04 08:54:00+02:00,435.6746260194645,395.0865959287336,399.1734106869087,446.2151592592593
2025-09-04 08:55:00+02:00,439.0989787181289,395.0865959287336,399.1734106869087,444.7519805555556
2025-09-04 08:56:00+02:00,442.517453537498,395.0865959287336,399.1734106869087,447.6434259259259
2025-09-04 08:57:00+02:00,445.9298956110272,395.0865959287336,399.1734106869087,451.06567708333336
2025-09-04 08:58:00+02:00,449.33615162869273,395.0865959287336,399.1734106869087,456.2679563492063
2025-09-04 08:59:00+02:00,452.7360697741928,395.0865959287336,399.1734106869087,458.3929722222222
2025-09-04 09:00:00+02:00,456.12949972781456,395.0865959287336,399.1734106869087,457.6244212962963
2025-09-04 09:01:00+02:00,459.5162926370352,459.5162926370352,459.5162926370352,464.5726041666667
2025-09-04 09:02:00+02:00,462.8963033524385,462.8963033524385,462.8963033524385,467.0649305555556
2025-09-04 09:03:00+02:00,466.26938136974127,466.26938136974127,466.26938136974127,465.6323611111111
2025-09-04 09:04:00+02:00,467.265818025972,469.63538436999846,469.63538436999846,470.1613194444444
2025-09-04 09:05:00+02:00,467.265818025972,472.99416915324895,472.99416915324895,469.7845833333333
2025-09-04 09:06:00+02:00,467.265818025972,476.34559388045966,476.34559388045966,475.0057657657658
2025-09-04 09:07:00+02:00,467.265818025972,479.6895180483126,479.6895180483126,475.5455341484342
2025-09-04 09:08:00+02:00,467.265818025972,483.0258024937838,483.0258024937838,479.0392595899471
2025-09-04 09:09:00+02:00,467.265818025972,483.884587871218,484.19190513874526,480.022290954416
2025-09-04 09:10:00+02:00,467.265818025972,483.884587871218,484.19190513874526,486.0135509259259
2025-09-04 09:11:00+02:00,467.265818025972,483.884587871218,484.19190513874526,483.3288506944445
2025-09-04 09:12:00+02:00,467.265818025972,483.884587871218,484.19190513874526,485.4184675925926
2025-09-04 09:13:00+02:00,467.265818025972,483.884587871218,484.19190513874526,488.0599404761904
2025-09-04 09:14:00+02:00,467.265818025972,483.884587871218,484.19190513874526,495.4319791666667
2025-09-04 09:15:00+02:00,467.265818025972,483.884587871218,484.19190513874526,498.4633796296296
2025-09-04 09:16:00+02:00,467.265818025972,483.884587871218,484.19190513874526,495.0844444444445
2025-09-04 09:17:00+02:00,467.265818025972,483.884587871218,484.19190513874526,501.3008110119047
2025-09-04 09:18:00+02:00,467.265818025972,483.884587871218,484.19190513874526,502.50780555555554
2025-09-04 09:19:00+02:00,467.265818025972,483.884587871218,484.19190513874526,499.0437500000001
2025-09-04 09:20:00+02:00,467.265818025972,483.884587871218,484.19190513874526,506.3939583333333
2025-09-04 09:21:00+02:00,467.265818025972,483.884587871218,484.19190513874526,504.5941944444445
2025-09-04 09:22:00+02:00,467.265818025972,483.884587871218,484.19190513874526,508.10850529100526
2025-09-04 09:23:00+02:00,467.265818025972,483.884587871218,484.19190513874526,510.8716666666666
2025-09-04 09:24:00+02:00,467.265818025972,483.884587871218,484.19190513874526,513.5574603174604
2025-09-04 09:25:00+02:00,467.265818025972,483.884587871218,484.19190513874526,516.9803777777778
2025-09-04 09:26:00+02:00,467.265818025972,483.884587871218,484.19190513874526,517.2546
2025-09-04 09:27:00+02:00,467.265818025972,483.884587871218,484.19190513874526,523.7589030934342
2025-09-04 09:28:00+02:00,467.265818025972,483.884587871218,484.19190513874526,522.6042058404558
2025-09-04 09:29:00+02:00,467.265818025972,483.884587871218,484.19190513874526,520.4641250263546
2025-09-04 09:30:00+02:00,467.265818025972,483.884587871218,484.19190513874526,521.0788060224089
2025-09-04 09:31:00+02:00,467.265818025972,483.884587871218,484.19190513874526,529.8508829365079
2025-09-04 09:32:00+02:00,467.265818025972,483.884587871218,484.19190513874526,525.8233134920634
2025-09-04 09:33:00+02:00,467.265818025972,483.884587871218,484.19190513874526,532.4471805555555
2025-09-04 09:34:00+02:00,467.265818025972,483.884587871218,484.19190513874526,531.786662037037
2025-09-04 09:35:00+02:00,467.265818025972,483.884587871218,484.19190513874526,534.2745256410257
2025-09-04 09:36:00+02:00,467.265818025972,483.884587871218,484.19190513874526,530.6952457264957
2025-09-04 09:37:00+02:00,467.265818025972,483.884587871218,484.19190513874526,537.9364115133233
2025-09-04 09:38:00+02:00,467.265818025972,483.884587871218,484.19190513874526,534.608197167756
2025-09-04 09:39:00+02:00,574.1796138325511,483.884587871218,484.19190513874526,543.8914583333334
2025-09-04 09:40:00+02:00,574.1796138325511,483.884587871218,484.19190513874526,544.8064351851853
2025-09-04 09:41:00+02:00,574.1796138325511,483.884587871218,484.19190513874526,549.6918518518519
2025-09-04 09:42:00+02:00,574.1796138325511,483.884587871218,484.19190513874526,547.6843428330928
2025-09-04 09:43:00+02:00,574.1796138325511,483.884587871218,484.19190513874526,546.3302645502646
2025-09-04 09:44:00+02:00,574.1796138325511,483.884587871218,484.19190513874526,548.5192180735932
2025-09-04 09:45:00+02:00,574.1796138325511,483.884587871218,484.19190513874526,551.6412297771673
2025-09-04 09:46:00+02:00,574.1796138325511,483.884587871218,589.6442467705715,554.5105937118437
2025-09-04 09:47:00+02:00,574.1796138325511,573.4193921422142,589.6442467705715,560.1256076388889
2025-09-04 09:48:00+02:00,574.1796138325511,573.4193921422142,589.6442467705715,567.1182407407408
2025-09-04 09:49:00+02:00,574.1796138325511,483.884587871218,589.6442467705715,541.9346944444445
2025-09-04 09:50:00+02:00,574.1796138325511,573.4193921422142,589.6442467705715,566.655735042735
2025-09-04 09:51:00+02:00,574.1796138325511,573.4193921422142,589.6442467705715,560.0271924603175
2025-09-04 09:52:00+02:00,574.1796138325511,573.4193921422142,589.6442467705715,553.0826898148149
2025-09-04 09:53:00+02:00,574.1796138325511,573.4193921422142,589.6442467705715,569.5755879629629
2025-09-04 09:54:00+02:00,574.1796138325511,573.4193921422142,589.6442467705715,573.5648333333334
2025-09-04 09:55:00+02:00,574.1796138325511,573.4193921422142,589.6442467705715,574.7687857142856
2025-09-04 09:56:00+02:00,574.1796138325511,573.4193921422142,589.6442467705715,584.1544484126983
2025-09-04 09:57:00+02:00,574.1796138325511,573.4193921422142,589.6442467705715,580.9350925925926
2025-09-04 09:58:00+02:00,574.1796138325511,573.4193921422142,589.6442467705715,577.3232559523809
2025-09-04 09:59:00+02:00,574.1796138325511,573.4193921422142,589.6442467705715,572.5596388888889
2025-09-04 10:00:00+02:00,574.1796138325511,573.4193921422142,589.6442467705715,572.3150529100529
2025-09-04 10:01:00+02:00,574.1796138325511,573.4193921422142,589.6442467705715,581.1480555555555
2025-09-04 10:02:00+02:00,574.1796138325511,573.4193921422142,589.6442467705715,581.9703009259259
2025-09-04 10:03:00+02:00,574.1796138325511,573.4193921422142,589.6442467705715,587.2840701058202
2025-09-04 10:04:00+02:00,574.1796138325511,573.4193921422142,589.6442467705715,591.6925
2025-09-04 10:05:00+02:00,574.1796138325511,573.4193921422142,589.6442467705715,598.5298633040935
2025-09-04 10:06:00+02:00,574.1796138325511,573.4193921422142,589.6442467705715,599.0677361111111
2025-09-04 10:07:00+02:00,574.1796138325511,573.4193921422142,589.6442467705715,592.7759027777778
2025-09-04 10:08:00+02:00,574.1796138325511,573.4193921422142,589.6442467705715,597.5329738562092
2025-09-04 10:09:00+02:00,574.1796138325511,573.4193921422142,589.6442467705715,602.1037608932462
2025-09-04 10:10:00+02:00,574.1796138325511,573.4193921422142,589.6442467705715,591.5547777777778
2025-09-04 10:11:00+02:00,574.1796138325511,573.4193921422142,589.6442467705715,589.1121666666667
2025-09-04 10:12:00+02:00,574.1796138325511,573.4193921422142,589.6442467705715,600.5561388888889
2025-09-04 10:13:00+02:00,574.1796138325511,573.4193921422142,589.6442467705715,614.3091527777777
2025-09-04 10:14:00+02:00,574.1796138325511,573.4193921422142,589.6442467705715,611.7076753968255
2025-09-04 10:15:00+02:00,574.1796138325511,573.4193921422142,589.6442467705715,623.5145734126985
2025-09-04 10:16:00+02:00,574.1796138325511,573.4193921422142,589.6442467705715,624.8773784722222
2025-09-04 10:17:00+02:00,574.1796138325511,573.4193921422142,589.6442467705715,624.0504473304474
2025-09-04 10:18:00+02:00,574.1796138325511,573.4193921422142,589.6442467705715,630.4863194444445
2025-09-04 10:19:00+02:00,574.1796138325511,573.4193921422142,589.6442467705715,630.2722652116403
2025-09-04 10:20:00+02:00,574.1796138325511,573.4193921422142,589.6442467705715,634.0915324074074
2025-09-04 10:21:00+02:00,574.1796138325511,573.4193921422142,589.6442467705715,639.4335694444444
2025-09-04 10:22:00+02:00,574.1796138325511,573.4193921422142,589.6442467705715,641.7265972222223
2025-09-04 10:23:00+02:00,671.9500862546998,666.3697912948548,589.6442467705715,647.7979305555556
2025-09-04 10:24:00+02:00,671.9500862546998,666.3697912948548,589.6442467705715,648.800337962963
2025-09-04 10:25:00+02:00,671.9500862546998,666.3697912948548,589.6442467705715,646.1604166666667
2025-09-04 10:26:00+02:00,671.9500862546998,666.3697912948548,589.6442467705715,654.0461557539683
2025-09-04 10:27:00+02:00,671.9500862546998,666.3697912948548,589.6442467705715,659.6554606227106
2025-09-04 10:28:00+02:00,671.9500862546998,573.4193921422142,589.6442467705715,652.4091527777778
2025-09-04 10:29:00+02:00,671.9500862546998,666.3697912948548,589.6442467705715,649.9346338383838
2025-09-04 10:30:00+02:00,671.9500862546998,666.3697912948548,589.6442467705715,658.7590740740741
2025-09-04 10:31:00+02:00,671.9500862546998,666.3697912948548,589.6442467705715,661.6202175925927
2025-09-04 10:32:00+02:00,671.9500862546998,666.3697912948548,589.6442467705715,662.2513888888889
2025-09-04 10:33:00+02:00,671.9500862546998,666.3697912948548,589.6442467705715,663.4397987117552
2025-09-04 10:34:00+02:00,671.9500862546998,666.3697912948548,589.6442467705715,652.0275865079365
2025-09-04 10:35:00+02:00,671.9500862546998,666.3697912948548,589.6442467705715,680.4336842592593
2025-09-04 10:36:00+02:00,671.9500862546998,666.3697912948548,589.6442467705715,673.7973981481482
2025-09-04 10:37:00+02:00,671.9500862546998,666.3697912948548,589.6442467705715,666.4189351851852
2025-09-04 10:38:00+02:00,671.9500862546998,666.3697912948548,589.6442467705715,635.6497853535353
2025-09-04 10:39:00+02:00,671.9500862546998,666.3697912948548,589.6442467705715,601.5052916666667
2025-09-04 10:40:00+02:00,671.9500862546998,666.3697912948548,589.6442467705715,661.8163525132276
2025-09-04 10:41:00+02:00,671.9500862546998,666.3697912948548,589.6442467705715,671.6096230158731
2025-09-04 10:42:00+02:00,574.1796138325511,573.4193921422142,589.6442467705715,667.2304970760234
2025-09-04 10:43:00+02:00,671.9500862546998,666.3697912948548,589.6442467705715,663.4319444444444
2025-09-04 10:44:00+02:00,671.9500862546998,666.3697912948548,693.531432481675,685.371351851852
2025-09-04 10:45:00+02:00,671.9500862546998,666.3697912948548,693.531432481675,687.3190740740741
2025-09-04 10:46:00+02:00,671.9500862546998,666.3697912948548,693.531432481675,698.6569444444444
2025-09-04 10:47:00+02:00,671.9500862546998,666.3697912948548,589.6442467705715,685.8556712962964
2025-09-04 10:48:00+02:00,671.9500862546998,666.3697912948548,693.531432481675,684.4663888888889
2025-09-04 10:49:00+02:00,671.9500862546998,666.3697912948548,693.531432481675,680.2485972222222
2025-09-04 10:50:00+02:00,671.9500862546998,666.3697912948548,589.6442467705715,682.3074470899471
2025-09-04 10:51:00+02:00,671.9500862546998,666.3697912948548,589.6442467705715,684.8059351851851
2025-09-04 10:52:00+02:00,671.9500862546998,666.3697912948548,693.531432481675,707.7903051346801
2025-09-04 10:53:00+02:00,574.1796138325511,573.4193921422142,589.6442467705715,618.4409722222223
2025-09-04 10:54:00+02:00,671.9500862546998,666.3697912948548,693.531432481675,717.2123228276354
2025-09-04 10:55:00+02:00,671.9500862546998,666.3697912948548,693.531432481675,712.7930317460317
2025-09-04 10:56:00+02:00,671.9500862546998,666.3697912948548,693.531432481675,714.6994935388685
2025-09-04 10:57:00+02:00,671.9500862546998,666.3697912948548,693.531432481675,715.409212962963
2025-09-04 10:58:00+02:00,671.9500862546998,666.3697912948548,693.531432481675,661.3195965608465
2025-09-04 10:59:00+02:00,671.9500862546998,666.3697912948548,693.531432481675,706.5262962962962
2025-09-04 11:00:00+02:00,671.9500862546998,666.3697912948548,693.531432481675,702.8419444444444
2025-09-04 11:01:00+02:00,671.9500862546998,666.3697912948548,693.531432481675,693.709375
2025-09-04 11:02:00+02:00,671.9500862546998,666.3697912948548,589.6442467705715,684.228134920635
2025-09-04 11:03:00+02:00,671.9500862546998,666.3697912948548,693.531432481675,694.7807638888889
2025-09-04 11:04:00+02:00,671.9500862546998,666.3697912948548,693.531432481675,711.0271626984127
2025-09-04 11:05:00+02:00,671.9500862546998,666.3697912948548,693.531432481675,729.7515277777778
2025-09-04 11:06:00+02:00,671.9500862546998,666.3697912948548,693.531432481675,713.5694573412699
2025-09-04 11:07:00+02:00,671.9500862546998,666.3697912948548,693.531432481675,718.0819444444445
2025-09-04 11:08:00+02:00,671.9500862546998,666.3697912948548,693.531432481675,716.410375
2025-09-04 11:09:00+02:00,671.9500862546998,666.3697912948548,693.531432481675,718.4479907407407
2025-09-04 11:10:00+02:00,671.9500862546998,666.3697912948548,693.531432481675,724.4453333333335
2025-09-04 11:11:00+02:00,671.9500862546998,666.3697912948548,693.531432481675,704.1086111111111
2025-09-04 11:12:00+02:00,671.9500862546998,666.3697912948548,693.531432481675,721.9203194444444
2025-09-04 11:13:00+02:00,671.9500862546998,666.3697912948548,693.531432481675,723.3300347222222
2025-09-04 11:14:00+02:00,671.9500862546998,666.3697912948548,693.531432481675,719.8054687499999
2025-09-04 11:15:00+02:00,671.9500862546998,666.3697912948548,693.531432481675,731.8174305555555
2025-09-04 11:16:00+02:00,671.9500862546998,666.3697912948548,693.531432481675,732.3259722222223
2025-09-04 11:17:00+02:00,671.9500862546998,666.3697912948548,693.531432481675,683.3018885281385
2025-09-04 11:18:00+02:00,671.9500862546998,666.3697912948548,693.531432481675,757.2877297008548
2025-09-04 11:19:00+02:00,671.9500862546998,666.3697912948548,693.531432481675,764.2979530423281
2025-09-04 11:20:00+02:00,671.9500862546998,666.3697912948548,693.531432481675,760.8877663690477
2025-09-04 11:21:00+02:00,671.9500862546998,666.3697912948548,693.531432481675,752.551880787037
2025-09-04 11:22:00+02:00,671.9500862546998,666.3697912948548,693.531432481675,737.2951455026455
2025-09-04 11:23:00+02:00,671.9500862546998,666.3697912948548,693.531432481675,739.3103849206349
2025-09-04 11:24:00+02:00,671.9500862546998,666.3697912948548,693.531432481675,708.8516666666666
2025-09-04 11:25:00+02:00,671.9500862546998,666.3697912948548,589.6442467705715,675.7854166666667
2025-09-04 11:26:00+02:00,671.9500862546998,666.3697912948548,589.6442467705715,687.7779861111111
2025-09-04 11:27:00+02:00,671.9500862546998,666.3697912948548,693.531432481675,740.6587222222223
2025-09-04 11:28:00+02:00,671.9500862546998,666.3697912948548,693.531432481675,738.52375
2025-09-04 11:29:00+02:00,671.9500862546998,666.3697912948548,693.531432481675,742.3360251322752
2025-09-04 11:30:00+02:00,671.9500862546998,666.3697912948548,693.531432481675,739.1926388888888
2025-09-04 11:31:00+02:00,574.1796138325511,573.4193921422142,589.6442467705715,546.5036944444445
2025-09-04 11:32:00+02:00,574.1796138325511,573.4193921422142,589.6442467705715,597.0452083333333
2025-09-04 11:33:00+02:00,574.1796138325511,573.4193921422142,484.19190513874526,537.6073611111111
2025-09-04 11:34:00+02:00,198.4678108071874,202.0076426902852,278.72148851667674,205.4924479166667
2025-09-04 11:35:00+02:00,671.9500862546998,666.3697912948548,693.531432481675,739.0035357142857
2025-09-04 11:36:00+02:00,671.9500862546998,666.3697912948548,693.531432481675,722.8790277777779
2025-09-04 11:37:00+02:00,671.9500862546998,666.3697912948548,693.531432481675,726.1420405982907
2025-09-04 11:38:00+02:00,671.9500862546998,666.3697912948548,693.531432481675,721.465707070707
2025-09-04 11:39:00+02:00,671.9500862546998,666.3697912948548,693.531432481675,719.0320128205127
2025-09-04 11:40:00+02:00,671.9500862546998,666.3697912948548,693.531432481675,719.9878089387465
2025-09-04 11:41:00+02:00,671.9500862546998,666.3697912948548,693.531432481675,728.4111659356726
2025-09-04 11:42:00+02:00,671.9500862546998,666.3697912948548,693.531432481675,726.3051636904762
2025-09-04 11:43:00+02:00,671.9500862546998,666.3697912948548,693.531432481675,729.0409201388889
2025-09-04 11:44:00+02:00,671.9500862546998,666.3697912948548,693.531432481675,727.1689202279202
2025-09-04 11:45:00+02:00,671.9500862546998,666.3697912948548,693.531432481675,732.7820138888889
2025-09-04 11:46:00+02:00,671.9500862546998,666.3697912948548,693.531432481675,729.4888670634922
2025-09-04 11:47:00+02:00,671.9500862546998,666.3697912948548,693.531432481675,732.0959583333333
2025-09-04 11:48:00+02:00,671.9500862546998,666.3697912948548,693.531432481675,731.9813095238096
2025-09-04 11:49:00+02:00,671.9500862546998,666.3697912948548,693.531432481675,729.9291203703702
2025-09-04 11:50:00+02:00,671.9500862546998,666.3697912948548,693.531432481675,723.9989384920635
2025-09-04 11:51:00+02:00,671.9500862546998,666.3697912948548,693.531432481675,729.1919343711844
2025-09-04 11:52:00+02:00,671.9500862546998,666.3697912948548,693.531432481675,730.7206481481481
2025-09-04 11:53:00+02:00,671.9500862546998,666.3697912948548,693.531432481675,730.6100438034188
2025-09-04 11:54:00+02:00,671.9500862546998,666.3697912948548,693.531432481675,729.8935694444444
2025-09-04 11:55:00+02:00,671.9500862546998,666.3697912948548,693.531432481675,726.1428333333333
2025-09-04 11:56:00+02:00,671.9500862546998,666.3697912948548,693.531432481675,716.8080952380952
2025-09-04 11:57:00+02:00,671.9500862546998,666.3697912948548,693.531432481675,713.737183080808
2025-09-04 11:58:00+02:00,671.9500862546998,666.3697912948548,693.531432481675,720.3885902777778
2025-09-04 11:59:00+02:00,671.9500862546998,666.3697912948548,693.531432481675,714.2271071428572
2025-09-04 12:00:00+02:00,671.9500862546998,666.3697912948548,693.531432481675,718.7155021367521
2025-09-04 12:01:00+02:00,671.9500862546998,666.3697912948548,693.531432481675,726.0267261904761
2025-09-04 12:02:00+02:00,671.9500862546998,666.3697912948548,693.531432481675,729.5424074074075
2025-09-04 12:03:00+02:00,671.9500862546998,666.3697912948548,693.531432481675,725.1547323848239
2025-09-04 12:04:00+02:00,671.9500862546998,666.3697912948548,693.531432481675,725.2181822612087
2025-09-04 12:05:00+02:00,671.9500862546998,666.3697912948548,693.531432481675,721.5918859649123
2025-09-04 12:06:00+02:00,671.9500862546998,666.3697912948548,693.531432481675,716.296736111111
2025-09-04 12:07:00+02:00,671.9500862546998,666.3697912948548,693.531432481675,711.4994391025642
2025-09-04 12:08:00+02:00,671.9500862546998,666.3697912948548,693.531432481675,699.9016944444444
2025-09-04 12:09:00+02:00,671.9500862546998,666.3697912948548,693.531432481675,711.6350347222223
2025-09-04 12:10:00+02:00,671.9500862546998,666.3697912948548,693.531432481675,716.2553282828284
2025-09-04 12:11:00+02:00,671.9500862546998,666.3697912948548,693.531432481675,720.7432916666667
2025-09-04 12:12:00+02:00,671.9500862546998,666.3697912948548,693.531432481675,727.5870126262625
2025-09-04 12:13:00+02:00,671.9500862546998,666.3697912948548,693.531432481675,725.1940567129628
2025-09-04 12:14:00+02:00,671.9500862546998,666.3697912948548,693.531432481675,726.6025
2025-09-04 12:15:00+02:00,671.9500862546998,666.3697912948548,693.531432481675,723.2014888888889
2025-09-04 12:16:00+02:00,671.9500862546998,666.3697912948548,693.531432481675,723.0008023504273
2025-09-04 12:17:00+02:00,671.9500862546998,666.3697912948548,693.531432481675,723.5738657407406
2025-09-04 12:18:00+02:00,671.9500862546998,666.3697912948548,693.531432481675,717.0684543650794
2025-09-04 12:19:00+02:00,671.9500862546998,666.3697912948548,693.531432481675,718.4905773809523
2025-09-04 12:20:00+02:00,671.9500862546998,666.3697912948548,693.531432481675,723.7526785714285
2025-09-04 12:21:00+02:00,671.9500862546998,666.3697912948548,693.531432481675,727.4151388888889
2025-09-04 12:22:00+02:00,671.9500862546998,666.3697912948548,693.531432481675,715.1994004629629
2025-09-04 12:23:00+02:00,671.9500862546998,666.3697912948548,693.531432481675,718.2532638888888
2025-09-04 12:24:00+02:00,671.9500862546998,666.3697912948548,693.531432481675,715.9863422035481
2025-09-04 12:25:00+02:00,671.9500862546998,666.3697912948548,693.531432481675,710.0398638344227
2025-09-04 12:26:00+02:00,671.9500862546998,666.3697912948548,693.531432481675,708.9853472222222
2025-09-04 12:27:00+02:00,671.9500862546998,666.3697912948548,693.531432481675,704.7991666666667
2025-09-04 12:28:00+02:00,671.9500862546998,666.3697912948548,693.531432481675,719.4032407407408
2025-09-04 12:29:00+02:00,671.9500862546998,666.3697912948548,693.531432481675,723.894861111111
2025-09-04 12:30:00+02:00,671.9500862546998,666.3697912948548,693.531432481675,722.9968148148149
2025-09-04 12:31:00+02:00,671.9500862546998,666.3697912948548,693.531432481675,724.0978450854701
2025-09-04 12:32:00+02:00,671.9500862546998,666.3697912948548,693.531432481675,723.0871212121211
2025-09-04 12:33:00+02:00,671.9500862546998,666.3697912948548,693.531432481675,723.3813596491227
2025-09-04 12:34:00+02:00,671.9500862546998,666.3697912948548,693.531432481675,727.7445833333333
2025-09-04 12:35:00+02:00,671.9500862546998,666.3697912948548,693.531432481675,728.3899074074075
2025-09-04 12:36:00+02:00,671.9500862546998,666.3697912948548,693.531432481675,731.2455092592592
2025-09-04 12:37:00+02:00,671.9500862546998,666.3697912948548,693.531432481675,731.2389583333334
2025-09-04 12:38:00+02:00,671.9500862546998,666.3697912948548,693.531432481675,732.7872097578347
2025-09-04 12:39:00+02:00,671.9500862546998,666.3697912948548,693.531432481675,733.4494907407408
2025-09-04 12:40:00+02:00,671.9500862546998,666.3697912948548,693.531432481675,705.1500694444445
2025-09-04 12:41:00+02:00,671.9500862546998,666.3697912948548,693.531432481675,731.8664682539684
2025-09-04 12:42:00+02:00,671.9500862546998,666.3697912948548,693.531432481675,731.5650853174603
2025-09-04 12:43:00+02:00,671.9500862546998,666.3697912948548,693.531432481675,729.736550925926
2025-09-04 12:44:00+02:00,671.9500862546998,666.3697912948548,693.531432481675,732.0659305555555
2025-09-04 12:45:00+02:00,671.9500862546998,666.3697912948548,693.531432481675,732.4516203703703
2025-09-04 12:46:00+02:00,671.9500862546998,666.3697912948548,693.531432481675,712.2002678571429
2025-09-04 12:47:00+02:00,671.9500862546998,666.3697912948548,693.531432481675,684.4249305555555
2025-09-04 12:48:00+02:00,671.9500862546998,666.3697912948548,589.6442467705715,658.2391666666666
2025-09-04 12:49:00+02:00,671.9500862546998,666.3697912948548,589.6442467705715,634.7120833333333
2025-09-04 12:50:00+02:00,671.9500862546998,666.3697912948548,589.6442467705715,651.6411527777777
2025-09-04 12:51:00+02:00,671.9500862546998,666.3697912948548,693.531432481675,662.5798958333334
2025-09-04 12:52:00+02:00,671.9500862546998,666.3697912948548,693.531432481675,660.8766837606837
2025-09-04 12:53:00+02:00,671.9500862546998,666.3697912948548,693.531432481675,680.9258333333333
2025-09-04 12:54:00+02:00,671.9500862546998,666.3697912948548,693.531432481675,693.9672268518519
2025-09-04 12:55:00+02:00,671.9500862546998,666.3697912948548,693.531432481675,703.6225793650793
2025-09-04 12:56:00+02:00,671.9500862546998,666.3697912948548,693.531432481675,699.7841666666667
2025-09-04 12:57:00+02:00,671.9500862546998,666.3697912948548,693.531432481675,700.7037023809524
2025-09-04 12:58:00+02:00,671.9500862546998,666.3697912948548,693.531432481675,707.4535011574075
2025-09-04 12:59:00+02:00,671.9500862546998,666.3697912948548,693.531432481675,708.101537037037
2025-09-04 13:00:00+02:00,671.9500862546998,666.3697912948548,693.531432481675,713.877232905983
2025-09-04 13:01:00+02:00,671.9500862546998,666.3697912948548,693.531432481675,713.3112777777778
2025-09-04 13:02:00+02:00,671.9500862546998,666.3697912948548,693.531432481675,718.9642708333334
2025-09-04 13:03:00+02:00,671.9500862546998,666.3697912948548,693.531432481675,718.5105158730158
2025-09-04 13:04:00+02:00,671.9500862546998,666.3697912948548,693.531432481675,723.0136058201057
2025-09-04 13:05:00+02:00,671.9500862546998,666.3697912948548,693.531432481675,718.6418194444444
2025-09-04 13:06:00+02:00,671.9500862546998,666.3697912948548,693.531432481675,717.2936721611721
2025-09-04 13:07:00+02:00,671.9500862546998,666.3697912948548,693.531432481675,715.6409885531135
2025-09-04 13:08:00+02:00,671.9500862546998,666.3697912948548,693.531432481675,712.6422781986531
2025-09-04 13:09:00+02:00,671.9500862546998,666.3697912948548,693.531432481675,706.3041633597883
2025-09-04 13:10:00+02:00,671.9500862546998,666.3697912948548,693.531432481675,703.43083994709
2025-09-04 13:11:00+02:00,671.9500862546998,666.3697912948548,693.531432481675,702.441858974359
2025-09-04 13:12:00+02:00,671.9500862546998,666.3697912948548,693.531432481675,701.3163952991454
2025-09-04 13:13:00+02:00,671.9500862546998,666.3697912948548,693.531432481675,706.0421441798941
2025-09-04 13:14:00+02:00,671.9500862546998,666.3697912948548,693.531432481675,707.4550299145299
2025-09-04 13:15:00+02:00,671.9500862546998,666.3697912948548,693.531432481675,701.1237500000001
2025-09-04 13:16:00+02:00,671.9500862546998,666.3697912948548,693.531432481675,698.3347685185186
2025-09-04 13:17:00+02:00,671.9500862546998,666.3697912948548,693.531432481675,685.531875
2025-09-04 13:18:00+02:00,574.1796138325511,573.4193921422142,589.6442467705715,643.904675925926
2025-09-04 13:19:00+02:00,574.1796138325511,666.3697912948548,589.6442467705715,657.5038194444445
2025-09-04 13:20:00+02:00,671.9500862546998,666.3697912948548,693.531432481675,687.1524930555555
2025-09-04 13:21:00+02:00,671.9500862546998,666.3697912948548,693.531432481675,699.4446388888888
2025-09-04 13:22:00+02:00,671.9500862546998,666.3697912948548,693.531432481675,691.4447023809524
2025-09-04 13:23:00+02:00,671.9500862546998,666.3697912948548,693.531432481675,690.219742063492
2025-09-04 13:24:00+02:00,671.9500862546998,666.3697912948548,693.531432481675,689.1567592592593
2025-09-04 13:25:00+02:00,671.9500862546998,666.3697912948548,693.531432481675,696.3937222222222
2025-09-04 13:26:00+02:00,671.9500862546998,666.3697912948548,693.531432481675,703.595517094017
2025-09-04 13:27:00+02:00,671.9500862546998,666.3697912948548,693.531432481675,716.3533333333334
2025-09-04 13:28:00+02:00,671.9500862546998,666.3697912948548,693.531432481675,724.8670138888889
2025-09-04 13:29:00+02:00,671.9500862546998,666.3697912948548,693.531432481675,722.2087847222223
2025-09-04 13:30:00+02:00,671.9500862546998,666.3697912948548,693.531432481675,720.4422817460318
2025-09-04 13:31:00+02:00,671.9500862546998,666.3697912948548,693.531432481675,708.1902223875662
2025-09-04 13:32:00+02:00,671.9500862546998,666.3697912948548,693.531432481675,705.7078630952382
2025-09-04 13:33:00+02:00,671.9500862546998,666.3697912948548,693.531432481675,699.0746964285714
2025-09-04 13:34:00+02:00,671.9500862546998,666.3697912948548,693.531432481675,699.9434027777778
2025-09-04 13:35:00+02:00,671.9500862546998,666.3697912948548,693.531432481675,696.6433333333333
2025-09-04 13:36:00+02:00,671.9500862546998,666.3697912948548,693.531432481675,696.471550925926
2025-09-04 13:37:00+02:00,671.9500862546998,666.3697912948548,693.531432481675,683.1485601851851
2025-09-04 13:38:00+02:00,671.9500862546998,666.3697912948548,693.531432481675,679.3632962962963
2025-09-04 13:39:00+02:00,671.9500862546998,666.3697912948548,693.531432481675,678.5407465277777
2025-09-04 13:40:00+02:00,671.9500862546998,666.3697912948548,693.531432481675,673.9803712606838
2025-09-04 13:41:00+02:00,671.9500862546998,666.3697912948548,693.531432481675,671.3977435897435
2025-09-04 13:42:00+02:00,671.9500862546998,666.3697912948548,693.531432481675,668.9441018518519
2025-09-04 13:43:00+02:00,671.9500862546998,666.3697912948548,693.531432481675,668.8563888888889
2025-09-04 13:44:00+02:00,671.9500862546998,666.3697912948548,693.531432481675,661.0307407407407
2025-09-04 13:45:00+02:00,671.9500862546998,666.3697912948548,693.531432481675,658.0255026455027
2025-09-04 13:46:00+02:00,671.9500862546998,666.3697912948548,693.531432481675,666.4543402777778
2025-09-04 13:47:00+02:00,671.9500862546998,666.3697912948548,693.531432481675,665.9219502314814
2025-09-04 13:48:00+02:00,671.9500862546998,666.3697912948548,693.531432481675,662.9563888888889
2025-09-04 13:49:00+02:00,671.9500862546998,666.3697912948548,693.531432481675,664.1065625
2025-09-04 13:50:00+02:00,671.9500862546998,666.3697912948548,693.531432481675,667.8545833333334
2025-09-04 13:51:00+02:00,671.9500862546998,666.3697912948548,693.531432481675,666.5134722222223
2025-09-04 13:52:00+02:00,671.9500862546998,666.3697912948548,693.531432481675,661.6230085470086
2025-09-04 13:53:00+02:00,671.9500862546998,666.3697912948548,693.531432481675,660.2928174603175
2025-09-04 13:54:00+02:00,671.9500862546998,666.3697912948548,693.531432481675,658.3978571428571
2025-09-04 13:55:00+02:00,671.9500862546998,666.3697912948548,693.531432481675,658.1136342592592
2025-09-04 13:56:00+02:00,671.9500862546998,666.3697912948548,693.531432481675,659.0643531746032
2025-09-04 13:57:00+02:00,671.9500862546998,666.3697912948548,693.531432481675,658.2680694444444
2025-09-04 13:58:00+02:00,671.9500862546998,666.3697912948548,693.531432481675,658.6502643849207
2025-09-04 13:59:00+02:00,671.9500862546998,666.3697912948548,693.531432481675,660.2943701923077
2025-09-04 14:00:00+02:00,671.9500862546998,666.3697912948548,693.531432481675,658.5457361111111
2025-09-04 14:01:00+02:00,671.9500862546998,666.3697912948548,693.531432481675,657.0259313725489
2025-09-04 14:02:00+02:00,671.9500862546998,666.3697912948548,693.531432481675,655.9457046568627
2025-09-04 14:03:00+02:00,671.9500862546998,666.3697912948548,589.6442467705715,659.0776048976608
2025-09-04 14:04:00+02:00,671.9500862546998,666.3697912948548,589.6442467705715,653.5769415204678
2025-09-04 14:05:00+02:00,671.9500862546998,666.3697912948548,589.6442467705715,646.4336388888888
2025-09-04 14:06:00+02:00,574.1796138325511,666.3697912948548,589.6442467705715,645.0893783068783
2025-09-04 14:07:00+02:00,574.1796138325511,666.3697912948548,589.6442467705715,645.1530972222222
2025-09-04 14:08:00+02:00,574.1796138325511,666.3697912948548,589.6442467705715,643.7699444444444
2025-09-04 14:09:00+02:00,574.1796138325511,666.3697912948548,589.6442467705715,645.1839682539683
2025-09-04 14:10:00+02:00,574.1796138325511,666.3697912948548,589.6442467705715,641.5288234126984
2025-09-04 14:11:00+02:00,574.1796138325511,666.3697912948548,589.6442467705715,642.3164675925926
2025-09-04 14:12:00+02:00,574.1796138325511,666.3697912948548,589.6442467705715,636.12515625
2025-09-04 14:13:00+02:00,574.1796138325511,666.3697912948548,589.6442467705715,638.8309722222222
2025-09-04 14:14:00+02:00,574.1796138325511,666.3697912948548,589.6442467705715,638.5709126984127
2025-09-04 14:15:00+02:00,574.1796138325511,666.3697912948548,589.6442467705715,635.954417989418
2025-09-04 14:16:00+02:00,574.1796138325511,666.3697912948548,589.6442467705715,633.9223015873016
2025-09-04 14:17:00+02:00,574.1796138325511,666.3697912948548,589.6442467705715,631.1751884920635
2025-09-04 14:18:00+02:00,574.1796138325511,666.3697912948548,589.6442467705715,624.8975892857143
2025-09-04 14:19:00+02:00,574.1796138325511,666.3697912948548,589.6442467705715,629.107800925926
2025-09-04 14:20:00+02:00,574.1796138325511,666.3697912948548,589.6442467705715,628.7433055555556
2025-09-04 14:21:00+02:00,574.1796138325511,666.3697912948548,589.6442467705715,628.3560277777777
2025-09-04 14:22:00+02:00,574.1796138325511,573.4193921422142,589.6442467705715,625.2373611111111
2025-09-04 14:23:00+02:00,574.1796138325511,573.4193921422142,589.6442467705715,627.9858589616402
2025-09-04 14:24:00+02:00,574.1796138325511,573.4193921422142,589.6442467705715,627.03275
2025-09-04 14:25:00+02:00,574.1796138325511,573.4193921422142,589.6442467705715,623.470302579365
2025-09-04 14:26:00+02:00,574.1796138325511,573.4193921422142,589.6442467705715,617.8813044871795
2025-09-04 14:27:00+02:00,574.1796138325511,573.4193921422142,589.6442467705715,612.4004662698412
2025-09-04 14:28:00+02:00,574.1796138325511,573.4193921422142,589.6442467705715,612.5852314814815
2025-09-04 14:29:00+02:00,574.1796138325511,573.4193921422142,589.6442467705715,605.7188472222223
2025-09-04 14:30:00+02:00,574.1796138325511,573.4193921422142,589.6442467705715,607.965
2025-09-04 14:31:00+02:00,574.1796138325511,573.4193921422142,589.6442467705715,601.3103472222223
2025-09-04 14:32:00+02:00,574.1796138325511,573.4193921422142,589.6442467705715,596.0170238095238
2025-09-04 14:33:00+02:00,574.1796138325511,573.4193921422142,589.6442467705715,590.5401111111111
2025-09-04 14:34:00+02:00,574.1796138325511,573.4193921422142,589.6442467705715,597.3764583333333
2025-09-04 14:35:00+02:00,574.1796138325511,573.4193921422142,589.6442467705715,594.0683449074074
2025-09-04 14:36:00+02:00,574.1796138325511,573.4193921422142,589.6442467705715,590.6684628817414
2025-09-04 14:37:00+02:00,574.1796138325511,573.4193921422142,589.6442467705715,589.4976111111112
2025-09-04 14:38:00+02:00,574.1796138325511,573.4193921422142,589.6442467705715,588.1388576388889
2025-09-04 14:39:00+02:00,574.1796138325511,573.4193921422142,589.6442467705715,587.7820185185185
2025-09-04 14:40:00+02:00,574.1796138325511,573.4193921422142,589.6442467705715,585.6329710144927
2025-09-04 14:41:00+02:00,574.1796138325511,573.4193921422142,589.6442467705715,584.5027777777779
2025-09-04 14:42:00+02:00,574.1796138325511,573.4193921422142,589.6442467705715,578.9187499999999
2025-09-04 14:43:00+02:00,574.1796138325511,573.4193921422142,589.6442467705715,579.045267094017
2025-09-04 14:44:00+02:00,574.1796138325511,573.4193921422142,589.6442467705715,574.1488888888889
2025-09-04 14:45:00+02:00,574.1796138325511,573.4193921422142,589.6442467705715,574.1750000000001
2025-09-04 14:46:00+02:00,574.1796138325511,573.4193921422142,589.6442467705715,566.5493819444445
2025-09-04 14:47:00+02:00,574.1796138325511,573.4193921422142,589.6442467705715,568.4146031746031
2025-09-04 14:48:00+02:00,574.1796138325511,573.4193921422142,589.6442467705715,565.5180868055555
2025-09-04 14:49:00+02:00,467.265818025972,573.4193921422142,589.6442467705715,560.8734132996633
2025-09-04 14:50:00+02:00,467.265818025972,573.4193921422142,589.6442467705715,562.6098611111112
2025-09-04 14:51:00+02:00,467.265818025972,573.4193921422142,589.6442467705715,559.1538888888889
2025-09-04 14:52:00+02:00,467.265818025972,483.884587871218,589.6442467705715,551.8369642857143
2025-09-04 14:53:00+02:00,574.1796138325511,573.4193921422142,589.6442467705715,551.4292303240741
2025-09-04 14:54:00+02:00,574.1796138325511,573.4193921422142,589.6442467705715,554.0831096491228
2025-09-04 14:55:00+02:00,574.1796138325511,573.4193921422142,589.6442467705715,551.732829710145
2025-09-04 14:56:00+02:00,574.1796138325511,573.4193921422142,589.6442467705715,551.3845833333334
2025-09-04 14:57:00+02:00,574.1796138325511,573.4193921422142,589.6442467705715,549.2552804232804
2025-09-04 14:58:00+02:00,574.1796138325511,483.884587871218,589.6442467705715,546.1110945767197
2025-09-04 14:59:00+02:00,574.1796138325511,573.4193921422142,589.6442467705715,542.8562499999999
2025-09-04 15:00:00+02:00,574.1796138325511,573.4193921422142,589.6442467705715,544.9449603174603
2025-09-04 15:01:00+02:00,574.1796138325511,573.4193921422142,589.6442467705715,548.6423148148148
2025-09-04 15:02:00+02:00,574.1796138325511,573.4193921422142,589.6442467705715,551.3827222222222
2025-09-04 15:03:00+02:00,574.1796138325511,573.4193921422142,589.6442467705715,546.1157015669515
2025-09-04 15:04:00+02:00,467.265818025972,573.4193921422142,589.6442467705715,546.3038995726496
2025-09-04 15:05:00+02:00,467.265818025972,573.4193921422142,484.19190513874526,540.6833785529716
2025-09-04 15:06:00+02:00,467.265818025972,483.884587871218,484.19190513874526,540.7443287037037
2025-09-04 15:07:00+02:00,467.265818025972,483.884587871218,484.19190513874526,540.3477777777778
2025-09-04 15:08:00+02:00,467.265818025972,483.884587871218,484.19190513874526,535.0999305555556
2025-09-04 15:09:00+02:00,467.265818025972,483.884587871218,484.19190513874526,536.2604166666666
2025-09-04 15:10:00+02:00,467.265818025972,483.884587871218,484.19190513874526,530.017003968254
2025-09-04 15:11:00+02:00,467.265818025972,483.884587871218,484.19190513874526,528.159525462963
2025-09-04 15:12:00+02:00,467.265818025972,483.884587871218,484.19190513874526,521.9462731481482
2025-09-04 15:13:00+02:00,467.265818025972,483.884587871218,484.19190513874526,525.694212962963
2025-09-04 15:14:00+02:00,467.265818025972,483.884587871218,484.19190513874526,520.4643518518518
2025-09-04 15:15:00+02:00,467.265818025972,483.884587871218,484.19190513874526,516.2067923280423
2025-09-04 15:16:00+02:00,467.265818025972,483.884587871218,484.19190513874526,509.4841773504274
2025-09-04 15:17:00+02:00,467.265818025972,483.884587871218,484.19190513874526,504.50932692307697
2025-09-04 15:18:00+02:00,467.265818025972,483.884587871218,484.19190513874526,506.9318055555555
2025-09-04 15:19:00+02:00,467.265818025972,483.884587871218,484.19190513874526,500.6888333333333
2025-09-04 15:20:00+02:00,467.265818025972,483.884587871218,484.19190513874526,497.799875
2025-09-04 15:21:00+02:00,467.265818025972,483.884587871218,484.19190513874526,461.2548611111111
2025-09-04 15:22:00+02:00,467.265818025972,483.884587871218,484.19190513874526,459.66151175213673
2025-09-04 15:23:00+02:00,467.265818025972,483.884587871218,484.19190513874526,487.3647156084656
2025-09-04 15:24:00+02:00,467.265818025972,483.884587871218,484.19190513874526,493.6076587301588
2025-09-04 15:25:00+02:00,467.265818025972,483.884587871218,484.19190513874526,491.7026145833333
2025-09-04 15:26:00+02:00,467.265818025972,483.884587871218,484.19190513874526,493.1985127314815
2025-09-04 15:27:00+02:00,467.265818025972,483.884587871218,484.19190513874526,489.1496363636364
2025-09-04 15:28:00+02:00,467.265818025972,483.884587871218,484.19190513874526,486.80049242424246
2025-09-04 15:29:00+02:00,467.265818025972,483.884587871218,484.19190513874526,488.483373015873
2025-09-04 15:30:00+02:00,467.265818025972,483.884587871218,484.19190513874526,485.2753830891331
2025-09-04 15:31:00+02:00,467.265818025972,483.884587871218,484.19190513874526,485.9008234126984
2025-09-04 15:32:00+02:00,467.265818025972,483.884587871218,484.19190513874526,482.7311111111112
2025-09-04 15:33:00+02:00,467.265818025972,483.884587871218,484.19190513874526,480.02288194444446
2025-09-04 15:34:00+02:00,467.265818025972,483.884587871218,484.19190513874526,479.4271527777778
2025-09-04 15:35:00+02:00,467.265818025972,483.884587871218,484.19190513874526,474.4177083333333
2025-09-04 15:36:00+02:00,467.265818025972,483.884587871218,484.19190513874526,471.06902777777776
2025-09-04 15:37:00+02:00,467.265818025972,483.884587871218,484.19190513874526,469.5726507936508
2025-09-04 15:38:00+02:00,467.265818025972,483.884587871218,484.19190513874526,463.4556944444444
2025-09-04 15:39:00+02:00,467.265818025972,483.884587871218,484.19190513874526,463.9524166666667
2025-09-04 15:40:00+02:00,467.265818025972,483.884587871218,484.19190513874526,463.6268194444445
2025-09-04 15:41:00+02:00,467.265818025972,483.884587871218,399.1734106869087,466.7484111721612
2025-09-04 15:42:00+02:00,467.265818025972,483.884587871218,399.1734106869087,462.41467460317466
2025-09-04 15:43:00+02:00,467.265818025972,483.884587871218,399.1734106869087,456.2336363636364
2025-09-04 15:44:00+02:00,467.265818025972,483.884587871218,399.1734106869087,452.6801816239317
2025-09-04 15:45:00+02:00,467.265818025972,483.884587871218,399.1734106869087,450.956748366013
2025-09-04 15:46:00+02:00,467.265818025972,483.884587871218,399.1734106869087,449.56350710155857
2025-09-04 15:47:00+02:00,467.265818025972,483.884587871218,399.1734106869087,446.454445611578
2025-09-04 15:48:00+02:00,467.265818025972,395.0865959287336,399.1734106869087,446.85130411255415
2025-09-04 15:49:00+02:00,467.265818025972,395.0865959287336,399.1734106869087,445.22204166666666
2025-09-04 15:50:00+02:00,382.3126886205207,395.0865959287336,399.1734106869087,445.8456392450142
2025-09-04 15:51:00+02:00,382.3126886205207,395.0865959287336,399.1734106869087,438.0244444444445
2025-09-04 15:52:00+02:00,382.3126886205207,395.0865959287336,399.1734106869087,431.674963023088
2025-09-04 15:53:00+02:00,382.3126886205207,395.0865959287336,399.1734106869087,426.3334325396825
2025-09-04 15:54:00+02:00,382.3126886205207,395.0865959287336,399.1734106869087,425.1309722222222
2025-09-04 15:55:00+02:00,382.3126886205207,395.0865959287336,399.1734106869087,421.9634325396826
2025-09-04 15:56:00+02:00,382.3126886205207,395.0865959287336,399.1734106869087,417.6920138888889
2025-09-04 15:57:00+02:00,382.3126886205207,395.0865959287336,399.1734106869087,415.8584490740741
2025-09-04 15:58:00+02:00,382.3126886205207,395.0865959287336,399.1734106869087,413.03657051282056
2025-09-04 15:59:00+02:00,382.3126886205207,395.0865959287336,399.1734106869087,412.4561111111111
2025-09-04 16:00:00+02:00,382.3126886205207,395.0865959287336,399.1734106869087,406.6550854700855
2025-09-04 16:01:00+02:00,382.3126886205207,395.0865959287336,399.1734106869087,404.2471527777778
2025-09-04 16:02:00+02:00,382.3126886205207,395.0865959287336,399.1734106869087,404.5684722222222
2025-09-04 16:03:00+02:00,382.3126886205207,395.0865959287336,399.1734106869087,399.93888888888887
2025-09-04 16:04:00+02:00,382.3126886205207,395.0865959287336,399.1734106869087,398.2627777777778
2025-09-04 16:05:00+02:00,382.3126886205207,395.0865959287336,399.1734106869087,395.3652991452991
2025-09-04 16:06:00+02:00,382.3126886205207,395.0865959287336,399.1734106869087,393.47583333333336
2025-09-04 16:07:00+02:00,382.3126886205207,395.0865959287336,399.1734106869087,387.3679166666666
2025-09-04 16:08:00+02:00,382.3126886205207,395.0865959287336,399.1734106869087,389.4938333333334
2025-09-04 16:09:00+02:00,382.3126886205207,395.0865959287336,399.1734106869087,389.328514957265
2025-09-04 16:10:00+02:00,382.3126886205207,395.0865959287336,399.1734106869087,383.4148680555556
2025-09-04 16:11:00+02:00,382.3126886205207,395.0865959287336,399.1734106869087,385.0247441520468
2025-09-04 16:12:00+02:00,382.3126886205207,395.0865959287336,399.1734106869087,384.9766319444445
2025-09-04 16:13:00+02:00,382.3126886205207,395.0865959287336,399.1734106869087,381.2868513431013
2025-09-04 16:14:00+02:00,382.3126886205207,395.0865959287336,399.1734106869087,382.1600712250713
2025-09-04 16:15:00+02:00,382.3126886205207,395.0865959287336,399.1734106869087,379.8055555555556
2025-09-04 16:16:00+02:00,382.3126886205207,395.0865959287336,399.1734106869087,377.3065740740741
2025-09-04 16:17:00+02:00,382.3126886205207,395.0865959287336,399.1734106869087,372.2190376984127
2025-09-04 16:18:00+02:00,382.3126886205207,395.0865959287336,399.1734106869087,373.4110694444444
2025-09-04 16:19:00+02:00,382.3126886205207,395.0865959287336,399.1734106869087,375.4265555555556
2025-09-04 16:20:00+02:00,280.837333004333,395.0865959287336,399.1734106869087,369.0974038461538
2025-09-04 16:21:00+02:00,280.837333004333,395.0865959287336,399.1734106869087,362.8144395424836
2025-09-04 16:22:00+02:00,280.837333004333,285.9142456346197,399.1734106869087,362.8248888888889
2025-09-04 16:23:00+02:00,280.837333004333,285.9142456346197,278.72148851667674,345.7852387566137
2025-09-04 16:24:00+02:00,280.837333004333,285.9142456346197,278.72148851667674,324.6665743978244
2025-09-04 16:25:00+02:00,280.837333004333,285.9142456346197,278.72148851667674,304.2684325396826
2025-09-04 16:26:00+02:00,280.837333004333,285.9142456346197,278.72148851667674,295.1675747863248
2025-09-04 16:27:00+02:00,280.837333004333,285.9142456346197,278.72148851667674,302.5519841269841
2025-09-04 16:28:00+02:00,280.837333004333,285.9142456346197,278.72148851667674,314.29564814814813
2025-09-04 16:29:00+02:00,280.837333004333,285.9142456346197,278.72148851667674,339.7200114379085
2025-09-04 16:30:00+02:00,280.837333004333,285.9142456346197,278.72148851667674,338.603192499222
2025-09-04 16:31:00+02:00,280.837333004333,285.9142456346197,278.72148851667674,332.8493659722222
2025-09-04 16:32:00+02:00,280.837333004333,285.9142456346197,278.72148851667674,334.7532349537037
2025-09-04 16:33:00+02:00,280.837333004333,285.9142456346197,278.72148851667674,329.91252777777777
2025-09-04 16:34:00+02:00,280.837333004333,285.9142456346197,278.72148851667674,321.78764087301585
2025-09-04 16:35:00+02:00,280.837333004333,202.0076426902852,278.72148851667674,255.2900138888889
2025-09-04 16:36:00+02:00,198.4678108071874,202.0076426902852,278.72148851667674,176.88318452380952
2025-09-04 16:37:00+02:00,198.4678108071874,202.0076426902852,187.42706380110675,224.29310515873013
2025-09-04 16:38:00+02:00,198.4678108071874,285.9142456346197,187.42706380110675,271.9530740740741
2025-09-04 16:39:00+02:00,198.4678108071874,285.9142456346197,187.42706380110675,284.1671750992064
2025-09-04 16:40:00+02:00,280.837333004333,285.9142456346197,278.72148851667674,309.3316388888889
2025-09-04 16:41:00+02:00,280.837333004333,285.9142456346197,278.72148851667674,309.403875
2025-09-04 16:42:00+02:00,280.837333004333,285.9142456346197,278.72148851667674,309.69108796296297
2025-09-04 16:43:00+02:00,280.837333004333,285.9142456346197,278.72148851667674,308.1639087301588
2025-09-04 16:44:00+02:00,280.837333004333,285.9142456346197,278.72148851667674,304.5311755952381
2025-09-04 16:45:00+02:00,280.837333004333,285.9142456346197,278.72148851667674,302.5082638888889
2025-09-04 16:46:00+02:00,280.837333004333,285.9142456346197,278.72148851667674,300.7962400793651
2025-09-04 16:47:00+02:00,280.837333004333,285.9142456346197,278.72148851667674,299.12267022357724
2025-09-04 16:48:00+02:00,280.837333004333,285.9142456346197,278.72148851667674,299.2090955284553
2025-09-04 16:49:00+02:00,280.837333004333,285.9142456346197,278.72148851667674,294.72093253968256
2025-09-04 16:50:00+02:00,280.837333004333,285.9142456346197,278.72148851667674,287.1020087505088
2025-09-04 16:51:00+02:00,280.837333004333,285.9142456346197,278.72148851667674,288.1541137566137
2025-09-04 16:52:00+02:00,280.837333004333,285.9142456346197,278.72148851667674,283.9328587962964
2025-09-04 16:53:00+02:00,198.4678108071874,285.9142456346197,278.72148851667674,277.70550925925926
2025-09-04 16:54:00+02:00,198.4678108071874,285.9142456346197,278.72148851667674,277.3048544973545
2025-09-04 16:55:00+02:00,198.4678108071874,202.0076426902852,278.72148851667674,269.1226488095238
2025-09-04 16:56:00+02:00,198.4678108071874,202.0076426902852,278.72148851667674,261.3470701754386
2025-09-04 16:57:00+02:00,198.4678108071874,202.0076426902852,278.72148851667674,257.6816632553606
2025-09-04 16:58:00+02:00,198.4678108071874,202.0076426902852,278.72148851667674,253.05001253132832
2025-09-04 16:59:00+02:00,198.4678108071874,202.0076426902852,187.42706380110675,247.2304261363637
2025-09-04 17:00:00+02:00,198.4678108071874,202.0076426902852,187.42706380110675,248.89458333333332
2025-09-04 17:01:00+02:00,198.4678108071874,202.0076426902852,187.42706380110675,244.41076566951563
2025-09-04 17:02:00+02:00,198.4678108071874,202.0076426902852,187.42706380110675,245.54306666666665
2025-09-04 17:03:00+02:00,198.4678108071874,202.0076426902852,187.42706380110675,243.58652777777775
2025-09-04 17:04:00+02:00,198.4678108071874,202.0076426902852,187.42706380110675,239.82837632275127
2025-09-04 17:05:00+02:00,198.4678108071874,202.0076426902852,187.42706380110675,241.5581994047619
2025-09-04 17:06:00+02:00,198.4678108071874,202.0076426902852,187.42706380110675,234.7054671717172
2025-09-04 17:07:00+02:00,198.4678108071874,202.0076426902852,187.42706380110675,234.2993650793651
2025-09-04 17:08:00+02:00,198.4678108071874,202.0076426902852,121.51342286886204,224.3632936507936
2025-09-04 17:09:00+02:00,198.4678108071874,202.0076426902852,28.0415188963436,225.3452380952381
2025-09-04 17:10:00+02:00,108.92093652853497,202.0076426902852,28.0415188963436,217.84897016178263
2025-09-04 17:11:00+02:00,108.92093652853497,202.0076426902852,28.0415188963436,214.0802297979798
2025-09-04 17:12:00+02:00,25.653784775069383,202.0076426902852,28.0415188963436,215.6742474747475
2025-09-04 17:13:00+02:00,25.653784775069383,98.05568734806512,28.0415188963436,214.44708333333327
2025-09-04 17:14:00+02:00,25.653784775069383,98.05568734806512,28.0415188963436,205.8945555555556
2025-09-04 17:15:00+02:00,25.653784775069383,98.05568734806512,28.0415188963436,184.2987222222222
2025-09-04 17:16:00+02:00,25.653784775069383,98.05568734806512,28.0415188963436,134.46166666666667
2025-09-04 17:17:00+02:00,25.653784775069383,98.05568734806512,28.0415188963436,81.83036111111112
2025-09-04 17:18:00+02:00,25.653784775069383,98.05568734806512,28.0415188963436,50.20405303030304
2025-09-04 17:19:00+02:00,25.653784775069383,98.05568734806512,28.0415188963436,47.79932291666666
2025-09-04 17:20:00+02:00,25.653784775069383,98.05568734806512,28.0415188963436,44.69572382478632
2025-09-04 17:21:00+02:00,25.653784775069383,98.05568734806512,28.0415188963436,49.30421626984127
2025-09-04 17:22:00+02:00,25.653784775069383,98.05568734806512,28.0415188963436,48.355401785714285
2025-09-04 17:23:00+02:00,25.653784775069383,24.36748057168172,28.0415188963436,45.91380341880342
2025-09-04 17:24:00+02:00,25.653784775069383,24.36748057168172,28.0415188963436,45.25862268518518
2025-09-04 17:25:00+02:00,25.653784775069383,24.36748057168172,28.0415188963436,46.94650462962963
2025-09-04 17:26:00+02:00,25.653784775069383,24.36748057168172,28.0415188963436,40.76117181540809
2025-09-04 17:27:00+02:00,25.653784775069383,24.36748057168172,28.0415188963436,44.55905092592593
2025-09-04 17:28:00+02:00,25.653784775069383,24.36748057168172,28.0415188963436,42.54344410491469
2025-09-04 17:29:00+02:00,25.653784775069383,24.36748057168172,28.0415188963436,41.39115909090909
2025-09-04 17:30:00+02:00,25.653784775069383,24.36748057168172,28.0415188963436,44.25628890445066
2025-09-04 17:31:00+02:00,25.653784775069383,24.36748057168172,28.0415188963436,44.78520401382244
2025-09-04 17:32:00+02:00,25.653784775069383,24.36748057168172,28.0415188963436,44.61979797979797
2025-09-04 17:33:00+02:00,25.653784775069383,24.36748057168172,28.0415188963436,44.36307870370371
2025-09-04 17:34:00+02:00,25.653784775069383,24.36748057168172,28.0415188963436,41.51211574074074
2025-09-04 17:35:00+02:00,25.653784775069383,24.36748057168172,28.0415188963436,40.99288492063492
2025-09-04 17:36:00+02:00,25.653784775069383,24.36748057168172,28.0415188963436,43.26228174603174
2025-09-04 17:37:00+02:00,25.653784775069383,24.36748057168172,28.0415188963436,41.86903600464576
2025-09-04 17:38:00+02:00,25.653784775069383,24.36748057168172,28.0415188963436,41.47073051948052
2025-09-04 17:39:00+02:00,25.653784775069383,24.36748057168172,28.0415188963436,41.0166617063492
2025-09-04 17:40:00+02:00,25.653784775069383,24.36748057168172,28.0415188963436,40.053023504273504
2025-09-04 17:41:00+02:00,25.653784775069383,24.36748057168172,28.0415188963436,40.10972426470588
2025-09-04 17:42:00+02:00,25.653784775069383,24.36748057168172,28.0415188963436,38.62259520609319
2025-09-04 17:43:00+02:00,25.653784775069383,24.36748057168172,28.0415188963436,39.67075268817205
2025-09-04 17:44:00+02:00,25.653784775069383,24.36748057168172,28.0415188963436,39.46842307692308
2025-09-04 17:45:00+02:00,25.653784775069383,24.36748057168172,28.0415188963436,39.065694444444446
2025-09-04 17:46:00+02:00,25.653784775069383,24.36748057168172,28.0415188963436,36.99806693510738
2025-09-04 17:47:00+02:00,25.653784775069383,24.36748057168172,28.0415188963436,37.5046
2025-09-04 17:48:00+02:00,25.653784775069383,24.36748057168172,28.0415188963436,36.52732976190476
2025-09-04 17:49:00+02:00,25.653784775069383,24.36748057168172,28.0415188963436,34.09972222222222
2025-09-04 17:50:00+02:00,25.653784775069383,24.36748057168172,28.0415188963436,37.40508333333333
2025-09-04 17:51:00+02:00,25.653784775069383,24.36748057168172,28.0415188963436,34.83632738095238
2025-09-04 17:52:00+02:00,25.653784775069383,24.36748057168172,28.0415188963436,34.63553571428572
2025-09-04 17:53:00+02:00,25.653784775069383,24.36748057168172,28.0415188963436,38.60821180555556
2025-09-04 17:54:00+02:00,25.653784775069383,24.36748057168172,28.0415188963436,33.289922528860025
2025-09-04 17:55:00+02:00,25.653784775069383,24.36748057168172,28.0415188963436,38.10332407407408
2025-09-04 17:56:00+02:00,25.653784775069383,24.36748057168172,28.0415188963436,35.43216726190476
2025-09-04 17:57:00+02:00,25.653784775069383,24.36748057168172,28.0415188963436,35.617393162393164
2025-09-04 17:58:00+02:00,25.653784775069383,24.36748057168172,28.0415188963436,35.31997707847708
2025-09-04 17:59:00+02:00,25.653784775069383,24.36748057168172,28.0415188963436,33.90540740740741
2025-09-04 18:00:00+02:00,25.653784775069383,24.36748057168172,28.0415188963436,35.2252380952381
2025-09-04 18:01:00+02:00,25.653784775069383,24.36748057168172,28.0415188963436,36.2223685515873
2025-09-04 18:02:00+02:00,25.653784775069383,24.36748057168172,28.0415188963436,36.90951058201058
2025-09-04 18:03:00+02:00,25.653784775069383,24.36748057168172,28.0415188963436,37.31077380952381
2025-09-04 18:04:00+02:00,25.653784775069383,24.36748057168172,28.0415188963436,34.38849977954145
2025-09-04 18:05:00+02:00,25.653784775069383,24.36748057168172,28.0415188963436,36.82948148148149
2025-09-04 18:06:00+02:00,25.653784775069383,24.36748057168172,28.0415188963436,33.87822222222223
2025-09-04 18:07:00+02:00,25.653784775069383,24.36748057168172,28.0415188963436,34.589224664224666
2025-09-04 18:08:00+02:00,25.653784775069383,24.36748057168172,28.0415188963436,33.386625
2025-09-04 18:09:00+02:00,25.653784775069383,24.36748057168172,28.0415188963436,30.964915674603176
2025-09-04 18:10:00+02:00,25.653784775069383,24.36748057168172,28.0415188963436,35.52553571428572
2025-09-04 18:11:00+02:00,25.653784775069383,24.36748057168172,28.0415188963436,35.46248207885305
2025-09-04 18:12:00+02:00,25.653784775069383,24.36748057168172,28.0415188963436,33.028691425120776
2025-09-04 18:13:00+02:00,25.653784775069383,24.36748057168172,28.0415188963436,31.855538302277434
2025-09-04 18:14:00+02:00,25.653784775069383,24.36748057168172,28.0415188963436,34.40135846560847
2025-09-04 18:15:00+02:00,25.653784775069383,24.36748057168172,28.0415188963436,34.47236111111111
2025-09-04 18:16:00+02:00,25.653784775069383,24.36748057168172,28.0415188963436,27.592822954822957
2025-09-04 18:17:00+02:00,25.653784775069383,24.36748057168172,28.0415188963436,34.17976851851852
2025-09-04 18:18:00+02:00,25.653784775069383,24.36748057168172,28.0415188963436,33.00691798941799
2025-09-04 18:19:00+02:00,25.653784775069383,24.36748057168172,28.0415188963436,28.24200244200244
2025-09-04 18:20:00+02:00,25.653784775069383,24.36748057168172,28.0415188963436,30.150808857808855
2025-09-04 18:21:00+02:00,25.653784775069383,24.36748057168172,28.0415188963436,32.188951851851854
2025-09-04 18:22:00+02:00,25.653784775069383,24.36748057168172,28.0415188963436,30.16332175925926
2025-09-04 18:23:00+02:00,25.653784775069383,24.36748057168172,28.0415188963436,34.04083333333333
2025-09-04 18:24:00+02:00,25.653784775069383,24.36748057168172,28.0415188963436,26.4924173414305
2025-09-04 18:25:00+02:00,25.653784775069383,24.36748057168172,28.0415188963436,27.569252136752137
2025-09-04 18:26:00+02:00,25.653784775069383,24.36748057168172,28.0415188963436,26.580016025641022
2025-09-04 18:27:00+02:00,25.653784775069383,24.36748057168172,26.62011174859167,32.04817982456141
2025-09-04 18:28:00+02:00,25.086513437371327,24.36748057168172,25.086513437371327,32.03688596491228
2025-09-04 18:29:00+02:00,23.59924208056272,23.59924208056272,23.59924208056272,29.918223684210528
2025-09-04 18:30:00+02:00,22.15874552255769,22.15874552255769,22.15874552255769,23.373230158730163
2025-09-04 18:31:00+02:00,20.7654353295296,20.7654353295296,20.7654353295296,28.978838383838383
2025-09-04 18:32:00+02:00,19.419683256230023,19.419683256230023,19.419683256230023,26.88030073995772
2025-09-04 18:33:00+02:00,18.121817582440297,18.121817582440297,18.121817582440297,26.75010527586109
2025-09-04 18:34:00+02:00,16.872119275111913,16.872119275111913,16.872119275111913,27.41888888888889
2025-09-04 18:35:00+02:00,15.67081802597919,15.67081802597919,15.67081802597919,25.69694599723948
2025-09-04 18:36:00+02:00,14.518087407712454,14.518087407712454,14.518087407712454,24.403832437275984
2025-09-04 18:37:00+02:00,13.414043727730418,13.414043727730418,13.414043727730418,16.62252688172043
2025-09-04 18:38:00+02:00,12.354757994774712,12.354757994774712,12.354757994774712,16.026772137887413
2025-09-04 18:39:00+02:00,11.331376110438326,11.331376110438326,11.331376110438326,15.867626050420162
2025-09-04 18:40:00+02:00,10.362813455373416,10.362813455373416,10.362813455373416,16.354180672268907
2025-09-04 18:41:00+02:00,9.448233614694082,9.448233614694082,9.448233614694082,16.840735294117653
2025-09-04 18:42:00+02:00,8.586715413096506,8.586715413096506,8.586715413096506,17.008872549019607
2025-09-04 18:43:00+02:00,7.777252911378923,7.777252911378923,7.777252911378923,19.594523809523803
2025-09-04 18:44:00+02:00,7.018755901859748,7.018755901859748,7.018755901859748,24.42309523809523
2025-09-04 18:45:00+02:00,6.310050942386548,6.310050942386548,6.310050942386548,22.234897660818717
2025-09-04 18:46:00+02:00,5.649882921946581,5.649882921946581,5.649882921946581,19.36314484126984
2025-09-04 18:47:00+02:00,5.121422838396463,5.121422838396463,5.121422838396463,23.646766666666664
2025-09-04 18:48:00+02:00,4.636597197535719,4.636597197535719,4.636597197535719,21.864246626984126
2025-09-04 18:49:00+02:00,4.174827059064114,4.174827059064114,4.174827059064114,23.11617424242424
2025-09-04 18:50:00+02:00,3.7370582843073183,3.7370582843073183,3.7370582843073183,22.363524720893142
2025-09-04 18:51:00+02:00,3.324137531909196,3.324137531909196,3.324137531909196,23.75559595959596
2025-09-04 18:52:00+02:00,2.9367913436922226,2.9367913436922226,2.9367913436922226,24.15481091617934
2025-09-04 18:53:00+02:00,2.575604598785791,2.575604598785791,2.575604598785791,23.040974025974023
2025-09-04 18:54:00+02:00,2.4278814633057557,2.4278814633057557,2.4278814633057557,19.9086531986532
2025-09-04 18:55:00+02:00,2.095496687724632,2.095496687724632,2.095496687724632,20.01541456228956
2025-09-04 18:56:00+02:00,1.7918288031347878,1.7918288031347878,1.7918288031347878,20.144742424242423
2025-09-04 18:57:00+02:00,1.5167440810119586,1.5167440810119586,1.5167440810119586,18.43355054302423
2025-09-04 18:58:00+02:00,1.269670664148866,1.269670664148866,1.269670664148866,20.363333333333333
2025-09-04 18:59:00+02:00,1.0483936621279708,1.0483936621279708,1.0483936621279708,14.703765567765569
2025-09-04 19:00:00+02:00,0.8545313955882258,0.8545313955882258,0.8545313955882258,18.413942307692302
2025-09-04 19:01:00+02:00,0.6867016239418455,0.6867016239418455,0.6867016239418455,15.994565018315017
2025-09-04 19:02:00+02:00,0.5432951054686848,0.5432951054686848,0.5432951054686848,14.847838095238096
2025-09-04 19:03:00+02:00,0.422501631867572,0.422501631867572,0.422501631867572,16.31781177156177
2025-09-04 19:04:00+02:00,0.3223451925812163,0.3223451925812163,0.3223451925812163,16.436178674055828
2025-09-04 19:05:00+02:00,0.2407274465713923,0.2407274465713923,0.2407274465713923,14.356180555555556
2025-09-04 19:06:00+02:00,0.1754780857577555,0.1754780857577555,0.1754780857577555,12.362359375
2025-09-04 19:07:00+02:00,0.124409899002114,0.124409899002114,0.124409899002114,14.549680555555556
2025-09-04 19:08:00+02:00,0.0853756328246596,0.0853756328246596,0.0853756328246596,15.691380952380952
2025-09-04 19:09:00+02:00,0.0563232052790225,0.0563232052790225,0.0563232052790225,13.060006172839506
2025-09-04 19:10:00+02:00,0.0353455879787803,0.0353455879787803,0.0353455879787803,11.79735096153846
2025-09-04 19:11:00+02:00,0.0002942504484759,0.0002942504484759,0.0002942504484759,11.935671146953403
2025-09-04 19:12:00+02:00,0.0001551239201305,0.0001551239201305,0.0001551239201305,13.948992063492064
2025-09-04 19:13:00+02:00,6.714137978959668e-05,6.714137978959668e-05,6.714137978959668e-05,13.150648148148148
2025-09-04 19:14:00+02:00,1.524941557173232e-05,1.524941557173232e-05,1.524941557173232e-05,11.46946875
2025-09-04 19:15:00+02:00,0.0,0.0,0.0,12.41986111111111
2025-09-04 19:16:00+02:00,0.0,0.0,0.0,8.908561507936508
2025-09-04 19:17:00+02:00,0.0,0.0,0.0,11.0605
2025-09-04 19:18:00+02:00,0.0,0.0,0.0,10.83995987654321
2025-09-04 19:19:00+02:00,0.0,0.0,0.0,11.810190377722634
2025-09-04 19:20:00+02:00,0.0,0.0,0.0,13.728828185703186
2025-09-04 19:21:00+02:00,0.0,0.0,0.0,12.894141414141414
2025-09-04 19:22:00+02:00,0.0,0.0,0.0,11.14744363044363
2025-09-04 19:23:00+02:00,0.0,0.0,0.0,11.287579365079369
2025-09-04 19:24:00+02:00,0.0,0.0,0.0,12.599976293103447
2025-09-04 19:25:00+02:00,0.0,0.0,0.0,12.971027777777778
2025-09-04 19:26:00+02:00,0.0,0.0,0.0,12.543981196581194
2025-09-04 19:27:00+02:00,0.0,0.0,0.0,10.231518518518518
2025-09-04 19:28:00+02:00,0.0,0.0,0.0,9.806446225071223
2025-09-04 19:29:00+02:00,0.0,0.0,0.0,6.971861772486772
2025-09-04 19:30:00+02:00,0.0,0.0,0.0,10.898470169677068
2025-09-04 19:31:00+02:00,0.0,0.0,0.0,11.994685618500272
2025-09-04 19:32:00+02:00,0.0,0.0,0.0,10.790111111111113
2025-09-04 19:33:00+02:00,0.0,0.0,0.0,7.3676006944444445
2025-09-04 19:34:00+02:00,0.0,0.0,0.0,12.971333333333332
2025-09-04 19:35:00+02:00,0.0,0.0,0.0,11.35793771043771
2025-09-04 19:36:00+02:00,0.0,0.0,0.0,11.580436507936506
2025-09-04 19:37:00+02:00,0.0,0.0,0.0,8.998561253561252
2025-09-04 19:38:00+02:00,0.0,0.0,0.0,9.195972222222222
2025-09-04 19:39:00+02:00,0.0,0.0,0.0,12.960603174603174
2025-09-04 19:40:00+02:00,0.0,0.0,0.0,10.608166666666667
2025-09-04 19:41:00+02:00,0.0,0.0,0.0,10.605427248677248
2025-09-04 19:42:00+02:00,0.0,0.0,0.0,9.822977092352092
2025-09-04 19:43:00+02:00,0.0,0.0,0.0,10.572407407407407
2025-09-04 19:44:00+02:00,0.0,0.0,0.0,12.99181818181818
2025-09-04 19:45:00+02:00,0.0,0.0,0.0,10.622351851851851
2025-09-04 19:46:00+02:00,0.0,0.0,0.0,11.82112962962963
2025-09-04 19:47:00+02:00,0.0,0.0,0.0,9.464848927875243
2025-09-04 19:48:00+02:00,0.0,0.0,0.0,10.93097953216374
2025-09-04 19:49:00+02:00,0.0,0.0,0.0,13.07461111111111
2025-09-04 19:50:00+02:00,0.0,0.0,0.0,10.699222222222224
2025-09-04 19:51:00+02:00,0.0,0.0,0.0,12.524301075268816
2025-09-04 19:52:00+02:00,0.0,0.0,0.0,11.89831746031746
2025-09-04 19:53:00+02:00,0.0,0.0,0.0,9.000224867724867
2025-09-04 19:54:00+02:00,0.0,0.0,0.0,10.3690826873385
2025-09-04 19:55:00+02:00,0.0,0.0,0.0,9.069642981539532
2025-09-04 19:56:00+02:00,0.0,0.0,0.0,8.834069041867954
2025-09-04 19:57:00+02:00,0.0,0.0,0.0,9.999492296918769
2025-09-04 19:58:00+02:00,0.0,0.0,0.0,11.677373737373737
2025-09-04 19:59:00+02:00,0.0,0.0,0.0,12.584090909090907
2025-09-04 20:00:00+02:00,0.0,0.0,0.0,11.730092592592593
2025-09-05 05:00:00+02:00,0.0,0.0,0.0,12.981944444444444
2025-09-05 05:01:00+02:00,0.0,0.0,0.0,11.902219336219336
2025-09-05 05:02:00+02:00,0.0,0.0,0.0,11.993181818181816
2025-09-05 05:03:00+02:00,0.0,0.0,0.0,13.14767195767196
2025-09-05 05:04:00+02:00,0.0,0.0,0.0,9.343651515151516
2025-09-05 05:05:00+02:00,0.0,0.0,0.0,11.299989583333334
2025-09-05 05:06:00+02:00,0.0,0.0,0.0,10.801157407407407
2025-09-05 05:07:00+02:00,0.0,0.0,0.0,10.057976190476188
2025-09-05 05:08:00+02:00,0.0,0.0,0.0,10.801286764705884
2025-09-05 05:09:00+02:00,0.0,0.0,0.0,8.721078431372549
2025-09-05 05:10:00+02:00,0.0,0.0,0.0,9.003712121212121
2025-09-05 05:11:00+02:00,0.0,0.0,0.0,10.442336182336184
2025-09-05 05:12:00+02:00,0.0,0.0,0.0,13.156324074074073
2025-09-05 05:13:00+02:00,0.0,0.0,0.0,8.959169973544974
2025-09-05 05:14:00+02:00,0.0,0.0,0.0,11.493253968253969
2025-09-05 05:15:00+02:00,0.0,0.0,0.0,11.408425925925926
2025-09-05 05:16:00+02:00,0.0,0.0,0.0,11.991474747474747
2025-09-05 05:17:00+02:00,0.0,0.0,0.0,10.60664351851852
2025-09-05 05:18:00+02:00,0.0,0.0,0.0,9.923680555555556
2025-09-05 05:19:00+02:00,0.0,0.0,0.0,10.34517543859649
2025-09-05 05:20:00+02:00,0.0,0.0,0.0,9.359916666666663
2025-09-05 05:21:00+02:00,0.0,0.0,0.0,10.094310185185185
2025-09-05 05:22:00+02:00,0.0,0.0,0.0,9.400540849673202
2025-09-05 05:23:00+02:00,0.0,0.0,0.0,9.682152777777777
2025-09-05 05:24:00+02:00,0.0,0.0,0.0,11.232666666666669
2025-09-05 05:25:00+02:00,0.0,0.0,0.0,10.398527777777778
2025-09-05 05:26:00+02:00,0.0,0.0,0.0,10.675651515151516
2025-09-05 05:27:00+02:00,0.0,0.0,0.0,8.729132553606236
2025-09-05 05:28:00+02:00,0.0,0.0,0.0,11.830500730994151
2025-09-05 05:29:00+02:00,0.0,0.0,0.0,11.450525793650792
2025-09-05 05:30:00+02:00,0.0,0.0,0.0,10.331267973856209
2025-09-05 05:31:00+02:00,0.0,0.0,0.0,10.22675
2025-09-05 05:32:00+02:00,0.0,0.0,0.0,10.865281746031746
2025-09-05 05:33:00+02:00,0.0,0.0,0.0,13.79626636904762
2025-09-05 05:34:00+02:00,0.0,0.0,0.0,10.28526851851852
2025-09-05 05:35:00+02:00,0.0,0.0,0.0,8.514040113781492
2025-09-05 05:36:00+02:00,0.0,0.0,0.0,11.54737962962963
2025-09-05 05:37:00+02:00,0.0,0.0,0.0,7.787875
2025-09-05 05:38:00+02:00,0.0,0.0,0.0,11.666176470588235
2025-09-05 05:39:00+02:00,0.0,0.0,0.0,10.80360201627821
2025-09-05 05:40:00+02:00,0.0,0.0,0.0,12.747133152173914
2025-09-05 05:41:00+02:00,0.0,0.0,0.0,12.74689236111111
2025-09-05 05:42:00+02:00,0.0,0.0,0.0,13.177072222222222
2025-09-05 05:43:00+02:00,0.0,0.0,0.0,11.337354497354497
2025-09-05 05:44:00+02:00,0.0,0.0,0.0,13.018798076923076
2025-09-05 05:45:00+02:00,0.0,0.0,0.0,10.365252525252524
2025-09-05 05:46:00+02:00,0.0,0.0,0.0,11.264444444444443
2025-09-05 05:47:00+02:00,0.0,0.0,0.0,11.953209475709476
2025-09-05 05:48:00+02:00,0.0,0.0,0.0,11.84547311827957
2025-09-05 05:49:00+02:00,0.0,0.0,0.0,13.108194444444443
2025-09-05 05:50:00+02:00,0.0,0.0,0.0,14.294666666666666
2025-09-05 05:51:00+02:00,0.0,0.0,0.0,14.268333333333333
2025-09-05 05:52:00+02:00,0.0,0.0,0.0,13.838958333333332
2025-09-05 05:53:00+02:00,0.0,0.0,0.0,14.675944444444442
2025-09-05 05:54:00+02:00,0.0,0.0,0.0,14.703261904761904
2025-09-05 05:55:00+02:00,0.0,0.0,0.0,12.721005938505938
2025-09-05 05:56:00+02:00,1.4551692447993665e-06,1.4551692447993665e-06,1.4551692447993665e-06,16.10392929292929
2025-09-05 05:57:00+02:00,4.203602254697093e-05,4.203602254697093e-05,4.203602254697093e-05,13.049947204968944
2025-09-05 05:58:00+02:00,0.0001134030702186,0.0001134030702186,0.0001134030702186,15.226454545454544
2025-09-05 05:59:00+02:00,0.0002291479579676,0.0002291479579676,0.0002291479579676,14.10732886904762
2025-09-05 06:00:00+02:00,0.0285735277008973,0.0285735277008973,0.0285735277008973,14.487092013888889
2025-09-05 06:01:00+02:00,0.0466785566468683,0.0466785566468683,0.0466785566468683,15.192073412698411
2025-09-05 06:02:00+02:00,0.0720926921230784,0.0720926921230784,0.0720926921230784,14.881765873015873
2025-09-05 06:03:00+02:00,0.1066406048796951,0.1066406048796951,0.1066406048796951,16.035246825396825
2025-09-05 06:04:00+02:00,0.1523093987508344,0.1523093987508344,0.1523093987508344,18.15672161172161
2025-09-05 06:05:00+02:00,0.2112023120495573,0.2112023120495573,0.2112023120495573,16.13112103174603
2025-09-05 06:06:00+02:00,0.2854857256423784,0.2854857256423784,0.2854857256423784,18.40527777777778
2025-09-05 06:07:00+02:00,0.377333002788946,0.377333002788946,0.377333002788946,16.60777777777778
2025-09-05 06:08:00+02:00,0.4888687215725431,0.4888687215725431,0.4888687215725431,19.867669082125605
2025-09-05 06:09:00+02:00,0.6221164248456091,0.6221164248456091,0.6221164248456091,18.793604497354497
2025-09-05 06:10:00+02:00,0.7789523686542196,0.7789523686542196,0.7789523686542196,19.083761904761904
2025-09-05 06:11:00+02:00,0.9610669971772156,0.9610669971772156,0.9610669971772156,17.755303724053725
2025-09-05 06:12:00+02:00,1.1699351075368274,1.1699351075368274,1.1699351075368274,21.63283333333333
2025-09-05 06:13:00+02:00,1.4054707161865656,1.4054707161865656,1.4054707161865656,18.06472685185185
2025-09-05 06:14:00+02:00,1.6677124379777135,1.6677124379777135,1.6677124379777135,16.88149928774929
2025-09-05 06:15:00+02:00,1.9582996499708645,1.9582996499708645,1.9582996499708645,21.93027777777778
2025-09-05 06:16:00+02:00,2.277474885180422,2.277474885180422,2.277474885180422,22.37333333333333
2025-09-05 06:17:00+02:00,2.4238874748643013,2.4238874748643013,2.4238874748643013,24.8131905982906
2025-09-05 06:18:00+02:00,2.7726998043858653,2.7726998043858653,2.7726998043858653,26.971158424908424
2025-09-05 06:19:00+02:00,3.1477855147382847,3.1477855147382847,3.1477855147382847,27.81892063492064
2025-09-05 06:20:00+02:00,3.548631669955479,3.548631669955479,3.548631669955479,29.52948484848485
2025-09-05 06:21:00+02:00,3.974575051498659,3.974575051498659,3.974575051498659,28.54684027777778
2025-09-05 06:22:00+02:00,4.424823640645583,4.424823640645583,4.424823640645583,31.207619047619048
2025-09-05 06:23:00+02:00,4.898477710918211,4.898477710918211,4.898477710918211,34.42346031746032
2025-09-05 06:24:00+02:00,5.4334354639752815,5.4334354639752815,5.4334354639752815,30.751196581196584
2025-09-05 06:25:00+02:00,6.07909546216133,6.07909546216133,6.07909546216133,34.38234548611111
2025-09-05 06:26:00+02:00,6.773073473504961,6.773073473504961,6.773073473504961,36.88348576388889
2025-09-05 06:27:00+02:00,7.516649895099864,7.516649895099864,7.516649895099864,37.55094444444445
2025-09-05 06:28:00+02:00,8.31102226803125,8.31102226803125,8.31102226803125,36.65104497354498
2025-09-05 06:29:00+02:00,9.15730411813204,9.15730411813204,9.15730411813204,37.52449372759857
2025-09-05 06:30:00+02:00,10.056523902954437,10.056523902954437,10.056523902954437,40.21169130824373
2025-09-05 06:31:00+02:00,11.00962449092996,11.00962449092996,11.00962449092996,39.44405505952381
2025-09-05 06:32:00+02:00,12.017463136572408,12.017463136572408,12.017463136572408,40.69750992063492
2025-09-05 06:33:00+02:00,13.07300912410211,13.07300912410211,13.07300912410211,44.15989087301588
2025-09-05 06:34:00+02:00,14.163402298197612,14.163402298197612,14.163402298197612,44.01291666666666
2025-09-05 06:35:00+02:00,15.302644865366284,15.302644865366284,15.302644865366284,46.03454670329671
2025-09-05 06:36:00+02:00,16.490636657000877,16.490636657000877,16.490636657000877,47.31704312354312
2025-09-05 06:37:00+02:00,17.72721385302104,17.72721385302104,17.72721385302104,49.01665764790764
2025-09-05 06:38:00+02:00,19.01215807040357,19.01215807040357,19.01215807040357,48.485166666666665
2025-09-05 06:39:00+02:00,20.345197397419767,20.345197397419767,20.345197397419767,48.2144623655914
2025-09-05 06:40:00+02:00,21.726011235084968,21.726011235084968,21.726011235084968,51.80091018748277
2025-09-05 06:41:00+02:00,23.15423423111489,23.15423423111489,23.15423423111489,49.88459502923977
2025-09-05 06:42:00+02:00,24.629460036531064,24.36748057168172,24.629460036531064,53.15943650793651
2025-09-05 06:43:00+02:00,25.653784775069383,24.36748057168172,26.15124492780003,51.01568518518519
2025-09-05 06:44:00+02:00,25.653784775069383,24.36748057168172,27.719111251391997,43.57517482517483
2025-09-05 06:45:00+02:00,25.653784775069383,24.36748057168172,28.0415188963436,47.84290178571428
2025-09-05 06:46:00+02:00,25.653784775069383,24.36748057168172,28.0415188963436,48.38082692307692
2025-09-05 06:47:00+02:00,25.653784775069383,24.36748057168172,28.0415188963436,50.97520515499826
2025-09-05 06:48:00+02:00,25.653784775069383,24.36748057168172,28.0415188963436,50.39313852813853
2025-09-05 06:49:00+02:00,25.653784775069383,24.36748057168172,28.0415188963436,53.00792748917749
2025-09-05 06:50:00+02:00,25.653784775069383,24.36748057168172,28.0415188963436,54.299675925925925
2025-09-05 06:51:00+02:00,25.653784775069383,24.36748057168172,28.0415188963436,58.92104788011696
2025-09-05 06:52:00+02:00,25.653784775069383,24.36748057168172,28.0415188963436,61.4550625
2025-09-05 06:53:00+02:00,25.653784775069383,24.36748057168172,28.0415188963436,56.57098150782361
2025-09-05 06:54:00+02:00,25.653784775069383,24.36748057168172,28.0415188963436,60.83597222222222
2025-09-05 06:55:00+02:00,25.653784775069383,24.36748057168172,28.0415188963436,60.95205555555555
2025-09-05 06:56:00+02:00,25.653784775069383,24.36748057168172,28.0415188963436,63.02726190476191
2025-09-05 06:57:00+02:00,25.653784775069383,24.36748057168172,28.0415188963436,63.48666666666667
2025-09-05 06:58:00+02:00,25.653784775069383,24.36748057168172,28.0415188963436,64.94480952380952
2025-09-05 06:59:00+02:00,25.653784775069383,24.36748057168172,28.0415188963436,63.395595427963855
2025-09-05 07:00:00+02:00,25.653784775069383,24.36748057168172,28.0415188963436,67.5345928030303
2025-09-05 07:01:00+02:00,25.653784775069383,24.36748057168172,28.0415188963436,67.70566666666667
2025-09-05 07:02:00+02:00,25.653784775069383,64.7911896441357,28.0415188963436,71.69730753968254
2025-09-05 07:03:00+02:00,25.653784775069383,67.18792650191902,28.0415188963436,71.16964583333333
2025-09-05 07:04:00+02:00,25.653784775069383,69.61781793274825,28.0415188963436,75.51488720538721
2025-09-05 07:05:00+02:00,25.653784775069383,72.08018728605136,28.0415188963436,80.95306397306398
2025-09-05 07:06:00+02:00,74.57436392966956,74.57436392966956,28.0415188963436,77.47484046546548
2025-09-05 07:07:00+02:00,77.09968355135135,77.09968355135135,28.0415188963436,82.66803240740741
2025-09-05 07:08:00+02:00,79.65548846843159,79.65548846843159,28.0415188963436,79.1016388888889
2025-09-05 07:09:00+02:00,82.24112787848696,82.24112787848696,28.0415188963436,79.06030681818181
2025-09-05 07:10:00+02:00,84.8559598382904,84.8559598382904,84.8559598382904,90.22760378510378
2025-09-05 07:11:00+02:00,87.49934444254431,87.49934444254431,87.49934444254431,90.49092037037036
2025-09-05 07:12:00+02:00,90.17065447794585,90.17065447794585,90.17065447794585,94.52894612794611
2025-09-05 07:13:00+02:00,92.86926858607924,92.86926858607924,92.86926858607924,102.69633766233768
2025-09-05 07:14:00+02:00,95.59457311506944,95.59457311506944,95.59457311506944,104.16947132616488
2025-09-05 07:15:00+02:00,98.34596220665011,98.05568734806512,98.34596220665011,104.98468862007168
2025-09-05 07:16:00+02:00,101.12283788763956,98.05568734806512,101.12283788763956,113.06241666666666
2025-09-05 07:17:00+02:00,103.9246100924152,98.05568734806512,103.9246100924152,118.07231481481482
2025-09-05 07:18:00+02:00,106.75069671987994,98.05568734806512,106.75069671987994,123.45754166666666
2025-09-05 07:19:00+02:00,108.92093652853497,98.05568734806512,109.60052364810896,121.3083457402812
2025-09-05 07:20:00+02:00,108.92093652853497,98.05568734806512,112.47352473651446,127.54055555555556
2025-09-05 07:21:00+02:00,108.92093652853497,98.05568734806512,115.3691437893202,129.04710069444445
2025-09-05 07:22:00+02:00,108.92093652853497,98.05568734806512,118.28682672390744,133.2092137254902
2025-09-05 07:23:00+02:00,108.92093652853497,98.05568734806512,121.226033213953,134.97090587245
2025-09-05 07:24:00+02:00,108.92093652853497,98.05568734806512,121.51342286886204,140.66974206349207
2025-09-05 07:25:00+02:00,108.92093652853497,98.05568734806512,121.51342286886204,136.4845588235294
2025-09-05 07:26:00+02:00,108.92093652853497,98.05568734806512,121.51342286886204,141.76605158730158
2025-09-05 07:27:00+02:00,108.92093652853497,98.05568734806512,121.51342286886204,145.17053703703704
2025-09-05 07:28:00+02:00,108.92093652853497,98.05568734806512,136.226489645915,153.79017653642654
2025-09-05 07:29:00+02:00,108.92093652853497,98.05568734806512,139.28388838007396,157.2118695054945
2025-09-05 07:30:00+02:00,108.92093652853497,142.35923274168937,142.35923274168937,160.5751456365272
2025-09-05 07:31:00+02:00,108.92093652853497,145.4520419295908,145.4520419295908,159.84985323886642
2025-09-05 07:32:00+02:00,148.56184455335995,148.56184455335995,148.56184455335995,164.38812499999997
2025-09-05 07:33:00+02:00,151.68817021248333,151.68817021248333,151.68817021248333,167.40575492831542
2025-09-05 07:34:00+02:00,154.8305619092475,154.8305619092475,154.8305619092475,175.28402860449737
2025-09-05 07:35:00+02:00,157.9885676156564,157.9885676156564,157.9885676156564,177.51858333333334
2025-09-05 07:36:00+02:00,161.16174227829669,161.16174227829669,161.16174227829669,184.4017911255411
2025-09-05 07:37:00+02:00,164.3496476822573,164.3496476822573,164.3496476822573,185.1351186868687
2025-09-05 07:38:00+02:00,167.5518523728536,167.5518523728536,167.5518523728536,195.7098017075517
2025-09-05 07:39:00+02:00,170.76793154668482,170.76793154668482,170.76793154668482,207.6077314814815
2025-09-05 07:40:00+02:00,173.9974669471565,173.9974669471565,173.9974669471565,208.2218297101449
2025-09-05 07:41:00+02:00,177.2400467545648,177.2400467545648,177.2400467545648,211.4527976190476
2025-09-05 07:42:00+02:00,180.49526550485436,180.49526550485436,180.49526550485436,212.31867938842203
2025-09-05 07:43:00+02:00,183.7627239475596,183.7627239475596,183.7627239475596,212.84244152046784
2025-09-05 07:44:00+02:00,187.04203116894405,187.04203116894405,187.04203116894405,214.47688888888888
2025-09-05 07:45:00+02:00,190.3327956759429,190.3327956759429,187.42706380110675,213.5041501322752
2025-09-05 07:46:00+02:00,193.63463848015004,193.63463848015004,187.42706380110675,214.35096296296297
2025-09-05 07:47:00+02:00,196.947184229918,196.947184229918,187.42706380110675,211.8593543417367
2025-09-05 07:48:00+02:00,198.4678108071874,200.27006326514825,187.42706380110675,213.846875
2025-09-05 07:49:00+02:00,198.4678108071874,202.0076426902852,187.42706380110675,219.5007222222222
2025-09-05 07:50:00+02:00,198.4678108071874,202.0076426902852,187.42706380110675,222.0356871345029
2025-09-05 07:51:00+02:00,198.4678108071874,202.0076426902852,187.42706380110675,224.3419583333333
2025-09-05 07:52:00+02:00,198.4678108071874,202.0076426902852,187.42706380110675,232.675382936508
2025-09-05 07:53:00+02:00,198.4678108071874,202.0076426902852,187.42706380110675,239.43010582010584
2025-09-05 07:54:00+02:00,198.4678108071874,202.0076426902852,187.42706380110675,236.75973862942607
2025-09-05 07:55:00+02:00,198.4678108071874,202.0076426902852,187.42706380110675,240.0009434523809
2025-09-05 07:56:00+02:00,198.4678108071874,202.0076426902852,187.42706380110675,244.5006388888889
2025-09-05 07:57:00+02:00,198.4678108071874,202.0076426902852,187.42706380110675,248.66989583333336
2025-09-05 07:58:00+02:00,198.4678108071874,202.0076426902852,187.42706380110675,248.63777138157897
2025-09-05 07:59:00+02:00,198.4678108071874,202.0076426902852,187.42706380110675,249.21477525252524
2025-09-05 08:00:00+02:00,198.4678108071874,202.0076426902852,240.82340892188373,262.02043981481484
2025-09-05 08:01:00+02:00,198.4678108071874,244.24939744539336,244.24939744539336,269.4641931652047
2025-09-05 08:02:00+02:00,247.6810879773081,247.6810879773081,247.6810879773081,269.5235
2025-09-05 08:03:00+02:00,251.1181847835277,251.1181847835277,251.1181847835277,276.98475210084035
2025-09-05 08:04:00+02:00,254.56039634237567,254.56039634237567,254.56039634237567,283.0420454598506
2025-09-05 08:05:00+02:00,258.00743525503515,258.00743525503515,258.00743525503515,281.2126360544217
2025-09-05 08:06:00+02:00,261.4590204748837,261.4590204748837,261.4590204748837,289.7920289855072
2025-09-05 08:07:00+02:00,264.91486799274287,264.91486799274287,264.91486799274287,289.7667485119048
2025-09-05 08:08:00+02:00,268.3747046073824,268.3747046073824,268.3747046073824,292.8955275974026
2025-09-05 08:09:00+02:00,271.83825862054687,271.83825862054687,271.83825862054687,301.72318650793653
2025-09-05 08:10:00+02:00,275.30526206838977,275.30526206838977,275.30526206838977,299.6558760683761
2025-09-05 08:11:00+02:00,278.775450641289,278.775450641289,278.72148851667674,302.5032777777778
2025-09-05 08:12:00+02:00,280.837333004333,282.2485636387692,278.72148851667674,307.2234294871795
2025-09-05 08:13:00+02:00,280.837333004333,285.7243438591339,278.72148851667674,299.10527777777776
2025-09-05 08:14:00+02:00,280.837333004333,285.9142456346197,278.72148851667674,303.4916666666666
2025-09-05 08:15:00+02:00,280.837333004333,285.9142456346197,278.72148851667674,302.59639741715404
2025-09-05 08:16:00+02:00,280.837333004333,285.9142456346197,278.72148851667674,307.72223684210525
2025-09-05 08:17:00+02:00,280.837333004333,285.9142456346197,278.72148851667674,314.508
2025-09-05 08:18:00+02:00,280.837333004333,285.9142456346197,278.72148851667674,322.71257936507936
2025-09-05 08:19:00+02:00,280.837333004333,285.9142456346197,278.72148851667674,318.2784072871573
2025-09-05 08:20:00+02:00,280.837333004333,285.9142456346197,278.72148851667674,326.4735912698413
2025-09-05 08:21:00+02:00,280.837333004333,285.9142456346197,278.72148851667674,325.5525598290598
2025-09-05 08:22:00+02:00,280.837333004333,285.9142456346197,278.72148851667674,330.113253968254
2025-09-05 08:23:00+02:00,280.837333004333,285.9142456346197,278.72148851667674,332.0546825396825
2025-09-05 08:24:00+02:00,280.837333004333,285.9142456346197,278.72148851667674,337.4786423611111
2025-09-05 08:25:00+02:00,280.837333004333,285.9142456346197,278.72148851667674,337.15846759259256
2025-09-05 08:26:00+02:00,280.837333004333,285.9142456346197,278.72148851667674,343.46450000000004
2025-09-05 08:27:00+02:00,280.837333004333,285.9142456346197,278.72148851667674,342.73904861111106
2025-09-05 08:28:00+02:00,280.837333004333,285.9142456346197,278.72148851667674,346.6413888888889
2025-09-05 08:29:00+02:00,280.837333004333,285.9142456346197,278.72148851667674,345.3788833333333
2025-09-05 08:30:00+02:00,280.837333004333,285.9142456346197,278.72148851667674,347.9302651515152
2025-09-05 08:31:00+02:00,352.83389703086834,285.9142456346197,278.72148851667674,352.8099363425926
2025-09-05 08:32:00+02:00,356.349967087101,356.349967087101,356.349967087101,359.1896514423077
2025-09-05 08:33:00+02:00,359.8642311914865,359.8642311914865,359.8642311914865,358.74057539682536
2025-09-05 08:34:00+02:00,363.3764889589843,363.3764889589843,363.3764889589843,360.9842546296297
2025-09-05 08:35:00+02:00,366.88654231707983,366.88654231707983,366.88654231707983,364.0899629629629
2025-09-05 08:36:00+02:00,370.3941954583742,370.3941954583742,370.3941954583742,366.8708657616893
2025-09-05 08:37:00+02:00,373.8992548275755,373.8992548275755,373.8992548275755,367.25930847953214
2025-09-05 08:38:00+02:00,377.4015290435564,377.4015290435564,377.4015290435564,369.6013333333333
2025-09-05 08:39:00+02:00,380.90082888768416,380.90082888768416,380.90082888768416,375.4172916666666
2025-09-05 08:40:00+02:00,382.3126886205207,384.39696960292224,384.39696960292224,378.58020691609977
2025-09-05 08:41:00+02:00,382.3126886205207,387.889761476261,387.889761476261,379.8377891156462
2025-09-05 08:42:00+02:00,382.3126886205207,391.37902389494513,391.37902389494513,384.9966666666666
2025-09-05 08:43:00+02:00,382.3126886205207,394.8645758934013,394.8645758934013,389.5958035714286
2025-09-05 08:44:00+02:00,382.3126886205207,395.0865959287336,398.34623849020056,390.67031770833336
2025-09-05 08:45:00+02:00,382.3126886205207,395.0865959287336,399.1734106869087,391.1252564102565
2025-09-05 08:46:00+02:00,382.3126886205207,395.0865959287336,399.1734106869087,391.1122485380117
2025-09-05 08:47:00+02:00,382.3126886205207,395.0865959287336,399.1734106869087,395.3129006410256
2025-09-05 08:48:00+02:00,382.3126886205207,395.0865959287336,399.1734106869087,402.1827662037037
2025-09-05 08:49:00+02:00,382.3126886205207,395.0865959287336,399.1734106869087,402.6646527777778
2025-09-05 08:50:00+02:00,382.3126886205207,395.0865959287336,399.1734106869087,405.6295695970696
2025-09-05 08:51:00+02:00,382.3126886205207,395.0865959287336,399.1734106869087,405.82270833333337
2025-09-05 08:52:00+02:00,382.3126886205207,395.0865959287336,399.1734106869087,411.65069444444447
2025-09-05 08:53:00+02:00,382.3126886205207,395.0865959287336,399.1734106869087,415.8749934640523
2025-09-05 08:54:00+02:00,382.3126886205207,395.0865959287336,399.1734106869087,420.6947222222222
2025-09-05 08:55:00+02:00,382.3126886205207,395.0865959287336,399.1734106869087,421.227748015873
2025-09-05 08:56:00+02:00,382.3126886205207,395.0865959287336,399.1734106869087,426.0161805555556
2025-09-05 08:57:00+02:00,382.3126886205207,395.0865959287336,399.1734106869087,426.3016792929293
2025-09-05 08:58:00+02:00,382.3126886205207,395.0865959287336,399.1734106869087,427.8210037878789
2025-09-05 08:59:00+02:00,382.3126886205207,395.0865959287336,399.1734106869087,430.7195575396825
2025-09-05 09:00:00+02:00,382.3126886205207,395.0865959287336,399.1734106869087,432.8971527777778
2025-09-05 09:01:00+02:00,456.77493365571934,395.0865959287336,399.1734106869087,433.0514444444445
2025-09-05 09:02:00+02:00,460.1580521305879,395.0865959287336,399.1734106869087,433.9955370370371
2025-09-05 09:03:00+02:00,463.5342136642243,395.0865959287336,399.1734106869087,434.0058531746032
2025-09-05 09:04:00+02:00,466.9032749614729,395.0865959287336,399.1734106869087,443.33759502923976
2025-09-05 09:05:00+02:00,467.265818025972,395.0865959287336,399.1734106869087,446.6516666666666
2025-09-05 09:06:00+02:00,467.265818025972,395.0865959287336,399.1734106869087,451.5037191358024
2025-09-05 09:07:00+02:00,467.265818025972,395.0865959287336,399.1734106869087,450.39999629629625
2025-09-05 09:08:00+02:00,467.265818025972,395.0865959287336,399.1734106869087,452.6614603174603
2025-09-05 09:09:00+02:00,467.265818025972,395.0865959287336,399.1734106869087,452.89791501322753
2025-09-05 09:10:00+02:00,467.265818025972,483.884587871218,399.1734106869087,458.73852564102566
2025-09-05 09:11:00+02:00,467.265818025972,483.884587871218,484.19190513874526,462.3047394179894
2025-09-05 09:12:00+02:00,467.265818025972,483.884587871218,484.19190513874526,463.5598903903904
2025-09-05 09:13:00+02:00,467.265818025972,395.0865959287336,484.19190513874526,460.59625
2025-09-05 09:14:00+02:00,467.265818025972,483.884587871218,484.19190513874526,462.5686253561253
2025-09-05 09:15:00+02:00,467.265818025972,483.884587871218,484.19190513874526,468.5459259259259
2025-09-05 09:16:00+02:00,467.265818025972,483.884587871218,484.19190513874526,475.0334330484331
2025-09-05 09:17:00+02:00,467.265818025972,483.884587871218,484.19190513874526,477.57633333333337
2025-09-05 09:18:00+02:00,467.265818025972,483.884587871218,484.19190513874526,474.18773290598295
2025-09-05 09:19:00+02:00,467.265818025972,483.884587871218,484.19190513874526,472.50586004273504
2025-09-05 09:20:00+02:00,467.265818025972,483.884587871218,484.19190513874526,478.9927744708995
2025-09-05 09:21:00+02:00,467.265818025972,483.884587871218,484.19190513874526,480.3133854166667
2025-09-05 09:22:00+02:00,467.265818025972,483.884587871218,484.19190513874526,485.4760143849206
2025-09-05 09:23:00+02:00,467.265818025972,483.884587871218,484.19190513874526,482.6905753205128
2025-09-05 09:24:00+02:00,467.265818025972,483.884587871218,484.19190513874526,488.5753454415954
2025-09-05 09:25:00+02:00,467.265818025972,483.884587871218,484.19190513874526,489.3833523638846
2025-09-05 09:26:00+02:00,467.265818025972,483.884587871218,484.19190513874526,495.9165325295971
2025-09-05 09:27:00+02:00,467.265818025972,483.884587871218,484.19190513874526,501.4812847222222
2025-09-05 09:28:00+02:00,467.265818025972,483.884587871218,484.19190513874526,500.80444444444447
2025-09-05 09:29:00+02:00,467.265818025972,483.884587871218,484.19190513874526,501.1752546296296
2025-09-05 09:30:00+02:00,467.265818025972,483.884587871218,484.19190513874526,504.9876374007936
2025-09-05 09:31:00+02:00,467.265818025972,483.884587871218,484.19190513874526,508.90441468253965
2025-09-05 09:32:00+02:00,467.265818025972,483.884587871218,484.19190513874526,506.53824013157896
2025-09-05 09:33:00+02:00,467.265818025972,483.884587871218,484.19190513874526,505.0338657407408
2025-09-05 09:34:00+02:00,467.265818025972,483.884587871218,484.19190513874526,512.045625
2025-09-05 09:35:00+02:00,467.265818025972,483.884587871218,484.19190513874526,514.876369047619
2025-09-05 09:36:00+02:00,467.265818025972,483.884587871218,484.19190513874526,523.6097685185185
2025-09-05 09:37:00+02:00,467.265818025972,483.884587871218,484.19190513874526,525.2747601010101
2025-09-05 09:38:00+02:00,467.265818025972,483.884587871218,484.19190513874526,524.5478051900585
2025-09-05 09:39:00+02:00,467.265818025972,483.884587871218,484.19190513874526,522.1535039941903
2025-09-05 09:40:00+02:00,467.265818025972,483.884587871218,484.19190513874526,530.2347115384615
2025-09-05 09:41:00+02:00,467.265818025972,483.884587871218,484.19190513874526,536.8286507936508
2025-09-05 09:42:00+02:00,467.265818025972,483.884587871218,484.19190513874526,534.630422979798
2025-09-05 09:43:00+02:00,467.265818025972,483.884587871218,484.19190513874526,533.4921275252525
2025-09-05 09:44:00+02:00,467.265818025972,483.884587871218,484.19190513874526,530.4343833333334
2025-09-05 09:45:00+02:00,574.1796138325511,483.884587871218,484.19190513874526,533.6891007834757
2025-09-05 09:46:00+02:00,574.1796138325511,483.884587871218,484.19190513874526,537.5602380952381
2025-09-05 09:47:00+02:00,574.1796138325511,483.884587871218,484.19190513874526,538.840167989418
2025-09-05 09:48:00+02:00,574.1796138325511,483.884587871218,484.19190513874526,542.9151612103175
2025-09-05 09:49:00+02:00,574.1796138325511,483.884587871218,484.19190513874526,544.0198690476191
2025-09-05 09:50:00+02:00,574.1796138325511,483.884587871218,484.19190513874526,543.4356011825818
2025-09-05 09:51:00+02:00,574.1796138325511,483.884587871218,484.19190513874526,546.4732477069546
2025-09-05 09:52:00+02:00,574.1796138325511,483.884587871218,484.19190513874526,546.6125858585859
2025-09-05 09:53:00+02:00,574.1796138325511,483.884587871218,589.6442467705715,544.8037089947089
2025-09-05 09:54:00+02:00,574.1796138325511,483.884587871218,589.6442467705715,547.7332261904762
2025-09-05 09:55:00+02:00,574.1796138325511,483.884587871218,589.6442467705715,543.926875
2025-09-05 09:56:00+02:00,574.1796138325511,483.884587871218,589.6442467705715,551.3659788359788
2025-09-05 09:57:00+02:00,574.1796138325511,483.884587871218,589.6442467705715,552.7746031746032
2025-09-05 09:58:00+02:00,574.1796138325511,573.4193921422142,484.19190513874526,543.5998474945534
2025-09-05 09:59:00+02:00,574.1796138325511,573.4193921422142,589.6442467705715,550.2042003367004
2025-09-05 10:00:00+02:00,574.1796138325511,573.4193921422142,589.6442467705715,553.0070132275132
2025-09-05 10:01:00+02:00,574.1796138325511,573.4193921422142,589.6442467705715,557.174917929293
2025-09-05 10:02:00+02:00,574.1796138325511,573.4193921422142,589.6442467705715,563.9709154040403
2025-09-05 10:03:00+02:00,574.1796138325511,573.4193921422142,589.6442467705715,569.5867592592593
2025-09-05 10:04:00+02:00,574.1796138325511,573.4193921422142,589.6442467705715,567.2060615079365
2025-09-05 10:05:00+02:00,574.1796138325511,573.4193921422142,589.6442467705715,565.6777870370371
2025-09-05 10:06:00+02:00,574.1796138325511,573.4193921422142,589.6442467705715,566.7810617236025
2025-09-05 10:07:00+02:00,574.1796138325511,573.4193921422142,589.6442467705715,572.6706944444445
2025-09-05 10:08:00+02:00,574.1796138325511,573.4193921422142,589.6442467705715,569.8197863247864
2025-09-05 10:09:00+02:00,574.1796138325511,573.4193921422142,589.6442467705715,568.0507222222222
2025-09-05 10:10:00+02:00,574.1796138325511,573.4193921422142,589.6442467705715,562.6925036075036
2025-09-05 10:11:00+02:00,574.1796138325511,573.4193921422142,589.6442467705715,566.0209841269841
2025-09-05 10:12:00+02:00,574.1796138325511,573.4193921422142,589.6442467705715,573.8635555555555
2025-09-05 10:13:00+02:00,574.1796138325511,573.4193921422142,589.6442467705715,579.9843097781849
2025-09-05 10:14:00+02:00,574.1796138325511,573.4193921422142,589.6442467705715,580.9583392857143
2025-09-05 10:15:00+02:00,574.1796138325511,573.4193921422142,589.6442467705715,581.1588253968254
2025-09-05 10:16:00+02:00,574.1796138325511,573.4193921422142,589.6442467705715,578.811617063492
2025-09-05 10:17:00+02:00,574.1796138325511,573.4193921422142,589.6442467705715,582.1421527777778
2025-09-05 10:18:00+02:00,574.1796138325511,573.4193921422142,589.6442467705715,585.7408055555555
2025-09-05 10:19:00+02:00,574.1796138325511,573.4193921422142,589.6442467705715,586.8688425925926
2025-09-05 10:20:00+02:00,574.1796138325511,573.4193921422142,589.6442467705715,588.5247118055555
2025-09-05 10:21:00+02:00,574.1796138325511,573.4193921422142,589.6442467705715,591.2090277777778
2025-09-05 10:22:00+02:00,574.1796138325511,573.4193921422142,589.6442467705715,594.4013888888888
2025-09-05 10:23:00+02:00,574.1796138325511,573.4193921422142,589.6442467705715,586.4587447089947
2025-09-05 10:24:00+02:00,574.1796138325511,573.4193921422142,589.6442467705715,588.8888666666667
2025-09-05 10:25:00+02:00,574.1796138325511,573.4193921422142,589.6442467705715,592.0182905982906
2025-09-05 10:26:00+02:00,574.1796138325511,573.4193921422142,589.6442467705715,591.0844795482295
2025-09-05 10:27:00+02:00,574.1796138325511,573.4193921422142,589.6442467705715,589.8848194444445
2025-09-05 10:28:00+02:00,574.1796138325511,573.4193921422142,589.6442467705715,588.8547924836602
2025-09-05 10:29:00+02:00,574.1796138325511,573.4193921422142,589.6442467705715,588.6762731481482
2025-09-05 10:30:00+02:00,574.1796138325511,573.4193921422142,589.6442467705715,591.8979675925926
2025-09-05 10:31:00+02:00,574.1796138325511,573.4193921422142,589.6442467705715,564.815692251462
2025-09-05 10:32:00+02:00,574.1796138325511,573.4193921422142,589.6442467705715,594.2414583333333
2025-09-05 10:33:00+02:00,574.1796138325511,573.4193921422142,589.6442467705715,589.4916666666667
2025-09-05 10:34:00+02:00,574.1796138325511,573.4193921422142,589.6442467705715,591.3477187627187
2025-09-05 10:35:00+02:00,574.1796138325511,573.4193921422142,589.6442467705715,593.8832457264957
2025-09-05 10:36:00+02:00,574.1796138325511,573.4193921422142,589.6442467705715,596.1458333333334
2025-09-05 10:37:00+02:00,574.1796138325511,573.4193921422142,589.6442467705715,580.7345441595442
2025-09-05 10:38:00+02:00,574.1796138325511,573.4193921422142,589.6442467705715,593.9639097222222
2025-09-05 10:39:00+02:00,574.1796138325511,573.4193921422142,589.6442467705715,595.9688194444444
2025-09-05 10:40:00+02:00,574.1796138325511,573.4193921422142,589.6442467705715,601.1337083333334
2025-09-05 10:41:00+02:00,574.1796138325511,573.4193921422142,589.6442467705715,602.8487530525031
2025-09-05 10:42:00+02:00,574.1796138325511,573.4193921422142,589.6442467705715,605.8147023809523
2025-09-05 10:43:00+02:00,574.1796138325511,573.4193921422142,589.6442467705715,606.3945138888889
2025-09-05 10:44:00+02:00,574.1796138325511,573.4193921422142,589.6442467705715,608.6595584795322
2025-09-05 10:45:00+02:00,574.1796138325511,573.4193921422142,589.6442467705715,604.3955568181818
2025-09-05 10:46:00+02:00,574.1796138325511,573.4193921422142,589.6442467705715,613.7170436507937
2025-09-05 10:47:00+02:00,574.1796138325511,573.4193921422142,589.6442467705715,614.2481018518519
2025-09-05 10:48:00+02:00,574.1796138325511,573.4193921422142,589.6442467705715,614.2844017094018
2025-09-05 10:49:00+02:00,574.1796138325511,573.4193921422142,589.6442467705715,611.8550892857143
2025-09-05 10:50:00+02:00,574.1796138325511,573.4193921422142,589.6442467705715,608.5443113425926
2025-09-05 10:51:00+02:00,574.1796138325511,573.4193921422142,589.6442467705715,604.9460683760684
2025-09-05 10:52:00+02:00,574.1796138325511,573.4193921422142,589.6442467705715,606.1245833333334
2025-09-05 10:53:00+02:00,574.1796138325511,573.4193921422142,589.6442467705715,597.4539409722222
2025-09-05 10:54:00+02:00,574.1796138325511,573.4193921422142,589.6442467705715,617.440371896622
2025-09-05 10:55:00+02:00,574.1796138325511,573.4193921422142,589.6442467705715,620.6986574074075
2025-09-05 10:56:00+02:00,574.1796138325511,573.4193921422142,589.6442467705715,622.6001666666667
2025-09-05 10:57:00+02:00,574.1796138325511,573.4193921422142,589.6442467705715,616.0022992424243
2025-09-05 10:58:00+02:00,574.1796138325511,573.4193921422142,589.6442467705715,624.1929684343435
2025-09-05 10:59:00+02:00,574.1796138325511,573.4193921422142,589.6442467705715,626.3178174603175
2025-09-05 11:00:00+02:00,574.1796138325511,573.4193921422142,589.6442467705715,625.8780395299145
2025-09-05 11:01:00+02:00,574.1796138325511,573.4193921422142,589.6442467705715,628.0450628306878
2025-09-05 11:02:00+02:00,574.1796138325511,573.4193921422142,589.6442467705715,629.8270138888889
2025-09-05 11:03:00+02:00,574.1796138325511,573.4193921422142,589.6442467705715,630.7918447293447
2025-09-05 11:04:00+02:00,574.1796138325511,573.4193921422142,589.6442467705715,624.6061111111111
2025-09-05 11:05:00+02:00,574.1796138325511,573.4193921422142,589.6442467705715,634.050712962963
2025-09-05 11:06:00+02:00,671.9500862546998,573.4193921422142,589.6442467705715,636.9342991452992
2025-09-05 11:07:00+02:00,671.9500862546998,666.3697912948548,589.6442467705715,635.7892857142857
2025-09-05 11:08:00+02:00,671.9500862546998,666.3697912948548,589.6442467705715,638.189837962963
2025-09-05 11:09:00+02:00,671.9500862546998,666.3697912948548,589.6442467705715,644.4140138888889
2025-09-05 11:10:00+02:00,671.9500862546998,573.4193921422142,589.6442467705715,642.984787037037
2025-09-05 11:11:00+02:00,574.1796138325511,573.4193921422142,589.6442467705715,636.9692044159544
2025-09-05 11:12:00+02:00,574.1796138325511,573.4193921422142,589.6442467705715,630.8670555555556
2025-09-05 11:13:00+02:00,574.1796138325511,573.4193921422142,589.6442467705715,634.8245340501793
2025-09-05 11:14:00+02:00,671.9500862546998,573.4193921422142,589.6442467705715,627.3338194444444
2025-09-05 11:15:00+02:00,671.9500862546998,666.3697912948548,589.6442467705715,633.6093201754386
2025-09-05 11:16:00+02:00,671.9500862546998,666.3697912948548,589.6442467705715,646.568363095238
2025-09-05 11:17:00+02:00,671.9500862546998,666.3697912948548,589.6442467705715,654.935625
2025-09-05 11:18:00+02:00,671.9500862546998,666.3697912948548,589.6442467705715,661.0134166666667
2025-09-05 11:19:00+02:00,671.9500862546998,666.3697912948548,589.6442467705715,657.7349537037037
2025-09-05 11:20:00+02:00,671.9500862546998,666.3697912948548,589.6442467705715,662.6046843434343
2025-09-05 11:21:00+02:00,671.9500862546998,666.3697912948548,589.6442467705715,657.5380407407407
2025-09-05 11:22:00+02:00,671.9500862546998,666.3697912948548,589.6442467705715,650.0717314814815
2025-09-05 11:23:00+02:00,671.9500862546998,666.3697912948548,589.6442467705715,652.40330634278
2025-09-05 11:24:00+02:00,671.9500862546998,666.3697912948548,589.6442467705715,655.7793162393162
2025-09-05 11:25:00+02:00,671.9500862546998,666.3697912948548,589.6442467705715,654.4432270069112
2025-09-05 11:26:00+02:00,671.9500862546998,666.3697912948548,589.6442467705715,650.2845133053221
2025-09-05 11:27:00+02:00,671.9500862546998,666.3697912948548,589.6442467705715,654.5589285714285
2025-09-05 11:28:00+02:00,671.9500862546998,666.3697912948548,589.6442467705715,655.4756944444445
2025-09-05 11:29:00+02:00,671.9500862546998,666.3697912948548,589.6442467705715,657.5611825396826
2025-09-05 11:30:00+02:00,671.9500862546998,666.3697912948548,589.6442467705715,660.5573437500001
2025-09-05 11:31:00+02:00,671.9500862546998,666.3697912948548,589.6442467705715,660.488179563492
2025-09-05 11:32:00+02:00,671.9500862546998,666.3697912948548,589.6442467705715,659.3715277777778
2025-09-05 11:33:00+02:00,671.9500862546998,666.3697912948548,589.6442467705715,653.2759722222222
2025-09-05 11:34:00+02:00,671.9500862546998,666.3697912948548,589.6442467705715,629.8028472222222
2025-09-05 11:35:00+02:00,671.9500862546998,666.3697912948548,589.6442467705715,661.3385049603174
2025-09-05 11:36:00+02:00,671.9500862546998,666.3697912948548,589.6442467705715,656.6505972222222
2025-09-05 11:37:00+02:00,671.9500862546998,666.3697912948548,589.6442467705715,658.7357589285714
2025-09-05 11:38:00+02:00,671.9500862546998,666.3697912948548,589.6442467705715,658.3346527777777
2025-09-05 11:39:00+02:00,671.9500862546998,666.3697912948548,589.6442467705715,657.5242063492063
2025-09-05 11:40:00+02:00,671.9500862546998,666.3697912948548,589.6442467705715,658.729523046398
2025-09-05 11:41:00+02:00,671.9500862546998,666.3697912948548,589.6442467705715,656.7783333333333
2025-09-05 11:42:00+02:00,671.9500862546998,666.3697912948548,589.6442467705715,661.4183333333333
2025-09-05 11:43:00+02:00,671.9500862546998,666.3697912948548,589.6442467705715,666.3224116161616
2025-09-05 11:44:00+02:00,671.9500862546998,666.3697912948548,589.6442467705715,665.603888888889
2025-09-05 11:45:00+02:00,671.9500862546998,666.3697912948548,589.6442467705715,649.4423771367522
2025-09-05 11:46:00+02:00,671.9500862546998,666.3697912948548,589.6442467705715,643.0330961538461
2025-09-05 11:47:00+02:00,671.9500862546998,666.3697912948548,589.6442467705715,661.7816666666666
2025-09-05 11:48:00+02:00,671.9500862546998,666.3697912948548,589.6442467705715,651.7939444444445
2025-09-05 11:49:00+02:00,671.9500862546998,666.3697912948548,589.6442467705715,642.5602083333333
2025-09-05 11:50:00+02:00,671.9500862546998,666.3697912948548,589.6442467705715,663.1850972222222
2025-09-05 11:51:00+02:00,671.9500862546998,666.3697912948548,693.531432481675,675.8022569444445
2025-09-05 11:52:00+02:00,671.9500862546998,666.3697912948548,693.531432481675,676.1418055555556
2025-09-05 11:53:00+02:00,671.9500862546998,666.3697912948548,693.531432481675,675.6207936507936
2025-09-05 11:54:00+02:00,671.9500862546998,666.3697912948548,693.531432481675,669.5542460317461
2025-09-05 11:55:00+02:00,671.9500862546998,666.3697912948548,693.531432481675,676.2322222222223
2025-09-05 11:56:00+02:00,671.9500862546998,666.3697912948548,693.531432481675,677.4665350877193
2025-09-05 11:57:00+02:00,671.9500862546998,666.3697912948548,693.531432481675,680.2561111111112
2025-09-05 11:58:00+02:00,671.9500862546998,666.3697912948548,693.531432481675,678.1472382478632
2025-09-05 11:59:00+02:00,671.9500862546998,666.3697912948548,693.531432481675,679.3670833333333
2025-09-05 12:00:00+02:00,671.9500862546998,666.3697912948548,693.531432481675,664.7539898989899
2025-09-05 12:01:00+02:00,671.9500862546998,666.3697912948548,693.531432481675,669.9589871031745
2025-09-05 12:02:00+02:00,671.9500862546998,666.3697912948548,693.531432481675,672.2388518518518
2025-09-05 12:03:00+02:00,671.9500862546998,666.3697912948548,693.531432481675,670.227962962963
2025-09-05 12:04:00+02:00,671.9500862546998,666.3697912948548,693.531432481675,671.8024537037037
2025-09-05 12:05:00+02:00,671.9500862546998,666.3697912948548,693.531432481675,676.5972916666667
2025-09-05 12:06:00+02:00,671.9500862546998,666.3697912948548,693.531432481675,682.1704166666667
2025-09-05 12:07:00+02:00,671.9500862546998,666.3697912948548,693.531432481675,678.4351851851852
2025-09-05 12:08:00+02:00,671.9500862546998,666.3697912948548,693.531432481675,678.2356031746032
2025-09-05 12:09:00+02:00,671.9500862546998,666.3697912948548,693.531432481675,677.064032967033
2025-09-05 12:10:00+02:00,671.9500862546998,666.3697912948548,693.531432481675,681.8828670634921
2025-09-05 12:11:00+02:00,671.9500862546998,666.3697912948548,693.531432481675,684.643167989418
2025-09-05 12:12:00+02:00,671.9500862546998,666.3697912948548,693.531432481675,671.3633432539683
2025-09-05 12:13:00+02:00,671.9500862546998,666.3697912948548,693.531432481675,668.4344316239316
2025-09-05 12:14:00+02:00,671.9500862546998,666.3697912948548,693.531432481675,666.2474305555555
2025-09-05 12:15:00+02:00,671.9500862546998,666.3697912948548,693.531432481675,675.5448611111111
2025-09-05 12:16:00+02:00,671.9500862546998,666.3697912948548,693.531432481675,679.5199074074075
2025-09-05 12:17:00+02:00,671.9500862546998,666.3697912948548,693.531432481675,681.3023148148148
2025-09-05 12:18:00+02:00,671.9500862546998,666.3697912948548,693.531432481675,679.1645497311828
2025-09-05 12:19:00+02:00,671.9500862546998,666.3697912948548,693.531432481675,681.6399710648149
2025-09-05 12:20:00+02:00,671.9500862546998,666.3697912948548,693.531432481675,679.9041666666666
2025-09-05 12:21:00+02:00,671.9500862546998,666.3697912948548,693.531432481675,676.9524074074073
2025-09-05 12:22:00+02:00,671.9500862546998,666.3697912948548,693.531432481675,676.0559201388888
2025-09-05 12:23:00+02:00,671.9500862546998,666.3697912948548,693.531432481675,675.5185185185186
2025-09-05 12:24:00+02:00,671.9500862546998,666.3697912948548,693.531432481675,681.4502430555556
2025-09-05 12:25:00+02:00,671.9500862546998,666.3697912948548,693.531432481675,680.9277751322751
2025-09-05 12:26:00+02:00,671.9500862546998,666.3697912948548,693.531432481675,680.9121388888889
2025-09-05 12:27:00+02:00,671.9500862546998,666.3697912948548,693.531432481675,688.7588194444444
2025-09-05 12:28:00+02:00,671.9500862546998,666.3697912948548,693.531432481675,683.2282407407407
2025-09-05 12:29:00+02:00,671.9500862546998,666.3697912948548,693.531432481675,687.380042989418
2025-09-05 12:30:00+02:00,671.9500862546998,666.3697912948548,693.531432481675,683.0603703703704
2025-09-05 12:31:00+02:00,671.9500862546998,666.3697912948548,693.531432481675,690.0326767676769
2025-09-05 12:32:00+02:00,671.9500862546998,666.3697912948548,693.531432481675,688.673574074074
2025-09-05 12:33:00+02:00,671.9500862546998,666.3697912948548,693.531432481675,678.0798958333334
2025-09-05 12:34:00+02:00,671.9500862546998,666.3697912948548,693.531432481675,682.6969166666667
2025-09-05 12:35:00+02:00,671.9500862546998,666.3697912948548,693.531432481675,681.2923148148149
2025-09-05 12:36:00+02:00,671.9500862546998,666.3697912948548,693.531432481675,689.517261904762
2025-09-05 12:37:00+02:00,671.9500862546998,666.3697912948548,693.531432481675,691.354898989899
2025-09-05 12:38:00+02:00,671.9500862546998,666.3697912948548,693.531432481675,684.7869003267974
2025-09-05 12:39:00+02:00,671.9500862546998,666.3697912948548,693.531432481675,684.0728023478023
2025-09-05 12:40:00+02:00,671.9500862546998,666.3697912948548,693.531432481675,683.2543837181338
2025-09-05 12:41:00+02:00,671.9500862546998,666.3697912948548,693.531432481675,680.1826458333334
2025-09-05 12:42:00+02:00,671.9500862546998,666.3697912948548,693.531432481675,680.6994463645673
2025-09-05 12:43:00+02:00,671.9500862546998,666.3697912948548,693.531432481675,685.0283333333333
2025-09-05 12:44:00+02:00,671.9500862546998,666.3697912948548,693.531432481675,682.4916547619048
2025-09-05 12:45:00+02:00,671.9500862546998,666.3697912948548,693.531432481675,684.568365834458
2025-09-05 12:46:00+02:00,671.9500862546998,666.3697912948548,693.531432481675,686.1310599415204
2025-09-05 12:47:00+02:00,671.9500862546998,666.3697912948548,693.531432481675,681.4863194444445
2025-09-05 12:48:00+02:00,671.9500862546998,666.3697912948548,693.531432481675,685.2954166666667
2025-09-05 12:49:00+02:00,671.9500862546998,666.3697912948548,693.531432481675,679.0554398148148
2025-09-05 12:50:00+02:00,671.9500862546998,666.3697912948548,693.531432481675,695.6124834656084
2025-09-05 12:51:00+02:00,671.9500862546998,666.3697912948548,693.531432481675,687.305
2025-09-05 12:52:00+02:00,671.9500862546998,666.3697912948548,589.6442467705715,668.3821057692307
2025-09-05 12:53:00+02:00,671.9500862546998,666.3697912948548,589.6442467705715,660.0497222222222
2025-09-05 12:54:00+02:00,671.9500862546998,666.3697912948548,589.6442467705715,661.6915486111111
2025-09-05 12:55:00+02:00,671.9500862546998,666.3697912948548,693.531432481675,670.1856666666666
2025-09-05 12:56:00+02:00,671.9500862546998,666.3697912948548,693.531432481675,674.3648595848596
2025-09-05 12:57:00+02:00,671.9500862546998,666.3697912948548,693.531432481675,681.2976805555555
2025-09-05 12:58:00+02:00,671.9500862546998,666.3697912948548,693.531432481675,684.7647777777778
2025-09-05 12:59:00+02:00,671.9500862546998,666.3697912948548,693.531432481675,680.3539021164021
2025-09-05 13:00:00+02:00,671.9500862546998,666.3697912948548,589.6442467705715,677.3771428571429
2025-09-05 13:01:00+02:00,467.265818025972,483.884587871218,484.19190513874526,494.6552777777778
2025-09-05 13:02:00+02:00,382.3126886205207,395.0865959287336,399.1734106869087,334.60013888888886
2025-09-05 13:03:00+02:00,467.265818025972,395.0865959287336,399.1734106869087,377.8641666666667
2025-09-05 13:04:00+02:00,467.265818025972,483.884587871218,484.19190513874526,487.92159722222215
2025-09-05 13:05:00+02:00,671.9500862546998,666.3697912948548,693.531432481675,706.0667777777777
2025-09-05 13:06:00+02:00,671.9500862546998,666.3697912948548,693.531432481675,708.3892521367521
2025-09-05 13:07:00+02:00,671.9500862546998,666.3697912948548,693.531432481675,691.3528472222223
2025-09-05 13:08:00+02:00,671.9500862546998,666.3697912948548,693.531432481675,676.6697222222223
2025-09-05 13:09:00+02:00,671.9500862546998,666.3697912948548,693.531432481675,691.9193055555555
2025-09-05 13:10:00+02:00,382.3126886205207,395.0865959287336,399.1734106869087,300.12005555555555
2025-09-05 13:11:00+02:00,280.837333004333,285.9142456346197,278.72148851667674,215.3862103174603
2025-09-05 13:12:00+02:00,382.3126886205207,395.0865959287336,399.1734106869087,364.428125
2025-09-05 13:13:00+02:00,280.837333004333,285.9142456346197,278.72148851667674,255.62833333333333
2025-09-05 13:14:00+02:00,198.4678108071874,285.9142456346197,278.72148851667674,189.3638586182336
2025-09-05 13:15:00+02:00,280.837333004333,285.9142456346197,278.72148851667674,267.3663408119658
2025-09-05 13:16:00+02:00,467.265818025972,483.884587871218,484.19190513874526,473.5716071428572
2025-09-05 13:17:00+02:00,671.9500862546998,666.3697912948548,589.6442467705715,661.5784206349207
2025-09-05 13:18:00+02:00,671.9500862546998,666.3697912948548,693.531432481675,675.9698148148149
2025-09-05 13:19:00+02:00,574.1796138325511,573.4193921422142,589.6442467705715,551.5065972222222
2025-09-05 13:20:00+02:00,574.1796138325511,573.4193921422142,589.6442467705715,552.7666666666667
2025-09-05 13:21:00+02:00,574.1796138325511,666.3697912948548,589.6442467705715,648.6171064814815
2025-09-05 13:22:00+02:00,574.1796138325511,666.3697912948548,589.6442467705715,631.8957554436305
2025-09-05 13:23:00+02:00,574.1796138325511,666.3697912948548,589.6442467705715,634.4244662698412
2025-09-05 13:24:00+02:00,574.1796138325511,573.4193921422142,589.6442467705715,620.421717948718
2025-09-05 13:25:00+02:00,574.1796138325511,573.4193921422142,589.6442467705715,594.5513888888889
2025-09-05 13:26:00+02:00,574.1796138325511,573.4193921422142,589.6442467705715,618.4691157407407
2025-09-05 13:27:00+02:00,671.9500862546998,666.3697912948548,589.6442467705715,649.5783171296297
2025-09-05 13:28:00+02:00,671.9500862546998,666.3697912948548,693.531432481675,660.0153951719576
2025-09-05 13:29:00+02:00,671.9500862546998,666.3697912948548,693.531432481675,661.362549475987
2025-09-05 13:30:00+02:00,671.9500862546998,666.3697912948548,693.531432481675,685.1410264550265
2025-09-05 13:31:00+02:00,671.9500862546998,666.3697912948548,693.531432481675,697.6188425925926
2025-09-05 13:32:00+02:00,671.9500862546998,666.3697912948548,693.531432481675,684.7737435897435
2025-09-05 13:33:00+02:00,671.9500862546998,666.3697912948548,693.531432481675,670.6784126984127
2025-09-05 13:34:00+02:00,574.1796138325511,666.3697912948548,589.6442467705715,655.9507777777777
2025-09-05 13:35:00+02:00,574.1796138325511,573.4193921422142,589.6442467705715,638.881590909091
2025-09-05 13:36:00+02:00,574.1796138325511,573.4193921422142,589.6442467705715,629.3844444444445
2025-09-05 13:37:00+02:00,382.3126886205207,395.0865959287336,399.1734106869087,376.250625
2025-09-05 13:38:00+02:00,198.4678108071874,202.0076426902852,187.42706380110675,154.95791666666668
2025-09-05 13:39:00+02:00,382.3126886205207,395.0865959287336,399.1734106869087,413.9159722222223
2025-09-05 13:40:00+02:00,574.1796138325511,573.4193921422142,589.6442467705715,587.5613888888889
2025-09-05 13:41:00+02:00,574.1796138325511,666.3697912948548,589.6442467705715,664.0715656565657
2025-09-05 13:42:00+02:00,671.9500862546998,666.3697912948548,589.6442467705715,670.800300925926
2025-09-05 13:43:00+02:00,671.9500862546998,666.3697912948548,589.6442467705715,670.6493386243386
2025-09-05 13:44:00+02:00,574.1796138325511,573.4193921422142,589.6442467705715,624.6182142857143
2025-09-05 13:45:00+02:00,574.1796138325511,666.3697912948548,589.6442467705715,651.2785069444445
2025-09-05 13:46:00+02:00,574.1796138325511,483.884587871218,589.6442467705715,536.5353472222222
2025-09-05 13:47:00+02:00,574.1796138325511,573.4193921422142,589.6442467705715,621.7425480769231
2025-09-05 13:48:00+02:00,467.265818025972,573.4193921422142,589.6442467705715,596.3763611111111
2025-09-05 13:49:00+02:00,382.3126886205207,395.0865959287336,399.1734106869087,365.38409722222224
2025-09-05 13:50:00+02:00,574.1796138325511,573.4193921422142,589.6442467705715,619.8229861111112
2025-09-05 13:51:00+02:00,574.1796138325511,573.4193921422142,589.6442467705715,596.5452843915344
2025-09-05 13:52:00+02:00,574.1796138325511,573.4193921422142,589.6442467705715,605.5030815527066
2025-09-05 13:53:00+02:00,574.1796138325511,573.4193921422142,589.6442467705715,606.4679398148148
2025-09-05 13:54:00+02:00,574.1796138325511,573.4193921422142,589.6442467705715,613.5591595441596
2025-09-05 13:55:00+02:00,574.1796138325511,573.4193921422142,589.6442467705715,618.3559065656566
2025-09-05 13:56:00+02:00,382.3126886205207,395.0865959287336,399.1734106869087,292.36791666666664
2025-09-05 13:57:00+02:00,382.3126886205207,395.0865959287336,399.1734106869087,294.6928472222222
2025-09-05 13:58:00+02:00,198.4678108071874,202.0076426902852,187.42706380110675,151.24196031746033
2025-09-05 13:59:00+02:00,198.4678108071874,202.0076426902852,187.42706380110675,150.04111111111112
2025-09-05 14:00:00+02:00,382.3126886205207,395.0865959287336,399.1734106869087,406.7801613756614
2025-09-05 14:01:00+02:00,574.1796138325511,573.4193921422142,589.6442467705715,599.4755317460317
2025-09-05 14:02:00+02:00,574.1796138325511,573.4193921422142,589.6442467705715,619.0154444444445
2025-09-05 14:03:00+02:00,574.1796138325511,573.4193921422142,589.6442467705715,618.0395138888889
2025-09-05 14:04:00+02:00,467.265818025972,483.884587871218,484.19190513874526,456.0511111111111
2025-09-05 14:05:00+02:00,280.837333004333,285.9142456346197,278.72148851667674,285.26682539682537
2025-09-05 14:06:00+02:00,198.4678108071874,202.0076426902852,187.42706380110675,134.2665462962963
2025-09-05 14:07:00+02:00,198.4678108071874,202.0076426902852,187.42706380110675,144.77116666666666
2025-09-05 14:08:00+02:00,198.4678108071874,202.0076426902852,187.42706380110675,154.91300462962965
2025-09-05 14:09:00+02:00,198.4678108071874,202.0076426902852,187.42706380110675,179.10009259259257
2025-09-05 14:10:00+02:00,198.4678108071874,202.0076426902852,187.42706380110675,194.2449074074074
2025-09-05 14:11:00+02:00,382.3126886205207,395.0865959287336,399.1734106869087,323.4928472222222
2025-09-05 14:12:00+02:00,574.1796138325511,573.4193921422142,589.6442467705715,630.7586666666667
2025-09-05 14:13:00+02:00,574.1796138325511,666.3697912948548,589.6442467705715,640.3830570818071
2025-09-05 14:14:00+02:00,574.1796138325511,573.4193921422142,589.6442467705715,632.6038854166667
2025-09-05 14:15:00+02:00,574.1796138325511,573.4193921422142,589.6442467705715,618.203625
2025-09-05 14:16:00+02:00,574.1796138325511,573.4193921422142,589.6442467705715,611.50625
2025-09-05 14:17:00+02:00,574.1796138325511,573.4193921422142,589.6442467705715,609.4682936507936
2025-09-05 14:18:00+02:00,574.1796138325511,573.4193921422142,589.6442467705715,614.5695016788767
2025-09-05 14:19:00+02:00,574.1796138325511,573.4193921422142,589.6442467705715,603.448006021756
2025-09-05 14:20:00+02:00,467.265818025972,483.884587871218,589.6442467705715,520.1430555555555
2025-09-05 14:21:00+02:00,198.4678108071874,202.0076426902852,187.42706380110675,157.8971527777778
2025-09-05 14:22:00+02:00,198.4678108071874,202.0076426902852,187.42706380110675,160.41250802660247
2025-09-05 14:23:00+02:00,198.4678108071874,202.0076426902852,187.42706380110675,162.94189950980393
2025-09-05 14:24:00+02:00,198.4678108071874,202.0076426902852,187.42706380110675,170.129853988604
2025-09-05 14:25:00+02:00,382.3126886205207,395.0865959287336,399.1734106869087,343.6796527777778
2025-09-05 14:26:00+02:00,574.1796138325511,573.4193921422142,589.6442467705715,589.3218611111112
2025-09-05 14:27:00+02:00,574.1796138325511,573.4193921422142,589.6442467705715,601.4368824786325
2025-09-05 14:28:00+02:00,574.1796138325511,573.4193921422142,589.6442467705715,602.2692222222223
2025-09-05 14:29:00+02:00,574.1796138325511,573.4193921422142,589.6442467705715,594.3459722222223
2025-09-05 14:30:00+02:00,574.1796138325511,573.4193921422142,589.6442467705715,593.3941944444445
2025-09-05 14:31:00+02:00,467.265818025972,483.884587871218,484.19190513874526,522.8928472222223
2025-09-05 14:32:00+02:00,467.265818025972,483.884587871218,484.19190513874526,493.9179166666667
2025-09-05 14:33:00+02:00,467.265818025972,483.884587871218,484.19190513874526,552.5403823260073
2025-09-05 14:34:00+02:00,467.265818025972,395.0865959287336,399.1734106869087,412.6619191919192
2025-09-05 14:35:00+02:00,198.4678108071874,202.0076426902852,187.42706380110675,139.84442857142858
2025-09-05 14:36:00+02:00,198.4678108071874,202.0076426902852,187.42706380110675,144.24826240079366
2025-09-05 14:37:00+02:00,198.4678108071874,202.0076426902852,187.42706380110675,154.6482158119658
2025-09-05 14:38:00+02:00,198.4678108071874,202.0076426902852,187.42706380110675,162.84161375661378
2025-09-05 14:39:00+02:00,198.4678108071874,202.0076426902852,187.42706380110675,165.4162554466231
2025-09-05 14:40:00+02:00,198.4678108071874,202.0076426902852,278.72148851667674,241.1966666666667
2025-09-05 14:41:00+02:00,467.265818025972,483.884587871218,484.19190513874526,535.1925
2025-09-05 14:42:00+02:00,467.265818025972,483.884587871218,484.19190513874526,503.3484722222222
2025-09-05 14:43:00+02:00,467.265818025972,483.884587871218,484.19190513874526,444.9088472222222
2025-09-05 14:44:00+02:00,467.265818025972,483.884587871218,484.19190513874526,550.74
2025-09-05 14:45:00+02:00,574.1796138325511,573.4193921422142,589.6442467705715,577.2330555555556
2025-09-05 14:46:00+02:00,574.1796138325511,573.4193921422142,589.6442467705715,584.2254464285714
2025-09-05 14:47:00+02:00,467.265818025972,483.884587871218,484.19190513874526,523.7530753968255
2025-09-05 14:48:00+02:00,574.1796138325511,573.4193921422142,589.6442467705715,556.4334974747475
2025-09-05 14:49:00+02:00,574.1796138325511,573.4193921422142,589.6442467705715,561.5784027777778
2025-09-05 14:50:00+02:00,467.265818025972,573.4193921422142,589.6442467705715,555.3313253968254
2025-09-05 14:51:00+02:00,467.265818025972,483.884587871218,589.6442467705715,555.4878333333332
2025-09-05 14:52:00+02:00,467.265818025972,483.884587871218,484.19190513874526,542.8910876068376
2025-09-05 14:53:00+02:00,467.265818025972,573.4193921422142,484.19190513874526,537.2641239316239
2025-09-05 14:54:00+02:00,467.265818025972,573.4193921422142,484.19190513874526,539.4095187138131
2025-09-05 14:55:00+02:00,467.265818025972,483.884587871218,484.19190513874526,540.4140277777778
2025-09-05 14:56:00+02:00,467.265818025972,483.884587871218,484.19190513874526,537.4006226851852
2025-09-05 14:57:00+02:00,467.265818025972,483.884587871218,484.19190513874526,524.6085416666666
2025-09-05 14:58:00+02:00,467.265818025972,483.884587871218,484.19190513874526,520.0396717171717
2025-09-05 14:59:00+02:00,467.265818025972,483.884587871218,484.19190513874526,520.9064748677248
2025-09-05 15:00:00+02:00,467.265818025972,483.884587871218,484.19190513874526,526.3329444444445
2025-09-05 15:01:00+02:00,467.265818025972,483.884587871218,484.19190513874526,523.7507361111111
2025-09-05 15:02:00+02:00,467.265818025972,483.884587871218,484.19190513874526,524.1163446969697
2025-09-05 15:03:00+02:00,467.265818025972,483.884587871218,484.19190513874526,519.7640740740741
2025-09-05 15:04:00+02:00,467.265818025972,483.884587871218,484.19190513874526,515.1450066137567
2025-09-05 15:05:00+02:00,198.4678108071874,202.0076426902852,278.72148851667674,210.58569444444444
2025-09-05 15:06:00+02:00,280.837333004333,285.9142456346197,278.72148851667674,300.2200138888889
2025-09-05 15:07:00+02:00,280.837333004333,285.9142456346197,278.72148851667674,318.5693055555556
2025-09-05 15:08:00+02:00,382.3126886205207,395.0865959287336,399.1734106869087,399.7814814814815
2025-09-05 15:09:00+02:00,382.3126886205207,395.0865959287336,399.1734106869087,443.6154861111111
2025-09-05 15:10:00+02:00,198.4678108071874,202.0076426902852,187.42706380110675,105.52222883597882
2025-09-05 15:11:00+02:00,108.92093652853497,98.05568734806512,187.42706380110675,101.076841991342
2025-09-05 15:12:00+02:00,108.92093652853497,98.05568734806512,121.51342286886204,115.47839781746032
2025-09-05 15:13:00+02:00,108.92093652853497,98.05568734806512,121.51342286886204,107.8014494301994
2025-09-05 15:14:00+02:00,108.92093652853497,98.05568734806512,121.51342286886204,102.10112654320989
2025-09-05 15:15:00+02:00,108.92093652853497,98.05568734806512,121.51342286886204,110.84891203703704
2025-09-05 15:16:00+02:00,108.92093652853497,98.05568734806512,187.42706380110675,118.66633333333334
2025-09-05 15:17:00+02:00,108.92093652853497,98.05568734806512,187.42706380110675,126.92333333333332
2025-09-05 15:18:00+02:00,198.4678108071874,202.0076426902852,187.42706380110675,147.5534722222222
2025-09-05 15:19:00+02:00,198.4678108071874,202.0076426902852,187.42706380110675,191.8830109126984
2025-09-05 15:20:00+02:00,198.4678108071874,202.0076426902852,187.42706380110675,206.84333333333333
2025-09-05 15:21:00+02:00,198.4678108071874,202.0076426902852,187.42706380110675,197.52164983164985
2025-09-05 15:22:00+02:00,198.4678108071874,202.0076426902852,187.42706380110675,200.6955555555556
2025-09-05 15:23:00+02:00,198.4678108071874,202.0076426902852,187.42706380110675,194.8922673611111
2025-09-05 15:24:00+02:00,198.4678108071874,202.0076426902852,187.42706380110675,184.419
2025-09-05 15:25:00+02:00,198.4678108071874,202.0076426902852,187.42706380110675,176.62801282051282
2025-09-05 15:26:00+02:00,280.837333004333,285.9142456346197,278.72148851667674,252.85444444444445
2025-09-05 15:27:00+02:00,198.4678108071874,202.0076426902852,187.42706380110675,142.35964616402117
2025-09-05 15:28:00+02:00,198.4678108071874,202.0076426902852,187.42706380110675,134.91547123015872
2025-09-05 15:29:00+02:00,198.4678108071874,98.05568734806512,187.42706380110675,132.9947023809524
2025-09-05 15:30:00+02:00,108.92093652853497,98.05568734806512,121.51342286886204,111.78518022486772
2025-09-05 15:31:00+02:00,108.92093652853497,98.05568734806512,121.51342286886204,97.60641203703705
2025-09-05 15:32:00+02:00,108.92093652853497,98.05568734806512,121.51342286886204,90.98807407407408
2025-09-05 15:33:00+02:00,108.92093652853497,98.05568734806512,121.51342286886204,80.9641736694678
2025-09-05 15:34:00+02:00,108.92093652853497,98.05568734806512,121.51342286886204,74.53655303030304
2025-09-05 15:35:00+02:00,25.653784775069383,98.05568734806512,28.0415188963436,65.42256335282651
2025-09-05 15:36:00+02:00,25.653784775069383,98.05568734806512,28.0415188963436,65.819
2025-09-05 15:37:00+02:00,25.653784775069383,98.05568734806512,28.0415188963436,61.97886363636365
2025-09-05 15:38:00+02:00,25.653784775069383,98.05568734806512,28.0415188963436,65.94542121212122
2025-09-05 15:39:00+02:00,25.653784775069383,98.05568734806512,28.0415188963436,67.7395
2025-09-05 15:40:00+02:00,25.653784775069383,98.05568734806512,28.0415188963436,65.32541666666667
2025-09-05 15:41:00+02:00,25.653784775069383,98.05568734806512,28.0415188963436,64.26172222222222
2025-09-05 15:42:00+02:00,25.653784775069383,98.05568734806512,28.0415188963436,61.048110119047614
2025-09-05 15:43:00+02:00,25.653784775069383,24.36748057168172,28.0415188963436,61.18230324074074
2025-09-05 15:44:00+02:00,25.653784775069383,24.36748057168172,28.0415188963436,61.962409188034194
2025-09-05 15:45:00+02:00,25.653784775069383,24.36748057168172,28.0415188963436,61.06726851851852
2025-09-05 15:46:00+02:00,25.653784775069383,24.36748057168172,28.0415188963436,58.27391559829059
2025-09-05 15:47:00+02:00,25.653784775069383,24.36748057168172,28.0415188963436,57.04224508713386
2025-09-05 15:48:00+02:00,25.653784775069383,24.36748057168172,28.0415188963436,58.69096203844049
2025-09-05 15:49:00+02:00,25.653784775069383,24.36748057168172,28.0415188963436,60.1205056980057
2025-09-05 15:50:00+02:00,25.653784775069383,24.36748057168172,28.0415188963436,58.08452777777779
2025-09-05 15:51:00+02:00,25.653784775069383,98.05568734806512,28.0415188963436,59.24652243589745
2025-09-05 15:52:00+02:00,25.653784775069383,98.05568734806512,28.0415188963436,66.1432142857143
2025-09-05 15:53:00+02:00,25.653784775069383,98.05568734806512,28.0415188963436,65.55034722222221
2025-09-05 15:54:00+02:00,25.653784775069383,98.05568734806512,28.0415188963436,68.872791005291
2025-09-05 15:55:00+02:00,25.653784775069383,98.05568734806512,28.0415188963436,70.20723684210527
2025-09-05 15:56:00+02:00,25.653784775069383,98.05568734806512,28.0415188963436,70.37424074074075
2025-09-05 15:57:00+02:00,25.653784775069383,98.05568734806512,28.0415188963436,71.72019764957265
2025-09-05 15:58:00+02:00,25.653784775069383,24.36748057168172,28.0415188963436,67.898025
2025-09-05 15:59:00+02:00,25.653784775069383,24.36748057168172,28.0415188963436,69.28960842293907
2025-09-05 16:00:00+02:00,25.653784775069383,24.36748057168172,28.0415188963436,68.92413625502336
2025-09-05 16:01:00+02:00,25.653784775069383,24.36748057168172,28.0415188963436,69.47121642246643
2025-09-05 16:02:00+02:00,25.653784775069383,24.36748057168172,28.0415188963436,59.844569841269845
2025-09-05 16:03:00+02:00,25.653784775069383,24.36748057168172,28.0415188963436,62.09821458333334
2025-09-05 16:04:00+02:00,25.653784775069383,24.36748057168172,28.0415188963436,58.88979166666667
2025-09-05 16:05:00+02:00,25.653784775069383,24.36748057168172,28.0415188963436,51.117148809523805
2025-09-05 16:06:00+02:00,25.653784775069383,24.36748057168172,28.0415188963436,49.32575613454646
2025-09-05 16:07:00+02:00,25.653784775069383,24.36748057168172,28.0415188963436,39.93318747078074
2025-09-05 16:08:00+02:00,25.653784775069383,24.36748057168172,28.0415188963436,38.29060714285715
2025-09-05 16:09:00+02:00,25.653784775069383,24.36748057168172,28.0415188963436,35.85875755360624
2025-09-05 16:10:00+02:00,25.653784775069383,24.36748057168172,28.0415188963436,34.72604166666667
2025-09-05 16:11:00+02:00,25.653784775069383,24.36748057168172,28.0415188963436,34.71126756066411
2025-09-05 16:12:00+02:00,25.653784775069383,24.36748057168172,28.0415188963436,32.88777777777778
2025-09-05 16:13:00+02:00,25.653784775069383,24.36748057168172,28.0415188963436,31.531013888888893
2025-09-05 16:14:00+02:00,25.653784775069383,24.36748057168172,28.0415188963436,28.63843434343434
2025-09-05 16:15:00+02:00,25.653784775069383,24.36748057168172,28.0415188963436,32.81604166666667
2025-09-05 16:16:00+02:00,25.653784775069383,24.36748057168172,28.0415188963436,29.87613425925926
2025-09-05 16:17:00+02:00,25.653784775069383,24.36748057168172,28.0415188963436,26.79371616809117
2025-09-05 16:18:00+02:00,25.653784775069383,24.36748057168172,28.0415188963436,27.714077991452992
2025-09-05 16:19:00+02:00,25.653784775069383,24.36748057168172,28.0415188963436,26.02091666666667
2025-09-05 16:20:00+02:00,25.653784775069383,24.36748057168172,28.0415188963436,28.537745039682545
2025-09-05 16:21:00+02:00,25.653784775069383,24.36748057168172,28.0415188963436,29.501580687830693
2025-09-05 16:22:00+02:00,25.653784775069383,24.36748057168172,28.0415188963436,30.29196296296297
2025-09-05 16:23:00+02:00,25.653784775069383,24.36748057168172,28.0415188963436,26.81256097560976
2025-09-05 16:24:00+02:00,25.653784775069383,24.36748057168172,28.0415188963436,29.34993055555556
2025-09-05 16:25:00+02:00,25.653784775069383,24.36748057168172,28.0415188963436,25.469220238095243
2025-09-05 16:26:00+02:00,25.653784775069383,24.36748057168172,28.0415188963436,20.59996031746032
2025-09-05 16:27:00+02:00,25.653784775069383,24.36748057168172,28.0415188963436,25.261388888888888
2025-09-05 16:28:00+02:00,25.653784775069383,24.36748057168172,28.0415188963436,23.46951625094482
2025-09-05 16:29:00+02:00,25.653784775069383,24.36748057168172,28.0415188963436,24.919468652325797
2025-09-05 16:30:00+02:00,25.653784775069383,24.36748057168172,28.0415188963436,26.90121164021164
2025-09-05 16:31:00+02:00,25.653784775069383,24.36748057168172,28.0415188963436,27.143323529411763
2025-09-05 16:32:00+02:00,25.653784775069383,24.36748057168172,28.0415188963436,28.82514619883041
2025-09-05 16:33:00+02:00,25.653784775069383,24.36748057168172,28.0415188963436,30.83796477983577
2025-09-05 16:34:00+02:00,25.653784775069383,24.36748057168172,28.0415188963436,30.82108716475096
2025-09-05 16:35:00+02:00,25.653784775069383,24.36748057168172,28.0415188963436,36.25577962962964
2025-09-05 16:36:00+02:00,25.653784775069383,24.36748057168172,28.0415188963436,34.39905251911831
2025-09-05 16:37:00+02:00,25.653784775069383,24.36748057168172,28.0415188963436,32.85874446290144
2025-09-05 16:38:00+02:00,25.653784775069383,24.36748057168172,28.0415188963436,41.91710830896687
2025-09-05 16:39:00+02:00,25.653784775069383,24.36748057168172,28.0415188963436,46.91919590643275
2025-09-05 16:40:00+02:00,25.653784775069383,24.36748057168172,28.0415188963436,48.760182980599645
2025-09-05 16:41:00+02:00,25.653784775069383,24.36748057168172,28.0415188963436,50.34791666666667
2025-09-05 16:42:00+02:00,25.653784775069383,24.36748057168172,28.0415188963436,56.27680555555556
2025-09-05 16:43:00+02:00,25.653784775069383,24.36748057168172,28.0415188963436,59.38270833333333
2025-09-05 16:44:00+02:00,25.653784775069383,24.36748057168172,28.0415188963436,59.1235625
2025-09-05 16:45:00+02:00,25.653784775069383,24.36748057168172,28.0415188963436,64.80671626984127
2025-09-05 16:46:00+02:00,25.653784775069383,24.36748057168172,28.0415188963436,66.27177248677249
2025-09-05 16:47:00+02:00,25.653784775069383,24.36748057168172,28.0415188963436,66.10001851851852
2025-09-05 16:48:00+02:00,25.653784775069383,24.36748057168172,28.0415188963436,64.48521969696971
2025-09-05 16:49:00+02:00,25.653784775069383,24.36748057168172,28.0415188963436,57.85400462962963
2025-09-05 16:50:00+02:00,25.653784775069383,24.36748057168172,28.0415188963436,58.05063492063493
2025-09-05 16:51:00+02:00,25.653784775069383,24.36748057168172,28.0415188963436,50.90875308641975
2025-09-05 16:52:00+02:00,25.653784775069383,24.36748057168172,28.0415188963436,41.49766666666667
2025-09-05 16:53:00+02:00,25.653784775069383,24.36748057168172,28.0415188963436,51.11306944444445
2025-09-05 16:54:00+02:00,25.653784775069383,24.36748057168172,28.0415188963436,48.30970726495727
2025-09-05 16:55:00+02:00,25.653784775069383,24.36748057168172,28.0415188963436,43.92920061728395
2025-09-05 16:56:00+02:00,25.653784775069383,24.36748057168172,28.0415188963436,41.23132300569801
2025-09-05 16:57:00+02:00,25.653784775069383,24.36748057168172,28.0415188963436,37.848092185592186
2025-09-05 16:58:00+02:00,25.653784775069383,24.36748057168172,28.0415188963436,34.763333333333335
2025-09-05 16:59:00+02:00,25.653784775069383,24.36748057168172,28.0415188963436,34.412912698412704
2025-09-05 17:00:00+02:00,25.653784775069383,24.36748057168172,28.0415188963436,29.77219841269841
2025-09-05 17:01:00+02:00,25.653784775069383,24.36748057168172,28.0415188963436,29.941929683306498
2025-09-05 17:02:00+02:00,25.653784775069383,24.36748057168172,28.0415188963436,22.64632575757576
2025-09-05 17:03:00+02:00,25.653784775069383,24.36748057168172,28.0415188963436,29.72295008354219
2025-09-05 17:04:00+02:00,25.653784775069383,24.36748057168172,28.0415188963436,31.526726190476197
2025-09-05 17:05:00+02:00,25.653784775069383,24.36748057168172,28.0415188963436,27.31957437275986
2025-09-05 17:06:00+02:00,25.653784775069383,24.36748057168172,28.0415188963436,30.537188172043013
2025-09-05 17:07:00+02:00,25.653784775069383,24.36748057168172,28.0415188963436,27.688386409865245
2025-09-05 17:08:00+02:00,25.653784775069383,24.36748057168172,28.0415188963436,29.02014473684211
2025-09-05 17:09:00+02:00,25.653784775069383,24.36748057168172,28.0415188963436,27.923674603174604
2025-09-05 17:10:00+02:00,25.653784775069383,24.36748057168172,28.0415188963436,30.252597222222224
2025-09-05 17:11:00+02:00,25.653784775069383,24.36748057168172,28.0415188963436,25.66600747863248
2025-09-05 17:12:00+02:00,25.653784775069383,24.36748057168172,28.0415188963436,30.138497549019608
2025-09-05 17:13:00+02:00,25.653784775069383,24.36748057168172,28.0415188963436,28.966411111111118
2025-09-05 17:14:00+02:00,25.653784775069383,24.36748057168172,28.0415188963436,23.12417755779849
2025-09-05 17:15:00+02:00,25.653784775069383,24.36748057168172,28.0415188963436,28.31025724637681
2025-09-05 17:16:00+02:00,25.653784775069383,24.36748057168172,28.0415188963436,28.53911421911422
2025-09-05 17:17:00+02:00,25.653784775069383,24.36748057168172,28.0415188963436,32.72250248015873
2025-09-05 17:18:00+02:00,25.653784775069383,24.36748057168172,28.0415188963436,31.585320767195768
2025-09-05 17:19:00+02:00,25.653784775069383,24.36748057168172,28.0415188963436,31.27061818000797
2025-09-05 17:20:00+02:00,25.653784775069383,24.36748057168172,28.0415188963436,30.018737373737377
2025-09-05 17:21:00+02:00,25.653784775069383,24.36748057168172,28.0415188963436,33.566625
2025-09-05 17:22:00+02:00,25.653784775069383,24.36748057168172,28.0415188963436,32.14842592592593
2025-09-05 17:23:00+02:00,25.653784775069383,24.36748057168172,28.0415188963436,32.93065107212476
2025-09-05 17:24:00+02:00,25.653784775069383,24.36748057168172,28.0415188963436,29.57193703703704
2025-09-05 17:25:00+02:00,25.653784775069383,24.36748057168172,28.0415188963436,32.48884920634921
2025-09-05 17:26:00+02:00,25.653784775069383,24.36748057168172,28.0415188963436,34.25888888888889
2025-09-05 17:27:00+02:00,25.653784775069383,24.36748057168172,28.0415188963436,30.110776353276357
2025-09-05 17:28:00+02:00,25.653784775069383,24.36748057168172,28.0415188963436,33.24126543209877
2025-09-05 17:29:00+02:00,25.653784775069383,24.36748057168172,28.0415188963436,31.84255984848485
2025-09-05 17:30:00+02:00,25.653784775069383,24.36748057168172,28.0415188963436,31.2850873015873
2025-09-05 17:31:00+02:00,25.653784775069383,24.36748057168172,28.0415188963436,31.53723099415205
2025-09-05 17:32:00+02:00,25.653784775069383,24.36748057168172,28.0415188963436,33.734375
2025-09-05 17:33:00+02:00,25.653784775069383,24.36748057168172,28.0415188963436,36.4741335978836
2025-09-05 17:34:00+02:00,25.653784775069383,24.36748057168172,28.0415188963436,35.36116762866763
2025-09-05 17:35:00+02:00,25.653784775069383,24.36748057168172,28.0415188963436,38.52938988095238
2025-09-05 17:36:00+02:00,25.653784775069383,24.36748057168172,28.0415188963436,43.44119444444445
2025-09-05 17:37:00+02:00,25.653784775069383,24.36748057168172,28.0415188963436,42.09733592796093
2025-09-05 17:38:00+02:00,25.653784775069383,24.36748057168172,28.0415188963436,49.04013888888889
2025-09-05 17:39:00+02:00,25.653784775069383,24.36748057168172,28.0415188963436,49.051620370370365
2025-09-05 17:40:00+02:00,25.653784775069383,24.36748057168172,28.0415188963436,52.12694444444444
2025-09-05 17:41:00+02:00,25.653784775069383,24.36748057168172,28.0415188963436,54.921309523809526
2025-09-05 17:42:00+02:00,25.653784775069383,24.36748057168172,28.0415188963436,53.67164384920636
2025-09-05 17:43:00+02:00,25.653784775069383,24.36748057168172,28.0415188963436,55.521578947368425
2025-09-05 17:44:00+02:00,25.653784775069383,24.36748057168172,28.0415188963436,57.461230854915065
2025-09-05 17:45:00+02:00,25.653784775069383,24.36748057168172,28.0415188963436,55.49433531746032
2025-09-05 17:46:00+02:00,25.653784775069383,24.36748057168172,28.0415188963436,53.58810810810812
2025-09-05 17:47:00+02:00,25.653784775069383,24.36748057168172,28.0415188963436,51.42612903225807
2025-09-05 17:48:00+02:00,25.653784775069383,24.36748057168172,28.0415188963436,48.55960934095861
2025-09-05 17:49:00+02:00,25.653784775069383,24.36748057168172,28.0415188963436,44.81756260521886
2025-09-05 17:50:00+02:00,25.653784775069383,24.36748057168172,28.0415188963436,47.99101262626263
2025-09-05 17:51:00+02:00,25.653784775069383,24.36748057168172,28.0415188963436,38.08696801346802
2025-09-05 17:52:00+02:00,25.653784775069383,24.36748057168172,28.0415188963436,36.73771441372248
2025-09-05 17:53:00+02:00,25.653784775069383,24.36748057168172,28.0415188963436,38.07933333333333
2025-09-05 17:54:00+02:00,25.653784775069383,24.36748057168172,28.0415188963436,39.90887962962963
2025-09-05 17:55:00+02:00,25.653784775069383,24.36748057168172,28.0415188963436,38.58702047952048
2025-09-05 17:56:00+02:00,25.653784775069383,24.36748057168172,28.0415188963436,35.60505747126437
2025-09-05 17:57:00+02:00,25.653784775069383,24.36748057168172,28.0415188963436,34.442851851851856
2025-09-05 17:58:00+02:00,25.653784775069383,24.36748057168172,28.0415188963436,25.195039682539683
2025-09-05 17:59:00+02:00,25.653784775069383,24.36748057168172,28.0415188963436,31.56822115384616
2025-09-05 18:00:00+02:00,25.653784775069383,24.36748057168172,28.0415188963436,24.74061088527552
2025-09-05 18:01:00+02:00,25.653784775069383,24.36748057168172,28.0415188963436,28.864344566832767
2025-09-05 18:02:00+02:00,25.653784775069383,24.36748057168172,28.0415188963436,23.187453703703707
2025-09-05 18:03:00+02:00,25.653784775069383,24.36748057168172,28.0415188963436,25.14559259259259
2025-09-05 18:04:00+02:00,25.653784775069383,24.36748057168172,28.0415188963436,19.840085227272727
2025-09-05 18:05:00+02:00,25.653784775069383,24.36748057168172,28.0415188963436,23.227542087542087
2025-09-05 18:06:00+02:00,25.653784775069383,24.36748057168172,28.0415188963436,23.998
2025-09-05 18:07:00+02:00,25.653784775069383,24.36748057168172,28.0415188963436,19.731543209876545
2025-09-05 18:08:00+02:00,25.653784775069383,24.36748057168172,28.0415188963436,20.402708333333333
2025-09-05 18:09:00+02:00,25.653784775069383,24.36748057168172,28.0415188963436,15.98925
2025-09-05 18:10:00+02:00,25.653784775069383,24.36748057168172,28.0415188963436,18.131834625323
2025-09-05 18:11:00+02:00,25.653784775069383,24.36748057168172,28.0415188963436,17.796383838383836
2025-09-05 18:12:00+02:00,25.653784775069383,24.36748057168172,28.0415188963436,18.155066666666663
2025-09-05 18:13:00+02:00,25.653784775069383,24.36748057168172,28.0415188963436,15.3054945799458
2025-09-05 18:14:00+02:00,25.653784775069383,24.36748057168172,28.0415188963436,18.792638888888888
2025-09-05 18:15:00+02:00,25.653784775069383,24.36748057168172,28.0415188963436,24.23254298941799
2025-09-05 18:16:00+02:00,25.653784775069383,24.36748057168172,28.0415188963436,24.72642857142857
2025-09-05 18:17:00+02:00,25.653784775069383,24.36748057168172,28.0415188963436,23.59767195767196
2025-09-05 18:18:00+02:00,25.653784775069383,24.36748057168172,28.0415188963436,24.66011111111111
2025-09-05 18:19:00+02:00,25.653784775069383,24.36748057168172,28.0415188963436,26.6372208994709
2025-09-05 18:20:00+02:00,25.653784775069383,24.36748057168172,28.0415188963436,24.49762688700189
2025-09-05 18:21:00+02:00,25.653784775069383,24.36748057168172,28.0415188963436,27.39225205350205
2025-09-05 18:22:00+02:00,25.653784775069383,24.36748057168172,28.0415188963436,30.785732323232324
2025-09-05 18:23:00+02:00,25.653784775069383,24.36748057168172,28.0415188963436,33.76996428571429
2025-09-05 18:24:00+02:00,25.653784775069383,24.36748057168172,28.0415188963436,35.38154377723311
2025-09-05 18:25:00+02:00,25.653784775069383,24.36748057168172,26.85277371211879,40.793970238095234
2025-09-05 18:26:00+02:00,25.30225904535794,24.36748057168172,25.30225904535794,39.8140873015873
2025-09-05 18:27:00+02:00,23.79848222870053,23.79848222870053,23.79848222870053,43.61974722222222
2025-09-05 18:28:00+02:00,22.34191816450928,22.34191816450928,22.34191816450928,43.82696047307813
2025-09-05 18:29:00+02:00,20.933005590427477,20.933005590427477,20.933005590427477,44.57478805916306
2025-09-05 18:30:00+02:00,19.572143428000643,19.572143428000643,19.572143428000643,39.59708333333334
2025-09-05 18:31:00+02:00,18.259686944330348,18.259686944330348,18.259686944330348,46.06268187830688
2025-09-05 18:32:00+02:00,16.995943770732573,16.995943770732573,16.995943770732573,47.06758207070707
2025-09-05 18:33:00+02:00,15.78116973750821,15.78116973750821,15.78116973750821,47.36580808080808
2025-09-05 18:34:00+02:00,14.615564574420516,14.615564574420516,14.615564574420516,43.57349206349207
2025-09-05 18:35:00+02:00,13.499267479238972,13.499267479238972,13.499267479238972,42.85217592592593
2025-09-05 18:36:00+02:00,12.422103078835883,12.422103078835883,12.422103078835883,48.86760090968161
2025-09-05 18:37:00+02:00,11.386286811707746,11.386286811707746,11.386286811707746,50.44407243867244
2025-09-05 18:38:00+02:00,10.40611639326366,10.40611639326366,10.40611639326366,45.84451388888889
2025-09-05 18:39:00+02:00,9.480769962315636,9.480769962315636,9.480769962315636,51.0702803030303
2025-09-05 18:40:00+02:00,8.60933801904715,8.60933801904715,8.60933801904715,47.6115874534822
2025-09-05 18:41:00+02:00,7.790823057897621,7.790823057897621,7.790823057897621,44.84086476608187
2025-09-05 18:42:00+02:00,7.024139725840994,7.024139725840994,7.024139725840994,50.567546992481205
2025-09-05 18:43:00+02:00,6.308115468829616,6.308115468829616,6.308115468829616,49.34490553306343
2025-09-05 18:44:00+02:00,5.6414917277665575,5.6414917277665575,5.6414917277665575,52.08122364672365
2025-09-05 18:45:00+02:00,5.022925647102043,5.022925647102043,5.022925647102043,52.11907407407407
2025-09-05 18:46:00+02:00,4.519379672481994,4.519379672481994,4.519379672481994,51.866129611129615
2025-09-05 18:47:00+02:00,4.062821902356608,4.062821902356608,4.062821902356608,50.6364183964184
2025-09-05 18:48:00+02:00,3.630548018706037,3.630548018706037,3.630548018706037,50.731590909090905
2025-09-05 18:49:00+02:00,3.2233825427195004,3.2233825427195004,3.2233825427195004,47.61510714285714
2025-09-05 18:50:00+02:00,2.842024159880165,2.842024159880165,2.842024159880165,47.63084590878606
2025-09-05 18:51:00+02:00,2.4870235564871845,2.4870235564871845,2.4870235564871845,52.75068309859156
2025-09-05 18:52:00+02:00,2.3390992867299385,2.3390992867299385,2.3390992867299385,45.72623448773448
2025-09-05 18:53:00+02:00,2.0136053641767973,2.0136053641767973,2.0136053641767973,45.91636994949496
2025-09-05 18:54:00+02:00,1.716907455239265,1.716907455239265,1.716907455239265,37.89059722222222
2025-09-05 18:55:00+02:00,1.4488081020390389,1.4488081020390389,1.4488081020390389,36.81166666666667
2025-09-05 18:56:00+02:00,1.208057527201327,1.208057527201327,1.208057527201327,34.50366811983009
2025-09-05 18:57:00+02:00,0.9938190498349996,0.9938190498349996,0.9938190498349996,35.74443661971831
2025-09-05 18:58:00+02:00,0.8067436242081765,0.8067436242081765,0.8067436242081765,37.76726851851852
2025-09-05 18:59:00+02:00,0.6453804377934466,0.6453804377934466,0.6453804377934466,31.131966666666667
2025-09-05 19:00:00+02:00,0.5080559844843773,0.5080559844843773,0.5080559844843773,34.758473297491044
2025-09-05 19:01:00+02:00,0.3929022712789041,0.3929022712789041,0.3929022712789041,34.22857103070813
2025-09-05 19:02:00+02:00,0.2978951069049902,0.2978951069049902,0.2978951069049902,33.51294918699187
2025-09-05 19:03:00+02:00,0.220899934332258,0.220899934332258,0.220899934332258,29.2532895256917
2025-09-05 19:04:00+02:00,0.1597242477367613,0.1597242477367613,0.1597242477367613,31.10560118425636
2025-09-05 19:05:00+02:00,0.1121740454515164,0.1121740454515164,0.1121740454515164,33.03000631313132
2025-09-05 19:06:00+02:00,0.0761111975666888,0.0761111975666888,0.0761111975666888,30.90032738095238
2025-09-05 19:07:00+02:00,0.0495081342438928,0.0495081342438928,0.0495081342438928,20.429871502694645
2025-09-05 19:08:00+02:00,0.0304961238333661,0.0304961238333661,0.0304961238333661,18.017831400165697
2025-09-05 19:09:00+02:00,0.000246977298901,0.000246977298901,0.000246977298901,16.64272968580715
2025-09-05 19:10:00+02:00,0.0001243901696331,0.0001243901696331,0.0001243901696331,15.216102564102563
2025-09-05 19:11:00+02:00,4.8358127165864393e-05,4.8358127165864393e-05,4.8358127165864393e-05,13.803846153846155
2025-09-05 19:12:00+02:00,4.7428755944299405e-06,4.7428755944299405e-06,4.7428755944299405e-06,12.376328125
2025-09-05 19:13:00+02:00,0.0,0.0,0.0,10.858649945175438
2025-09-05 19:14:00+02:00,0.0,0.0,0.0,9.474805194805196
2025-09-05 19:15:00+02:00,0.0,0.0,0.0,8.462225770586425
2025-09-05 19:16:00+02:00,0.0,0.0,0.0,7.916584699453548
2025-09-05 19:17:00+02:00,0.0,0.0,0.0,7.401830601092896
2025-09-05 19:18:00+02:00,0.0,0.0,0.0,6.92820175270995
2025-09-05 19:19:00+02:00,0.0,0.0,0.0,6.600734265734268
2025-09-05 19:20:00+02:00,0.0,0.0,0.0,6.286048951048952
2025-09-05 19:21:00+02:00,0.0,0.0,0.0,5.971363636363637
2025-09-05 19:22:00+02:00,0.0,0.0,0.0,5.656678321678322
2025-09-05 19:23:00+02:00,0.0,0.0,0.0,5.15467106967107
2025-09-05 19:24:00+02:00,0.0,0.0,0.0,4.35294871794872
2025-09-05 19:25:00+02:00,0.0,0.0,0.0,3.5225422776340207
2025-09-05 19:26:00+02:00,0.0,0.0,0.0,2.6600823335685715
2025-09-05 19:27:00+02:00,0.0,0.0,0.0,1.9690384615384624
2025-09-05 19:28:00+02:00,0.0,0.0,0.0,1.3921153846153846
2025-09-05 19:29:00+02:00,0.0,0.0,0.0,0.8808050204512469
2025-09-05 19:30:00+02:00,0.0,0.0,0.0,0.7504716981132078
2025-09-05 19:31:00+02:00,0.0,0.0,0.0,0.6815180102915956
2025-09-05 19:32:00+02:00,0.0,0.0,0.0,0.6125643224699834
2025-09-05 19:33:00+02:00,0.0,0.0,0.0,0.5436106346483712
2025-09-05 19:34:00+02:00,0.0,0.0,0.0,0.4746569468267589
2025-09-05 19:35:00+02:00,0.0,0.0,0.0,0.4057032590051463
2025-09-05 19:36:00+02:00,0.0,0.0,0.0,0.3367495711835338
2025-09-05 19:37:00+02:00,0.0,0.0,0.0,0.2677958833619213
2025-09-05 19:38:00+02:00,0.0,0.0,0.0,0.1988421955403088
2025-09-05 19:39:00+02:00,0.0,0.0,0.0,0.1466123499142367
2025-09-05 19:40:00+02:00,0.0,0.0,0.0,0.1300600343053174
2025-09-05 19:41:00+02:00,0.0,0.0,0.0,0.114622641509434
2025-09-05 19:42:00+02:00,0.0,0.0,0.0,0.0991852487135507
2025-09-05 19:43:00+02:00,0.0,0.0,0.0,0.0837478559176673
2025-09-05 19:44:00+02:00,0.0,0.0,0.0,0.0683104631217839
2025-09-05 19:45:00+02:00,0.0,0.0,0.0,0.0528730703259005
2025-09-05 19:46:00+02:00,0.0,0.0,0.0,0.0374356775300171
2025-09-05 19:47:00+02:00,0.0,0.0,0.0,0.0219982847341337
2025-09-05 19:48:00+02:00,0.0,0.0,0.0,0.0066739339514577
2025-09-05 19:49:00+02:00,0.0,0.0,0.0,0.0047508591065291
2025-09-05 19:50:00+02:00,0.0,0.0,0.0,0.0119673539518899
2025-09-05 19:51:00+02:00,0.0,0.0,0.0,0.0191838487972508
2025-09-05 19:52:00+02:00,0.0,0.0,0.0,0.0264003436426116
2025-09-05 19:53:00+02:00,0.0,0.0,0.0,0.0336168384879724
2025-09-05 19:54:00+02:00,0.0,0.0,0.0,0.0408333333333332
2025-09-05 19:55:00+02:00,0.0,0.0,0.0,0.048049828178694
2025-09-05 19:56:00+02:00,0.0,0.0,0.0,0.0552663230240549
2025-09-05 19:57:00+02:00,0.0,0.0,0.0,0.0624828178694157
2025-09-05 19:58:00+02:00,0.0,0.0,0.0,0.0698052274348228
2025-09-05 19:59:00+02:00,0.0,0.0,0.0,0.0778902229845626
2025-09-05 20:00:00+02:00,0.0,0.0,0.0,0.0861234991423671
2025-09-06 05:00:00+02:00,0.0,0.0,0.0,0.132314974182444
2025-09-06 05:01:00+02:00,0.0,0.0,0.0,0.1465070869117243
2025-09-06 05:02:00+02:00,0.0,0.0,0.0,0.1436192109777016
2025-09-06 05:03:00+02:00,0.0,0.0,0.0,0.1353859348198973
2025-09-06 05:04:00+02:00,0.0,0.0,0.0,0.1271526586620929
2025-09-06 05:05:00+02:00,0.0,0.0,0.0,0.1189193825042884
2025-09-06 05:06:00+02:00,0.0,0.0,0.0,0.1106861063464839
2025-09-06 05:07:00+02:00,0.0,0.0,0.0,0.1024528301886794
2025-09-06 05:08:00+02:00,0.0,0.0,0.0,0.0942195540308749
2025-09-06 05:09:00+02:00,0.0,0.0,0.0,0.0859862778730703
2025-09-06 05:10:00+02:00,0.0,0.0,0.0,0.0777530017152658
2025-09-06 05:11:00+02:00,0.0,0.0,0.0,0.070800457404231
2025-09-06 05:12:00+02:00,0.0,0.0,0.0,0.07
2025-09-06 05:13:00+02:00,0.0,0.0,0.0,0.07
2025-09-06 05:14:00+02:00,0.0,0.0,0.0,0.07
2025-09-06 05:15:00+02:00,0.0,0.0,0.0,0.07
2025-09-06 05:16:00+02:00,0.0,0.0,0.0,0.07
2025-09-06 05:17:00+02:00,0.0,0.0,0.0,0.07
2025-09-06 05:18:00+02:00,0.0,0.0,0.0,0.07
2025-09-06 05:19:00+02:00,0.0,0.0,0.0,0.07
2025-09-06 05:20:00+02:00,0.0,0.0,0.0,0.07
2025-09-06 05:21:00+02:00,0.0,0.0,0.0,0.07
2025-09-06 05:22:00+02:00,0.0,0.0,0.0,0.07
2025-09-06 05:23:00+02:00,0.0,0.0,0.0,0.07
2025-09-06 05:24:00+02:00,0.0,0.0,0.0,0.07
2025-09-06 05:25:00+02:00,0.0,0.0,0.0,0.07
2025-09-06 05:26:00+02:00,0.0,0.0,0.0,0.07
2025-09-06 05:27:00+02:00,0.0,0.0,0.0,0.07
2025-09-06 05:28:00+02:00,0.0,0.0,0.0,0.07
2025-09-06 05:29:00+02:00,0.0,0.0,0.0,0.07
2025-09-06 05:30:00+02:00,0.0,0.0,0.0,0.0703872633390705
2025-09-06 05:31:00+02:00,0.0,0.0,0.0,0.0812306368330463
2025-09-06 05:32:00+02:00,0.0,0.0,0.0,0.096721170395869
2025-09-06 05:33:00+02:00,0.0,0.0,0.0,0.1122117039586918
2025-09-06 05:34:00+02:00,0.0,0.0,0.0,0.1277022375215145
2025-09-06 05:35:00+02:00,0.0,0.0,0.0,0.1431927710843373
2025-09-06 05:36:00+02:00,0.0,0.0,0.0,0.1586833046471602
2025-09-06 05:37:00+02:00,0.0,0.0,0.0,0.174173838209983
2025-09-06 05:38:00+02:00,0.0,0.0,0.0,0.1896643717728056
2025-09-06 05:39:00+02:00,0.0,0.0,0.0,0.2051549053356283
2025-09-06 05:40:00+02:00,0.0,0.0,0.0,0.2218502581755594
2025-09-06 05:41:00+02:00,0.0,0.0,0.0,0.2447418244406195
2025-09-06 05:42:00+02:00,0.0,0.0,0.0,0.2684939759036144
2025-09-06 05:43:00+02:00,0.0,0.0,0.0,0.2922461273666092
2025-09-06 05:44:00+02:00,0.0,0.0,0.0,0.3159982788296041
2025-09-06 05:45:00+02:00,0.0,0.0,0.0,0.3397504302925989
2025-09-06 05:46:00+02:00,0.0,0.0,0.0,0.3635025817555936
2025-09-06 05:47:00+02:00,0.0,0.0,0.0,0.3872547332185885
2025-09-06 05:48:00+02:00,0.0,0.0,0.0,0.4110068846815833
2025-09-06 05:49:00+02:00,0.0,0.0,0.0,0.4347590361445781
2025-09-06 05:50:00+02:00,0.0,0.0,0.0,0.486511500547645
2025-09-06 05:51:00+02:00,0.0,0.0,0.0,0.5856003430531728
2025-09-06 05:52:00+02:00,0.0,0.0,0.0,0.6854288164665516
2025-09-06 05:53:00+02:00,0.0,0.0,0.0,0.7852572898799304
2025-09-06 05:54:00+02:00,0.0,0.0,0.0,0.8850857632933091
2025-09-06 05:55:00+02:00,0.0,0.0,0.0,0.984914236706688
2025-09-06 05:56:00+02:00,0.0,0.0,0.0,1.0847427101200675
2025-09-06 05:57:00+02:00,0.0,0.0,0.0,1.1845711835334485
2025-09-06 05:58:00+02:00,1.3401481991945245e-05,1.3401481991945245e-05,1.3401481991945245e-05,1.2843996569468272
2025-09-06 05:59:00+02:00,6.408314081879414e-05,6.408314081879414e-05,6.408314081879414e-05,1.385147247119078
2025-09-06 06:00:00+02:00,0.0001503680918739,0.0001503680918739,0.0001503680918739,1.544718309859155
2025-09-06 06:01:00+02:00,0.0002871997946393,0.0002871997946393,0.0002871997946393,1.7846268656716415
2025-09-06 06:02:00+02:00,0.0346415990598801,0.0346415990598801,0.0346415990598801,2.078358208955224
2025-09-06 06:03:00+02:00,0.0553556008136689,0.0553556008136689,0.0553556008136689,2.372089552238806
2025-09-06 06:04:00+02:00,0.0840838471979448,0.0840838471979448,0.0840838471979448,2.6658208955223883
2025-09-06 06:05:00+02:00,0.1227290413412408,0.1227290413412408,0.1227290413412408,2.9595522388059705
2025-09-06 06:06:00+02:00,0.173340466025001,0.173340466025001,0.173340466025001,3.247982190496792
2025-09-06 06:07:00+02:00,0.2380641798451649,0.2380641798451649,0.2380641798451649,3.4802173913043464
2025-09-06 06:08:00+02:00,0.3190877727993451,0.3190877727993451,0.3190877727993451,3.6976086956521703
2025-09-06 06:09:00+02:00,0.4185833731686907,0.4185833731686907,0.4185833731686907,3.914999999999996
2025-09-06 06:10:00+02:00,0.5386523731523579,0.5386523731523579,0.5386523731523579,4.132391304347821
2025-09-06 06:11:00+02:00,0.681274804790754,0.681274804790754,0.681274804790754,4.349782608695646
2025-09-06 06:12:00+02:00,0.848265588509363,0.848265588509363,0.848265588509363,4.567173913043475
2025-09-06 06:13:00+02:00,1.0412390899360058,1.0412390899360058,1.0412390899360058,4.831048186098034
2025-09-06 06:14:00+02:00,1.2615828306675456,1.2615828306675456,1.2615828306675456,5.404808917197456
2025-09-06 06:15:00+02:00,1.507823681511913,1.507823681511913,1.507823681511913,6.035382165605097
2025-09-06 06:16:00+02:00,1.781952925612407,1.781952925612407,1.781952925612407,6.656057565810898
2025-09-06 06:17:00+02:00,2.0846451006246784,2.0846451006246784,2.0846451006246784,7.260000000000002
2025-09-06 06:18:00+02:00,2.4160385563057085,2.4160385563057085,2.4160385563057085,7.861175607899334
2025-09-06 06:19:00+02:00,2.56369980468705,2.56369980468705,2.56369980468705,8.302007299270072
2025-09-06 06:20:00+02:00,2.9239363870274286,2.9239363870274286,2.9239363870274286,8.64799270072992
2025-09-06 06:21:00+02:00,3.3103249146257774,3.3103249146257774,3.3103249146257774,8.99397810218977
2025-09-06 06:22:00+02:00,3.7222824795363407,3.7222824795363407,3.7222824795363407,9.33996350364963
2025-09-06 06:23:00+02:00,4.159084030306778,4.159084030306778,4.159084030306778,9.72567808560053
2025-09-06 06:24:00+02:00,4.626627814591555,4.626627814591555,4.626627814591555,10.29034090909091
2025-09-06 06:25:00+02:00,5.214864700134276,5.214864700134276,5.214864700134276,10.876704545454544
2025-09-06 06:26:00+02:00,5.850433371491399,5.850433371491399,5.850433371491399,11.380881113111313
2025-09-06 06:27:00+02:00,6.534733050411738,6.534733050411738,6.534733050411738,11.592960396039604
2025-09-06 06:28:00+02:00,7.2690779866447395,7.2690779866447395,7.2690779866447395,11.779495049504948
2025-09-06 06:29:00+02:00,8.054695953989476,8.054695953989476,8.054695953989476,11.966029702970287
2025-09-06 06:30:00+02:00,8.892726887114408,8.892726887114408,8.892726887114408,12.152564356435636
2025-09-06 06:31:00+02:00,9.784222023720975,9.784222023720975,9.784222023720975,12.33909900990098
2025-09-06 06:32:00+02:00,10.730143580639403,10.730143580639403,10.730143580639403,12.525633663366325
2025-09-06 06:33:00+02:00,11.731364928604416,11.731364928604416,11.731364928604416,12.712168316831672
2025-09-06 06:34:00+02:00,12.78867125098305,12.78867125098305,12.78867125098305,12.915067641343567
2025-09-06 06:35:00+02:00,13.881147522403916,13.881147522403916,13.881147522403916,13.559813084112143
2025-09-06 06:36:00+02:00,15.016462572694817,15.016462572694817,15.016462572694817,14.38062420288946
2025-09-06 06:37:00+02:00,16.201181864016505,16.201181864016505,16.201181864016505,15.045335570469796
2025-09-06 06:38:00+02:00,17.435139066414262,17.435139066414262,17.435139066414262,15.677550335570466
2025-09-06 06:39:00+02:00,18.718107819416485,18.718107819416485,18.718107819416485,16.84363040729112
2025-09-06 06:40:00+02:00,20.04980694842628,20.04980694842628,20.04980694842628,17.71638321995464
2025-09-06 06:41:00+02:00,21.42990476696705,21.42990476696705,21.42990476696705,17.929988662131496
2025-09-06 06:42:00+02:00,22.85802324457384,22.85802324457384,22.85802324457384,18.14359410430836
2025-09-06 06:43:00+02:00,24.333741993458204,24.333741993458204,24.333741993458204,18.35719954648524
2025-09-06 06:44:00+02:00,25.653784775069383,24.36748057168172,25.85660207822333,18.57080498866211
2025-09-06 06:45:00+02:00,25.653784775069383,24.36748057168172,27.426109657402325,18.78441043083899
2025-09-06 06:46:00+02:00,25.653784775069383,24.36748057168172,28.0415188963436,18.99801587301587
2025-09-06 06:47:00+02:00,25.653784775069383,24.36748057168172,28.0415188963436,19.533649049363337
2025-09-06 06:48:00+02:00,25.653784775069383,24.36748057168172,28.0415188963436,20.89813701923077
2025-09-06 06:49:00+02:00,25.653784775069383,24.36748057168172,28.0415188963436,22.1644089673913
2025-09-06 06:50:00+02:00,25.653784775069383,24.36748057168172,28.0415188963436,22.58597826086956
2025-09-06 06:51:00+02:00,25.653784775069383,24.36748057168172,28.0415188963436,22.912065217391294
2025-09-06 06:52:00+02:00,25.653784775069383,24.36748057168172,28.0415188963436,23.23815217391304
2025-09-06 06:53:00+02:00,25.653784775069383,24.36748057168172,28.0415188963436,23.564239130434785
2025-09-06 06:54:00+02:00,25.653784775069383,24.36748057168172,28.0415188963436,24.952497522891893
2025-09-06 06:55:00+02:00,25.653784775069383,24.36748057168172,28.0415188963436,25.23902214022139
2025-09-06 06:56:00+02:00,25.653784775069383,24.36748057168172,28.0415188963436,24.89142066420662
2025-09-06 06:57:00+02:00,25.653784775069383,24.36748057168172,28.0415188963436,24.543819188191872
2025-09-06 06:58:00+02:00,25.653784775069383,24.36748057168172,28.0415188963436,24.19621771217712
2025-09-06 06:59:00+02:00,25.653784775069383,24.36748057168172,28.0415188963436,24.120932173607443
2025-09-06 07:00:00+02:00,25.653784775069383,24.36748057168172,28.0415188963436,24.539285714285697
2025-09-06 07:01:00+02:00,25.653784775069383,24.36748057168172,28.0415188963436,24.96785714285713
2025-09-06 07:02:00+02:00,25.653784775069383,24.36748057168172,28.0415188963436,25.35251572327044
2025-09-06 07:03:00+02:00,25.653784775069383,24.36748057168172,28.0415188963436,25.18113207547171
2025-09-06 07:04:00+02:00,25.653784775069383,24.36748057168172,28.0415188963436,24.841509433962283
2025-09-06 07:05:00+02:00,25.653784775069383,24.36748057168172,28.0415188963436,24.501886792452847
2025-09-06 07:06:00+02:00,25.653784775069383,24.36748057168172,28.0415188963436,24.1622641509434
2025-09-06 07:07:00+02:00,25.653784775069383,24.36748057168172,28.0415188963436,23.07028278499777
2025-09-06 07:08:00+02:00,25.653784775069383,24.36748057168172,28.0415188963436,21.799802631578952
2025-09-06 07:09:00+02:00,25.653784775069383,24.36748057168172,28.0415188963436,21.20769736842106
2025-09-06 07:10:00+02:00,25.653784775069383,24.36748057168172,28.0415188963436,20.660138535182043
2025-09-06 07:11:00+02:00,25.653784775069383,24.36748057168172,28.0415188963436,20.313225806451605
2025-09-06 07:12:00+02:00,25.653784775069383,24.36748057168172,28.0415188963436,19.990645161290317
2025-09-06 07:13:00+02:00,25.653784775069383,24.36748057168172,28.0415188963436,19.668064516129014
2025-09-06 07:14:00+02:00,25.653784775069383,24.36748057168172,28.0415188963436,19.345483870967733
2025-09-06 07:15:00+02:00,25.653784775069383,24.36748057168172,28.0415188963436,18.70256272401433
2025-09-06 07:16:00+02:00,25.653784775069383,24.36748057168172,28.0415188963436,17.71236466165413
2025-09-06 07:17:00+02:00,25.653784775069383,24.36748057168172,28.0415188963436,17.151815789473673
2025-09-06 07:18:00+02:00,25.653784775069383,24.36748057168172,28.0415188963436,16.656026315789468
2025-09-06 07:19:00+02:00,25.653784775069383,24.36748057168172,28.0415188963436,16.145258533931727
2025-09-06 07:20:00+02:00,25.653784775069383,24.36748057168172,28.0415188963436,15.463217054263568
2025-09-06 07:21:00+02:00,25.653784775069383,24.36748057168172,28.0415188963436,14.722031007751935
2025-09-06 07:22:00+02:00,25.653784775069383,24.36748057168172,28.0415188963436,13.630333333333333
2025-09-06 07:23:00+02:00,25.653784775069383,24.36748057168172,28.0415188963436,12.58815789473684
2025-09-06 07:24:00+02:00,25.653784775069383,24.36748057168172,28.0415188963436,11.799468450362182
2025-09-06 07:25:00+02:00,25.653784775069383,24.36748057168172,28.0415188963436,11.324474940334134
2025-09-06 07:26:00+02:00,25.653784775069383,24.36748057168172,28.0415188963436,11.099653937947506
2025-09-06 07:27:00+02:00,25.653784775069383,24.36748057168172,28.0415188963436,10.87483293556087
2025-09-06 07:28:00+02:00,25.653784775069383,24.36748057168172,28.0415188963436,10.65001193317423
2025-09-06 07:29:00+02:00,25.653784775069383,24.36748057168172,28.0415188963436,10.4251909307876
2025-09-06 07:30:00+02:00,25.653784775069383,24.36748057168172,28.0415188963436,10.20036992840096
2025-09-06 07:31:00+02:00,25.653784775069383,24.36748057168172,28.0415188963436,9.982736674622116
2025-09-06 07:32:00+02:00,25.653784775069383,24.36748057168172,28.0415188963436,10.275
2025-09-06 07:33:00+02:00,25.653784775069383,24.36748057168172,28.0415188963436,10.875
2025-09-06 07:34:00+02:00,25.653784775069383,24.36748057168172,28.0415188963436,11.530598958333334
2025-09-06 07:35:00+02:00,25.653784775069383,24.36748057168172,28.0415188963436,12.472135416666667
2025-09-06 07:36:00+02:00,25.653784775069383,24.36748057168172,28.0415188963436,12.75597932449495
2025-09-06 07:37:00+02:00,25.653784775069383,24.36748057168172,28.0415188963436,12.05064393939394
2025-09-06 07:38:00+02:00,25.653784775069383,24.36748057168172,28.0415188963436,11.506502785587834
2025-09-06 07:39:00+02:00,25.653784775069383,24.36748057168172,28.0415188963436,11.517843642611677
2025-09-06 07:40:00+02:00,25.653784775069383,24.36748057168172,28.0415188963436,11.572482817869403
2025-09-06 07:41:00+02:00,25.653784775069383,24.36748057168172,28.0415188963436,11.627121993127128
2025-09-06 07:42:00+02:00,25.653784775069383,24.36748057168172,28.0415188963436,11.681761168384854
2025-09-06 07:43:00+02:00,25.653784775069383,24.36748057168172,28.0415188963436,11.736400343642588
2025-09-06 07:44:00+02:00,25.653784775069383,24.36748057168172,28.0415188963436,11.791039518900329
2025-09-06 07:45:00+02:00,25.653784775069383,24.36748057168172,28.0415188963436,11.845678694158062
2025-09-06 07:46:00+02:00,25.653784775069383,24.36748057168172,28.0415188963436,11.9003178694158
2025-09-06 07:47:00+02:00,25.653784775069383,24.36748057168172,28.0415188963436,11.95495704467354
2025-09-06 07:48:00+02:00,25.653784775069383,24.36748057168172,28.0415188963436,12.10125
2025-09-06 07:49:00+02:00,25.653784775069383,24.36748057168172,28.0415188963436,12.325096153846154
2025-09-06 07:50:00+02:00,25.653784775069383,24.36748057168172,28.0415188963436,12.548942307692307
2025-09-06 07:51:00+02:00,25.653784775069383,24.36748057168172,28.0415188963436,12.77278846153846
2025-09-06 07:52:00+02:00,25.653784775069383,24.36748057168172,28.0415188963436,13.253964216163585
2025-09-06 07:53:00+02:00,25.653784775069383,24.36748057168172,28.0415188963436,14.491736701943696
2025-09-06 07:54:00+02:00,25.653784775069383,24.36748057168172,28.0415188963436,16.025545147020555
2025-09-06 07:55:00+02:00,25.653784775069383,24.36748057168172,28.0415188963436,17.471832090265824
2025-09-06 07:56:00+02:00,25.653784775069383,24.36748057168172,28.0415188963436,18.63457831325301
2025-09-06 07:57:00+02:00,25.653784775069383,24.36748057168172,28.0415188963436,19.61113534495123
2025-09-06 07:58:00+02:00,25.653784775069383,24.36748057168172,28.0415188963436,20.45389377934272
2025-09-06 07:59:00+02:00,25.653784775069383,24.36748057168172,28.0415188963436,21.572887323943657
2025-09-06 08:00:00+02:00,25.653784775069383,24.36748057168172,28.0415188963436,22.233411098502557
2025-09-06 08:01:00+02:00,25.653784775069383,24.36748057168172,28.0415188963436,21.821943127962097
2025-09-06 08:02:00+02:00,25.653784775069383,24.36748057168172,28.0415188963436,21.395402843601897
2025-09-06 08:03:00+02:00,25.653784775069383,24.36748057168172,28.0415188963436,20.899412848867826
2025-09-06 08:04:00+02:00,25.653784775069383,24.36748057168172,28.0415188963436,19.28941919191919
2025-09-06 08:05:00+02:00,25.653784775069383,24.36748057168172,28.0415188963436,17.75403759820426
2025-09-06 08:06:00+02:00,25.653784775069383,24.36748057168172,28.0415188963436,16.828749999999996
2025-09-06 08:07:00+02:00,25.653784775069383,24.36748057168172,28.0415188963436,16.35165895061728
2025-09-06 08:08:00+02:00,25.653784775069383,24.36748057168172,28.0415188963436,16.57799999999999
2025-09-06 08:09:00+02:00,25.653784775069383,24.36748057168172,28.0415188963436,16.817999999999987
2025-09-06 08:10:00+02:00,25.653784775069383,24.36748057168172,28.0415188963436,17.05799999999998
2025-09-06 08:11:00+02:00,25.653784775069383,24.36748057168172,28.0415188963436,17.297999999999977
2025-09-06 08:12:00+02:00,25.653784775069383,24.36748057168172,28.0415188963436,17.537999999999986
2025-09-06 08:13:00+02:00,25.653784775069383,24.36748057168172,28.0415188963436,17.966740740740736
2025-09-06 08:14:00+02:00,25.653784775069383,24.36748057168172,28.0415188963436,19.02753891572732
2025-09-06 08:15:00+02:00,25.653784775069383,24.36748057168172,28.0415188963436,20.14673913043478
2025-09-06 08:16:00+02:00,25.653784775069383,24.36748057168172,28.0415188963436,21.28520652173913
2025-09-06 08:17:00+02:00,25.653784775069383,24.36748057168172,28.0415188963436,22.444055555555558
2025-09-06 08:18:00+02:00,25.653784775069383,24.36748057168172,28.0415188963436,23.471666666666664
2025-09-06 08:19:00+02:00,25.653784775069383,24.36748057168172,28.0415188963436,24.230233494363933
2025-09-06 08:20:00+02:00,25.653784775069383,24.36748057168172,28.0415188963436,24.686062801932376
2025-09-06 08:21:00+02:00,25.653784775069383,24.36748057168172,28.0415188963436,25.14113526570049
2025-09-06 08:22:00+02:00,25.653784775069383,24.36748057168172,28.0415188963436,25.703826949620435
2025-09-06 08:23:00+02:00,25.653784775069383,24.36748057168172,28.0415188963436,26.880201542588864
2025-09-06 08:24:00+02:00,25.653784775069383,24.36748057168172,28.0415188963436,27.431443661971823
2025-09-06 08:25:00+02:00,25.653784775069383,24.36748057168172,28.0415188963436,27.74834507042252
2025-09-06 08:26:00+02:00,25.653784775069383,24.36748057168172,28.0415188963436,28.06524647887323
2025-09-06 08:27:00+02:00,25.653784775069383,24.36748057168172,28.0415188963436,28.38214788732394
2025-09-06 08:28:00+02:00,25.653784775069383,24.36748057168172,28.0415188963436,29.009924882629107
2025-09-06 08:29:00+02:00,25.653784775069383,24.36748057168172,28.0415188963436,31.39367567567568
2025-09-06 08:30:00+02:00,25.653784775069383,24.36748057168172,28.0415188963436,33.0350731981982
2025-09-06 08:31:00+02:00,25.653784775069383,24.36748057168172,28.0415188963436,32.24152777777777
2025-09-06 08:32:00+02:00,25.653784775069383,24.36748057168172,28.0415188963436,30.36108950617284
2025-09-06 08:33:00+02:00,25.653784775069383,24.36748057168172,28.0415188963436,26.65548560020122
2025-09-06 08:34:00+02:00,25.653784775069383,24.36748057168172,28.0415188963436,21.594146776825784
2025-09-06 08:35:00+02:00,25.653784775069383,24.36748057168172,28.0415188963436,19.026897974493625
2025-09-06 08:36:00+02:00,25.653784775069383,24.36748057168172,28.0415188963436,19.535806451612903
2025-09-06 08:37:00+02:00,25.653784775069383,24.36748057168172,28.0415188963436,20.182403560830853
2025-09-06 08:38:00+02:00,25.653784775069383,24.36748057168172,28.0415188963436,20.449465875370905
2025-09-06 08:39:00+02:00,25.653784775069383,24.36748057168172,28.0415188963436,20.716528189910967
2025-09-06 08:40:00+02:00,25.653784775069383,24.36748057168172,28.0415188963436,20.98359050445103
2025-09-06 08:41:00+02:00,25.653784775069383,24.36748057168172,28.0415188963436,21.25065281899109
2025-09-06 08:42:00+02:00,25.653784775069383,24.36748057168172,28.0415188963436,21.63616088876022
2025-09-06 08:43:00+02:00,25.653784775069383,24.36748057168172,28.0415188963436,23.57425685975609
2025-09-06 08:44:00+02:00,25.653784775069383,24.36748057168172,28.0415188963436,26.90190025252525
2025-09-06 08:45:00+02:00,25.653784775069383,24.36748057168172,28.0415188963436,31.006154714850368
2025-09-06 08:46:00+02:00,25.653784775069383,24.36748057168172,28.0415188963436,33.09379407979407
2025-09-06 08:47:00+02:00,25.653784775069383,24.36748057168172,28.0415188963436,32.554932432432416
2025-09-06 08:48:00+02:00,25.653784775069383,24.36748057168172,28.0415188963436,31.860168918918912
2025-09-06 08:49:00+02:00,25.653784775069383,24.36748057168172,28.0415188963436,29.52019500145307
2025-09-06 08:50:00+02:00,25.653784775069383,24.36748057168172,28.0415188963436,27.48997260132341
2025-09-06 08:51:00+02:00,25.653784775069383,24.36748057168172,28.0415188963436,28.241524390243907
2025-09-06 08:52:00+02:00,25.653784775069383,24.36748057168172,28.0415188963436,30.483002636783123
2025-09-06 08:53:00+02:00,25.653784775069383,24.36748057168172,28.0415188963436,33.12263090676884
2025-09-06 08:54:00+02:00,25.653784775069383,24.36748057168172,28.0415188963436,34.560287356321844
2025-09-06 08:55:00+02:00,25.653784775069383,24.36748057168172,28.0415188963436,33.91103448275862
2025-09-06 08:56:00+02:00,25.653784775069383,24.36748057168172,28.0415188963436,32.99826149425287
2025-09-06 08:57:00+02:00,25.653784775069383,24.36748057168172,28.0415188963436,30.39586206896552
2025-09-06 08:58:00+02:00,25.653784775069383,24.36748057168172,28.0415188963436,29.02343251761216
2025-09-06 08:59:00+02:00,25.653784775069383,24.36748057168172,28.0415188963436,31.02778972520908
2025-09-06 09:00:00+02:00,25.653784775069383,24.36748057168172,28.0415188963436,37.86997222222222
2025-09-06 09:01:00+02:00,25.653784775069383,24.36748057168172,28.0415188963436,43.437697344322345
2025-09-06 09:02:00+02:00,25.653784775069383,24.36748057168172,28.0415188963436,43.64415384615385
2025-09-06 09:03:00+02:00,25.653784775069383,24.36748057168172,28.0415188963436,41.46020526960785
2025-09-06 09:04:00+02:00,25.653784775069383,24.36748057168172,28.0415188963436,39.70475260416666
2025-09-06 09:05:00+02:00,25.653784775069383,24.36748057168172,28.0415188963436,39.24376953124999
2025-09-06 09:06:00+02:00,25.653784775069383,24.36748057168172,28.0415188963436,38.87580078124997
2025-09-06 09:07:00+02:00,25.653784775069383,24.36748057168172,28.0415188963436,38.50783203124997
2025-09-06 09:08:00+02:00,25.653784775069383,24.36748057168172,28.0415188963436,37.96576612285539
2025-09-06 09:09:00+02:00,25.653784775069383,24.36748057168172,28.0415188963436,36.87988922841863
2025-09-06 09:10:00+02:00,25.653784775069383,24.36748057168172,28.0415188963436,37.42305194805194
2025-09-06 09:11:00+02:00,25.653784775069383,24.36748057168172,28.0415188963436,38.08327662337663
2025-09-06 09:12:00+02:00,25.653784775069383,24.36748057168172,28.0415188963436,39.66590769230769
2025-09-06 09:13:00+02:00,25.653784775069383,24.36748057168172,28.0415188963436,41.44839743589744
2025-09-06 09:14:00+02:00,25.653784775069383,24.36748057168172,28.0415188963436,43.42524132730015
2025-09-06 09:15:00+02:00,25.653784775069383,24.36748057168172,28.0415188963436,46.08511859582543
2025-09-06 09:16:00+02:00,25.653784775069383,98.05568734806512,28.0415188963436,49.48392473118279
2025-09-06 09:17:00+02:00,25.653784775069383,98.05568734806512,28.0415188963436,52.93275793650793
2025-09-06 09:18:00+02:00,25.653784775069383,98.05568734806512,28.0415188963436,55.28174783549783
2025-09-06 09:19:00+02:00,25.653784775069383,24.36748057168172,28.0415188963436,54.65564285714285
2025-09-06 09:20:00+02:00,25.653784775069383,24.36748057168172,28.0415188963436,51.52942606516291
2025-09-06 09:21:00+02:00,25.653784775069383,24.36748057168172,28.0415188963436,46.45173902894491
2025-09-06 09:22:00+02:00,25.653784775069383,24.36748057168172,28.0415188963436,42.92613924050633
2025-09-06 09:23:00+02:00,25.653784775069383,24.36748057168172,28.0415188963436,41.69891637897968
2025-09-06 09:24:00+02:00,25.653784775069383,24.36748057168172,28.0415188963436,42.28732323232322
2025-09-06 09:25:00+02:00,25.653784775069383,24.36748057168172,28.0415188963436,43.90081470672345
2025-09-06 09:26:00+02:00,25.653784775069383,24.36748057168172,28.0415188963436,43.7978488372093
2025-09-06 09:27:00+02:00,25.653784775069383,24.36748057168172,28.0415188963436,40.71351155869324
2025-09-06 09:28:00+02:00,25.653784775069383,24.36748057168172,28.0415188963436,37.64422077922078
2025-09-06 09:29:00+02:00,25.653784775069383,24.36748057168172,28.0415188963436,35.40152867965368
2025-09-06 09:30:00+02:00,25.653784775069383,24.36748057168172,28.0415188963436,31.717223118279566
2025-09-06 09:31:00+02:00,25.653784775069383,24.36748057168172,28.0415188963436,31.719265704584043
2025-09-06 09:32:00+02:00,25.653784775069383,24.36748057168172,28.0415188963436,35.88411306042885
2025-09-06 09:33:00+02:00,25.653784775069383,24.36748057168172,28.0415188963436,37.70187969924812
2025-09-06 09:34:00+02:00,25.653784775069383,24.36748057168172,28.0415188963436,38.37857142857143
2025-09-06 09:35:00+02:00,25.653784775069383,24.36748057168172,28.0415188963436,37.83808673469388
2025-09-06 09:36:00+02:00,25.653784775069383,24.36748057168172,28.0415188963436,34.98890884652981
2025-09-06 09:37:00+02:00,25.653784775069383,24.36748057168172,28.0415188963436,30.983354978354978
2025-09-06 09:38:00+02:00,25.653784775069383,24.36748057168172,28.0415188963436,28.06700564971751
2025-09-06 09:39:00+02:00,25.653784775069383,24.36748057168172,28.0415188963436,27.54204724409449
2025-09-06 09:40:00+02:00,25.653784775069383,24.36748057168172,28.0415188963436,28.25070866141733
2025-09-06 09:41:00+02:00,25.653784775069383,24.36748057168172,28.0415188963436,28.422047244094497
2025-09-06 09:42:00+02:00,25.653784775069383,24.36748057168172,28.0415188963436,27.716000000000008
2025-09-06 09:43:00+02:00,25.653784775069383,24.36748057168172,28.0415188963436,26.437319515306125
2025-09-06 09:44:00+02:00,25.653784775069383,24.36748057168172,28.0415188963436,24.52926779313876
2025-09-06 09:45:00+02:00,25.653784775069383,24.36748057168172,28.0415188963436,25.155967741935488
2025-09-06 09:46:00+02:00,25.653784775069383,24.36748057168172,28.0415188963436,27.211792114695346
2025-09-06 09:47:00+02:00,25.653784775069383,24.36748057168172,28.0415188963436,30.07137387387387
2025-09-06 09:48:00+02:00,25.653784775069383,24.36748057168172,28.0415188963436,29.433756127450977
2025-09-06 09:49:00+02:00,25.653784775069383,24.36748057168172,28.0415188963436,27.59751436781609
2025-09-06 09:50:00+02:00,25.653784775069383,24.36748057168172,28.0415188963436,24.404525041050903
2025-09-06 09:51:00+02:00,25.653784775069383,24.36748057168172,28.0415188963436,23.38022471910112
2025-09-06 09:52:00+02:00,25.653784775069383,24.36748057168172,28.0415188963436,24.12848732773353
2025-09-06 09:53:00+02:00,25.653784775069383,24.36748057168172,28.0415188963436,23.43436893203884
2025-09-06 09:54:00+02:00,25.653784775069383,24.36748057168172,28.0415188963436,21.72206373606616
2025-09-06 09:55:00+02:00,25.653784775069383,24.36748057168172,28.0415188963436,18.29398809523809
2025-09-06 09:56:00+02:00,25.653784775069383,24.36748057168172,28.0415188963436,16.164494047619048
2025-09-06 09:57:00+02:00,25.653784775069383,24.36748057168172,28.0415188963436,14.626009615384618
2025-09-06 09:58:00+02:00,25.653784775069383,24.36748057168172,28.0415188963436,13.88469137136272
2025-09-06 09:59:00+02:00,25.653784775069383,24.36748057168172,28.0415188963436,14.476207865168549
2025-09-06 10:00:00+02:00,25.653784775069383,24.36748057168172,28.0415188963436,15.10654494382023
2025-09-06 10:01:00+02:00,25.653784775069383,24.36748057168172,28.0415188963436,15.39989014612017
2025-09-06 10:02:00+02:00,25.653784775069383,24.36748057168172,28.0415188963436,15.142830985915497
2025-09-06 10:03:00+02:00,25.653784775069383,24.36748057168172,28.0415188963436,14.87747887323944
2025-09-06 10:04:00+02:00,25.653784775069383,24.36748057168172,28.0415188963436,14.612126760563385
2025-09-06 10:05:00+02:00,25.653784775069383,24.36748057168172,28.0415188963436,14.34677464788733
2025-09-06 10:06:00+02:00,25.653784775069383,24.36748057168172,28.0415188963436,14.081422535211273
2025-09-06 10:07:00+02:00,25.653784775069383,24.36748057168172,28.0415188963436,14.106595201916898
2025-09-06 10:08:00+02:00,25.653784775069383,24.36748057168172,28.0415188963436,14.496535269709549
2025-09-06 10:09:00+02:00,25.653784775069383,24.36748057168172,28.0415188963436,14.88740663900415
2025-09-06 10:10:00+02:00,25.653784775069383,24.36748057168172,28.0415188963436,15.278278008298756
2025-09-06 10:11:00+02:00,25.653784775069383,24.36748057168172,28.0415188963436,16.113546511627906
2025-09-06 10:12:00+02:00,25.653784775069383,24.36748057168172,28.0415188963436,17.564753796867585
2025-09-06 10:13:00+02:00,25.653784775069383,24.36748057168172,28.0415188963436,19.751498144712432
2025-09-06 10:14:00+02:00,25.653784775069383,24.36748057168172,28.0415188963436,22.46125
2025-09-06 10:15:00+02:00,25.653784775069383,24.36748057168172,28.0415188963436,24.90665071321321
2025-09-06 10:16:00+02:00,25.653784775069383,24.36748057168172,28.0415188963436,30.14420022295022
2025-09-06 10:17:00+02:00,25.653784775069383,24.36748057168172,28.0415188963436,34.051048741048746
2025-09-06 10:18:00+02:00,25.653784775069383,24.36748057168172,28.0415188963436,37.77380235042735
2025-09-06 10:19:00+02:00,25.653784775069383,24.36748057168172,28.0415188963436,45.703755341880345
2025-09-06 10:20:00+02:00,108.92093652853497,98.05568734806512,121.51342286886204,59.501488095238095
2025-09-06 10:21:00+02:00,108.92093652853497,98.05568734806512,121.51342286886204,75.57875
2025-09-06 10:22:00+02:00,108.92093652853497,98.05568734806512,121.51342286886204,88.96228703703703
2025-09-06 10:23:00+02:00,108.92093652853497,98.05568734806512,187.42706380110675,99.56065962098168
2025-09-06 10:24:00+02:00,108.92093652853497,98.05568734806512,121.51342286886204,97.4146852300242
2025-09-06 10:25:00+02:00,108.92093652853497,98.05568734806512,121.51342286886204,89.28099404761905
2025-09-06 10:26:00+02:00,108.92093652853497,98.05568734806512,121.51342286886204,87.74137387387385
2025-09-06 10:27:00+02:00,108.92093652853497,98.05568734806512,187.42706380110675,91.26433652402402
2025-09-06 10:28:00+02:00,108.92093652853497,98.05568734806512,187.42706380110675,104.44716132478634
2025-09-06 10:29:00+02:00,108.92093652853497,98.05568734806512,187.42706380110675,105.85503418803415
2025-09-06 10:30:00+02:00,108.92093652853497,98.05568734806512,187.42706380110675,105.35433333333332
2025-09-06 10:31:00+02:00,108.92093652853497,98.05568734806512,121.51342286886204,107.0321875
2025-09-06 10:32:00+02:00,108.92093652853497,98.05568734806512,121.51342286886204,106.0003125
2025-09-06 10:33:00+02:00,108.92093652853497,98.05568734806512,121.51342286886204,101.24004301619432
2025-09-06 10:34:00+02:00,108.92093652853497,98.05568734806512,121.51342286886204,91.98364886039884
2025-09-06 10:35:00+02:00,108.92093652853497,98.05568734806512,121.51342286886204,81.98826388888888
2025-09-06 10:36:00+02:00,108.92093652853497,98.05568734806512,121.51342286886204,75.0270596995597
2025-09-06 10:37:00+02:00,108.92093652853497,98.05568734806512,121.51342286886204,74.52333333333334
2025-09-06 10:38:00+02:00,108.92093652853497,98.05568734806512,121.51342286886204,74.46850649350648
2025-09-06 10:39:00+02:00,108.92093652853497,98.05568734806512,121.51342286886204,72.23788741451784
2025-09-06 10:40:00+02:00,108.92093652853497,98.05568734806512,121.51342286886204,70.91214285714288
2025-09-06 10:41:00+02:00,108.92093652853497,98.05568734806512,121.51342286886204,73.54227002164502
2025-09-06 10:42:00+02:00,108.92093652853497,98.05568734806512,121.51342286886204,82.16737001424501
2025-09-06 10:43:00+02:00,108.92093652853497,98.05568734806512,121.51342286886204,88.36929050925926
2025-09-06 10:44:00+02:00,108.92093652853497,98.05568734806512,121.51342286886204,97.16632264957263
2025-09-06 10:45:00+02:00,108.92093652853497,98.05568734806512,121.51342286886204,102.97461013645226
2025-09-06 10:46:00+02:00,108.92093652853497,98.05568734806512,121.51342286886204,92.9728313840156
2025-09-06 10:47:00+02:00,108.92093652853497,98.05568734806512,121.51342286886204,86.75592505720824
2025-09-06 10:48:00+02:00,108.92093652853497,98.05568734806512,121.51342286886204,84.43914402173912
2025-09-06 10:49:00+02:00,108.92093652853497,98.05568734806512,121.51342286886204,81.0791087962963
2025-09-06 10:50:00+02:00,108.92093652853497,98.05568734806512,121.51342286886204,70.9439227582846
2025-09-06 10:51:00+02:00,108.92093652853497,98.05568734806512,121.51342286886204,63.59108894328846
2025-09-06 10:52:00+02:00,108.92093652853497,98.05568734806512,121.51342286886204,62.76056489629164
2025-09-06 10:53:00+02:00,108.92093652853497,98.05568734806512,121.51342286886204,68.94944444444444
2025-09-06 10:54:00+02:00,108.92093652853497,98.05568734806512,121.51342286886204,82.22810185185186
2025-09-06 10:55:00+02:00,108.92093652853497,98.05568734806512,121.51342286886204,93.42980555555556
2025-09-06 10:56:00+02:00,108.92093652853497,98.05568734806512,121.51342286886204,96.49576388888887
2025-09-06 10:57:00+02:00,108.92093652853497,98.05568734806512,121.51342286886204,95.86983333333332
2025-09-06 10:58:00+02:00,108.92093652853497,98.05568734806512,121.51342286886204,94.54411111111112
2025-09-06 10:59:00+02:00,108.92093652853497,98.05568734806512,121.51342286886204,90.05888541666667
2025-09-06 11:00:00+02:00,108.92093652853497,98.05568734806512,121.51342286886204,83.10336805555555
2025-09-06 11:01:00+02:00,108.92093652853497,98.05568734806512,121.51342286886204,73.52557407407407
2025-09-06 11:02:00+02:00,108.92093652853497,98.05568734806512,121.51342286886204,63.79735576923077
2025-09-06 11:03:00+02:00,25.653784775069383,98.05568734806512,28.0415188963436,55.50110735735735
2025-09-06 11:04:00+02:00,25.653784775069383,98.05568734806512,28.0415188963436,53.44241068185121
2025-09-06 11:05:00+02:00,108.92093652853497,98.05568734806512,121.51342286886204,58.29082375841751
2025-09-06 11:06:00+02:00,108.92093652853497,98.05568734806512,121.51342286886204,63.53443540669857
2025-09-06 11:07:00+02:00,108.92093652853497,98.05568734806512,121.51342286886204,68.41284151034151
2025-09-06 11:08:00+02:00,108.92093652853497,98.05568734806512,121.51342286886204,73.2773139287613
2025-09-06 11:09:00+02:00,108.92093652853497,98.05568734806512,121.51342286886204,80.49355911680912
2025-09-06 11:10:00+02:00,108.92093652853497,98.05568734806512,121.51342286886204,91.7984837962963
2025-09-06 11:11:00+02:00,108.92093652853497,98.05568734806512,121.51342286886204,97.95618055555556
2025-09-06 11:12:00+02:00,108.92093652853497,98.05568734806512,121.51342286886204,95.82234953703704
2025-09-06 11:13:00+02:00,108.92093652853497,98.05568734806512,121.51342286886204,92.34009377758164
2025-09-06 11:14:00+02:00,108.92093652853497,98.05568734806512,121.51342286886204,91.55177184466017
2025-09-06 11:15:00+02:00,108.92093652853497,98.05568734806512,121.51342286886204,91.09449029126208
2025-09-06 11:16:00+02:00,108.92093652853497,98.05568734806512,121.51342286886204,90.63720873786406
2025-09-06 11:17:00+02:00,108.92093652853497,98.05568734806512,121.51342286886204,89.0047997997998
2025-09-06 11:18:00+02:00,108.92093652853497,98.05568734806512,121.51342286886204,85.23744658119658
2025-09-06 11:19:00+02:00,108.92093652853497,98.05568734806512,121.51342286886204,81.27521781086297
2025-09-06 11:20:00+02:00,108.92093652853497,98.05568734806512,121.51342286886204,79.12947470172338
2025-09-06 11:21:00+02:00,108.92093652853497,98.05568734806512,121.51342286886204,78.78160958904115
2025-09-06 11:22:00+02:00,108.92093652853497,98.05568734806512,121.51342286886204,78.47339041095898
2025-09-06 11:23:00+02:00,108.92093652853497,98.05568734806512,121.51342286886204,78.16517123287676
2025-09-06 11:24:00+02:00,108.92093652853497,98.05568734806512,121.51342286886204,77.85695205479453
2025-09-06 11:25:00+02:00,108.92093652853497,98.05568734806512,121.51342286886204,76.53327272727273
2025-09-06 11:26:00+02:00,108.92093652853497,98.05568734806512,121.51342286886204,73.0018765873016
2025-09-06 11:27:00+02:00,108.92093652853497,98.05568734806512,121.51342286886204,68.48088421052631
2025-09-06 11:28:00+02:00,108.92093652853497,98.05568734806512,121.51342286886204,63.38483913043478
2025-09-06 11:29:00+02:00,108.92093652853497,98.05568734806512,28.0415188963436,59.003412698412696
2025-09-06 11:30:00+02:00,108.92093652853497,98.05568734806512,28.0415188963436,56.53999084249083
2025-09-06 11:31:00+02:00,108.92093652853497,98.05568734806512,28.0415188963436,55.45350596212297
2025-09-06 11:32:00+02:00,108.92093652853497,98.05568734806512,28.0415188963436,55.4195744680851
2025-09-06 11:33:00+02:00,108.92093652853497,98.05568734806512,121.51342286886204,56.05787234042552
2025-09-06 11:34:00+02:00,108.92093652853497,98.05568734806512,121.51342286886204,57.44852504432624
2025-09-06 11:35:00+02:00,108.92093652853497,98.05568734806512,121.51342286886204,62.24652777777777
2025-09-06 11:36:00+02:00,108.92093652853497,98.05568734806512,121.51342286886204,69.92032814407814
2025-09-06 11:37:00+02:00,108.92093652853497,98.05568734806512,121.51342286886204,79.17249465811966
2025-09-06 11:38:00+02:00,108.92093652853497,98.05568734806512,121.51342286886204,88.21763162878788
2025-09-06 11:39:00+02:00,108.92093652853497,98.05568734806512,121.51342286886204,96.36704586732712
2025-09-06 11:40:00+02:00,108.92093652853497,98.05568734806512,187.42706380110675,105.4276208097458
2025-09-06 11:41:00+02:00,198.4678108071874,98.05568734806512,187.42706380110675,113.91384615384614
2025-09-06 11:42:00+02:00,198.4678108071874,202.0076426902852,187.42706380110675,123.42031342409602
2025-09-06 11:43:00+02:00,198.4678108071874,202.0076426902852,187.42706380110675,132.81062500000002
2025-09-06 11:44:00+02:00,198.4678108071874,202.0076426902852,187.42706380110675,140.53596590909092
2025-09-06 11:45:00+02:00,198.4678108071874,202.0076426902852,187.42706380110675,146.12932043650792
2025-09-06 11:46:00+02:00,198.4678108071874,202.0076426902852,187.42706380110675,153.23215277777777
2025-09-06 11:47:00+02:00,198.4678108071874,202.0076426902852,187.42706380110675,161.16910515873016
2025-09-06 11:48:00+02:00,198.4678108071874,202.0076426902852,187.42706380110675,165.64315891472867
2025-09-06 11:49:00+02:00,198.4678108071874,202.0076426902852,187.42706380110675,162.50091246770026
2025-09-06 11:50:00+02:00,198.4678108071874,202.0076426902852,187.42706380110675,160.41457446808514
2025-09-06 11:51:00+02:00,198.4678108071874,202.0076426902852,187.42706380110675,161.4560227696902
2025-09-06 11:52:00+02:00,198.4678108071874,202.0076426902852,187.42706380110675,164.2907906920078
2025-09-06 11:53:00+02:00,198.4678108071874,202.0076426902852,278.72148851667674,186.32503968253968
2025-09-06 11:54:00+02:00,280.837333004333,285.9142456346197,278.72148851667674,228.06935714285717
2025-09-06 11:55:00+02:00,280.837333004333,285.9142456346197,278.72148851667674,227.4146111111111
2025-09-06 11:56:00+02:00,280.837333004333,285.9142456346197,278.72148851667674,201.45599603174605
2025-09-06 11:57:00+02:00,198.4678108071874,202.0076426902852,187.42706380110675,171.27692460317462
2025-09-06 11:58:00+02:00,198.4678108071874,202.0076426902852,187.42706380110675,148.0257242063492
2025-09-06 11:59:00+02:00,198.4678108071874,202.0076426902852,187.42706380110675,134.3493304843305
2025-09-06 12:00:00+02:00,198.4678108071874,202.0076426902852,187.42706380110675,122.85043287037035
2025-09-06 12:01:00+02:00,108.92093652853497,98.05568734806512,187.42706380110675,111.56545548433049
2025-09-06 12:02:00+02:00,108.92093652853497,98.05568734806512,187.42706380110675,104.4054544595616
2025-09-06 12:03:00+02:00,108.92093652853497,98.05568734806512,187.42706380110675,104.23654620181408
2025-09-06 12:04:00+02:00,198.4678108071874,202.0076426902852,187.42706380110675,115.26198743386242
2025-09-06 12:05:00+02:00,198.4678108071874,202.0076426902852,187.42706380110675,140.0872222222222
2025-09-06 12:06:00+02:00,198.4678108071874,202.0076426902852,187.42706380110675,158.3130736714976
2025-09-06 12:07:00+02:00,198.4678108071874,202.0076426902852,278.72148851667674,193.022662037037
2025-09-06 12:08:00+02:00,198.4678108071874,202.0076426902852,278.72148851667674,196.81446794871795
2025-09-06 12:09:00+02:00,198.4678108071874,202.0076426902852,187.42706380110675,171.68081196581196
2025-09-06 12:10:00+02:00,198.4678108071874,202.0076426902852,187.42706380110675,172.74709307992202
2025-09-06 12:11:00+02:00,198.4678108071874,202.0076426902852,187.42706380110675,161.9134074074074
2025-09-06 12:12:00+02:00,198.4678108071874,202.0076426902852,187.42706380110675,146.30716666666666
2025-09-06 12:13:00+02:00,198.4678108071874,202.0076426902852,187.42706380110675,138.09431597222223
2025-09-06 12:14:00+02:00,198.4678108071874,202.0076426902852,187.42706380110675,146.77376273148147
2025-09-06 12:15:00+02:00,198.4678108071874,202.0076426902852,187.42706380110675,147.81261616161615
2025-09-06 12:16:00+02:00,198.4678108071874,202.0076426902852,187.42706380110675,143.71030555555552
2025-09-06 12:17:00+02:00,198.4678108071874,202.0076426902852,187.42706380110675,149.35826785714286
2025-09-06 12:18:00+02:00,198.4678108071874,202.0076426902852,187.42706380110675,164.48023148148147
2025-09-06 12:19:00+02:00,198.4678108071874,202.0076426902852,278.72148851667674,189.64763888888888
2025-09-06 12:20:00+02:00,280.837333004333,285.9142456346197,278.72148851667674,243.7509477124183
2025-09-06 12:21:00+02:00,280.837333004333,395.0865959287336,399.1734106869087,254.81435151143796
2025-09-06 12:22:00+02:00,280.837333004333,285.9142456346197,399.1734106869087,264.1722398589065
2025-09-06 12:23:00+02:00,280.837333004333,285.9142456346197,278.72148851667674,235.78939407814408
2025-09-06 12:24:00+02:00,280.837333004333,285.9142456346197,278.72148851667674,218.0665211640212
2025-09-06 12:25:00+02:00,198.4678108071874,202.0076426902852,278.72148851667674,189.6128125
2025-09-06 12:26:00+02:00,198.4678108071874,202.0076426902852,278.72148851667674,188.9884375
2025-09-06 12:27:00+02:00,198.4678108071874,202.0076426902852,187.42706380110675,183.54382275132275
2025-09-06 12:28:00+02:00,198.4678108071874,202.0076426902852,187.42706380110675,165.04644973544973
2025-09-06 12:29:00+02:00,198.4678108071874,202.0076426902852,187.42706380110675,157.32219025875193
2025-09-06 12:30:00+02:00,198.4678108071874,202.0076426902852,187.42706380110675,156.603493150685
2025-09-06 12:31:00+02:00,198.4678108071874,202.0076426902852,187.42706380110675,155.56278662480975
2025-09-06 12:32:00+02:00,198.4678108071874,202.0076426902852,187.42706380110675,148.6488653846154
2025-09-06 12:33:00+02:00,198.4678108071874,202.0076426902852,187.42706380110675,136.848544973545
2025-09-06 12:34:00+02:00,108.92093652853497,98.05568734806512,187.42706380110675,120.51007936507936
2025-09-06 12:35:00+02:00,108.92093652853497,98.05568734806512,121.51342286886204,107.80109788359788
2025-09-06 12:36:00+02:00,108.92093652853497,98.05568734806512,121.51342286886204,91.35620634920636
2025-09-06 12:37:00+02:00,108.92093652853497,98.05568734806512,121.51342286886204,83.89526133040935
2025-09-06 12:38:00+02:00,108.92093652853497,98.05568734806512,121.51342286886204,82.26749999999998
2025-09-06 12:39:00+02:00,108.92093652853497,98.05568734806512,121.51342286886204,80.16877214452215
2025-09-06 12:40:00+02:00,108.92093652853497,98.05568734806512,121.51342286886204,82.49980814143395
2025-09-06 12:41:00+02:00,108.92093652853497,98.05568734806512,121.51342286886204,85.62165605095544
2025-09-06 12:42:00+02:00,108.92093652853497,98.05568734806512,121.51342286886204,86.30955414012742
2025-09-06 12:43:00+02:00,108.92093652853497,98.05568734806512,121.51342286886204,89.1806574368955
2025-09-06 12:44:00+02:00,108.92093652853497,98.05568734806512,121.51342286886204,94.60117389060888
2025-09-06 12:45:00+02:00,108.92093652853497,98.05568734806512,121.51342286886204,92.5994012605042
2025-09-06 12:46:00+02:00,108.92093652853497,98.05568734806512,121.51342286886204,89.34554868742369
2025-09-06 12:47:00+02:00,108.92093652853497,98.05568734806512,121.51342286886204,81.21260185185186
2025-09-06 12:48:00+02:00,108.92093652853497,98.05568734806512,121.51342286886204,70.51249515013495
2025-09-06 12:49:00+02:00,108.92093652853497,98.05568734806512,121.51342286886204,65.90057945041816
2025-09-06 12:50:00+02:00,108.92093652853497,98.05568734806512,121.51342286886204,66.41278103616814
2025-09-06 12:51:00+02:00,108.92093652853497,98.05568734806512,121.51342286886204,68.5360386119257
2025-09-06 12:52:00+02:00,108.92093652853497,98.05568734806512,121.51342286886204,70.44089887640448
2025-09-06 12:53:00+02:00,108.92093652853497,98.05568734806512,121.51342286886204,71.66617607924304
2025-09-06 12:54:00+02:00,108.92093652853497,98.05568734806512,121.51342286886204,73.90645263751595
2025-09-06 12:55:00+02:00,108.92093652853497,98.05568734806512,121.51342286886204,74.88375634517767
2025-09-06 12:56:00+02:00,108.92093652853497,98.05568734806512,121.51342286886204,75.3832487309645
2025-09-06 12:57:00+02:00,108.92093652853497,98.05568734806512,121.51342286886204,75.8827411167513
2025-09-06 12:58:00+02:00,108.92093652853497,98.05568734806512,121.51342286886204,80.37967113095239
2025-09-06 12:59:00+02:00,108.92093652853497,98.05568734806512,121.51342286886204,85.22606462585034
2025-09-06 13:00:00+02:00,108.92093652853497,98.05568734806512,121.51342286886204,82.99691216931218
2025-09-06 13:01:00+02:00,108.92093652853497,98.05568734806512,121.51342286886204,80.1088362745098
2025-09-06 13:02:00+02:00,108.92093652853497,98.05568734806512,121.51342286886204,81.20214679759052
2025-09-06 13:03:00+02:00,108.92093652853497,98.05568734806512,121.51342286886204,94.92625
2025-09-06 13:04:00+02:00,108.92093652853497,98.05568734806512,187.42706380110675,114.21061507936508
2025-09-06 13:05:00+02:00,198.4678108071874,202.0076426902852,187.42706380110675,144.05631944444443
2025-09-06 13:06:00+02:00,198.4678108071874,202.0076426902852,187.42706380110675,149.06030753968255
2025-09-06 13:07:00+02:00,198.4678108071874,202.0076426902852,187.42706380110675,147.011
2025-09-06 13:08:00+02:00,198.4678108071874,202.0076426902852,187.42706380110675,170.52466865079364
2025-09-06 13:09:00+02:00,198.4678108071874,202.0076426902852,187.42706380110675,182.43165173237756
2025-09-06 13:10:00+02:00,198.4678108071874,202.0076426902852,187.42706380110675,172.08169312169312
2025-09-06 13:11:00+02:00,198.4678108071874,202.0076426902852,187.42706380110675,178.1333043345543
2025-09-06 13:12:00+02:00,198.4678108071874,202.0076426902852,187.42706380110675,178.9498901098901
2025-09-06 13:13:00+02:00,198.4678108071874,202.0076426902852,187.42706380110675,174.79550010442776
2025-09-06 13:14:00+02:00,198.4678108071874,202.0076426902852,187.42706380110675,170.91928205128204
2025-09-06 13:15:00+02:00,198.4678108071874,202.0076426902852,187.42706380110675,166.36111698717949
2025-09-06 13:16:00+02:00,198.4678108071874,202.0076426902852,187.42706380110675,166.976494047619
2025-09-06 13:17:00+02:00,198.4678108071874,202.0076426902852,187.42706380110675,170.5575920168067
2025-09-06 13:18:00+02:00,198.4678108071874,202.0076426902852,187.42706380110675,174.9087730994152
2025-09-06 13:19:00+02:00,198.4678108071874,202.0076426902852,187.42706380110675,184.66031415343917
2025-09-06 13:20:00+02:00,280.837333004333,285.9142456346197,278.72148851667674,209.489125
2025-09-06 13:21:00+02:00,280.837333004333,285.9142456346197,278.72148851667674,227.671450094162
2025-09-06 13:22:00+02:00,280.837333004333,285.9142456346197,278.72148851667674,227.7276490897677
2025-09-06 13:23:00+02:00,280.837333004333,285.9142456346197,278.72148851667674,219.75782407407405
2025-09-06 13:24:00+02:00,280.837333004333,285.9142456346197,278.72148851667674,210.26908653846155
2025-09-06 13:25:00+02:00,198.4678108071874,202.0076426902852,278.72148851667674,202.93560294117648
2025-09-06 13:26:00+02:00,198.4678108071874,202.0076426902852,278.72148851667674,194.99918091168087
2025-09-06 13:27:00+02:00,198.4678108071874,202.0076426902852,187.42706380110675,177.96753472222224
2025-09-06 13:28:00+02:00,198.4678108071874,202.0076426902852,187.42706380110675,162.9851666666667
2025-09-06 13:29:00+02:00,198.4678108071874,202.0076426902852,187.42706380110675,153.98132936507935
2025-09-06 13:30:00+02:00,198.4678108071874,202.0076426902852,187.42706380110675,153.228979958577
2025-09-06 13:31:00+02:00,198.4678108071874,202.0076426902852,187.42706380110675,150.67419468810917
2025-09-06 13:32:00+02:00,198.4678108071874,202.0076426902852,187.42706380110675,140.29543625356126
2025-09-06 13:33:00+02:00,198.4678108071874,202.0076426902852,187.42706380110675,130.9512678062678
2025-09-06 13:34:00+02:00,108.92093652853497,98.05568734806512,187.42706380110675,119.70538746438746
2025-09-06 13:35:00+02:00,108.92093652853497,98.05568734806512,187.42706380110675,112.79931643625191
2025-09-06 13:36:00+02:00,108.92093652853497,98.05568734806512,187.42706380110675,110.2096899641577
2025-09-06 13:37:00+02:00,108.92093652853497,98.05568734806512,187.42706380110675,110.17061904761904
2025-09-06 13:38:00+02:00,108.92093652853497,98.05568734806512,187.42706380110675,111.24622580645162
2025-09-06 13:39:00+02:00,108.92093652853497,98.05568734806512,187.42706380110675,114.13804883512545
2025-09-06 13:40:00+02:00,108.92093652853497,98.05568734806512,187.42706380110675,117.38016129032258
2025-09-06 13:41:00+02:00,108.92093652853497,98.05568734806512,187.42706380110675,120.66018631100084
2025-09-06 13:42:00+02:00,108.92093652853497,202.0076426902852,187.42706380110675,125.06621111111112
2025-09-06 13:43:00+02:00,108.92093652853497,98.05568734806512,187.42706380110675,129.39242702702705
2025-09-06 13:44:00+02:00,108.92093652853497,98.05568734806512,187.42706380110675,129.86580645161288
2025-09-06 13:45:00+02:00,108.92093652853497,98.05568734806512,187.42706380110675,128.70736486486484
2025-09-06 13:46:00+02:00,108.92093652853497,98.05568734806512,187.42706380110675,126.26920884260056
2025-09-06 13:47:00+02:00,108.92093652853497,98.05568734806512,187.42706380110675,125.19006369426752
2025-09-06 13:48:00+02:00,108.92093652853497,98.05568734806512,187.42706380110675,124.5327388535032
2025-09-06 13:49:00+02:00,108.92093652853497,98.05568734806512,187.42706380110675,122.74110346527146
2025-09-06 13:50:00+02:00,108.92093652853497,98.05568734806512,187.42706380110675,118.45212703962704
2025-09-06 13:51:00+02:00,108.92093652853497,98.05568734806512,121.51342286886204,108.2449537037037
2025-09-06 13:52:00+02:00,108.92093652853497,98.05568734806512,121.51342286886204,86.69204761904763
2025-09-06 13:53:00+02:00,108.92093652853497,98.05568734806512,121.51342286886204,85.34240343915344
2025-09-06 13:54:00+02:00,108.92093652853497,98.05568734806512,121.51342286886204,104.84343915343916
2025-09-06 13:55:00+02:00,108.92093652853497,98.05568734806512,121.51342286886204,108.667882751938
2025-09-06 13:56:00+02:00,108.92093652853497,98.05568734806512,121.51342286886204,102.3347435897436
2025-09-06 13:57:00+02:00,108.92093652853497,98.05568734806512,121.51342286886204,93.6533173076923
2025-09-06 13:58:00+02:00,108.92093652853497,98.05568734806512,121.51342286886204,86.37328947368421
2025-09-06 13:59:00+02:00,108.92093652853497,98.05568734806512,121.51342286886204,81.88696575342466
2025-09-06 14:00:00+02:00,108.92093652853497,98.05568734806512,121.51342286886204,80.20827829419439
2025-09-06 14:01:00+02:00,108.92093652853497,98.05568734806512,121.51342286886204,76.06799198833573
2025-09-06 14:02:00+02:00,108.92093652853497,98.05568734806512,28.0415188963436,67.10701923076923
2025-09-06 14:03:00+02:00,25.653784775069383,98.05568734806512,28.0415188963436,52.76726851851851
2025-09-06 14:04:00+02:00,25.653784775069383,24.36748057168172,28.0415188963436,45.162123263888894
2025-09-06 14:05:00+02:00,25.653784775069383,24.36748057168172,28.0415188963436,45.9596342737722
2025-09-06 14:06:00+02:00,108.92093652853497,98.05568734806512,28.0415188963436,48.44399990761272
2025-09-06 14:07:00+02:00,108.92093652853497,98.05568734806512,28.0415188963436,54.6892297979798
2025-09-06 14:08:00+02:00,108.92093652853497,98.05568734806512,121.51342286886204,64.57324705387207
2025-09-06 14:09:00+02:00,108.92093652853497,98.05568734806512,121.51342286886204,71.85544041647667
2025-09-06 14:10:00+02:00,108.92093652853497,98.05568734806512,121.51342286886204,74.44307170542636
2025-09-06 14:11:00+02:00,108.92093652853497,98.05568734806512,121.51342286886204,78.02266741071428
2025-09-06 14:12:00+02:00,108.92093652853497,98.05568734806512,121.51342286886204,80.56883333333333
2025-09-06 14:13:00+02:00,108.92093652853497,98.05568734806512,121.51342286886204,82.26415511551154
2025-09-06 14:14:00+02:00,108.92093652853497,98.05568734806512,121.51342286886204,83.19787997220773
2025-09-06 14:15:00+02:00,108.92093652853497,98.05568734806512,121.51342286886204,83.15776315789476
2025-09-06 14:16:00+02:00,108.92093652853497,98.05568734806512,121.51342286886204,82.51039473684214
2025-09-06 14:17:00+02:00,108.92093652853497,98.05568734806512,121.51342286886204,81.66279135338345
2025-09-06 14:18:00+02:00,108.92093652853497,98.05568734806512,121.51342286886204,79.52391046741276
2025-09-06 14:19:00+02:00,108.92093652853497,98.05568734806512,121.51342286886204,76.27589989143921
2025-09-06 14:20:00+02:00,108.92093652853497,98.05568734806512,121.51342286886204,70.32018079278812
2025-09-06 14:21:00+02:00,108.92093652853497,98.05568734806512,121.51342286886204,66.48100960855356
2025-09-06 14:22:00+02:00,108.92093652853497,98.05568734806512,121.51342286886204,68.82967147435896
2025-09-06 14:23:00+02:00,108.92093652853497,98.05568734806512,121.51342286886204,69.11998931623928
2025-09-06 14:24:00+02:00,108.92093652853497,98.05568734806512,121.51342286886204,69.3212713675213
2025-09-06 14:25:00+02:00,108.92093652853497,98.05568734806512,121.51342286886204,69.52255341880333
2025-09-06 14:26:00+02:00,108.92093652853497,98.05568734806512,121.51342286886204,69.72383547008535
2025-09-06 14:27:00+02:00,108.92093652853497,98.05568734806512,121.51342286886204,69.9251175213674
2025-09-06 14:28:00+02:00,108.92093652853497,98.05568734806512,121.51342286886204,70.1263995726495
2025-09-06 14:29:00+02:00,108.92093652853497,98.05568734806512,121.51342286886204,70.32768162393161
2025-09-06 14:30:00+02:00,108.92093652853497,98.05568734806512,121.51342286886204,71.30591262595524
2025-09-06 14:31:00+02:00,108.92093652853497,98.05568734806512,121.51342286886204,72.71252688172042
2025-09-06 14:32:00+02:00,108.92093652853497,98.05568734806512,121.51342286886204,74.42959901433692
2025-09-06 14:33:00+02:00,108.92093652853497,98.05568734806512,121.51342286886204,80.06511103479853
2025-09-06 14:34:00+02:00,108.92093652853497,98.05568734806512,121.51342286886204,89.89892094017095
2025-09-06 14:35:00+02:00,108.92093652853497,98.05568734806512,121.51342286886204,102.6704398148148
2025-09-06 14:36:00+02:00,108.92093652853497,98.05568734806512,121.51342286886204,109.07994565217392
2025-09-06 14:37:00+02:00,108.92093652853497,98.05568734806512,121.51342286886204,111.17359860248446
2025-09-06 14:38:00+02:00,108.92093652853497,98.05568734806512,121.51342286886204,111.880248015873
2025-09-06 14:39:00+02:00,108.92093652853497,98.05568734806512,121.51342286886204,111.18357142857144
2025-09-06 14:40:00+02:00,108.92093652853497,98.05568734806512,121.51342286886204,109.90829781105992
2025-09-06 14:41:00+02:00,108.92093652853497,98.05568734806512,121.51342286886204,107.58401785714284
2025-09-06 14:42:00+02:00,108.92093652853497,98.05568734806512,121.51342286886204,105.81095547309832
2025-09-06 14:43:00+02:00,108.92093652853497,98.05568734806512,121.51342286886204,104.51378787878788
2025-09-06 14:44:00+02:00,108.92093652853497,98.05568734806512,121.51342286886204,102.58773737373735
2025-09-06 14:45:00+02:00,108.92093652853497,98.05568734806512,121.51342286886204,98.41904616013072
2025-09-06 14:46:00+02:00,108.92093652853497,98.05568734806512,121.51342286886204,95.82413793103446
2025-09-06 14:47:00+02:00,108.92093652853497,98.05568734806512,121.51342286886204,93.34445945945946
2025-09-06 14:48:00+02:00,108.92093652853497,98.05568734806512,121.51342286886204,92.4432380952381
2025-09-06 14:49:00+02:00,108.92093652853497,98.05568734806512,121.51342286886204,93.42690929705216
2025-09-06 14:50:00+02:00,108.92093652853497,98.05568734806512,121.51342286886204,95.71888274754347
2025-09-06 14:51:00+02:00,108.92093652853497,98.05568734806512,121.51342286886204,101.72542906746033
2025-09-06 14:52:00+02:00,108.92093652853497,98.05568734806512,121.51342286886204,106.335843837535
2025-09-06 14:53:00+02:00,108.92093652853497,98.05568734806512,121.51342286886204,107.9888900560224
2025-09-06 14:54:00+02:00,108.92093652853497,98.05568734806512,121.51342286886204,106.55854779411766
2025-09-06 14:55:00+02:00,108.92093652853497,98.05568734806512,121.51342286886204,104.94306966726084
2025-09-06 14:56:00+02:00,108.92093652853497,98.05568734806512,121.51342286886204,102.18675757575755
2025-09-06 14:57:00+02:00,108.92093652853497,98.05568734806512,121.51342286886204,99.1642101042502
2025-09-06 14:58:00+02:00,108.92093652853497,98.05568734806512,121.51342286886204,96.94455426356588
2025-09-06 14:59:00+02:00,108.92093652853497,98.05568734806512,121.51342286886204,94.5789537037037
2025-09-06 15:00:00+02:00,108.92093652853497,98.05568734806512,121.51342286886204,91.6151388888889
2025-09-06 15:01:00+02:00,108.92093652853497,98.05568734806512,121.51342286886204,89.23547297297297
2025-09-06 15:02:00+02:00,108.92093652853497,98.05568734806512,121.51342286886204,87.93542792792793
2025-09-06 15:03:00+02:00,108.92093652853497,98.05568734806512,121.51342286886204,86.64874155405404
2025-09-06 15:04:00+02:00,108.92093652853497,98.05568734806512,121.51342286886204,84.68302526595745
2025-09-06 15:05:00+02:00,108.92093652853497,98.05568734806512,121.51342286886204,82.80180360065468
2025-09-06 15:06:00+02:00,108.92093652853497,98.05568734806512,121.51342286886204,81.45769088319089
2025-09-06 15:07:00+02:00,108.92093652853497,98.05568734806512,121.51342286886204,80.5129166666667
2025-09-06 15:08:00+02:00,108.92093652853497,98.05568734806512,121.51342286886204,79.49406310916179
2025-09-06 15:09:00+02:00,108.92093652853497,98.05568734806512,121.51342286886204,78.28537836669138
2025-09-06 15:10:00+02:00,108.92093652853497,98.05568734806512,121.51342286886204,76.94987146925268
2025-09-06 15:11:00+02:00,108.92093652853497,98.05568734806512,121.51342286886204,75.54297317436662
2025-09-06 15:12:00+02:00,108.92093652853497,98.05568734806512,121.51342286886204,75.00272727272723
2025-09-06 15:13:00+02:00,108.92093652853497,98.05568734806512,121.51342286886204,74.67545454545446
2025-09-06 15:14:00+02:00,108.92093652853497,98.05568734806512,121.51342286886204,74.34818181818174
2025-09-06 15:15:00+02:00,108.92093652853497,98.05568734806512,121.51342286886204,74.02090909090906
2025-09-06 15:16:00+02:00,108.92093652853497,98.05568734806512,121.51342286886204,73.08373379296152
2025-09-06 15:17:00+02:00,108.92093652853497,98.05568734806512,121.51342286886204,72.80659292035399
2025-09-06 15:18:00+02:00,108.92093652853497,98.05568734806512,121.51342286886204,73.94616795722715
2025-09-06 15:19:00+02:00,108.92093652853497,98.05568734806512,121.51342286886204,81.62792144892144
2025-09-06 15:20:00+02:00,108.92093652853497,98.05568734806512,121.51342286886204,99.38819444444444
2025-09-06 15:21:00+02:00,108.92093652853497,98.05568734806512,187.42706380110675,125.2319246031746
2025-09-06 15:22:00+02:00,198.4678108071874,202.0076426902852,187.42706380110675,153.05017857142855
2025-09-06 15:23:00+02:00,198.4678108071874,202.0076426902852,187.42706380110675,188.5102083333333
2025-09-06 15:24:00+02:00,280.837333004333,285.9142456346197,278.72148851667674,319.3983333333333
2025-09-06 15:25:00+02:00,467.265818025972,483.884587871218,484.19190513874526,462.7136111111111
2025-09-06 15:26:00+02:00,467.265818025972,483.884587871218,484.19190513874526,517.3198703703704
2025-09-06 15:27:00+02:00,467.265818025972,483.884587871218,484.19190513874526,495.27484126984126
2025-09-06 15:28:00+02:00,467.265818025972,483.884587871218,484.19190513874526,461.6320092592593
2025-09-06 15:29:00+02:00,467.265818025972,483.884587871218,484.19190513874526,432.8047222222222
2025-09-06 15:30:00+02:00,467.265818025972,483.884587871218,399.1734106869087,417.0533680555556
2025-09-06 15:31:00+02:00,382.3126886205207,395.0865959287336,399.1734106869087,391.2616452991453
2025-09-06 15:32:00+02:00,382.3126886205207,395.0865959287336,399.1734106869087,300.79979166666664
2025-09-06 15:33:00+02:00,280.837333004333,285.9142456346197,278.72148851667674,230.6255555555556
2025-09-06 15:34:00+02:00,280.837333004333,285.9142456346197,278.72148851667674,202.54088575268813
2025-09-06 15:35:00+02:00,198.4678108071874,202.0076426902852,278.72148851667674,184.29667094017097
2025-09-06 15:36:00+02:00,198.4678108071874,202.0076426902852,187.42706380110675,173.15621693121693
2025-09-06 15:37:00+02:00,198.4678108071874,202.0076426902852,187.42706380110675,155.26694444444442
2025-09-06 15:38:00+02:00,198.4678108071874,202.0076426902852,187.42706380110675,141.31838189588188
2025-09-06 15:39:00+02:00,198.4678108071874,202.0076426902852,187.42706380110675,146.44994052706554
2025-09-06 15:40:00+02:00,198.4678108071874,202.0076426902852,187.42706380110675,156.68482175925925
2025-09-06 15:41:00+02:00,198.4678108071874,202.0076426902852,187.42706380110675,162.96750925925926
2025-09-06 15:42:00+02:00,198.4678108071874,202.0076426902852,187.42706380110675,151.02556216931217
2025-09-06 15:43:00+02:00,198.4678108071874,202.0076426902852,187.42706380110675,130.45601190476188
2025-09-06 15:44:00+02:00,198.4678108071874,202.0076426902852,187.42706380110675,119.41144702842378
2025-09-06 15:45:00+02:00,198.4678108071874,202.0076426902852,187.42706380110675,120.39515180878554
2025-09-06 15:46:00+02:00,198.4678108071874,202.0076426902852,187.42706380110675,133.35849206349204
2025-09-06 15:47:00+02:00,198.4678108071874,202.0076426902852,187.42706380110675,151.18716826923077
2025-09-06 15:48:00+02:00,198.4678108071874,202.0076426902852,187.42706380110675,150.6391168091168
2025-09-06 15:49:00+02:00,198.4678108071874,202.0076426902852,187.42706380110675,143.03517195767196
2025-09-06 15:50:00+02:00,198.4678108071874,202.0076426902852,187.42706380110675,145.3549457671958
2025-09-06 15:51:00+02:00,198.4678108071874,202.0076426902852,187.42706380110675,163.5098544973545
2025-09-06 15:52:00+02:00,198.4678108071874,202.0076426902852,187.42706380110675,202.2247474747475
2025-09-06 15:53:00+02:00,198.4678108071874,202.0076426902852,278.72148851667674,202.1411557239057
2025-09-06 15:54:00+02:00,280.837333004333,285.9142456346197,278.72148851667674,220.39380291005293
2025-09-06 15:55:00+02:00,280.837333004333,285.9142456346197,278.72148851667674,301.4943055555555
2025-09-06 15:56:00+02:00,280.837333004333,395.0865959287336,399.1734106869087,335.024376984127
2025-09-06 15:57:00+02:00,280.837333004333,285.9142456346197,278.72148851667674,243.62329365079367
2025-09-06 15:58:00+02:00,198.4678108071874,202.0076426902852,278.72148851667674,202.8756086309524
2025-09-06 15:59:00+02:00,198.4678108071874,202.0076426902852,187.42706380110675,209.5580555555556
2025-09-06 16:00:00+02:00,198.4678108071874,202.0076426902852,187.42706380110675,172.37465656565655
2025-09-06 16:01:00+02:00,198.4678108071874,202.0076426902852,187.42706380110675,159.4041543179043
2025-09-06 16:02:00+02:00,198.4678108071874,202.0076426902852,187.42706380110675,171.18541666666667
2025-09-06 16:03:00+02:00,198.4678108071874,202.0076426902852,187.42706380110675,165.81820436507937
2025-09-06 16:04:00+02:00,198.4678108071874,202.0076426902852,187.42706380110675,153.6225
2025-09-06 16:05:00+02:00,198.4678108071874,202.0076426902852,187.42706380110675,143.96052884615384
2025-09-06 16:06:00+02:00,198.4678108071874,202.0076426902852,187.42706380110675,136.61634528423775
2025-09-06 16:07:00+02:00,198.4678108071874,98.05568734806512,187.42706380110675,135.50704192546584
2025-09-06 16:08:00+02:00,108.92093652853497,98.05568734806512,187.42706380110675,133.55761574074072
2025-09-06 16:09:00+02:00,198.4678108071874,98.05568734806512,187.42706380110675,121.97941287878788
2025-09-06 16:10:00+02:00,108.92093652853497,98.05568734806512,187.42706380110675,140.95424206349205
2025-09-06 16:11:00+02:00,108.92093652853497,98.05568734806512,121.51342286886204,118.75723379629628
2025-09-06 16:12:00+02:00,108.92093652853497,98.05568734806512,121.51342286886204,102.3584074074074
2025-09-06 16:13:00+02:00,108.92093652853497,98.05568734806512,121.51342286886204,89.28029131054132
2025-09-06 16:14:00+02:00,108.92093652853497,98.05568734806512,121.51342286886204,80.54912898212899
2025-09-06 16:15:00+02:00,108.92093652853497,98.05568734806512,121.51342286886204,75.06595996732027
2025-09-06 16:16:00+02:00,108.92093652853497,98.05568734806512,121.51342286886204,74.65588235294119
2025-09-06 16:17:00+02:00,108.92093652853497,98.05568734806512,121.51342286886204,76.7560407239819
2025-09-06 16:18:00+02:00,108.92093652853497,98.05568734806512,121.51342286886204,80.49819444444445
2025-09-06 16:19:00+02:00,108.92093652853497,98.05568734806512,121.51342286886204,81.58500000000002
2025-09-06 16:20:00+02:00,108.92093652853497,98.05568734806512,121.51342286886204,80.98500000000004
2025-09-06 16:21:00+02:00,108.92093652853497,98.05568734806512,121.51342286886204,80.57253546099292
2025-09-06 16:22:00+02:00,108.92093652853497,98.05568734806512,121.51342286886204,81.0868085106383
2025-09-06 16:23:00+02:00,108.92093652853497,98.05568734806512,121.51342286886204,81.81398936170213
2025-09-06 16:24:00+02:00,108.92093652853497,98.05568734806512,121.51342286886204,84.69811355311356
2025-09-06 16:25:00+02:00,108.92093652853497,98.05568734806512,121.51342286886204,87.81175675675676
2025-09-06 16:26:00+02:00,108.92093652853497,98.05568734806512,121.51342286886204,89.53706393140128
2025-09-06 16:27:00+02:00,108.92093652853497,98.05568734806512,121.51342286886204,88.42485567269075
2025-09-06 16:28:00+02:00,108.92093652853497,98.05568734806512,121.51342286886204,85.51474405025051
2025-09-06 16:29:00+02:00,108.92093652853497,98.05568734806512,121.51342286886204,83.81616440019427
2025-09-06 16:30:00+02:00,108.92093652853497,98.05568734806512,121.51342286886204,84.67694173103135
2025-09-06 16:31:00+02:00,108.92093652853497,98.05568734806512,121.51342286886204,84.45116935483874
2025-09-06 16:32:00+02:00,108.92093652853497,98.05568734806512,121.51342286886204,83.57490495391706
2025-09-06 16:33:00+02:00,108.92093652853497,98.05568734806512,121.51342286886204,78.65630753968254
2025-09-06 16:34:00+02:00,108.92093652853497,98.05568734806512,121.51342286886204,71.25076417004048
2025-09-06 16:35:00+02:00,108.92093652853497,98.05568734806512,28.0415188963436,67.45991143127065
2025-09-06 16:36:00+02:00,108.92093652853497,98.05568734806512,28.0415188963436,68.23366836572156
2025-09-06 16:37:00+02:00,108.92093652853497,98.05568734806512,28.0415188963436,69.7146750926862
2025-09-06 16:38:00+02:00,108.92093652853497,98.05568734806512,28.0415188963436,69.11756521739127
2025-09-06 16:39:00+02:00,108.92093652853497,98.05568734806512,28.0415188963436,68.25627210884353
2025-09-06 16:40:00+02:00,108.92093652853497,98.05568734806512,28.0415188963436,67.26367346938774
2025-09-06 16:41:00+02:00,25.653784775069383,98.05568734806512,28.0415188963436,65.42847523219815
2025-09-06 16:42:00+02:00,25.653784775069383,98.05568734806512,28.0415188963436,62.713093395252834
2025-09-06 16:43:00+02:00,25.653784775069383,24.36748057168172,28.0415188963436,59.37133567821068
2025-09-06 16:44:00+02:00,25.653784775069383,24.36748057168172,28.0415188963436,55.08445816864295
2025-09-06 16:45:00+02:00,25.653784775069383,24.36748057168172,28.0415188963436,49.76329797979798
2025-09-06 16:46:00+02:00,25.653784775069383,24.36748057168172,28.0415188963436,45.398921107628006
2025-09-06 16:47:00+02:00,25.653784775069383,24.36748057168172,28.0415188963436,42.39464352449445
2025-09-06 16:48:00+02:00,25.653784775069383,24.36748057168172,28.0415188963436,40.50921042053185
2025-09-06 16:49:00+02:00,25.653784775069383,24.36748057168172,28.0415188963436,39.36923469387754
2025-09-06 16:50:00+02:00,25.653784775069383,24.36748057168172,28.0415188963436,38.10781428571429
2025-09-06 16:51:00+02:00,25.653784775069383,24.36748057168172,28.0415188963436,37.40672981220657
2025-09-06 16:52:00+02:00,25.653784775069383,24.36748057168172,28.0415188963436,38.101584507042254
2025-09-06 16:53:00+02:00,25.653784775069383,24.36748057168172,28.0415188963436,39.56376462478576
2025-09-06 16:54:00+02:00,25.653784775069383,24.36748057168172,28.0415188963436,43.45186360153257
2025-09-06 16:55:00+02:00,25.653784775069383,24.36748057168172,28.0415188963436,46.90889508856682
2025-09-06 16:56:00+02:00,25.653784775069383,24.36748057168172,28.0415188963436,48.742207147325615
2025-09-06 16:57:00+02:00,25.653784775069383,24.36748057168172,28.0415188963436,49.16359712230215
2025-09-06 16:58:00+02:00,25.653784775069383,24.36748057168172,28.0415188963436,49.51755395683452
2025-09-06 16:59:00+02:00,25.653784775069383,24.36748057168172,28.0415188963436,49.87151079136689
2025-09-06 17:00:00+02:00,25.653784775069383,24.36748057168172,28.0415188963436,50.23248337179312
2025-09-06 17:01:00+02:00,25.653784775069383,24.36748057168172,28.0415188963436,51.55898879716981
2025-09-06 17:02:00+02:00,25.653784775069383,24.36748057168172,28.0415188963436,53.04656249999999
2025-09-06 17:03:00+02:00,25.653784775069383,98.05568734806512,28.0415188963436,54.12980595501475
2025-09-06 17:04:00+02:00,25.653784775069383,98.05568734806512,28.0415188963436,54.9662389380531
2025-09-06 17:05:00+02:00,25.653784775069383,98.05568734806512,28.0415188963436,55.98000000000001
2025-09-06 17:06:00+02:00,25.653784775069383,98.05568734806512,28.0415188963436,57.26782258064515
2025-09-06 17:07:00+02:00,25.653784775069383,98.05568734806512,28.0415188963436,59.14094870071685
2025-09-06 17:08:00+02:00,25.653784775069383,98.05568734806512,28.0415188963436,63.11255636724388
2025-09-06 17:09:00+02:00,25.653784775069383,98.05568734806512,28.0415188963436,66.19231962481962
2025-09-06 17:10:00+02:00,25.653784775069383,98.05568734806512,28.0415188963436,65.6188095238095
2025-09-06 17:11:00+02:00,25.653784775069383,98.05568734806512,28.0415188963436,64.02711640211639
2025-09-06 17:12:00+02:00,25.653784775069383,24.36748057168172,28.0415188963436,58.21436458333333
2025-09-06 17:13:00+02:00,25.653784775069383,24.36748057168172,28.0415188963436,51.3380967911231
2025-09-06 17:14:00+02:00,25.653784775069383,24.36748057168172,28.0415188963436,45.90461538461539
2025-09-06 17:15:00+02:00,25.653784775069383,24.36748057168172,28.0415188963436,43.69268136335211
2025-09-06 17:16:00+02:00,25.653784775069383,24.36748057168172,28.0415188963436,44.37048780487808
2025-09-06 17:17:00+02:00,25.653784775069383,24.36748057168172,28.0415188963436,45.83698277545839
2025-09-06 17:18:00+02:00,25.653784775069383,24.36748057168172,28.0415188963436,48.41027356624918
2025-09-06 17:19:00+02:00,25.653784775069383,24.36748057168172,28.0415188963436,51.3021543040293
2025-09-06 17:20:00+02:00,25.653784775069383,24.36748057168172,28.0415188963436,54.428126780626776
2025-09-06 17:21:00+02:00,25.653784775069383,24.36748057168172,28.0415188963436,57.85403403403404
2025-09-06 17:22:00+02:00,25.653784775069383,24.36748057168172,28.0415188963436,60.05823858341101
2025-09-06 17:23:00+02:00,25.653784775069383,24.36748057168172,28.0415188963436,61.62322988505748
2025-09-06 17:24:00+02:00,25.653784775069383,24.36748057168172,28.0415188963436,66.7912933671076
2025-09-06 17:25:00+02:00,25.653784775069383,24.36748057168172,28.0415188963436,69.44828947368421
2025-09-06 17:26:00+02:00,25.653784775069383,24.36748057168172,28.0415188963436,67.19009159482759
2025-09-06 17:27:00+02:00,25.653784775069383,24.36748057168172,28.0415188963436,65.60185763888889
2025-09-06 17:28:00+02:00,25.653784775069383,24.36748057168172,28.0415188963436,62.3036038961039
2025-09-06 17:29:00+02:00,25.653784775069383,24.36748057168172,28.0415188963436,58.94915
2025-09-06 17:30:00+02:00,25.653784775069383,24.36748057168172,28.0415188963436,57.462672199730086
2025-09-06 17:31:00+02:00,25.653784775069383,24.36748057168172,28.0415188963436,57.71850202429148
2025-09-06 17:32:00+02:00,25.653784775069383,98.05568734806512,28.0415188963436,58.082874493927086
2025-09-06 17:33:00+02:00,25.653784775069383,98.05568734806512,28.0415188963436,58.447246963562726
2025-09-06 17:34:00+02:00,25.653784775069383,98.05568734806512,28.0415188963436,59.14225737093712
2025-09-06 17:35:00+02:00,25.653784775069383,98.05568734806512,28.0415188963436,60.983439844401225
2025-09-06 17:36:00+02:00,25.653784775069383,98.05568734806512,28.0415188963436,62.38557614092872
2025-09-06 17:37:00+02:00,25.653784775069383,98.05568734806512,28.0415188963436,62.114771689497736
2025-09-06 17:38:00+02:00,25.653784775069383,98.05568734806512,28.0415188963436,61.68463470319636
2025-09-06 17:39:00+02:00,25.653784775069383,98.05568734806512,28.0415188963436,61.25449771689498
2025-09-06 17:40:00+02:00,25.653784775069383,98.05568734806512,28.0415188963436,60.59702661244293
2025-09-06 17:41:00+02:00,25.653784775069383,98.05568734806512,28.0415188963436,59.6008621031746
2025-09-06 17:42:00+02:00,25.653784775069383,98.05568734806512,28.0415188963436,58.336047619047626
2025-09-06 17:43:00+02:00,25.653784775069383,98.05568734806512,28.0415188963436,56.60424293785311
2025-09-06 17:44:00+02:00,25.653784775069383,24.36748057168172,28.0415188963436,54.83942188937065
2025-09-06 17:45:00+02:00,25.653784775069383,24.36748057168172,28.0415188963436,52.96863372093024
2025-09-06 17:46:00+02:00,25.653784775069383,24.36748057168172,28.0415188963436,51.48316939890711
2025-09-06 17:47:00+02:00,25.653784775069383,24.36748057168172,28.0415188963436,49.86195293094883
2025-09-06 17:48:00+02:00,25.653784775069383,24.36748057168172,28.0415188963436,48.12364973262032
2025-09-06 17:49:00+02:00,25.653784775069383,24.36748057168172,28.0415188963436,47.001691176470594
2025-09-06 17:50:00+02:00,25.653784775069383,24.36748057168172,28.0415188963436,45.60888333333333
2025-09-06 17:51:00+02:00,25.653784775069383,24.36748057168172,28.0415188963436,43.64585384615384
2025-09-06 17:52:00+02:00,25.653784775069383,24.36748057168172,28.0415188963436,40.15450162156685
2025-09-06 17:53:00+02:00,25.653784775069383,24.36748057168172,28.0415188963436,36.02532407407408
2025-09-06 17:54:00+02:00,25.653784775069383,24.36748057168172,28.0415188963436,33.35797271985461
2025-09-06 17:55:00+02:00,25.653784775069383,24.36748057168172,28.0415188963436,31.584431698905387
2025-09-06 17:56:00+02:00,25.653784775069383,24.36748057168172,28.0415188963436,30.49230769230769
2025-09-06 17:57:00+02:00,25.653784775069383,24.36748057168172,28.0415188963436,29.64486866791745
2025-09-06 17:58:00+02:00,25.653784775069383,24.36748057168172,28.0415188963436,28.62426829268293
2025-09-06 17:59:00+02:00,25.653784775069383,24.36748057168172,28.0415188963436,27.64010055626872
2025-09-06 18:00:00+02:00,25.653784775069383,24.36748057168172,28.0415188963436,26.84763157894737
2025-09-06 18:01:00+02:00,25.653784775069383,24.36748057168172,28.0415188963436,26.600906148867324
2025-09-06 18:02:00+02:00,25.653784775069383,24.36748057168172,28.0415188963436,26.9348867313916
2025-09-06 18:03:00+02:00,25.653784775069383,24.36748057168172,28.0415188963436,27.268867313915862
2025-09-06 18:04:00+02:00,25.653784775069383,24.36748057168172,28.0415188963436,27.60284789644013
2025-09-06 18:05:00+02:00,25.653784775069383,24.36748057168172,28.0415188963436,27.9368284789644
2025-09-06 18:06:00+02:00,25.653784775069383,24.36748057168172,28.0415188963436,28.29419613962089
2025-09-06 18:07:00+02:00,25.653784775069383,24.36748057168172,28.0415188963436,28.686726190476183
2025-09-06 18:08:00+02:00,25.653784775069383,24.36748057168172,28.0415188963436,29.07958333333333
2025-09-06 18:09:00+02:00,25.653784775069383,24.36748057168172,28.0415188963436,29.472440476190467
2025-09-06 18:10:00+02:00,25.653784775069383,24.36748057168172,28.0415188963436,29.915743714711837
2025-09-06 18:11:00+02:00,25.653784775069383,24.36748057168172,28.0415188963436,30.50979865771811
2025-09-06 18:12:00+02:00,25.653784775069383,24.36748057168172,28.0415188963436,31.14688114562197
2025-09-06 18:13:00+02:00,25.653784775069383,24.36748057168172,28.0415188963436,32.70497606019152
2025-09-06 18:14:00+02:00,25.653784775069383,24.36748057168172,28.0415188963436,33.907795624159824
2025-09-06 18:15:00+02:00,25.653784775069383,24.36748057168172,28.0415188963436,34.51251773049645
2025-09-06 18:16:00+02:00,25.653784775069383,24.36748057168172,28.0415188963436,34.7777659574468
2025-09-06 18:17:00+02:00,25.653784775069383,24.36748057168172,28.0415188963436,35.043014184397144
2025-09-06 18:18:00+02:00,25.653784775069383,24.36748057168172,28.0415188963436,35.30826241134749
2025-09-06 18:19:00+02:00,25.653784775069383,24.36748057168172,28.0415188963436,35.57351063829784
2025-09-06 18:20:00+02:00,25.653784775069383,24.36748057168172,28.0415188963436,35.83875886524819
2025-09-06 18:21:00+02:00,25.653784775069383,24.36748057168172,28.0415188963436,36.10400709219856
2025-09-06 18:22:00+02:00,25.653784775069383,24.36748057168172,28.0415188963436,35.73156249999999
2025-09-06 18:23:00+02:00,25.653784775069383,24.36748057168172,27.05975852736106,34.42046401515151
2025-09-06 18:24:00+02:00,25.493009830846184,24.36748057168172,25.493009830846184,32.285725267379675
2025-09-06 18:25:00+02:00,23.973419719127605,23.973419719127605,23.973419719127605,30.30850354030501
2025-09-06 18:26:00+02:00,22.501492320790064,22.501492320790064,22.501492320790064,28.88525267094017
2025-09-06 18:27:00+02:00,21.077692587456312,21.077692587456312,21.077692587456312,27.48621737466514
2025-09-06 18:28:00+02:00,19.70244661100439,19.70244661100439,19.70244661100439,26.097611940298503
2025-09-06 18:29:00+02:00,18.376136602966582,18.376136602966582,18.376136602966582,25.551226765799257
2025-09-06 18:30:00+02:00,17.099096707888904,17.099096707888904,17.099096707888904,25.885799256505575
2025-09-06 18:31:00+02:00,15.871608660178158,15.871608660178158,15.871608660178158,26.2203717472119
2025-09-06 18:32:00+02:00,14.693897245832972,14.693897245832972,14.693897245832972,26.55494423791822
2025-09-06 18:33:00+02:00,13.566125620429789,13.566125620429789,13.566125620429789,27.102989360338423
2025-09-06 18:34:00+02:00,12.4704064012309,12.4704064012309,12.4704064012309,28.73612818590705
2025-09-06 18:35:00+02:00,11.423114237563002,11.423114237563002,11.423114237563002,29.90961738257377
2025-09-06 18:36:00+02:00,10.432294283197832,10.432294283197832,10.432294283197832,29.416807228915676
2025-09-06 18:37:00+02:00,9.497139223214027,9.497139223214027,9.497139223214027,28.874638554216872
2025-09-06 18:38:00+02:00,8.616749015669333,8.616749015669333,8.616749015669333,28.9040625
2025-09-06 18:39:00+02:00,7.790132869563799,7.790132869563799,7.790132869563799,29.4665625
2025-09-06 18:40:00+02:00,7.016208326196007,7.016208326196007,7.016208326196007,29.942279317010307
2025-09-06 18:41:00+02:00,6.293801549511001,6.293801549511001,6.293801549511001,29.34
2025-09-06 18:42:00+02:00,5.621648123523179,5.621648123523179,5.621648123523179,28.174562732309425
2025-09-06 18:43:00+02:00,4.998394382074374,4.998394382074374,4.998394382074374,26.586921768707484
2025-09-06 18:44:00+02:00,4.422599254342244,4.422599254342244,4.422599254342244,25.394632327132328
2025-09-06 18:45:00+02:00,3.9476427791823454,3.9476427791823454,3.9476427791823454,24.050470085470085
2025-09-06 18:46:00+02:00,3.521238001333605,3.521238001333605,3.521238001333605,21.979644334160465
2025-09-06 18:47:00+02:00,3.120198961041443,3.120198961041443,3.120198961041443,20.2484872080089
2025-09-06 18:48:00+02:00,2.7451936693321084,2.7451936693321084,2.7451936693321084,17.951391283524902
2025-09-06 18:49:00+02:00,2.3967347291411025,2.3967347291411025,2.3967347291411025,13.895297619047618
2025-09-06 18:50:00+02:00,2.2488199665259154,2.2488199665259154,2.2488199665259154,11.176118188512518
2025-09-06 18:51:00+02:00,1.9305688085375816,1.9305688085375816,1.9305688085375816,10.406932989690718
2025-09-06 18:52:00+02:00,1.6411702991559405,1.6411702991559405,1.6411702991559405,9.8966237113402
2025-09-06 18:53:00+02:00,1.3803589703421106,1.3803589703421106,1.3803589703421106,9.326445244115927
2025-09-06 18:54:00+02:00,1.146252950535135,1.146252950535135,1.146252950535135,7.747693492491336
2025-09-06 18:55:00+02:00,0.9392845237653218,0.9392845237653218,0.9392845237653218,6.187398573887386
2025-09-06 18:56:00+02:00,0.7591898613272773,0.7591898613272773,0.7591898613272773,5.899913941480204
2025-09-06 18:57:00+02:00,0.6044483590372803,0.6044483590372803,0.6044483590372803,5.753270223752146
2025-09-06 18:58:00+02:00,0.4733216201267603,0.4733216201267603,0.4733216201267603,5.606626506024089
2025-09-06 18:59:00+02:00,0.3638850262697767,0.3638850262697767,0.3638850262697767,5.459982788296031
2025-09-06 19:00:00+02:00,0.2740685819171231,0.2740685819171231,0.2740685819171231,5.313339070567974
2025-09-06 19:01:00+02:00,0.2017048807433281,0.2017048807433281,0.2017048807433281,5.166695352839921
2025-09-06 19:02:00+02:00,0.144583760288435,0.144583760288435,0.144583760288435,5.0200516351118685
2025-09-06 19:03:00+02:00,0.1005098410750667,0.1005098410750667,0.1005098410750667,4.873407917383816
2025-09-06 19:04:00+02:00,0.0673600867715169,0.0673600867715169,0.0673600867715169,4.726764199655764
2025-09-06 19:05:00+02:00,0.0431375781401626,0.0431375781401626,0.0431375781401626,4.460208202191301
2025-09-06 19:06:00+02:00,0.0260177560321135,0.0260177560321135,0.0260177560321135,3.947352941176472
2025-09-06 19:07:00+02:00,0.0002039963508683,0.0002039963508683,0.0002039963508683,3.4179411764705887
2025-09-06 19:08:00+02:00,9.695225522894196e-05,9.695225522894196e-05,9.695225522894196e-05,2.936317016317016
2025-09-06 19:09:00+02:00,3.200090728755885e-05,3.200090728755885e-05,3.200090728755885e-05,2.597499999999998
2025-09-06 19:10:00+02:00,0.0,0.0,0.0,2.268129370629368
2025-09-06 19:11:00+02:00,0.0,0.0,0.0,1.93875874125874
2025-09-06 19:12:00+02:00,0.0,0.0,0.0,1.609388111888111
2025-09-06 19:13:00+02:00,0.0,0.0,0.0,1.371522020362227
2025-09-06 19:14:00+02:00,0.0,0.0,0.0,1.2554639175257738
2025-09-06 19:15:00+02:00,0.0,0.0,0.0,1.140000000000001
2025-09-06 19:16:00+02:00,0.0,0.0,0.0,1.0245360824742282
2025-09-06 19:17:00+02:00,0.0,0.0,0.0,0.909072164948455
2025-09-06 19:18:00+02:00,0.0,0.0,0.0,0.7936082474226817
2025-09-06 19:19:00+02:00,0.0,0.0,0.0,0.6781443298969081
2025-09-06 19:20:00+02:00,0.0,0.0,0.0,0.5626804123711346
2025-09-06 19:21:00+02:00,0.0,0.0,0.0,0.4472164948453611
2025-09-06 19:22:00+02:00,0.0,0.0,0.0,0.3338633131887665
2025-09-06 19:23:00+02:00,0.0,0.0,0.0,0.2775000000000001
2025-09-06 19:24:00+02:00,0.0,0.0,0.0,0.2464655172413797
2025-09-06 19:25:00+02:00,0.0,0.0,0.0,0.2154310344827589
2025-09-06 19:26:00+02:00,0.0,0.0,0.0,0.1843965517241381
2025-09-06 19:27:00+02:00,0.0,0.0,0.0,0.1533620689655174
2025-09-06 19:28:00+02:00,0.0,0.0,0.0,0.1223275862068967
2025-09-06 19:29:00+02:00,0.0,0.0,0.0,0.0912931034482759
2025-09-06 19:30:00+02:00,0.0,0.0,0.0,0.0602586206896551
2025-09-06 19:31:00+02:00,0.0,0.0,0.0,0.0292241379310344
2025-09-06 19:32:00+02:00,0.0,0.0,0.0,0.0061798919817199
2025-09-06 19:33:00+02:00,0.0,0.0,0.0,0.0176850258175558
2025-09-06 19:34:00+02:00,0.0,0.0,0.0,0.0331755593803786
2025-09-06 19:35:00+02:00,0.0,0.0,0.0,0.0486660929432013
2025-09-06 19:36:00+02:00,0.0,0.0,0.0,0.064156626506024
2025-09-06 19:37:00+02:00,0.0,0.0,0.0,0.0796471600688467
2025-09-06 19:38:00+02:00,0.0,0.0,0.0,0.0951376936316694
2025-09-06 19:39:00+02:00,0.0,0.0,0.0,0.1106282271944922
2025-09-06 19:40:00+02:00,0.0,0.0,0.0,0.1261187607573149
2025-09-06 19:41:00+02:00,0.0,0.0,0.0,0.1416092943201377
2025-09-06 19:42:00+02:00,0.0,0.0,0.0,0.15
2025-09-06 19:43:00+02:00,0.0,0.0,0.0,0.15
2025-09-06 19:44:00+02:00,0.0,0.0,0.0,0.15
2025-09-06 19:45:00+02:00,0.0,0.0,0.0,0.15
2025-09-06 19:46:00+02:00,0.0,0.0,0.0,0.15
2025-09-06 19:47:00+02:00,0.0,0.0,0.0,0.15
2025-09-06 19:48:00+02:00,0.0,0.0,0.0,0.15
2025-09-06 19:49:00+02:00,0.0,0.0,0.0,0.15
2025-09-06 19:50:00+02:00,0.0,0.0,0.0,0.15
2025-09-06 19:51:00+02:00,0.0,0.0,0.0,0.1502405498281787
2025-09-06 19:52:00+02:00,0.0,0.0,0.0,0.1554725085910652
2025-09-06 19:53:00+02:00,0.0,0.0,0.0,0.162689003436426
2025-09-06 19:54:00+02:00,0.0,0.0,0.0,0.1699054982817868
2025-09-06 19:55:00+02:00,0.0,0.0,0.0,0.1771219931271476
2025-09-06 19:56:00+02:00,0.0,0.0,0.0,0.1843384879725084
2025-09-06 19:57:00+02:00,0.0,0.0,0.0,0.1915549828178692
2025-09-06 19:58:00+02:00,0.0,0.0,0.0,0.19877147766323
2025-09-06 19:59:00+02:00,0.0,0.0,0.0,0.2059879725085908
2025-09-06 20:00:00+02:00,0.0,0.0,0.0,0.2132044673539517
2025-09-07 05:00:00+02:00,0.0,0.0,0.0,0.1027022375215147
2025-09-07 05:01:00+02:00,0.0,0.0,0.0,0.0944406196213426
2025-09-07 05:02:00+02:00,0.0,0.0,0.0,0.0861790017211704
2025-09-07 05:03:00+02:00,0.0,0.0,0.0,0.0779173838209982
2025-09-07 05:04:00+02:00,0.0,0.0,0.0,0.0724697806002334
2025-09-07 05:05:00+02:00,0.0,0.0,0.0,0.0793103448275861
2025-09-07 05:06:00+02:00,0.0,0.0,0.0,0.0875862068965515
2025-09-07 05:07:00+02:00,0.0,0.0,0.0,0.095862068965517
2025-09-07 05:08:00+02:00,0.0,0.0,0.0,0.1041379310344826
2025-09-07 05:09:00+02:00,0.0,0.0,0.0,0.1124137931034481
2025-09-07 05:10:00+02:00,0.0,0.0,0.0,0.1206896551724137
2025-09-07 05:11:00+02:00,0.0,0.0,0.0,0.1289655172413791
2025-09-07 05:12:00+02:00,0.0,0.0,0.0,0.1372413793103446
2025-09-07 05:13:00+02:00,0.0,0.0,0.0,0.1455172413793103
2025-09-07 05:14:00+02:00,0.0,0.0,0.0,0.1533132530120481
2025-09-07 05:15:00+02:00,0.0,0.0,0.0,0.1605421686746986
2025-09-07 05:16:00+02:00,0.0,0.0,0.0,0.1677710843373491
2025-09-07 05:17:00+02:00,0.0,0.0,0.0,0.1749999999999996
2025-09-07 05:18:00+02:00,0.0,0.0,0.0,0.1822289156626503
2025-09-07 05:19:00+02:00,0.0,0.0,0.0,0.189457831325301
2025-09-07 05:20:00+02:00,0.0,0.0,0.0,0.1966867469879516
2025-09-07 05:21:00+02:00,0.0,0.0,0.0,0.2039156626506023
2025-09-07 05:22:00+02:00,0.0,0.0,0.0,0.2111445783132529
2025-09-07 05:23:00+02:00,0.0,0.0,0.0,0.2176914900983243
2025-09-07 05:24:00+02:00,0.0,0.0,0.0,0.204258620689655
2025-09-07 05:25:00+02:00,0.0,0.0,0.0,0.1814999999999998
2025-09-07 05:26:00+02:00,0.0,0.0,0.0,0.1587413793103445
2025-09-07 05:27:00+02:00,0.0,0.0,0.0,0.1359827586206893
2025-09-07 05:28:00+02:00,0.0,0.0,0.0,0.1132241379310342
2025-09-07 05:29:00+02:00,0.0,0.0,0.0,0.090465517241379
2025-09-07 05:30:00+02:00,0.0,0.0,0.0,0.0677068965517239
2025-09-07 05:31:00+02:00,0.0,0.0,0.0,0.0449482758620688
2025-09-07 05:32:00+02:00,0.0,0.0,0.0,0.0221896551724137
2025-09-07 05:33:00+02:00,0.0,0.0,0.0,0.0053852648418058
2025-09-07 05:34:00+02:00,0.0,0.0,0.0,0.0171391752577319
2025-09-07 05:35:00+02:00,0.0,0.0,0.0,0.0326030927835051
2025-09-07 05:36:00+02:00,0.0,0.0,0.0,0.0480670103092783
2025-09-07 05:37:00+02:00,0.0,0.0,0.0,0.0635309278350515
2025-09-07 05:38:00+02:00,0.0,0.0,0.0,0.0789948453608246
2025-09-07 05:39:00+02:00,0.0,0.0,0.0,0.0944587628865978
2025-09-07 05:40:00+02:00,0.0,0.0,0.0,0.109922680412371
2025-09-07 05:41:00+02:00,0.0,0.0,0.0,0.1253865979381442
2025-09-07 05:42:00+02:00,0.0,0.0,0.0,0.1408505154639174
2025-09-07 05:43:00+02:00,0.0,0.0,0.0,0.1720870300051457
2025-09-07 05:44:00+02:00,0.0,0.0,0.0,0.2256282271944921
2025-09-07 05:45:00+02:00,0.0,0.0,0.0,0.2793287435456108
2025-09-07 05:46:00+02:00,0.0,0.0,0.0,0.3330292598967294
2025-09-07 05:47:00+02:00,0.0,0.0,0.0,0.386729776247848
2025-09-07 05:48:00+02:00,0.0,0.0,0.0,0.4404302925989666
2025-09-07 05:49:00+02:00,0.0,0.0,0.0,0.4941308089500855
2025-09-07 05:50:00+02:00,0.0,0.0,0.0,0.5478313253012047
2025-09-07 05:51:00+02:00,0.0,0.0,0.0,0.6015318416523238
2025-09-07 05:52:00+02:00,0.0,0.0,0.0,0.65466570716363
2025-09-07 05:53:00+02:00,0.0,0.0,0.0,0.6925000000000003
2025-09-07 05:54:00+02:00,0.0,0.0,0.0,0.7235344827586214
2025-09-07 05:55:00+02:00,0.0,0.0,0.0,0.7545689655172425
2025-09-07 05:56:00+02:00,0.0,0.0,0.0,0.7856034482758635
2025-09-07 05:57:00+02:00,0.0,0.0,0.0,0.8166379310344841
2025-09-07 05:58:00+02:00,0.0,0.0,0.0,0.8476724137931044
2025-09-07 05:59:00+02:00,0.0,0.0,0.0,0.878706896551725
2025-09-07 06:00:00+02:00,2.862417936166701e-05,2.862417936166701e-05,2.862417936166701e-05,0.9097413793103452
2025-09-07 06:01:00+02:00,9.108813762477584e-05,9.108813762477584e-05,9.108813762477584e-05,0.9407758620689658
2025-09-07 06:02:00+02:00,0.0001944843644376,0.0001944843644376,0.0001944843644376,0.9706648626801524
2025-09-07 06:03:00+02:00,0.0249907093771093,0.0249907093771093,0.0249907093771093,0.9950514579759862
2025-09-07 06:04:00+02:00,0.0416256407845253,0.0416256407845253,0.0416256407845253,1.018722126929675
2025-09-07 06:05:00+02:00,0.0652120190438852,0.0652120190438852,0.0652120190438852,1.042392795883363
2025-09-07 06:06:00+02:00,0.0975505383183478,0.0975505383183478,0.0975505383183478,1.0660634648370506
2025-09-07 06:07:00+02:00,0.1406160782934483,0.1406160782934483,0.1406160782934483,1.0897341337907382
2025-09-07 06:08:00+02:00,0.1965125539173449,0.1965125539173449,0.1965125539173449,1.113404802744426
2025-09-07 06:09:00+02:00,0.2674200395318885,0.2674200395318885,0.2674200395318885,1.1370754716981135
2025-09-07 06:10:00+02:00,0.3555378513085876,0.3555378513085876,0.3555378513085876,1.1607461406518012
2025-09-07 06:11:00+02:00,0.4630272900930938,0.4630272900930938,0.4630272900930938,1.1844168096054888
2025-09-07 06:12:00+02:00,0.5919573768477099,0.5919573768477099,0.5919573768477099,1.2295926243567756
2025-09-07 06:13:00+02:00,0.7442562843994275,0.7442562843994275,0.7442562843994275,1.313224699828475
2025-09-07 06:14:00+02:00,0.921670531154429,0.921670531154429,0.921670531154429,1.397615780445971
2025-09-07 06:15:00+02:00,1.1257323288535572,1.1257323288535572,1.1257323288535572,1.482006861063467
2025-09-07 06:16:00+02:00,1.3569997557682574,1.3569997557682574,1.3569997557682574,1.566397941680962
2025-09-07 06:17:00+02:00,1.6146267308413786,1.6146267308413786,1.6146267308413786,1.6507890222984571
2025-09-07 06:18:00+02:00,1.900695863830961,1.900695863830961,1.900695863830961,1.735180102915953
2025-09-07 06:19:00+02:00,2.215495619887565,2.215495619887565,2.215495619887565,1.819571183533448
2025-09-07 06:20:00+02:00,2.3625620868234902,2.3625620868234902,2.3625620868234902,1.903962264150944
2025-09-07 06:21:00+02:00,2.707622650718444,2.707622650718444,2.707622650718444,1.9898309748427672
2025-09-07 06:22:00+02:00,3.079171424482204,3.079171424482204,3.079171424482204,2.205731132075472
2025-09-07 06:23:00+02:00,3.4767148136659896,3.4767148136659896,3.4767148136659896,2.502900943396227
2025-09-07 06:24:00+02:00,3.899603471056961,3.899603471056961,3.899603471056961,2.8000707547169816
2025-09-07 06:25:00+02:00,4.415074602862222,4.415074602862222,4.415074602862222,3.08646621554875
2025-09-07 06:26:00+02:00,4.991892565609979,4.991892565609979,4.991892565609979,3.3271989528795807
2025-09-07 06:27:00+02:00,5.616391406817791,5.616391406817791,5.616391406817791,3.562801047120418
2025-09-07 06:28:00+02:00,6.290013998287707,6.290013998287707,6.290013998287707,3.798403141361256
2025-09-07 06:29:00+02:00,7.014113942539543,7.014113942539543,7.014113942539543,4.034005235602094
2025-09-07 06:30:00+02:00,7.789953886525266,7.789953886525266,7.789953886525266,4.269607329842933
2025-09-07 06:31:00+02:00,8.61870436938064,8.61870436938064,8.61870436938064,4.521124927283305
2025-09-07 06:32:00+02:00,9.50144318833296,9.50144318833296,9.50144318833296,5.202361111111112
2025-09-07 06:33:00+02:00,10.439155282747338,10.439155282747338,10.439155282747338,6.073765025990904
2025-09-07 06:34:00+02:00,11.432733130942532,11.432733130942532,11.432733130942532,6.938421052631579
2025-09-07 06:35:00+02:00,12.482977609173782,12.482977609173782,12.482977609173782,7.685024685206994
2025-09-07 06:36:00+02:00,13.585998836237284,13.585998836237284,13.585998836237284,7.795877796901894
2025-09-07 06:37:00+02:00,14.71653126834046,14.71653126834046,14.71653126834046,7.811368330464716
2025-09-07 06:38:00+02:00,15.89714295646435,15.89714295646435,15.89714295646435,7.826858864027538
2025-09-07 06:39:00+02:00,17.12766322088373,17.12766322088373,17.12766322088373,7.84234939759036
2025-09-07 06:40:00+02:00,18.40785947856249,18.40785947856249,18.40785947856249,7.857839931153182
2025-09-07 06:41:00+02:00,19.737442012495197,19.737442012495197,19.737442012495197,7.873330464716004
2025-09-07 06:42:00+02:00,21.11606856601812,21.11606856601812,21.11606856601812,7.888820998278827
2025-09-07 06:43:00+02:00,22.543348757869538,22.543348757869538,22.543348757869538,7.904311531841649
2025-09-07 06:44:00+02:00,24.01884832216544,24.01884832216544,24.01884832216544,7.919802065404472
2025-09-07 06:45:00+02:00,25.54209312622746,24.36748057168172,25.54209312622746,8.051356368330465
2025-09-07 06:46:00+02:00,25.653784775069383,24.36748057168172,27.112573013907426,8.390460000000001
2025-09-07 06:47:00+02:00,25.653784775069383,24.36748057168172,28.0415188963436,8.73366
2025-09-07 06:48:00+02:00,25.653784775069383,24.36748057168172,28.0415188963436,9.07686
2025-09-07 06:49:00+02:00,25.653784775069383,24.36748057168172,28.0415188963436,9.411101720430109
2025-09-07 06:50:00+02:00,25.653784775069383,24.36748057168172,28.0415188963436,9.717048387096776
2025-09-07 06:51:00+02:00,25.653784775069383,24.36748057168172,28.0415188963436,10.02091935483871
2025-09-07 06:52:00+02:00,25.653784775069383,24.36748057168172,28.0415188963436,10.324790322580649
2025-09-07 06:53:00+02:00,25.653784775069383,24.36748057168172,28.0415188963436,10.628661290322585
2025-09-07 06:54:00+02:00,25.653784775069383,24.36748057168172,28.0415188963436,11.038594758064514
2025-09-07 06:55:00+02:00,25.653784775069383,24.36748057168172,28.0415188963436,12.04906501004016
2025-09-07 06:56:00+02:00,25.653784775069383,24.36748057168172,28.0415188963436,12.512951807228916
2025-09-07 06:57:00+02:00,25.653784775069383,24.36748057168172,28.0415188963436,12.635843373493977
2025-09-07 06:58:00+02:00,25.653784775069383,24.36748057168172,28.0415188963436,12.758734939759035
2025-09-07 06:59:00+02:00,25.653784775069383,24.36748057168172,28.0415188963436,12.881626506024096
2025-09-07 07:00:00+02:00,25.653784775069383,24.36748057168172,28.0415188963436,13.00451807228916
2025-09-07 07:01:00+02:00,25.653784775069383,24.36748057168172,28.0415188963436,13.127409638554218
2025-09-07 07:02:00+02:00,25.653784775069383,24.36748057168172,28.0415188963436,13.25030120481928
2025-09-07 07:03:00+02:00,25.653784775069383,24.36748057168172,28.0415188963436,13.37319277108434
2025-09-07 07:04:00+02:00,25.653784775069383,24.36748057168172,28.0415188963436,13.4960843373494
2025-09-07 07:05:00+02:00,25.653784775069383,24.36748057168172,28.0415188963436,13.682840791738384
2025-09-07 07:06:00+02:00,25.653784775069383,24.36748057168172,28.0415188963436,14.29618956043956
2025-09-07 07:07:00+02:00,25.653784775069383,24.36748057168172,28.0415188963436,15.020499999999998
2025-09-07 07:08:00+02:00,25.653784775069383,24.36748057168172,28.0415188963436,15.78156043956044
2025-09-07 07:09:00+02:00,25.653784775069383,24.36748057168172,28.0415188963436,16.634285714285717
2025-09-07 07:10:00+02:00,25.653784775069383,24.36748057168172,28.0415188963436,17.613595505617976
2025-09-07 07:11:00+02:00,25.653784775069383,24.36748057168172,28.0415188963436,18.610900043343445
2025-09-07 07:12:00+02:00,25.653784775069383,24.36748057168172,28.0415188963436,18.97928783382788
2025-09-07 07:13:00+02:00,25.653784775069383,24.36748057168172,28.0415188963436,19.24635014836794
2025-09-07 07:14:00+02:00,25.653784775069383,24.36748057168172,28.0415188963436,19.513412462908004
2025-09-07 07:15:00+02:00,25.653784775069383,24.36748057168172,28.0415188963436,19.780474777448067
2025-09-07 07:16:00+02:00,25.653784775069383,24.36748057168172,28.0415188963436,20.04753709198813
2025-09-07 07:17:00+02:00,25.653784775069383,24.36748057168172,28.0415188963436,20.23604792967018
2025-09-07 07:18:00+02:00,25.653784775069383,24.36748057168172,28.0415188963436,20.30645689655172
2025-09-07 07:19:00+02:00,25.653784775069383,24.36748057168172,28.0415188963436,20.375767241379307
2025-09-07 07:20:00+02:00,25.653784775069383,24.36748057168172,28.0415188963436,20.44507758620689
2025-09-07 07:21:00+02:00,25.653784775069383,24.36748057168172,28.0415188963436,20.51438793103448
2025-09-07 07:22:00+02:00,25.653784775069383,24.36748057168172,28.0415188963436,20.583698275862066
2025-09-07 07:23:00+02:00,25.653784775069383,24.36748057168172,28.0415188963436,20.653008620689647
2025-09-07 07:24:00+02:00,25.653784775069383,24.36748057168172,28.0415188963436,20.722318965517232
2025-09-07 07:25:00+02:00,25.653784775069383,24.36748057168172,28.0415188963436,20.791629310344817
2025-09-07 07:26:00+02:00,25.653784775069383,24.36748057168172,28.0415188963436,20.89582454361054
2025-09-07 07:27:00+02:00,25.653784775069383,24.36748057168172,28.0415188963436,21.67147414611006
2025-09-07 07:28:00+02:00,25.653784775069383,24.36748057168172,28.0415188963436,21.96081653225808
2025-09-07 07:29:00+02:00,25.653784775069383,24.36748057168172,28.0415188963436,22.17734879032261
2025-09-07 07:30:00+02:00,25.653784775069383,24.36748057168172,28.0415188963436,22.39388104838713
2025-09-07 07:31:00+02:00,25.653784775069383,24.36748057168172,28.0415188963436,22.610413306451637
2025-09-07 07:32:00+02:00,25.653784775069383,24.36748057168172,28.0415188963436,22.826945564516148
2025-09-07 07:33:00+02:00,25.653784775069383,24.36748057168172,28.0415188963436,23.043477822580652
2025-09-07 07:34:00+02:00,25.653784775069383,24.36748057168172,28.0415188963436,23.260010080645163
2025-09-07 07:35:00+02:00,25.653784775069383,24.36748057168172,28.0415188963436,23.5957721203591
2025-09-07 07:36:00+02:00,25.653784775069383,24.36748057168172,28.0415188963436,24.804182209209856
2025-09-07 07:37:00+02:00,25.653784775069383,24.36748057168172,28.0415188963436,24.546896551724128
2025-09-07 07:38:00+02:00,25.653784775069383,24.36748057168172,28.0415188963436,23.98137931034482
2025-09-07 07:39:00+02:00,25.653784775069383,24.36748057168172,28.0415188963436,22.874125183119222
2025-09-07 07:40:00+02:00,25.653784775069383,24.36748057168172,28.0415188963436,21.371736111111105
2025-09-07 07:41:00+02:00,25.653784775069383,24.36748057168172,28.0415188963436,20.713402777777777
2025-09-07 07:42:00+02:00,25.653784775069383,24.36748057168172,28.0415188963436,18.603847853535356
2025-09-07 07:43:00+02:00,25.653784775069383,24.36748057168172,28.0415188963436,14.53090845372386
2025-09-07 07:44:00+02:00,25.653784775069383,24.36748057168172,28.0415188963436,13.292085889570556
2025-09-07 07:45:00+02:00,25.653784775069383,24.36748057168172,28.0415188963436,12.688404907975462
2025-09-07 07:46:00+02:00,25.653784775069383,24.36748057168172,28.0415188963436,12.071809583565718
2025-09-07 07:47:00+02:00,25.653784775069383,24.36748057168172,28.0415188963436,11.397045454545456
2025-09-07 07:48:00+02:00,25.653784775069383,24.36748057168172,28.0415188963436,10.797005582137162
2025-09-07 07:49:00+02:00,25.653784775069383,24.36748057168172,28.0415188963436,10.946754385964915
2025-09-07 07:50:00+02:00,25.653784775069383,24.36748057168172,28.0415188963436,11.277280701754394
2025-09-07 07:51:00+02:00,25.653784775069383,24.36748057168172,28.0415188963436,11.60780701754387
2025-09-07 07:52:00+02:00,25.653784775069383,24.36748057168172,28.0415188963436,11.938333333333338
2025-09-07 07:53:00+02:00,25.653784775069383,24.36748057168172,28.0415188963436,12.49028212422949
2025-09-07 07:54:00+02:00,25.653784775069383,24.36748057168172,28.0415188963436,13.625795480354304
2025-09-07 07:55:00+02:00,25.653784775069383,24.36748057168172,28.0415188963436,14.506218487394955
2025-09-07 07:56:00+02:00,25.653784775069383,24.36748057168172,28.0415188963436,15.890751416845807
2025-09-07 07:57:00+02:00,25.653784775069383,24.36748057168172,28.0415188963436,20.73651162790697
2025-09-07 07:58:00+02:00,25.653784775069383,24.36748057168172,28.0415188963436,25.194033680834
2025-09-07 07:59:00+02:00,25.653784775069383,24.36748057168172,28.0415188963436,18.40460098522168
2025-09-07 08:00:00+02:00,25.653784775069383,24.36748057168172,28.0415188963436,19.37502556022409
2025-09-07 08:01:00+02:00,25.653784775069383,24.36748057168172,28.0415188963436,20.859099264705897
2025-09-07 08:02:00+02:00,25.653784775069383,24.36748057168172,28.0415188963436,22.343658088235312
2025-09-07 08:03:00+02:00,25.653784775069383,24.36748057168172,28.0415188963436,23.82821691176472
2025-09-07 08:04:00+02:00,25.653784775069383,24.36748057168172,28.0415188963436,25.35658717105264
2025-09-07 08:05:00+02:00,25.653784775069383,24.36748057168172,28.0415188963436,28.840586124401916
2025-09-07 08:06:00+02:00,25.653784775069383,24.36748057168172,28.0415188963436,31.49461734997029
2025-09-07 08:07:00+02:00,25.653784775069383,24.36748057168172,28.0415188963436,32.01088235294118
2025-09-07 08:08:00+02:00,25.653784775069383,24.36748057168172,28.0415188963436,32.516764705882345
2025-09-07 08:09:00+02:00,25.653784775069383,24.36748057168172,28.0415188963436,34.07762578108166
2025-09-07 08:10:00+02:00,25.653784775069383,24.36748057168172,28.0415188963436,42.148417022792025
2025-09-07 08:11:00+02:00,25.653784775069383,24.36748057168172,28.0415188963436,46.888621913580245
2025-09-07 08:12:00+02:00,25.653784775069383,24.36748057168172,28.0415188963436,47.89897222222223
2025-09-07 08:13:00+02:00,25.653784775069383,24.36748057168172,28.0415188963436,48.42230555555557
2025-09-07 08:14:00+02:00,25.653784775069383,24.36748057168172,28.0415188963436,48.9918498931624
2025-09-07 08:15:00+02:00,25.653784775069383,24.36748057168172,28.0415188963436,49.84822115384616
2025-09-07 08:16:00+02:00,25.653784775069383,24.36748057168172,28.0415188963436,51.9186647033522
2025-09-07 08:17:00+02:00,25.653784775069383,24.36748057168172,28.0415188963436,52.733269980506826
2025-09-07 08:18:00+02:00,25.653784775069383,98.05568734806512,28.0415188963436,48.79646802325581
2025-09-07 08:19:00+02:00,25.653784775069383,98.05568734806512,28.0415188963436,48.75114380635975
2025-09-07 08:20:00+02:00,25.653784775069383,98.05568734806512,28.0415188963436,46.92030612244898
2025-09-07 08:21:00+02:00,25.653784775069383,98.05568734806512,28.0415188963436,46.74666666666668
2025-09-07 08:22:00+02:00,25.653784775069383,98.05568734806512,28.0415188963436,49.66193191865606
2025-09-07 08:23:00+02:00,25.653784775069383,98.05568734806512,28.0415188963436,54.15688864942528
2025-09-07 08:24:00+02:00,25.653784775069383,98.05568734806512,28.0415188963436,57.4075625
2025-09-07 08:25:00+02:00,25.653784775069383,98.05568734806512,28.0415188963436,59.87593137254902
2025-09-07 08:26:00+02:00,25.653784775069383,98.05568734806512,28.0415188963436,59.38338235294117
2025-09-07 08:27:00+02:00,25.653784775069383,98.05568734806512,28.0415188963436,58.45838782763965
2025-09-07 08:28:00+02:00,25.653784775069383,98.05568734806512,28.0415188963436,57.47062153053133
2025-09-07 08:29:00+02:00,25.653784775069383,98.05568734806512,28.0415188963436,55.27107466063348
2025-09-07 08:30:00+02:00,25.653784775069383,24.36748057168172,28.0415188963436,53.73209383753502
2025-09-07 08:31:00+02:00,25.653784775069383,24.36748057168172,28.0415188963436,52.34510382059801
2025-09-07 08:32:00+02:00,25.653784775069383,24.36748057168172,28.0415188963436,51.542674418604655
2025-09-07 08:33:00+02:00,25.653784775069383,24.36748057168172,28.0415188963436,50.6128175313059
2025-09-07 08:34:00+02:00,25.653784775069383,24.36748057168172,28.0415188963436,48.197838104877576
2025-09-07 08:35:00+02:00,25.653784775069383,24.36748057168172,28.0415188963436,45.325148305084745
2025-09-07 08:36:00+02:00,25.653784775069383,24.36748057168172,28.0415188963436,45.97399660637773
2025-09-07 08:37:00+02:00,25.653784775069383,24.36748057168172,28.0415188963436,45.35999999999999
2025-09-07 08:38:00+02:00,25.653784775069383,24.36748057168172,28.0415188963436,44.77874025031743
2025-09-07 08:39:00+02:00,25.653784775069383,24.36748057168172,28.0415188963436,45.39076576576576
2025-09-07 08:40:00+02:00,25.653784775069383,24.36748057168172,28.0415188963436,46.6588536036036
2025-09-07 08:41:00+02:00,25.653784775069383,98.05568734806512,28.0415188963436,50.01201298701299
2025-09-07 08:42:00+02:00,25.653784775069383,98.05568734806512,28.0415188963436,54.188372319688106
2025-09-07 08:43:00+02:00,25.653784775069383,98.05568734806512,28.0415188963436,55.23917989417989
2025-09-07 08:44:00+02:00,25.653784775069383,98.05568734806512,28.0415188963436,55.73759259259258
2025-09-07 08:45:00+02:00,25.653784775069383,98.05568734806512,28.0415188963436,56.168418209876535
2025-09-07 08:46:00+02:00,25.653784775069383,98.05568734806512,28.0415188963436,55.78479166666665
2025-09-07 08:47:00+02:00,25.653784775069383,98.05568734806512,28.0415188963436,55.159791666666656
2025-09-07 08:48:00+02:00,25.653784775069383,98.05568734806512,28.0415188963436,54.42972822681705
2025-09-07 08:49:00+02:00,25.653784775069383,24.36748057168172,28.0415188963436,53.55109022556392
2025-09-07 08:50:00+02:00,25.653784775069383,24.36748057168172,28.0415188963436,51.429388575605685
2025-09-07 08:51:00+02:00,25.653784775069383,24.36748057168172,28.0415188963436,46.33511111111111
2025-09-07 08:52:00+02:00,25.653784775069383,24.36748057168172,28.0415188963436,44.71863782051283
2025-09-07 08:53:00+02:00,25.653784775069383,24.36748057168172,28.0415188963436,45.02056089743591
2025-09-07 08:54:00+02:00,25.653784775069383,24.36748057168172,28.0415188963436,45.32248397435898
2025-09-07 08:55:00+02:00,25.653784775069383,24.36748057168172,28.0415188963436,45.624407051282056
2025-09-07 08:56:00+02:00,25.653784775069383,24.36748057168172,28.0415188963436,45.92633012820513
2025-09-07 08:57:00+02:00,25.653784775069383,24.36748057168172,28.0415188963436,45.94421650432125
2025-09-07 08:58:00+02:00,25.653784775069383,24.36748057168172,28.0415188963436,45.45217877094973
2025-09-07 08:59:00+02:00,25.653784775069383,24.36748057168172,28.0415188963436,44.94938547486034
2025-09-07 09:00:00+02:00,25.653784775069383,24.36748057168172,28.0415188963436,44.060863382427634
2025-09-07 09:01:00+02:00,25.653784775069383,24.36748057168172,28.0415188963436,43.499848484848485
2025-09-07 09:02:00+02:00,25.653784775069383,24.36748057168172,28.0415188963436,44.27867768595042
2025-09-07 09:03:00+02:00,25.653784775069383,24.36748057168172,28.0415188963436,45.0795
2025-09-07 09:04:00+02:00,25.653784775069383,24.36748057168172,28.0415188963436,45.89950000000001
2025-09-07 09:05:00+02:00,25.653784775069383,24.36748057168172,28.0415188963436,47.28360180754918
2025-09-07 09:06:00+02:00,25.653784775069383,24.36748057168172,28.0415188963436,45.37796009292004
2025-09-07 09:07:00+02:00,25.653784775069383,24.36748057168172,28.0415188963436,43.665
2025-09-07 09:08:00+02:00,25.653784775069383,24.36748057168172,28.0415188963436,45.7536217948718
2025-09-07 09:09:00+02:00,25.653784775069383,24.36748057168172,28.0415188963436,48.194211570593154
2025-09-07 09:10:00+02:00,25.653784775069383,24.36748057168172,28.0415188963436,48.53778195488725
2025-09-07 09:11:00+02:00,25.653784775069383,24.36748057168172,28.0415188963436,48.87612781954891
2025-09-07 09:12:00+02:00,25.653784775069383,24.36748057168172,28.0415188963436,49.21447368421054
2025-09-07 09:13:00+02:00,25.653784775069383,24.36748057168172,28.0415188963436,49.83796789270473
2025-09-07 09:14:00+02:00,25.653784775069383,24.36748057168172,28.0415188963436,51.80913454438045
2025-09-07 09:15:00+02:00,25.653784775069383,24.36748057168172,28.0415188963436,54.23835007932311
2025-09-07 09:16:00+02:00,25.653784775069383,24.36748057168172,28.0415188963436,56.99972350230414
2025-09-07 09:17:00+02:00,25.653784775069383,24.36748057168172,28.0415188963436,55.56560544217688
2025-09-07 09:18:00+02:00,25.653784775069383,24.36748057168172,28.0415188963436,52.01781818181818
2025-09-07 09:19:00+02:00,25.653784775069383,24.36748057168172,28.0415188963436,49.85069344608879
2025-09-07 09:20:00+02:00,25.653784775069383,24.36748057168172,28.0415188963436,48.90441860465115
2025-09-07 09:21:00+02:00,25.653784775069383,98.05568734806512,28.0415188963436,48.19301044540796
2025-09-07 09:22:00+02:00,25.653784775069383,98.05568734806512,28.0415188963436,46.96618997175141
2025-09-07 09:23:00+02:00,25.653784775069383,98.05568734806512,28.0415188963436,47.18069444444445
2025-09-07 09:24:00+02:00,25.653784775069383,98.05568734806512,28.0415188963436,48.49719246031746
2025-09-07 09:25:00+02:00,25.653784775069383,98.05568734806512,28.0415188963436,51.01024234693877
2025-09-07 09:26:00+02:00,25.653784775069383,98.05568734806512,28.0415188963436,54.009503205128205
2025-09-07 09:27:00+02:00,108.92093652853497,98.05568734806512,28.0415188963436,55.41461538461538
2025-09-07 09:28:00+02:00,108.92093652853497,98.05568734806512,28.0415188963436,56.25036057692307
2025-09-07 09:29:00+02:00,108.92093652853497,98.05568734806512,28.0415188963436,58.3459375
2025-09-07 09:30:00+02:00,108.92093652853497,98.05568734806512,121.51342286886204,60.84918560606061
2025-09-07 09:31:00+02:00,108.92093652853497,98.05568734806512,121.51342286886204,64.73719696969697
2025-09-07 09:32:00+02:00,108.92093652853497,98.05568734806512,121.51342286886204,70.06541666666666
2025-09-07 09:33:00+02:00,108.92093652853497,98.05568734806512,121.51342286886204,81.7058723036223
2025-09-07 09:34:00+02:00,108.92093652853497,98.05568734806512,121.51342286886204,88.28363675213676
2025-09-07 09:35:00+02:00,108.92093652853497,98.05568734806512,121.51342286886204,83.86561475908194
2025-09-07 09:36:00+02:00,108.92093652853497,98.05568734806512,121.51342286886204,83.83209302325581
2025-09-07 09:37:00+02:00,108.92093652853497,98.05568734806512,121.51342286886204,85.02911175710595
2025-09-07 09:38:00+02:00,108.92093652853497,98.05568734806512,121.51342286886204,91.28761224668064
2025-09-07 09:39:00+02:00,108.92093652853497,98.05568734806512,121.51342286886204,89.03268867924528
2025-09-07 09:40:00+02:00,108.92093652853497,98.05568734806512,121.51342286886204,81.37344473938224
2025-09-07 09:41:00+02:00,108.92093652853497,98.05568734806512,121.51342286886204,81.84914351851852
2025-09-07 09:42:00+02:00,108.92093652853497,98.05568734806512,121.51342286886204,73.87783333333333
2025-09-07 09:43:00+02:00,108.92093652853497,98.05568734806512,28.0415188963436,60.398829365079365
2025-09-07 09:44:00+02:00,25.653784775069383,98.05568734806512,28.0415188963436,52.99348060344828
2025-09-07 09:45:00+02:00,25.653784775069383,98.05568734806512,28.0415188963436,53.58822948175035
2025-09-07 09:46:00+02:00,25.653784775069383,98.05568734806512,28.0415188963436,57.53980555555555
2025-09-07 09:47:00+02:00,25.653784775069383,98.05568734806512,28.0415188963436,54.74837037505623
2025-09-07 09:48:00+02:00,25.653784775069383,98.05568734806512,28.0415188963436,51.75425480769232
2025-09-07 09:49:00+02:00,25.653784775069383,98.05568734806512,28.0415188963436,51.2782932692308
2025-09-07 09:50:00+02:00,25.653784775069383,98.05568734806512,28.0415188963436,50.80233173076925
2025-09-07 09:51:00+02:00,25.653784775069383,98.05568734806512,28.0415188963436,50.11528846153846
2025-09-07 09:52:00+02:00,25.653784775069383,98.05568734806512,28.0415188963436,49.257458333333325
2025-09-07 09:53:00+02:00,25.653784775069383,98.05568734806512,28.0415188963436,51.0945
2025-09-07 09:54:00+02:00,108.92093652853497,98.05568734806512,28.0415188963436,59.24115625
2025-09-07 09:55:00+02:00,108.92093652853497,98.05568734806512,28.0415188963436,62.58620689655172
2025-09-07 09:56:00+02:00,108.92093652853497,98.05568734806512,28.0415188963436,60.858095238095245
2025-09-07 09:57:00+02:00,108.92093652853497,98.05568734806512,28.0415188963436,62.2805
2025-09-07 09:58:00+02:00,108.92093652853497,98.05568734806512,28.0415188963436,67.25466666666667
2025-09-07 09:59:00+02:00,108.92093652853497,98.05568734806512,28.0415188963436,66.53271929824562
2025-09-07 10:00:00+02:00,108.92093652853497,98.05568734806512,28.0415188963436,60.13213095238095
2025-09-07 10:01:00+02:00,108.92093652853497,98.05568734806512,28.0415188963436,52.99108566252588
2025-09-07 10:02:00+02:00,108.92093652853497,98.05568734806512,28.0415188963436,57.39525
2025-09-07 10:03:00+02:00,108.92093652853497,98.05568734806512,121.51342286886204,67.93207969114219
2025-09-07 10:04:00+02:00,108.92093652853497,98.05568734806512,121.51342286886204,70.26711581541218
2025-09-07 10:05:00+02:00,108.92093652853497,98.05568734806512,121.51342286886204,66.97636363636364
2025-09-07 10:06:00+02:00,108.92093652853497,98.05568734806512,121.51342286886204,70.25551195090439
2025-09-07 10:07:00+02:00,108.92093652853497,98.05568734806512,121.51342286886204,74.68727252252252
2025-09-07 10:08:00+02:00,108.92093652853497,98.05568734806512,121.51342286886204,69.14489001937984
2025-09-07 10:09:00+02:00,108.92093652853497,98.05568734806512,121.51342286886204,63.190549418604654
2025-09-07 10:10:00+02:00,108.92093652853497,98.05568734806512,121.51342286886204,56.86458225667528
2025-09-07 10:11:00+02:00,108.92093652853497,98.05568734806512,121.51342286886204,75.39446296296296
2025-09-07 10:12:00+02:00,108.92093652853497,98.05568734806512,121.51342286886204,74.55534722222222
2025-09-07 10:13:00+02:00,108.92093652853497,98.05568734806512,121.51342286886204,60.37500648148148
2025-09-07 10:14:00+02:00,108.92093652853497,98.05568734806512,121.51342286886204,64.76636203703704
2025-09-07 10:15:00+02:00,108.92093652853497,98.05568734806512,121.51342286886204,69.16934794372294
2025-09-07 10:16:00+02:00,108.92093652853497,98.05568734806512,121.51342286886204,67.0703253968254
2025-09-07 10:17:00+02:00,108.92093652853497,98.05568734806512,121.51342286886204,72.91990476190476
2025-09-07 10:18:00+02:00,108.92093652853497,98.05568734806512,121.51342286886204,72.80043492063491
2025-09-07 10:19:00+02:00,108.92093652853497,98.05568734806512,121.51342286886204,84.85791666666667
2025-09-07 10:20:00+02:00,108.92093652853497,98.05568734806512,121.51342286886204,82.92890053763442
2025-09-07 10:21:00+02:00,108.92093652853497,98.05568734806512,121.51342286886204,84.20313116039428
2025-09-07 10:22:00+02:00,108.92093652853497,98.05568734806512,121.51342286886204,84.9915625
2025-09-07 10:23:00+02:00,108.92093652853497,98.05568734806512,121.51342286886204,77.79124537037036
2025-09-07 10:24:00+02:00,108.92093652853497,98.05568734806512,121.51342286886204,68.68257156970867
2025-09-07 10:25:00+02:00,108.92093652853497,98.05568734806512,121.51342286886204,72.21601851851852
2025-09-07 10:26:00+02:00,108.92093652853497,98.05568734806512,121.51342286886204,71.9130150462963
2025-09-07 10:27:00+02:00,108.92093652853497,98.05568734806512,121.51342286886204,64.23218660968661
2025-09-07 10:28:00+02:00,108.92093652853497,98.05568734806512,121.51342286886204,65.8003105590062
2025-09-07 10:29:00+02:00,108.92093652853497,98.05568734806512,121.51342286886204,62.81125
2025-09-07 10:30:00+02:00,108.92093652853497,98.05568734806512,121.51342286886204,62.272298634336686
2025-09-07 10:31:00+02:00,108.92093652853497,98.05568734806512,121.51342286886204,64.778327991453
2025-09-07 10:32:00+02:00,108.92093652853497,98.05568734806512,121.51342286886204,71.0456923076923
2025-09-07 10:33:00+02:00,108.92093652853497,98.05568734806512,121.51342286886204,80.23023518199705
2025-09-07 10:34:00+02:00,108.92093652853497,98.05568734806512,121.51342286886204,82.73308411214954
2025-09-07 10:35:00+02:00,108.92093652853497,98.05568734806512,121.51342286886204,84.7848100553825
2025-09-07 10:36:00+02:00,108.92093652853497,98.05568734806512,121.51342286886204,89.6505137576848
2025-09-07 10:37:00+02:00,108.92093652853497,98.05568734806512,121.51342286886204,88.58520917678813
2025-09-07 10:38:00+02:00,108.92093652853497,98.05568734806512,121.51342286886204,94.3317015022015
2025-09-07 10:39:00+02:00,108.92093652853497,98.05568734806512,121.51342286886204,101.88580555555556
2025-09-07 10:40:00+02:00,108.92093652853497,98.05568734806512,187.42706380110675,109.41428240740738
2025-09-07 10:41:00+02:00,108.92093652853497,98.05568734806512,187.42706380110675,108.96356986215538
2025-09-07 10:42:00+02:00,108.92093652853497,98.05568734806512,187.42706380110675,109.96318713450292
2025-09-07 10:43:00+02:00,108.92093652853497,98.05568734806512,187.42706380110675,113.8159889214728
2025-09-07 10:44:00+02:00,108.92093652853497,98.05568734806512,187.42706380110675,117.79143244289584
2025-09-07 10:45:00+02:00,198.4678108071874,202.0076426902852,187.42706380110675,121.62795238975116
2025-09-07 10:46:00+02:00,198.4678108071874,202.0076426902852,187.42706380110675,133.6368220899471
2025-09-07 10:47:00+02:00,198.4678108071874,202.0076426902852,187.42706380110675,141.0136273148148
2025-09-07 10:48:00+02:00,198.4678108071874,202.0076426902852,187.42706380110675,142.26869444444444
2025-09-07 10:49:00+02:00,198.4678108071874,98.05568734806512,187.42706380110675,125.82626984126983
2025-09-07 10:50:00+02:00,108.92093652853497,98.05568734806512,187.42706380110675,112.1073646640827
2025-09-07 10:51:00+02:00,108.92093652853497,98.05568734806512,121.51342286886204,108.46697674418606
2025-09-07 10:52:00+02:00,108.92093652853497,98.05568734806512,121.51342286886204,104.2686030361757
2025-09-07 10:53:00+02:00,108.92093652853497,98.05568734806512,121.51342286886204,98.1951851851852
2025-09-07 10:54:00+02:00,108.92093652853497,98.05568734806512,187.42706380110675,108.26574508101852
2025-09-07 10:55:00+02:00,108.92093652853497,98.05568734806512,187.42706380110675,110.42337239583333
2025-09-07 10:56:00+02:00,108.92093652853497,98.05568734806512,187.42706380110675,116.3179415954416
2025-09-07 10:57:00+02:00,198.4678108071874,98.05568734806512,187.42706380110675,123.98014376218325
2025-09-07 10:58:00+02:00,198.4678108071874,98.05568734806512,187.42706380110675,122.71381303418804
2025-09-07 10:59:00+02:00,108.92093652853497,98.05568734806512,187.42706380110675,123.1768923237754
2025-09-07 11:00:00+02:00,108.92093652853497,98.05568734806512,187.42706380110675,116.88788095238095
2025-09-07 11:01:00+02:00,108.92093652853497,98.05568734806512,121.51342286886204,95.98228333333331
2025-09-07 11:02:00+02:00,108.92093652853497,98.05568734806512,121.51342286886204,92.37209444444444
2025-09-07 11:03:00+02:00,108.92093652853497,98.05568734806512,121.51342286886204,89.26073770491803
2025-09-07 11:04:00+02:00,108.92093652853497,98.05568734806512,121.51342286886204,86.0377794117647
2025-09-07 11:05:00+02:00,108.92093652853497,98.05568734806512,121.51342286886204,79.58306074297188
2025-09-07 11:06:00+02:00,108.92093652853497,98.05568734806512,121.51342286886204,77.65614457831323
2025-09-07 11:07:00+02:00,108.92093652853497,98.05568734806512,121.51342286886204,79.0415332535817
2025-09-07 11:08:00+02:00,108.92093652853497,98.05568734806512,121.51342286886204,84.62925
2025-09-07 11:09:00+02:00,108.92093652853497,98.05568734806512,121.51342286886204,97.25897486772487
2025-09-07 11:10:00+02:00,108.92093652853497,98.05568734806512,187.42706380110675,120.96425925925926
2025-09-07 11:11:00+02:00,198.4678108071874,202.0076426902852,187.42706380110675,125.91369047619048
2025-09-07 11:12:00+02:00,108.92093652853497,98.05568734806512,187.42706380110675,122.75355555555556
2025-09-07 11:13:00+02:00,108.92093652853497,98.05568734806512,187.42706380110675,114.93713384383088
2025-09-07 11:14:00+02:00,198.4678108071874,202.0076426902852,187.42706380110675,115.90913338937928
2025-09-07 11:15:00+02:00,198.4678108071874,202.0076426902852,187.42706380110675,126.67525595238097
2025-09-07 11:16:00+02:00,198.4678108071874,202.0076426902852,187.42706380110675,133.05759550712943
2025-09-07 11:17:00+02:00,108.92093652853497,98.05568734806512,187.42706380110675,131.23122469397364
2025-09-07 11:18:00+02:00,108.92093652853497,98.05568734806512,187.42706380110675,119.13881084656084
2025-09-07 11:19:00+02:00,108.92093652853497,98.05568734806512,121.51342286886204,98.85414351851853
2025-09-07 11:20:00+02:00,108.92093652853497,98.05568734806512,121.51342286886204,74.20878769841269
2025-09-07 11:21:00+02:00,108.92093652853497,98.05568734806512,121.51342286886204,57.27404463566828
2025-09-07 11:22:00+02:00,108.92093652853497,98.05568734806512,121.51342286886204,61.850509334415584
2025-09-07 11:23:00+02:00,108.92093652853497,98.05568734806512,121.51342286886204,75.2551917989418
2025-09-07 11:24:00+02:00,108.92093652853497,98.05568734806512,121.51342286886204,73.36748148148148
2025-09-07 11:25:00+02:00,108.92093652853497,98.05568734806512,121.51342286886204,64.66139814814815
2025-09-07 11:26:00+02:00,108.92093652853497,98.05568734806512,121.51342286886204,62.79188718323587
2025-09-07 11:27:00+02:00,108.92093652853497,98.05568734806512,121.51342286886204,60.4325303030303
2025-09-07 11:28:00+02:00,108.92093652853497,98.05568734806512,121.51342286886204,67.47935515873016
2025-09-07 11:29:00+02:00,108.92093652853497,98.05568734806512,121.51342286886204,72.59673141186299
2025-09-07 11:30:00+02:00,108.92093652853497,98.05568734806512,121.51342286886204,88.17255949566588
2025-09-07 11:31:00+02:00,108.92093652853497,98.05568734806512,121.51342286886204,84.3830950270179
2025-09-07 11:32:00+02:00,108.92093652853497,98.05568734806512,121.51342286886204,84.41535714285713
2025-09-07 11:33:00+02:00,108.92093652853497,98.05568734806512,121.51342286886204,94.211875
2025-09-07 11:34:00+02:00,108.92093652853497,98.05568734806512,121.51342286886204,91.29140105820106
2025-09-07 11:35:00+02:00,108.92093652853497,98.05568734806512,121.51342286886204,101.01038105413106
2025-09-07 11:36:00+02:00,108.92093652853497,98.05568734806512,121.51342286886204,106.71166666666666
2025-09-07 11:37:00+02:00,108.92093652853497,98.05568734806512,187.42706380110675,108.33695370370371
2025-09-07 11:38:00+02:00,108.92093652853497,98.05568734806512,187.42706380110675,114.64765802154194
2025-09-07 11:39:00+02:00,108.92093652853497,98.05568734806512,187.42706380110675,114.30920535714286
2025-09-07 11:40:00+02:00,108.92093652853497,98.05568734806512,187.42706380110675,109.25032051282052
2025-09-07 11:41:00+02:00,108.92093652853497,98.05568734806512,187.42706380110675,112.97533333333332
2025-09-07 11:42:00+02:00,198.4678108071874,202.0076426902852,187.42706380110675,124.21552777777778
2025-09-07 11:43:00+02:00,198.4678108071874,202.0076426902852,187.42706380110675,133.5920833333333
2025-09-07 11:44:00+02:00,198.4678108071874,202.0076426902852,187.42706380110675,137.40578125
2025-09-07 11:45:00+02:00,198.4678108071874,202.0076426902852,187.42706380110675,134.41975801282052
2025-09-07 11:46:00+02:00,108.92093652853497,98.05568734806512,187.42706380110675,114.611579218107
2025-09-07 11:47:00+02:00,198.4678108071874,98.05568734806512,187.42706380110675,114.85581750553972
2025-09-07 11:48:00+02:00,198.4678108071874,98.05568734806512,187.42706380110675,123.92471296296296
2025-09-07 11:49:00+02:00,198.4678108071874,202.0076426902852,187.42706380110675,133.8055603546911
2025-09-07 11:50:00+02:00,198.4678108071874,202.0076426902852,187.42706380110675,135.50831521739136
2025-09-07 11:51:00+02:00,198.4678108071874,202.0076426902852,187.42706380110675,134.50775778495887
2025-09-07 11:52:00+02:00,198.4678108071874,202.0076426902852,187.42706380110675,133.63459459459463
2025-09-07 11:53:00+02:00,198.4678108071874,202.0076426902852,187.42706380110675,131.58005065505066
2025-09-07 11:54:00+02:00,198.4678108071874,202.0076426902852,187.42706380110675,128.4250305250305
2025-09-07 11:55:00+02:00,198.4678108071874,202.0076426902852,187.42706380110675,129.03346153846155
2025-09-07 11:56:00+02:00,198.4678108071874,202.0076426902852,187.42706380110675,130.4624434794596
2025-09-07 11:57:00+02:00,198.4678108071874,202.0076426902852,187.42706380110675,135.56720085470087
2025-09-07 11:58:00+02:00,198.4678108071874,202.0076426902852,187.42706380110675,140.20977243659618
2025-09-07 11:59:00+02:00,198.4678108071874,202.0076426902852,187.42706380110675,139.22330935251804
2025-09-07 12:00:00+02:00,198.4678108071874,202.0076426902852,187.42706380110675,137.52444890241657
2025-09-07 12:01:00+02:00,198.4678108071874,98.05568734806512,187.42706380110675,129.98178872053873
2025-09-07 12:02:00+02:00,108.92093652853497,98.05568734806512,187.42706380110675,118.097375
2025-09-07 12:03:00+02:00,108.92093652853497,98.05568734806512,121.51342286886204,107.44986655011654
2025-09-07 12:04:00+02:00,108.92093652853497,98.05568734806512,121.51342286886204,98.77545347707849
2025-09-07 12:05:00+02:00,108.92093652853497,98.05568734806512,121.51342286886204,91.4276701388889
2025-09-07 12:06:00+02:00,108.92093652853497,98.05568734806512,121.51342286886204,86.24817283950618
2025-09-07 12:07:00+02:00,108.92093652853497,98.05568734806512,121.51342286886204,82.65409572879332
2025-09-07 12:08:00+02:00,108.92093652853497,98.05568734806512,121.51342286886204,81.091875
2025-09-07 12:09:00+02:00,108.92093652853497,98.05568734806512,121.51342286886204,81.75634615384617
2025-09-07 12:10:00+02:00,108.92093652853497,98.05568734806512,121.51342286886204,83.07862393162394
2025-09-07 12:11:00+02:00,108.92093652853497,98.05568734806512,121.51342286886204,87.47900500541125
2025-09-07 12:12:00+02:00,108.92093652853497,98.05568734806512,121.51342286886204,91.7585212010212
2025-09-07 12:13:00+02:00,108.92093652853497,98.05568734806512,121.51342286886204,93.02619658119654
2025-09-07 12:14:00+02:00,108.92093652853497,98.05568734806512,121.51342286886204,94.4332727920228
2025-09-07 12:15:00+02:00,108.92093652853497,98.05568734806512,121.51342286886204,99.73152777777776
2025-09-07 12:16:00+02:00,108.92093652853497,98.05568734806512,121.51342286886204,105.3389701897019
2025-09-07 12:17:00+02:00,108.92093652853497,98.05568734806512,121.51342286886204,100.42530949741317
2025-09-07 12:18:00+02:00,108.92093652853497,98.05568734806512,121.51342286886204,94.42536652191892
2025-09-07 12:19:00+02:00,108.92093652853497,98.05568734806512,121.51342286886204,95.77765313390312
2025-09-07 12:20:00+02:00,108.92093652853497,98.05568734806512,121.51342286886204,100.64466503770667
2025-09-07 12:21:00+02:00,108.92093652853497,98.05568734806512,121.51342286886204,102.7639208633094
2025-09-07 12:22:00+02:00,108.92093652853497,98.05568734806512,121.51342286886204,103.44161870503596
2025-09-07 12:23:00+02:00,108.92093652853497,98.05568734806512,121.51342286886204,107.0359476418865
2025-09-07 12:24:00+02:00,108.92093652853497,98.05568734806512,187.42706380110675,118.66277777777778
2025-09-07 12:25:00+02:00,198.4678108071874,202.0076426902852,187.42706380110675,132.90914814814815
2025-09-07 12:26:00+02:00,198.4678108071874,202.0076426902852,187.42706380110675,146.93282407407406
2025-09-07 12:27:00+02:00,198.4678108071874,202.0076426902852,187.42706380110675,163.1125
2025-09-07 12:28:00+02:00,198.4678108071874,202.0076426902852,187.42706380110675,173.24230589016554
2025-09-07 12:29:00+02:00,198.4678108071874,202.0076426902852,187.42706380110675,172.9929603547209
2025-09-07 12:30:00+02:00,198.4678108071874,202.0076426902852,187.42706380110675,169.25518518518518
2025-09-07 12:31:00+02:00,198.4678108071874,202.0076426902852,187.42706380110675,164.83824255952382
2025-09-07 12:32:00+02:00,198.4678108071874,202.0076426902852,187.42706380110675,158.67579166666667
2025-09-07 12:33:00+02:00,198.4678108071874,202.0076426902852,187.42706380110675,151.21599074074075
2025-09-07 12:34:00+02:00,198.4678108071874,202.0076426902852,187.42706380110675,141.22249421296297
2025-09-07 12:35:00+02:00,198.4678108071874,202.0076426902852,187.42706380110675,135.53791091954022
2025-09-07 12:36:00+02:00,198.4678108071874,202.0076426902852,187.42706380110675,131.87918756530826
2025-09-07 12:37:00+02:00,108.92093652853497,98.05568734806512,187.42706380110675,127.34906904186796
2025-09-07 12:38:00+02:00,108.92093652853497,98.05568734806512,187.42706380110675,121.9752629556434
2025-09-07 12:39:00+02:00,108.92093652853497,98.05568734806512,187.42706380110675,117.55858034083992
2025-09-07 12:40:00+02:00,108.92093652853497,98.05568734806512,187.42706380110675,115.23020215633424
2025-09-07 12:41:00+02:00,108.92093652853497,98.05568734806512,121.51342286886204,112.86761796733212
2025-09-07 12:42:00+02:00,108.92093652853497,98.05568734806512,121.51342286886204,109.41399348032242
2025-09-07 12:43:00+02:00,108.92093652853497,98.05568734806512,121.51342286886204,109.1424324324324
2025-09-07 12:44:00+02:00,108.92093652853497,98.05568734806512,121.51342286886204,110.3006274131274
2025-09-07 12:45:00+02:00,108.92093652853497,98.05568734806512,121.51342286886204,112.8252192982456
2025-09-07 12:46:00+02:00,108.92093652853497,98.05568734806512,121.51342286886204,112.4032894736842
2025-09-07 12:47:00+02:00,108.92093652853497,98.05568734806512,121.51342286886204,110.63753106725146
2025-09-07 12:48:00+02:00,108.92093652853497,98.05568734806512,121.51342286886204,102.68178215303216
2025-09-07 12:49:00+02:00,108.92093652853497,98.05568734806512,121.51342286886204,91.73500427350427
2025-09-07 12:50:00+02:00,108.92093652853497,98.05568734806512,121.51342286886204,84.1453302373581
2025-09-07 12:51:00+02:00,108.92093652853497,98.05568734806512,121.51342286886204,82.99184210526316
2025-09-07 12:52:00+02:00,108.92093652853497,98.05568734806512,121.51342286886204,84.1286605263158
2025-09-07 12:53:00+02:00,108.92093652853497,98.05568734806512,121.51342286886204,85.65095277777777
2025-09-07 12:54:00+02:00,108.92093652853497,98.05568734806512,121.51342286886204,86.41489583333338
2025-09-07 12:55:00+02:00,108.92093652853497,98.05568734806512,121.51342286886204,87.24721217105264
2025-09-07 12:56:00+02:00,108.92093652853497,98.05568734806512,121.51342286886204,92.19372132253712
2025-09-07 12:57:00+02:00,108.92093652853497,98.05568734806512,121.51342286886204,100.3568287037037
2025-09-07 12:58:00+02:00,108.92093652853497,98.05568734806512,187.42706380110675,109.4542742165242
2025-09-07 12:59:00+02:00,108.92093652853497,98.05568734806512,187.42706380110675,119.77894444444443
2025-09-07 13:00:00+02:00,198.4678108071874,202.0076426902852,187.42706380110675,130.97046296296296
2025-09-07 13:01:00+02:00,198.4678108071874,202.0076426902852,187.42706380110675,142.17440374440375
2025-09-07 13:02:00+02:00,198.4678108071874,202.0076426902852,187.42706380110675,152.20630662393162
2025-09-07 13:03:00+02:00,198.4678108071874,202.0076426902852,187.42706380110675,159.02759444444445
2025-09-07 13:04:00+02:00,198.4678108071874,202.0076426902852,187.42706380110675,163.33045119047617
2025-09-07 13:05:00+02:00,198.4678108071874,202.0076426902852,187.42706380110675,167.20904761904762
2025-09-07 13:06:00+02:00,198.4678108071874,202.0076426902852,187.42706380110675,168.89435006435005
2025-09-07 13:07:00+02:00,198.4678108071874,202.0076426902852,187.42706380110675,166.6914319126819
2025-09-07 13:08:00+02:00,198.4678108071874,202.0076426902852,187.42706380110675,156.43355820105822
2025-09-07 13:09:00+02:00,198.4678108071874,202.0076426902852,187.42706380110675,137.63006613756613
2025-09-07 13:10:00+02:00,108.92093652853497,98.05568734806512,187.42706380110675,115.3658611111111
2025-09-07 13:11:00+02:00,108.92093652853497,98.05568734806512,121.51342286886204,97.10811805555556
2025-09-07 13:12:00+02:00,108.92093652853497,98.05568734806512,121.51342286886204,83.81099572649573
2025-09-07 13:13:00+02:00,108.92093652853497,98.05568734806512,121.51342286886204,75.26268452380953
2025-09-07 13:14:00+02:00,108.92093652853497,98.05568734806512,121.51342286886204,70.9780856374808
2025-09-07 13:15:00+02:00,108.92093652853497,98.05568734806512,121.51342286886204,68.69819743130228
2025-09-07 13:16:00+02:00,108.92093652853497,98.05568734806512,121.51342286886204,67.72982584712372
2025-09-07 13:17:00+02:00,108.92093652853497,98.05568734806512,121.51342286886204,68.01978723404257
2025-09-07 13:18:00+02:00,108.92093652853497,98.05568734806512,121.51342286886204,68.66078191489362
2025-09-07 13:19:00+02:00,108.92093652853497,98.05568734806512,121.51342286886204,70.21631140350878
2025-09-07 13:20:00+02:00,108.92093652853497,98.05568734806512,121.51342286886204,71.04397129186604
2025-09-07 13:21:00+02:00,108.92093652853497,98.05568734806512,121.51342286886204,71.47459330143543
2025-09-07 13:22:00+02:00,108.92093652853497,98.05568734806512,121.51342286886204,71.90521531100481
2025-09-07 13:23:00+02:00,108.92093652853497,98.05568734806512,121.51342286886204,73.71717271551312
2025-09-07 13:24:00+02:00,108.92093652853497,98.05568734806512,121.51342286886204,76.774227703236
2025-09-07 13:25:00+02:00,108.92093652853497,98.05568734806512,121.51342286886204,77.30339779005526
2025-09-07 13:26:00+02:00,108.92093652853497,98.05568734806512,121.51342286886204,76.78295580110499
2025-09-07 13:27:00+02:00,108.92093652853497,98.05568734806512,121.51342286886204,76.27734612537466
2025-09-07 13:28:00+02:00,108.92093652853497,98.05568734806512,121.51342286886204,76.67338235294118
2025-09-07 13:29:00+02:00,108.92093652853497,98.05568734806512,121.51342286886204,77.9585673374613
2025-09-07 13:30:00+02:00,108.92093652853497,98.05568734806512,121.51342286886204,82.1545562865497
2025-09-07 13:31:00+02:00,108.92093652853497,98.05568734806512,121.51342286886204,87.64916666666666
2025-09-07 13:32:00+02:00,108.92093652853497,98.05568734806512,121.51342286886204,95.0318287037037
2025-09-07 13:33:00+02:00,108.92093652853497,98.05568734806512,121.51342286886204,102.97757326007326
2025-09-07 13:34:00+02:00,108.92093652853497,98.05568734806512,187.42706380110675,110.6873247863248
2025-09-07 13:35:00+02:00,108.92093652853497,98.05568734806512,187.42706380110675,115.66722544893378
2025-09-07 13:36:00+02:00,108.92093652853497,98.05568734806512,187.42706380110675,115.71999999999998
2025-09-07 13:37:00+02:00,108.92093652853497,98.05568734806512,187.42706380110675,113.00793430335098
2025-09-07 13:38:00+02:00,108.92093652853497,98.05568734806512,121.51342286886204,107.27369047619048
2025-09-07 13:39:00+02:00,108.92093652853497,98.05568734806512,121.51342286886204,107.54965354090352
2025-09-07 13:40:00+02:00,108.92093652853497,98.05568734806512,121.51342286886204,112.32449018723212
2025-09-07 13:41:00+02:00,108.92093652853497,98.05568734806512,121.51342286886204,105.16867691798944
2025-09-07 13:42:00+02:00,108.92093652853497,98.05568734806512,121.51342286886204,87.3236011904762
2025-09-07 13:43:00+02:00,108.92093652853497,98.05568734806512,121.51342286886204,78.57497495446265
2025-09-07 13:44:00+02:00,108.92093652853497,98.05568734806512,121.51342286886204,74.37870722446952
2025-09-07 13:45:00+02:00,108.92093652853497,98.05568734806512,121.51342286886204,68.5656173901957
2025-09-07 13:46:00+02:00,108.92093652853497,98.05568734806512,121.51342286886204,66.15801749370364
2025-09-07 13:47:00+02:00,108.92093652853497,98.05568734806512,121.51342286886204,66.12872881355935
2025-09-07 13:48:00+02:00,108.92093652853497,98.05568734806512,121.51342286886204,66.93720697063739
2025-09-07 13:49:00+02:00,108.92093652853497,98.05568734806512,121.51342286886204,68.07133802816901
2025-09-07 13:50:00+02:00,108.92093652853497,98.05568734806512,121.51342286886204,69.96948232323233
2025-09-07 13:51:00+02:00,108.92093652853497,98.05568734806512,121.51342286886204,71.64614583333335
2025-09-07 13:52:00+02:00,108.92093652853497,98.05568734806512,121.51342286886204,75.20378228557506
2025-09-07 13:53:00+02:00,108.92093652853497,98.05568734806512,121.51342286886204,78.82907755570612
2025-09-07 13:54:00+02:00,108.92093652853497,98.05568734806512,121.51342286886204,82.30669612794613
2025-09-07 13:55:00+02:00,108.92093652853497,98.05568734806512,121.51342286886204,87.70874722499723
2025-09-07 13:56:00+02:00,108.92093652853497,98.05568734806512,121.51342286886204,93.20475852272727
2025-09-07 13:57:00+02:00,108.92093652853497,98.05568734806512,121.51342286886204,97.97904135338348
2025-09-07 13:58:00+02:00,108.92093652853497,98.05568734806512,121.51342286886204,101.2335012020629
2025-09-07 13:59:00+02:00,108.92093652853497,98.05568734806512,121.51342286886204,103.71013098464316
2025-09-07 14:00:00+02:00,108.92093652853497,98.05568734806512,121.51342286886204,106.83968398268398
2025-09-07 14:01:00+02:00,108.92093652853497,98.05568734806512,121.51342286886204,110.69557990763872
2025-09-07 14:02:00+02:00,108.92093652853497,98.05568734806512,187.42706380110675,112.64682432432431
2025-09-07 14:03:00+02:00,108.92093652853497,98.05568734806512,187.42706380110675,114.04961902286902
2025-09-07 14:04:00+02:00,108.92093652853497,98.05568734806512,187.42706380110675,116.16501025641026
2025-09-07 14:05:00+02:00,108.92093652853497,98.05568734806512,187.42706380110675,120.35097352941176
2025-09-07 14:06:00+02:00,108.92093652853497,98.05568734806512,187.42706380110675,123.23344975490195
2025-09-07 14:07:00+02:00,108.92093652853497,98.05568734806512,187.42706380110675,122.3016271551724
2025-09-07 14:08:00+02:00,108.92093652853497,98.05568734806512,187.42706380110675,119.59891159128227
2025-09-07 14:09:00+02:00,108.92093652853497,98.05568734806512,187.42706380110675,116.97690522243714
2025-09-07 14:10:00+02:00,108.92093652853497,98.05568734806512,121.51342286886204,114.98597222222224
2025-09-07 14:11:00+02:00,108.92093652853497,98.05568734806512,187.42706380110675,112.58746527777778
2025-09-07 14:12:00+02:00,108.92093652853497,98.05568734806512,187.42706380110675,110.16307511737092
2025-09-07 14:13:00+02:00,108.92093652853497,98.05568734806512,187.42706380110675,111.03025070422537
2025-09-07 14:14:00+02:00,108.92093652853497,98.05568734806512,187.42706380110675,114.96445396825398
2025-09-07 14:15:00+02:00,108.92093652853497,98.05568734806512,187.42706380110675,119.63156314699796
2025-09-07 14:16:00+02:00,108.92093652853497,98.05568734806512,187.42706380110675,123.49292132616488
2025-09-07 14:17:00+02:00,198.4678108071874,98.05568734806512,187.42706380110675,127.7593846930847
2025-09-07 14:18:00+02:00,198.4678108071874,202.0076426902852,187.42706380110675,137.40746626984128
2025-09-07 14:19:00+02:00,198.4678108071874,202.0076426902852,187.42706380110675,153.82916666666668
2025-09-07 14:20:00+02:00,198.4678108071874,202.0076426902852,187.42706380110675,169.39437037037038
2025-09-07 14:21:00+02:00,198.4678108071874,202.0076426902852,187.42706380110675,185.5012896825397
2025-09-07 14:22:00+02:00,198.4678108071874,285.9142456346197,278.72148851667674,208.28526455026451
2025-09-07 14:23:00+02:00,280.837333004333,285.9142456346197,278.72148851667674,225.49219312169316
2025-09-07 14:24:00+02:00,280.837333004333,285.9142456346197,278.72148851667674,246.6281349206349
2025-09-07 14:25:00+02:00,280.837333004333,285.9142456346197,278.72148851667674,246.3586177248677
2025-09-07 14:26:00+02:00,280.837333004333,285.9142456346197,278.72148851667674,234.75494570244567
2025-09-07 14:27:00+02:00,280.837333004333,285.9142456346197,278.72148851667674,229.30753338675217
2025-09-07 14:28:00+02:00,280.837333004333,285.9142456346197,278.72148851667674,216.75974702380952
2025-09-07 14:29:00+02:00,198.4678108071874,202.0076426902852,278.72148851667674,197.73787698412696
2025-09-07 14:30:00+02:00,198.4678108071874,202.0076426902852,187.42706380110675,180.4310185185185
2025-09-07 14:31:00+02:00,198.4678108071874,202.0076426902852,187.42706380110675,159.13392857142858
2025-09-07 14:32:00+02:00,198.4678108071874,202.0076426902852,187.42706380110675,138.32937996031748
2025-09-07 14:33:00+02:00,108.92093652853497,98.05568734806512,187.42706380110675,125.7396527777778
2025-09-07 14:34:00+02:00,108.92093652853497,202.0076426902852,187.42706380110675,123.69566666666668
2025-09-07 14:35:00+02:00,198.4678108071874,202.0076426902852,187.42706380110675,131.51849326599327
2025-09-07 14:36:00+02:00,198.4678108071874,202.0076426902852,187.42706380110675,144.83958723146222
2025-09-07 14:37:00+02:00,198.4678108071874,202.0076426902852,187.42706380110675,218.0834084084084
2025-09-07 14:38:00+02:00,467.265818025972,483.884587871218,484.19190513874526,510.0570138888889
2025-09-07 14:39:00+02:00,280.837333004333,395.0865959287336,399.1734106869087,306.8886111111111
2025-09-07 14:40:00+02:00,198.4678108071874,202.0076426902852,187.42706380110675,195.0892748397436
2025-09-07 14:41:00+02:00,198.4678108071874,202.0076426902852,187.42706380110675,183.71258703703705
2025-09-07 14:42:00+02:00,198.4678108071874,202.0076426902852,187.42706380110675,183.06033333333332
2025-09-07 14:43:00+02:00,198.4678108071874,202.0076426902852,187.42706380110675,188.3892720797721
2025-09-07 14:44:00+02:00,198.4678108071874,202.0076426902852,278.72148851667674,205.93645833333332
2025-09-07 14:45:00+02:00,280.837333004333,285.9142456346197,278.72148851667674,228.1223055555556
2025-09-07 14:46:00+02:00,280.837333004333,285.9142456346197,278.72148851667674,252.0605238095238
2025-09-07 14:47:00+02:00,280.837333004333,285.9142456346197,278.72148851667674,255.6673703703704
2025-09-07 14:48:00+02:00,280.837333004333,285.9142456346197,278.72148851667674,243.52238425925927
2025-09-07 14:49:00+02:00,280.837333004333,285.9142456346197,278.72148851667674,230.0360515873016
2025-09-07 14:50:00+02:00,280.837333004333,285.9142456346197,278.72148851667674,207.51839285714289
2025-09-07 14:51:00+02:00,198.4678108071874,202.0076426902852,187.42706380110675,183.45834482038427
2025-09-07 14:52:00+02:00,198.4678108071874,202.0076426902852,187.42706380110675,177.66988648705097
2025-09-07 14:53:00+02:00,198.4678108071874,202.0076426902852,187.42706380110675,175.04552579365077
2025-09-07 14:54:00+02:00,198.4678108071874,202.0076426902852,187.42706380110675,188.21016666666665
2025-09-07 14:55:00+02:00,198.4678108071874,202.0076426902852,187.42706380110675,191.9875992063492
2025-09-07 14:56:00+02:00,198.4678108071874,202.0076426902852,278.72148851667674,206.9806904761905
2025-09-07 14:57:00+02:00,280.837333004333,285.9142456346197,278.72148851667674,225.80704365079364
2025-09-07 14:58:00+02:00,280.837333004333,285.9142456346197,278.72148851667674,246.64727182539684
2025-09-07 14:59:00+02:00,280.837333004333,285.9142456346197,278.72148851667674,252.20083364129096
2025-09-07 15:00:00+02:00,280.837333004333,285.9142456346197,278.72148851667674,257.7653464963221
2025-09-07 15:01:00+02:00,280.837333004333,285.9142456346197,278.72148851667674,267.41019841269843
2025-09-07 15:02:00+02:00,280.837333004333,395.0865959287336,399.1734106869087,279.2023611111111
2025-09-07 15:03:00+02:00,382.3126886205207,395.0865959287336,399.1734106869087,288.7804401709401
2025-09-07 15:04:00+02:00,382.3126886205207,395.0865959287336,399.1734106869087,284.8947797619048
2025-09-07 15:05:00+02:00,382.3126886205207,395.0865959287336,399.1734106869087,322.36358333333334
2025-09-07 15:06:00+02:00,382.3126886205207,395.0865959287336,399.1734106869087,333.70373015873014
2025-09-07 15:07:00+02:00,467.265818025972,395.0865959287336,399.1734106869087,366.9766666666667
2025-09-07 15:08:00+02:00,467.265818025972,483.884587871218,484.19190513874526,422.769
2025-09-07 15:09:00+02:00,467.265818025972,483.884587871218,484.19190513874526,392.0912638888889
2025-09-07 15:10:00+02:00,382.3126886205207,395.0865959287336,399.1734106869087,299.95708333333334
2025-09-07 15:11:00+02:00,280.837333004333,285.9142456346197,278.72148851667674,269.90744909688016
2025-09-07 15:12:00+02:00,280.837333004333,285.9142456346197,278.72148851667674,261.9007193090485
2025-09-07 15:13:00+02:00,280.837333004333,285.9142456346197,278.72148851667674,256.2708978174603
2025-09-07 15:14:00+02:00,280.837333004333,285.9142456346197,278.72148851667674,251.2493931051587
2025-09-07 15:15:00+02:00,280.837333004333,285.9142456346197,278.72148851667674,250.7980677083333
2025-09-07 15:16:00+02:00,280.837333004333,395.0865959287336,399.1734106869087,290.77519841269844
2025-09-07 15:17:00+02:00,382.3126886205207,395.0865959287336,399.1734106869087,320.3688210978836
2025-09-07 15:18:00+02:00,382.3126886205207,395.0865959287336,399.1734106869087,307.8490873015873
2025-09-07 15:19:00+02:00,280.837333004333,285.9142456346197,399.1734106869087,287.2380092592593
2025-09-07 15:20:00+02:00,280.837333004333,285.9142456346197,278.72148851667674,260.44462855297155
2025-09-07 15:21:00+02:00,280.837333004333,285.9142456346197,278.72148851667674,256.5176375430663
2025-09-07 15:22:00+02:00,280.837333004333,285.9142456346197,278.72148851667674,240.07547875817
2025-09-07 15:23:00+02:00,280.837333004333,285.9142456346197,278.72148851667674,234.840095996732
2025-09-07 15:24:00+02:00,280.837333004333,285.9142456346197,278.72148851667674,223.27597222222224
2025-09-07 15:25:00+02:00,198.4678108071874,202.0076426902852,278.72148851667674,206.63354956604957
2025-09-07 15:26:00+02:00,198.4678108071874,285.9142456346197,278.72148851667674,203.25808677098152
2025-09-07 15:27:00+02:00,280.837333004333,285.9142456346197,278.72148851667674,209.3465555555556
2025-09-07 15:28:00+02:00,280.837333004333,285.9142456346197,278.72148851667674,223.30315277777777
2025-09-07 15:29:00+02:00,198.4678108071874,202.0076426902852,278.72148851667674,200.9269427910053
2025-09-07 15:30:00+02:00,198.4678108071874,202.0076426902852,187.42706380110675,186.36494318181815
2025-09-07 15:31:00+02:00,198.4678108071874,202.0076426902852,187.42706380110675,176.72240740740742
2025-09-07 15:32:00+02:00,198.4678108071874,202.0076426902852,187.42706380110675,167.13802243589743
2025-09-07 15:33:00+02:00,198.4678108071874,202.0076426902852,187.42706380110675,164.69660256410256
2025-09-07 15:34:00+02:00,198.4678108071874,202.0076426902852,187.42706380110675,157.59733333333335
2025-09-07 15:35:00+02:00,198.4678108071874,202.0076426902852,187.42706380110675,153.4895033112583
2025-09-07 15:36:00+02:00,198.4678108071874,202.0076426902852,187.42706380110675,152.09811258278145
2025-09-07 15:37:00+02:00,198.4678108071874,202.0076426902852,187.42706380110675,151.47427152317874
2025-09-07 15:38:00+02:00,198.4678108071874,202.0076426902852,187.42706380110675,150.60182475254575
2025-09-07 15:39:00+02:00,198.4678108071874,202.0076426902852,187.42706380110675,149.6319804951238
2025-09-07 15:40:00+02:00,198.4678108071874,202.0076426902852,187.42706380110675,150.56538461538466
2025-09-07 15:41:00+02:00,198.4678108071874,202.0076426902852,187.42706380110675,151.87453063885266
2025-09-07 15:42:00+02:00,198.4678108071874,202.0076426902852,187.42706380110675,153.41185420590082
2025-09-07 15:43:00+02:00,198.4678108071874,202.0076426902852,187.42706380110675,154.94522852639872
2025-09-07 15:44:00+02:00,198.4678108071874,202.0076426902852,187.42706380110675,153.6719184397163
2025-09-07 15:45:00+02:00,198.4678108071874,202.0076426902852,187.42706380110675,150.25856834795323
2025-09-07 15:46:00+02:00,198.4678108071874,202.0076426902852,187.42706380110675,148.43989473684212
2025-09-07 15:47:00+02:00,198.4678108071874,202.0076426902852,187.42706380110675,147.3001403508772
2025-09-07 15:48:00+02:00,198.4678108071874,202.0076426902852,187.42706380110675,145.63709494324044
2025-09-07 15:49:00+02:00,198.4678108071874,202.0076426902852,187.42706380110675,145.3084477124183
2025-09-07 15:50:00+02:00,198.4678108071874,202.0076426902852,187.42706380110675,162.97119047619046
2025-09-07 15:51:00+02:00,198.4678108071874,202.0076426902852,187.42706380110675,153.91072420634922
2025-09-07 15:52:00+02:00,198.4678108071874,202.0076426902852,187.42706380110675,144.0108611111111
2025-09-07 15:53:00+02:00,198.4678108071874,202.0076426902852,187.42706380110675,139.83436455722642
2025-09-07 15:54:00+02:00,198.4678108071874,202.0076426902852,187.42706380110675,135.48438500765803
2025-09-07 15:55:00+02:00,108.92093652853497,98.05568734806512,187.42706380110675,129.9612832270069
2025-09-07 15:56:00+02:00,108.92093652853497,98.05568734806512,187.42706380110675,126.04486243386242
2025-09-07 15:57:00+02:00,108.92093652853497,98.05568734806512,187.42706380110675,123.22459340659344
2025-09-07 15:58:00+02:00,108.92093652853497,98.05568734806512,187.42706380110675,121.46218137254904
2025-09-07 15:59:00+02:00,108.92093652853497,98.05568734806512,121.51342286886204,119.51429738562092
2025-09-07 16:00:00+02:00,108.92093652853497,98.05568734806512,121.51342286886204,113.5775
2025-09-07 16:01:00+02:00,108.92093652853497,98.05568734806512,121.51342286886204,105.33725694444443
2025-09-07 16:02:00+02:00,108.92093652853497,98.05568734806512,121.51342286886204,97.0481971153846
2025-09-07 16:03:00+02:00,108.92093652853497,98.05568734806512,121.51342286886204,92.64030555555556
2025-09-07 16:04:00+02:00,108.92093652853497,98.05568734806512,121.51342286886204,92.92353174603176
2025-09-07 16:05:00+02:00,108.92093652853497,98.05568734806512,121.51342286886204,93.44527518978607
2025-09-07 16:06:00+02:00,108.92093652853497,98.05568734806512,121.51342286886204,92.565
2025-09-07 16:07:00+02:00,108.92093652853497,98.05568734806512,121.51342286886204,90.68278260869566
2025-09-07 16:08:00+02:00,108.92093652853497,98.05568734806512,121.51342286886204,88.59550825082509
2025-09-07 16:09:00+02:00,108.92093652853497,98.05568734806512,121.51342286886204,87.96868811881187
2025-09-07 16:10:00+02:00,108.92093652853497,98.05568734806512,121.51342286886204,87.50235148514851
2025-09-07 16:11:00+02:00,108.92093652853497,98.05568734806512,121.51342286886204,86.99638809275665
2025-09-07 16:12:00+02:00,108.92093652853497,98.05568734806512,121.51342286886204,85.37054756030703
2025-09-07 16:13:00+02:00,108.92093652853497,98.05568734806512,121.51342286886204,83.74334069293478
2025-09-07 16:14:00+02:00,108.92093652853497,98.05568734806512,121.51342286886204,81.33770172978028
2025-09-07 16:15:00+02:00,108.92093652853497,98.05568734806512,121.51342286886204,78.10667530721966
2025-09-07 16:16:00+02:00,108.92093652853497,98.05568734806512,121.51342286886204,75.26250467237425
2025-09-07 16:17:00+02:00,108.92093652853497,98.05568734806512,121.51342286886204,71.90666337285903
2025-09-07 16:18:00+02:00,108.92093652853497,98.05568734806512,28.0415188963436,68.11088709677419
2025-09-07 16:19:00+02:00,25.653784775069383,98.05568734806512,28.0415188963436,64.40375133652081
2025-09-07 16:20:00+02:00,25.653784775069383,98.05568734806512,28.0415188963436,61.74440019910404
2025-09-07 16:21:00+02:00,25.653784775069383,98.05568734806512,28.0415188963436,60.203232182925525
2025-09-07 16:22:00+02:00,25.653784775069383,98.05568734806512,28.0415188963436,59.65405759162305
2025-09-07 16:23:00+02:00,25.653784775069383,24.36748057168172,28.0415188963436,59.16086387434556
2025-09-07 16:24:00+02:00,25.653784775069383,24.36748057168172,28.0415188963436,58.49387715033657
2025-09-07 16:25:00+02:00,25.653784775069383,24.36748057168172,28.0415188963436,57.00002407704654
2025-09-07 16:26:00+02:00,25.653784775069383,24.36748057168172,28.0415188963436,55.876399212522806
2025-09-07 16:27:00+02:00,25.653784775069383,24.36748057168172,28.0415188963436,54.72532051282051
2025-09-07 16:28:00+02:00,25.653784775069383,24.36748057168172,28.0415188963436,53.71833165997324
2025-09-07 16:29:00+02:00,25.653784775069383,24.36748057168172,28.0415188963436,53.114457831325325
2025-09-07 16:30:00+02:00,25.653784775069383,24.36748057168172,28.0415188963436,52.52168674698797
2025-09-07 16:31:00+02:00,25.653784775069383,24.36748057168172,28.0415188963436,51.787387387387376
2025-09-07 16:32:00+02:00,25.653784775069383,24.36748057168172,28.0415188963436,50.92826178588226
2025-09-07 16:33:00+02:00,25.653784775069383,24.36748057168172,28.0415188963436,49.88500000000001
2025-09-07 16:34:00+02:00,25.653784775069383,24.36748057168172,28.0415188963436,48.81450238453815
2025-09-07 16:35:00+02:00,25.653784775069383,24.36748057168172,28.0415188963436,47.85913254310345
2025-09-07 16:36:00+02:00,25.653784775069383,24.36748057168172,28.0415188963436,46.440868226600976
2025-09-07 16:37:00+02:00,25.653784775069383,24.36748057168172,28.0415188963436,44.82973389355743
2025-09-07 16:38:00+02:00,25.653784775069383,24.36748057168172,28.0415188963436,44.87943277310927
2025-09-07 16:39:00+02:00,25.653784775069383,24.36748057168172,28.0415188963436,45.29539915966388
2025-09-07 16:40:00+02:00,25.653784775069383,24.36748057168172,28.0415188963436,45.711365546218495
2025-09-07 16:41:00+02:00,25.653784775069383,24.36748057168172,28.0415188963436,46.30352361634309
2025-09-07 16:42:00+02:00,25.653784775069383,24.36748057168172,28.0415188963436,47.45849156836056
2025-09-07 16:43:00+02:00,25.653784775069383,24.36748057168172,28.0415188963436,47.06542763157893
2025-09-07 16:44:00+02:00,25.653784775069383,24.36748057168172,28.0415188963436,46.44569078947367
2025-09-07 16:45:00+02:00,25.653784775069383,24.36748057168172,28.0415188963436,45.227483060417846
2025-09-07 16:46:00+02:00,25.653784775069383,24.36748057168172,28.0415188963436,43.801558441558434
2025-09-07 16:47:00+02:00,25.653784775069383,24.36748057168172,28.0415188963436,43.57582251082251
2025-09-07 16:48:00+02:00,25.653784775069383,24.36748057168172,28.0415188963436,44.53888311688312
2025-09-07 16:49:00+02:00,25.653784775069383,24.36748057168172,28.0415188963436,46.12987878787879
2025-09-07 16:50:00+02:00,25.653784775069383,24.36748057168172,28.0415188963436,49.147281746031744
2025-09-07 16:51:00+02:00,25.653784775069383,24.36748057168172,28.0415188963436,52.475895536562206
2025-09-07 16:52:00+02:00,25.653784775069383,24.36748057168172,28.0415188963436,54.93265516890517
2025-09-07 16:53:00+02:00,25.653784775069383,24.36748057168172,28.0415188963436,55.34257936507935
2025-09-07 16:54:00+02:00,25.653784775069383,24.36748057168172,28.0415188963436,54.59496031746031
2025-09-07 16:55:00+02:00,25.653784775069383,24.36748057168172,28.0415188963436,53.41281860311155
2025-09-07 16:56:00+02:00,25.653784775069383,24.36748057168172,28.0415188963436,51.945526315789465
2025-09-07 16:57:00+02:00,25.653784775069383,24.36748057168172,28.0415188963436,51.1925065859537
2025-09-07 16:58:00+02:00,25.653784775069383,24.36748057168172,28.0415188963436,51.46883386581468
2025-09-07 16:59:00+02:00,25.653784775069383,24.36748057168172,28.0415188963436,51.769792332268345
2025-09-07 17:00:00+02:00,25.653784775069383,24.36748057168172,28.0415188963436,52.07075079872201
2025-09-07 17:01:00+02:00,25.653784775069383,24.36748057168172,28.0415188963436,52.37170926517569
2025-09-07 17:02:00+02:00,25.653784775069383,24.36748057168172,28.0415188963436,52.84248817396042
2025-09-07 17:03:00+02:00,25.653784775069383,24.36748057168172,28.0415188963436,53.851836240310085
2025-09-07 17:04:00+02:00,25.653784775069383,24.36748057168172,28.0415188963436,54.95172619047619
2025-09-07 17:05:00+02:00,25.653784775069383,24.36748057168172,28.0415188963436,55.91259561803444
2025-09-07 17:06:00+02:00,25.653784775069383,24.36748057168172,28.0415188963436,56.58634751773048
2025-09-07 17:07:00+02:00,25.653784775069383,24.36748057168172,28.0415188963436,57.27096177131984
2025-09-07 17:08:00+02:00,25.653784775069383,98.05568734806512,28.0415188963436,58.05817073170732
2025-09-07 17:09:00+02:00,25.653784775069383,98.05568734806512,28.0415188963436,58.758541040204925
2025-09-07 17:10:00+02:00,25.653784775069383,98.05568734806512,28.0415188963436,58.55726027397261
2025-09-07 17:11:00+02:00,25.653784775069383,98.05568734806512,28.0415188963436,58.14630136986303
2025-09-07 17:12:00+02:00,25.653784775069383,98.05568734806512,28.0415188963436,57.73534246575344
2025-09-07 17:13:00+02:00,25.653784775069383,98.05568734806512,28.0415188963436,57.36190589636689
2025-09-07 17:14:00+02:00,25.653784775069383,98.05568734806512,28.0415188963436,57.09478260869566
2025-09-07 17:15:00+02:00,25.653784775069383,98.05568734806512,28.0415188963436,56.8339130434783
2025-09-07 17:16:00+02:00,25.653784775069383,98.05568734806512,28.0415188963436,56.57304347826092
2025-09-07 17:17:00+02:00,25.653784775069383,24.36748057168172,28.0415188963436,56.31217391304352
2025-09-07 17:18:00+02:00,25.653784775069383,24.36748057168172,28.0415188963436,56.0513043478261
2025-09-07 17:19:00+02:00,25.653784775069383,24.36748057168172,28.0415188963436,56.16010288065843
2025-09-07 17:20:00+02:00,25.653784775069383,24.36748057168172,28.0415188963436,56.62183127572016
2025-09-07 17:21:00+02:00,25.653784775069383,24.36748057168172,28.0415188963436,57.08355967078188
2025-09-07 17:22:00+02:00,25.653784775069383,24.36748057168172,28.0415188963436,57.545288065843614
2025-09-07 17:23:00+02:00,25.653784775069383,24.36748057168172,28.0415188963436,57.93281967213115
2025-09-07 17:24:00+02:00,25.653784775069383,24.36748057168172,28.0415188963436,58.2436393442623
2025-09-07 17:25:00+02:00,25.653784775069383,24.36748057168172,28.0415188963436,58.55445901639344
2025-09-07 17:26:00+02:00,25.653784775069383,24.36748057168172,28.0415188963436,58.86527868852459
2025-09-07 17:27:00+02:00,25.653784775069383,24.36748057168172,28.0415188963436,59.176098360655736
2025-09-07 17:28:00+02:00,25.653784775069383,24.36748057168172,28.0415188963436,58.91486433832264
2025-09-07 17:29:00+02:00,25.653784775069383,24.36748057168172,28.0415188963436,57.47328502415459
2025-09-07 17:30:00+02:00,25.653784775069383,24.36748057168172,28.0415188963436,55.91781481481481
2025-09-07 17:31:00+02:00,25.653784775069383,24.36748057168172,28.0415188963436,54.85319344344344
2025-09-07 17:32:00+02:00,25.653784775069383,24.36748057168172,28.0415188963436,53.67724041184041
2025-09-07 17:33:00+02:00,25.653784775069383,24.36748057168172,28.0415188963436,52.91768571428573
2025-09-07 17:34:00+02:00,25.653784775069383,24.36748057168172,28.0415188963436,52.3794
2025-09-07 17:35:00+02:00,25.653784775069383,24.36748057168172,28.0415188963436,51.77334545454545
2025-09-07 17:36:00+02:00,25.653784775069383,24.36748057168172,28.0415188963436,49.94567687747036
2025-09-07 17:37:00+02:00,25.653784775069383,24.36748057168172,28.0415188963436,48.32868333690298
2025-09-07 17:38:00+02:00,25.653784775069383,24.36748057168172,28.0415188963436,47.78182266009853
2025-09-07 17:39:00+02:00,25.653784775069383,24.36748057168172,28.0415188963436,47.27344827586208
2025-09-07 17:40:00+02:00,25.653784775069383,24.36748057168172,28.0415188963436,46.73375498475253
2025-09-07 17:41:00+02:00,25.653784775069383,24.36748057168172,28.0415188963436,45.8911224489796
2025-09-07 17:42:00+02:00,25.653784775069383,24.36748057168172,28.0415188963436,45.03774725274726
2025-09-07 17:43:00+02:00,25.653784775069383,24.36748057168172,28.0415188963436,44.33884615384617
2025-09-07 17:44:00+02:00,25.653784775069383,24.36748057168172,28.0415188963436,43.70013083228248
2025-09-07 17:45:00+02:00,25.653784775069383,24.36748057168172,28.0415188963436,43.28854508196722
2025-09-07 17:46:00+02:00,25.653784775069383,24.36748057168172,28.0415188963436,42.902479508196734
2025-09-07 17:47:00+02:00,25.653784775069383,24.36748057168172,28.0415188963436,42.516413934426254
2025-09-07 17:48:00+02:00,25.653784775069383,24.36748057168172,28.0415188963436,42.09375846400571
2025-09-07 17:49:00+02:00,25.653784775069383,24.36748057168172,28.0415188963436,41.471521739130445
2025-09-07 17:50:00+02:00,25.653784775069383,24.36748057168172,28.0415188963436,40.81322360248448
2025-09-07 17:51:00+02:00,25.653784775069383,24.36748057168172,28.0415188963436,39.989571428571416
2025-09-07 17:52:00+02:00,25.653784775069383,24.36748057168172,28.0415188963436,39.2223182434264
2025-09-07 17:53:00+02:00,25.653784775069383,24.36748057168172,28.0415188963436,39.268814041745735
2025-09-07 17:54:00+02:00,25.653784775069383,24.36748057168172,28.0415188963436,39.45666982922201
2025-09-07 17:55:00+02:00,25.653784775069383,24.36748057168172,28.0415188963436,39.64452561669829
2025-09-07 17:56:00+02:00,25.653784775069383,24.36748057168172,28.0415188963436,39.83238140417456
2025-09-07 17:57:00+02:00,25.653784775069383,24.36748057168172,28.0415188963436,40.02023719165084
2025-09-07 17:58:00+02:00,25.653784775069383,24.36748057168172,28.0415188963436,40.20809297912714
2025-09-07 17:59:00+02:00,25.653784775069383,24.36748057168172,28.0415188963436,40.39594876660342
2025-09-07 18:00:00+02:00,25.653784775069383,24.36748057168172,28.0415188963436,40.5838045540797
2025-09-07 18:01:00+02:00,25.653784775069383,24.36748057168172,28.0415188963436,41.36095577922613
2025-09-07 18:02:00+02:00,25.653784775069383,24.36748057168172,28.0415188963436,43.88387799564271
2025-09-07 18:03:00+02:00,25.653784775069383,24.36748057168172,28.0415188963436,46.4421875
2025-09-07 18:04:00+02:00,25.653784775069383,24.36748057168172,28.0415188963436,48.52940120967741
2025-09-07 18:05:00+02:00,25.653784775069383,24.36748057168172,28.0415188963436,49.945243137512016
2025-09-07 18:06:00+02:00,25.653784775069383,24.36748057168172,28.0415188963436,49.5498780487805
2025-09-07 18:07:00+02:00,25.653784775069383,24.36748057168172,28.0415188963436,48.67821895424837
2025-09-07 18:08:00+02:00,25.653784775069383,24.36748057168172,28.0415188963436,47.01863849385908
2025-09-07 18:09:00+02:00,25.653784775069383,24.36748057168172,28.0415188963436,46.45774725274728
2025-09-07 18:10:00+02:00,25.653784775069383,24.36748057168172,28.0415188963436,45.963241758241765
2025-09-07 18:11:00+02:00,25.653784775069383,24.36748057168172,28.0415188963436,45.31101488627652
2025-09-07 18:12:00+02:00,25.653784775069383,24.36748057168172,28.0415188963436,44.2625303911205
2025-09-07 18:13:00+02:00,25.653784775069383,24.36748057168172,28.0415188963436,43.605170454545465
2025-09-07 18:14:00+02:00,25.653784775069383,24.36748057168172,28.0415188963436,43.09380681818183
2025-09-07 18:15:00+02:00,25.653784775069383,24.36748057168172,28.0415188963436,42.534570565202586
2025-09-07 18:16:00+02:00,25.653784775069383,24.36748057168172,28.0415188963436,41.4279213483146
2025-09-07 18:17:00+02:00,25.653784775069383,24.36748057168172,28.0415188963436,39.67009852549179
2025-09-07 18:18:00+02:00,25.653784775069383,24.36748057168172,28.0415188963436,36.98270880255255
2025-09-07 18:19:00+02:00,25.653784775069383,24.36748057168172,28.0415188963436,34.459408049353705
2025-09-07 18:20:00+02:00,25.653784775069383,24.36748057168172,28.0415188963436,32.529067321178125
2025-09-07 18:21:00+02:00,25.653784775069383,24.36748057168172,27.24112601150916,31.362894585253454
2025-09-07 18:22:00+02:00,25.653784775069383,24.36748057168172,25.658833320773947,31.081651785714268
2025-09-07 18:23:00+02:00,24.124133375581025,24.124133375581025,24.124133375581025,30.851294642857116
2025-09-07 18:24:00+02:00,22.637555565359744,22.637555565359744,22.637555565359744,30.62093749999998
2025-09-07 18:25:00+02:00,21.199592246025915,21.199592246025915,21.199592246025915,30.39058035714284
2025-09-07 18:26:00+02:00,19.81069860860134,19.81069860860134,19.81069860860134,30.160223214285704
2025-09-07 18:27:00+02:00,18.471282736941287,18.471282736941287,18.471282736941287,29.929866071428563
2025-09-07 18:28:00+02:00,17.18170513049946,17.18170513049946,17.18170513049946,29.647894345238097
2025-09-07 18:29:00+02:00,15.942273139759632,15.942273139759632,15.942273139759632,28.10833333333333
2025-09-07 18:30:00+02:00,14.753236211443545,14.753236211443545,14.753236211443545,26.127849099099095
2025-09-07 18:31:00+02:00,13.614780927199236,13.614780927199236,13.614780927199236,24.77929617117117
2025-09-07 18:32:00+02:00,12.49983763310948,12.49983763310948,12.49983763310948,23.29241883116883
2025-09-07 18:33:00+02:00,11.442043861726956,11.442043861726956,11.442043861726956,22.115547619047614
2025-09-07 18:34:00+02:00,10.441550372142537,10.441550372142537,10.441550372142537,21.194954545454557
2025-09-07 18:35:00+02:00,9.49756026247347,9.49756026247347,9.49756026247347,20.349659874608147
2025-09-07 18:36:00+02:00,8.609182053620875,8.609182053620875,8.609182053620875,19.564741379310338
2025-09-07 18:37:00+02:00,7.775430945657482,7.775430945657482,7.775430945657482,18.63765517241379
2025-09-07 18:38:00+02:00,6.995224632305652,6.995224632305652,6.995224632305652,17.183854166666666
2025-09-07 18:39:00+02:00,6.267385605081625,6.267385605081625,6.267385605081625,16.14197916666667
2025-09-07 18:40:00+02:00,5.590640960173821,5.590640960173821,5.590640960173821,15.319602649006626
2025-09-07 18:41:00+02:00,4.963623337449002,4.963623337449002,4.963623337449002,14.667947019867553
2025-09-07 18:42:00+02:00,4.384872401621099,4.384872401621099,4.384872401621099,14.035167165135654
2025-09-07 18:43:00+02:00,3.8528368535710498,3.8528368535710498,3.8528368535710498,13.528225806451609
2025-09-07 18:44:00+02:00,3.409573427751381,3.409573427751381,3.409573427751381,13.044354838709674
2025-09-07 18:45:00+02:00,3.0150218467717784,3.0150218467717784,3.0150218467717784,12.57063918757467
2025-09-07 18:46:00+02:00,2.646721854319691,2.646721854319691,2.646721854319691,12.20456989247312
2025-09-07 18:47:00+02:00,2.305144589176146,2.305144589176146,2.305144589176146,11.86693548387097
2025-09-07 18:48:00+02:00,2.157462259835385,2.157462259835385,2.157462259835385,11.52930107526882
2025-09-07 18:49:00+02:00,1.846785096689384,1.846785096689384,1.846785096689384,11.191666666666672
2025-09-07 18:50:00+02:00,1.56499223084087,1.56499223084087,1.56499223084087,10.839042869269951
2025-09-07 18:51:00+02:00,1.3117460322217631,1.3117460322217631,1.3117460322217631,10.446447368421053
2025-09-07 18:52:00+02:00,1.0845825859693627,1.0845825859693627,1.0845825859693627,10.051710526315787
2025-09-07 18:53:00+02:00,0.8850845795163749,0.8850845795163749,0.8850845795163749,9.656973684210524
2025-09-07 18:54:00+02:00,0.7121322670887748,0.7121322670887748,0.7121322670887748,9.247093447088035
2025-09-07 18:55:00+02:00,0.564134416555576,0.564134416555576,0.564134416555576,8.817054794520542
2025-09-07 18:56:00+02:00,0.4392883638380329,0.4392883638380329,0.4392883638380329,8.386917808219176
2025-09-07 18:57:00+02:00,0.3356145286447034,0.3356145286447034,0.3356145286447034,7.950852135374698
2025-09-07 18:58:00+02:00,0.2509997332873557,0.2509997332873557,0.2509997332873557,7.4041176470588255
2025-09-07 18:59:00+02:00,0.1832479526950617,0.1832479526950617,0.1832479526950617,6.81588235294118
2025-09-07 19:00:00+02:00,0.1301365992723378,0.1301365992723378,0.1301365992723378,6.23275246514791
2025-09-07 19:01:00+02:00,0.0894747673446804,0.0894747673446804,0.0894747673446804,5.663236994219653
2025-09-07 19:02:00+02:00,0.0591608169554699,0.0591608169554699,0.0591608169554699,5.094450867052022
2025-09-07 19:03:00+02:00,0.0372347633144405,0.0372347633144405,0.0372347633144405,4.560896955302465
2025-09-07 19:04:00+02:00,0.0003113779626247,0.0003113779626247,0.0003113779626247,4.090346534653462
2025-09-07 19:05:00+02:00,0.0001653447927262,0.0001653447927262,0.0001653447927262,3.621039603960394
2025-09-07 19:06:00+02:00,7.277369325283626e-05,7.277369325283626e-05,7.277369325283626e-05,3.1797691889516053
2025-09-07 19:07:00+02:00,1.7993270105729255e-05,1.7993270105729255e-05,1.7993270105729255e-05,2.925408878504674
2025-09-07 19:08:00+02:00,0.0,0.0,0.0,2.705315420560748
2025-09-07 19:09:00+02:00,0.0,0.0,0.0,2.485221962616824
2025-09-07 19:10:00+02:00,0.0,0.0,0.0,2.265128504672899
2025-09-07 19:11:00+02:00,0.0,0.0,0.0,2.045035046728974
2025-09-07 19:12:00+02:00,0.0,0.0,0.0,1.824941588785048
2025-09-07 19:13:00+02:00,0.0,0.0,0.0,1.611350708991299
2025-09-07 19:14:00+02:00,0.0,0.0,0.0,1.478577586206896
2025-09-07 19:15:00+02:00,0.0,0.0,0.0,1.3699568965517228
2025-09-07 19:16:00+02:00,0.0,0.0,0.0,1.26133620689655
2025-09-07 19:17:00+02:00,0.0,0.0,0.0,1.1527155172413768
2025-09-07 19:18:00+02:00,0.0,0.0,0.0,1.044094827586204
2025-09-07 19:19:00+02:00,0.0,0.0,0.0,0.935474137931032
2025-09-07 19:20:00+02:00,0.0,0.0,0.0,0.8268534482758603
2025-09-07 19:21:00+02:00,0.0,0.0,0.0,0.7182327586206885
2025-09-07 19:22:00+02:00,0.0,0.0,0.0,0.6096120689655168
2025-09-07 19:23:00+02:00,0.0,0.0,0.0,0.5143649212824272
2025-09-07 19:24:00+02:00,0.0,0.0,0.0,0.461358595194085
2025-09-07 19:25:00+02:00,0.0,0.0,0.0,0.4114510166358596
2025-09-07 19:26:00+02:00,0.0,0.0,0.0,0.3615434380776341
2025-09-07 19:27:00+02:00,0.0,0.0,0.0,0.3116358595194086
2025-09-07 19:28:00+02:00,0.0,0.0,0.0,0.2617282809611831
2025-09-07 19:29:00+02:00,0.0,0.0,0.0,0.2118207024029577
2025-09-07 19:30:00+02:00,0.0,0.0,0.0,0.1619131238447322
2025-09-07 19:31:00+02:00,0.0,0.0,0.0,0.1120055452865065
2025-09-07 19:32:00+02:00,0.0,0.0,0.0,0.0729112754158965
2025-09-07 19:33:00+02:00,0.0,0.0,0.0,0.07
2025-09-07 19:34:00+02:00,0.0,0.0,0.0,0.07
2025-09-07 19:35:00+02:00,0.0,0.0,0.0,0.07
2025-09-07 19:36:00+02:00,0.0,0.0,0.0,0.07
2025-09-07 19:37:00+02:00,0.0,0.0,0.0,0.07
2025-09-07 19:38:00+02:00,0.0,0.0,0.0,0.07
2025-09-07 19:39:00+02:00,0.0,0.0,0.0,0.07
2025-09-07 19:40:00+02:00,0.0,0.0,0.0,0.07
2025-09-07 19:41:00+02:00,0.0,0.0,0.0,0.0700114744693057
2025-09-07 19:42:00+02:00,0.0,0.0,0.0,0.0746127366609294
2025-09-07 19:43:00+02:00,0.0,0.0,0.0,0.0828743545611015
2025-09-07 19:44:00+02:00,0.0,0.0,0.0,0.0911359724612737
2025-09-07 19:45:00+02:00,0.0,0.0,0.0,0.0993975903614459
2025-09-07 19:46:00+02:00,0.0,0.0,0.0,0.107659208261618
2025-09-07 19:47:00+02:00,0.0,0.0,0.0,0.1159208261617901
2025-09-07 19:48:00+02:00,0.0,0.0,0.0,0.1241824440619622
2025-09-07 19:49:00+02:00,0.0,0.0,0.0,0.1324440619621342
2025-09-07 19:50:00+02:00,0.0,0.0,0.0,0.1407056798623063
2025-09-07 19:51:00+02:00,0.0,0.0,0.0,0.1483935742971887
2025-09-07 19:52:00+02:00,0.0,0.0,0.0,0.15
2025-09-07 19:53:00+02:00,0.0,0.0,0.0,0.15
2025-09-07 19:54:00+02:00,0.0,0.0,0.0,0.15
2025-09-07 19:55:00+02:00,0.0,0.0,0.0,0.15
2025-09-07 19:56:00+02:00,0.0,0.0,0.0,0.15
2025-09-07 19:57:00+02:00,0.0,0.0,0.0,0.15
2025-09-07 19:58:00+02:00,0.0,0.0,0.0,0.15
2025-09-07 19:59:00+02:00,0.0,0.0,0.0,0.15
2025-09-07 20:00:00+02:00,0.0,0.0,0.0,0.15
2025-09-08 05:00:00+02:00,0.0,0.0,0.0,0.07
2025-09-08 05:01:00+02:00,0.0,0.0,0.0,0.07
2025-09-08 05:02:00+02:00,0.0,0.0,0.0,0.07
2025-09-08 05:03:00+02:00,0.0,0.0,0.0,0.07
2025-09-08 05:04:00+02:00,0.0,0.0,0.0,0.07
2025-09-08 05:05:00+02:00,0.0,0.0,0.0,0.07
2025-09-08 05:06:00+02:00,0.0,0.0,0.0,0.07
2025-09-08 05:07:00+02:00,0.0,0.0,0.0,0.07
2025-09-08 05:08:00+02:00,0.0,0.0,0.0,0.07
2025-09-08 05:09:00+02:00,0.0,0.0,0.0,0.07
2025-09-08 05:10:00+02:00,0.0,0.0,0.0,0.07
2025-09-08 05:11:00+02:00,0.0,0.0,0.0,0.07
2025-09-08 05:12:00+02:00,0.0,0.0,0.0,0.07
2025-09-08 05:13:00+02:00,0.0,0.0,0.0,0.07
2025-09-08 05:14:00+02:00,0.0,0.0,0.0,0.0732816982214572
2025-09-08 05:15:00+02:00,0.0,0.0,0.0,0.0814974182444062
2025-09-08 05:16:00+02:00,0.0,0.0,0.0,0.0897590361445783
2025-09-08 05:17:00+02:00,0.0,0.0,0.0,0.0980206540447505
2025-09-08 05:18:00+02:00,0.0,0.0,0.0,0.1062822719449227
2025-09-08 05:19:00+02:00,0.0,0.0,0.0,0.1145438898450948
2025-09-08 05:20:00+02:00,0.0,0.0,0.0,0.1228055077452669
2025-09-08 05:21:00+02:00,0.0,0.0,0.0,0.1310671256454389
2025-09-08 05:22:00+02:00,0.0,0.0,0.0,0.1393287435456109
2025-09-08 05:23:00+02:00,0.0,0.0,0.0,0.1475685880488078
2025-09-08 05:24:00+02:00,0.0,0.0,0.0,0.1551116838487972
2025-09-08 05:25:00+02:00,0.0,0.0,0.0,0.162328178694158
2025-09-08 05:26:00+02:00,0.0,0.0,0.0,0.1695446735395188
2025-09-08 05:27:00+02:00,0.0,0.0,0.0,0.1767611683848796
2025-09-08 05:28:00+02:00,0.0,0.0,0.0,0.1839776632302404
2025-09-08 05:29:00+02:00,0.0,0.0,0.0,0.1911941580756012
2025-09-08 05:30:00+02:00,0.0,0.0,0.0,0.198410652920962
2025-09-08 05:31:00+02:00,0.0,0.0,0.0,0.2056271477663228
2025-09-08 05:32:00+02:00,0.0,0.0,0.0,0.2128436426116836
2025-09-08 05:33:00+02:00,0.0,0.0,0.0,0.2271176975945017
2025-09-08 05:34:00+02:00,0.0,0.0,0.0,0.2823711340206185
2025-09-08 05:35:00+02:00,0.0,0.0,0.0,0.344226804123711
2025-09-08 05:36:00+02:00,0.0,0.0,0.0,0.4060824742268036
2025-09-08 05:37:00+02:00,0.0,0.0,0.0,0.4679381443298962
2025-09-08 05:38:00+02:00,0.0,0.0,0.0,0.5297938144329889
2025-09-08 05:39:00+02:00,0.0,0.0,0.0,0.5916494845360815
2025-09-08 05:40:00+02:00,0.0,0.0,0.0,0.653505154639174
2025-09-08 05:41:00+02:00,0.0,0.0,0.0,0.7153608247422673
2025-09-08 05:42:00+02:00,0.0,0.0,0.0,0.7772164948453605
2025-09-08 05:43:00+02:00,0.0,0.0,0.0,0.859233436237302
2025-09-08 05:44:00+02:00,0.0,0.0,0.0,0.9817445054945048
2025-09-08 05:45:00+02:00,0.0,0.0,0.0,1.1053708791208785
2025-09-08 05:46:00+02:00,0.0,0.0,0.0,1.2289972527472517
2025-09-08 05:47:00+02:00,0.0,0.0,0.0,1.352623626373625
2025-09-08 05:48:00+02:00,0.0,0.0,0.0,1.4762499999999994
2025-09-08 05:49:00+02:00,0.0,0.0,0.0,1.5976316981987084
2025-09-08 05:50:00+02:00,0.0,0.0,0.0,1.7133676975945014
2025-09-08 05:51:00+02:00,0.0,0.0,0.0,1.828831615120274
2025-09-08 05:52:00+02:00,0.0,0.0,0.0,1.944295532646047
2025-09-08 05:53:00+02:00,0.0,0.0,0.0,2.05975945017182
2025-09-08 05:54:00+02:00,0.0,0.0,0.0,2.1752233676975927
2025-09-08 05:55:00+02:00,0.0,0.0,0.0,2.290687285223365
2025-09-08 05:56:00+02:00,0.0,0.0,0.0,2.4061512027491383
2025-09-08 05:57:00+02:00,0.0,0.0,0.0,2.521615120274911
2025-09-08 05:58:00+02:00,0.0,0.0,0.0,2.637079037800686
2025-09-08 05:59:00+02:00,0.0,0.0,0.0,2.821756756756756
2025-09-08 06:00:00+02:00,0.0,0.0,0.0,3.067191441441441
2025-09-08 06:01:00+02:00,4.135066104918511e-06,4.135066104918511e-06,4.135066104918511e-06,3.3921923076923086
2025-09-08 06:02:00+02:00,4.769113473769465e-05,4.769113473769465e-05,4.769113473769465e-05,3.756807692307694
2025-09-08 06:03:00+02:00,0.0001237993672794,0.0001237993672794,0.0001237993672794,4.121423076923077
2025-09-08 06:04:00+02:00,0.0002466985142033,0.0002466985142033,0.0002466985142033,4.4860384615384605
2025-09-08 06:05:00+02:00,0.0305223260299386,0.0305223260299386,0.0305223260299386,4.84486562203229
2025-09-08 06:06:00+02:00,0.0496166507945966,0.0496166507945966,0.0496166507945966,5.193907407407409
2025-09-08 06:07:00+02:00,0.0763495393163142,0.0763495393163142,0.0763495393163142,5.542796296296298
2025-09-08 06:08:00+02:00,0.1126024001420026,0.1126024001420026,0.1126024001420026,5.891685185185185
2025-09-08 06:09:00+02:00,0.1604156048110791,0.1604156048110791,0.1604156048110791,6.248508309591643
2025-09-08 06:10:00+02:00,0.2219394748310569,0.2219394748310569,0.2219394748310569,6.6960576923076935
2025-09-08 06:11:00+02:00,0.2993788741733553,0.2993788741733553,0.2993788741733553,7.169134615384618
2025-09-08 06:12:00+02:00,0.394935201431431,0.394935201431431,0.394935201431431,7.642211538461541
2025-09-08 06:13:00+02:00,0.5107494275839364,0.5107494275839364,0.5107494275839364,8.211101953601956
2025-09-08 06:14:00+02:00,0.6488494290862785,0.6488494290862785,0.6488494290862785,8.92404761904762
2025-09-08 06:15:00+02:00,0.8111034749314937,0.8111034749314937,0.8111034749314937,9.7252152014652
2025-09-08 06:16:00+02:00,0.9991829294550164,0.9991829294550164,0.9991829294550164,10.710883452133451
2025-09-08 06:17:00+02:00,1.2145331768902976,1.2145331768902976,1.2145331768902976,11.363416988416988
2025-09-08 06:18:00+02:00,1.456427935369759,1.456427935369759,1.456427935369759,11.745656370656372
2025-09-08 06:19:00+02:00,1.7257901872801549,1.7257901872801549,1.7257901872801549,12.127895752895755
2025-09-08 06:20:00+02:00,2.023818492741193,2.023818492741193,2.023818492741193,12.51013513513514
2025-09-08 06:21:00+02:00,2.350696028887948,2.350696028887948,2.350696028887948,13.229222972972975
2025-09-08 06:22:00+02:00,2.499104489174413,2.499104489174413,2.499104489174413,14.939369824016564
2025-09-08 06:23:00+02:00,2.855459180349188,2.855459180349188,2.855459180349188,16.479375
2025-09-08 06:24:00+02:00,3.238181661908712,3.238181661908712,3.238181661908712,17.5684375
2025-09-08 06:25:00+02:00,3.68279727423413,3.68279727423413,3.68279727423413,18.55141668936093
2025-09-08 06:26:00+02:00,4.200822126496097,4.200822126496097,4.200822126496097,19.070413943355117
2025-09-08 06:27:00+02:00,4.765259448258529,4.765259448258529,4.765259448258529,19.28479302832242
2025-09-08 06:28:00+02:00,5.377694542367227,5.377694542367227,5.377694542367227,19.499172113289728
2025-09-08 06:29:00+02:00,6.039620363923701,6.039620363923701,6.039620363923701,19.71355119825705
2025-09-08 06:30:00+02:00,6.752435486052295,6.752435486052295,6.752435486052295,19.92793028322438
2025-09-08 06:31:00+02:00,7.517442606112758,7.517442606112758,7.517442606112758,20.142309368191707
2025-09-08 06:32:00+02:00,8.335847595903326,8.335847595903326,8.335847595903326,20.356688453159038
2025-09-08 06:33:00+02:00,9.208759097020002,9.208759097020002,9.208759097020002,20.74006291405451
2025-09-08 06:34:00+02:00,10.1371886267423,10.1371886267423,10.1371886267423,22.698577598955627
2025-09-08 06:35:00+02:00,11.122051204913394,11.122051204913394,11.122051204913394,25.449880335061824
2025-09-08 06:36:00+02:00,12.164167171083609,12.164167171083609,12.164167171083609,26.35275229357799
2025-09-08 06:37:00+02:00,13.264260895882591,13.264260895882591,13.264260895882591,27.58197132616488
2025-09-08 06:38:00+02:00,14.403042338894933,14.403042338894933,14.403042338894933,25.843958333333333
2025-09-08 06:39:00+02:00,15.578660845633276,15.578660845633276,15.578660845633276,26.70984375
2025-09-08 06:40:00+02:00,16.804876998648467,16.804876998648467,16.804876998648467,29.037450256107167
2025-09-08 06:41:00+02:00,18.08145321466623,18.08145321466623,18.08145321466623,30.8368646572104
2025-09-08 06:42:00+02:00,19.40809218676073,19.40809218676073,19.40809218676073,27.61265320475233
2025-09-08 06:43:00+02:00,20.78444179832249,20.78444179832249,20.78444179832249,26.74864173228347
2025-09-08 06:44:00+02:00,22.210099812307355,22.210099812307355,22.210099812307355,26.92580708661418
2025-09-08 06:45:00+02:00,23.68461837579234,23.68461837579234,23.68461837579234,27.10297244094489
2025-09-08 06:46:00+02:00,25.20750829526862,24.36748057168172,25.20750829526862,27.280137795275603
2025-09-08 06:47:00+02:00,25.653784775069383,24.36748057168172,26.778244160772697,27.457303149606314
2025-09-08 06:48:00+02:00,25.653784775069383,24.36748057168172,28.0415188963436,27.634468503937025
2025-09-08 06:49:00+02:00,25.653784775069383,24.36748057168172,28.0415188963436,27.811633858267736
2025-09-08 06:50:00+02:00,25.653784775069383,24.36748057168172,28.0415188963436,27.98879921259844
2025-09-08 06:51:00+02:00,25.653784775069383,24.36748057168172,28.0415188963436,28.75023255813954
2025-09-08 06:52:00+02:00,25.653784775069383,24.36748057168172,28.0415188963436,29.98834754521964
2025-09-08 06:53:00+02:00,25.653784775069383,24.36748057168172,28.0415188963436,31.155666666666672
2025-09-08 06:54:00+02:00,25.653784775069383,24.36748057168172,28.0415188963436,33.80757726168792
2025-09-08 06:55:00+02:00,25.653784775069383,24.36748057168172,28.0415188963436,37.19473616803279
2025-09-08 06:56:00+02:00,25.653784775069383,24.36748057168172,28.0415188963436,36.98160879629629
2025-09-08 06:57:00+02:00,25.653784775069383,24.36748057168172,28.0415188963436,36.20847222222222
2025-09-08 06:58:00+02:00,25.653784775069383,24.36748057168172,28.0415188963436,36.742885802469125
2025-09-08 06:59:00+02:00,25.653784775069383,24.36748057168172,28.0415188963436,35.86431647940075
2025-09-08 07:00:00+02:00,25.653784775069383,24.36748057168172,28.0415188963436,36.3791573033708
2025-09-08 07:01:00+02:00,25.653784775069383,24.36748057168172,28.0415188963436,38.68306646453838
2025-09-08 07:02:00+02:00,25.653784775069383,24.36748057168172,28.0415188963436,45.115462962962965
2025-09-08 07:03:00+02:00,25.653784775069383,24.36748057168172,28.0415188963436,50.916252641407446
2025-09-08 07:04:00+02:00,25.653784775069383,24.36748057168172,28.0415188963436,53.57267543859649
2025-09-08 07:05:00+02:00,25.653784775069383,24.36748057168172,28.0415188963436,54.51927631578948
2025-09-08 07:06:00+02:00,25.653784775069383,66.8631772778482,28.0415188963436,57.894852421652416
2025-09-08 07:07:00+02:00,25.653784775069383,69.32029248834044,28.0415188963436,56.32527989417989
2025-09-08 07:08:00+02:00,25.653784775069383,71.81044616536535,28.0415188963436,65.4187269345238
2025-09-08 07:09:00+02:00,74.33292364565395,74.33292364565395,28.0415188963436,69.23647429435484
2025-09-08 07:10:00+02:00,76.88701962420157,76.88701962420157,28.0415188963436,71.97611662531018
2025-09-08 07:11:00+02:00,79.47203156446179,79.47203156446179,28.0415188963436,74.07002136752136
2025-09-08 07:12:00+02:00,82.08727021639592,82.08727021639592,82.08727021639592,76.74138888888889
2025-09-08 07:13:00+02:00,84.7320530165061,84.7320530165061,84.7320530165061,79.47480292792793
2025-09-08 07:14:00+02:00,87.40570593600626,87.40570593600626,87.40570593600626,82.61195115285231
2025-09-08 07:15:00+02:00,90.10756364680348,90.10756364680348,90.10756364680348,85.64681498180668
2025-09-08 07:16:00+02:00,92.83696963304637,92.83696963304637,92.83696963304637,87.92835695389266
2025-09-08 07:17:00+02:00,95.59327627866534,95.59327627866534,95.59327627866534,91.0309147930922
2025-09-08 07:18:00+02:00,98.37584495596398,98.05568734806512,98.37584495596398,93.90733253588516
2025-09-08 07:19:00+02:00,101.18404604117828,98.05568734806512,101.18404604117828,96.63200163398692
2025-09-08 07:20:00+02:00,104.01725896369328,98.05568734806512,104.01725896369328,99.50476779755284
2025-09-08 07:21:00+02:00,106.8748741341143,98.05568734806512,106.8748741341143,103.10960381464416
2025-09-08 07:22:00+02:00,108.92093652853497,98.05568734806512,109.75628525180711,106.4748484848485
2025-09-08 07:23:00+02:00,108.92093652853497,98.05568734806512,112.6609008034211,109.61968013468014
2025-09-08 07:24:00+02:00,108.92093652853497,98.05568734806512,115.58813634783412,112.777546875
2025-09-08 07:25:00+02:00,108.92093652853497,98.05568734806512,118.53741640038228,115.4228440860215
2025-09-08 07:26:00+02:00,108.92093652853497,98.05568734806512,121.50817437016744,118.18457978465204
2025-09-08 07:27:00+02:00,108.92093652853497,98.05568734806512,121.51342286886204,121.18461429381738
2025-09-08 07:28:00+02:00,108.92093652853497,98.05568734806512,121.51342286886204,123.61682501418036
2025-09-08 07:29:00+02:00,108.92093652853497,98.05568734806512,121.51342286886204,126.41572984749456
2025-09-08 07:30:00+02:00,108.92093652853497,98.05568734806512,133.5949609735474,129.29579464285715
2025-09-08 07:31:00+02:00,108.92093652853497,98.05568734806512,136.66491589353214,131.30823606271778
2025-09-08 07:32:00+02:00,108.92093652853497,98.05568734806512,139.75313379000374,134.52224426668997
2025-09-08 07:33:00+02:00,108.92093652853497,98.05568734806512,142.85910393404444,141.8057448107448
2025-09-08 07:34:00+02:00,108.92093652853497,98.05568734806512,145.98232995932443,148.93826388888888
2025-09-08 07:35:00+02:00,149.12232150156825,98.05568734806512,149.12232150156825,155.27854166666663
2025-09-08 07:36:00+02:00,152.2785961418567,98.05568734806512,152.2785961418567,165.75535185185186
2025-09-08 07:37:00+02:00,155.45067928975809,98.05568734806512,155.45067928975809,176.56271292547612
2025-09-08 07:38:00+02:00,158.6381040574471,98.05568734806512,158.6381040574471,181.6696197089947
2025-09-08 07:39:00+02:00,161.84041116204835,161.84041116204835,161.84041116204835,185.58033143939392
2025-09-08 07:40:00+02:00,165.05714876816535,165.05714876816535,165.05714876816535,186.2193867924528
2025-09-08 07:41:00+02:00,168.28787238820604,168.28787238820604,168.28787238820604,181.1783968253968
2025-09-08 07:42:00+02:00,171.5321447522554,171.5321447522554,171.5321447522554,172.07749084249085
2025-09-08 07:43:00+02:00,174.7895356785965,174.7895356785965,174.7895356785965,168.70735347985345
2025-09-08 07:44:00+02:00,178.05962417027382,178.05962417027382,178.05962417027382,170.84870472120474
2025-09-08 07:45:00+02:00,181.3419894750907,181.3419894750907,181.3419894750907,174.3720448179272
2025-09-08 07:46:00+02:00,184.6362241440253,184.6362241440253,184.6362241440253,177.83911764705883
2025-09-08 07:47:00+02:00,187.94192513834133,187.94192513834133,187.42706380110675,180.54170097771785
2025-09-08 07:48:00+02:00,191.25869589044535,191.25869589044535,187.42706380110675,183.064452887538
2025-09-08 07:49:00+02:00,194.58614620669624,194.58614620669624,187.42706380110675,186.36268562610232
2025-09-08 07:50:00+02:00,197.92389211098956,197.92389211098956,187.42706380110675,189.5210306122449
2025-09-08 07:51:00+02:00,198.4678108071874,201.271555749224,187.42706380110675,192.089206486358
2025-09-08 07:52:00+02:00,198.4678108071874,202.0076426902852,187.42706380110675,195.43625395738852
2025-09-08 07:53:00+02:00,198.4678108071874,202.0076426902852,187.42706380110675,198.2570324933687
2025-09-08 07:54:00+02:00,198.4678108071874,202.0076426902852,187.42706380110675,203.32147569444444
2025-09-08 07:55:00+02:00,198.4678108071874,202.0076426902852,187.42706380110675,209.4277505967506
2025-09-08 07:56:00+02:00,198.4678108071874,202.0076426902852,187.42706380110675,212.33814397731064
2025-09-08 07:57:00+02:00,198.4678108071874,202.0076426902852,187.42706380110675,213.4660648148148
2025-09-08 07:58:00+02:00,198.4678108071874,202.0076426902852,187.42706380110675,214.95177732974912
2025-09-08 07:59:00+02:00,198.4678108071874,202.0076426902852,187.42706380110675,217.9802671370968
2025-09-08 08:00:00+02:00,198.4678108071874,202.0076426902852,187.42706380110675,221.8723387096774
2025-09-08 08:01:00+02:00,198.4678108071874,202.0076426902852,187.42706380110675,225.17693181818183
2025-09-08 08:02:00+02:00,198.4678108071874,202.0076426902852,187.42706380110675,228.8551087801088
2025-09-08 08:03:00+02:00,198.4678108071874,202.0076426902852,187.42706380110675,232.57309218559217
2025-09-08 08:04:00+02:00,198.4678108071874,202.0076426902852,187.42706380110675,235.81099099099097
2025-09-08 08:05:00+02:00,198.4678108071874,202.0076426902852,248.98218741941352,238.8150659962288
2025-09-08 08:06:00+02:00,252.43708827407448,202.0076426902852,252.43708827407448,241.4079150516796
2025-09-08 08:07:00+02:00,255.89659923384824,255.89659923384824,255.89659923384824,244.55823170731708
2025-09-08 08:08:00+02:00,259.36043198579733,259.36043198579733,259.36043198579733,247.4470184665732
2025-09-08 08:09:00+02:00,262.82830017208533,262.82830017208533,262.82830017208533,250.13286956521745
2025-09-08 08:10:00+02:00,266.29992155417847,266.29992155417847,266.29992155417847,253.26424346405227
2025-09-08 08:11:00+02:00,269.7750179912242,269.7750179912242,269.7750179912242,256.2348702614379
2025-09-08 08:12:00+02:00,273.2533153247281,273.2533153247281,273.2533153247281,259.2785569613821
2025-09-08 08:13:00+02:00,276.7345432965556,276.7345432965556,276.7345432965556,262.7049479166667
2025-09-08 08:14:00+02:00,280.2184354947183,280.2184354947183,278.72148851667674,264.83681365576103
2025-09-08 08:15:00+02:00,280.837333004333,283.7047292363324,278.72148851667674,267.45979166666666
2025-09-08 08:16:00+02:00,280.837333004333,285.9142456346197,278.72148851667674,268.9700555555555
2025-09-08 08:17:00+02:00,280.837333004333,285.9142456346197,278.72148851667674,271.1352777777778
2025-09-08 08:18:00+02:00,280.837333004333,285.9142456346197,278.72148851667674,273.3001707175926
2025-09-08 08:19:00+02:00,280.837333004333,285.9142456346197,278.72148851667674,276.23441375969
2025-09-08 08:20:00+02:00,280.837333004333,285.9142456346197,278.72148851667674,278.9394422911284
2025-09-08 08:21:00+02:00,280.837333004333,285.9142456346197,278.72148851667674,282.19691648384736
2025-09-08 08:22:00+02:00,280.837333004333,285.9142456346197,278.72148851667674,286.0315873015873
2025-09-08 08:23:00+02:00,280.837333004333,285.9142456346197,278.72148851667674,290.15559523809526
2025-09-08 08:24:00+02:00,280.837333004333,285.9142456346197,278.72148851667674,293.38500000000005
2025-09-08 08:25:00+02:00,280.837333004333,285.9142456346197,278.72148851667674,295.93331207483
2025-09-08 08:26:00+02:00,280.837333004333,285.9142456346197,278.72148851667674,299.0664880952382
2025-09-08 08:27:00+02:00,280.837333004333,285.9142456346197,278.72148851667674,301.1354797979798
2025-09-08 08:28:00+02:00,280.837333004333,285.9142456346197,278.72148851667674,304.7967540792541
2025-09-08 08:29:00+02:00,280.837333004333,285.9142456346197,278.72148851667674,308.9218235930736
2025-09-08 08:30:00+02:00,280.837333004333,285.9142456346197,278.72148851667674,312.00701340326344
2025-09-08 08:31:00+02:00,280.837333004333,285.9142456346197,278.72148851667674,314.2589637205608
2025-09-08 08:32:00+02:00,280.837333004333,285.9142456346197,278.72148851667674,317.3357664416104
2025-09-08 08:33:00+02:00,280.837333004333,285.9142456346197,278.72148851667674,319.76599989996004
2025-09-08 08:34:00+02:00,280.837333004333,285.9142456346197,278.72148851667674,322.0136734693878
2025-09-08 08:35:00+02:00,280.837333004333,285.9142456346197,278.72148851667674,324.82168034655723
2025-09-08 08:36:00+02:00,280.837333004333,285.9142456346197,278.72148851667674,327.07941750767884
2025-09-08 08:37:00+02:00,280.837333004333,285.9142456346197,278.72148851667674,329.3767828441649
2025-09-08 08:38:00+02:00,280.837333004333,285.9142456346197,278.72148851667674,332.68437500000005
2025-09-08 08:39:00+02:00,372.1174145438242,372.1174145438242,278.72148851667674,335.76043831168835
2025-09-08 08:40:00+02:00,375.62283049503367,375.62283049503367,375.62283049503367,338.0826335470086
2025-09-08 08:41:00+02:00,379.1249224227146,379.1249224227146,379.1249224227146,340.34585729346367
2025-09-08 08:42:00+02:00,382.3126886205207,382.62350384833024,382.62350384833024,343.1314424651925
2025-09-08 08:43:00+02:00,382.3126886205207,386.1183881119137,386.1183881119137,346.663982275586
2025-09-08 08:44:00+02:00,382.3126886205207,389.6093907123233,389.6093907123233,349.0814595976314
2025-09-08 08:45:00+02:00,382.3126886205207,393.0963292295129,393.0963292295129,352.15581232493
2025-09-08 08:46:00+02:00,382.3126886205207,395.0865959287336,396.57902331396576,355.57455982620326
2025-09-08 08:47:00+02:00,382.3126886205207,395.0865959287336,399.1734106869087,358.4942521258503
2025-09-08 08:48:00+02:00,382.3126886205207,395.0865959287336,399.1734106869087,360.8586119832548
2025-09-08 08:49:00+02:00,382.3126886205207,395.0865959287336,399.1734106869087,363.9932948717948
2025-09-08 08:50:00+02:00,382.3126886205207,395.0865959287336,399.1734106869087,365.4998787878788
2025-09-08 08:51:00+02:00,382.3126886205207,395.0865959287336,399.1734106869087,366.8622943722944
2025-09-08 08:52:00+02:00,382.3126886205207,395.0865959287336,399.1734106869087,370.1484457615555
2025-09-08 08:53:00+02:00,382.3126886205207,395.0865959287336,399.1734106869087,372.640987804878
2025-09-08 08:54:00+02:00,382.3126886205207,395.0865959287336,399.1734106869087,375.5633543019481
2025-09-08 08:55:00+02:00,382.3126886205207,395.0865959287336,399.1734106869087,378.21986111111113
2025-09-08 08:56:00+02:00,382.3126886205207,395.0865959287336,399.1734106869087,380.8810289279059
2025-09-08 08:57:00+02:00,382.3126886205207,395.0865959287336,399.1734106869087,383.05898584905657
2025-09-08 08:58:00+02:00,382.3126886205207,395.0865959287336,399.1734106869087,384.6124404761904
2025-09-08 08:59:00+02:00,382.3126886205207,395.0865959287336,399.1734106869087,386.8574430641822
2025-09-08 09:00:00+02:00,382.3126886205207,395.0865959287336,399.1734106869087,389.27809369438086
2025-09-08 09:01:00+02:00,382.3126886205207,395.0865959287336,399.1734106869087,391.4114826700898
2025-09-08 09:02:00+02:00,382.3126886205207,395.0865959287336,399.1734106869087,393.98971907665504
2025-09-08 09:03:00+02:00,382.3126886205207,395.0865959287336,399.1734106869087,396.8951388888888
2025-09-08 09:04:00+02:00,382.3126886205207,395.0865959287336,399.1734106869087,398.9075675213675
2025-09-08 09:05:00+02:00,382.3126886205207,395.0865959287336,399.1734106869087,400.4763949820788
2025-09-08 09:06:00+02:00,382.3126886205207,395.0865959287336,399.1734106869087,403.6043995349036
2025-09-08 09:07:00+02:00,467.265818025972,395.0865959287336,399.1734106869087,406.1019354838709
2025-09-08 09:08:00+02:00,467.265818025972,395.0865959287336,399.1734106869087,407.4585054706659
2025-09-08 09:09:00+02:00,467.265818025972,395.0865959287336,399.1734106869087,410.14658408408405
2025-09-08 09:10:00+02:00,467.265818025972,395.0865959287336,399.1734106869087,412.7425589419207
2025-09-08 09:11:00+02:00,467.265818025972,395.0865959287336,399.1734106869087,414.9544155844157
2025-09-08 09:12:00+02:00,467.265818025972,395.0865959287336,399.1734106869087,417.1323376623377
2025-09-08 09:13:00+02:00,467.265818025972,395.0865959287336,399.1734106869087,418.9658783783784
2025-09-08 09:14:00+02:00,467.265818025972,395.0865959287336,399.1734106869087,420.47461580766816
2025-09-08 09:15:00+02:00,467.265818025972,395.0865959287336,399.1734106869087,422.69371471993054
2025-09-08 09:16:00+02:00,467.265818025972,395.0865959287336,399.1734106869087,425.0796338724169
2025-09-08 09:17:00+02:00,467.265818025972,395.0865959287336,399.1734106869087,427.69146750524106
2025-09-08 09:18:00+02:00,467.265818025972,483.884587871218,484.19190513874526,429.50591168091177
2025-09-08 09:19:00+02:00,467.265818025972,483.884587871218,484.19190513874526,431.6725909361956
2025-09-08 09:20:00+02:00,467.265818025972,483.884587871218,484.19190513874526,434.184286005712
2025-09-08 09:21:00+02:00,467.265818025972,483.884587871218,484.19190513874526,436.8705989787903
2025-09-08 09:22:00+02:00,467.265818025972,483.884587871218,484.19190513874526,438.6193930348259
2025-09-08 09:23:00+02:00,467.265818025972,483.884587871218,484.19190513874526,440.37825
2025-09-08 09:24:00+02:00,467.265818025972,483.884587871218,484.19190513874526,443.1189871794872
2025-09-08 09:25:00+02:00,467.265818025972,483.884587871218,484.19190513874526,445.6657692307693
2025-09-08 09:26:00+02:00,467.265818025972,483.884587871218,484.19190513874526,447.0045408163266
2025-09-08 09:27:00+02:00,467.265818025972,483.884587871218,484.19190513874526,449.0546118012423
2025-09-08 09:28:00+02:00,467.265818025972,483.884587871218,484.19190513874526,451.2057779600766
2025-09-08 09:29:00+02:00,467.265818025972,483.884587871218,484.19190513874526,453.3791760156383
2025-09-08 09:30:00+02:00,467.265818025972,483.884587871218,484.19190513874526,455.61673660502606
2025-09-08 09:31:00+02:00,467.265818025972,483.884587871218,484.19190513874526,456.70842105263154
2025-09-08 09:32:00+02:00,467.265818025972,483.884587871218,484.19190513874526,458.9523287671232
2025-09-08 09:33:00+02:00,467.265818025972,483.884587871218,484.19190513874526,460.93297611092544
2025-09-08 09:34:00+02:00,467.265818025972,483.884587871218,484.19190513874526,463.032518666003
2025-09-08 09:35:00+02:00,467.265818025972,483.884587871218,484.19190513874526,465.25610675039246
2025-09-08 09:36:00+02:00,467.265818025972,483.884587871218,484.19190513874526,467.2174317617866
2025-09-08 09:37:00+02:00,467.265818025972,483.884587871218,484.19190513874526,469.7501201206289
2025-09-08 09:38:00+02:00,467.265818025972,483.884587871218,484.19190513874526,472.522514871117
2025-09-08 09:39:00+02:00,467.265818025972,483.884587871218,484.19190513874526,473.7005765819042
2025-09-08 09:40:00+02:00,467.265818025972,483.884587871218,484.19190513874526,476.61359649122807
2025-09-08 09:41:00+02:00,467.265818025972,483.884587871218,484.19190513874526,478.044887218045
2025-09-08 09:42:00+02:00,467.265818025972,483.884587871218,484.19190513874526,478.75766917293225
2025-09-08 09:43:00+02:00,467.265818025972,483.884587871218,484.19190513874526,480.41271601436944
2025-09-08 09:44:00+02:00,467.265818025972,483.884587871218,484.19190513874526,482.9715891472868
2025-09-08 09:45:00+02:00,467.265818025972,483.884587871218,484.19190513874526,484.9728703703704
2025-09-08 09:46:00+02:00,467.265818025972,483.884587871218,484.19190513874526,486.97493750000007
2025-09-08 09:47:00+02:00,467.265818025972,483.884587871218,484.19190513874526,489.22099775817895
2025-09-08 09:48:00+02:00,467.265818025972,483.884587871218,484.19190513874526,491.2037667725989
2025-09-08 09:49:00+02:00,467.265818025972,483.884587871218,484.19190513874526,493.11195312500007
2025-09-08 09:50:00+02:00,467.265818025972,483.884587871218,484.19190513874526,493.0594627192982
2025-09-08 09:51:00+02:00,467.265818025972,483.884587871218,484.19190513874526,495.6915008241324
2025-09-08 09:52:00+02:00,467.265818025972,483.884587871218,484.19190513874526,497.528932748538
2025-09-08 09:53:00+02:00,467.265818025972,483.884587871218,484.19190513874526,499.2422441520468
2025-09-08 09:54:00+02:00,467.265818025972,483.884587871218,484.19190513874526,501.5500614509641
2025-09-08 09:55:00+02:00,467.265818025972,483.884587871218,484.19190513874526,503.1374157303371
2025-09-08 09:56:00+02:00,574.1796138325511,483.884587871218,484.19190513874526,504.44563389513104
2025-09-08 09:57:00+02:00,574.1796138325511,483.884587871218,484.19190513874526,506.94152777777776
2025-09-08 09:58:00+02:00,574.1796138325511,483.884587871218,484.19190513874526,509.2420398351648
2025-09-08 09:59:00+02:00,574.1796138325511,483.884587871218,484.19190513874526,511.2708582621083
2025-09-08 10:00:00+02:00,574.1796138325511,483.884587871218,484.19190513874526,513.1997222222221
2025-09-08 10:01:00+02:00,574.1796138325511,483.884587871218,484.19190513874526,514.5858618578255
2025-09-08 10:02:00+02:00,574.1796138325511,483.884587871218,484.19190513874526,515.4220462001093
2025-09-08 10:03:00+02:00,574.1796138325511,483.884587871218,589.6442467705715,517.0748655985169
2025-09-08 10:04:00+02:00,574.1796138325511,483.884587871218,589.6442467705715,518.7051245777027
2025-09-08 10:05:00+02:00,574.1796138325511,573.4193921422142,589.6442467705715,521.3408041037361
2025-09-08 10:06:00+02:00,574.1796138325511,573.4193921422142,589.6442467705715,522.9632352941178
2025-09-08 10:07:00+02:00,574.1796138325511,573.4193921422142,589.6442467705715,524.3112001050421
2025-09-08 10:08:00+02:00,574.1796138325511,573.4193921422142,589.6442467705715,526.6111105994072
2025-09-08 10:09:00+02:00,574.1796138325511,573.4193921422142,589.6442467705715,528.4612034428795
2025-09-08 10:10:00+02:00,574.1796138325511,573.4193921422142,589.6442467705715,530.5783402777778
2025-09-08 10:11:00+02:00,574.1796138325511,573.4193921422142,589.6442467705715,531.8425684523809
2025-09-08 10:12:00+02:00,574.1796138325511,573.4193921422142,589.6442467705715,531.0333333333333
2025-09-08 10:13:00+02:00,574.1796138325511,573.4193921422142,589.6442467705715,532.3037499999999
2025-09-08 10:14:00+02:00,574.1796138325511,573.4193921422142,589.6442467705715,533.7578260869567
2025-09-08 10:15:00+02:00,574.1796138325511,573.4193921422142,589.6442467705715,535.0885657171415
2025-09-08 10:16:00+02:00,574.1796138325511,573.4193921422142,589.6442467705715,536.5681140911025
2025-09-08 10:17:00+02:00,574.1796138325511,573.4193921422142,589.6442467705715,537.9023456790122
2025-09-08 10:18:00+02:00,574.1796138325511,573.4193921422142,589.6442467705715,539.5895532128515
2025-09-08 10:19:00+02:00,574.1796138325511,573.4193921422142,589.6442467705715,539.0734939759036
2025-09-08 10:20:00+02:00,574.1796138325511,573.4193921422142,589.6442467705715,539.3050633453175
2025-09-08 10:21:00+02:00,574.1796138325511,573.4193921422142,589.6442467705715,541.9523787878787
2025-09-08 10:22:00+02:00,574.1796138325511,573.4193921422142,589.6442467705715,544.9636159844055
2025-09-08 10:23:00+02:00,574.1796138325511,573.4193921422142,589.6442467705715,546.3891666666667
2025-09-08 10:24:00+02:00,574.1796138325511,573.4193921422142,589.6442467705715,547.3578582621083
2025-09-08 10:25:00+02:00,574.1796138325511,573.4193921422142,589.6442467705715,549.0076638795987
2025-09-08 10:26:00+02:00,574.1796138325511,573.4193921422142,589.6442467705715,551.189061054579
2025-09-08 10:27:00+02:00,574.1796138325511,573.4193921422142,589.6442467705715,553.2073442249241
2025-09-08 10:28:00+02:00,574.1796138325511,573.4193921422142,589.6442467705715,555.1446299235744
2025-09-08 10:29:00+02:00,574.1796138325511,573.4193921422142,589.6442467705715,556.8790123456789
2025-09-08 10:30:00+02:00,574.1796138325511,573.4193921422142,589.6442467705715,558.0852554012346
2025-09-08 10:31:00+02:00,574.1796138325511,573.4193921422142,589.6442467705715,559.3454383503401
2025-09-08 10:32:00+02:00,574.1796138325511,573.4193921422142,589.6442467705715,560.5704761904761
2025-09-08 10:33:00+02:00,574.1796138325511,573.4193921422142,589.6442467705715,560.7280253212397
2025-09-08 10:34:00+02:00,574.1796138325511,573.4193921422142,589.6442467705715,562.9217857142858
2025-09-08 10:35:00+02:00,574.1796138325511,573.4193921422142,589.6442467705715,564.2134523809524
2025-09-08 10:36:00+02:00,574.1796138325511,573.4193921422142,589.6442467705715,565.1165200138025
2025-09-08 10:37:00+02:00,574.1796138325511,573.4193921422142,589.6442467705715,565.6805434782608
2025-09-08 10:38:00+02:00,574.1796138325511,573.4193921422142,589.6442467705715,566.2414130434782
2025-09-08 10:39:00+02:00,574.1796138325511,573.4193921422142,589.6442467705715,566.8398426177538
2025-09-08 10:40:00+02:00,574.1796138325511,573.4193921422142,589.6442467705715,567.5094062500003
2025-09-08 10:41:00+02:00,574.1796138325511,573.4193921422142,589.6442467705715,568.2164620535715
2025-09-08 10:42:00+02:00,574.1796138325511,573.4193921422142,589.6442467705715,569.5147567287785
2025-09-08 10:43:00+02:00,574.1796138325511,573.4193921422142,589.6442467705715,568.8992917363436
2025-09-08 10:44:00+02:00,574.1796138325511,573.4193921422142,589.6442467705715,569.756430479243
2025-09-08 10:45:00+02:00,574.1796138325511,573.4193921422142,589.6442467705715,569.2433333333333
2025-09-08 10:46:00+02:00,574.1796138325511,573.4193921422142,589.6442467705715,571.1419135802469
2025-09-08 10:47:00+02:00,574.1796138325511,573.4193921422142,589.6442467705715,571.2017609351432
2025-09-08 10:48:00+02:00,574.1796138325511,573.4193921422142,589.6442467705715,577.0080309106098
2025-09-08 10:49:00+02:00,574.1796138325511,573.4193921422142,589.6442467705715,575.1853766769865
2025-09-08 10:50:00+02:00,574.1796138325511,573.4193921422142,589.6442467705715,575.8193218355718
2025-09-08 10:51:00+02:00,574.1796138325511,573.4193921422142,589.6442467705715,578.2286080586081
2025-09-08 10:52:00+02:00,574.1796138325511,573.4193921422142,589.6442467705715,579.2405586757553
2025-09-08 10:53:00+02:00,574.1796138325511,573.4193921422142,589.6442467705715,580.2984596774194
2025-09-08 10:54:00+02:00,574.1796138325511,573.4193921422142,589.6442467705715,580.2570553618135
2025-09-08 10:55:00+02:00,574.1796138325511,573.4193921422142,589.6442467705715,581.2526757268021
2025-09-08 10:56:00+02:00,574.1796138325511,573.4193921422142,589.6442467705715,581.241846638305
2025-09-08 10:57:00+02:00,574.1796138325511,573.4193921422142,589.6442467705715,584.642027027027
2025-09-08 10:58:00+02:00,574.1796138325511,573.4193921422142,589.6442467705715,585.138380952381
2025-09-08 10:59:00+02:00,574.1796138325511,573.4193921422142,589.6442467705715,586.6207751465365
2025-09-08 11:00:00+02:00,574.1796138325511,573.4193921422142,589.6442467705715,589.7070997712979
2025-09-08 11:01:00+02:00,574.1796138325511,573.4193921422142,589.6442467705715,591.8286021505378
2025-09-08 11:02:00+02:00,574.1796138325511,573.4193921422142,589.6442467705715,592.764165826613
2025-09-08 11:03:00+02:00,574.1796138325511,573.4193921422142,589.6442467705715,592.0224399038461
2025-09-08 11:04:00+02:00,574.1796138325511,573.4193921422142,589.6442467705715,590.3524586707152
2025-09-08 11:05:00+02:00,574.1796138325511,573.4193921422142,589.6442467705715,592.1419576719577
2025-09-08 11:06:00+02:00,574.1796138325511,573.4193921422142,589.6442467705715,594.3013888888889
2025-09-08 11:07:00+02:00,574.1796138325511,573.4193921422142,589.6442467705715,594.7177777777778
2025-09-08 11:08:00+02:00,574.1796138325511,573.4193921422142,589.6442467705715,594.7315195440524
2025-09-08 11:09:00+02:00,574.1796138325511,573.4193921422142,589.6442467705715,596.540013082156
2025-09-08 11:10:00+02:00,574.1796138325511,573.4193921422142,589.6442467705715,598.6068336734694
2025-09-08 11:11:00+02:00,574.1796138325511,573.4193921422142,589.6442467705715,597.832691503268
2025-09-08 11:12:00+02:00,574.1796138325511,573.4193921422142,589.6442467705715,599.0861683006536
2025-09-08 11:13:00+02:00,574.1796138325511,573.4193921422142,589.6442467705715,601.3513055555555
2025-09-08 11:14:00+02:00,574.1796138325511,573.4193921422142,589.6442467705715,598.6370848108747
2025-09-08 11:15:00+02:00,574.1796138325511,573.4193921422142,589.6442467705715,598.4679166666666
2025-09-08 11:16:00+02:00,574.1796138325511,573.4193921422142,589.6442467705715,600.7014460204886
2025-09-08 11:17:00+02:00,574.1796138325511,573.4193921422142,589.6442467705715,598.3367247321237
2025-09-08 11:18:00+02:00,574.1796138325511,666.3697912948548,589.6442467705715,605.0830847193348
2025-09-08 11:19:00+02:00,574.1796138325511,666.3697912948548,589.6442467705715,606.2025000000002
2025-09-08 11:20:00+02:00,671.9500862546998,666.3697912948548,589.6442467705715,607.0434722222222
2025-09-08 11:21:00+02:00,671.9500862546998,666.3697912948548,589.6442467705715,606.7641097308489
2025-09-08 11:22:00+02:00,671.9500862546998,666.3697912948548,589.6442467705715,606.5237681159421
2025-09-08 11:23:00+02:00,574.1796138325511,666.3697912948548,589.6442467705715,605.1384832451499
2025-09-08 11:24:00+02:00,574.1796138325511,573.4193921422142,589.6442467705715,606.7712044817928
2025-09-08 11:25:00+02:00,574.1796138325511,573.4193921422142,589.6442467705715,604.1573198314413
2025-09-08 11:26:00+02:00,671.9500862546998,666.3697912948548,589.6442467705715,607.0928611111111
2025-09-08 11:27:00+02:00,671.9500862546998,666.3697912948548,589.6442467705715,612.9625670498085
2025-09-08 11:28:00+02:00,671.9500862546998,666.3697912948548,589.6442467705715,612.8913348385332
2025-09-08 11:29:00+02:00,671.9500862546998,666.3697912948548,589.6442467705715,612.7272275641025
2025-09-08 11:30:00+02:00,574.1796138325511,666.3697912948548,589.6442467705715,605.6900457875457
2025-09-08 11:31:00+02:00,574.1796138325511,666.3697912948548,589.6442467705715,547.2957383040936
2025-09-08 11:32:00+02:00,574.1796138325511,666.3697912948548,589.6442467705715,607.4668325358851
2025-09-08 11:33:00+02:00,671.9500862546998,666.3697912948548,589.6442467705715,612.2487777777778
2025-09-08 11:34:00+02:00,671.9500862546998,666.3697912948548,589.6442467705715,619.4193518518518
2025-09-08 11:35:00+02:00,671.9500862546998,666.3697912948548,589.6442467705715,614.1349671717172
2025-09-08 11:36:00+02:00,671.9500862546998,666.3697912948548,589.6442467705715,617.9717234169653
2025-09-08 11:37:00+02:00,671.9500862546998,666.3697912948548,589.6442467705715,622.2279467664258
2025-09-08 11:38:00+02:00,671.9500862546998,666.3697912948548,589.6442467705715,621.7470833333333
2025-09-08 11:39:00+02:00,671.9500862546998,666.3697912948548,589.6442467705715,620.9727546296295
2025-09-08 11:40:00+02:00,671.9500862546998,666.3697912948548,589.6442467705715,623.2749529190207
2025-09-08 11:41:00+02:00,671.9500862546998,666.3697912948548,589.6442467705715,622.1913945243394
2025-09-08 11:42:00+02:00,671.9500862546998,666.3697912948548,589.6442467705715,620.5389621212121
2025-09-08 11:43:00+02:00,671.9500862546998,666.3697912948548,589.6442467705715,626.9471626984126
2025-09-08 11:44:00+02:00,671.9500862546998,666.3697912948548,589.6442467705715,628.2566798642534
2025-09-08 11:45:00+02:00,671.9500862546998,666.3697912948548,589.6442467705715,626.5812803921568
2025-09-08 11:46:00+02:00,671.9500862546998,666.3697912948548,693.531432481675,570.5515194444444
2025-09-08 11:47:00+02:00,671.9500862546998,666.3697912948548,693.531432481675,605.339208408206
2025-09-08 11:48:00+02:00,671.9500862546998,666.3697912948548,693.531432481675,634.8967012578615
2025-09-08 11:49:00+02:00,671.9500862546998,666.3697912948548,693.531432481675,638.7291505847953
2025-09-08 11:50:00+02:00,671.9500862546998,666.3697912948548,693.531432481675,637.6433936403508
2025-09-08 11:51:00+02:00,671.9500862546998,666.3697912948548,693.531432481675,636.610974099099
2025-09-08 11:52:00+02:00,671.9500862546998,666.3697912948548,589.6442467705715,596.3151957726957
2025-09-08 11:53:00+02:00,671.9500862546998,666.3697912948548,589.6442467705715,514.6267361111111
2025-09-08 11:54:00+02:00,671.9500862546998,666.3697912948548,589.6442467705715,628.8132193732193
2025-09-08 11:55:00+02:00,671.9500862546998,666.3697912948548,693.531432481675,631.9528985507246
2025-09-08 11:56:00+02:00,671.9500862546998,666.3697912948548,693.531432481675,632.7569261417401
2025-09-08 11:57:00+02:00,671.9500862546998,666.3697912948548,693.531432481675,633.70029209622
2025-09-08 11:58:00+02:00,671.9500862546998,666.3697912948548,693.531432481675,637.5638377192982
2025-09-08 11:59:00+02:00,671.9500862546998,666.3697912948548,693.531432481675,640.0337046783626
2025-09-08 12:00:00+02:00,671.9500862546998,666.3697912948548,693.531432481675,638.5530426356589
2025-09-08 12:01:00+02:00,671.9500862546998,666.3697912948548,693.531432481675,638.9345639688692
2025-09-08 12:02:00+02:00,671.9500862546998,666.3697912948548,589.6442467705715,643.8222513227513
2025-09-08 12:03:00+02:00,671.9500862546998,666.3697912948548,589.6442467705715,637.3698941798942
2025-09-08 12:04:00+02:00,671.9500862546998,666.3697912948548,589.6442467705715,641.517873015873
2025-09-08 12:05:00+02:00,671.9500862546998,666.3697912948548,589.6442467705715,613.1645363756614
2025-09-08 12:06:00+02:00,671.9500862546998,666.3697912948548,693.531432481675,631.7806388888889
2025-09-08 12:07:00+02:00,574.1796138325511,666.3697912948548,693.531432481675,635.9144259259259
2025-09-08 12:08:00+02:00,574.1796138325511,666.3697912948548,693.531432481675,632.6214444444444
2025-09-08 12:09:00+02:00,574.1796138325511,666.3697912948548,693.531432481675,634.5781660798121
2025-09-08 12:10:00+02:00,574.1796138325511,666.3697912948548,693.531432481675,637.062539612676
2025-09-08 12:11:00+02:00,671.9500862546998,666.3697912948548,693.531432481675,641.1210069444445
2025-09-08 12:12:00+02:00,671.9500862546998,666.3697912948548,693.531432481675,644.2209696342305
2025-09-08 12:13:00+02:00,671.9500862546998,666.3697912948548,693.531432481675,644.2255263157895
2025-09-08 12:14:00+02:00,671.9500862546998,666.3697912948548,693.531432481675,642.8268165204678
2025-09-08 12:15:00+02:00,671.9500862546998,666.3697912948548,693.531432481675,639.5950609080842
2025-09-08 12:16:00+02:00,671.9500862546998,666.3697912948548,693.531432481675,639.1907015503875
2025-09-08 12:17:00+02:00,671.9500862546998,666.3697912948548,693.531432481675,638.9837596899224
2025-09-08 12:18:00+02:00,671.9500862546998,666.3697912948548,693.531432481675,635.85921875
2025-09-08 12:19:00+02:00,671.9500862546998,666.3697912948548,693.531432481675,633.7950071225072
2025-09-08 12:20:00+02:00,671.9500862546998,666.3697912948548,693.531432481675,607.2185650022492
2025-09-08 12:21:00+02:00,671.9500862546998,666.3697912948548,589.6442467705715,636.1821109986505
2025-09-08 12:22:00+02:00,671.9500862546998,666.3697912948548,589.6442467705715,631.4033223684211
2025-09-08 12:23:00+02:00,671.9500862546998,666.3697912948548,589.6442467705715,631.9201937134502
2025-09-08 12:24:00+02:00,671.9500862546998,666.3697912948548,693.531432481675,629.0472718253968
2025-09-08 12:25:00+02:00,671.9500862546998,666.3697912948548,693.531432481675,633.2198601190477
2025-09-08 12:26:00+02:00,671.9500862546998,666.3697912948548,589.6442467705715,633.9991104868915
2025-09-08 12:27:00+02:00,671.9500862546998,666.3697912948548,589.6442467705715,632.3741839254986
2025-09-08 12:28:00+02:00,671.9500862546998,666.3697912948548,589.6442467705715,632.0139352989354
2025-09-08 12:29:00+02:00,671.9500862546998,666.3697912948548,589.6442467705715,631.8095994582044
2025-09-08 12:30:00+02:00,671.9500862546998,666.3697912948548,589.6442467705715,606.3800898692809
2025-09-08 12:31:00+02:00,671.9500862546998,666.3697912948548,589.6442467705715,580.3249037674037
2025-09-08 12:32:00+02:00,671.9500862546998,666.3697912948548,589.6442467705715,573.2699074074075
2025-09-08 12:33:00+02:00,574.1796138325511,573.4193921422142,589.6442467705715,549.7917361111112
2025-09-08 12:34:00+02:00,671.9500862546998,666.3697912948548,589.6442467705715,631.4477916666666
2025-09-08 12:35:00+02:00,671.9500862546998,666.3697912948548,589.6442467705715,623.1303472222222
2025-09-08 12:36:00+02:00,671.9500862546998,666.3697912948548,589.6442467705715,629.6588706140351
2025-09-08 12:37:00+02:00,671.9500862546998,666.3697912948548,589.6442467705715,627.6744907407407
2025-09-08 12:38:00+02:00,671.9500862546998,666.3697912948548,589.6442467705715,629.4606958333334
2025-09-08 12:39:00+02:00,671.9500862546998,666.3697912948548,589.6442467705715,626.749988034188
2025-09-08 12:40:00+02:00,671.9500862546998,666.3697912948548,589.6442467705715,626.6997083333334
2025-09-08 12:41:00+02:00,671.9500862546998,666.3697912948548,589.6442467705715,624.5447304894179
2025-09-08 12:42:00+02:00,671.9500862546998,666.3697912948548,589.6442467705715,631.7255456349206
2025-09-08 12:43:00+02:00,671.9500862546998,666.3697912948548,589.6442467705715,632.1019444444445
2025-09-08 12:44:00+02:00,671.9500862546998,666.3697912948548,589.6442467705715,625.6655605413106
2025-09-08 12:45:00+02:00,671.9500862546998,666.3697912948548,589.6442467705715,623.6048528439153
2025-09-08 12:46:00+02:00,671.9500862546998,666.3697912948548,693.531432481675,629.2526152319903
2025-09-08 12:47:00+02:00,671.9500862546998,666.3697912948548,589.6442467705715,630.9224468183501
2025-09-08 12:48:00+02:00,671.9500862546998,666.3697912948548,589.6442467705715,631.0930674353599
2025-09-08 12:49:00+02:00,671.9500862546998,666.3697912948548,589.6442467705715,630.9207076719575
2025-09-08 12:50:00+02:00,671.9500862546998,666.3697912948548,589.6442467705715,628.2129454926626
2025-09-08 12:51:00+02:00,671.9500862546998,666.3697912948548,589.6442467705715,622.52825
2025-09-08 12:52:00+02:00,671.9500862546998,666.3697912948548,589.6442467705715,607.3625833333333
2025-09-08 12:53:00+02:00,671.9500862546998,666.3697912948548,693.531432481675,632.2301924603174
2025-09-08 12:54:00+02:00,671.9500862546998,666.3697912948548,589.6442467705715,622.264007997936
2025-09-08 12:55:00+02:00,671.9500862546998,666.3697912948548,589.6442467705715,619.1268207282914
2025-09-08 12:56:00+02:00,671.9500862546998,666.3697912948548,589.6442467705715,618.1678409090908
2025-09-08 12:57:00+02:00,671.9500862546998,666.3697912948548,589.6442467705715,614.995462962963
2025-09-08 12:58:00+02:00,671.9500862546998,666.3697912948548,589.6442467705715,618.8961061507937
2025-09-08 12:59:00+02:00,671.9500862546998,666.3697912948548,589.6442467705715,618.4612148148149
2025-09-08 13:00:00+02:00,671.9500862546998,666.3697912948548,589.6442467705715,620.0346555555556
2025-09-08 13:01:00+02:00,671.9500862546998,666.3697912948548,693.531432481675,617.2872007575758
2025-09-08 13:02:00+02:00,671.9500862546998,666.3697912948548,693.531432481675,608.9049243348115
2025-09-08 13:03:00+02:00,671.9500862546998,666.3697912948548,693.531432481675,539.1895128726287
2025-09-08 13:04:00+02:00,671.9500862546998,666.3697912948548,589.6442467705715,618.3746165040233
2025-09-08 13:05:00+02:00,671.9500862546998,666.3697912948548,589.6442467705715,617.3299845916795
2025-09-08 13:06:00+02:00,671.9500862546998,666.3697912948548,589.6442467705715,618.4136111111111
2025-09-08 13:07:00+02:00,671.9500862546998,666.3697912948548,589.6442467705715,616.3758928571428
2025-09-08 13:08:00+02:00,574.1796138325511,666.3697912948548,589.6442467705715,615.2758296783626
2025-09-08 13:09:00+02:00,574.1796138325511,666.3697912948548,589.6442467705715,612.2797514619883
2025-09-08 13:10:00+02:00,574.1796138325511,666.3697912948548,589.6442467705715,610.2786223723724
2025-09-08 13:11:00+02:00,574.1796138325511,666.3697912948548,589.6442467705715,618.4878688538769
2025-09-08 13:12:00+02:00,574.1796138325511,666.3697912948548,589.6442467705715,618.0053634876111
2025-09-08 13:13:00+02:00,574.1796138325511,666.3697912948548,589.6442467705715,615.6494051932367
2025-09-08 13:14:00+02:00,574.1796138325511,666.3697912948548,589.6442467705715,611.7964583333334
2025-09-08 13:15:00+02:00,574.1796138325511,666.3697912948548,589.6442467705715,501.7915765765766
2025-09-08 13:16:00+02:00,574.1796138325511,666.3697912948548,589.6442467705715,478.7416934272983
2025-09-08 13:17:00+02:00,574.1796138325511,666.3697912948548,589.6442467705715,614.3064221113541
2025-09-08 13:18:00+02:00,574.1796138325511,666.3697912948548,589.6442467705715,614.6720600799227
2025-09-08 13:19:00+02:00,574.1796138325511,666.3697912948548,589.6442467705715,614.0750542005419
2025-09-08 13:20:00+02:00,574.1796138325511,666.3697912948548,589.6442467705715,612.1861519607844
2025-09-08 13:21:00+02:00,574.1796138325511,666.3697912948548,589.6442467705715,608.7902093545752
2025-09-08 13:22:00+02:00,574.1796138325511,666.3697912948548,589.6442467705715,606.22765625
2025-09-08 13:23:00+02:00,574.1796138325511,666.3697912948548,589.6442467705715,606.4345238095237
2025-09-08 13:24:00+02:00,574.1796138325511,666.3697912948548,589.6442467705715,606.4262280701754
2025-09-08 13:25:00+02:00,574.1796138325511,666.3697912948548,589.6442467705715,607.0761373260738
2025-09-08 13:26:00+02:00,574.1796138325511,666.3697912948548,589.6442467705715,600.0283842592593
2025-09-08 13:27:00+02:00,574.1796138325511,666.3697912948548,589.6442467705715,601.3295520833334
2025-09-08 13:28:00+02:00,574.1796138325511,666.3697912948548,589.6442467705715,604.7931711386309
2025-09-08 13:29:00+02:00,574.1796138325511,666.3697912948548,589.6442467705715,602.8273485909516
2025-09-08 13:30:00+02:00,574.1796138325511,666.3697912948548,589.6442467705715,601.1580098280098
2025-09-08 13:31:00+02:00,574.1796138325511,666.3697912948548,589.6442467705715,600.1138389046941
2025-09-08 13:32:00+02:00,574.1796138325511,666.3697912948548,589.6442467705715,600.6017690058479
2025-09-08 13:33:00+02:00,574.1796138325511,666.3697912948548,589.6442467705715,598.6592156862745
2025-09-08 13:34:00+02:00,574.1796138325511,573.4193921422142,589.6442467705715,598.8756512605041
2025-09-08 13:35:00+02:00,574.1796138325511,573.4193921422142,589.6442467705715,595.3962678571428
2025-09-08 13:36:00+02:00,574.1796138325511,573.4193921422142,589.6442467705715,593.5616666666667
2025-09-08 13:37:00+02:00,574.1796138325511,573.4193921422142,589.6442467705715,590.4119781144781
2025-09-08 13:38:00+02:00,574.1796138325511,573.4193921422142,589.6442467705715,590.7480887012199
2025-09-08 13:39:00+02:00,574.1796138325511,573.4193921422142,589.6442467705715,590.3382971972502
2025-09-08 13:40:00+02:00,574.1796138325511,573.4193921422142,589.6442467705715,589.5979306147292
2025-09-08 13:41:00+02:00,574.1796138325511,573.4193921422142,589.6442467705715,586.40143081761
2025-09-08 13:42:00+02:00,574.1796138325511,573.4193921422142,589.6442467705715,585.7452132435466
2025-09-08 13:43:00+02:00,574.1796138325511,573.4193921422142,589.6442467705715,585.42675
2025-09-08 13:44:00+02:00,574.1796138325511,573.4193921422142,589.6442467705715,582.1306707070706
2025-09-08 13:45:00+02:00,574.1796138325511,573.4193921422142,589.6442467705715,581.4061282593376
2025-09-08 13:46:00+02:00,574.1796138325511,573.4193921422142,589.6442467705715,581.2299793281653
2025-09-08 13:47:00+02:00,574.1796138325511,573.4193921422142,589.6442467705715,579.8853080553081
2025-09-08 13:48:00+02:00,574.1796138325511,573.4193921422142,589.6442467705715,579.1879552767052
2025-09-08 13:49:00+02:00,574.1796138325511,573.4193921422142,589.6442467705715,577.8254029304029
2025-09-08 13:50:00+02:00,574.1796138325511,573.4193921422142,589.6442467705715,575.2120055555555
2025-09-08 13:51:00+02:00,574.1796138325511,573.4193921422142,589.6442467705715,578.1326923076923
2025-09-08 13:52:00+02:00,574.1796138325511,573.4193921422142,589.6442467705715,574.303766025641
2025-09-08 13:53:00+02:00,574.1796138325511,573.4193921422142,589.6442467705715,576.1425138888889
2025-09-08 13:54:00+02:00,574.1796138325511,573.4193921422142,589.6442467705715,574.3459404761905
2025-09-08 13:55:00+02:00,574.1796138325511,573.4193921422142,589.6442467705715,569.7628611111111
2025-09-08 13:56:00+02:00,574.1796138325511,573.4193921422142,589.6442467705715,562.8124145299145
2025-09-08 13:57:00+02:00,574.1796138325511,573.4193921422142,589.6442467705715,558.4543612637362
2025-09-08 13:58:00+02:00,574.1796138325511,573.4193921422142,589.6442467705715,560.3344417989418
2025-09-08 13:59:00+02:00,574.1796138325511,573.4193921422142,589.6442467705715,559.6880555555556
2025-09-08 14:00:00+02:00,574.1796138325511,573.4193921422142,589.6442467705715,556.2337152777778
2025-09-08 14:01:00+02:00,574.1796138325511,573.4193921422142,589.6442467705715,555.5154090608465
2025-09-08 14:02:00+02:00,574.1796138325511,573.4193921422142,589.6442467705715,563.1172851307189
2025-09-08 14:03:00+02:00,574.1796138325511,573.4193921422142,589.6442467705715,563.5415535714286
2025-09-08 14:04:00+02:00,574.1796138325511,573.4193921422142,589.6442467705715,559.3537909244102
2025-09-08 14:05:00+02:00,574.1796138325511,573.4193921422142,589.6442467705715,557.2636691542288
2025-09-08 14:06:00+02:00,574.1796138325511,573.4193921422142,589.6442467705715,556.9585669191919
2025-09-08 14:07:00+02:00,574.1796138325511,573.4193921422142,589.6442467705715,554.5990853658535
2025-09-08 14:08:00+02:00,574.1796138325511,573.4193921422142,589.6442467705715,556.5197532369767
2025-09-08 14:09:00+02:00,574.1796138325511,573.4193921422142,589.6442467705715,552.9969232503607
2025-09-08 14:10:00+02:00,574.1796138325511,573.4193921422142,589.6442467705715,551.2290404040405
2025-09-08 14:11:00+02:00,574.1796138325511,573.4193921422142,589.6442467705715,548.3747252726303
2025-09-08 14:12:00+02:00,574.1796138325511,573.4193921422142,589.6442467705715,549.82695035461
2025-09-08 14:13:00+02:00,574.1796138325511,573.4193921422142,589.6442467705715,551.2500000000001
2025-09-08 14:14:00+02:00,574.1796138325511,573.4193921422142,589.6442467705715,550.248209090909
2025-09-08 14:15:00+02:00,574.1796138325511,573.4193921422142,589.6442467705715,546.1732833333333
2025-09-08 14:16:00+02:00,574.1796138325511,573.4193921422142,589.6442467705715,544.1725087719298
2025-09-08 14:17:00+02:00,574.1796138325511,573.4193921422142,589.6442467705715,542.799709176788
2025-09-08 14:18:00+02:00,574.1796138325511,573.4193921422142,589.6442467705715,538.6104517168991
2025-09-08 14:19:00+02:00,574.1796138325511,573.4193921422142,589.6442467705715,537.919074074074
2025-09-08 14:20:00+02:00,574.1796138325511,573.4193921422142,589.6442467705715,537.8450221483943
2025-09-08 14:21:00+02:00,574.1796138325511,573.4193921422142,589.6442467705715,535.3047265288544
2025-09-08 14:22:00+02:00,574.1796138325511,573.4193921422142,589.6442467705715,531.6861754241926
2025-09-08 14:23:00+02:00,574.1796138325511,573.4193921422142,589.6442467705715,528.4217432249322
2025-09-08 14:24:00+02:00,574.1796138325511,573.4193921422142,589.6442467705715,527.8869028261712
2025-09-08 14:25:00+02:00,574.1796138325511,573.4193921422142,589.6442467705715,527.8206429912391
2025-09-08 14:26:00+02:00,574.1796138325511,573.4193921422142,589.6442467705715,526.2629078014185
2025-09-08 14:27:00+02:00,574.1796138325511,573.4193921422142,589.6442467705715,523.9790873015874
2025-09-08 14:28:00+02:00,574.1796138325511,573.4193921422142,589.6442467705715,524.2453333333333
2025-09-08 14:29:00+02:00,574.1796138325511,573.4193921422142,589.6442467705715,525.2596964285714
2025-09-08 14:30:00+02:00,574.1796138325511,573.4193921422142,589.6442467705715,526.1617922008546
2025-09-08 14:31:00+02:00,574.1796138325511,573.4193921422142,589.6442467705715,524.1232147435898
2025-09-08 14:32:00+02:00,574.1796138325511,573.4193921422142,589.6442467705715,520.2174687500001
2025-09-08 14:33:00+02:00,574.1796138325511,573.4193921422142,589.6442467705715,518.8525312500001
2025-09-08 14:34:00+02:00,574.1796138325511,573.4193921422142,589.6442467705715,516.699178592725
2025-09-08 14:35:00+02:00,467.265818025972,573.4193921422142,589.6442467705715,513.9012967473287
2025-09-08 14:36:00+02:00,467.265818025972,573.4193921422142,589.6442467705715,511.679375
2025-09-08 14:37:00+02:00,467.265818025972,483.884587871218,589.6442467705715,511.853717948718
2025-09-08 14:38:00+02:00,467.265818025972,483.884587871218,589.6442467705715,509.1290116077616
2025-09-08 14:39:00+02:00,467.265818025972,483.884587871218,589.6442467705715,506.3605612169546
2025-09-08 14:40:00+02:00,467.265818025972,483.884587871218,589.6442467705715,504.25620023419214
2025-09-08 14:41:00+02:00,467.265818025972,483.884587871218,484.19190513874526,502.81056122448985
2025-09-08 14:42:00+02:00,467.265818025972,483.884587871218,484.19190513874526,501.49291520056295
2025-09-08 14:43:00+02:00,467.265818025972,483.884587871218,484.19190513874526,500.6009701149425
2025-09-08 14:44:00+02:00,467.265818025972,573.4193921422142,484.19190513874526,500.954262585034
2025-09-08 14:45:00+02:00,467.265818025972,483.884587871218,484.19190513874526,498.4941081081081
2025-09-08 14:46:00+02:00,467.265818025972,483.884587871218,484.19190513874526,495.70748427672953
2025-09-08 14:47:00+02:00,467.265818025972,483.884587871218,484.19190513874526,492.81143649193547
2025-09-08 14:48:00+02:00,467.265818025972,483.884587871218,484.19190513874526,487.8387141203704
2025-09-08 14:49:00+02:00,467.265818025972,483.884587871218,484.19190513874526,485.3047313596491
2025-09-08 14:50:00+02:00,467.265818025972,483.884587871218,484.19190513874526,485.9302604166667
2025-09-08 14:51:00+02:00,467.265818025972,483.884587871218,484.19190513874526,484.3822530241935
2025-09-08 14:52:00+02:00,467.265818025972,483.884587871218,484.19190513874526,480.3695731707317
2025-09-08 14:53:00+02:00,467.265818025972,483.884587871218,484.19190513874526,477.3756456551578
2025-09-08 14:54:00+02:00,467.265818025972,483.884587871218,484.19190513874526,477.5698265895953
2025-09-08 14:55:00+02:00,467.265818025972,483.884587871218,484.19190513874526,477.0010404624277
2025-09-08 14:56:00+02:00,467.265818025972,483.884587871218,484.19190513874526,476.42829363229527
2025-09-08 14:57:00+02:00,467.265818025972,483.884587871218,484.19190513874526,475.2955197132617
2025-09-08 14:58:00+02:00,467.265818025972,483.884587871218,484.19190513874526,472.0452189265537
2025-09-08 14:59:00+02:00,467.265818025972,483.884587871218,484.19190513874526,470.5308474576271
2025-09-08 15:00:00+02:00,467.265818025972,483.884587871218,484.19190513874526,469.2793785310735
2025-09-08 15:01:00+02:00,467.265818025972,483.884587871218,484.19190513874526,466.2029166666666
2025-09-08 15:02:00+02:00,467.265818025972,483.884587871218,484.19190513874526,463.4574074074074
2025-09-08 15:03:00+02:00,467.265818025972,483.884587871218,484.19190513874526,462.04493464052285
2025-09-08 15:04:00+02:00,467.265818025972,483.884587871218,484.19190513874526,460.418256302521
2025-09-08 15:05:00+02:00,467.265818025972,483.884587871218,484.19190513874526,458.9529723502304
2025-09-08 15:06:00+02:00,467.265818025972,483.884587871218,484.19190513874526,456.31081950844856
2025-09-08 15:07:00+02:00,467.265818025972,483.884587871218,484.19190513874526,454.072465437788
2025-09-08 15:08:00+02:00,467.265818025972,483.884587871218,484.19190513874526,451.9895604048072
2025-09-08 15:09:00+02:00,467.265818025972,483.884587871218,484.19190513874526,451.0433823529413
2025-09-08 15:10:00+02:00,467.265818025972,483.884587871218,484.19190513874526,450.10220588235296
2025-09-08 15:11:00+02:00,467.265818025972,483.884587871218,484.19190513874526,447.9497140522876
2025-09-08 15:12:00+02:00,467.265818025972,483.884587871218,484.19190513874526,445.8428070175439
2025-09-08 15:13:00+02:00,467.265818025972,483.884587871218,484.19190513874526,443.4427717391304
2025-09-08 15:14:00+02:00,467.265818025972,483.884587871218,484.19190513874526,440.9139891304348
2025-09-08 15:15:00+02:00,467.265818025972,483.884587871218,484.19190513874526,438.8126149425288
2025-09-08 15:16:00+02:00,467.265818025972,483.884587871218,484.19190513874526,436.3019977335276
2025-09-08 15:17:00+02:00,467.265818025972,483.884587871218,484.19190513874526,434.6930738911079
2025-09-08 15:18:00+02:00,467.265818025972,483.884587871218,484.19190513874526,433.0417297441365
2025-09-08 15:19:00+02:00,467.265818025972,483.884587871218,484.19190513874526,429.5876964285714
2025-09-08 15:20:00+02:00,467.265818025972,483.884587871218,399.1734106869087,427.5181004140787
2025-09-08 15:21:00+02:00,382.3126886205207,395.0865959287336,399.1734106869087,426.0941739130433
2025-09-08 15:22:00+02:00,382.3126886205207,395.0865959287336,399.1734106869087,419.2598526570048
2025-09-08 15:23:00+02:00,467.265818025972,395.0865959287336,399.1734106869087,387.5810682720057
2025-09-08 15:24:00+02:00,467.265818025972,395.0865959287336,399.1734106869087,395.8853013468013
2025-09-08 15:25:00+02:00,382.3126886205207,395.0865959287336,399.1734106869087,415.6138271604938
2025-09-08 15:26:00+02:00,382.3126886205207,395.0865959287336,399.1734106869087,412.3886111111111
2025-09-08 15:27:00+02:00,382.3126886205207,395.0865959287336,399.1734106869087,408.5928713768116
2025-09-08 15:28:00+02:00,382.3126886205207,395.0865959287336,399.1734106869087,405.3519810606061
2025-09-08 15:29:00+02:00,382.3126886205207,395.0865959287336,399.1734106869087,405.45483931419454
2025-09-08 15:30:00+02:00,382.3126886205207,395.0865959287336,399.1734106869087,405.7250416666666
2025-09-08 15:31:00+02:00,382.3126886205207,395.0865959287336,399.1734106869087,403.10763496677737
2025-09-08 15:32:00+02:00,382.3126886205207,395.0865959287336,399.1734106869087,400.8648262065517
2025-09-08 15:33:00+02:00,382.3126886205207,395.0865959287336,399.1734106869087,397.3428487641391
2025-09-08 15:34:00+02:00,382.3126886205207,395.0865959287336,399.1734106869087,395.0730519480519
2025-09-08 15:35:00+02:00,382.3126886205207,395.0865959287336,399.1734106869087,393.4731701321728
2025-09-08 15:36:00+02:00,382.3126886205207,395.0865959287336,399.1734106869087,390.46868697478993
2025-09-08 15:37:00+02:00,382.3126886205207,395.0865959287336,399.1734106869087,387.71375
2025-09-08 15:38:00+02:00,382.3126886205207,395.0865959287336,399.1734106869087,384.9222924128948
2025-09-08 15:39:00+02:00,382.3126886205207,395.0865959287336,399.1734106869087,383.3986746987952
2025-09-08 15:40:00+02:00,382.3126886205207,395.0865959287336,399.1734106869087,381.830162037037
2025-09-08 15:41:00+02:00,382.3126886205207,395.0865959287336,399.1734106869087,379.18694517543855
2025-09-08 15:42:00+02:00,382.3126886205207,395.0865959287336,399.1734106869087,377.0436842105264
2025-09-08 15:43:00+02:00,382.3126886205207,395.0865959287336,399.1734106869087,376.0392143962849
2025-09-08 15:44:00+02:00,382.3126886205207,395.0865959287336,399.1734106869087,373.5304800221976
2025-09-08 15:45:00+02:00,382.3126886205207,395.0865959287336,399.1734106869087,371.2893923418424
2025-09-08 15:46:00+02:00,382.3126886205207,395.0865959287336,399.1734106869087,368.7594741532977
2025-09-08 15:47:00+02:00,382.3126886205207,395.0865959287336,399.1734106869087,365.505
2025-09-08 15:48:00+02:00,382.3126886205207,395.0865959287336,399.1734106869087,362.1479693280821
2025-09-08 15:49:00+02:00,382.3126886205207,395.0865959287336,399.1734106869087,359.45399301825995
2025-09-08 15:50:00+02:00,382.3126886205207,395.0865959287336,399.1734106869087,357.5948684210526
2025-09-08 15:51:00+02:00,382.3126886205207,395.0865959287336,399.1734106869087,356.29959821428565
2025-09-08 15:52:00+02:00,382.3126886205207,395.0865959287336,399.1734106869087,354.3915625
2025-09-08 15:53:00+02:00,382.3126886205207,395.0865959287336,399.1734106869087,352.25760571796286
2025-09-08 15:54:00+02:00,382.3126886205207,395.0865959287336,399.1734106869087,349.23699706227967
2025-09-08 15:55:00+02:00,382.3126886205207,395.0865959287336,399.1734106869087,346.95209010487633
2025-09-08 15:56:00+02:00,382.3126886205207,395.0865959287336,399.1734106869087,346.9408461538462
2025-09-08 15:57:00+02:00,280.837333004333,395.0865959287336,399.1734106869087,343.76893065998325
2025-09-08 15:58:00+02:00,280.837333004333,395.0865959287336,399.1734106869087,339.4716129032258
2025-09-08 15:59:00+02:00,280.837333004333,395.0865959287336,399.1734106869087,338.5040438596492
2025-09-08 16:00:00+02:00,280.837333004333,395.0865959287336,399.1734106869087,334.720457126343
2025-09-08 16:01:00+02:00,280.837333004333,395.0865959287336,399.1734106869087,334.08191860465115
2025-09-08 16:02:00+02:00,280.837333004333,395.0865959287336,278.72148851667674,333.7315074750831
2025-09-08 16:03:00+02:00,280.837333004333,395.0865959287336,278.72148851667674,330.20196428571427
2025-09-08 16:04:00+02:00,280.837333004333,285.9142456346197,278.72148851667674,325.7328442229605
2025-09-08 16:05:00+02:00,280.837333004333,285.9142456346197,278.72148851667674,323.837532481712
2025-09-08 16:06:00+02:00,280.837333004333,285.9142456346197,278.72148851667674,323.13563380281687
2025-09-08 16:07:00+02:00,280.837333004333,285.9142456346197,278.72148851667674,322.3532562539415
2025-09-08 16:08:00+02:00,280.837333004333,285.9142456346197,278.72148851667674,320.83790588980554
2025-09-08 16:09:00+02:00,280.837333004333,285.9142456346197,278.72148851667674,317.38240702851186
2025-09-08 16:10:00+02:00,280.837333004333,285.9142456346197,278.72148851667674,314.8560538720539
2025-09-08 16:11:00+02:00,280.837333004333,285.9142456346197,278.72148851667674,311.3996816134316
2025-09-08 16:12:00+02:00,280.837333004333,285.9142456346197,278.72148851667674,308.38929846513184
2025-09-08 16:13:00+02:00,280.837333004333,285.9142456346197,278.72148851667674,307.320925925926
2025-09-08 16:14:00+02:00,280.837333004333,285.9142456346197,278.72148851667674,305.77479272556684
2025-09-08 16:15:00+02:00,280.837333004333,285.9142456346197,278.72148851667674,303.4979143126177
2025-09-08 16:16:00+02:00,280.837333004333,285.9142456346197,278.72148851667674,298.732963633041
2025-09-08 16:17:00+02:00,280.837333004333,285.9142456346197,278.72148851667674,296.9311979166667
2025-09-08 16:18:00+02:00,280.837333004333,285.9142456346197,278.72148851667674,294.1925505050505
2025-09-08 16:19:00+02:00,280.837333004333,285.9142456346197,278.72148851667674,291.72775252525247
2025-09-08 16:20:00+02:00,280.837333004333,285.9142456346197,278.72148851667674,289.45097953216373
2025-09-08 16:21:00+02:00,280.837333004333,285.9142456346197,278.72148851667674,286.51735294117645
2025-09-08 16:22:00+02:00,198.4678108071874,285.9142456346197,187.42706380110675,282.8152559912854
2025-09-08 16:23:00+02:00,198.4678108071874,202.0076426902852,121.51342286886204,278.6843914232359
2025-09-08 16:24:00+02:00,108.92093652853497,98.05568734806512,121.51342286886204,271.95114370748297
2025-09-08 16:25:00+02:00,108.92093652853497,98.05568734806512,121.51342286886204,209.2165
2025-09-08 16:26:00+02:00,108.92093652853497,98.05568734806512,121.51342286886204,112.5442361111111
2025-09-08 16:27:00+02:00,108.92093652853497,98.05568734806512,121.51342286886204,61.236962833914056
2025-09-08 16:28:00+02:00,108.92093652853497,98.05568734806512,121.51342286886204,57.286219512195125
2025-09-08 16:29:00+02:00,108.92093652853497,98.05568734806512,121.51342286886204,57.65207317073172
2025-09-08 16:30:00+02:00,108.92093652853497,98.05568734806512,121.51342286886204,58.01792682926831
2025-09-08 16:31:00+02:00,108.92093652853497,98.05568734806512,121.51342286886204,59.01176575203253
2025-09-08 16:32:00+02:00,108.92093652853497,98.05568734806512,121.51342286886204,77.00830158730159
2025-09-08 16:33:00+02:00,108.92093652853497,98.05568734806512,121.51342286886204,118.4134722222222
2025-09-08 16:34:00+02:00,108.92093652853497,98.05568734806512,121.51342286886204,173.68506944444445
2025-09-08 16:35:00+02:00,108.92093652853497,202.0076426902852,121.51342286886204,225.6767509920635
2025-09-08 16:36:00+02:00,108.92093652853497,202.0076426902852,121.51342286886204,248.04578042328043
2025-09-08 16:37:00+02:00,198.4678108071874,202.0076426902852,121.51342286886204,243.42201388888893
2025-09-08 16:38:00+02:00,198.4678108071874,202.0076426902852,187.42706380110675,190.5405555555556
2025-09-08 16:39:00+02:00,198.4678108071874,202.0076426902852,187.42706380110675,141.30727182539684
2025-09-08 16:40:00+02:00,198.4678108071874,202.0076426902852,187.42706380110675,177.01715277777774
2025-09-08 16:41:00+02:00,198.4678108071874,202.0076426902852,187.42706380110675,207.7729674796748
2025-09-08 16:42:00+02:00,198.4678108071874,202.0076426902852,187.42706380110675,221.3576488095238
2025-09-08 16:43:00+02:00,198.4678108071874,202.0076426902852,187.42706380110675,231.25719444444448
2025-09-08 16:44:00+02:00,198.4678108071874,202.0076426902852,187.42706380110675,228.24854166666665
2025-09-08 16:45:00+02:00,198.4678108071874,202.0076426902852,187.42706380110675,224.4970908045977
2025-09-08 16:46:00+02:00,198.4678108071874,202.0076426902852,187.42706380110675,221.16678611111112
2025-09-08 16:47:00+02:00,198.4678108071874,202.0076426902852,187.42706380110675,219.65729166666665
2025-09-08 16:48:00+02:00,198.4678108071874,202.0076426902852,187.42706380110675,217.92945363965745
2025-09-08 16:49:00+02:00,198.4678108071874,202.0076426902852,187.42706380110675,214.54654451345755
2025-09-08 16:50:00+02:00,198.4678108071874,202.0076426902852,187.42706380110675,211.2513146441372
2025-09-08 16:51:00+02:00,198.4678108071874,202.0076426902852,187.42706380110675,208.04513632872505
2025-09-08 16:52:00+02:00,198.4678108071874,202.0076426902852,187.42706380110675,204.1781111111111
2025-09-08 16:53:00+02:00,198.4678108071874,202.0076426902852,187.42706380110675,201.5454098360656
2025-09-08 16:54:00+02:00,198.4678108071874,202.0076426902852,187.42706380110675,199.06480453688496
2025-09-08 16:55:00+02:00,198.4678108071874,202.0076426902852,187.42706380110675,197.01185714285717
2025-09-08 16:56:00+02:00,198.4678108071874,202.0076426902852,187.42706380110675,195.86881746031747
2025-09-08 16:57:00+02:00,198.4678108071874,202.0076426902852,121.51342286886204,193.33219782282285
2025-09-08 16:58:00+02:00,198.4678108071874,202.0076426902852,121.51342286886204,190.7040856481481
2025-09-08 16:59:00+02:00,108.92093652853497,202.0076426902852,121.51342286886204,189.0984628378378
2025-09-08 17:00:00+02:00,108.92093652853497,202.0076426902852,121.51342286886204,186.50356185390456
2025-09-08 17:01:00+02:00,108.92093652853497,202.0076426902852,121.51342286886204,183.47437217145125
2025-09-08 17:02:00+02:00,108.92093652853497,98.05568734806512,121.51342286886204,180.81318292682928
2025-09-08 17:03:00+02:00,108.92093652853497,98.05568734806512,121.51342286886204,177.33033333333333
2025-09-08 17:04:00+02:00,108.92093652853497,98.05568734806512,121.51342286886204,160.9702777777778
2025-09-08 17:05:00+02:00,108.92093652853497,98.05568734806512,121.51342286886204,123.20541666666666
2025-09-08 17:06:00+02:00,108.92093652853497,98.05568734806512,121.51342286886204,80.0567261904762
2025-09-08 17:07:00+02:00,108.92093652853497,98.05568734806512,28.0415188963436,50.50491319444444
2025-09-08 17:08:00+02:00,108.92093652853497,98.05568734806512,28.0415188963436,45.14070157027363
2025-09-08 17:09:00+02:00,108.92093652853497,98.05568734806512,28.0415188963436,44.76503731343284
2025-09-08 17:10:00+02:00,108.92093652853497,98.05568734806512,28.0415188963436,44.42921641791045
2025-09-08 17:11:00+02:00,108.92093652853497,98.05568734806512,28.0415188963436,44.09339552238806
2025-09-08 17:12:00+02:00,108.92093652853497,98.05568734806512,28.0415188963436,43.75923270162346
2025-09-08 17:13:00+02:00,108.92093652853497,98.05568734806512,28.0415188963436,43.444029605263154
2025-09-08 17:14:00+02:00,25.653784775069383,98.05568734806512,28.0415188963436,43.13416118421051
2025-09-08 17:15:00+02:00,25.653784775069383,98.05568734806512,28.0415188963436,42.82429276315786
2025-09-08 17:16:00+02:00,25.653784775069383,98.05568734806512,28.0415188963436,42.51442434210523
2025-09-08 17:17:00+02:00,25.653784775069383,98.05568734806512,28.0415188963436,42.20397789663006
2025-09-08 17:18:00+02:00,25.653784775069383,98.05568734806512,28.0415188963436,41.88370503597124
2025-09-08 17:19:00+02:00,25.653784775069383,98.05568734806512,28.0415188963436,41.55996402877701
2025-09-08 17:20:00+02:00,25.653784775069383,98.05568734806512,28.0415188963436,41.23622302158277
2025-09-08 17:21:00+02:00,25.653784775069383,98.05568734806512,28.0415188963436,40.91248201438851
2025-09-08 17:22:00+02:00,25.653784775069383,98.05568734806512,28.0415188963436,40.5921855456811
2025-09-08 17:23:00+02:00,25.653784775069383,98.05568734806512,28.0415188963436,40.28341503267973
2025-09-08 17:24:00+02:00,25.653784775069383,98.05568734806512,28.0415188963436,39.97557189542483
2025-09-08 17:25:00+02:00,25.653784775069383,98.05568734806512,28.0415188963436,39.66772875816992
2025-09-08 17:26:00+02:00,25.653784775069383,98.05568734806512,28.0415188963436,39.359885620915016
2025-09-08 17:27:00+02:00,25.653784775069383,98.05568734806512,28.0415188963436,39.03852568512786
2025-09-08 17:28:00+02:00,25.653784775069383,24.36748057168172,28.0415188963436,38.65223684210529
2025-09-08 17:29:00+02:00,25.653784775069383,24.36748057168172,28.0415188963436,38.257500000000014
2025-09-08 17:30:00+02:00,25.653784775069383,24.36748057168172,28.0415188963436,37.86276315789474
2025-09-08 17:31:00+02:00,25.653784775069383,24.36748057168172,28.0415188963436,37.50565181335693
2025-09-08 17:32:00+02:00,25.653784775069383,24.36748057168172,28.0415188963436,37.23796918767511
2025-09-08 17:33:00+02:00,25.653784775069383,24.36748057168172,28.0415188963436,36.974103641456615
2025-09-08 17:34:00+02:00,25.653784775069383,24.36748057168172,28.0415188963436,36.71023809523812
2025-09-08 17:35:00+02:00,25.653784775069383,24.36748057168172,28.0415188963436,36.44637254901962
2025-09-08 17:36:00+02:00,25.653784775069383,24.36748057168172,28.0415188963436,36.18250700280112
2025-09-08 17:37:00+02:00,25.653784775069383,24.36748057168172,28.0415188963436,35.90654813301469
2025-09-08 17:38:00+02:00,25.653784775069383,24.36748057168172,28.0415188963436,35.60629969418964
2025-09-08 17:39:00+02:00,25.653784775069383,24.36748057168172,28.0415188963436,35.30538226299698
2025-09-08 17:40:00+02:00,25.653784775069383,24.36748057168172,28.0415188963436,35.004464831804306
2025-09-08 17:41:00+02:00,25.653784775069383,24.36748057168172,28.0415188963436,34.70354740061163
2025-09-08 17:42:00+02:00,25.653784775069383,24.36748057168172,28.0415188963436,34.39595434884426
2025-09-08 17:43:00+02:00,25.653784775069383,24.36748057168172,28.0415188963436,34.012027027027045
2025-09-08 17:44:00+02:00,25.653784775069383,24.36748057168172,28.0415188963436,33.60662162162165
2025-09-08 17:45:00+02:00,25.653784775069383,24.36748057168172,28.0415188963436,33.20121621621624
2025-09-08 17:46:00+02:00,25.653784775069383,24.36748057168172,28.0415188963436,32.796981981981986
2025-09-08 17:47:00+02:00,25.653784775069383,24.36748057168172,28.0415188963436,32.39666666666669
2025-09-08 17:48:00+02:00,25.653784775069383,24.36748057168172,28.0415188963436,31.99666666666669
2025-09-08 17:49:00+02:00,25.653784775069383,24.36748057168172,28.0415188963436,31.596666666666675
2025-09-08 17:50:00+02:00,25.653784775069383,24.36748057168172,28.0415188963436,31.191120448179262
2025-09-08 17:51:00+02:00,25.653784775069383,24.36748057168172,28.0415188963436,30.77773109243697
2025-09-08 17:52:00+02:00,25.653784775069383,24.36748057168172,28.0415188963436,30.36428571428571
2025-09-08 17:53:00+02:00,25.653784775069383,24.36748057168172,28.0415188963436,29.950840336134448
2025-09-08 17:54:00+02:00,25.653784775069383,24.36748057168172,28.0415188963436,29.54491343674034
2025-09-08 17:55:00+02:00,25.653784775069383,24.36748057168172,28.0415188963436,29.14841409691631
2025-09-08 17:56:00+02:00,25.653784775069383,24.36748057168172,28.0415188963436,28.751938325991198
2025-09-08 17:57:00+02:00,25.653784775069383,24.36748057168172,28.0415188963436,28.355505838447183
2025-09-08 17:58:00+02:00,25.653784775069383,24.36748057168172,28.0415188963436,27.961266375545858
2025-09-08 17:59:00+02:00,25.653784775069383,24.36748057168172,28.0415188963436,27.56825327510917
2025-09-08 18:00:00+02:00,25.653784775069383,24.36748057168172,28.0415188963436,27.17524017467249
2025-09-08 18:01:00+02:00,25.653784775069383,24.36748057168172,28.0415188963436,26.782425565700677
2025-09-08 18:02:00+02:00,25.653784775069383,24.36748057168172,28.0415188963436,26.392077922077927
2025-09-08 18:03:00+02:00,25.653784775069383,24.36748057168172,28.0415188963436,26.002467532467545
2025-09-08 18:04:00+02:00,25.653784775069383,24.36748057168172,28.0415188963436,25.612857142857155
2025-09-08 18:05:00+02:00,25.653784775069383,24.36748057168172,28.0415188963436,25.228322830306222
2025-09-08 18:06:00+02:00,25.653784775069383,24.36748057168172,28.0415188963436,24.875295202952017
2025-09-08 18:07:00+02:00,25.653784775069383,24.36748057168172,28.0415188963436,24.527693726937247
2025-09-08 18:08:00+02:00,25.653784775069383,24.36748057168172,28.0415188963436,24.180092250922492
2025-09-08 18:09:00+02:00,25.653784775069383,24.36748057168172,28.0415188963436,23.832490774907743
2025-09-08 18:10:00+02:00,25.653784775069383,24.36748057168172,28.0415188963436,23.473622641509422
2025-09-08 18:11:00+02:00,25.653784775069383,24.36748057168172,28.0415188963436,23.10230188679244
2025-09-08 18:12:00+02:00,25.653784775069383,24.36748057168172,28.0415188963436,22.730981132075453
2025-09-08 18:13:00+02:00,25.653784775069383,24.36748057168172,28.0415188963436,22.35966037735848
2025-09-08 18:14:00+02:00,25.653784775069383,24.36748057168172,28.0415188963436,21.984697120158884
2025-09-08 18:15:00+02:00,25.653784775069383,24.36748057168172,28.0415188963436,21.59223684210525
2025-09-08 18:16:00+02:00,25.653784775069383,24.36748057168172,28.0415188963436,21.197499999999984
2025-09-08 18:17:00+02:00,25.653784775069383,24.36748057168172,28.0415188963436,20.80276315789473
2025-09-08 18:18:00+02:00,25.653784775069383,24.36748057168172,28.0415188963436,20.406513157894736
2025-09-08 18:19:00+02:00,25.653784775069383,24.36748057168172,27.397004495015327,20.006666666666664
2025-09-08 18:20:00+02:00,25.653784775069383,24.36748057168172,25.799865416495837,19.606666666666666
2025-09-08 18:21:00+02:00,24.250764159446696,24.250764159446696,24.250764159446696,19.206666666666667
2025-09-08 18:22:00+02:00,22.75025754355683,22.75025754355683,22.75025754355683,18.842417582417585
2025-09-08 18:23:00+02:00,21.298866226087437,21.298866226087437,21.298866226087437,18.512747252747253
2025-09-08 18:24:00+02:00,19.897070623277084,19.897070623277084,19.897070623277084,18.18307692307692
2025-09-08 18:25:00+02:00,18.54530565128331,18.54530565128331,18.54530565128331,17.853406593406593
2025-09-08 18:26:00+02:00,17.243959755958127,17.243959755958127,17.243959755958127,17.506970152243593
2025-09-08 18:27:00+02:00,15.993364668072472,15.993364668072472,15.993364668072472,17.039817708333334
2025-09-08 18:28:00+02:00,14.793794027568648,14.793794027568648,14.793794027568648,16.549192708333333
2025-09-08 18:29:00+02:00,13.636768739917944,13.636768739917944,13.636768739917944,16.062361875
2025-09-08 18:30:00+02:00,12.510642495987538,12.510642495987538,12.510642495987538,15.65426
2025-09-08 18:31:00+02:00,11.443335472569784,11.443335472569784,11.443335472569784,15.277460000000008
2025-09-08 18:32:00+02:00,10.434156474163071,10.434156474163071,10.434156474163071,14.90066000000001
2025-09-08 18:33:00+02:00,9.482318703852966,9.482318703852966,9.482318703852966,14.523959411764707
2025-09-08 18:34:00+02:00,8.586937865943417,8.586937865943417,8.586937865943417,14.161176470588236
2025-09-08 18:35:00+02:00,7.747030681105699,7.747030681105699,7.747030681105699,13.80823529411765
2025-09-08 18:36:00+02:00,6.96151337031115,6.96151337031115,6.96151337031115,13.455294117647062
2025-09-08 18:37:00+02:00,6.229203217366295,6.229203217366295,6.229203217366295,13.102352941176472
2025-09-08 18:38:00+02:00,5.548815420660012,5.548815420660012,5.548815420660012,12.728723991780116
2025-09-08 18:39:00+02:00,4.918965806135918,4.918965806135918,4.918965806135918,12.318100436681217
2025-09-08 18:40:00+02:00,4.338171399089774,4.338171399089774,4.338171399089774,11.906746724890825
2025-09-08 18:41:00+02:00,3.804852118889333,3.804852118889333,3.804852118889333,11.495393013100434
2025-09-08 18:42:00+02:00,3.317333055323222,3.317333055323222,3.317333055323222,11.071041666666664
2025-09-08 18:43:00+02:00,2.908280466443995,2.908280466443995,2.908280466443995,10.634930555555547
2025-09-08 18:44:00+02:00,2.547023666663871,2.547023666663871,2.547023666663871,10.19881944444444
2025-09-08 18:45:00+02:00,2.397267911562176,2.397267911562176,2.397267911562176,9.764808833106809
2025-09-08 18:46:00+02:00,2.065435791172129,2.065435791172129,2.065435791172129,9.348119266055043
2025-09-08 18:47:00+02:00,1.7626414391286545,1.7626414391286545,1.7626414391286545,8.935275229357792
2025-09-08 18:48:00+02:00,1.488735790816941,1.488735790816941,1.488735790816941,8.522431192660546
2025-09-08 18:49:00+02:00,1.242823470757151,1.242823470757151,1.242823470757151,8.127516011770817
2025-09-08 18:50:00+02:00,1.0233558849171736,1.0233558849171736,1.0233558849171736,7.770849056603776
2025-09-08 18:51:00+02:00,0.8314964533524778,0.8314964533524778,0.8314964533524778,7.41537735849057
2025-09-08 18:52:00+02:00,0.6658150903578866,0.6658150903578866,0.6658150903578866,7.059905660377363
2025-09-08 18:53:00+02:00,0.5246497699790436,0.5246497699790436,0.5246497699790436,6.703185886896841
2025-09-08 18:54:00+02:00,0.4061346101626262,0.4061346101626262,0.4061346101626262,6.333236514522823
2025-09-08 18:55:00+02:00,0.3082373339956994,0.3082373339956994,0.3082373339956994,5.959792531120335
2025-09-08 18:56:00+02:00,0.2288053289464036,0.2288053289464036,0.2288053289464036,5.586348547717846
2025-09-08 18:57:00+02:00,0.1656187152397329,0.1656187152397329,0.1656187152397329,5.218526111739806
2025-09-08 18:58:00+02:00,0.1164480073597463,0.1164480073597463,0.1164480073597463,4.914984848484852
2025-09-08 18:59:00+02:00,0.0791131857769805,0.0791131857769805,0.0791131857769805,4.629530303030308
2025-09-08 19:00:00+02:00,0.051540611476694,0.051540611476694,0.051540611476694,4.344075757575761
2025-09-08 19:01:00+02:00,0.031813536854016,0.031813536854016,0.031813536854016,4.058621212121214
2025-09-08 19:02:00+02:00,0.0002585181466513,0.0002585181466513,0.0002585181466513,3.773166666666667
2025-09-08 19:03:00+02:00,0.0001309787441252,0.0001309787441252,0.0001309787441252,3.5186922753172745
2025-09-08 19:04:00+02:00,5.176020850818278e-05,5.176020850818278e-05,5.176020850818278e-05,3.316591880341877
2025-09-08 19:05:00+02:00,6.219997513375039e-06,6.219997513375039e-06,6.219997513375039e-06,3.115309829059825
2025-09-08 19:06:00+02:00,0.0,0.0,0.0,2.914027777777775
2025-09-08 19:07:00+02:00,0.0,0.0,0.0,2.712745726495724
2025-09-08 19:08:00+02:00,0.0,0.0,0.0,2.511463675213674
2025-09-08 19:09:00+02:00,0.0,0.0,0.0,2.310181623931623
2025-09-08 19:10:00+02:00,0.0,0.0,0.0,2.109007604467509
2025-09-08 19:11:00+02:00,0.0,0.0,0.0,1.951046312178388
2025-09-08 19:12:00+02:00,0.0,0.0,0.0,1.8275471698113213
2025-09-08 19:13:00+02:00,0.0,0.0,0.0,1.704048027444255
2025-09-08 19:14:00+02:00,0.0,0.0,0.0,1.5805488850771887
2025-09-08 19:15:00+02:00,0.0,0.0,0.0,1.4570497427101223
2025-09-08 19:16:00+02:00,0.0,0.0,0.0,1.333550600343056
2025-09-08 19:17:00+02:00,0.0,0.0,0.0,1.210051457975989
2025-09-08 19:18:00+02:00,0.0,0.0,0.0,1.0865523156089212
2025-09-08 19:19:00+02:00,0.0,0.0,0.0,0.9630531732418534
2025-09-08 19:20:00+02:00,0.0,0.0,0.0,0.8382215621470109
2025-09-08 19:21:00+02:00,0.0,0.0,0.0,0.6968292682926828
2025-09-08 19:22:00+02:00,0.0,0.0,0.0,0.5549905382674516
2025-09-08 19:23:00+02:00,0.0,0.0,0.0,0.4896982758620691
2025-09-08 19:24:00+02:00,0.0,0.0,0.0,0.4514224137931033
2025-09-08 19:25:00+02:00,0.0,0.0,0.0,0.4131465517241378
2025-09-08 19:26:00+02:00,0.0,0.0,0.0,0.3748706896551723
2025-09-08 19:27:00+02:00,0.0,0.0,0.0,0.3365948275862068
2025-09-08 19:28:00+02:00,0.0,0.0,0.0,0.2983189655172413
2025-09-08 19:29:00+02:00,0.0,0.0,0.0,0.2600431034482758
2025-09-08 19:30:00+02:00,0.0,0.0,0.0,0.2217672413793103
2025-09-08 19:31:00+02:00,0.0,0.0,0.0,0.1834913793103448
2025-09-08 19:32:00+02:00,0.0,0.0,0.0,0.1526580459770115
2025-09-08 19:33:00+02:00,0.0,0.0,0.0,0.15
2025-09-08 19:34:00+02:00,0.0,0.0,0.0,0.15
2025-09-08 19:35:00+02:00,0.0,0.0,0.0,0.15
2025-09-08 19:36:00+02:00,0.0,0.0,0.0,0.15
2025-09-08 19:37:00+02:00,0.0,0.0,0.0,0.15
2025-09-08 19:38:00+02:00,0.0,0.0,0.0,0.15
2025-09-08 19:39:00+02:00,0.0,0.0,0.0,0.15
2025-09-08 19:40:00+02:00,0.0,0.0,0.0,0.15
2025-09-08 19:41:00+02:00,0.0,0.0,0.0,0.15
2025-09-08 19:42:00+02:00,0.0,0.0,0.0,0.1464779874213837
2025-09-08 19:43:00+02:00,0.0,0.0,0.0,0.1382675814751288
2025-09-08 19:44:00+02:00,0.0,0.0,0.0,0.1300343053173244
2025-09-08 19:45:00+02:00,0.0,0.0,0.0,0.12180102915952
2025-09-08 19:46:00+02:00,0.0,0.0,0.0,0.1135677530017155
2025-09-08 19:47:00+02:00,0.0,0.0,0.0,0.105334476843911
2025-09-08 19:48:00+02:00,0.0,0.0,0.0,0.0971012006861064
2025-09-08 19:49:00+02:00,0.0,0.0,0.0,0.0888679245283019
2025-09-08 19:50:00+02:00,0.0,0.0,0.0,0.0806346483704974
2025-09-08 19:51:00+02:00,0.0,0.0,0.0,0.0732161234991423
2025-09-08 19:52:00+02:00,0.0,0.0,0.0,0.0822212692967409
2025-09-08 19:53:00+02:00,0.0,0.0,0.0,0.0976586620926242
2025-09-08 19:54:00+02:00,0.0,0.0,0.0,0.1130960548885075
2025-09-08 19:55:00+02:00,0.0,0.0,0.0,0.1285334476843909
2025-09-08 19:56:00+02:00,0.0,0.0,0.0,0.1439708404802742
2025-09-08 19:57:00+02:00,0.0,0.0,0.0,0.1594082332761575
2025-09-08 19:58:00+02:00,0.0,0.0,0.0,0.1748456260720408
2025-09-08 19:59:00+02:00,0.0,0.0,0.0,0.1902830188679243
2025-09-08 20:00:00+02:00,0.0,0.0,0.0,0.2057204116638078
2025-09-09 05:00:00+02:00,0.0,0.0,0.0,0.0
2025-09-09 05:01:00+02:00,0.0,0.0,0.0,0.0
2025-09-09 05:02:00+02:00,0.0,0.0,0.0,0.0
2025-09-09 05:03:00+02:00,0.0,0.0,0.0,0.0
2025-09-09 05:04:00+02:00,0.0,0.0,0.0,0.0
2025-09-09 05:05:00+02:00,0.0,0.0,0.0,0.0
2025-09-09 05:06:00+02:00,0.0,0.0,0.0,0.0
2025-09-09 05:07:00+02:00,0.0,0.0,0.0,0.0028418803418803
2025-09-09 05:08:00+02:00,0.0,0.0,0.0,0.017051282051282
2025-09-09 05:09:00+02:00,0.0,0.0,0.0,0.0324358974358973
2025-09-09 05:10:00+02:00,0.0,0.0,0.0,0.0478205128205128
2025-09-09 05:11:00+02:00,0.0,0.0,0.0,0.0632051282051281
2025-09-09 05:12:00+02:00,0.0,0.0,0.0,0.0785897435897435
2025-09-09 05:13:00+02:00,0.0,0.0,0.0,0.0939743589743588
2025-09-09 05:14:00+02:00,0.0,0.0,0.0,0.1093589743589742
2025-09-09 05:15:00+02:00,0.0,0.0,0.0,0.1247435897435896
2025-09-09 05:16:00+02:00,0.0,0.0,0.0,0.140128205128205
2025-09-09 05:17:00+02:00,0.0,0.0,0.0,0.1498504273504273
2025-09-09 05:18:00+02:00,0.0,0.0,0.0,0.15
2025-09-09 05:19:00+02:00,0.0,0.0,0.0,0.15
2025-09-09 05:20:00+02:00,0.0,0.0,0.0,0.15
2025-09-09 05:21:00+02:00,0.0,0.0,0.0,0.15
2025-09-09 05:22:00+02:00,0.0,0.0,0.0,0.15
2025-09-09 05:23:00+02:00,0.0,0.0,0.0,0.15
2025-09-09 05:24:00+02:00,0.0,0.0,0.0,0.15
2025-09-09 05:25:00+02:00,0.0,0.0,0.0,0.15
2025-09-09 05:26:00+02:00,0.0,0.0,0.0,0.15
2025-09-09 05:27:00+02:00,0.0,0.0,0.0,0.15
2025-09-09 05:28:00+02:00,0.0,0.0,0.0,0.15
2025-09-09 05:29:00+02:00,0.0,0.0,0.0,0.15
2025-09-09 05:30:00+02:00,0.0,0.0,0.0,0.15
2025-09-09 05:31:00+02:00,0.0,0.0,0.0,0.15
2025-09-09 05:32:00+02:00,0.0,0.0,0.0,0.15
2025-09-09 05:33:00+02:00,0.0,0.0,0.0,0.15
2025-09-09 05:34:00+02:00,0.0,0.0,0.0,0.15
2025-09-09 05:35:00+02:00,0.0,0.0,0.0,0.15
2025-09-09 05:36:00+02:00,0.0,0.0,0.0,0.1580034423407917
2025-09-09 05:37:00+02:00,0.0,0.0,0.0,0.2124784853700516
2025-09-09 05:38:00+02:00,0.0,0.0,0.0,0.2744406196213425
2025-09-09 05:39:00+02:00,0.0,0.0,0.0,0.3364027538726331
2025-09-09 05:40:00+02:00,0.0,0.0,0.0,0.3983648881239239
2025-09-09 05:41:00+02:00,0.0,0.0,0.0,0.4603270223752149
2025-09-09 05:42:00+02:00,0.0,0.0,0.0,0.5222891566265059
2025-09-09 05:43:00+02:00,0.0,0.0,0.0,0.5842512908777971
2025-09-09 05:44:00+02:00,0.0,0.0,0.0,0.6462134251290882
2025-09-09 05:45:00+02:00,0.0,0.0,0.0,0.7081755593803788
2025-09-09 05:46:00+02:00,0.0,0.0,0.0,0.7935664376776206
2025-09-09 05:47:00+02:00,0.0,0.0,0.0,0.9233284883720924
2025-09-09 05:48:00+02:00,0.0,0.0,0.0,1.054142441860464
2025-09-09 05:49:00+02:00,0.0,0.0,0.0,1.1849563953488358
2025-09-09 05:50:00+02:00,0.0,0.0,0.0,1.315770348837208
2025-09-09 05:51:00+02:00,0.0,0.0,0.0,1.4467868632336651
2025-09-09 05:52:00+02:00,0.0,0.0,0.0,1.6061619047619056
2025-09-09 05:53:00+02:00,0.0,0.0,0.0,1.7855904761904773
2025-09-09 05:54:00+02:00,0.0,0.0,0.0,1.965019047619048
2025-09-09 05:55:00+02:00,0.0,0.0,0.0,2.1444476190476185
2025-09-09 05:56:00+02:00,0.0,0.0,0.0,2.3238761904761884
2025-09-09 05:57:00+02:00,0.0,0.0,0.0,2.5033047619047584
2025-09-09 05:58:00+02:00,0.0,0.0,0.0,2.682733333333331
2025-09-09 05:59:00+02:00,0.0,0.0,0.0,2.862161904761903
2025-09-09 06:00:00+02:00,0.0,0.0,0.0,3.0469140394088665
2025-09-09 06:01:00+02:00,0.0,0.0,0.0,3.297830459770116
2025-09-09 06:02:00+02:00,0.0,0.0,0.0,3.568520114942531
2025-09-09 06:03:00+02:00,1.700189804301119e-05,1.700189804301119e-05,1.700189804301119e-05,3.839209770114946
2025-09-09 06:04:00+02:00,7.122533211762719e-05,7.122533211762719e-05,7.122533211762719e-05,4.10989942528736
2025-09-09 06:05:00+02:00,0.0001630223545918,0.0001630223545918,0.0001630223545918,4.380589080459774
2025-09-09 06:06:00+02:00,0.0003080115018094,0.0003080115018094,0.0003080115018094,4.647085418984057
2025-09-09 06:07:00+02:00,0.0369024108395879,0.0369024108395879,0.0369024108395879,4.892016129032261
2025-09-09 06:08:00+02:00,0.0587067279887374,0.0587067279887374,0.0587067279887374,5.133951612903232
2025-09-09 06:09:00+02:00,0.0888689985634965,0.0888689985634965,0.0888689985634965,5.375887096774197
2025-09-09 06:10:00+02:00,0.129345688369158,0.129345688369158,0.129345688369158,5.617822580645164
2025-09-09 06:11:00+02:00,0.1822351973564778,0.1822351973564778,0.1822351973564778,5.85975806451613
2025-09-09 06:12:00+02:00,0.249725476465557,0.249725476465557,0.249725476465557,6.118934811827958
2025-09-09 06:13:00+02:00,0.3340366623682514,0.3340366623682514,0.3340366623682514,6.592395833333335
2025-09-09 06:14:00+02:00,0.4373626411581615,0.4373626411581615,0.4373626411581615,7.129895833333336
2025-09-09 06:15:00+02:00,0.5618146284821984,0.5618146284821984,0.5618146284821984,7.669997774216526
2025-09-09 06:16:00+02:00,0.7093707633431557,0.7093707633431557,0.7093707633431557,8.376623931623934
2025-09-09 06:17:00+02:00,0.8818324931886679,0.8818324931886679,0.8818324931886679,9.180756766381768
2025-09-09 06:18:00+02:00,1.080790083972227,1.080790083972227,1.080790083972227,9.94875
2025-09-09 06:19:00+02:00,1.3074260962919682,1.3074260962919682,1.3074260962919682,10.69875
2025-09-09 06:20:00+02:00,1.560057478717972,1.560057478717972,1.560057478717972,11.190273809523813
2025-09-09 06:21:00+02:00,1.8411906113694596,1.8411906113694596,1.8411906113694596,11.414559523809531
2025-09-09 06:22:00+02:00,2.151163686912154,2.151163686912154,2.151163686912154,11.638845238095252
2025-09-09 06:23:00+02:00,2.2986221957407325,2.2986221957407325,2.2986221957407325,11.863130952380969
2025-09-09 06:24:00+02:00,2.6394600292042827,2.6394600292042827,2.6394600292042827,12.087416666666678
2025-09-09 06:25:00+02:00,3.020599441293223,3.020599441293223,3.020599441293223,12.311702380952388
2025-09-09 06:26:00+02:00,3.480177101821164,3.480177101821164,3.480177101821164,12.535988095238098
2025-09-09 06:27:00+02:00,3.9846399893357343,3.9846399893357343,3.9846399893357343,13.0118359375
2025-09-09 06:28:00+02:00,4.535731070728929,4.535731070728929,4.535731070728929,13.7477734375
2025-09-09 06:29:00+02:00,5.135097919592211,5.135097919592211,5.135097919592211,14.396288614693562
2025-09-09 06:30:00+02:00,5.784290150379622,5.784290150379622,5.784290150379622,14.897010582010578
2025-09-09 06:31:00+02:00,6.484757476584567,6.484757476584567,6.484757476584567,15.395423280423277
2025-09-09 06:32:00+02:00,7.237848377849818,7.237848377849818,7.237848377849818,15.848232804232802
2025-09-09 06:33:00+02:00,8.044809336504155,8.044809336504155,8.044809336504155,16.171833333333336
2025-09-09 06:34:00+02:00,8.906784651103848,8.906784651103848,8.906784651103848,16.487833333333338
2025-09-09 06:35:00+02:00,9.824816785614022,9.824816785614022,9.824816785614022,16.80383333333334
2025-09-09 06:36:00+02:00,10.799847905865573,10.799847905865573,10.799847905865573,17.119833333333343
2025-09-09 06:37:00+02:00,11.832718583172964,11.832718583172964,11.832718583172964,17.532343537414963
2025-09-09 06:38:00+02:00,12.92417350209774,12.92417350209774,12.92417350209774,18.218299319727887
2025-09-09 06:39:00+02:00,14.074861095463143,14.074861095463143,14.074861095463143,18.915854438160803
2025-09-09 06:40:00+02:00,15.245909485251843,15.245909485251843,15.245909485251843,19.5203313253012
2025-09-09 06:41:00+02:00,16.466902381606214,16.466902381606214,16.466902381606214,20.08780120481927
2025-09-09 06:42:00+02:00,17.738958570618095,17.738958570618095,17.738958570618095,20.72263930722892
2025-09-09 06:43:00+02:00,19.0617743587926,19.0617743587926,19.0617743587926,21.775749246987957
2025-09-09 06:44:00+02:00,20.434988687725777,20.434988687725777,20.434988687725777,22.9071686746988
2025-09-09 06:45:00+02:00,21.85818815176278,21.85818815176278,21.85818815176278,23.920696273465964
2025-09-09 06:46:00+02:00,23.330911782227407,23.330911782227407,23.330911782227407,24.66104651162792
2025-09-09 06:47:00+02:00,24.852656643002607,24.36748057168172,24.852656643002607,25.377026631962128
2025-09-09 06:48:00+02:00,25.653784775069383,24.36748057168172,26.422878004768144,26.03905109489051
2025-09-09 06:49:00+02:00,25.653784775069383,24.36748057168172,28.04099954160076,26.709560785300777
2025-09-09 06:50:00+02:00,25.653784775069383,24.36748057168172,28.0415188963436,27.548793103448265
2025-09-09 06:51:00+02:00,25.653784775069383,24.36748057168172,28.0415188963436,28.43767483080889
2025-09-09 06:52:00+02:00,25.653784775069383,24.36748057168172,28.0415188963436,29.31967289719626
2025-09-09 06:53:00+02:00,25.653784775069383,24.36748057168172,28.0415188963436,30.227726564712544
2025-09-09 06:54:00+02:00,25.653784775069383,24.36748057168172,28.0415188963436,31.238686868686877
2025-09-09 06:55:00+02:00,25.653784775069383,24.36748057168172,28.0415188963436,32.16421296296297
2025-09-09 06:56:00+02:00,25.653784775069383,24.36748057168172,28.0415188963436,33.047570341659494
2025-09-09 06:57:00+02:00,25.653784775069383,24.36748057168172,28.0415188963436,34.058255813953494
2025-09-09 06:58:00+02:00,25.653784775069383,24.36748057168172,28.0415188963436,35.31769411615199
2025-09-09 06:59:00+02:00,25.653784775069383,24.36748057168172,28.0415188963436,37.04924739195231
2025-09-09 07:00:00+02:00,25.653784775069383,24.36748057168172,28.0415188963436,38.67681818181818
2025-09-09 07:01:00+02:00,25.653784775069383,24.36748057168172,28.0415188963436,40.17408854166666
2025-09-09 07:02:00+02:00,25.653784775069383,24.36748057168172,28.0415188963436,41.71632812499999
2025-09-09 07:03:00+02:00,25.653784775069383,24.36748057168172,28.0415188963436,42.92670212765958
2025-09-09 07:04:00+02:00,25.653784775069383,24.36748057168172,28.0415188963436,43.91826290386131
2025-09-09 07:05:00+02:00,25.653784775069383,24.36748057168172,28.0415188963436,45.17612339743589
2025-09-09 07:06:00+02:00,25.653784775069383,24.36748057168172,28.0415188963436,46.59633603238867
2025-09-09 07:07:00+02:00,25.653784775069383,24.36748057168172,28.0415188963436,48.67922830725462
2025-09-09 07:08:00+02:00,25.653784775069383,24.36748057168172,28.0415188963436,51.499837028587024
2025-09-09 07:09:00+02:00,25.653784775069383,24.36748057168172,28.0415188963436,54.032913343965966
2025-09-09 07:10:00+02:00,25.653784775069383,24.36748057168172,28.0415188963436,55.74785469107551
2025-09-09 07:11:00+02:00,25.653784775069383,24.36748057168172,28.0415188963436,57.18876811594203
2025-09-09 07:12:00+02:00,25.653784775069383,24.36748057168172,28.0415188963436,58.97607558139535
2025-09-09 07:13:00+02:00,25.653784775069383,81.96943657094724,28.0415188963436,61.154184782608695
2025-09-09 07:14:00+02:00,25.653784775069383,84.62355148153421,28.0415188963436,62.809493586540064
2025-09-09 07:15:00+02:00,25.653784775069383,87.30665501918881,28.0415188963436,64.2569061302682
2025-09-09 07:16:00+02:00,90.01806894375613,90.01806894375613,28.0415188963436,77.77004298941799
2025-09-09 07:17:00+02:00,92.75712427997192,92.75712427997192,28.0415188963436,76.25936802700697
2025-09-09 07:18:00+02:00,95.52316137073774,95.52316137073774,28.0415188963436,71.15100719424457
2025-09-09 07:19:00+02:00,98.3155299577334,98.05568734806512,28.0415188963436,71.79848920863306
2025-09-09 07:20:00+02:00,101.13358921467147,98.05568734806512,28.0415188963436,72.46825504041212
2025-09-09 07:21:00+02:00,103.97670967485628,98.05568734806512,103.97670967485628,73.16596296296298
2025-09-09 07:22:00+02:00,106.84426561053452,98.05568734806512,106.84426561053452,73.96494620811289
2025-09-09 07:23:00+02:00,108.92093652853497,98.05568734806512,109.7356464243309,75.12464285714286
2025-09-09 07:24:00+02:00,108.92093652853497,98.05568734806512,112.65024903057082,79.14153968253969
2025-09-09 07:25:00+02:00,108.92093652853497,98.05568734806512,115.58747970435353,91.9479761904762
2025-09-09 07:26:00+02:00,108.92093652853497,98.05568734806512,118.54675401973807,93.4944246031746
2025-09-09 07:27:00+02:00,108.92093652853497,98.05568734806512,121.51342286886204,81.2424255377827
2025-09-09 07:28:00+02:00,108.92093652853497,98.05568734806512,121.51342286886204,81.72611736736738
2025-09-09 07:29:00+02:00,108.92093652853497,98.05568734806512,121.51342286886204,82.04684523809524
2025-09-09 07:30:00+02:00,108.92093652853497,98.05568734806512,121.51342286886204,74.52800264550264
2025-09-09 07:31:00+02:00,108.92093652853497,98.05568734806512,121.51342286886204,71.88666057585824
2025-09-09 07:32:00+02:00,108.92093652853497,98.05568734806512,121.51342286886204,67.44586811767044
2025-09-09 07:33:00+02:00,108.92093652853497,98.05568734806512,121.51342286886204,69.48826833607005
2025-09-09 07:34:00+02:00,108.92093652853497,98.05568734806512,121.51342286886204,71.61968548842462
2025-09-09 07:35:00+02:00,108.92093652853497,98.05568734806512,121.51342286886204,63.81373517786562
2025-09-09 07:36:00+02:00,108.92093652853497,98.05568734806512,121.51342286886204,64.1860671936759
2025-09-09 07:37:00+02:00,108.92093652853497,98.05568734806512,121.51342286886204,64.55839920948618
2025-09-09 07:38:00+02:00,108.92093652853497,98.05568734806512,28.0415188963436,64.93073122529647
2025-09-09 07:39:00+02:00,108.92093652853497,98.05568734806512,28.0415188963436,65.86999999999999
2025-09-09 07:40:00+02:00,108.92093652853497,98.05568734806512,121.51342286886204,67.00859259259262
2025-09-09 07:41:00+02:00,108.92093652853497,98.05568734806512,121.51342286886204,67.77303703703706
2025-09-09 07:42:00+02:00,108.92093652853497,98.05568734806512,121.51342286886204,67.89933635676493
2025-09-09 07:43:00+02:00,108.92093652853497,98.05568734806512,121.51342286886204,67.34060651004586
2025-09-09 07:44:00+02:00,108.92093652853497,98.05568734806512,121.51342286886204,68.63791561910747
2025-09-09 07:45:00+02:00,108.92093652853497,98.05568734806512,121.51342286886204,71.82080792330792
2025-09-09 07:46:00+02:00,108.92093652853497,98.05568734806512,121.51342286886204,78.67829365079365
2025-09-09 07:47:00+02:00,108.92093652853497,98.05568734806512,121.51342286886204,98.28375
2025-09-09 07:48:00+02:00,108.92093652853497,98.05568734806512,121.51342286886204,94.29431547619048
2025-09-09 07:49:00+02:00,108.92093652853497,98.05568734806512,187.42706380110675,132.51477777777777
2025-09-09 07:50:00+02:00,194.8171237640275,194.8171237640275,187.42706380110675,202.93716666666668
2025-09-09 07:51:00+02:00,198.16277986243736,198.16277986243736,187.42706380110675,211.66505092592595
2025-09-09 07:52:00+02:00,198.4678108071874,201.51821448673843,187.42706380110675,225.40327380952385
2025-09-09 07:53:00+02:00,198.4678108071874,202.0076426902852,187.42706380110675,241.9292341269841
2025-09-09 07:54:00+02:00,198.4678108071874,202.0076426902852,208.2569271012677,257.2366626984127
2025-09-09 07:55:00+02:00,211.6394761522589,211.6394761522589,211.6394761522589,267.83696759259254
2025-09-09 07:56:00+02:00,215.0303388226639,215.0303388226639,215.0303388226639,279.34660424760426
2025-09-09 07:57:00+02:00,218.4291661530653,218.4291661530653,218.4291661530653,288.5577255639098
2025-09-09 07:58:00+02:00,221.8356124823303,221.8356124823303,221.8356124823303,291.92730335097
2025-09-09 07:59:00+02:00,225.2493375622339,225.2493375622339,225.2493375622339,289.5616798941799
2025-09-09 08:00:00+02:00,228.67000647142208,228.67000647142208,228.67000647142208,277.14124634502923
2025-09-09 08:01:00+02:00,232.09728950013687,232.09728950013687,232.09728950013687,272.7021331699346
2025-09-09 08:02:00+02:00,235.5308620358371,235.5308620358371,235.5308620358371,267.38539663461535
2025-09-09 08:03:00+02:00,238.97040448424477,238.97040448424477,238.97040448424477,260.3841550925926
2025-09-09 08:04:00+02:00,242.41560212692525,242.41560212692525,242.41560212692525,251.48079137529135
2025-09-09 08:05:00+02:00,245.86614504516132,245.86614504516132,245.86614504516132,245.53194785335825
2025-09-09 08:06:00+02:00,249.3217303337447,249.3217303337447,249.3217303337447,243.5221376811594
2025-09-09 08:07:00+02:00,252.78205272341316,252.78205272341316,187.42706380110675,243.59750000000008
2025-09-09 08:08:00+02:00,256.2468184156454,256.2468184156454,187.42706380110675,243.89750000000012
2025-09-09 08:09:00+02:00,259.7157356840141,202.0076426902852,187.42706380110675,244.19750000000025
2025-09-09 08:10:00+02:00,263.1885171237707,202.0076426902852,187.42706380110675,244.49750000000012
2025-09-09 08:11:00+02:00,266.6648795555236,202.0076426902852,266.6648795555236,244.80434523809527
2025-09-09 08:12:00+02:00,270.1445439307748,202.0076426902852,270.1445439307748,245.71357142857144
2025-09-09 08:13:00+02:00,273.6272352715597,202.0076426902852,273.6272352715597,246.85973958333335
2025-09-09 08:14:00+02:00,277.11268254762206,202.0076426902852,277.11268254762206,248.01788194444444
2025-09-09 08:15:00+02:00,280.6006186192875,202.0076426902852,278.72148851667674,250.76109330686327
2025-09-09 08:16:00+02:00,280.837333004333,284.09078015085714,278.72148851667674,253.58738223514212
2025-09-09 08:17:00+02:00,280.837333004333,285.9142456346197,278.72148851667674,257.59121111111114
2025-09-09 08:18:00+02:00,280.837333004333,285.9142456346197,278.72148851667674,261.6103125
2025-09-09 08:19:00+02:00,280.837333004333,285.9142456346197,278.72148851667674,265.33258101065843
2025-09-09 08:20:00+02:00,280.837333004333,285.9142456346197,278.72148851667674,269.00639336917567
2025-09-09 08:21:00+02:00,280.837333004333,285.9142456346197,278.72148851667674,271.1045596405229
2025-09-09 08:22:00+02:00,280.837333004333,285.9142456346197,278.72148851667674,274.42346464646465
2025-09-09 08:23:00+02:00,280.837333004333,285.9142456346197,278.72148851667674,278.70745388669303
2025-09-09 08:24:00+02:00,280.837333004333,285.9142456346197,278.72148851667674,283.2332226247987
2025-09-09 08:25:00+02:00,280.837333004333,285.9142456346197,278.72148851667674,287.2795242133032
2025-09-09 08:26:00+02:00,280.837333004333,285.9142456346197,278.72148851667674,289.9761475409836
2025-09-09 08:27:00+02:00,280.837333004333,285.9142456346197,278.72148851667674,293.75675063131314
2025-09-09 08:28:00+02:00,280.837333004333,285.9142456346197,278.72148851667674,298.3056249999999
2025-09-09 08:29:00+02:00,280.837333004333,285.9142456346197,278.72148851667674,300.2368666056166
2025-09-09 08:30:00+02:00,280.837333004333,285.9142456346197,278.72148851667674,305.13826770451766
2025-09-09 08:31:00+02:00,280.837333004333,285.9142456346197,278.72148851667674,308.7499639423076
2025-09-09 08:32:00+02:00,280.837333004333,285.9142456346197,278.72148851667674,303.4041519764957
2025-09-09 08:33:00+02:00,280.837333004333,285.9142456346197,278.72148851667674,282.41541666666666
2025-09-09 08:34:00+02:00,280.837333004333,285.9142456346197,278.72148851667674,326.60644675925926
2025-09-09 08:35:00+02:00,198.4678108071874,202.0076426902852,187.42706380110675,138.8069270833333
2025-09-09 08:36:00+02:00,108.92093652853497,98.05568734806512,187.42706380110675,93.450343883547
2025-09-09 08:37:00+02:00,198.4678108071874,202.0076426902852,187.42706380110675,147.03451388888888
2025-09-09 08:38:00+02:00,280.837333004333,285.9142456346197,278.72148851667674,275.8938888888889
2025-09-09 08:39:00+02:00,198.4678108071874,98.05568734806512,187.42706380110675,120.22788766788769
2025-09-09 08:40:00+02:00,198.4678108071874,202.0076426902852,187.42706380110675,187.49722222222223
2025-09-09 08:41:00+02:00,280.837333004333,285.9142456346197,278.72148851667674,260.75972222222225
2025-09-09 08:42:00+02:00,379.58447128306966,379.58447128306966,379.58447128306966,383.96125
2025-09-09 08:43:00+02:00,280.837333004333,285.9142456346197,278.72148851667674,231.1175
2025-09-09 08:44:00+02:00,280.837333004333,285.9142456346197,278.72148851667674,258.3350694444444
2025-09-09 08:45:00+02:00,280.837333004333,285.9142456346197,278.72148851667674,307.95391666666666
2025-09-09 08:46:00+02:00,382.3126886205207,393.55151525565446,393.55151525565446,411.1438541666666
2025-09-09 08:47:00+02:00,382.3126886205207,395.0865959287336,397.0326702177903,412.5816643518519
2025-09-09 08:48:00+02:00,382.3126886205207,395.0865959287336,399.1734106869087,378.4680555555556
2025-09-09 08:49:00+02:00,198.4678108071874,202.0076426902852,187.42706380110675,177.54342013888888
2025-09-09 08:50:00+02:00,280.837333004333,285.9142456346197,278.72148851667674,295.8843055555556
2025-09-09 08:51:00+02:00,280.837333004333,285.9142456346197,278.72148851667674,296.90215277777776
2025-09-09 08:52:00+02:00,382.3126886205207,395.0865959287336,399.1734106869087,335.39381944444443
2025-09-09 08:53:00+02:00,382.3126886205207,395.0865959287336,399.1734106869087,384.7143068376069
2025-09-09 08:54:00+02:00,382.3126886205207,395.0865959287336,399.1734106869087,384.3443436467813
2025-09-09 08:55:00+02:00,382.3126886205207,395.0865959287336,399.1734106869087,382.1460144927536
2025-09-09 08:56:00+02:00,382.3126886205207,395.0865959287336,399.1734106869087,382.9238466783557
2025-09-09 08:57:00+02:00,382.3126886205207,395.0865959287336,399.1734106869087,384.4810895883777
2025-09-09 08:58:00+02:00,382.3126886205207,395.0865959287336,399.1734106869087,385.8052976190476
2025-09-09 08:59:00+02:00,382.3126886205207,395.0865959287336,399.1734106869087,386.9677976190477
2025-09-09 09:00:00+02:00,382.3126886205207,395.0865959287336,399.1734106869087,388.0500198412697
2025-09-09 09:01:00+02:00,382.3126886205207,395.0865959287336,399.1734106869087,389.1831881313131
2025-09-09 09:02:00+02:00,382.3126886205207,395.0865959287336,399.1734106869087,391.2334898989898
2025-09-09 09:03:00+02:00,382.3126886205207,395.0865959287336,399.1734106869087,393.72395454545455
2025-09-09 09:04:00+02:00,382.3126886205207,395.0865959287336,399.1734106869087,397.2600297619047
2025-09-09 09:05:00+02:00,382.3126886205207,395.0865959287336,399.1734106869087,399.7610863095238
2025-09-09 09:06:00+02:00,382.3126886205207,395.0865959287336,399.1734106869087,403.424417868729
2025-09-09 09:07:00+02:00,382.3126886205207,395.0865959287336,399.1734106869087,404.4571532846715
2025-09-09 09:08:00+02:00,382.3126886205207,395.0865959287336,399.1734106869087,405.3692323600974
2025-09-09 09:09:00+02:00,382.3126886205207,395.0865959287336,399.1734106869087,408.8635560344828
2025-09-09 09:10:00+02:00,467.265818025972,395.0865959287336,399.1734106869087,408.79257716049386
2025-09-09 09:11:00+02:00,467.265818025972,395.0865959287336,399.1734106869087,402.4550617283951
2025-09-09 09:12:00+02:00,467.265818025972,395.0865959287336,399.1734106869087,395.7490972222223
2025-09-09 09:13:00+02:00,467.265818025972,395.0865959287336,399.1734106869087,409.58832905982905
2025-09-09 09:14:00+02:00,467.265818025972,395.0865959287336,399.1734106869087,418.6001079734219
2025-09-09 09:15:00+02:00,467.265818025972,395.0865959287336,399.1734106869087,420.0782475083056
2025-09-09 09:16:00+02:00,467.265818025972,395.0865959287336,399.1734106869087,422.3846715167549
2025-09-09 09:17:00+02:00,467.265818025972,395.0865959287336,399.1734106869087,422.231095959596
2025-09-09 09:18:00+02:00,467.265818025972,395.0865959287336,399.1734106869087,419.61716666666666
2025-09-09 09:19:00+02:00,467.265818025972,395.0865959287336,399.1734106869087,422.0279637681159
2025-09-09 09:20:00+02:00,467.265818025972,483.884587871218,399.1734106869087,424.0844857195944
2025-09-09 09:21:00+02:00,467.265818025972,483.884587871218,399.1734106869087,427.544081326871
2025-09-09 09:22:00+02:00,467.265818025972,483.884587871218,484.19190513874526,431.7630013550136
2025-09-09 09:23:00+02:00,467.265818025972,483.884587871218,484.19190513874526,434.8426644736842
2025-09-09 09:24:00+02:00,467.265818025972,483.884587871218,484.19190513874526,437.3993728070175
2025-09-09 09:25:00+02:00,467.265818025972,483.884587871218,484.19190513874526,441.1587932692307
2025-09-09 09:26:00+02:00,467.265818025972,483.884587871218,484.19190513874526,443.2067594268476
2025-09-09 09:27:00+02:00,467.265818025972,483.884587871218,484.19190513874526,445.7568470942594
2025-09-09 09:28:00+02:00,467.265818025972,483.884587871218,484.19190513874526,447.1848472961613
2025-09-09 09:29:00+02:00,467.265818025972,483.884587871218,484.19190513874526,449.1022107649554
2025-09-09 09:30:00+02:00,467.265818025972,483.884587871218,484.19190513874526,451.835291147696
2025-09-09 09:31:00+02:00,467.265818025972,483.884587871218,484.19190513874526,455.6817993895672
2025-09-09 09:32:00+02:00,467.265818025972,483.884587871218,484.19190513874526,457.9204488279017
2025-09-09 09:33:00+02:00,467.265818025972,483.884587871218,484.19190513874526,459.45028169014086
2025-09-09 09:34:00+02:00,467.265818025972,483.884587871218,484.19190513874526,461.0756995305164
2025-09-09 09:35:00+02:00,467.265818025972,483.884587871218,484.19190513874526,463.5348333333333
2025-09-09 09:36:00+02:00,467.265818025972,483.884587871218,484.19190513874526,464.5613043478261
2025-09-09 09:37:00+02:00,467.265818025972,483.884587871218,484.19190513874526,465.5069565217392
2025-09-09 09:38:00+02:00,467.265818025972,483.884587871218,484.19190513874526,466.7016483516484
2025-09-09 09:39:00+02:00,467.265818025972,483.884587871218,484.19190513874526,467.6563186813187
2025-09-09 09:40:00+02:00,467.265818025972,483.884587871218,484.19190513874526,471.0826423611111
2025-09-09 09:41:00+02:00,467.265818025972,483.884587871218,484.19190513874526,475.530859375
2025-09-09 09:42:00+02:00,467.265818025972,483.884587871218,484.19190513874526,477.1204545454545
2025-09-09 09:43:00+02:00,467.265818025972,483.884587871218,484.19190513874526,475.5002173913044
2025-09-09 09:44:00+02:00,467.265818025972,483.884587871218,484.19190513874526,476.4182966964729
2025-09-09 09:45:00+02:00,467.265818025972,483.884587871218,484.19190513874526,478.08915593286497
2025-09-09 09:46:00+02:00,467.265818025972,483.884587871218,484.19190513874526,479.28740196078434
2025-09-09 09:47:00+02:00,467.265818025972,483.884587871218,484.19190513874526,480.9737140081258
2025-09-09 09:48:00+02:00,467.265818025972,483.884587871218,484.19190513874526,483.1268275418276
2025-09-09 09:49:00+02:00,467.265818025972,483.884587871218,484.19190513874526,485.9175340136055
2025-09-09 09:50:00+02:00,467.265818025972,483.884587871218,484.19190513874526,487.89369791666667
2025-09-09 09:51:00+02:00,467.265818025972,483.884587871218,484.19190513874526,488.16918836805553
2025-09-09 09:52:00+02:00,467.265818025972,483.884587871218,484.19190513874526,491.8392994204261
2025-09-09 09:53:00+02:00,467.265818025972,483.884587871218,484.19190513874526,494.0360066324348
2025-09-09 09:54:00+02:00,467.265818025972,483.884587871218,484.19190513874526,496.0105821513002
2025-09-09 09:55:00+02:00,467.265818025972,483.884587871218,484.19190513874526,498.32566036249017
2025-09-09 09:56:00+02:00,467.265818025972,483.884587871218,484.19190513874526,499.8779333785005
2025-09-09 09:57:00+02:00,467.265818025972,483.884587871218,484.19190513874526,492.7372172949003
2025-09-09 09:58:00+02:00,467.265818025972,483.884587871218,484.19190513874526,485.1651623376624
2025-09-09 09:59:00+02:00,467.265818025972,483.884587871218,484.19190513874526,503.020101010101
2025-09-09 10:00:00+02:00,467.265818025972,483.884587871218,484.19190513874526,478.3693559218559
2025-09-09 10:01:00+02:00,574.1796138325511,483.884587871218,484.19190513874526,507.93313351933966
2025-09-09 10:02:00+02:00,574.1796138325511,483.884587871218,484.19190513874526,510.9556454425204
2025-09-09 10:03:00+02:00,574.1796138325511,483.884587871218,484.19190513874526,513.7348831569665
2025-09-09 10:04:00+02:00,574.1796138325511,483.884587871218,484.19190513874526,516.2195519943019
2025-09-09 10:05:00+02:00,574.1796138325511,483.884587871218,484.19190513874526,516.9604999999998
2025-09-09 10:06:00+02:00,574.1796138325511,483.884587871218,484.19190513874526,517.4311149710504
2025-09-09 10:07:00+02:00,574.1796138325511,483.884587871218,484.19190513874526,503.75510690789474
2025-09-09 10:08:00+02:00,574.1796138325511,483.884587871218,484.19190513874526,519.0553705357144
2025-09-09 10:09:00+02:00,574.1796138325511,483.884587871218,484.19190513874526,519.7560476190476
2025-09-09 10:10:00+02:00,574.1796138325511,483.884587871218,484.19190513874526,523.6788095238095
2025-09-09 10:11:00+02:00,574.1796138325511,483.884587871218,484.19190513874526,525.8090865384615
2025-09-09 10:12:00+02:00,574.1796138325511,483.884587871218,484.19190513874526,485.5282509796652
2025-09-09 10:13:00+02:00,574.1796138325511,483.884587871218,589.6442467705715,528.6669420234937
2025-09-09 10:14:00+02:00,574.1796138325511,483.884587871218,589.6442467705715,528.0750789835164
2025-09-09 10:15:00+02:00,574.1796138325511,573.4193921422142,589.6442467705715,530.7284027777778
2025-09-09 10:16:00+02:00,574.1796138325511,573.4193921422142,589.6442467705715,532.6490165165167
2025-09-09 10:17:00+02:00,574.1796138325511,573.4193921422142,589.6442467705715,533.6667117117119
2025-09-09 10:18:00+02:00,574.1796138325511,573.4193921422142,589.6442467705715,533.6184595959596
2025-09-09 10:19:00+02:00,574.1796138325511,573.4193921422142,589.6442467705715,532.7552461149961
2025-09-09 10:20:00+02:00,574.1796138325511,573.4193921422142,589.6442467705715,531.5378736710444
2025-09-09 10:21:00+02:00,574.1796138325511,573.4193921422142,589.6442467705715,533.6031595959596
2025-09-09 10:22:00+02:00,574.1796138325511,573.4193921422142,589.6442467705715,539.1589588319089
2025-09-09 10:23:00+02:00,574.1796138325511,573.4193921422142,589.6442467705715,544.0451212335215
2025-09-09 10:24:00+02:00,574.1796138325511,573.4193921422142,589.6442467705715,545.817531779661
2025-09-09 10:25:00+02:00,574.1796138325511,573.4193921422142,589.6442467705715,543.6174236111111
2025-09-09 10:26:00+02:00,574.1796138325511,573.4193921422142,589.6442467705715,548.3723611111113
2025-09-09 10:27:00+02:00,574.1796138325511,573.4193921422142,589.6442467705715,549.2908843537416
2025-09-09 10:28:00+02:00,574.1796138325511,573.4193921422142,589.6442467705715,550.240969387755
2025-09-09 10:29:00+02:00,574.1796138325511,573.4193921422142,589.6442467705715,551.2134568733153
2025-09-09 10:30:00+02:00,574.1796138325511,573.4193921422142,589.6442467705715,552.2236320754715
2025-09-09 10:31:00+02:00,574.1796138325511,573.4193921422142,589.6442467705715,554.7734682914046
2025-09-09 10:32:00+02:00,574.1796138325511,573.4193921422142,589.6442467705715,556.7969848975189
2025-09-09 10:33:00+02:00,574.1796138325511,573.4193921422142,589.6442467705715,558.1310194174756
2025-09-09 10:34:00+02:00,574.1796138325511,573.4193921422142,589.6442467705715,558.2063129798845
2025-09-09 10:35:00+02:00,574.1796138325511,573.4193921422142,589.6442467705715,557.9841346153846
2025-09-09 10:36:00+02:00,574.1796138325511,573.4193921422142,589.6442467705715,562.0059549071617
2025-09-09 10:37:00+02:00,574.1796138325511,573.4193921422142,589.6442467705715,561.1460513024987
2025-09-09 10:38:00+02:00,574.1796138325511,573.4193921422142,589.6442467705715,567.7798644338118
2025-09-09 10:39:00+02:00,574.1796138325511,573.4193921422142,589.6442467705715,566.853875
2025-09-09 10:40:00+02:00,574.1796138325511,573.4193921422142,589.6442467705715,561.7828637415824
2025-09-09 10:41:00+02:00,574.1796138325511,573.4193921422142,589.6442467705715,550.9900000000001
2025-09-09 10:42:00+02:00,574.1796138325511,573.4193921422142,589.6442467705715,570.2066666666667
2025-09-09 10:43:00+02:00,574.1796138325511,573.4193921422142,589.6442467705715,571.6350765765766
2025-09-09 10:44:00+02:00,574.1796138325511,573.4193921422142,589.6442467705715,571.4790315315314
2025-09-09 10:45:00+02:00,574.1796138325511,573.4193921422142,589.6442467705715,566.3248028673835
2025-09-09 10:46:00+02:00,574.1796138325511,573.4193921422142,589.6442467705715,570.7121527777778
2025-09-09 10:47:00+02:00,574.1796138325511,573.4193921422142,589.6442467705715,573.32050477679
2025-09-09 10:48:00+02:00,574.1796138325511,573.4193921422142,589.6442467705715,574.4448214756259
2025-09-09 10:49:00+02:00,574.1796138325511,573.4193921422142,589.6442467705715,572.3148161616161
2025-09-09 10:50:00+02:00,574.1796138325511,573.4193921422142,589.6442467705715,573.9795666666666
2025-09-09 10:51:00+02:00,574.1796138325511,573.4193921422142,589.6442467705715,576.521811594203
2025-09-09 10:52:00+02:00,574.1796138325511,573.4193921422142,589.6442467705715,577.109678475577
2025-09-09 10:53:00+02:00,574.1796138325511,573.4193921422142,589.6442467705715,577.9472261904762
2025-09-09 10:54:00+02:00,574.1796138325511,573.4193921422142,589.6442467705715,579.3943162578163
2025-09-09 10:55:00+02:00,574.1796138325511,573.4193921422142,589.6442467705715,578.2882944355839
2025-09-09 10:56:00+02:00,574.1796138325511,573.4193921422142,589.6442467705715,578.1342867867868
2025-09-09 10:57:00+02:00,574.1796138325511,573.4193921422142,589.6442467705715,580.3575446428571
2025-09-09 10:58:00+02:00,574.1796138325511,573.4193921422142,589.6442467705715,584.2996369047619
2025-09-09 10:59:00+02:00,574.1796138325511,573.4193921422142,589.6442467705715,589.8141675266598
2025-09-09 11:00:00+02:00,574.1796138325511,573.4193921422142,589.6442467705715,591.4676068826575
2025-09-09 11:01:00+02:00,574.1796138325511,573.4193921422142,589.6442467705715,590.4093981481484
2025-09-09 11:02:00+02:00,574.1796138325511,573.4193921422142,589.6442467705715,589.752739197531
2025-09-09 11:03:00+02:00,574.1796138325511,573.4193921422142,589.6442467705715,590.5543577569916
2025-09-09 11:04:00+02:00,574.1796138325511,573.4193921422142,589.6442467705715,588.4266858813702
2025-09-09 11:05:00+02:00,574.1796138325511,573.4193921422142,589.6442467705715,578.7187673978286
2025-09-09 11:06:00+02:00,574.1796138325511,573.4193921422142,589.6442467705715,456.01535240464347
2025-09-09 11:07:00+02:00,574.1796138325511,573.4193921422142,589.6442467705715,595.792585978836
2025-09-09 11:08:00+02:00,574.1796138325511,573.4193921422142,589.6442467705715,597.0964444444445
2025-09-09 11:09:00+02:00,574.1796138325511,573.4193921422142,589.6442467705715,603.1813141025641
2025-09-09 11:10:00+02:00,574.1796138325511,573.4193921422142,589.6442467705715,603.627037037037
2025-09-09 11:11:00+02:00,574.1796138325511,573.4193921422142,589.6442467705715,603.2673076923077
2025-09-09 11:12:00+02:00,574.1796138325511,573.4193921422142,589.6442467705715,605.1987019230769
2025-09-09 11:13:00+02:00,574.1796138325511,573.4193921422142,589.6442467705715,603.7856469886702
2025-09-09 11:14:00+02:00,671.9500862546998,666.3697912948548,589.6442467705715,598.8149218038636
2025-09-09 11:15:00+02:00,671.9500862546998,666.3697912948548,589.6442467705715,564.1472380952381
2025-09-09 11:16:00+02:00,671.9500862546998,666.3697912948548,589.6442467705715,604.5540615942028
2025-09-09 11:17:00+02:00,671.9500862546998,666.3697912948548,589.6442467705715,603.9662721961091
2025-09-09 11:18:00+02:00,671.9500862546998,666.3697912948548,589.6442467705715,606.0465285390286
2025-09-09 11:19:00+02:00,671.9500862546998,666.3697912948548,589.6442467705715,604.7793402777778
2025-09-09 11:20:00+02:00,671.9500862546998,666.3697912948548,589.6442467705715,608.7796678403755
2025-09-09 11:21:00+02:00,671.9500862546998,666.3697912948548,589.6442467705715,610.8067433339352
2025-09-09 11:22:00+02:00,671.9500862546998,666.3697912948548,589.6442467705715,614.2521507252326
2025-09-09 11:23:00+02:00,671.9500862546998,666.3697912948548,589.6442467705715,615.7543373493977
2025-09-09 11:24:00+02:00,671.9500862546998,666.3697912948548,589.6442467705715,614.735806798623
2025-09-09 11:25:00+02:00,671.9500862546998,666.3697912948548,589.6442467705715,615.0584453038116
2025-09-09 11:26:00+02:00,671.9500862546998,666.3697912948548,589.6442467705715,615.2046178343951
2025-09-09 11:27:00+02:00,671.9500862546998,666.3697912948548,589.6442467705715,614.520541401274
2025-09-09 11:28:00+02:00,671.9500862546998,573.4193921422142,589.6442467705715,612.6415635521886
2025-09-09 11:29:00+02:00,574.1796138325511,573.4193921422142,589.6442467705715,608.903625
2025-09-09 11:30:00+02:00,574.1796138325511,666.3697912948548,589.6442467705715,607.3269355158731
2025-09-09 11:31:00+02:00,574.1796138325511,573.4193921422142,589.6442467705715,614.6524471434998
2025-09-09 11:32:00+02:00,574.1796138325511,573.4193921422142,589.6442467705715,576.528295940171
2025-09-09 11:33:00+02:00,574.1796138325511,666.3697912948548,589.6442467705715,605.2595833333334
2025-09-09 11:34:00+02:00,574.1796138325511,666.3697912948548,589.6442467705715,604.4551593660968
2025-09-09 11:35:00+02:00,671.9500862546998,666.3697912948548,589.6442467705715,618.1850597145909
2025-09-09 11:36:00+02:00,671.9500862546998,573.4193921422142,589.6442467705715,619.3413183922559
2025-09-09 11:37:00+02:00,574.1796138325511,573.4193921422142,589.6442467705715,577.6020072751322
2025-09-09 11:38:00+02:00,671.9500862546998,666.3697912948548,589.6442467705715,617.6640185185184
2025-09-09 11:39:00+02:00,671.9500862546998,666.3697912948548,589.6442467705715,618.2507861721612
2025-09-09 11:40:00+02:00,671.9500862546998,666.3697912948548,589.6442467705715,616.8752648046399
2025-09-09 11:41:00+02:00,671.9500862546998,666.3697912948548,589.6442467705715,634.8223664021165
2025-09-09 11:42:00+02:00,671.9500862546998,666.3697912948548,693.531432481675,653.7346706349207
2025-09-09 11:43:00+02:00,671.9500862546998,666.3697912948548,693.531432481675,665.8693668300654
2025-09-09 11:44:00+02:00,671.9500862546998,666.3697912948548,693.531432481675,659.6079197855285
2025-09-09 11:45:00+02:00,671.9500862546998,666.3697912948548,693.531432481675,653.2269565217391
2025-09-09 11:46:00+02:00,671.9500862546998,666.3697912948548,693.531432481675,653.5159722222222
2025-09-09 11:47:00+02:00,574.1796138325511,573.4193921422142,589.6442467705715,529.5922222222222
2025-09-09 11:48:00+02:00,671.9500862546998,666.3697912948548,693.531432481675,660.7092301587302
2025-09-09 11:49:00+02:00,574.1796138325511,573.4193921422142,589.6442467705715,565.1218749999999
2025-09-09 11:50:00+02:00,467.265818025972,483.884587871218,484.19190513874526,393.07997222222224
2025-09-09 11:51:00+02:00,467.265818025972,483.884587871218,484.19190513874526,396.1715833333333
2025-09-09 11:52:00+02:00,574.1796138325511,483.884587871218,484.19190513874526,506.42677083333336
2025-09-09 11:53:00+02:00,671.9500862546998,573.4193921422142,589.6442467705715,612.5522222222222
2025-09-09 11:54:00+02:00,467.265818025972,483.884587871218,484.19190513874526,417.5763888888889
2025-09-09 11:55:00+02:00,198.4678108071874,202.0076426902852,187.42706380110675,135.53329954954958
2025-09-09 11:56:00+02:00,280.837333004333,285.9142456346197,278.72148851667674,215.14027777777775
2025-09-09 11:57:00+02:00,382.3126886205207,395.0865959287336,399.1734106869087,333.25333333333333
2025-09-09 11:58:00+02:00,198.4678108071874,285.9142456346197,278.72148851667674,188.65103968253968
2025-09-09 11:59:00+02:00,382.3126886205207,395.0865959287336,399.1734106869087,322.34711309523806
2025-09-09 12:00:00+02:00,574.1796138325511,573.4193921422142,589.6442467705715,559.3511706349207
2025-09-09 12:01:00+02:00,671.9500862546998,666.3697912948548,693.531432481675,705.9647777777777
2025-09-09 12:02:00+02:00,671.9500862546998,666.3697912948548,693.531432481675,726.1230158730159
2025-09-09 12:03:00+02:00,574.1796138325511,483.884587871218,589.6442467705715,476.0825
2025-09-09 12:04:00+02:00,382.3126886205207,395.0865959287336,399.1734106869087,343.91625
2025-09-09 12:05:00+02:00,574.1796138325511,573.4193921422142,589.6442467705715,546.1641633597884
2025-09-09 12:06:00+02:00,671.9500862546998,666.3697912948548,693.531432481675,659.1034166666667
2025-09-09 12:07:00+02:00,671.9500862546998,666.3697912948548,693.531432481675,647.8622222222222
2025-09-09 12:08:00+02:00,280.837333004333,285.9142456346197,399.1734106869087,256.5108333333333
2025-09-09 12:09:00+02:00,198.4678108071874,202.0076426902852,187.42706380110675,114.48683586105676
2025-09-09 12:10:00+02:00,198.4678108071874,202.0076426902852,187.42706380110675,112.22088153221716
2025-09-09 12:11:00+02:00,198.4678108071874,202.0076426902852,187.42706380110675,135.36950396825395
2025-09-09 12:12:00+02:00,574.1796138325511,573.4193921422142,589.6442467705715,555.61473139413
2025-09-09 12:13:00+02:00,671.9500862546998,666.3697912948548,693.531432481675,680.3672113032844
2025-09-09 12:14:00+02:00,671.9500862546998,666.3697912948548,693.531432481675,685.4999305555556
2025-09-09 12:15:00+02:00,382.3126886205207,395.0865959287336,399.1734106869087,348.84291666666667
2025-09-09 12:16:00+02:00,467.265818025972,395.0865959287336,399.1734106869087,373.38125
2025-09-09 12:17:00+02:00,574.1796138325511,573.4193921422142,589.6442467705715,619.7159722222221
2025-09-09 12:18:00+02:00,574.1796138325511,573.4193921422142,589.6442467705715,616.7143452380952
2025-09-09 12:19:00+02:00,382.3126886205207,395.0865959287336,399.1734106869087,306.7761805555555
2025-09-09 12:20:00+02:00,198.4678108071874,202.0076426902852,187.42706380110675,139.47423361823363
2025-09-09 12:21:00+02:00,198.4678108071874,202.0076426902852,187.42706380110675,134.176746017871
2025-09-09 12:22:00+02:00,198.4678108071874,202.0076426902852,187.42706380110675,170.0747638888889
2025-09-09 12:23:00+02:00,467.265818025972,483.884587871218,484.19190513874526,458.91689814814816
2025-09-09 12:24:00+02:00,467.265818025972,483.884587871218,484.19190513874526,515.3484523809524
2025-09-09 12:25:00+02:00,382.3126886205207,395.0865959287336,399.1734106869087,354.3818055555556
2025-09-09 12:26:00+02:00,382.3126886205207,395.0865959287336,399.1734106869087,370.6012894736842
2025-09-09 12:27:00+02:00,198.4678108071874,202.0076426902852,278.72148851667674,172.60566468253967
2025-09-09 12:28:00+02:00,198.4678108071874,202.0076426902852,187.42706380110675,161.0533283730159
2025-09-09 12:29:00+02:00,198.4678108071874,202.0076426902852,187.42706380110675,168.2217059314954
2025-09-09 12:30:00+02:00,198.4678108071874,202.0076426902852,187.42706380110675,181.287876984127
2025-09-09 12:31:00+02:00,382.3126886205207,395.0865959287336,399.1734106869087,327.5749007936508
2025-09-09 12:32:00+02:00,574.1796138325511,666.3697912948548,589.6442467705715,618.0579166666666
2025-09-09 12:33:00+02:00,671.9500862546998,666.3697912948548,693.531432481675,739.0268055555556
2025-09-09 12:34:00+02:00,671.9500862546998,666.3697912948548,693.531432481675,735.3150694444445
2025-09-09 12:35:00+02:00,671.9500862546998,666.3697912948548,693.531432481675,729.6103472222222
2025-09-09 12:36:00+02:00,671.9500862546998,666.3697912948548,693.531432481675,725.1925961538462
2025-09-09 12:37:00+02:00,671.9500862546998,666.3697912948548,693.531432481675,726.0164420485175
2025-09-09 12:38:00+02:00,574.1796138325511,666.3697912948548,589.6442467705715,600.3910529215718
2025-09-09 12:39:00+02:00,671.9500862546998,666.3697912948548,693.531432481675,661.525763888889
2025-09-09 12:40:00+02:00,198.4678108071874,202.0076426902852,187.42706380110675,128.66747023809523
2025-09-09 12:41:00+02:00,198.4678108071874,202.0076426902852,187.42706380110675,117.50199324324323
2025-09-09 12:42:00+02:00,467.265818025972,483.884587871218,484.19190513874526,514.2336527777778
2025-09-09 12:43:00+02:00,671.9500862546998,666.3697912948548,693.531432481675,501.0531666666666
2025-09-09 12:44:00+02:00,671.9500862546998,666.3697912948548,693.531432481675,676.9252222222223
2025-09-09 12:45:00+02:00,671.9500862546998,666.3697912948548,693.531432481675,680.3064342948718
2025-09-09 12:46:00+02:00,671.9500862546998,666.3697912948548,693.531432481675,690.6841765873015
2025-09-09 12:47:00+02:00,671.9500862546998,666.3697912948548,693.531432481675,679.0190178571429
2025-09-09 12:48:00+02:00,280.837333004333,285.9142456346197,278.72148851667674,210.9086111111111
2025-09-09 12:49:00+02:00,280.837333004333,285.9142456346197,278.72148851667674,230.822875
2025-09-09 12:50:00+02:00,467.265818025972,483.884587871218,484.19190513874526,456.3643055555556
2025-09-09 12:51:00+02:00,671.9500862546998,666.3697912948548,693.531432481675,679.2445304232805
2025-09-09 12:52:00+02:00,671.9500862546998,666.3697912948548,693.531432481675,680.2040277777778
2025-09-09 12:53:00+02:00,382.3126886205207,395.0865959287336,399.1734106869087,329.64846688034186
2025-09-09 12:54:00+02:00,198.4678108071874,202.0076426902852,187.42706380110675,143.6869419642857
2025-09-09 12:55:00+02:00,198.4678108071874,202.0076426902852,278.72148851667674,183.2711574074074
2025-09-09 12:56:00+02:00,574.1796138325511,573.4193921422142,589.6442467705715,603.8135245310245
2025-09-09 12:57:00+02:00,671.9500862546998,666.3697912948548,693.531432481675,680.0301058201059
2025-09-09 12:58:00+02:00,671.9500862546998,666.3697912948548,693.531432481675,678.5135555555556
2025-09-09 12:59:00+02:00,671.9500862546998,666.3697912948548,693.531432481675,670.152978896104
2025-09-09 13:00:00+02:00,467.265818025972,483.884587871218,589.6442467705715,479.9938383838384
2025-09-09 13:01:00+02:00,198.4678108071874,202.0076426902852,187.42706380110675,118.197720410628
2025-09-09 13:02:00+02:00,198.4678108071874,202.0076426902852,187.42706380110675,120.88948183760684
2025-09-09 13:03:00+02:00,198.4678108071874,202.0076426902852,187.42706380110675,119.38635645604396
2025-09-09 13:04:00+02:00,198.4678108071874,202.0076426902852,187.42706380110675,205.48364087301584
2025-09-09 13:05:00+02:00,382.3126886205207,395.0865959287336,399.1734106869087,332.2256313131313
2025-09-09 13:06:00+02:00,198.4678108071874,202.0076426902852,278.72148851667674,186.6336616161616
2025-09-09 13:07:00+02:00,671.9500862546998,666.3697912948548,589.6442467705715,667.1493055555555
2025-09-09 13:08:00+02:00,671.9500862546998,666.3697912948548,693.531432481675,676.6554365079365
2025-09-09 13:09:00+02:00,671.9500862546998,666.3697912948548,589.6442467705715,601.3283514957265
2025-09-09 13:10:00+02:00,198.4678108071874,202.0076426902852,187.42706380110675,174.1681907894737
2025-09-09 13:11:00+02:00,198.4678108071874,202.0076426902852,187.42706380110675,145.39661044973545
2025-09-09 13:12:00+02:00,198.4678108071874,202.0076426902852,187.42706380110675,140.741712749616
2025-09-09 13:13:00+02:00,198.4678108071874,202.0076426902852,187.42706380110675,141.20352534562213
2025-09-09 13:14:00+02:00,198.4678108071874,202.0076426902852,187.42706380110675,141.681866359447
2025-09-09 13:15:00+02:00,198.4678108071874,202.0076426902852,187.42706380110675,142.60688508064518
2025-09-09 13:16:00+02:00,382.3126886205207,395.0865959287336,399.1734106869087,365.2738141025641
2025-09-09 13:17:00+02:00,467.265818025972,395.0865959287336,399.1734106869087,389.2091118421053
2025-09-09 13:18:00+02:00,198.4678108071874,285.9142456346197,278.72148851667674,198.80347222222224
2025-09-09 13:19:00+02:00,198.4678108071874,202.0076426902852,187.42706380110675,139.14687402738875
2025-09-09 13:20:00+02:00,198.4678108071874,202.0076426902852,187.42706380110675,137.89352083333333
2025-09-09 13:21:00+02:00,280.837333004333,285.9142456346197,278.72148851667674,250.2051851851852
2025-09-09 13:22:00+02:00,574.1796138325511,573.4193921422142,589.6442467705715,646.9532266414141
2025-09-09 13:23:00+02:00,198.4678108071874,202.0076426902852,187.42706380110675,184.6916805555556
2025-09-09 13:24:00+02:00,280.837333004333,285.9142456346197,278.72148851667674,255.473373015873
2025-09-09 13:25:00+02:00,574.1796138325511,573.4193921422142,589.6442467705715,549.2152777777777
2025-09-09 13:26:00+02:00,108.92093652853497,98.05568734806512,187.42706380110675,110.1776488095238
2025-09-09 13:27:00+02:00,108.92093652853497,98.05568734806512,187.42706380110675,107.58464285714284
2025-09-09 13:28:00+02:00,198.4678108071874,98.05568734806512,187.42706380110675,110.79801587301588
2025-09-09 13:29:00+02:00,382.3126886205207,395.0865959287336,399.1734106869087,370.94209722222223
2025-09-09 13:30:00+02:00,382.3126886205207,395.0865959287336,399.1734106869087,314.82579545454547
2025-09-09 13:31:00+02:00,280.837333004333,395.0865959287336,399.1734106869087,310.8685197210197
2025-09-09 13:32:00+02:00,382.3126886205207,395.0865959287336,399.1734106869087,267.8376349206349
2025-09-09 13:33:00+02:00,382.3126886205207,395.0865959287336,399.1734106869087,356.6145601851852
2025-09-09 13:34:00+02:00,467.265818025972,395.0865959287336,399.1734106869087,368.45866666666666
2025-09-09 13:35:00+02:00,198.4678108071874,202.0076426902852,187.42706380110675,130.02578703703702
2025-09-09 13:36:00+02:00,198.4678108071874,202.0076426902852,187.42706380110675,111.06094693732192
2025-09-09 13:37:00+02:00,198.4678108071874,202.0076426902852,187.42706380110675,108.18277182539684
2025-09-09 13:38:00+02:00,467.265818025972,395.0865959287336,399.1734106869087,411.1927777777778
2025-09-09 13:39:00+02:00,280.837333004333,285.9142456346197,278.72148851667674,223.9963888888889
2025-09-09 13:40:00+02:00,198.4678108071874,98.05568734806512,187.42706380110675,107.9792261904762
2025-09-09 13:41:00+02:00,108.92093652853497,98.05568734806512,187.42706380110675,101.2475
2025-09-09 13:42:00+02:00,198.4678108071874,202.0076426902852,187.42706380110675,99.4447344771242
2025-09-09 13:43:00+02:00,198.4678108071874,202.0076426902852,187.42706380110675,97.67971668328347
2025-09-09 13:44:00+02:00,280.837333004333,285.9142456346197,278.72148851667674,226.7943985404896
2025-09-09 13:45:00+02:00,198.4678108071874,202.0076426902852,187.42706380110675,133.24178571428573
2025-09-09 13:46:00+02:00,467.265818025972,483.884587871218,484.19190513874526,533.3402777777778
2025-09-09 13:47:00+02:00,574.1796138325511,573.4193921422142,589.6442467705715,595.3660623781676
2025-09-09 13:48:00+02:00,574.1796138325511,573.4193921422142,589.6442467705715,592.7248653752437
2025-09-09 13:49:00+02:00,574.1796138325511,666.3697912948548,589.6442467705715,595.9228365384615
2025-09-09 13:50:00+02:00,574.1796138325511,573.4193921422142,589.6442467705715,593.8936593915345
2025-09-09 13:51:00+02:00,574.1796138325511,573.4193921422142,589.6442467705715,587.0455277777778
2025-09-09 13:52:00+02:00,574.1796138325511,573.4193921422142,589.6442467705715,575.7605080409356
2025-09-09 13:53:00+02:00,574.1796138325511,573.4193921422142,589.6442467705715,582.5428289810548
2025-09-09 13:54:00+02:00,574.1796138325511,573.4193921422142,589.6442467705715,593.2941395154553
2025-09-09 13:55:00+02:00,280.837333004333,285.9142456346197,278.72148851667674,241.83862003968247
2025-09-09 13:56:00+02:00,467.265818025972,483.884587871218,484.19190513874526,432.6327777777778
2025-09-09 13:57:00+02:00,280.837333004333,395.0865959287336,278.72148851667674,285.24959859584857
2025-09-09 13:58:00+02:00,574.1796138325511,573.4193921422142,589.6442467705715,601.5057751322751
2025-09-09 13:59:00+02:00,467.265818025972,483.884587871218,484.19190513874526,490.6554677960928
2025-09-09 14:00:00+02:00,198.4678108071874,202.0076426902852,187.42706380110675,154.35484126984127
2025-09-09 14:01:00+02:00,280.837333004333,285.9142456346197,278.72148851667674,211.41222222222223
2025-09-09 14:02:00+02:00,467.265818025972,483.884587871218,484.19190513874526,487.0947023809524
2025-09-09 14:03:00+02:00,280.837333004333,285.9142456346197,278.72148851667674,233.2561805555556
2025-09-09 14:04:00+02:00,198.4678108071874,202.0076426902852,187.42706380110675,147.36188311688315
2025-09-09 14:05:00+02:00,198.4678108071874,202.0076426902852,187.42706380110675,181.1062355699856
2025-09-09 14:06:00+02:00,280.837333004333,285.9142456346197,278.72148851667674,260.3974305555556
2025-09-09 14:07:00+02:00,198.4678108071874,202.0076426902852,187.42706380110675,150.45402618135378
2025-09-09 14:08:00+02:00,198.4678108071874,202.0076426902852,187.42706380110675,153.1516071428571
2025-09-09 14:09:00+02:00,198.4678108071874,202.0076426902852,187.42706380110675,156.87982585470084
2025-09-09 14:10:00+02:00,198.4678108071874,202.0076426902852,187.42706380110675,166.4276851851852
2025-09-09 14:11:00+02:00,198.4678108071874,202.0076426902852,187.42706380110675,176.45888888888888
2025-09-09 14:12:00+02:00,198.4678108071874,202.0076426902852,278.72148851667674,187.099115497076
2025-09-09 14:13:00+02:00,467.265818025972,483.884587871218,484.19190513874526,522.8681666666666
2025-09-09 14:14:00+02:00,574.1796138325511,573.4193921422142,589.6442467705715,608.937123015873
2025-09-09 14:15:00+02:00,467.265818025972,483.884587871218,484.19190513874526,418.6176388888889
2025-09-09 14:16:00+02:00,198.4678108071874,202.0076426902852,187.42706380110675,162.39111111111112
2025-09-09 14:17:00+02:00,198.4678108071874,202.0076426902852,278.72148851667674,195.66176587301587
2025-09-09 14:18:00+02:00,382.3126886205207,395.0865959287336,399.1734106869087,385.6501388888889
2025-09-09 14:19:00+02:00,574.1796138325511,573.4193921422142,589.6442467705715,567.7485912698413
2025-09-09 14:20:00+02:00,198.4678108071874,202.0076426902852,278.72148851667674,195.85208333333333
2025-09-09 14:21:00+02:00,198.4678108071874,202.0076426902852,187.42706380110675,152.90047619047618
2025-09-09 14:22:00+02:00,280.837333004333,285.9142456346197,278.72148851667674,231.8181349206349
2025-09-09 14:23:00+02:00,574.1796138325511,573.4193921422142,589.6442467705715,583.5178650097466
2025-09-09 14:24:00+02:00,574.1796138325511,573.4193921422142,589.6442467705715,577.1928282828283
2025-09-09 14:25:00+02:00,574.1796138325511,573.4193921422142,589.6442467705715,578.1092872692442
2025-09-09 14:26:00+02:00,574.1796138325511,573.4193921422142,589.6442467705715,570.5295299145299
2025-09-09 14:27:00+02:00,574.1796138325511,573.4193921422142,589.6442467705715,573.9389904420549
2025-09-09 14:28:00+02:00,574.1796138325511,573.4193921422142,589.6442467705715,564.6855342152425
2025-09-09 14:29:00+02:00,467.265818025972,483.884587871218,484.19190513874526,456.1164236111111
2025-09-09 14:30:00+02:00,467.265818025972,483.884587871218,484.19190513874526,460.0280423280423
2025-09-09 14:31:00+02:00,382.3126886205207,395.0865959287336,399.1734106869087,398.8531712962963
2025-09-09 14:32:00+02:00,198.4678108071874,202.0076426902852,187.42706380110675,134.5103638888889
2025-09-09 14:33:00+02:00,198.4678108071874,202.0076426902852,187.42706380110675,136.40952962962962
2025-09-09 14:34:00+02:00,198.4678108071874,202.0076426902852,187.42706380110675,147.94175925925927
2025-09-09 14:35:00+02:00,382.3126886205207,395.0865959287336,399.1734106869087,394.4704166666666
2025-09-09 14:36:00+02:00,198.4678108071874,202.0076426902852,278.72148851667674,171.7226388888889
2025-09-09 14:37:00+02:00,198.4678108071874,285.9142456346197,278.72148851667674,185.32902777777775
2025-09-09 14:38:00+02:00,382.3126886205207,395.0865959287336,399.1734106869087,323.3875
2025-09-09 14:39:00+02:00,574.1796138325511,573.4193921422142,589.6442467705715,571.7707777777778
2025-09-09 14:40:00+02:00,574.1796138325511,573.4193921422142,589.6442467705715,554.1082638888889
2025-09-09 14:41:00+02:00,467.265818025972,483.884587871218,484.19190513874526,505.6191618217054
2025-09-09 14:42:00+02:00,574.1796138325511,573.4193921422142,589.6442467705715,522.225941860465
2025-09-09 14:43:00+02:00,574.1796138325511,573.4193921422142,589.6442467705715,535.5467407407408
2025-09-09 14:44:00+02:00,467.265818025972,483.884587871218,484.19190513874526,491.4129861111112
2025-09-09 14:45:00+02:00,574.1796138325511,573.4193921422142,589.6442467705715,541.4847301587301
2025-09-09 14:46:00+02:00,574.1796138325511,573.4193921422142,589.6442467705715,538.407470103426
2025-09-09 14:47:00+02:00,574.1796138325511,573.4193921422142,589.6442467705715,536.7743277310924
2025-09-09 14:48:00+02:00,574.1796138325511,573.4193921422142,589.6442467705715,538.3715257064365
2025-09-09 14:49:00+02:00,574.1796138325511,573.4193921422142,589.6442467705715,553.598579059829
2025-09-09 14:50:00+02:00,574.1796138325511,573.4193921422142,589.6442467705715,562.5269444444444
2025-09-09 14:51:00+02:00,574.1796138325511,573.4193921422142,589.6442467705715,573.8959561965812
2025-09-09 14:52:00+02:00,574.1796138325511,573.4193921422142,589.6442467705715,577.2538991910867
2025-09-09 14:53:00+02:00,467.265818025972,573.4193921422142,589.6442467705715,521.3534722222222
2025-09-09 14:54:00+02:00,574.1796138325511,573.4193921422142,589.6442467705715,574.7383597883598
2025-09-09 14:55:00+02:00,382.3126886205207,395.0865959287336,399.1734106869087,388.7069444444445
2025-09-09 14:56:00+02:00,198.4678108071874,202.0076426902852,187.42706380110675,180.32140873015877
2025-09-09 14:57:00+02:00,198.4678108071874,202.0076426902852,187.42706380110675,142.91589805366593
2025-09-09 14:58:00+02:00,198.4678108071874,202.0076426902852,187.42706380110675,170.59428898482466
2025-09-09 14:59:00+02:00,280.837333004333,285.9142456346197,278.72148851667674,287.14323412698417
2025-09-09 15:00:00+02:00,198.4678108071874,202.0076426902852,187.42706380110675,172.9932986111111
2025-09-09 15:01:00+02:00,198.4678108071874,202.0076426902852,187.42706380110675,146.1249074074074
2025-09-09 15:02:00+02:00,108.92093652853497,202.0076426902852,187.42706380110675,105.84410995370372
2025-09-09 15:03:00+02:00,198.4678108071874,202.0076426902852,187.42706380110675,111.07756944444444
2025-09-09 15:04:00+02:00,467.265818025972,395.0865959287336,399.1734106869087,433.9282395382396
2025-09-09 15:05:00+02:00,467.265818025972,483.884587871218,484.19190513874526,501.5596001683502
2025-09-09 15:06:00+02:00,467.265818025972,483.884587871218,484.19190513874526,507.9205277777778
2025-09-09 15:07:00+02:00,467.265818025972,483.884587871218,484.19190513874526,510.2960854700855
2025-09-09 15:08:00+02:00,467.265818025972,483.884587871218,484.19190513874526,506.0353514957265
2025-09-09 15:09:00+02:00,382.3126886205207,395.0865959287336,399.1734106869087,394.9339861111111
2025-09-09 15:10:00+02:00,198.4678108071874,202.0076426902852,187.42706380110675,116.70258618233618
2025-09-09 15:11:00+02:00,108.92093652853497,98.05568734806512,121.51342286886204,91.89422435660808
2025-09-09 15:12:00+02:00,108.92093652853497,98.05568734806512,121.51342286886204,92.4315121106284
2025-09-09 15:13:00+02:00,108.92093652853497,98.05568734806512,187.42706380110675,97.46073548922055
2025-09-09 15:14:00+02:00,108.92093652853497,98.05568734806512,187.42706380110675,99.71510131633498
2025-09-09 15:15:00+02:00,198.4678108071874,202.0076426902852,187.42706380110675,117.00389550264548
2025-09-09 15:16:00+02:00,280.837333004333,285.9142456346197,278.72148851667674,290.86354166666666
2025-09-09 15:17:00+02:00,198.4678108071874,202.0076426902852,187.42706380110675,133.91636904761904
2025-09-09 15:18:00+02:00,108.92093652853497,98.05568734806512,187.42706380110675,87.23649547803619
2025-09-09 15:19:00+02:00,198.4678108071874,202.0076426902852,187.42706380110675,168.84697222222223
2025-09-09 15:20:00+02:00,198.4678108071874,285.9142456346197,278.72148851667674,200.57035714285715
2025-09-09 15:21:00+02:00,198.4678108071874,202.0076426902852,187.42706380110675,215.075
2025-09-09 15:22:00+02:00,382.3126886205207,395.0865959287336,399.1734106869087,398.514
2025-09-09 15:23:00+02:00,198.4678108071874,202.0076426902852,187.42706380110675,157.46474867724868
2025-09-09 15:24:00+02:00,280.837333004333,285.9142456346197,278.72148851667674,224.49178331842575
2025-09-09 15:25:00+02:00,198.4678108071874,202.0076426902852,187.42706380110675,105.66347383720928
2025-09-09 15:26:00+02:00,382.3126886205207,395.0865959287336,399.1734106869087,408.38244047619054
2025-09-09 15:27:00+02:00,467.265818025972,395.0865959287336,399.1734106869087,415.7347278528529
2025-09-09 15:28:00+02:00,382.3126886205207,395.0865959287336,399.1734106869087,410.43287443693697
2025-09-09 15:29:00+02:00,382.3126886205207,395.0865959287336,399.1734106869087,406.7806485109718
2025-09-09 15:30:00+02:00,382.3126886205207,395.0865959287336,399.1734106869087,407.4336848484849
2025-09-09 15:31:00+02:00,382.3126886205207,395.0865959287336,399.1734106869087,407.1909035353535
2025-09-09 15:32:00+02:00,382.3126886205207,395.0865959287336,399.1734106869087,404.3233967391304
2025-09-09 15:33:00+02:00,382.3126886205207,395.0865959287336,399.1734106869087,400.70455533596834
2025-09-09 15:34:00+02:00,280.837333004333,285.9142456346197,278.72148851667674,293.3776085858586
2025-09-09 15:35:00+02:00,198.4678108071874,202.0076426902852,187.42706380110675,121.88778935185184
2025-09-09 15:36:00+02:00,382.3126886205207,395.0865959287336,399.1734106869087,377.89945035461
2025-09-09 15:37:00+02:00,382.3126886205207,395.0865959287336,399.1734106869087,397.904121838619
2025-09-09 15:38:00+02:00,382.3126886205207,395.0865959287336,399.1734106869087,395.06221970863817
2025-09-09 15:39:00+02:00,382.3126886205207,395.0865959287336,399.1734106869087,391.6088775510204
2025-09-09 15:40:00+02:00,382.3126886205207,395.0865959287336,399.1734106869087,389.4409680088252
2025-09-09 15:41:00+02:00,382.3126886205207,395.0865959287336,399.1734106869087,387.8197972972973
2025-09-09 15:42:00+02:00,280.837333004333,285.9142456346197,278.72148851667674,242.95861111111117
2025-09-09 15:43:00+02:00,108.92093652853497,98.05568734806512,121.51342286886204,69.94934510091487
2025-09-09 15:44:00+02:00,108.92093652853497,98.05568734806512,121.51342286886204,68.3593243243243
2025-09-09 15:45:00+02:00,108.92093652853497,98.05568734806512,121.51342286886204,68.62629145225843
2025-09-09 15:46:00+02:00,108.92093652853497,98.05568734806512,121.51342286886204,71.83196847507331
2025-09-09 15:47:00+02:00,108.92093652853497,98.05568734806512,121.51342286886204,75.6492811262026
2025-09-09 15:48:00+02:00,108.92093652853497,98.05568734806512,121.51342286886204,80.0508744517544
2025-09-09 15:49:00+02:00,108.92093652853497,98.05568734806512,121.51342286886204,79.31047676282053
2025-09-09 15:50:00+02:00,108.92093652853497,98.05568734806512,121.51342286886204,76.53953703703704
2025-09-09 15:51:00+02:00,108.92093652853497,98.05568734806512,121.51342286886204,78.34257936507937
2025-09-09 15:52:00+02:00,108.92093652853497,98.05568734806512,121.51342286886204,82.3905529953917
2025-09-09 15:53:00+02:00,108.92093652853497,98.05568734806512,121.51342286886204,87.73271519161841
2025-09-09 15:54:00+02:00,108.92093652853497,98.05568734806512,121.51342286886204,93.06307598039216
2025-09-09 15:55:00+02:00,108.92093652853497,202.0076426902852,187.42706380110675,104.45830370370368
2025-09-09 15:56:00+02:00,280.837333004333,285.9142456346197,278.72148851667674,301.8099305555556
2025-09-09 15:57:00+02:00,280.837333004333,285.9142456346197,278.72148851667674,315.6613888888889
2025-09-09 15:58:00+02:00,382.3126886205207,395.0865959287336,399.1734106869087,351.986798245614
2025-09-09 15:59:00+02:00,382.3126886205207,395.0865959287336,399.1734106869087,356.0352083333334
2025-09-09 16:00:00+02:00,382.3126886205207,395.0865959287336,399.1734106869087,355.98310096153847
2025-09-09 16:01:00+02:00,280.837333004333,395.0865959287336,399.1734106869087,357.9182735042735
2025-09-09 16:02:00+02:00,280.837333004333,395.0865959287336,399.1734106869087,353.8862971611722
2025-09-09 16:03:00+02:00,280.837333004333,285.9142456346197,399.1734106869087,350.34455357142855
2025-09-09 16:04:00+02:00,280.837333004333,395.0865959287336,399.1734106869087,336.07701388888887
2025-09-09 16:05:00+02:00,382.3126886205207,395.0865959287336,399.1734106869087,361.57327380952376
2025-09-09 16:06:00+02:00,280.837333004333,285.9142456346197,278.72148851667674,277.2240972222222
2025-09-09 16:07:00+02:00,280.837333004333,395.0865959287336,399.1734106869087,353.90986111111107
2025-09-09 16:08:00+02:00,280.837333004333,285.9142456346197,278.72148851667674,340.3208333333334
2025-09-09 16:09:00+02:00,280.837333004333,285.9142456346197,278.72148851667674,330.6781369047619
2025-09-09 16:10:00+02:00,280.837333004333,285.9142456346197,278.72148851667674,332.86009523809525
2025-09-09 16:11:00+02:00,280.837333004333,285.9142456346197,278.72148851667674,330.3775
2025-09-09 16:12:00+02:00,280.837333004333,285.9142456346197,278.72148851667674,298.6675925925926
2025-09-09 16:13:00+02:00,198.4678108071874,202.0076426902852,187.42706380110675,158.91005376344086
2025-09-09 16:14:00+02:00,108.92093652853497,98.05568734806512,121.51342286886204,93.1948387096774
2025-09-09 16:15:00+02:00,108.92093652853497,98.05568734806512,121.51342286886204,95.07311754352276
2025-09-09 16:16:00+02:00,108.92093652853497,98.05568734806512,121.51342286886204,99.91488095238095
2025-09-09 16:17:00+02:00,108.92093652853497,98.05568734806512,187.42706380110675,104.03580486542442
2025-09-09 16:18:00+02:00,108.92093652853497,98.05568734806512,187.42706380110675,109.68363466183575
2025-09-09 16:19:00+02:00,198.4678108071874,202.0076426902852,187.42706380110675,220.16041666666663
2025-09-09 16:20:00+02:00,108.92093652853497,98.05568734806512,187.42706380110675,119.51314814814816
2025-09-09 16:21:00+02:00,108.92093652853497,98.05568734806512,121.51342286886204,93.01786458333332
2025-09-09 16:22:00+02:00,108.92093652853497,98.05568734806512,121.51342286886204,88.92916666666667
2025-09-09 16:23:00+02:00,108.92093652853497,98.05568734806512,121.51342286886204,81.82575702075702
2025-09-09 16:24:00+02:00,108.92093652853497,98.05568734806512,121.51342286886204,79.65319306589467
2025-09-09 16:25:00+02:00,108.92093652853497,98.05568734806512,121.51342286886204,79.95604938271605
2025-09-09 16:26:00+02:00,108.92093652853497,98.05568734806512,121.51342286886204,86.22079704704704
2025-09-09 16:27:00+02:00,108.92093652853497,98.05568734806512,121.51342286886204,91.82179593692304
2025-09-09 16:28:00+02:00,108.92093652853497,98.05568734806512,121.51342286886204,90.9035101952208
2025-09-09 16:29:00+02:00,108.92093652853497,98.05568734806512,121.51342286886204,87.30859401336822
2025-09-09 16:30:00+02:00,108.92093652853497,98.05568734806512,121.51342286886204,84.13329633204633
2025-09-09 16:31:00+02:00,108.92093652853497,98.05568734806512,121.51342286886204,81.16263095238095
2025-09-09 16:32:00+02:00,108.92093652853497,98.05568734806512,121.51342286886204,76.43938025210083
2025-09-09 16:33:00+02:00,108.92093652853497,98.05568734806512,121.51342286886204,70.43777777777778
2025-09-09 16:34:00+02:00,108.92093652853497,98.05568734806512,121.51342286886204,68.86259615384616
2025-09-09 16:35:00+02:00,108.92093652853497,98.05568734806512,121.51342286886204,96.1589213659148
2025-09-09 16:36:00+02:00,108.92093652853497,98.05568734806512,121.51342286886204,157.12726190476192
2025-09-09 16:37:00+02:00,108.92093652853497,202.0076426902852,121.51342286886204,169.95498346560848
2025-09-09 16:38:00+02:00,108.92093652853497,98.05568734806512,121.51342286886204,128.71013888888888
2025-09-09 16:39:00+02:00,198.4678108071874,202.0076426902852,187.42706380110675,156.43409722222222
2025-09-09 16:40:00+02:00,198.4678108071874,202.0076426902852,187.42706380110675,140.82947222222222
2025-09-09 16:41:00+02:00,198.4678108071874,202.0076426902852,187.42706380110675,180.59455357142855
2025-09-09 16:42:00+02:00,198.4678108071874,202.0076426902852,187.42706380110675,200.103125
2025-09-09 16:43:00+02:00,198.4678108071874,202.0076426902852,187.42706380110675,216.30130892255892
2025-09-09 16:44:00+02:00,198.4678108071874,202.0076426902852,187.42706380110675,219.03845880681817
2025-09-09 16:45:00+02:00,198.4678108071874,202.0076426902852,187.42706380110675,217.28096966911767
2025-09-09 16:46:00+02:00,198.4678108071874,202.0076426902852,121.51342286886204,214.33865527292
2025-09-09 16:47:00+02:00,198.4678108071874,202.0076426902852,121.51342286886204,211.71205524205524
2025-09-09 16:48:00+02:00,108.92093652853497,202.0076426902852,121.51342286886204,208.6705183150183
2025-09-09 16:49:00+02:00,108.92093652853497,202.0076426902852,121.51342286886204,203.9744184981685
2025-09-09 16:50:00+02:00,198.4678108071874,202.0076426902852,121.51342286886204,199.14655172413796
2025-09-09 16:51:00+02:00,198.4678108071874,202.0076426902852,187.42706380110675,197.61722870182555
2025-09-09 16:52:00+02:00,198.4678108071874,202.0076426902852,187.42706380110675,196.7957720588236
2025-09-09 16:53:00+02:00,198.4678108071874,202.0076426902852,187.42706380110675,195.91457390648569
2025-09-09 16:54:00+02:00,198.4678108071874,202.0076426902852,121.51342286886204,194.0910201802211
2025-09-09 16:55:00+02:00,198.4678108071874,202.0076426902852,121.51342286886204,192.06922535211268
2025-09-09 16:56:00+02:00,108.92093652853497,202.0076426902852,121.51342286886204,190.0775019033118
2025-09-09 16:57:00+02:00,108.92093652853497,202.0076426902852,121.51342286886204,187.38700044208665
2025-09-09 16:58:00+02:00,108.92093652853497,202.0076426902852,121.51342286886204,184.04606612685564
2025-09-09 16:59:00+02:00,108.92093652853497,98.05568734806512,121.51342286886204,180.93919250104736
2025-09-09 17:00:00+02:00,108.92093652853497,98.05568734806512,121.51342286886204,176.626121031746
2025-09-09 17:01:00+02:00,108.92093652853497,98.05568734806512,121.51342286886204,164.37774206349206
2025-09-09 17:02:00+02:00,108.92093652853497,98.05568734806512,28.0415188963436,131.5582242063492
2025-09-09 17:03:00+02:00,108.92093652853497,98.05568734806512,28.0415188963436,90.09787698412698
2025-09-09 17:04:00+02:00,108.92093652853497,98.05568734806512,28.0415188963436,57.40154761904762
2025-09-09 17:05:00+02:00,108.92093652853497,98.05568734806512,28.0415188963436,48.40489423076924
2025-09-09 17:06:00+02:00,108.92093652853497,98.05568734806512,28.0415188963436,48.22374038461542
2025-09-09 17:07:00+02:00,108.92093652853497,98.05568734806512,28.0415188963436,48.0425865384616
2025-09-09 17:08:00+02:00,108.92093652853497,98.05568734806512,28.0415188963436,47.86143269230777
2025-09-09 17:09:00+02:00,108.92093652853497,98.05568734806512,28.0415188963436,47.68027884615392
2025-09-09 17:10:00+02:00,108.92093652853497,98.05568734806512,28.0415188963436,47.49912500000005
2025-09-09 17:11:00+02:00,108.92093652853497,98.05568734806512,28.0415188963436,47.317971153846194
2025-09-09 17:12:00+02:00,108.92093652853497,98.05568734806512,28.0415188963436,47.136817307692326
2025-09-09 17:13:00+02:00,108.92093652853497,98.05568734806512,28.0415188963436,46.94909837822536
2025-09-09 17:14:00+02:00,108.92093652853497,98.05568734806512,28.0415188963436,46.686309148265
2025-09-09 17:15:00+02:00,108.92093652853497,98.05568734806512,28.0415188963436,46.40239747634072
2025-09-09 17:16:00+02:00,108.92093652853497,98.05568734806512,28.0415188963436,46.11848580441645
2025-09-09 17:17:00+02:00,25.653784775069383,98.05568734806512,28.0415188963436,45.83457413249215
2025-09-09 17:18:00+02:00,25.653784775069383,98.05568734806512,28.0415188963436,45.54822065142606
2025-09-09 17:19:00+02:00,25.653784775069383,98.05568734806512,28.0415188963436,44.76129629629631
2025-09-09 17:20:00+02:00,25.653784775069383,98.05568734806512,28.0415188963436,43.75729454306377
2025-09-09 17:21:00+02:00,25.653784775069383,98.05568734806512,28.0415188963436,43.17718934911241
2025-09-09 17:22:00+02:00,25.653784775069383,98.05568734806512,28.0415188963436,42.61979289940827
2025-09-09 17:23:00+02:00,25.653784775069383,98.05568734806512,28.0415188963436,41.97640785106076
2025-09-09 17:24:00+02:00,25.653784775069383,98.05568734806512,28.0415188963436,41.211422764227656
2025-09-09 17:25:00+02:00,25.653784775069383,98.05568734806512,28.0415188963436,40.63644305220525
2025-09-09 17:26:00+02:00,25.653784775069383,98.05568734806512,28.0415188963436,40.38414835164837
2025-09-09 17:27:00+02:00,25.653784775069383,24.36748057168172,28.0415188963436,40.13689560439564
2025-09-09 17:28:00+02:00,25.653784775069383,24.36748057168172,28.0415188963436,39.88964285714291
2025-09-09 17:29:00+02:00,25.653784775069383,24.36748057168172,28.0415188963436,39.64239010989015
2025-09-09 17:30:00+02:00,25.653784775069383,24.36748057168172,28.0415188963436,39.39513736263738
2025-09-09 17:31:00+02:00,25.653784775069383,24.36748057168172,28.0415188963436,39.13873350113574
2025-09-09 17:32:00+02:00,25.653784775069383,24.36748057168172,28.0415188963436,38.86280726256985
2025-09-09 17:33:00+02:00,25.653784775069383,24.36748057168172,28.0415188963436,38.58627094972071
2025-09-09 17:34:00+02:00,25.653784775069383,24.36748057168172,28.0415188963436,38.30973463687156
2025-09-09 17:35:00+02:00,25.653784775069383,24.36748057168172,28.0415188963436,38.03319832402239
2025-09-09 17:36:00+02:00,25.653784775069383,24.36748057168172,28.0415188963436,37.7566620111732
2025-09-09 17:37:00+02:00,25.653784775069383,24.36748057168172,28.0415188963436,37.336786588730256
2025-09-09 17:38:00+02:00,25.653784775069383,24.36748057168172,28.0415188963436,36.64544444444443
2025-09-09 17:39:00+02:00,25.653784775069383,24.36748057168172,28.0415188963436,36.002176769868825
2025-09-09 17:40:00+02:00,25.653784775069383,24.36748057168172,28.0415188963436,35.60443359374998
2025-09-09 17:41:00+02:00,25.653784775069383,24.36748057168172,28.0415188963436,35.236464843749964
2025-09-09 17:42:00+02:00,25.653784775069383,24.36748057168172,28.0415188963436,34.86849609374997
2025-09-09 17:43:00+02:00,25.653784775069383,24.36748057168172,28.0415188963436,34.50544030272482
2025-09-09 17:44:00+02:00,25.653784775069383,24.36748057168172,28.0415188963436,34.21665689149558
2025-09-09 17:45:00+02:00,25.653784775069383,24.36748057168172,28.0415188963436,33.95272727272724
2025-09-09 17:46:00+02:00,25.653784775069383,24.36748057168172,28.0415188963436,33.68879765395889
2025-09-09 17:47:00+02:00,25.653784775069383,24.36748057168172,28.0415188963436,33.42486803519056
2025-09-09 17:48:00+02:00,25.653784775069383,24.36748057168172,28.0415188963436,33.16093841642226
2025-09-09 17:49:00+02:00,25.653784775069383,24.36748057168172,28.0415188963436,32.89584516016996
2025-09-09 17:50:00+02:00,25.653784775069383,24.36748057168172,28.0415188963436,32.62634670487106
2025-09-09 17:51:00+02:00,25.653784775069383,24.36748057168172,28.0415188963436,32.35643266475645
2025-09-09 17:52:00+02:00,25.653784775069383,24.36748057168172,28.0415188963436,32.08651862464183
2025-09-09 17:53:00+02:00,25.653784775069383,24.36748057168172,28.0415188963436,31.816604584527223
2025-09-09 17:54:00+02:00,25.653784775069383,24.36748057168172,28.0415188963436,31.54669054441261
2025-09-09 17:55:00+02:00,25.653784775069383,24.36748057168172,28.0415188963436,31.190181213098032
2025-09-09 17:56:00+02:00,25.653784775069383,24.36748057168172,28.0415188963436,30.659744318181826
2025-09-09 17:57:00+02:00,25.653784775069383,24.36748057168172,28.0415188963436,30.12451704545455
2025-09-09 17:58:00+02:00,25.653784775069383,24.36748057168172,28.0415188963436,29.54462265316205
2025-09-09 17:59:00+02:00,25.653784775069383,24.36748057168172,28.0415188963436,28.89326086956521
2025-09-09 18:00:00+02:00,25.653784775069383,24.36748057168172,28.0415188963436,28.308750093381143
2025-09-09 18:01:00+02:00,25.653784775069383,24.36748057168172,28.0415188963436,28.02900773195877
2025-09-09 18:02:00+02:00,25.653784775069383,24.36748057168172,28.0415188963436,27.786224226804126
2025-09-09 18:03:00+02:00,25.653784775069383,24.36748057168172,28.0415188963436,27.54344072164949
2025-09-09 18:04:00+02:00,25.653784775069383,24.36748057168172,28.0415188963436,27.30065721649485
2025-09-09 18:05:00+02:00,25.653784775069383,24.36748057168172,28.0415188963436,27.057873711340207
2025-09-09 18:06:00+02:00,25.653784775069383,24.36748057168172,28.0415188963436,26.81337151877385
2025-09-09 18:07:00+02:00,25.653784775069383,24.36748057168172,28.0415188963436,26.38411042944785
2025-09-09 18:08:00+02:00,25.653784775069383,24.36748057168172,28.0415188963436,25.831963190184045
2025-09-09 18:09:00+02:00,25.653784775069383,24.36748057168172,28.0415188963436,25.29124244052925
2025-09-09 18:10:00+02:00,25.653784775069383,24.36748057168172,28.0415188963436,24.86104700854702
2025-09-09 18:11:00+02:00,25.653784775069383,24.36748057168172,28.0415188963436,24.45848290598291
2025-09-09 18:12:00+02:00,25.653784775069383,24.36748057168172,28.0415188963436,24.055918803418805
2025-09-09 18:13:00+02:00,25.653784775069383,24.36748057168172,28.0415188963436,23.63557328224228
2025-09-09 18:14:00+02:00,25.653784775069383,24.36748057168172,28.0415188963436,23.104860335195536
2025-09-09 18:15:00+02:00,25.653784775069383,24.36748057168172,28.0415188963436,22.55513966480448
2025-09-09 18:16:00+02:00,25.653784775069383,24.36748057168172,28.0415188963436,22.01915857115337
2025-09-09 18:17:00+02:00,25.653784775069383,24.36748057168172,27.527586966202907,21.56295566502462
2025-09-09 18:18:00+02:00,25.653784775069383,24.36748057168172,25.91630658496988,21.11960591133004
2025-09-09 18:19:00+02:00,24.353521491535485,24.353521491535485,24.353521491535485,20.677512817935053
2025-09-09 18:20:00+02:00,22.839816024226963,22.839816024226963,22.839816024226963,20.34600583090378
2025-09-09 18:21:00+02:00,21.37573824509609,21.37573824509609,21.37573824509609,20.083615160349847
2025-09-09 18:22:00+02:00,19.961795649760237,19.961795649760237,19.961795649760237,19.821224489795917
2025-09-09 18:23:00+02:00,18.59845064515095,18.59845064515095,18.59845064515095,19.55883381924198
2025-09-09 18:24:00+02:00,17.286115741534868,17.286115741534868,17.286115741534868,19.296443148688045
2025-09-09 18:25:00+02:00,16.02514767527406,16.02514767527406,16.02514767527406,19.01401892600616
2025-09-09 18:26:00+02:00,14.81584545902211,14.81584545902211,14.81584545902211,18.553296089385483
2025-09-09 18:27:00+02:00,13.63859368472538,13.63859368472538,13.63859368472538,18.0505027932961
2025-09-09 18:28:00+02:00,12.503138809041662,12.503138809041662,12.503138809041662,17.567790538817952
2025-09-09 18:29:00+02:00,11.427319250342414,11.427319250342414,11.427319250342414,17.250669642857133
2025-09-09 18:30:00+02:00,10.41045549424612,10.41045549424612,10.41045549424612,16.970312499999977
2025-09-09 18:31:00+02:00,9.451769072566414,9.451769072566414,9.451769072566414,16.689955357142832
2025-09-09 18:32:00+02:00,8.550380260656038,8.550380260656038,8.550380260656038,16.409598214285698
2025-09-09 18:33:00+02:00,7.705306211505627,7.705306211505627,7.705306211505627,16.129241071428563
2025-09-09 18:34:00+02:00,6.915459533182334,6.915459533182334,6.915459533182334,15.60000218837535
2025-09-09 18:35:00+02:00,6.179647374755016,6.179647374755016,6.179647374755016,14.600955452356382
2025-09-09 18:36:00+02:00,5.496570605271151,5.496570605271151,5.496570605271151,13.726578947368422
2025-09-09 18:37:00+02:00,4.864825788668935,4.864825788668935,4.864825788668935,12.9428242481203
2025-09-09 18:38:00+02:00,4.282903221230917,4.282903221230917,4.282903221230917,12.31348214285714
2025-09-09 18:39:00+02:00,3.749190191167135,3.749190191167135,3.749190191167135,11.752767857142857
2025-09-09 18:40:00+02:00,3.2619725555328025,3.2619725555328025,3.2619725555328025,11.21497274249005
2025-09-09 18:41:00+02:00,2.8194374850111688,2.8194374850111688,2.8194374850111688,10.866172638436488
2025-09-09 18:42:00+02:00,2.446507182363748,2.446507182363748,2.446507182363748,10.559332247557004
2025-09-09 18:43:00+02:00,2.2968514572265804,2.2968514572265804,2.2968514572265804,10.252491856677524
2025-09-09 18:44:00+02:00,1.9731386423299724,1.9731386423299724,1.9731386423299724,9.945651465798043
2025-09-09 18:45:00+02:00,1.6785127593742133,1.6785127593742133,1.6785127593742133,9.642884093376765
2025-09-09 18:46:00+02:00,1.4127497034223468,1.4127497034223468,1.4127497034223468,9.401691176470594
2025-09-09 18:47:00+02:00,1.1742269163317356,1.1742269163317356,1.1742269163317356,9.18110294117648
2025-09-09 18:48:00+02:00,0.9628645681081044,0.9628645681081044,0.9628645681081044,8.96051470588236
2025-09-09 18:49:00+02:00,0.7787788518986166,0.7787788518986166,0.7787788518986166,8.739926470588241
2025-09-09 18:50:00+02:00,0.6204635349941693,0.6204635349941693,0.6204635349941693,8.519338235294121
2025-09-09 18:51:00+02:00,0.4861862514003021,0.4861862514003021,0.4861862514003021,8.298750000000002
2025-09-09 18:52:00+02:00,0.3740196240814688,0.3740196240814688,0.3740196240814688,8.03422881652661
2025-09-09 18:53:00+02:00,0.281881713946544,0.281881713946544,0.281881713946544,7.514613095238094
2025-09-09 18:54:00+02:00,0.2075847651552419,0.2075847651552419,0.2075847651552419,6.9538988095238095
2025-09-09 18:55:00+02:00,0.1488903930608248,0.1488903930608248,0.1488903930608248,6.370319616977226
2025-09-09 18:56:00+02:00,0.1035685271476486,0.1035685271476486,0.1035685271476486,5.721956521739131
2025-09-09 18:57:00+02:00,0.0694567138551907,0.0694567138551907,0.0694567138551907,5.0931027667984194
2025-09-09 18:58:00+02:00,0.044515932030884,0.044515932030884,0.044515932030884,4.671798418972333
2025-09-09 18:59:00+02:00,0.0268789935998807,0.0268789935998807,0.0268789935998807,4.299466403162056
2025-09-09 19:00:00+02:00,0.0002111816868518,0.0002111816868518,0.0002111816868518,3.92713438735178
2025-09-09 19:01:00+02:00,0.0001007833867604,0.0001007833867604,0.0001007833867604,3.5577454033084472
2025-09-09 19:02:00+02:00,3.376863710739335e-05,3.376863710739335e-05,3.376863710739335e-05,3.2952111111111098
2025-09-09 19:03:00+02:00,0.0,0.0,0.0,3.085877777777775
2025-09-09 19:04:00+02:00,0.0,0.0,0.0,2.876544444444441
2025-09-09 19:05:00+02:00,0.0,0.0,0.0,2.667211111111108
2025-09-09 19:06:00+02:00,0.0,0.0,0.0,2.4578777777777754
2025-09-09 19:07:00+02:00,0.0,0.0,0.0,2.248544444444443
2025-09-09 19:08:00+02:00,0.0,0.0,0.0,2.0392111111111104
2025-09-09 19:09:00+02:00,0.0,0.0,0.0,1.839242463067983
2025-09-09 19:10:00+02:00,0.0,0.0,0.0,1.6672589792060488
2025-09-09 19:11:00+02:00,0.0,0.0,0.0,1.4971266540642716
2025-09-09 19:12:00+02:00,0.0,0.0,0.0,1.3269943289224944
2025-09-09 19:13:00+02:00,0.0,0.0,0.0,1.1568620037807171
2025-09-09 19:14:00+02:00,0.0,0.0,0.0,0.98672967863894
2025-09-09 19:15:00+02:00,0.0,0.0,0.0,0.8165973534971634
2025-09-09 19:16:00+02:00,0.0,0.0,0.0,0.6464650283553869
2025-09-09 19:17:00+02:00,0.0,0.0,0.0,0.4763327032136104
2025-09-09 19:18:00+02:00,0.0,0.0,0.0,0.3566374493229185
2025-09-09 19:19:00+02:00,0.0,0.0,0.0,0.3176415094339623
2025-09-09 19:20:00+02:00,0.0,0.0,0.0,0.2795626072041168
2025-09-09 19:21:00+02:00,0.0,0.0,0.0,0.2414837049742712
2025-09-09 19:22:00+02:00,0.0,0.0,0.0,0.2034048027444256
2025-09-09 19:23:00+02:00,0.0,0.0,0.0,0.1653259005145801
2025-09-09 19:24:00+02:00,0.0,0.0,0.0,0.1272469982847344
2025-09-09 19:25:00+02:00,0.0,0.0,0.0,0.0891680960548887
2025-09-09 19:26:00+02:00,0.0,0.0,0.0,0.0510891938250429
2025-09-09 19:27:00+02:00,0.0,0.0,0.0,0.0140847887550863
2025-09-09 19:28:00+02:00,0.0,0.0,0.0,0.0168213058419243
2025-09-09 19:29:00+02:00,0.0,0.0,0.0,0.0395017182130583
2025-09-09 19:30:00+02:00,0.0,0.0,0.0,0.0621821305841923
2025-09-09 19:31:00+02:00,0.0,0.0,0.0,0.0848625429553264
2025-09-09 19:32:00+02:00,0.0,0.0,0.0,0.1075429553264604
2025-09-09 19:33:00+02:00,0.0,0.0,0.0,0.1302233676975944
2025-09-09 19:34:00+02:00,0.0,0.0,0.0,0.1529037800687284
2025-09-09 19:35:00+02:00,0.0,0.0,0.0,0.1755841924398623
2025-09-09 19:36:00+02:00,0.0,0.0,0.0,0.1982646048109964
2025-09-09 19:37:00+02:00,0.0,0.0,0.0,0.2977430908474904
2025-09-09 19:38:00+02:00,0.0,0.0,0.0,0.7921830985915493
2025-09-09 19:39:00+02:00,0.0,0.0,0.0,1.341478873239437
2025-09-09 19:40:00+02:00,0.0,0.0,0.0,1.8907746478873244
2025-09-09 19:41:00+02:00,0.0,0.0,0.0,0.7222727272727272
2025-09-09 19:42:00+02:00,0.0,0.0,0.0,1.3064393939393937
2025-09-09 19:43:00+02:00,0.0,0.0,0.0,0.167419540229885
2025-09-09 19:44:00+02:00,0.0,0.0,0.0,0.1383448275862069
2025-09-09 19:45:00+02:00,0.0,0.0,0.0,0.1300689655172414
2025-09-09 19:46:00+02:00,0.0,0.0,0.0,0.121793103448276
2025-09-09 19:47:00+02:00,0.0,0.0,0.0,0.1135172413793105
2025-09-09 19:48:00+02:00,0.0,0.0,0.0,0.105241379310345
2025-09-09 19:49:00+02:00,0.0,0.0,0.0,0.0969655172413794
2025-09-09 19:50:00+02:00,0.0,0.0,0.0,0.0886896551724138
2025-09-09 19:51:00+02:00,0.0,0.0,0.0,0.0804137931034483
2025-09-09 19:52:00+02:00,0.0,0.0,0.0,0.0727931034482758
2025-09-09 19:53:00+02:00,0.0,0.0,0.0,0.0768275862068964
2025-09-09 19:54:00+02:00,0.0,0.0,0.0,0.0851034482758619
2025-09-09 19:55:00+02:00,0.0,0.0,0.0,0.0933793103448274
2025-09-09 19:56:00+02:00,0.0,0.0,0.0,0.1016551724137929
2025-09-09 19:57:00+02:00,0.0,0.0,0.0,0.1099310344827584
2025-09-09 19:58:00+02:00,0.0,0.0,0.0,0.118206896551724
2025-09-09 19:59:00+02:00,0.0,0.0,0.0,0.1264827586206895
2025-09-09 20:00:00+02:00,0.0,0.0,0.0,0.134758620689655
