time,irr_1_MAX_VALUE,irr_2_MAX_VALUE,irr_3_MAX_VALUE,irr_dav_1_MAX_VALUE
2025-09-04 05:00:00+02:00,0.0,0.0,0.0,9.231776773950688
2025-09-04 05:01:00+02:00,0.0,0.0,0.0,4.704665404040404
2025-09-04 05:02:00+02:00,0.0,0.0,0.0,12.008492063492064
2025-09-04 05:03:00+02:00,0.0,0.0,0.0,10.161666666666664
2025-09-04 05:04:00+02:00,0.0,0.0,0.0,11.244766009852215
2025-09-04 05:05:00+02:00,0.0,0.0,0.0,11.05645061728395
2025-09-04 05:06:00+02:00,0.0,0.0,0.0,4.391586538461538
2025-09-04 05:07:00+02:00,0.0,0.0,0.0,9.839023795300676
2025-09-04 05:08:00+02:00,0.0,0.0,0.0,7.593682795698925
2025-09-04 05:09:00+02:00,0.0,0.0,0.0,9.28898148148148
2025-09-04 05:10:00+02:00,0.0,0.0,0.0,7.300175653594771
2025-09-04 05:11:00+02:00,0.0,0.0,0.0,11.944659786721706
2025-09-04 05:12:00+02:00,0.0,0.0,0.0,9.340016291951777
2025-09-04 05:13:00+02:00,0.0,0.0,0.0,11.361290322580643
2025-09-04 05:14:00+02:00,0.0,0.0,0.0,5.33653634085213
2025-09-04 05:15:00+02:00,0.0,0.0,0.0,11.338849206349204
2025-09-04 05:16:00+02:00,0.0,0.0,0.0,12.653005291005291
2025-09-04 05:17:00+02:00,0.0,0.0,0.0,8.136484848484848
2025-09-04 05:18:00+02:00,0.0,0.0,0.0,6.38236111111111
2025-09-04 05:19:00+02:00,0.0,0.0,0.0,8.925095238095237
2025-09-04 05:20:00+02:00,0.0,0.0,0.0,9.34657738095238
2025-09-04 05:21:00+02:00,0.0,0.0,0.0,7.56988492063492
2025-09-04 05:22:00+02:00,0.0,0.0,0.0,10.677013888888888
2025-09-04 05:23:00+02:00,0.0,0.0,0.0,10.81254072681704
2025-09-04 05:24:00+02:00,0.0,0.0,0.0,7.523323412698413
2025-09-04 05:25:00+02:00,0.0,0.0,0.0,10.505537878787878
2025-09-04 05:26:00+02:00,0.0,0.0,0.0,8.387188552188553
2025-09-04 05:27:00+02:00,0.0,0.0,0.0,11.797598484848486
2025-09-04 05:28:00+02:00,0.0,0.0,0.0,7.931528846153846
2025-09-04 05:29:00+02:00,0.0,0.0,0.0,10.518148148148148
2025-09-04 05:30:00+02:00,0.0,0.0,0.0,8.008584656084656
2025-09-04 05:31:00+02:00,0.0,0.0,0.0,9.303257936507936
2025-09-04 05:32:00+02:00,0.0,0.0,0.0,10.637055555555555
2025-09-04 05:33:00+02:00,0.0,0.0,0.0,11.725776515151514
2025-09-04 05:34:00+02:00,0.0,0.0,0.0,10.318263888888888
2025-09-04 05:35:00+02:00,0.0,0.0,0.0,12.284913793103447
2025-09-04 05:36:00+02:00,0.0,0.0,0.0,10.35546783625731
2025-09-04 05:37:00+02:00,0.0,0.0,0.0,11.65573611111111
2025-09-04 05:38:00+02:00,0.0,0.0,0.0,10.483391934293095
2025-09-04 05:39:00+02:00,0.0,0.0,0.0,12.299836563307494
2025-09-04 05:40:00+02:00,0.0,0.0,0.0,10.46062962962963
2025-09-04 05:41:00+02:00,0.0,0.0,0.0,11.814533730158727
2025-09-04 05:42:00+02:00,0.0,0.0,0.0,12.376398809523808
2025-09-04 05:43:00+02:00,0.0,0.0,0.0,11.939322916666669
2025-09-04 05:44:00+02:00,0.0,0.0,0.0,10.552448653198653
2025-09-04 05:45:00+02:00,0.0,0.0,0.0,11.510642091648188
2025-09-04 05:46:00+02:00,0.0,0.0,0.0,9.062761130468449
2025-09-04 05:47:00+02:00,0.0,0.0,0.0,12.68114620467252
2025-09-04 05:48:00+02:00,0.0,0.0,0.0,11.55127435897436
2025-09-04 05:49:00+02:00,0.0,0.0,0.0,13.434580200501252
2025-09-04 05:50:00+02:00,0.0,0.0,0.0,13.403912927350428
2025-09-04 05:51:00+02:00,0.0,0.0,0.0,12.440531844316672
2025-09-04 05:52:00+02:00,0.0,0.0,0.0,13.221550925925923
2025-09-04 05:53:00+02:00,0.0,0.0,0.0,14.277727185649598
2025-09-04 05:54:00+02:00,0.0,0.0,0.0,14.287992212036327
2025-09-04 05:55:00+02:00,2.425989052240638e-05,2.425989052240638e-05,2.425989052240638e-05,14.444393939393938
2025-09-04 05:56:00+02:00,8.270427414803743e-05,8.270427414803743e-05,8.270427414803743e-05,9.922928030303032
2025-09-04 05:57:00+02:00,0.0001799058263866,0.0001799058263866,0.0001799058263866,13.079947811447813
2025-09-04 05:58:00+02:00,0.0003314827397108,0.0003314827397108,0.0003314827397108,13.715840982286636
2025-09-04 05:59:00+02:00,0.0390798954177387,0.0390798954177387,0.0390798954177387,12.920304347826084
2025-09-04 06:00:00+02:00,0.0614659050052928,0.0614659050052928,0.0614659050052928,16.869637992241252
2025-09-04 06:01:00+02:00,0.0922326472470981,0.0922326472470981,0.0922326472470981,10.757930790960453
2025-09-04 06:02:00+02:00,0.1332982486589253,0.1332982486589253,0.1332982486589253,14.392423903998598
2025-09-04 06:03:00+02:00,0.1867148083438085,0.1867148083438085,0.1867148083438085,18.444014355742297
2025-09-04 06:04:00+02:00,0.2546183274527149,0.2546183274527149,0.2546183274527149,20.63370098039216
2025-09-04 06:05:00+02:00,0.3391738478174514,0.3391738478174514,0.3391738478174514,17.493537763638503
2025-09-04 06:06:00+02:00,0.442519753149531,0.442519753149531,0.442519753149531,17.217755758807588
2025-09-04 06:07:00+02:00,0.5667143582142085,0.5667143582142085,0.5667143582142085,22.838871212121216
2025-09-04 06:08:00+02:00,0.713687521423987,0.713687521423987,0.713687521423987,22.584483327181
2025-09-04 06:09:00+02:00,0.8851992875461575,0.8851992875461575,0.8851992875461575,25.3485443583118
2025-09-04 06:10:00+02:00,1.082806807172631,1.082806807172631,1.082806807172631,22.00681917211329
2025-09-04 06:11:00+02:00,1.3076245914136129,1.3076245914136129,1.3076245914136129,23.99084656084656
2025-09-04 06:12:00+02:00,1.4925166201345386,1.558062361961405,1.558062361961405,24.375820105820107
2025-09-04 06:13:00+02:00,1.4925166201345386,1.8365788018794715,1.8365788018794715,21.78684135472371
2025-09-04 06:14:00+02:00,1.4925166201345386,1.9027255804152372,2.070857934525306,21.73517948717949
2025-09-04 06:15:00+02:00,1.4925166201345386,1.9027255804152372,2.2197867373969244,22.16380687830688
2025-09-04 06:16:00+02:00,1.4925166201345386,1.9027255804152372,2.368715540268543,23.417677248677247
2025-09-04 06:17:00+02:00,1.4925166201345386,1.9027255804152372,2.534593859276501,20.43798397435897
2025-09-04 06:18:00+02:00,1.4925166201345386,1.9042306156780928,3.1581091139656783,23.160625
2025-09-04 06:19:00+02:00,1.508462334354313,2.038178754072164,3.793785373405013,26.56576388888889
2025-09-04 06:20:00+02:00,1.6307128100392507,2.264259105088944,4.150896881298912,27.236764705882354
2025-09-04 06:21:00+02:00,1.7838254405106904,2.507614038283402,4.2998256841705285,25.868849206349207
2025-09-04 06:22:00+02:00,1.9374274482535685,2.75096897147786,4.448754487042148,31.366136363636368
2025-09-04 06:23:00+02:00,2.091029455996447,2.994323904672318,4.5976832899137685,28.45547288359789
2025-09-04 06:24:00+02:00,2.244631463739325,3.23880796941418,4.746612092785388,32.10469642857143
2025-09-04 06:25:00+02:00,2.398233471482205,3.485237049845397,4.895540895657008,27.109113425925926
2025-09-04 06:26:00+02:00,2.551835479225084,3.7316661302766128,5.044469698528627,29.218697916666667
2025-09-04 06:27:00+02:00,2.6960718473076364,3.905418105543012,5.193398501400247,29.69968055555556
2025-09-04 06:28:00+02:00,2.7728756098358245,4.008875831551638,5.342327304271867,34.373114035087724
2025-09-04 06:29:00+02:00,2.8365674768395546,4.112333557560263,5.586352496048941,31.949490740740742
2025-09-04 06:30:00+02:00,2.900259343843284,4.2157912835688895,6.056403887543325,35.30596338383838
2025-09-04 06:31:00+02:00,2.9639512108470134,4.319249009577512,6.536102738781744,35.67612381989833
2025-09-04 06:32:00+02:00,3.0276430778507426,4.422706735586138,6.924980809234925,37.44074377828054
2025-09-04 06:33:00+02:00,3.091334944854472,4.526164461594759,7.085430855288855,39.26883333333333
2025-09-04 06:34:00+02:00,3.155026811858197,4.6296221876033785,7.234872321853661,37.98869444444444
2025-09-04 06:35:00+02:00,3.2187186788619235,4.733079913611999,7.38431378841847,34.92974740537241
2025-09-04 06:36:00+02:00,3.28241054586565,4.84376139245935,7.533755254983277,38.82118055555556
2025-09-04 06:37:00+02:00,3.3723753080084147,5.044223799445248,7.683196721548086,41.22595833333333
2025-09-04 06:38:00+02:00,3.5183889131144617,5.271517288403585,7.832638188112894,44.73447222222222
2025-09-04 06:39:00+02:00,3.666154044563111,5.498810777361924,7.982079654677704,41.0886037037037
2025-09-04 06:40:00+02:00,3.81391917601176,5.726104266320263,8.131521121242512,44.44565347222223
2025-09-04 06:41:00+02:00,3.945336728262786,5.944845799458489,8.281063446995468,48.101628472222224
2025-09-04 06:42:00+02:00,4.014867016408523,6.152863877022902,8.470949448007467,43.57473475355054
2025-09-04 06:43:00+02:00,4.078558883412253,6.36085514594838,8.693009530038557,47.41945370370371
2025-09-04 06:44:00+02:00,4.142250750415983,6.56884641487386,8.915069612069644,42.87685854076479
2025-09-04 06:45:00+02:00,4.205942617419712,6.776837683799338,9.137129694100729,44.08283333333333
2025-09-04 06:46:00+02:00,4.269634484423442,6.984828952724817,9.359189776131812,44.37138480392158
2025-09-04 06:47:00+02:00,4.33332635142717,7.1928202216502966,9.581249858162892,43.36953533496732
2025-09-04 06:48:00+02:00,4.397018218430896,7.400811490575782,9.898825682549097,49.94092592592593
2025-09-04 06:49:00+02:00,4.460710085434623,7.608802759501266,10.707625324761636,51.033920138888895
2025-09-04 06:50:00+02:00,4.524401952438348,7.837018247870983,11.584650497227836,52.98494738247863
2025-09-04 06:51:00+02:00,5.028702140241446,8.34092178024364,12.408962802557266,55.59309821428571
2025-09-04 06:52:00+02:00,5.375872392414467,8.9321087860072,11.259237615527356,55.730879629629634
2025-09-04 06:53:00+02:00,5.5788464740747,9.523295791770762,11.66805073849347,59.304479166666674
2025-09-04 06:54:00+02:00,5.781820555734932,10.077857176008472,13.279966194139153,64.99244212962962
2025-09-04 06:55:00+02:00,5.984794637395162,10.586017998131972,13.98300661579222,58.51839583333334
2025-09-04 06:56:00+02:00,6.187768719055395,11.09405379737946,14.686047037445276,62.987678571428575
2025-09-04 06:57:00+02:00,6.3956590089943255,11.60208959662694,15.360619361737676,66.3285909090909
2025-09-04 06:58:00+02:00,6.644089108739102,10.889563960449443,14.863545844976608,69.15118650793652
2025-09-04 06:59:00+02:00,6.901519651332564,11.156961221666618,13.743216914987526,71.4708134920635
2025-09-04 07:00:00+02:00,7.158950193926035,10.921289645667642,14.03056053869769,68.10162698412698
2025-09-04 07:01:00+02:00,7.4163807365195,12.54735163029216,16.873913869345902,71.53193347953216
2025-09-04 07:02:00+02:00,7.797487696765914,13.762013908866347,18.820882808283155,83.49599206349207
2025-09-04 07:03:00+02:00,8.579726487275781,15.281066013565784,20.726332823205137,90.55029970760232
2025-09-04 07:04:00+02:00,7.859147518148713,12.845739560293724,18.972369484738262,79.94534722222222
2025-09-04 07:05:00+02:00,8.045169505211023,12.701789165972071,19.547738123210777,78.80426587301588
2025-09-04 07:06:00+02:00,8.360906965571386,13.48033897418921,20.398968437663264,81.63570512820513
2025-09-04 07:07:00+02:00,8.676644425931748,14.55740614900986,21.120094687258224,92.59597222222222
2025-09-04 07:08:00+02:00,8.32165601387797,15.08055444459812,19.805911658504996,91.76939814814814
2025-09-04 07:09:00+02:00,8.453317937025837,15.095990584988526,20.955431975659693,86.55398214285714
2025-09-04 07:10:00+02:00,9.218641470446029,16.930829674492525,23.72303455547259,104.13118055555556
2025-09-04 07:11:00+02:00,9.750170720261314,17.05514635350487,25.843526708980075,105.99770833333334
2025-09-04 07:12:00+02:00,9.766661755960715,17.48485689972846,26.25821657942847,111.05402777777778
2025-09-04 07:13:00+02:00,9.552542969879074,16.836766563140532,25.983308440982817,110.20394444444445
2025-09-04 07:14:00+02:00,9.365504259489091,16.188676226552605,24.6554459253231,107.8890277777778
2025-09-04 07:15:00+02:00,9.300883696519216,16.894402721980317,23.183949311530583,95.48892195767196
2025-09-04 07:16:00+02:00,9.93177821749663,17.79645732094066,26.504712159705807,111.20431712962964
2025-09-04 07:17:00+02:00,9.526659196666609,19.24767435601457,25.710869537792853,117.22064814814814
2025-09-04 07:18:00+02:00,9.530139057859826,18.224688595470496,25.861902742125224,109.32807870370372
2025-09-04 07:19:00+02:00,9.456307754823104,17.672074229509107,25.784950815209097,107.72948412698412
2025-09-04 07:20:00+02:00,10.93134917953587,20.38737576430436,30.62727351352227,135.62587962962962
2025-09-04 07:21:00+02:00,10.956944172217517,21.49672400798837,31.7607170579909,134.3011111111111
2025-09-04 07:22:00+02:00,11.740721705464177,21.580691977426287,32.761951329273906,140.25956590413944
2025-09-04 07:23:00+02:00,12.175325033254316,21.171488181287167,32.40787925663937,145.94383796296296
2025-09-04 07:24:00+02:00,12.461006571339798,20.76228438514805,31.69250915070425,153.38979166666667
2025-09-04 07:25:00+02:00,12.051159645573732,20.353080589008904,30.97713904476913,149.25219907407407
2025-09-04 07:26:00+02:00,11.5669647894962,20.083543421875227,30.00855063149508,147.24283333333335
2025-09-04 07:27:00+02:00,12.57738160490176,21.96739989820696,31.770949534434035,140.6078869047619
2025-09-04 07:28:00+02:00,12.981687639557911,22.876272809948148,34.501953472106194,164.18680555555554
2025-09-04 07:29:00+02:00,13.113496911742155,23.13201813285596,34.87427747906254,157.67765625
2025-09-04 07:30:00+02:00,13.612819924627942,23.36917210785092,35.21953547726089,158.74180555555554
2025-09-04 07:31:00+02:00,13.31017081928966,24.51640750466094,36.92437192717693,157.90147817460317
2025-09-04 07:32:00+02:00,13.663865322617156,25.348526299745718,38.112418961128704,167.3439351851852
2025-09-04 07:33:00+02:00,14.660343673741382,25.79324156961141,39.30351912611982,167.2725
2025-09-04 07:34:00+02:00,14.842918433694372,26.050914148171792,40.175252124568935,171.55001984126986
2025-09-04 07:35:00+02:00,16.025388036732707,26.377039849435683,41.09857104147455,190.13054487179488
2025-09-04 07:36:00+02:00,15.430793454132374,25.335949883345695,39.69570729146367,187.8655687830688
2025-09-04 07:37:00+02:00,16.09389942295953,25.00385261514715,42.18031344609757,187.3601587301587
2025-09-04 07:38:00+02:00,16.766558417476787,25.27207792223609,44.26773344678934,199.03354166666668
2025-09-04 07:39:00+02:00,17.22598954593361,25.54030322932506,43.25617186746612,196.4743055555556
2025-09-04 07:40:00+02:00,17.6895906703016,25.808528536414016,42.09902926075481,199.48962009803924
2025-09-04 07:41:00+02:00,18.157800737518752,26.07675384350298,42.40371783547654,200.2495724789916
2025-09-04 07:42:00+02:00,18.62068590257529,26.34497915059195,43.199138133842304,202.2269756441224
2025-09-04 07:43:00+02:00,19.022681969012623,26.613204457680915,43.99455843220806,210.83064814814816
2025-09-04 07:44:00+02:00,19.407545741541902,26.95065556093769,44.70694615953432,215.4163701201201
2025-09-04 07:45:00+02:00,19.80556446222826,27.51974682829445,45.18407493558194,220.30405621530625
2025-09-04 07:46:00+02:00,20.76102949571729,28.107475806423107,45.64736494978966,221.8776136363637
2025-09-04 07:47:00+02:00,22.14843585099829,28.70074920100915,46.11065496399737,229.46661904761905
2025-09-04 07:48:00+02:00,24.27997914474537,29.409073277255555,46.57394497820512,229.678625
2025-09-04 07:49:00+02:00,27.41302402107776,30.163140395607893,47.037234992412834,229.50433827160492
2025-09-04 07:50:00+02:00,30.371536964976773,30.925565091188638,47.55452282747728,236.80807936507935
2025-09-04 07:51:00+02:00,30.57049289524868,31.721420095683,48.48682248569777,239.96181576797383
2025-09-04 07:52:00+02:00,30.135528513277716,32.517601829609006,49.505518657289024,245.66082843137252
2025-09-04 07:53:00+02:00,29.448700564540484,32.97737182433142,50.52114117663837,252.4442943805875
2025-09-04 07:54:00+02:00,27.818247138081738,33.213388894839376,51.5237372650579,254.4434595959596
2025-09-04 07:55:00+02:00,26.02035120804007,33.44940596534731,52.52486970955275,254.81298611111117
2025-09-04 07:56:00+02:00,23.828451480370635,33.685423035855216,53.15813047547103,258.9481875
2025-09-04 07:57:00+02:00,21.696084062892805,33.92144010636313,52.56184486783611,263.8421701388889
2025-09-04 07:58:00+02:00,21.35704110930794,34.15745717687103,51.86505668646771,260.4986525341131
2025-09-04 07:59:00+02:00,21.63976795758908,34.39347424737894,51.16826850509931,265.1859371693121
2025-09-04 08:00:00+02:00,21.9224948058702,34.62949131788684,50.65624646730842,277.461673992674
2025-09-04 08:01:00+02:00,22.20522165415132,34.991784030649555,51.31040070843343,280.1079556878307
2025-09-04 08:02:00+02:00,22.473239065055644,35.80286720169625,52.168514232286185,282.7079563492064
2025-09-04 08:03:00+02:00,22.72167573139996,36.64338669589242,53.0243551735289,288.6481712962963
2025-09-04 08:04:00+02:00,22.97001688191716,37.31711049279675,53.73475082773394,292.0890277777778
2025-09-04 08:05:00+02:00,23.21835803243436,37.931965220068655,54.3591129974189,294.9993148148148
2025-09-04 08:06:00+02:00,23.466699182951576,38.54681994734055,54.983475167103855,299.1408485623781
2025-09-04 08:07:00+02:00,23.71066537671837,39.00181244552176,55.60783733678882,302.95236912393165
2025-09-04 08:08:00+02:00,23.95010831011608,39.32153690370314,56.23139691325916,308.30952777777776
2025-09-04 08:09:00+02:00,24.189551243513783,39.64126136188453,56.84997487667353,311.1153683862434
2025-09-04 08:10:00+02:00,24.42899417691148,39.96098582006594,57.46769489561715,315.4574603174603
2025-09-04 08:11:00+02:00,24.66843711030917,40.28071027824733,58.08541491456077,320.20237962962966
2025-09-04 08:12:00+02:00,24.907583115466032,40.60043473642874,58.70313493350438,324.71334722222224
2025-09-04 08:13:00+02:00,25.1462540354376,40.90406568161444,59.28560462528006,326.10333531746033
2025-09-04 08:14:00+02:00,25.384919556713875,41.17336379907597,59.79287361909733,323.6992328042328
2025-09-04 08:15:00+02:00,25.623585077990143,41.44158901567112,60.29779259110339,328.58995701058205
2025-09-04 08:16:00+02:00,25.862250599266417,41.70981423226625,60.80271156310948,332.0451654259719
2025-09-04 08:17:00+02:00,26.10134509451884,41.97803944886137,61.3076305351156,336.4208186123912
2025-09-04 08:18:00+02:00,26.34151852431734,42.24626466545648,61.81254950712173,335.9662400793651
2025-09-04 08:19:00+02:00,26.581743950961435,42.51448988205159,62.28905312572488,342.19097222222223
2025-09-04 08:20:00+02:00,26.821969377605527,42.80203849029224,62.7415129837563,345.69511574074073
2025-09-04 08:21:00+02:00,27.062194804249614,43.32974925184173,63.19397284178773,345.5948247863248
2025-09-04 08:22:00+02:00,27.321412412060017,43.92923261093186,63.64643269981917,351.67559027777776
2025-09-04 08:23:00+02:00,27.648129258339853,44.52871597002198,64.09889255785062,349.7042881944444
2025-09-04 08:24:00+02:00,27.98074907984705,45.07324668786216,64.55135241588205,358.27242824074074
2025-09-04 08:25:00+02:00,28.313368901354263,45.56462649039503,65.02545095105056,358.67909722222225
2025-09-04 08:26:00+02:00,28.58844393214531,46.0560062929279,65.58146733538076,362.1525
2025-09-04 08:27:00+02:00,28.79551148299908,46.5473860954608,66.14521181868851,363.2418187830688
2025-09-04 08:28:00+02:00,29.00257903385287,46.98863112117287,66.70895630199628,373.5288194444445
2025-09-04 08:29:00+02:00,29.20964658470665,47.36701122297164,67.27270078530408,375.0714583333333
2025-09-04 08:30:00+02:00,29.416714135560447,47.74523416246065,67.82701070184581,376.3157001262626
2025-09-04 08:31:00+02:00,29.623781686414237,48.1234571019497,68.31842350661351,374.4029629629629
2025-09-04 08:32:00+02:00,29.85742410877713,48.50168004143874,68.79830517422262,379.9729652777778
2025-09-04 08:33:00+02:00,30.113552960878515,48.86631681481194,69.27818684183171,385.6899444444445
2025-09-04 08:34:00+02:00,30.369681812979863,49.18549218618208,69.75806850944078,388.7931150793651
2025-09-04 08:35:00+02:00,30.62581066508124,49.50100974359792,70.23795017704987,384.1382744107744
2025-09-04 08:36:00+02:00,30.88013348040496,49.816527301013785,70.72334808277222,393.82973484848486
2025-09-04 08:37:00+02:00,31.09698103259269,50.13204485842963,71.25423373662854,398.7422916666666
2025-09-04 08:38:00+02:00,31.298928781364907,50.44756241584548,71.79521834949222,400.9936944444444
2025-09-04 08:39:00+02:00,31.50087653013713,50.766326651131976,72.33620296235591,401.4208981481481
2025-09-04 08:40:00+02:00,31.70282427890937,51.1293482321294,72.87718757521961,406.2734758297258
2025-09-04 08:41:00+02:00,31.904772027681613,51.50638179130555,73.418102342652,411.60376984126987
2025-09-04 08:42:00+02:00,32.107587938072264,51.88341535048171,73.93107893758906,416.0090873015873
2025-09-04 08:43:00+02:00,32.341924793377075,52.26044890965787,74.42177483996116,413.762375
2025-09-04 08:44:00+02:00,32.59195533947603,52.63748246883407,74.9124707423333,418.00428472222217
2025-09-04 08:45:00+02:00,32.84198588557498,52.988087721989,75.40316664470542,420.3708573717949
2025-09-04 08:46:00+02:00,33.092016431673926,53.31478165064848,75.89386254707757,424.93919444444447
2025-09-04 08:47:00+02:00,33.34215437921023,53.641475579307965,76.38501490097067,429.0158492063492
2025-09-04 08:48:00+02:00,33.59411815118108,53.9681695079674,76.90538015220667,430.2646904761905
2025-09-04 08:49:00+02:00,33.8467263317759,54.29486343662685,77.44302535387982,433.80925595238097
2025-09-04 08:50:00+02:00,34.099334512370724,54.6215573652863,77.98067055555299,434.3238734567901
2025-09-04 08:51:00+02:00,34.35194269296554,54.96566659337352,78.51831575722613,437.86327380952383
2025-09-04 08:52:00+02:00,34.601714256875205,55.33440351762123,79.05596095889928,440.8408101851852
2025-09-04 08:53:00+02:00,34.829684395404584,55.70331635398437,79.60869314327242,443.0525854700855
2025-09-04 08:54:00+02:00,35.05311594723771,56.07222919034752,80.1993713750426,446.2151592592593
2025-09-04 08:55:00+02:00,35.2765474990708,56.441142026710665,80.79187833198851,444.7519805555556
2025-09-04 08:56:00+02:00,35.4999790509039,56.81282271401112,81.38438528893442,447.6434259259259
2025-09-04 08:57:00+02:00,35.723410602737005,57.201683165750055,81.97689224588035,451.06567708333336
2025-09-04 08:58:00+02:00,35.9602147760859,57.59350235469784,82.57526902699185,456.2679563492063
2025-09-04 08:59:00+02:00,36.21282295668071,57.98532154364562,83.18414243484641,458.3929722222222
2025-09-04 09:00:00+02:00,36.46543113727552,58.3771407325934,83.79322301296561,457.6244212962963
2025-09-04 09:01:00+02:00,36.71803931787035,58.76703777083088,84.40230359108487,464.5726041666667
2025-09-04 09:02:00+02:00,36.97075106885491,59.138342369470514,85.01102896567485,467.0649305555556
2025-09-04 09:03:00+02:00,37.23459663673737,59.50499885821064,85.54693761676037,465.6323611111111
2025-09-04 09:04:00+02:00,37.50584748748679,59.87165534695076,86.02814492433524,470.1613194444444
2025-09-04 09:05:00+02:00,37.77709833823619,60.238311835690894,86.50935223191014,469.7845833333333
2025-09-04 09:06:00+02:00,38.04834918898562,60.604968324431,86.99055953948502,475.0057657657658
2025-09-04 09:07:00+02:00,38.283220857747686,60.92669970412332,87.4717668470599,475.5455341484342
2025-09-04 09:08:00+02:00,38.36391408856332,61.19209865867735,87.95297415463475,479.0392595899471
2025-09-04 09:09:00+02:00,38.42728389938495,61.45735678216852,88.43857450645005,480.022290954416
2025-09-04 09:10:00+02:00,38.49065371020661,61.72261490565971,88.92789204954583,486.0135509259259
2025-09-04 09:11:00+02:00,38.554023521028256,61.987873029150926,89.4172095926416,483.3288506944445
2025-09-04 09:12:00+02:00,38.61739333184988,62.253131152642126,89.90652713573739,485.4184675925926
2025-09-04 09:13:00+02:00,38.680763142671495,62.51838927613336,90.3958446788332,488.0599404761904
2025-09-04 09:14:00+02:00,38.74413295349313,62.79017117868847,90.88425607833072,495.4319791666667
2025-09-04 09:15:00+02:00,38.80750276431474,63.12001471491223,91.2752570410082,498.4633796296296
2025-09-04 09:16:00+02:00,38.87087257513637,63.46355818717017,91.60146873640537,495.0844444444445
2025-09-04 09:17:00+02:00,39.431221814074256,63.80710165942813,91.92768043180256,501.3008110119047
2025-09-04 09:18:00+02:00,39.72909365988845,64.15064513168605,92.25389212719972,502.50780555555554
2025-09-04 09:19:00+02:00,39.90970540571915,64.494188603944,92.58010382259688,499.0437500000001
2025-09-04 09:20:00+02:00,40.09031715154984,64.82584626181692,92.90631551799407,506.3939583333333
2025-09-04 09:21:00+02:00,40.27092889738054,65.10713070634378,93.23252721339124,504.5941944444445
2025-09-04 09:22:00+02:00,40.45154064321124,65.38275523925873,93.55873890878844,508.10850529100526
2025-09-04 09:23:00+02:00,40.63215238904195,65.65837977217367,93.88636517224646,510.8716666666666
2025-09-04 09:24:00+02:00,40.81176195105292,65.93400430508869,94.25925761364796,513.5574603174604
2025-09-04 09:25:00+02:00,40.98976801895244,66.20962883800372,94.65336857596049,516.9803777777778
2025-09-04 09:26:00+02:00,41.16775586532795,66.48525337091874,95.047479538273,517.2546
2025-09-04 09:27:00+02:00,41.34574371170345,66.7646690462018,95.4415905005855,523.7589030934342
2025-09-04 09:28:00+02:00,41.52373155807896,67.09120320520113,95.83570146289787,522.6042058404558
2025-09-04 09:29:00+02:00,41.70171940445452,67.43181875013873,96.22981242521028,520.4641250263546
2025-09-04 09:30:00+02:00,41.87970725083009,67.77243429507632,96.62392338752268,521.0788060224089
2025-09-04 09:31:00+02:00,42.06454972053208,68.11304984001391,97.04341270725676,529.8508829365079
2025-09-04 09:32:00+02:00,42.25647917367332,68.45366538495139,97.50828450143898,525.8233134920634
2025-09-04 09:33:00+02:00,42.44840862681456,68.5269923425421,97.97405200235374,532.4471805555555
2025-09-04 09:34:00+02:00,42.64033807995581,67.158949027819,98.43981950326848,531.786662037037
2025-09-04 09:35:00+02:00,42.83226753309703,67.778834059197,98.90558700418312,534.2745256410257
2025-09-04 09:36:00+02:00,43.024196986238266,68.52161476296844,99.37135450509776,530.6952457264957
2025-09-04 09:37:00+02:00,42.98629809609208,69.09551280244308,99.23038670832332,537.9364115133233
2025-09-04 09:38:00+02:00,42.51801333463639,69.56385917673222,98.24238893443128,534.608197167756
2025-09-04 09:39:00+02:00,43.28264678510152,70.03220555102139,99.99217722818024,543.8914583333334
2025-09-04 09:40:00+02:00,43.448956695855145,70.50055192531053,100.38363126265686,544.8064351851853
2025-09-04 09:41:00+02:00,43.61526660660877,70.49677913507321,100.77508529713349,549.6918518518519
2025-09-04 09:42:00+02:00,43.7815765173624,69.52717204407962,101.1665393316101,547.6843428330928
2025-09-04 09:43:00+02:00,43.94788642811599,69.27213089839486,101.55799336608668,546.3302645502646
2025-09-04 09:44:00+02:00,44.11419633886957,70.43417657355593,101.94944740056332,548.5192180735932
2025-09-04 09:45:00+02:00,44.28050624962314,71.19425385438878,102.34090143504,551.6412297771673
2025-09-04 09:46:00+02:00,44.51287815270386,71.74933103873148,102.92165549752588,554.5105937118437
2025-09-04 09:47:00+02:00,44.966303645494605,72.30440822307419,104.25960967204858,560.1256076388889
2025-09-04 09:48:00+02:00,45.43686059899952,72.59532490097929,105.23028761331996,567.1182407407408
2025-09-04 09:49:00+02:00,45.0396017928229,71.59450803976533,103.6607489261378,541.9346944444445
2025-09-04 09:50:00+02:00,45.27926431199846,72.32041245383489,104.8832528303083,566.655735042735
2025-09-04 09:51:00+02:00,45.81049068472997,73.17781376237707,106.04085653026355,560.0271924603175
2025-09-04 09:52:00+02:00,46.01873142284072,73.54113701031048,106.54286530646556,553.0826898148149
2025-09-04 09:53:00+02:00,46.22697216095148,73.9044602582439,107.04487408266762,569.5755879629629
2025-09-04 09:54:00+02:00,46.43521289906224,74.2677835061773,107.54688285886964,573.5648333333334
2025-09-04 09:55:00+02:00,46.64345363717298,74.63110675411069,108.04889163507168,574.7687857142856
2025-09-04 09:56:00+02:00,46.80403128793876,74.56576222481462,108.28708185074044,584.1544484126983
2025-09-04 09:57:00+02:00,46.3969947583894,74.0598690947808,107.22114490235904,580.9350925925926
2025-09-04 09:58:00+02:00,45.85017724375693,73.55397596474697,106.04087889189702,577.3232559523809
2025-09-04 09:59:00+02:00,46.015564991703855,73.05436326010948,106.4872897211973,572.5596388888889
2025-09-04 10:00:00+02:00,46.4928960342564,73.8907191866874,107.6409125380324,572.3150529100529
2025-09-04 10:01:00+02:00,46.93010657969784,75.12707571936383,108.675982201563,581.1480555555555
2025-09-04 10:02:00+02:00,47.25364238332448,75.7751658372991,109.42927335579002,581.9703009259259
2025-09-04 10:03:00+02:00,47.57049143743264,76.42325595523438,110.17053737852235,587.2840701058202
2025-09-04 10:04:00+02:00,47.88734049154082,77.3246847485809,110.91180140125466,591.6925
2025-09-04 10:05:00+02:00,47.92015240070102,78.56335009036455,111.0924293532226,598.5298633040935
2025-09-04 10:06:00+02:00,47.34391001696444,79.14977144507495,110.0950505214455,599.0677361111111
2025-09-04 10:07:00+02:00,47.19401642738235,76.4966342308865,109.0581633467901,592.7759027777778
2025-09-04 10:08:00+02:00,47.9306813368456,77.49048084694539,110.62378339488134,597.5329738562092
2025-09-04 10:09:00+02:00,47.58468611623513,76.6118558645546,110.18827941214916,602.1037608932462
2025-09-04 10:10:00+02:00,46.88417024484389,75.1020876582691,108.50762021863886,591.5547777777778
2025-09-04 10:11:00+02:00,46.98457247772682,76.20415584616754,108.1763165753334,589.1121666666667
2025-09-04 10:12:00+02:00,48.34829412482068,78.36908069359195,112.1149378782048,600.5561388888889
2025-09-04 10:13:00+02:00,49.45195333486278,79.36788476527246,114.41999868988728,614.3091527777777
2025-09-04 10:14:00+02:00,49.887890213729314,80.14141168022743,115.11367274617194,611.7076753968255
2025-09-04 10:15:00+02:00,50.310355619206845,80.83364545650112,115.7494283861066,623.5145734126985
2025-09-04 10:16:00+02:00,50.62227729085698,81.25385988411041,116.38518402604129,624.8773784722222
2025-09-04 10:17:00+02:00,50.7955861301217,81.6521876974593,117.03561094997448,624.0504473304474
2025-09-04 10:18:00+02:00,50.96854843730544,82.05051551080821,118.15551896185944,630.4863194444445
2025-09-04 10:19:00+02:00,51.1415107444892,82.44884332415712,119.49549623372177,630.2722652116403
2025-09-04 10:20:00+02:00,51.31447305167293,82.88851977746393,119.49073533256204,634.0915324074074
2025-09-04 10:21:00+02:00,51.48743535885669,83.47515153224276,118.14037063998764,639.4335694444444
2025-09-04 10:22:00+02:00,51.66039766604043,84.07463489133288,117.50437298344026,641.7265972222223
2025-09-04 10:23:00+02:00,51.7930238460909,84.67624903058227,118.16836927299838,647.7979305555556
2025-09-04 10:24:00+02:00,51.85745913951607,85.31007555223913,118.85962738943526,648.800337962963
2025-09-04 10:25:00+02:00,51.92082895033772,85.9546813147016,119.55088550587212,646.1604166666667
2025-09-04 10:26:00+02:00,51.98419876115937,86.7173234393694,120.2661630962539,654.0461557539683
2025-09-04 10:27:00+02:00,52.04756857198102,86.71691023054731,121.05321981226172,659.6554606227106
2025-09-04 10:28:00+02:00,52.11093838280264,83.57583812592179,121.84502456381676,652.4091527777778
2025-09-04 10:29:00+02:00,52.1743081936243,84.87590087382694,122.63682931537171,649.9346338383838
2025-09-04 10:30:00+02:00,52.237678004445925,85.30696750327303,122.23448291456936,658.7590740740741
2025-09-04 10:31:00+02:00,52.30104781526752,85.7079597167112,123.63052112638756,661.6202175925927
2025-09-04 10:32:00+02:00,52.3730326069067,86.1089519301494,124.39454325508096,662.2513888888889
2025-09-04 10:33:00+02:00,52.758272193114806,86.5099441435876,125.15856538377442,663.4397987117552
2025-09-04 10:34:00+02:00,53.48513284786992,87.32357003036411,125.77723626995792,652.0275865079365
2025-09-04 10:35:00+02:00,53.99455498708361,88.44145144604742,125.43808337076796,680.4336842592593
2025-09-04 10:36:00+02:00,53.14324592560719,87.20182670016356,124.92117819171123,673.7973981481482
2025-09-04 10:37:00+02:00,52.69566508632866,86.34806210186622,124.40427301265456,666.4189351851852
2025-09-04 10:38:00+02:00,52.37040411043005,85.7688511268999,123.8873678335979,635.6497853535353
2025-09-04 10:39:00+02:00,52.04514313453137,85.18964015193359,123.3704626545412,601.5052916666667
2025-09-04 10:40:00+02:00,52.336914276615246,85.84043524086097,123.90651246985924,661.8163525132276
2025-09-04 10:41:00+02:00,52.29207042540107,85.92553976252364,125.44885706084476,671.6096230158731
2025-09-04 10:42:00+02:00,50.96822813673658,84.26447128837812,122.86676428315543,667.2304970760234
2025-09-04 10:43:00+02:00,52.653459179050735,86.1391059363178,124.9603268327133,663.4319444444444
2025-09-04 10:44:00+02:00,54.77214560951966,88.67219748740916,129.81972152500654,685.371351851852
2025-09-04 10:45:00+02:00,55.46777357030694,89.55997531934696,130.88189863075107,687.3190740740741
2025-09-04 10:46:00+02:00,55.84796343929462,90.740837413621,130.1618905180262,698.6569444444444
2025-09-04 10:47:00+02:00,54.499054064163225,87.40343059777754,126.5295191814396,685.8556712962964
2025-09-04 10:48:00+02:00,55.65140293471793,91.05622712712662,131.96472918021837,684.4663888888889
2025-09-04 10:49:00+02:00,55.29806266587577,89.40269017744211,130.48318439695615,680.2485972222222
2025-09-04 10:50:00+02:00,53.95485458537685,86.27303440572172,126.10866290808976,682.3074470899471
2025-09-04 10:51:00+02:00,54.20599111676177,88.63553717457027,128.0931076797413,684.8059351851851
2025-09-04 10:52:00+02:00,55.86979918128871,87.36180197701036,133.56363925823769,707.7903051346801
2025-09-04 10:53:00+02:00,50.43805919961259,79.9457184863809,120.5214216559454,618.4409722222223
2025-09-04 10:54:00+02:00,56.80656135229805,92.2757489053096,132.93914888868895,717.2123228276354
2025-09-04 10:55:00+02:00,56.44035406838553,91.3751701382266,132.64624305573685,712.7930317460317
2025-09-04 10:56:00+02:00,57.10969614545122,92.58494548004708,132.22649113924996,714.6994935388685
2025-09-04 10:57:00+02:00,56.71182278257197,92.2274905664231,131.806739222763,715.409212962963
2025-09-04 10:58:00+02:00,56.12708952801722,91.75545642540727,131.386987306276,661.3195965608465
2025-09-04 10:59:00+02:00,55.65717280323065,91.28342228439148,130.96723538978898,706.5262962962962
2025-09-04 11:00:00+02:00,55.21434761917588,90.6373441086772,130.5474834733019,702.8419444444444
2025-09-04 11:01:00+02:00,54.6227034954004,88.68394924263464,129.41952165373743,693.709375
2025-09-04 11:02:00+02:00,54.02509375762729,87.5475114958589,127.126258393411,684.228134920635
2025-09-04 11:03:00+02:00,55.28858234100284,89.91538740261511,130.6696367679527,694.7807638888889
2025-09-04 11:04:00+02:00,56.82078850942527,92.42435421332864,133.7212968290791,711.0271626984127
2025-09-04 11:05:00+02:00,58.010450062172616,94.00275915208206,134.82236414835666,729.7515277777778
2025-09-04 11:06:00+02:00,55.99999648110178,92.14240656002204,132.4995889032774,713.5694573412699
2025-09-04 11:07:00+02:00,57.140159434248886,93.19168763164528,133.8871740499848,718.0819444444445
2025-09-04 11:08:00+02:00,57.44302580183879,93.73176272992464,134.67184542539962,716.410375
2025-09-04 11:09:00+02:00,57.60282793347594,94.271837828204,135.4565168008145,718.4479907407407
2025-09-04 11:10:00+02:00,57.76263006511307,94.41421809151656,136.1494550118374,724.4453333333335
2025-09-04 11:11:00+02:00,57.92243219675024,93.04202545522716,136.58248259041628,704.1086111111111
2025-09-04 11:12:00+02:00,58.082234328387386,93.46664714178702,137.00022130826315,721.9203194444444
2025-09-04 11:13:00+02:00,58.24203646002452,93.97684574526797,137.41796002610985,723.3300347222222
2025-09-04 11:14:00+02:00,58.4018385916617,94.48704434874892,137.8356987439566,719.8054687499999
2025-09-04 11:15:00+02:00,58.69967493636369,95.17352311074028,138.2534374618033,731.8174305555555
2025-09-04 11:16:00+02:00,59.25893117846183,96.0946605252942,138.67117617965005,732.3259722222223
2025-09-04 11:17:00+02:00,60.02690961736421,97.45526188542688,139.78982568063805,683.3018885281385
2025-09-04 11:18:00+02:00,60.843410276935565,99.25213238669674,141.6067616578224,757.2877297008548
2025-09-04 11:19:00+02:00,60.53176919465091,100.32968018057106,140.90950902457627,764.2979530423281
2025-09-04 11:20:00+02:00,60.19144984023844,99.87895574193352,140.06797740456608,760.8877663690477
2025-09-04 11:21:00+02:00,59.83401558806045,97.85489637934664,139.15092371609353,752.551880787037
2025-09-04 11:22:00+02:00,58.567183386596376,95.58861381618964,136.08523744676643,737.2951455026455
2025-09-04 11:23:00+02:00,56.49076046046485,95.77954747756732,133.17443088398298,739.3103849206349
2025-09-04 11:24:00+02:00,54.81894163191362,93.04635148836344,129.2193519102574,708.8516666666666
2025-09-04 11:25:00+02:00,53.80522626262913,88.55429279470657,125.22232232298596,675.7854166666667
2025-09-04 11:26:00+02:00,54.466994699558754,88.94198777572306,126.17112209183148,687.7779861111111
2025-09-04 11:27:00+02:00,58.56610080924804,96.05249232752342,135.7932799826713,740.6587222222223
2025-09-04 11:28:00+02:00,59.37897789578752,96.93027990248748,138.11978450294987,738.52375
2025-09-04 11:29:00+02:00,58.91087496514761,97.36384256427016,139.7928950132335,742.3360251322752
2025-09-04 11:30:00+02:00,57.61510902322216,94.96194608390844,137.01302023670493,739.1926388888888
2025-09-04 11:31:00+02:00,46.9881932868828,73.16292760152423,106.62147848635,546.5036944444445
2025-09-04 11:32:00+02:00,46.87503710154065,77.08732329482709,109.62557105069872,597.0452083333333
2025-09-04 11:33:00+02:00,46.03700069129995,75.18346297186345,102.57104403941274,537.6073611111111
2025-09-04 11:34:00+02:00,20.70663410313331,34.23291579364015,48.83950055760356,205.4924479166667
2025-09-04 11:35:00+02:00,58.27358608896197,95.97438671897773,135.65939811320376,739.0035357142857
2025-09-04 11:36:00+02:00,58.07409625686886,95.07851229262036,135.06787702900587,722.8790277777779
2025-09-04 11:37:00+02:00,58.30745809989456,95.47161613464664,135.6504758428591,726.1420405982907
2025-09-04 11:38:00+02:00,58.54081994292024,95.86471997667292,136.23307465671223,721.465707070707
2025-09-04 11:39:00+02:00,58.77418178594594,96.25782381869928,136.8156734705654,719.0320128205127
2025-09-04 11:40:00+02:00,59.00754362897162,96.64449124425089,137.39942619932276,719.9878089387465
2025-09-04 11:41:00+02:00,59.064262325382295,96.71753221614368,138.00471867295846,728.4111659356726
2025-09-04 11:42:00+02:00,58.92901363730029,96.61417301630048,138.6180885509237,726.3051636904762
2025-09-04 11:43:00+02:00,58.7933882119256,96.51081381645734,139.2314584288887,729.0409201388889
2025-09-04 11:44:00+02:00,58.6577627865509,96.40745461661422,139.84482830685388,727.1689202279202
2025-09-04 11:45:00+02:00,58.522137361176185,96.30409541677103,139.62677575452412,732.7820138888889
2025-09-04 11:46:00+02:00,58.38651193580148,96.20073621692792,137.8381317065627,729.4888670634922
2025-09-04 11:47:00+02:00,58.25088651042678,96.09737701708478,138.3193390141376,732.0959583333333
2025-09-04 11:48:00+02:00,58.115261085052055,95.99401781724166,138.80054632171257,731.9813095238096
2025-09-04 11:49:00+02:00,57.97963565967734,95.8906586173986,139.2817536292874,729.9291203703702
2025-09-04 11:50:00+02:00,58.41061204202612,95.7816387596232,139.7629609368623,723.9989384920635
2025-09-04 11:51:00+02:00,58.14013322571406,95.62594024566748,140.24149487050616,729.1919343711844
2025-09-04 11:52:00+02:00,54.882751510866,95.45987837334334,139.92737343361694,730.7206481481481
2025-09-04 11:53:00+02:00,57.55750491052946,95.29381650101924,138.9649588184672,730.6100438034188
2025-09-04 11:54:00+02:00,58.518916682215206,95.1277546286951,138.00254420331746,729.8935694444444
2025-09-04 11:55:00+02:00,58.022121625945545,94.96169275637098,137.74725677474646,726.1428333333333
2025-09-04 11:56:00+02:00,58.05833409729605,94.85978982397911,138.11553805453954,716.8080952380952
2025-09-04 11:57:00+02:00,58.22654686744038,95.19906183056104,138.48381933433265,713.737183080808
2025-09-04 11:58:00+02:00,58.39475963758475,95.62123321020192,138.85210061412567,720.3885902777778
2025-09-04 11:59:00+02:00,58.56297240772913,96.04340458984284,139.22038189391867,714.2271071428572
2025-09-04 12:00:00+02:00,58.73118517787355,96.46557596948377,139.58866317371167,718.7155021367521
2025-09-04 12:01:00+02:00,58.899397948017935,97.71000429086054,139.95694445350463,726.0267261904761
2025-09-04 12:02:00+02:00,59.06010068117986,98.06189425318816,140.3034869077543,729.5424074074075
2025-09-04 12:03:00+02:00,58.42191394779009,96.91353056643166,139.16667420728197,725.1547323848239
2025-09-04 12:04:00+02:00,57.68984476761406,96.00630241244777,137.43235165266,725.2181822612087
2025-09-04 12:05:00+02:00,57.31858729007317,95.1557647289712,136.56831621954484,721.5918859649123
2025-09-04 12:06:00+02:00,56.9473298125323,94.22255597548606,135.76184841703508,716.296736111111
2025-09-04 12:07:00+02:00,56.276389015380346,93.23356911322496,134.97762248447546,711.4994391025642
2025-09-04 12:08:00+02:00,55.99029467138946,93.45698767992288,135.55927138569032,699.9016944444444
2025-09-04 12:09:00+02:00,56.89204964054106,94.50017037766592,136.94084478480582,711.6350347222223
2025-09-04 12:10:00+02:00,57.46500375650647,95.34321465291308,138.12913726347395,716.2553282828284
2025-09-04 12:11:00+02:00,57.87813562395602,96.10205434796389,139.1722333433667,720.7432916666667
2025-09-04 12:12:00+02:00,57.89713019257439,96.70650759825602,140.16106617852802,727.5870126262625
2025-09-04 12:13:00+02:00,57.89713019257439,96.67274322954492,140.06541023221348,725.1940567129628
2025-09-04 12:14:00+02:00,57.89713019257439,96.5693840297018,139.54696664488577,726.6025
2025-09-04 12:15:00+02:00,57.89713019257439,96.46602482985864,139.0285230575581,723.2014888888889
2025-09-04 12:16:00+02:00,57.89713019257439,96.36266563001548,138.5100794702304,723.0008023504273
2025-09-04 12:17:00+02:00,57.89713019257439,96.25930643017236,137.99163588290276,723.5738657407406
2025-09-04 12:18:00+02:00,57.89713019257439,96.1559472303292,137.49324725225213,717.0684543650794
2025-09-04 12:19:00+02:00,57.89713019257439,96.05258803048604,137.07507844831,718.4905773809523
2025-09-04 12:20:00+02:00,57.89713019257439,95.94922883064298,136.66520304750503,723.7526785714285
2025-09-04 12:21:00+02:00,57.5800958466217,95.84586963079992,136.25532764670015,727.4151388888889
2025-09-04 12:22:00+02:00,56.93606455315128,95.01397386779426,135.8454522458952,715.1994004629629
2025-09-04 12:23:00+02:00,56.40183881796954,94.11977570012294,135.43557684509022,718.2532638888888
2025-09-04 12:24:00+02:00,55.94526129900622,93.46460263007911,135.0257014442853,715.9863422035481
2025-09-04 12:25:00+02:00,55.93925302581899,93.46050779839132,135.5412920807859,710.0398638344227
2025-09-04 12:26:00+02:00,56.09122774825057,93.81632237768513,136.19516892732543,708.9853472222222
2025-09-04 12:27:00+02:00,57.0077368789519,94.66326107094208,137.07600736074713,704.7991666666667
2025-09-04 12:28:00+02:00,58.00861411901988,96.35223207699372,138.7995438064884,719.4032407407408
2025-09-04 12:29:00+02:00,58.14943592084576,97.02988235551886,140.04838291831595,723.894861111111
2025-09-04 12:30:00+02:00,58.29025772267159,97.3685735188466,140.43264110657057,722.9968148148149
2025-09-04 12:31:00+02:00,58.43107952449744,97.70726468217435,140.43264110657057,724.0978450854701
2025-09-04 12:32:00+02:00,58.57190132632327,98.0459558455021,140.43264110657057,723.0871212121211
2025-09-04 12:33:00+02:00,58.71272312814912,98.38464700882987,140.43264110657057,723.3813596491227
2025-09-04 12:34:00+02:00,58.85354492997495,98.77643506807514,140.43264110657057,727.7445833333333
2025-09-04 12:35:00+02:00,58.9943667318008,99.82814169086686,140.43264110657057,728.3899074074075
2025-09-04 12:36:00+02:00,59.075508150085305,101.1040785922074,140.43264110657057,731.2455092592592
2025-09-04 12:37:00+02:00,58.84876859395361,102.2621485475706,140.43264110657057,731.2389583333334
2025-09-04 12:38:00+02:00,58.57751774320419,100.1779308187176,140.43264110657057,732.7872097578347
2025-09-04 12:39:00+02:00,58.30626689245479,98.84608801521614,140.39082425755154,733.4494907407408
2025-09-04 12:40:00+02:00,58.03501604170536,97.301767765347,140.0276150546434,705.1500694444445
2025-09-04 12:41:00+02:00,57.78558107085031,96.5587168302308,139.5974988933048,731.8664682539684
2025-09-04 12:42:00+02:00,57.55870150124204,96.2406885230212,139.1673827319663,731.5650853174603
2025-09-04 12:43:00+02:00,57.33182193163374,95.9226602158116,138.73726657062778,729.736550925926
2025-09-04 12:44:00+02:00,57.10494236202543,95.604631908602,138.30715040928928,732.0659305555555
2025-09-04 12:45:00+02:00,56.87806279241708,95.2866036013924,137.8770342479508,732.4516203703703
2025-09-04 12:46:00+02:00,57.13862767590194,94.9685752941828,136.14760395264895,712.2002678571429
2025-09-04 12:47:00+02:00,55.26132795202658,92.5304706220824,132.49005018012338,684.4249305555555
2025-09-04 12:48:00+02:00,53.52440141647652,88.98124831737981,128.11156109325196,658.2391666666666
2025-09-04 12:49:00+02:00,52.27762495493186,87.3771612607832,124.56077487718436,634.7120833333333
2025-09-04 12:50:00+02:00,53.22777113273312,88.98815061291518,126.83763630978233,651.6411527777777
2025-09-04 12:51:00+02:00,54.31558960781806,90.8668972864144,129.42528690419763,662.5798958333334
2025-09-04 12:52:00+02:00,55.02890595136725,92.08081200882224,131.00350674533507,660.8766837606837
2025-09-04 12:53:00+02:00,55.83760066985834,93.43719292338272,134.3512525200369,680.9258333333333
2025-09-04 12:54:00+02:00,56.83835742832708,95.12926489058674,135.20917633402294,693.9672268518519
2025-09-04 12:55:00+02:00,57.61781346239152,96.1910307265574,135.69849387711872,703.6225793650793
2025-09-04 12:56:00+02:00,57.00479214075661,93.8677341123744,136.18781142021447,699.7841666666667
2025-09-04 12:57:00+02:00,57.72781545468592,95.23910942559286,136.67712896331022,700.7037023809524
2025-09-04 12:58:00+02:00,58.37632179967451,95.68503433536844,137.16644650640606,707.4535011574075
2025-09-04 12:59:00+02:00,58.91355981278935,96.96401056609211,137.51508525586186,708.101537037037
2025-09-04 13:00:00+02:00,58.227543822920914,97.10668656376848,137.52935701753552,713.877232905983
2025-09-04 13:01:00+02:00,57.76695803951168,96.45495607949488,137.52935701753552,713.3112777777778
2025-09-04 13:02:00+02:00,57.63569200280973,96.17547665800758,137.52935701753552,718.9642708333334
2025-09-04 13:03:00+02:00,57.5044259661078,95.89599723652036,137.52935701753552,718.5105158730158
2025-09-04 13:04:00+02:00,57.37315992940587,95.61651781503312,137.52935701753552,723.0136058201057
2025-09-04 13:05:00+02:00,57.24189389270392,95.3370383935459,137.52935701753552,718.6418194444444
2025-09-04 13:06:00+02:00,57.110627856001926,95.05755897205866,137.52935701753552,717.2936721611721
2025-09-04 13:07:00+02:00,56.97936181929997,94.75198358049278,137.52935701753552,715.6409885531135
2025-09-04 13:08:00+02:00,56.84809578259801,94.29488320137357,137.52935701753552,712.6422781986531
2025-09-04 13:09:00+02:00,56.71140240014776,93.81337046314852,136.90134166494286,706.3041633597883
2025-09-04 13:10:00+02:00,56.299723499786026,93.33185772492358,135.6659016270556,703.43083994709
2025-09-04 13:11:00+02:00,55.734269803223775,92.95867188767792,134.58968424922364,702.441858974359
2025-09-04 13:12:00+02:00,55.77196671632792,93.539866918998,134.0462503877305,701.3163952991454
2025-09-04 13:13:00+02:00,56.33742041289021,94.34454256878338,133.5456841654831,706.0421441798941
2025-09-04 13:14:00+02:00,56.3787701276517,94.2658707063317,133.04511794323565,707.4550299145299
2025-09-04 13:15:00+02:00,55.56152881284632,92.96052778756,132.54455172098818,701.1237500000001
2025-09-04 13:16:00+02:00,54.942634628036615,91.95976248439057,132.0439854987408,698.3347685185186
2025-09-04 13:17:00+02:00,54.268802306299925,90.8940142904526,130.44537164952462,685.531875
2025-09-04 13:18:00+02:00,49.79272069711492,83.98458760267602,119.99691157623975,643.904675925926
2025-09-04 13:19:00+02:00,51.622538842758615,86.90413188566198,125.98516065096476,657.5038194444445
2025-09-04 13:20:00+02:00,54.236532266219925,90.93090350804482,131.9364377694045,687.1524930555555
2025-09-04 13:21:00+02:00,55.02181402908613,92.92663049300604,134.84736379124558,699.4446388888888
2025-09-04 13:22:00+02:00,55.22829992951616,93.26360988881412,135.36253648774257,691.4447023809524
2025-09-04 13:23:00+02:00,55.43478582994618,93.59758390502031,135.8733782629394,690.219742063492
2025-09-04 13:24:00+02:00,55.64127173037621,93.93155792122646,136.3842200381362,689.1567592592593
2025-09-04 13:25:00+02:00,55.84775763080624,94.2655319374326,136.89506181333294,696.3937222222222
2025-09-04 13:26:00+02:00,56.15262798967652,94.5995059536388,137.46841755919297,703.595517094017
2025-09-04 13:27:00+02:00,57.0401259830216,95.43460665586866,139.33893819631763,716.3533333333334
2025-09-04 13:28:00+02:00,57.052287395245415,96.56778676260586,141.19976901627493,724.8670138888889
2025-09-04 13:29:00+02:00,56.7459999762742,96.15355670338114,142.61600515726764,722.2087847222223
2025-09-04 13:30:00+02:00,56.439712557302975,95.5123980305575,142.28238498450878,720.4422817460318
2025-09-04 13:31:00+02:00,56.13642795616484,94.7995542561195,141.15211137129447,708.1902223875662
2025-09-04 13:32:00+02:00,55.89545182506246,93.38740970004338,139.29430310043807,705.7078630952382
2025-09-04 13:33:00+02:00,55.67924894108276,94.17444928617635,138.04278527785024,699.0746964285714
2025-09-04 13:34:00+02:00,55.46304605710308,95.95247536961254,137.02903378859992,699.9434027777778
2025-09-04 13:35:00+02:00,55.24684317312337,94.32246986866777,136.18341706363822,696.6433333333333
2025-09-04 13:36:00+02:00,55.030640289143705,93.32333093685092,135.33780033867657,696.471550925926
2025-09-04 13:37:00+02:00,54.91362792107154,92.46989976592396,134.3353763081101,683.1485601851851
2025-09-04 13:38:00+02:00,54.46804512327737,91.7886686760488,132.8082509087894,679.3632962962963
2025-09-04 13:39:00+02:00,53.63787625666176,91.10743758617376,131.56889348931398,678.5407465277777
2025-09-04 13:40:00+02:00,53.32019691759312,90.40159116238311,130.99231511834597,673.9803712606838
2025-09-04 13:41:00+02:00,53.05952677378783,89.67347372219271,130.43399125506997,671.3977435897435
2025-09-04 13:42:00+02:00,52.79885662998254,88.94535628200232,129.875667391794,668.9441018518519
2025-09-04 13:43:00+02:00,52.53818648617725,88.21723884181189,129.31734352851808,668.8563888888889
2025-09-04 13:44:00+02:00,52.69286191125146,86.93675644699421,129.99693773629062,661.0307407407407
2025-09-04 13:45:00+02:00,53.32114379632061,87.18393328804956,130.04040774757445,658.0255026455027
2025-09-04 13:46:00+02:00,53.54659869045258,89.65449435763793,131.42283219251158,666.4543402777778
2025-09-04 13:47:00+02:00,53.410218392580425,89.37037902157621,130.97845197480223,665.9219502314814
2025-09-04 13:48:00+02:00,53.27383809470827,89.08626368551458,130.53407175709273,662.9563888888889
2025-09-04 13:49:00+02:00,53.13745779683612,88.80214834945292,130.0896915393833,664.1065625
2025-09-04 13:50:00+02:00,53.001077498963966,88.51803301339126,129.64531132167383,667.8545833333334
2025-09-04 13:51:00+02:00,52.8646972010918,88.2339176773296,129.20093110396436,666.5134722222223
2025-09-04 13:52:00+02:00,52.72831690321966,87.94980234126798,128.84789570878408,661.6230085470086
2025-09-04 13:53:00+02:00,52.5919366053475,87.78722523229935,128.81950475043038,660.2928174603175
2025-09-04 13:54:00+02:00,52.45555630747534,87.78643602303252,128.81950475043038,658.3978571428571
2025-09-04 13:55:00+02:00,52.38395665109244,87.78643602303252,128.81950475043038,658.1136342592592
2025-09-04 13:56:00+02:00,52.38395665109244,87.78643602303252,128.81950475043038,659.0643531746032
2025-09-04 13:57:00+02:00,52.38395665109244,87.78643602303252,128.81950475043038,658.2680694444444
2025-09-04 13:58:00+02:00,52.38395665109244,87.78643602303252,128.81950475043038,658.6502643849207
2025-09-04 13:59:00+02:00,52.38395665109244,87.78643602303252,128.81950475043038,660.2943701923077
2025-09-04 14:00:00+02:00,52.38395665109244,87.78643602303252,128.81950475043038,658.5457361111111
2025-09-04 14:01:00+02:00,52.38395665109244,87.78643602303252,128.81950475043038,657.0259313725489
2025-09-04 14:02:00+02:00,52.38395665109244,87.77803989755505,128.43743064795427,655.9457046568627
2025-09-04 14:03:00+02:00,52.38395665109244,87.59542416842042,127.57626676180897,659.0776048976608
2025-09-04 14:04:00+02:00,52.36717377882004,87.34354040409679,126.71390515120451,653.5769415204678
2025-09-04 14:05:00+02:00,52.00214630689545,87.09165663977318,125.92664675463836,646.4336388888888
2025-09-04 14:06:00+02:00,51.4986601387236,86.83977287544964,125.47766838096749,645.0893783068783
2025-09-04 14:07:00+02:00,51.14504674716946,86.58788911112609,125.06971277126702,645.1530972222222
2025-09-04 14:08:00+02:00,51.075274042760846,86.33600534680257,124.66175716156654,643.7699444444444
2025-09-04 14:09:00+02:00,51.01223032015954,86.08412158247897,124.25380155186608,645.1839682539683
2025-09-04 14:10:00+02:00,50.94918659755823,85.84009536055531,123.84584594216552,641.5288234126984
2025-09-04 14:11:00+02:00,50.88614287495694,85.70317984818759,123.43789033246505,642.3164675925926
2025-09-04 14:12:00+02:00,50.82309915235564,85.60017583459825,123.05681432807236,636.12515625
2025-09-04 14:13:00+02:00,50.76005542975435,85.4971718210089,122.86927148189612,638.8309722222222
2025-09-04 14:14:00+02:00,50.69701170715311,85.39416780741956,122.7193600831508,638.5709126984127
2025-09-04 14:15:00+02:00,50.63396798455186,85.29116379383024,122.56944868440544,635.954417989418
2025-09-04 14:16:00+02:00,50.56976197438991,85.18815978024088,122.41953728566006,633.9223015873016
2025-09-04 14:17:00+02:00,50.38061005145105,85.08515576665152,122.26962588691472,631.1751884920635
2025-09-04 14:18:00+02:00,50.10835456792108,84.98215175306215,122.11971448816928,624.8975892857143
2025-09-04 14:19:00+02:00,49.87697223492473,84.87914773947273,121.96980308942392,629.107800925926
2025-09-04 14:20:00+02:00,49.714688662075744,84.72192629127105,121.81989169067856,628.7433055555556
2025-09-04 14:21:00+02:00,49.55348475735404,84.35945312632309,121.6699802919332,628.3560277777777
2025-09-04 14:22:00+02:00,49.39228085263235,83.9776165918708,120.3235063536846,625.2373611111111
2025-09-04 14:23:00+02:00,49.23107694791064,83.58806746516635,119.46023367393585,627.9858589616402
2025-09-04 14:24:00+02:00,49.06987304318895,83.19105861808683,118.9508855881402,627.03275
2025-09-04 14:25:00+02:00,48.90866913846725,82.7940497710073,118.44153750234456,623.470302579365
2025-09-04 14:26:00+02:00,48.74438938912674,82.39704092392776,117.93218941654897,617.8813044871795
2025-09-04 14:27:00+02:00,48.51628586394554,82.0000320768482,117.42224838288952,612.4004662698412
2025-09-04 14:28:00+02:00,48.262806620659006,81.5418176991772,116.79075303714625,612.5852314814815
2025-09-04 14:29:00+02:00,48.00932737737247,81.0159551034841,116.06794372037405,605.7188472222223
2025-09-04 14:30:00+02:00,47.75584813408596,80.490092507791,115.3451344036018,607.965
2025-09-04 14:31:00+02:00,47.50952677622399,79.96882723596846,114.62279725164582,601.3103472222223
2025-09-04 14:32:00+02:00,47.32223044278605,79.64148544377512,114.0893260261724,596.0170238095238
2025-09-04 14:33:00+02:00,47.14803854574081,79.4165385923342,113.70647537706888,590.5401111111111
2025-09-04 14:34:00+02:00,46.97384664869556,79.19159174089327,113.32362472796537,597.3764583333333
2025-09-04 14:35:00+02:00,46.79965475165034,78.96664488945231,112.94077407886186,594.0683449074074
2025-09-04 14:36:00+02:00,46.62546285460509,78.74169803801135,112.55792342975836,590.6684628817414
2025-09-04 14:37:00+02:00,46.45127095755987,78.5167511865704,112.17507278065482,589.4976111111112
2025-09-04 14:38:00+02:00,46.273054307749376,78.29180433512944,111.79222213155128,588.1388576388889
2025-09-04 14:39:00+02:00,46.05590732210067,78.06685748368848,111.39976162240474,587.7820185185185
2025-09-04 14:40:00+02:00,45.82902775249238,77.82749439553814,110.943235379638,585.6329710144927
2025-09-04 14:41:00+02:00,45.602148182884086,77.3430552833278,110.4749637523742,584.5027777777779
2025-09-04 14:42:00+02:00,45.37526861327576,76.77211875086098,110.00669212511048,578.9187499999999
2025-09-04 14:43:00+02:00,45.14838904366741,76.20118221839425,109.5384204978468,579.045267094017
2025-09-04 14:44:00+02:00,44.76131487068089,75.71592149602851,109.07014887058313,574.1488888888889
2025-09-04 14:45:00+02:00,44.20861576877793,75.41343583521149,108.59856717630566,574.1750000000001
2025-09-04 14:46:00+02:00,43.75907669811086,75.11666189506788,108.06519756443714,566.5493819444445
2025-09-04 14:47:00+02:00,43.54164769772444,74.81988795492427,107.50865748347202,568.4146031746031
2025-09-04 14:48:00+02:00,43.33281536660768,74.52311401478066,106.95211740250691,565.5180868055555
2025-09-04 14:49:00+02:00,43.12398303549092,74.22634007463704,106.39557732154168,560.8734132996633
2025-09-04 14:50:00+02:00,42.91515070437418,73.92799590200588,105.83930826199663,562.6098611111112
2025-09-04 14:51:00+02:00,42.70631837325749,73.00155873436175,105.39144777055115,559.1538888888889
2025-09-04 14:52:00+02:00,42.80448878658154,72.06892093274699,105.030043112165,551.8369642857143
2025-09-04 14:53:00+02:00,43.25546412739805,72.6460750505579,104.6686384537788,551.4292303240741
2025-09-04 14:54:00+02:00,43.6883896034981,73.327306140433,104.30723379539266,554.0831096491228
2025-09-04 14:55:00+02:00,43.764303678432405,73.631912166159,103.94582913700654,551.732829710145
2025-09-04 14:56:00+02:00,43.70125995583111,73.07852321790507,103.58442447862048,551.3845833333334
2025-09-04 14:57:00+02:00,43.6382162332298,72.49079443448343,103.22301982023448,549.2552804232804
2025-09-04 14:58:00+02:00,43.57517251062849,72.04023785806201,102.86637278355906,546.1110945767197
2025-09-04 14:59:00+02:00,43.5121287880272,72.98397554405027,103.2658711515595,542.8562499999999
2025-09-04 15:00:00+02:00,43.4490850654259,73.70428691987841,104.21259422407084,544.9449603174603
2025-09-04 15:01:00+02:00,43.38604134282465,73.44652158116118,105.15931729658234,548.6423148148148
2025-09-04 15:02:00+02:00,43.3229976202234,73.17402914521114,105.18379453841436,551.3827222222222
2025-09-04 15:03:00+02:00,43.25995389762215,72.90153670926108,104.29047635717284,546.1157015669515
2025-09-04 15:04:00+02:00,43.151662338672885,72.62904427331101,103.3971581759313,546.3038995726496
2025-09-04 15:05:00+02:00,42.74395878178701,72.35655183736097,102.57382707050884,540.6833785529716
2025-09-04 15:06:00+02:00,42.39445802923734,72.0840594014109,101.9487926799072,540.7443287037037
2025-09-04 15:07:00+02:00,42.10843086755215,71.79246400238925,101.33542280194207,540.3477777777778
2025-09-04 15:08:00+02:00,41.82240370586697,71.36332726925211,100.72205292397696,535.0999305555556
2025-09-04 15:09:00+02:00,41.53637654418179,70.90744638781473,100.10868304601176,536.2604166666666
2025-09-04 15:10:00+02:00,41.27018075085919,70.45156550637736,99.12996864946498,530.017003968254
2025-09-04 15:11:00+02:00,41.035715146916736,69.99577411863488,97.74745241659116,528.159525462963
2025-09-04 15:12:00+02:00,40.80161011330815,69.55832893833148,96.65536060069246,521.9462731481482
2025-09-04 15:13:00+02:00,40.56750507969955,69.13466578703104,96.02794785195424,525.694212962963
2025-09-04 15:14:00+02:00,40.333400046091,68.71100263573061,95.40581554716104,520.4643518518518
2025-09-04 15:15:00+02:00,40.02149844159162,68.28733948443016,94.7836832423678,516.2067923280423
2025-09-04 15:16:00+02:00,39.43310361892607,67.84865543110789,94.14762976717417,509.4841773504274
2025-09-04 15:17:00+02:00,38.83774061595858,67.23821062857944,93.06609883916556,504.50932692307697
2025-09-04 15:18:00+02:00,38.30354940486156,66.57943770650239,91.77575035515,506.9318055555555
2025-09-04 15:19:00+02:00,37.511437495080784,65.44545619219787,87.22227813550379,500.6888333333333
2025-09-04 15:20:00+02:00,35.75730416967272,60.92776006748263,87.50308734027118,497.799875
2025-09-04 15:21:00+02:00,37.54161512252269,62.50522108046651,91.00147417476282,461.2548611111111
2025-09-04 15:22:00+02:00,38.82539613919207,65.71951602110879,90.87318194301244,459.66151175213673
2025-09-04 15:23:00+02:00,38.682936874554265,65.51222938508077,90.72327054426708,487.3647156084656
2025-09-04 15:24:00+02:00,38.54047760991648,65.30407544095223,90.57335914552172,493.6076587301588
2025-09-04 15:25:00+02:00,38.39801834527872,65.09592149682368,90.42344774677632,491.7026145833333
2025-09-04 15:26:00+02:00,38.25555908064094,64.88776755269515,90.27353634803096,493.1985127314815
2025-09-04 15:27:00+02:00,38.11309981600317,64.67961360856661,90.12362494928558,489.1496363636364
2025-09-04 15:28:00+02:00,37.9706405513654,64.47145966443813,89.97371355054023,486.80049242424246
2025-09-04 15:29:00+02:00,37.82818128672764,64.26330572030966,89.82380215179492,488.483373015873
2025-09-04 15:30:00+02:00,37.68215210094403,64.05515177618118,89.6701870486349,485.2753830891331
2025-09-04 15:31:00+02:00,37.512323440854814,63.84074270090342,89.36034295925487,485.9008234126984
2025-09-04 15:32:00+02:00,37.33813154380957,63.53177076060354,88.96800727154744,482.7311111111112
2025-09-04 15:33:00+02:00,37.16393964676435,63.19115521566599,88.57567158384,480.02288194444446
2025-09-04 15:34:00+02:00,36.9897477497191,62.85053967072842,88.15515938940929,479.4271527777778
2025-09-04 15:35:00+02:00,36.81555585267386,62.50992412579088,87.54680381682347,474.4177083333333
2025-09-04 15:36:00+02:00,36.641363955628606,62.16930858085333,86.90401029157587,471.06902777777776
2025-09-04 15:37:00+02:00,36.46397581446307,61.82897288436818,86.26121676632829,469.5726507936508
2025-09-04 15:38:00+02:00,36.26202225420174,61.49078802313161,85.61842324108065,463.4556944444444
2025-09-04 15:39:00+02:00,36.05495470334797,61.15305091941889,85.01678210554464,463.9524166666667
2025-09-04 15:40:00+02:00,35.84788715249418,60.81531381570613,84.46377561239511,463.6268194444445
2025-09-04 15:41:00+02:00,35.640819601640395,60.47757671199338,83.91076911924557,466.7484111721612
2025-09-04 15:42:00+02:00,35.43375205078661,60.139839608280646,83.35776262609605,462.41467460317466
2025-09-04 15:43:00+02:00,35.230623558014905,59.81230884561416,82.80475613294651,456.2336363636364
2025-09-04 15:44:00+02:00,35.04898083660001,59.54044903410914,82.30094346894218,452.6801816239317
2025-09-04 15:45:00+02:00,34.87056098088862,59.27693986527832,81.93651332084927,450.956748366013
2025-09-04 15:46:00+02:00,34.69214112517723,59.01343069644749,81.5802821442806,449.56350710155857
2025-09-04 15:47:00+02:00,34.51372126946583,58.749921527616685,81.22405096771192,446.454445611578
2025-09-04 15:48:00+02:00,34.33530141375444,58.48641235878588,80.86781979114322,446.85130411255415
2025-09-04 15:49:00+02:00,34.15688155804305,58.22290318995505,80.51158861457449,445.22204166666666
2025-09-04 15:50:00+02:00,33.93544269267679,57.95939402112423,80.15535743800574,445.8456392450142
2025-09-04 15:51:00+02:00,33.57005560269622,57.525494126231855,79.79912626143698,438.0244444444445
2025-09-04 15:52:00+02:00,33.19308647165472,56.87793814850365,79.3074826391898,431.674963023088
2025-09-04 15:53:00+02:00,32.829245618808685,56.22984803056842,78.1653756618085,426.3334325396825
2025-09-04 15:54:00+02:00,32.58224644190239,55.66812337015975,76.95136853408349,425.1309722222222
2025-09-04 15:55:00+02:00,32.362816649206586,55.252405219079,76.19965375350341,421.9634325396826
2025-09-04 15:56:00+02:00,32.14338685651078,54.8389684197065,75.678105713557,417.6920138888889
2025-09-04 15:57:00+02:00,31.923957063814974,54.425531620334006,75.1565576736106,415.8584490740741
2025-09-04 15:58:00+02:00,31.70452727111918,54.012094820961536,74.63500963366421,413.03657051282056
2025-09-04 15:59:00+02:00,31.454665936503368,53.55773794492986,74.11346159371779,412.4561111111111
2025-09-04 16:00:00+02:00,31.147170987802262,53.066358142397,73.5968252518367,406.6550854700855
2025-09-04 16:01:00+02:00,30.838309724974152,52.57497833986414,73.09878319548875,404.2471527777778
2025-09-04 16:02:00+02:00,30.52944846214603,52.08359853733122,72.60249531702125,404.5684722222222
2025-09-04 16:03:00+02:00,30.259732551824715,51.65768842748079,72.10620743855368,399.93888888888887
2025-09-04 16:04:00+02:00,30.056194444986623,51.30915159080048,71.60991956008615,398.2627777777778
2025-09-04 16:05:00+02:00,29.853690366327964,50.96061475412018,71.1136316816186,395.3652991452991
2025-09-04 16:06:00+02:00,29.651186287669315,50.612077917439855,70.72117920668903,393.47583333333336
2025-09-04 16:07:00+02:00,29.448682209010663,50.26354108075957,70.56235638971995,387.3679166666666
2025-09-04 16:08:00+02:00,29.24617813035201,49.918549705004125,70.4121865230457,389.4938333333334
2025-09-04 16:09:00+02:00,29.089192362350968,49.66928577421971,70.26201665637143,389.328514957265
2025-09-04 16:10:00+02:00,29.02363060554307,49.46256737453348,70.11184678969717,383.4148680555556
2025-09-04 16:11:00+02:00,28.960586882941787,49.25584897484723,69.96167692302296,385.0247441520468
2025-09-04 16:12:00+02:00,28.897543160340508,49.04913057516098,69.81150705634877,384.9766319444445
2025-09-04 16:13:00+02:00,28.83449943773924,48.84241217547474,69.66133718967455,381.2868513431013
2025-09-04 16:14:00+02:00,28.771455715137957,48.63569377578848,69.51116732300038,382.1600712250713
2025-09-04 16:15:00+02:00,28.70841199253669,48.42897537610222,69.35730948400338,379.8055555555556
2025-09-04 16:16:00+02:00,28.645368269935407,48.22225697641598,68.80699462030661,377.3065740740741
2025-09-04 16:17:00+02:00,28.58232454733413,48.01553857672974,67.99917617265473,372.2190376984127
2025-09-04 16:18:00+02:00,28.515714914173227,47.7521640230554,67.27568863106568,373.4110694444444
2025-09-04 16:19:00+02:00,27.980576886159387,47.21663758683117,66.57890044969727,375.4265555555556
2025-09-04 16:20:00+02:00,27.345563078185364,46.6457010543644,65.88211226832887,369.0974038461538
2025-09-04 16:21:00+02:00,26.78419532097484,46.06961023375732,65.18539321277208,362.8144395424836
2025-09-04 16:22:00+02:00,26.486526394033067,43.693206784530425,64.49217653167194,362.8248888888889
2025-09-04 16:23:00+02:00,26.27709909901003,42.1954251402987,63.80091841523506,345.7852387566137
2025-09-04 16:24:00+02:00,26.067671803986965,42.93973505160994,63.10966029879814,324.6665743978244
2025-09-04 16:25:00+02:00,25.8582445089639,43.647174689368605,62.4184021823612,304.2684325396826
2025-09-04 16:26:00+02:00,25.64881721394084,43.5584702663796,59.2864988725254,295.1675747863248
2025-09-04 16:27:00+02:00,25.437571973648478,43.2078952025842,53.40960757284737,302.5519841269841
2025-09-04 16:28:00+02:00,25.21323752741717,42.85732013878879,51.09132264170914,314.29564814814813
2025-09-04 16:29:00+02:00,24.986357957808863,42.50674507499341,52.48232847551328,339.7200114379085
2025-09-04 16:30:00+02:00,24.759478388200552,42.15617001119804,55.395460476321226,338.603192499222
2025-09-04 16:31:00+02:00,24.53259881859224,41.7609235622051,58.70968238905524,332.8493659722222
2025-09-04 16:32:00+02:00,24.305479490984656,41.15109492360244,58.58236275031356,334.7532349537037
2025-09-04 16:33:00+02:00,23.982456963663413,40.513346669251256,57.999763936460376,329.91252777777777
2025-09-04 16:34:00+02:00,23.582951634570517,39.32453564655088,57.41716512260721,321.78764087301585
2025-09-04 16:35:00+02:00,23.18344630547762,30.504152650940203,56.83456630875399,255.2900138888889
2025-09-04 16:36:00+02:00,19.82971620665099,25.469019803275074,55.01708052991233,176.88318452380952
2025-09-04 16:37:00+02:00,15.03897957162566,32.44682320095106,40.5092292940823,224.29310515873013
2025-09-04 16:38:00+02:00,17.931094162192753,36.39917447324982,36.21229034177236,271.9530740740741
2025-09-04 16:39:00+02:00,20.79102547959417,37.72320130101232,47.05750734410659,284.1671750992064
2025-09-04 16:40:00+02:00,21.83310681310544,38.34613819607821,51.64887882061976,309.3316388888889
2025-09-04 16:41:00+02:00,22.924521972252897,38.85851713547147,54.68082696826209,309.403875
2025-09-04 16:42:00+02:00,22.78971038268727,39.37089607486472,55.92705146676101,309.69108796296297
2025-09-04 16:43:00+02:00,22.654334727893364,39.68294908170353,55.52659848896304,308.1639087301588
2025-09-04 16:44:00+02:00,22.51895907309946,39.03998467650659,55.12614551116511,304.5311755952381
2025-09-04 16:45:00+02:00,22.38358341830555,38.271416267416704,54.72569253336719,302.5082638888889
2025-09-04 16:46:00+02:00,22.24820776351165,37.70011374999321,54.32523955556928,300.7962400793651
2025-09-04 16:47:00+02:00,22.11283210871775,37.39140543900876,53.92478657777136,299.12267022357724
2025-09-04 16:48:00+02:00,21.97745645392385,37.08397807537281,53.52433359997343,299.2090955284553
2025-09-04 16:49:00+02:00,21.842080799129945,36.77655071173687,53.03719165368626,294.72093253968256
2025-09-04 16:50:00+02:00,21.661265453086138,36.46912334810091,52.47161683114695,287.1020087505088
2025-09-04 16:51:00+02:00,21.40363130825005,36.16169598446495,51.906042008607656,288.1541137566137
2025-09-04 16:52:00+02:00,21.14479686968283,35.83144301698687,51.34046718606837,283.9328587962964
2025-09-04 16:53:00+02:00,20.8859624311156,35.31296660859525,50.7748923635291,277.70550925925926
2025-09-04 16:54:00+02:00,20.62649460139578,34.75270178701572,50.14566418943461,277.3048544973545
2025-09-04 16:55:00+02:00,20.311288350249058,34.192436965436166,49.42073342384099,269.1226488095238
2025-09-04 16:56:00+02:00,19.961245585710515,33.66256942459802,48.6949124015822,261.3470701754386
2025-09-04 16:57:00+02:00,19.611202821171982,33.18409049422086,47.969091379323416,257.6816632553606
2025-09-04 16:58:00+02:00,19.28141987104329,32.706414510882134,47.3262563725588,253.05001253132832
2025-09-04 16:59:00+02:00,19.02833478975185,32.22873852754338,46.80819054992877,247.2304261363637
2025-09-04 17:00:00+02:00,18.782485356463912,31.79325725606622,46.29128537087207,248.89458333333332
2025-09-04 17:01:00+02:00,18.53663592317597,31.49104952571288,45.77438019181539,244.41076566951563
2025-09-04 17:02:00+02:00,18.29078648988804,31.19861861883967,45.25747501275871,245.54306666666665
2025-09-04 17:03:00+02:00,18.045439067032312,30.906187711966457,44.7126176242911,243.58652777777775
2025-09-04 17:04:00+02:00,17.801875816388367,30.61375680509323,43.6459856601525,239.82837632275127
2025-09-04 17:05:00+02:00,17.558468596013892,30.32132589822,42.38368823013727,241.5581994047619
2025-09-04 17:06:00+02:00,17.315061375639413,30.028894991346764,38.17338380777484,234.7054671717172
2025-09-04 17:07:00+02:00,17.07165415526493,29.67416068976372,28.25988076707705,234.2993650793651
2025-09-04 17:08:00+02:00,16.47383488574715,29.208013258817267,18.51621381901228,224.3632936507936
2025-09-04 17:09:00+02:00,13.905991929700148,28.739666884528123,13.517029293895035,225.3452380952381
2025-09-04 17:10:00+02:00,10.167650760647556,28.27132051023897,12.688240505914472,217.84897016178263
2025-09-04 17:11:00+02:00,6.985432321440744,27.32992958403527,12.688240505914472,214.0802297979798
2025-09-04 17:12:00+02:00,5.790277809137444,23.150471623434747,12.688240505914472,215.6742474747475
2025-09-04 17:13:00+02:00,5.790277809137444,16.725550167954317,12.688240505914472,214.44708333333327
2025-09-04 17:14:00+02:00,5.790277809137444,11.098281147314433,12.688240505914472,205.8945555555556
2025-09-04 17:15:00+02:00,5.790277809137444,9.77677612391065,12.688240505914472,184.2987222222222
2025-09-04 17:16:00+02:00,5.790277809137444,9.673496466277255,12.688240505914472,134.46166666666667
2025-09-04 17:17:00+02:00,5.790277809137444,9.570216808643863,12.688240505914472,81.83036111111112
2025-09-04 17:18:00+02:00,5.790277809137444,9.466937151010471,12.688240505914472,50.20405303030304
2025-09-04 17:19:00+02:00,5.790277809137444,9.363657493377078,12.688240505914472,47.79932291666666
2025-09-04 17:20:00+02:00,5.790277809137444,9.260377835743684,12.688240505914472,44.69572382478632
2025-09-04 17:21:00+02:00,5.787628549035453,9.157098178110294,12.688240505914472,49.30421626984127
2025-09-04 17:22:00+02:00,5.739941867199613,9.0538185204769,12.688240505914472,48.355401785714285
2025-09-04 17:23:00+02:00,5.6763596247518295,8.950538862843507,12.688240505914472,45.91380341880342
2025-09-04 17:24:00+02:00,5.612777382304046,8.837468458964784,12.688240505914472,45.25862268518518
2025-09-04 17:25:00+02:00,5.549195139856262,8.677367506157589,12.688240505914472,46.94650462962963
2025-09-04 17:26:00+02:00,5.485612897408479,8.511147336947063,12.688240505914472,40.76117181540809
2025-09-04 17:27:00+02:00,5.422030654960696,8.34492716773654,12.688240505914472,44.55905092592593
2025-09-04 17:28:00+02:00,5.358448412512912,8.17870699852601,12.688240505914472,42.54344410491469
2025-09-04 17:29:00+02:00,5.294866170065129,8.012486829315474,12.62648961715484,41.39115909090909
2025-09-04 17:30:00+02:00,5.231283927617344,7.87050710144814,12.47741423924016,44.25628890445066
2025-09-04 17:31:00+02:00,5.179446738288389,7.853192500488711,12.327715114974373,44.78520401382244
2025-09-04 17:32:00+02:00,5.1745897614347385,7.853192500488711,12.178015990708586,44.61979797979797
2025-09-04 17:33:00+02:00,5.1745897614347385,7.853192500488711,12.028316866442802,44.36307870370371
2025-09-04 17:34:00+02:00,5.1745897614347385,7.853192500488711,11.878617742177015,41.51211574074074
2025-09-04 17:35:00+02:00,5.1745897614347385,7.853192500488711,11.728918617911232,40.99288492063492
2025-09-04 17:36:00+02:00,5.1745897614347385,7.853192500488711,11.579219493645446,43.26228174603174
2025-09-04 17:37:00+02:00,5.1745897614347385,7.853192500488711,11.42952036937967,41.86903600464576
2025-09-04 17:38:00+02:00,5.1745897614347385,7.853192500488711,11.276248879648463,41.47073051948052
2025-09-04 17:39:00+02:00,5.1745897614347385,7.853192500488711,11.03928197044138,41.0166617063492
2025-09-04 17:40:00+02:00,5.1745897614347385,7.818169289925946,10.767101744503597,40.053023504273504
2025-09-04 17:41:00+02:00,4.976690031816012,7.716816407113703,10.49492151856581,40.10972426470588
2025-09-04 17:42:00+02:00,4.5922181665298,7.613891053623132,10.222741292628024,38.62259520609319
2025-09-04 17:43:00+02:00,4.558901713732033,7.51096570013256,9.950561066690238,39.67075268817205
2025-09-04 17:44:00+02:00,4.558901713732033,7.408040346641989,9.794813492959172,39.46842307692308
2025-09-04 17:45:00+02:00,4.558901713732033,7.305114993151425,9.794057436776011,39.065694444444446
2025-09-04 17:46:00+02:00,4.558901713732033,7.202189639660857,9.794057436776011,36.99806693510738
2025-09-04 17:47:00+02:00,4.558901713732033,7.099264286170293,9.794057436776011,37.5046
2025-09-04 17:48:00+02:00,4.558901713732033,6.996338932679726,9.794057436776011,36.52732976190476
2025-09-04 17:49:00+02:00,4.558901713732033,6.893985386708553,9.794057436776011,34.09972222222222
2025-09-04 17:50:00+02:00,4.558901713732033,6.853101149072023,9.794057436776011,37.40508333333333
2025-09-04 17:51:00+02:00,4.558901713732033,6.853101149072023,9.794057436776011,34.83632738095238
2025-09-04 17:52:00+02:00,4.529859824689452,6.853101149072023,9.794057436776011,34.63553571428572
2025-09-04 17:53:00+02:00,4.466495703142002,6.853101149072023,9.790954753382852,38.60821180555556
2025-09-04 17:54:00+02:00,4.403131581594551,6.853101149072023,9.68856620140861,33.289922528860025
2025-09-04 17:55:00+02:00,4.339767460047101,6.853101149072023,9.539637398536986,38.10332407407408
2025-09-04 17:56:00+02:00,4.2764033384996525,6.853101149072023,9.390708595665364,35.43216726190476
2025-09-04 17:57:00+02:00,4.213039216952205,6.853101149072023,9.24177979279374,35.617393162393164
2025-09-04 17:58:00+02:00,4.14967509540476,6.853101149072023,9.092850989922123,35.31997707847708
2025-09-04 17:59:00+02:00,4.086310973857312,6.728089730144936,8.943922187050507,33.90540740740741
2025-09-04 18:00:00+02:00,4.0229468523098655,5.90301436522617,8.794993384178891,35.2252380952381
2025-09-04 18:01:00+02:00,3.961430850974218,5.853009797655336,8.646064581307275,36.2223685515873
2025-09-04 18:02:00+02:00,3.943213666029328,5.853009797655336,8.49713577843566,36.90951058201058
2025-09-04 18:03:00+02:00,3.943213666029328,5.853009797655336,8.366202539244364,37.31077380952381
2025-09-04 18:04:00+02:00,3.943213666029328,5.853009797655336,8.346965902206781,34.38849977954145
2025-09-04 18:05:00+02:00,3.943213666029328,5.853009797655336,8.346965902206781,36.82948148148149
2025-09-04 18:06:00+02:00,3.943213666029328,5.853009797655336,8.346965902206781,33.87822222222223
2025-09-04 18:07:00+02:00,3.943213666029328,5.853009797655336,8.346965902206781,34.589224664224666
2025-09-04 18:08:00+02:00,3.943213666029328,5.853009797655336,8.346965902206781,33.386625
2025-09-04 18:09:00+02:00,3.943213666029328,5.852723893895639,8.346965902206781,30.964915674603176
2025-09-04 18:10:00+02:00,3.943213666029328,5.793827719398258,8.346965902206781,35.52553571428572
2025-09-04 18:11:00+02:00,3.890848445477294,5.690902365907685,8.346965902206781,35.46248207885305
2025-09-04 18:12:00+02:00,3.552854749186892,5.587977012417115,8.346965902206781,33.028691425120776
2025-09-04 18:13:00+02:00,3.3291124431918355,5.485051658926543,7.990148811491081,31.855538302277434
2025-09-04 18:14:00+02:00,3.327525618326623,5.382126305435976,7.015509535925045,34.40135846560847
2025-09-04 18:15:00+02:00,3.327525618326623,5.279200951945408,6.899874367637549,34.47236111111111
2025-09-04 18:16:00+02:00,3.327525618326623,5.1762755984548425,6.899874367637549,27.592822954822957
2025-09-04 18:17:00+02:00,3.327525618326623,5.073350244964277,6.899874367637549,34.17976851851852
2025-09-04 18:18:00+02:00,3.327525618326623,4.970424891473711,6.899874367637549,33.00691798941799
2025-09-04 18:19:00+02:00,3.327525618326623,4.862699408985044,6.899874367637549,28.24200244200244
2025-09-04 18:20:00+02:00,3.327525618326623,4.700085494909392,6.899874367637549,30.150808857808855
2025-09-04 18:21:00+02:00,3.327525618326623,4.522027687535497,6.899874367637549,32.188951851851854
2025-09-04 18:22:00+02:00,3.3256774981148225,4.343969880161605,6.899874367637549,30.16332175925926
2025-09-04 18:23:00+02:00,3.280530561512264,4.165912072787715,6.899874367637549,34.04083333333333
2025-09-04 18:24:00+02:00,3.2171664399648146,3.987854265413826,6.847038121744772,26.4924173414305
2025-09-04 18:25:00+02:00,3.153802318417364,3.858762355067757,6.699718236137854,27.569252136752137
2025-09-04 18:26:00+02:00,3.090438196869913,3.852827094821961,6.550533541852367,26.580016025641022
2025-09-04 18:27:00+02:00,3.0270740753224654,3.852827094821961,6.401348847566879,32.04817982456141
2025-09-04 18:28:00+02:00,2.963709953775019,3.852827094821961,6.2521641532813925,32.03688596491228
2025-09-04 18:29:00+02:00,2.900345832227572,3.852827094821961,6.102979458995905,29.918223684210528
2025-09-04 18:30:00+02:00,2.8369817106801247,3.852827094821961,5.953794764710418,23.373230158730163
2025-09-04 18:31:00+02:00,2.7736175891326784,3.852827094821961,5.804610070424931,28.978838383838383
2025-09-04 18:32:00+02:00,2.693944229403684,3.852827094821961,5.655425376139443,26.88030073995772
2025-09-04 18:33:00+02:00,2.5253113886844267,3.852827094821961,5.5026363776548575,26.75010527586109
2025-09-04 18:34:00+02:00,2.3433346258166314,3.852683897320327,5.119171910428105,27.41888888888889
2025-09-04 18:35:00+02:00,2.16312708147672,3.7952616991648154,4.599258784235567,25.69694599723948
2025-09-04 18:36:00+02:00,2.0961495229212126,3.692159497987837,4.112562329994219,24.403832437275984
2025-09-04 18:37:00+02:00,2.0961495229212126,3.5890572968108603,4.005691298499087,16.62252688172043
2025-09-04 18:38:00+02:00,2.0961495229212126,3.4859550956338823,4.005691298499087,16.026772137887413
2025-09-04 18:39:00+02:00,2.0961495229212126,3.382852894456905,4.005691298499087,15.867626050420162
2025-09-04 18:40:00+02:00,2.0961495229212126,3.279750693279927,4.005691298499087,16.354180672268907
2025-09-04 18:41:00+02:00,2.0961495229212126,3.176648492102949,4.005691298499087,16.840735294117653
2025-09-04 18:42:00+02:00,2.0961495229212126,3.0744787615700675,4.005691298499087,17.008872549019607
2025-09-04 18:43:00+02:00,2.0961495229212126,2.972662737114997,4.005691298499087,19.594523809523803
2025-09-04 18:44:00+02:00,2.0961495229212126,2.8510609366113067,4.005691298499087,24.42309523809523
2025-09-04 18:45:00+02:00,2.0903995627055987,2.5032130882473296,4.005691298499087,22.234897660818717
2025-09-04 18:46:00+02:00,2.0372345459427623,2.101233460605514,3.973312314076711,19.36314484126984
2025-09-04 18:47:00+02:00,1.9735426789390336,1.9027255804152372,3.83258826639485,23.646766666666664
2025-09-04 18:48:00+02:00,1.9098508119353057,1.9027255804152372,3.68314679983004,21.864246626984126
2025-09-04 18:49:00+02:00,1.8461589449315776,1.9027255804152372,3.533705333265233,23.11617424242424
2025-09-04 18:50:00+02:00,1.78246707792785,1.9027255804152372,3.384263866700425,22.363524720893142
2025-09-04 18:51:00+02:00,1.7187752109241226,1.9027255804152372,3.2348224001356165,23.75559595959596
2025-09-04 18:52:00+02:00,1.6550833439203942,1.9027255804152372,2.9367913436922226,24.15481091617934
2025-09-04 18:53:00+02:00,1.59487975581779,1.9027255804152372,2.575604598785791,23.040974025974023
2025-09-04 18:54:00+02:00,1.5361066635594638,1.9027255804152372,2.4278814633057557,19.9086531986532
2025-09-04 18:55:00+02:00,1.4135117427714734,1.9027255804152372,2.095496687724632,20.01541456228956
2025-09-04 18:56:00+02:00,1.1545360690041473,1.7918288031347878,1.7918288031347878,20.144742424242423
2025-09-04 18:57:00+02:00,0.9735428783857276,1.5167440810119586,1.3273296445655296,18.43355054302423
2025-09-04 18:58:00+02:00,0.9685741515500194,1.269670664148866,1.1202194506571637,20.363333333333333
2025-09-04 18:59:00+02:00,0.9685741515500194,1.0483936621279708,1.0483936621279708,14.703765567765569
2025-09-04 19:00:00+02:00,0.8545313955882258,0.8545313955882258,0.8545313955882258,18.413942307692302
2025-09-04 19:01:00+02:00,0.6867016239418455,0.6867016239418455,0.6867016239418455,15.994565018315017
2025-09-04 19:02:00+02:00,0.5432951054686848,0.5432951054686848,0.5432951054686848,14.847838095238096
2025-09-04 19:03:00+02:00,0.422501631867572,0.422501631867572,0.422501631867572,16.31781177156177
2025-09-04 19:04:00+02:00,0.3223451925812163,0.3223451925812163,0.3223451925812163,16.436178674055828
2025-09-04 19:05:00+02:00,0.2407274465713923,0.2407274465713923,0.2407274465713923,14.356180555555556
2025-09-04 19:06:00+02:00,0.1754780857577555,0.1754780857577555,0.1754780857577555,12.362359375
2025-09-04 19:07:00+02:00,0.124409899002114,0.124409899002114,0.124409899002114,14.549680555555556
2025-09-04 19:08:00+02:00,0.0853756328246596,0.0853756328246596,0.0853756328246596,15.691380952380952
2025-09-04 19:09:00+02:00,0.0563232052790225,0.0563232052790225,0.0563232052790225,13.060006172839506
2025-09-04 19:10:00+02:00,0.0353455879787803,0.0353455879787803,0.0353455879787803,11.79735096153846
2025-09-04 19:11:00+02:00,0.0002942504484759,0.0002942504484759,0.0002942504484759,11.935671146953403
2025-09-04 19:12:00+02:00,0.0001551239201305,0.0001551239201305,0.0001551239201305,13.948992063492064
2025-09-04 19:13:00+02:00,6.714137978959668e-05,6.714137978959668e-05,6.714137978959668e-05,13.150648148148148
2025-09-04 19:14:00+02:00,1.524941557173232e-05,1.524941557173232e-05,1.524941557173232e-05,11.46946875
2025-09-04 19:15:00+02:00,0.0,0.0,0.0,12.41986111111111
2025-09-04 19:16:00+02:00,0.0,0.0,0.0,8.908561507936508
2025-09-04 19:17:00+02:00,0.0,0.0,0.0,11.0605
2025-09-04 19:18:00+02:00,0.0,0.0,0.0,10.83995987654321
2025-09-04 19:19:00+02:00,0.0,0.0,0.0,11.810190377722634
2025-09-04 19:20:00+02:00,0.0,0.0,0.0,13.728828185703186
2025-09-04 19:21:00+02:00,0.0,0.0,0.0,12.894141414141414
2025-09-04 19:22:00+02:00,0.0,0.0,0.0,11.14744363044363
2025-09-04 19:23:00+02:00,0.0,0.0,0.0,11.287579365079369
2025-09-04 19:24:00+02:00,0.0,0.0,0.0,12.599976293103447
2025-09-04 19:25:00+02:00,0.0,0.0,0.0,12.971027777777778
2025-09-04 19:26:00+02:00,0.0,0.0,0.0,12.543981196581194
2025-09-04 19:27:00+02:00,0.0,0.0,0.0,10.231518518518518
2025-09-04 19:28:00+02:00,0.0,0.0,0.0,9.806446225071223
2025-09-04 19:29:00+02:00,0.0,0.0,0.0,6.971861772486772
2025-09-04 19:30:00+02:00,0.0,0.0,0.0,10.898470169677068
2025-09-04 19:31:00+02:00,0.0,0.0,0.0,11.994685618500272
2025-09-04 19:32:00+02:00,0.0,0.0,0.0,10.790111111111113
2025-09-04 19:33:00+02:00,0.0,0.0,0.0,7.3676006944444445
2025-09-04 19:34:00+02:00,0.0,0.0,0.0,12.971333333333332
2025-09-04 19:35:00+02:00,0.0,0.0,0.0,11.35793771043771
2025-09-04 19:36:00+02:00,0.0,0.0,0.0,11.580436507936506
2025-09-04 19:37:00+02:00,0.0,0.0,0.0,8.998561253561252
2025-09-04 19:38:00+02:00,0.0,0.0,0.0,9.195972222222222
2025-09-04 19:39:00+02:00,0.0,0.0,0.0,12.960603174603174
2025-09-04 19:40:00+02:00,0.0,0.0,0.0,10.608166666666667
2025-09-04 19:41:00+02:00,0.0,0.0,0.0,10.605427248677248
2025-09-04 19:42:00+02:00,0.0,0.0,0.0,9.822977092352092
2025-09-04 19:43:00+02:00,0.0,0.0,0.0,10.572407407407407
2025-09-04 19:44:00+02:00,0.0,0.0,0.0,12.99181818181818
2025-09-04 19:45:00+02:00,0.0,0.0,0.0,10.622351851851851
2025-09-04 19:46:00+02:00,0.0,0.0,0.0,11.82112962962963
2025-09-04 19:47:00+02:00,0.0,0.0,0.0,9.464848927875243
2025-09-04 19:48:00+02:00,0.0,0.0,0.0,10.93097953216374
2025-09-04 19:49:00+02:00,0.0,0.0,0.0,13.07461111111111
2025-09-04 19:50:00+02:00,0.0,0.0,0.0,10.699222222222224
2025-09-04 19:51:00+02:00,0.0,0.0,0.0,12.524301075268816
2025-09-04 19:52:00+02:00,0.0,0.0,0.0,11.89831746031746
2025-09-04 19:53:00+02:00,0.0,0.0,0.0,9.000224867724867
2025-09-04 19:54:00+02:00,0.0,0.0,0.0,10.3690826873385
2025-09-04 19:55:00+02:00,0.0,0.0,0.0,9.069642981539532
2025-09-04 19:56:00+02:00,0.0,0.0,0.0,8.834069041867954
2025-09-04 19:57:00+02:00,0.0,0.0,0.0,9.999492296918769
2025-09-04 19:58:00+02:00,0.0,0.0,0.0,11.677373737373737
2025-09-04 19:59:00+02:00,0.0,0.0,0.0,12.584090909090907
2025-09-04 20:00:00+02:00,0.0,0.0,0.0,11.730092592592593
2025-09-05 05:00:00+02:00,0.0,0.0,0.0,12.981944444444444
2025-09-05 05:01:00+02:00,0.0,0.0,0.0,11.902219336219336
2025-09-05 05:02:00+02:00,0.0,0.0,0.0,11.993181818181816
2025-09-05 05:03:00+02:00,0.0,0.0,0.0,13.14767195767196
2025-09-05 05:04:00+02:00,0.0,0.0,0.0,9.343651515151516
2025-09-05 05:05:00+02:00,0.0,0.0,0.0,11.299989583333334
2025-09-05 05:06:00+02:00,0.0,0.0,0.0,10.801157407407407
2025-09-05 05:07:00+02:00,0.0,0.0,0.0,10.057976190476188
2025-09-05 05:08:00+02:00,0.0,0.0,0.0,10.801286764705884
2025-09-05 05:09:00+02:00,0.0,0.0,0.0,8.721078431372549
2025-09-05 05:10:00+02:00,0.0,0.0,0.0,9.003712121212121
2025-09-05 05:11:00+02:00,0.0,0.0,0.0,10.442336182336184
2025-09-05 05:12:00+02:00,0.0,0.0,0.0,13.156324074074073
2025-09-05 05:13:00+02:00,0.0,0.0,0.0,8.959169973544974
2025-09-05 05:14:00+02:00,0.0,0.0,0.0,11.493253968253969
2025-09-05 05:15:00+02:00,0.0,0.0,0.0,11.408425925925926
2025-09-05 05:16:00+02:00,0.0,0.0,0.0,11.991474747474747
2025-09-05 05:17:00+02:00,0.0,0.0,0.0,10.60664351851852
2025-09-05 05:18:00+02:00,0.0,0.0,0.0,9.923680555555556
2025-09-05 05:19:00+02:00,0.0,0.0,0.0,10.34517543859649
2025-09-05 05:20:00+02:00,0.0,0.0,0.0,9.359916666666663
2025-09-05 05:21:00+02:00,0.0,0.0,0.0,10.094310185185185
2025-09-05 05:22:00+02:00,0.0,0.0,0.0,9.400540849673202
2025-09-05 05:23:00+02:00,0.0,0.0,0.0,9.682152777777777
2025-09-05 05:24:00+02:00,0.0,0.0,0.0,11.232666666666669
2025-09-05 05:25:00+02:00,0.0,0.0,0.0,10.398527777777778
2025-09-05 05:26:00+02:00,0.0,0.0,0.0,10.675651515151516
2025-09-05 05:27:00+02:00,0.0,0.0,0.0,8.729132553606236
2025-09-05 05:28:00+02:00,0.0,0.0,0.0,11.830500730994151
2025-09-05 05:29:00+02:00,0.0,0.0,0.0,11.450525793650792
2025-09-05 05:30:00+02:00,0.0,0.0,0.0,10.331267973856209
2025-09-05 05:31:00+02:00,0.0,0.0,0.0,10.22675
2025-09-05 05:32:00+02:00,0.0,0.0,0.0,10.865281746031746
2025-09-05 05:33:00+02:00,0.0,0.0,0.0,13.79626636904762
2025-09-05 05:34:00+02:00,0.0,0.0,0.0,10.28526851851852
2025-09-05 05:35:00+02:00,0.0,0.0,0.0,8.514040113781492
2025-09-05 05:36:00+02:00,0.0,0.0,0.0,11.54737962962963
2025-09-05 05:37:00+02:00,0.0,0.0,0.0,7.787875
2025-09-05 05:38:00+02:00,0.0,0.0,0.0,11.666176470588235
2025-09-05 05:39:00+02:00,0.0,0.0,0.0,10.80360201627821
2025-09-05 05:40:00+02:00,0.0,0.0,0.0,12.747133152173914
2025-09-05 05:41:00+02:00,0.0,0.0,0.0,12.74689236111111
2025-09-05 05:42:00+02:00,0.0,0.0,0.0,13.177072222222222
2025-09-05 05:43:00+02:00,0.0,0.0,0.0,11.337354497354497
2025-09-05 05:44:00+02:00,0.0,0.0,0.0,13.018798076923076
2025-09-05 05:45:00+02:00,0.0,0.0,0.0,10.365252525252524
2025-09-05 05:46:00+02:00,0.0,0.0,0.0,11.264444444444443
2025-09-05 05:47:00+02:00,0.0,0.0,0.0,11.953209475709476
2025-09-05 05:48:00+02:00,0.0,0.0,0.0,11.84547311827957
2025-09-05 05:49:00+02:00,0.0,0.0,0.0,13.108194444444443
2025-09-05 05:50:00+02:00,0.0,0.0,0.0,14.294666666666666
2025-09-05 05:51:00+02:00,0.0,0.0,0.0,14.268333333333333
2025-09-05 05:52:00+02:00,0.0,0.0,0.0,13.838958333333332
2025-09-05 05:53:00+02:00,0.0,0.0,0.0,14.675944444444442
2025-09-05 05:54:00+02:00,0.0,0.0,0.0,14.703261904761904
2025-09-05 05:55:00+02:00,0.0,0.0,0.0,12.721005938505938
2025-09-05 05:56:00+02:00,1.4551692447993665e-06,1.4551692447993665e-06,1.4551692447993665e-06,16.10392929292929
2025-09-05 05:57:00+02:00,4.203602254697093e-05,4.203602254697093e-05,4.203602254697093e-05,13.049947204968944
2025-09-05 05:58:00+02:00,0.0001134030702186,0.0001134030702186,0.0001134030702186,15.226454545454544
2025-09-05 05:59:00+02:00,0.0002291479579676,0.0002291479579676,0.0002291479579676,14.10732886904762
2025-09-05 06:00:00+02:00,0.0285735277008973,0.0285735277008973,0.0285735277008973,14.487092013888889
2025-09-05 06:01:00+02:00,0.0466785566468683,0.0466785566468683,0.0466785566468683,15.192073412698411
2025-09-05 06:02:00+02:00,0.0720926921230784,0.0720926921230784,0.0720926921230784,14.881765873015873
2025-09-05 06:03:00+02:00,0.1066406048796951,0.1066406048796951,0.1066406048796951,16.035246825396825
2025-09-05 06:04:00+02:00,0.1523093987508344,0.1523093987508344,0.1523093987508344,18.15672161172161
2025-09-05 06:05:00+02:00,0.2112023120495573,0.2112023120495573,0.2112023120495573,16.13112103174603
2025-09-05 06:06:00+02:00,0.2854857256423784,0.2854857256423784,0.2854857256423784,18.40527777777778
2025-09-05 06:07:00+02:00,0.377333002788946,0.377333002788946,0.377333002788946,16.60777777777778
2025-09-05 06:08:00+02:00,0.4888687215725431,0.4888687215725431,0.4888687215725431,19.867669082125605
2025-09-05 06:09:00+02:00,0.6221164248456091,0.6221164248456091,0.6221164248456091,18.793604497354497
2025-09-05 06:10:00+02:00,0.7789523686542196,0.7789523686542196,0.7789523686542196,19.083761904761904
2025-09-05 06:11:00+02:00,0.9610669971772156,0.9610669971772156,0.9610669971772156,17.755303724053725
2025-09-05 06:12:00+02:00,1.1699351075368274,1.1699351075368274,1.1699351075368274,21.63283333333333
2025-09-05 06:13:00+02:00,1.2967348312031006,1.4054707161865656,1.4054707161865656,18.06472685185185
2025-09-05 06:14:00+02:00,1.3500380115868496,1.6677124379777135,1.6677124379777135,16.88149928774929
2025-09-05 06:15:00+02:00,1.403341191970599,1.9582996499708645,1.9582996499708645,21.93027777777778
2025-09-05 06:16:00+02:00,1.4578620391036408,2.078483236996424,2.277474885180422,22.37333333333333
2025-09-05 06:17:00+02:00,1.5348830656765369,2.169002201759268,2.4238874748643013,24.8131905982906
2025-09-05 06:18:00+02:00,1.6381149298575328,2.2694437895933177,2.7726998043858653,26.971158424908424
2025-09-05 06:19:00+02:00,1.7500582112580243,2.371085172497007,3.1477855147382847,27.81892063492064
2025-09-05 06:20:00+02:00,1.8620014926585164,2.472726555400697,3.4599451736871427,29.52948484848485
2025-09-05 06:21:00+02:00,1.9739447740590084,2.5743679383043854,3.756277911141594,28.54684027777778
2025-09-05 06:22:00+02:00,2.081839792138413,2.676009321208075,4.020728572576099,31.207619047619048
2025-09-05 06:23:00+02:00,2.153705266660144,2.7776507041117635,4.17849690271311,34.42346031746032
2025-09-05 06:24:00+02:00,2.2170693882075905,2.906248958955385,4.3276815969985964,30.751196581196584
2025-09-05 06:25:00+02:00,2.2804335097550386,3.1067322056388185,4.476866291284082,34.38234548611111
2025-09-05 06:26:00+02:00,2.343797631302488,3.313122624143644,4.626050985569571,36.88348576388889
2025-09-05 06:27:00+02:00,2.407161752849935,3.5200380761608883,4.775235679855058,37.55094444444445
2025-09-05 06:28:00+02:00,2.470525874397384,3.726953528178134,4.924420374140545,36.65104497354498
2025-09-05 06:29:00+02:00,2.533889995944833,3.89277327236418,5.073605068426033,37.52449372759857
2025-09-05 06:30:00+02:00,2.597254117492281,3.996805763517298,5.22278976271152,40.21169130824373
2025-09-05 06:31:00+02:00,2.6606182390397293,4.100263489525922,5.371974456997011,39.44405505952381
2025-09-05 06:32:00+02:00,2.7460810807086724,4.203721215534548,5.6644584564760505,40.69750992063492
2025-09-05 06:33:00+02:00,2.897583120880219,4.307178941543174,6.12629618027474,44.15989087301588
2025-09-05 06:34:00+02:00,3.053453512703689,4.410636667551799,6.588133904073432,44.01291666666666
2025-09-05 06:35:00+02:00,3.2093239045271584,4.51409439356042,6.892818513523958,46.03454670329671
2025-09-05 06:36:00+02:00,3.3397550720247238,4.617552119569039,6.899874367637549,47.31704312354312
2025-09-05 06:37:00+02:00,3.406202735914707,4.721009845577658,6.899874367637549,49.01665764790764
2025-09-05 06:38:00+02:00,3.469566857462157,4.832017189430149,6.899874367637549,48.485166666666665
2025-09-05 06:39:00+02:00,3.5329309790096075,5.146864215067202,6.899874367637549,48.2144623655914
2025-09-05 06:40:00+02:00,3.596295100557056,5.5523066548307245,6.899874367637549,51.80091018748277
2025-09-05 06:41:00+02:00,3.659659222104504,5.870775432290774,6.899874367637549,49.88459502923977
2025-09-05 06:42:00+02:00,3.7230233436519504,5.98252420079764,6.899874367637549,53.15943650793651
2025-09-05 06:43:00+02:00,3.786387465199397,6.08544955428821,6.899874367637549,51.01568518518519
2025-09-05 06:44:00+02:00,3.849751586746844,6.1883749077787815,6.90425949349988,43.57517482517483
2025-09-05 06:45:00+02:00,3.9131157082942902,6.291300261269351,7.294535695247337,47.84290178571428
2025-09-05 06:46:00+02:00,4.023687415002919,6.394225614759916,7.925993819422998,48.38082692307692
2025-09-05 06:47:00+02:00,4.176970746381185,6.497150968250482,8.55745194359866,50.97520515499826
2025-09-05 06:48:00+02:00,4.33025407775945,6.600076321741047,9.188910067774328,50.39313852813853
2025-09-05 06:49:00+02:00,4.483537409137718,6.703001675231613,9.750074096048412,53.00792748917749
2025-09-05 06:50:00+02:00,4.591278412792262,6.805927028722181,9.949725631114354,54.299675925925925
2025-09-05 06:51:00+02:00,4.65497027979599,7.226698492992048,10.099167097679164,58.92104788011696
2025-09-05 06:52:00+02:00,4.718662146799721,7.813758871245445,10.248608564243971,61.4550625
2025-09-05 06:53:00+02:00,4.782354013803451,7.965745736773576,10.39805003080878,56.57098150782361
2025-09-05 06:54:00+02:00,4.84604588080718,8.068847937950553,10.547491497373588,60.83597222222222
2025-09-05 06:55:00+02:00,4.90973774781091,8.171950139127533,10.696932963938394,60.95205555555555
2025-09-05 06:56:00+02:00,4.973429614814638,8.27505234030451,10.846374430503204,63.02726190476191
2025-09-05 06:57:00+02:00,5.037121481818363,8.378154541481486,10.995815897068017,63.48666666666667
2025-09-05 06:58:00+02:00,5.10081334882209,8.481256742658466,11.14525736363282,64.94480952380952
2025-09-05 06:59:00+02:00,5.177494571389819,8.584358943835442,11.520017162248406,63.395595427963855
2025-09-05 07:00:00+02:00,5.415614927395875,8.687461145012419,12.275692480708331,67.5345928030303
2025-09-05 07:01:00+02:00,5.69948965067588,8.790563346189398,12.835357020519476,67.70566666666667
2025-09-05 07:02:00+02:00,5.892892483754564,9.09347379464732,13.156338506930387,71.69730753968254
2025-09-05 07:03:00+02:00,6.041251049466061,9.68610352791502,13.477319993341313,71.16964583333333
2025-09-05 07:04:00+02:00,6.189609615177557,10.031036141996898,13.798301479752226,75.51488720538721
2025-09-05 07:05:00+02:00,6.337968180889055,10.27040540554889,14.119282966163142,80.95306397306398
2025-09-05 07:06:00+02:00,6.486326746600551,10.509719674256283,14.44026445257406,77.47484046546548
2025-09-05 07:07:00+02:00,6.634685312312048,10.749033942963688,14.761245938984972,82.66803240740741
2025-09-05 07:08:00+02:00,6.78304387802354,10.988348211671088,15.0822274253959,79.1016388888889
2025-09-05 07:09:00+02:00,6.931402443735032,11.227662480378486,15.40320891180683,79.06030681818181
2025-09-05 07:10:00+02:00,7.128726002570136,11.466976749085886,15.850051054034305,90.22760378510378
2025-09-05 07:11:00+02:00,7.399668257360327,11.706291017793289,16.454712200420445,90.49092037037036
2025-09-05 07:12:00+02:00,7.671295337229171,12.02759093477244,17.059767894316987,94.52894612794611
2025-09-05 07:13:00+02:00,7.942922417098008,12.472155987265076,17.664823588213533,102.69633766233768
2025-09-05 07:14:00+02:00,8.21884818240514,12.917867895876908,18.27069692493967,104.16947132616488
2025-09-05 07:15:00+02:00,8.543928481202299,13.363580580890902,18.917997498365025,104.98468862007168
2025-09-05 07:16:00+02:00,8.882839333148743,13.808220551861544,19.588464618628752,113.06241666666666
2025-09-05 07:17:00+02:00,9.221750185095182,14.243313367846334,20.25893173889248,118.07231481481482
2025-09-05 07:18:00+02:00,9.564050145561088,14.676153484340077,20.929398859156237,123.45754166666666
2025-09-05 07:19:00+02:00,9.915387728745564,15.108993600833816,21.58363689669777,121.3083457402812
2025-09-05 07:20:00+02:00,10.267209470289968,15.541833717327547,22.20885351572428,127.54055555555556
2025-09-05 07:21:00+02:00,10.619906161191617,15.99552680818362,22.83349734359589,129.04710069444445
2025-09-05 07:22:00+02:00,10.99622648473885,16.493706244346,23.45953418752472,133.2092137254902
2025-09-05 07:23:00+02:00,11.383046200573007,16.993275878799185,24.091013208005386,134.97090587245
2025-09-05 07:24:00+02:00,11.769865916407172,17.492845513252366,24.837699347387883,140.66974206349207
2025-09-05 07:25:00+02:00,12.043591353876968,18.06901841075253,25.63838882375564,136.4845588235294
2025-09-05 07:26:00+02:00,12.221621632730766,18.8086116027529,26.43907830012339,141.76605158730158
2025-09-05 07:27:00+02:00,12.39965191158456,19.553966491173703,27.319558706948616,145.17053703703704
2025-09-05 07:28:00+02:00,12.577682190438356,20.36971369295268,28.559433556842837,153.79017653642654
2025-09-05 07:29:00+02:00,12.755712469292156,21.23227996826754,29.83580766592643,157.2118695054945
2025-09-05 07:30:00+02:00,12.93374274814595,21.92337732596009,31.005088028345156,160.5751456365272
2025-09-05 07:31:00+02:00,13.113003404527872,22.248674326058374,32.13853157281377,159.84985323886642
2025-09-05 07:32:00+02:00,13.400047372996012,22.562540064981853,33.210285091033974,164.38812499999997
2025-09-05 07:33:00+02:00,13.75345593334742,22.87640580390532,34.12687884626572,167.40575492831542
2025-09-05 07:34:00+02:00,14.106864493698833,23.190271542828786,35.03599502255827,175.28402860449737
2025-09-05 07:35:00+02:00,14.4891776614697,23.504137281752257,35.9493879550565,177.51858333333334
2025-09-05 07:36:00+02:00,14.968210092528803,23.830980929727904,36.88477563375537,184.4017911255411
2025-09-05 07:37:00+02:00,15.455585471728009,24.26484241234923,37.82321813831541,185.1351186868687
2025-09-05 07:38:00+02:00,15.978860911742933,24.722463451543003,38.73968917153853,195.7098017075517
2025-09-05 07:39:00+02:00,16.523371878802877,25.180084490736757,39.48723085169313,207.6077314814815
2025-09-05 07:40:00+02:00,17.0194036366787,25.637703113258357,40.19823920002824,208.2218297101449
2025-09-05 07:41:00+02:00,17.442547073053927,26.09435506691811,40.90924754836335,211.4527976190476
2025-09-05 07:42:00+02:00,17.865012478531472,26.550236102160547,41.58442454925899,212.31867938842203
2025-09-05 07:43:00+02:00,18.11081548184734,27.006117137403017,41.84987788160795,212.84244152046784
2025-09-05 07:44:00+02:00,18.173967526996044,27.46199817264548,42.00004774828217,214.47688888888888
2025-09-05 07:45:00+02:00,18.237119572144746,27.94661151585346,42.15021761495639,213.5041501322752
2025-09-05 07:46:00+02:00,18.30027161729345,28.52197676152723,42.30038748163063,214.35096296296297
2025-09-05 07:47:00+02:00,18.363423662442155,29.10399944025548,42.45055734830484,211.8593543417367
2025-09-05 07:48:00+02:00,18.42657570759086,29.67630161573943,42.60072721497908,213.846875
2025-09-05 07:49:00+02:00,18.48972775273957,30.020866286642136,42.75089708165332,219.5007222222222
2025-09-05 07:50:00+02:00,18.552879797888263,30.269614568422263,42.901066948327546,222.0356871345029
2025-09-05 07:51:00+02:00,18.61603184303697,30.518362850202397,43.05123681500177,224.3419583333333
2025-09-05 07:52:00+02:00,18.68662779701626,30.767111131982524,43.2544510139737,232.675382936508
2025-09-05 07:53:00+02:00,18.883770201115343,31.015859413762648,43.61618141527713,239.43010582010584
2025-09-05 07:54:00+02:00,19.125576058197883,31.26460769554278,43.98839732412778,236.75973862942607
2025-09-05 07:55:00+02:00,19.37415815342339,31.513355977322902,44.36061323297841,240.0009434523809
2025-09-05 07:56:00+02:00,19.638846090032207,31.76910662435232,44.84523678236957,244.5006388888889
2025-09-05 07:57:00+02:00,19.904221471090302,32.248932959359294,45.56966329824713,248.66989583333336
2025-09-05 07:58:00+02:00,20.16959685214841,32.83379477310572,46.30158365682739,248.63777138157897
2025-09-05 07:59:00+02:00,20.43552671514913,33.4186565868522,47.03350401540767,249.21477525252524
2025-09-05 08:00:00+02:00,20.736943422478493,33.9872722391057,47.784582545767,262.02043981481484
2025-09-05 08:01:00+02:00,21.059351231921887,34.521229413507555,48.571944307577326,269.4641931652047
2025-09-05 08:02:00+02:00,21.381759041365274,35.05410351047654,49.36016623220221,269.5235
2025-09-05 08:03:00+02:00,21.69835374030505,35.58697760744552,50.146000845702,276.98475210084035
2025-09-05 08:04:00+02:00,21.942699780128663,35.98695264905531,50.77904754719417,283.0420454598506
2025-09-05 08:05:00+02:00,22.16545426665319,36.274474643822735,51.32171747037827,281.2126360544217
2025-09-05 08:06:00+02:00,22.38820875317772,36.56199663859015,51.86438739356237,289.7920289855072
2025-09-05 08:07:00+02:00,22.610963239702244,36.8495186333576,52.40705731674646,289.7667485119048
2025-09-05 08:08:00+02:00,22.83371772622677,37.13704062812505,52.949727239930624,292.8955275974026
2025-09-05 08:09:00+02:00,22.884887753558857,37.42456262289252,53.06046786431537,301.72318650793653
2025-09-05 08:10:00+02:00,22.574667936305783,37.71088660934843,52.06611785446497,299.6558760683761
2025-09-05 08:11:00+02:00,22.252260126862385,36.83968959018737,51.01673806324749,302.5032777777778
2025-09-05 08:12:00+02:00,21.92985231741901,37.01032595463556,51.65728576614724,307.2234294871795
2025-09-05 08:13:00+02:00,23.021064785079048,37.85571238458199,54.04381010172796,299.10527777777776
2025-09-05 08:14:00+02:00,23.42461915466949,38.40194981661175,55.32326037219606,303.4916666666666
2025-09-05 08:15:00+02:00,23.755740688692427,38.82862836400682,55.79406319744496,302.59639741715404
2025-09-05 08:16:00+02:00,24.086620779930147,39.25530691140192,56.26486602269391,307.72223684210525
2025-09-05 08:17:00+02:00,24.40204853291346,39.682062476585365,56.73566884794285,314.508
2025-09-05 08:18:00+02:00,24.708335951884663,40.11272027637798,57.20647167319179,322.71257936507936
2025-09-05 08:19:00+02:00,25.0146233708559,40.54556024684016,57.7008606165416,318.2784072871573
2025-09-05 08:20:00+02:00,25.32042313709367,40.97840021730233,58.352490347230365,326.4735912698413
2025-09-05 08:21:00+02:00,25.595013128390203,41.41124018776452,59.03294755559795,325.5525598290598
2025-09-05 08:22:00+02:00,25.851141980491573,41.81880383419399,59.713404763965535,330.113253968254
2025-09-05 08:23:00+02:00,26.10727083259293,42.0963749570269,60.38806708559905,332.0546825396825
2025-09-05 08:24:00+02:00,26.363399684694294,42.355891562693614,60.8772930317421,337.4786423611111
2025-09-05 08:25:00+02:00,26.61710067510825,42.615408168360325,61.27959567687403,337.15846759259256
2025-09-05 08:26:00+02:00,26.843039594922704,42.87492477402703,61.68189832200592,343.46450000000004
2025-09-05 08:27:00+02:00,27.06116713365592,43.13444137969374,62.08420096713781,342.73904861111106
2025-09-05 08:28:00+02:00,27.27929467238913,43.39395798536046,62.48650361226964,346.6413888888889
2025-09-05 08:29:00+02:00,27.497422211122345,43.65347459102718,62.88880625740149,345.3788833333333
2025-09-05 08:30:00+02:00,27.71554974985556,43.967001418105205,63.29110890253335,347.9302651515152
2025-09-05 08:31:00+02:00,27.95792125565421,44.37711122935405,63.82757740073324,352.8099363425926
2025-09-05 08:32:00+02:00,28.261270011950813,44.78912728371151,64.50275974702042,359.1896514423077
2025-09-05 08:33:00+02:00,28.56755743092204,45.20114333806895,65.17794209330762,358.74057539682536
2025-09-05 08:34:00+02:00,28.873844849893267,45.61315939242643,65.85312443959486,360.9842546296297
2025-09-05 08:35:00+02:00,29.140527885716047,45.9446489135927,66.46267699229858,364.0899629629629
2025-09-05 08:36:00+02:00,29.30759989725641,46.19288218857827,66.87610330138632,366.8708657616893
2025-09-05 08:37:00+02:00,29.469871377506063,46.44111546356383,67.27655627918425,367.25930847953214
2025-09-05 08:38:00+02:00,29.63214285775571,46.68934873854941,67.6770092569822,369.6013333333333
2025-09-05 08:39:00+02:00,29.79441433800537,46.93758201353496,68.07746223478011,375.4172916666666
2025-09-05 08:40:00+02:00,29.956685818255032,47.18581528852052,68.47791521257804,378.58020691609977
2025-09-05 08:41:00+02:00,30.118957298504693,47.43404856350606,68.87836819037595,379.8377891156462
2025-09-05 08:42:00+02:00,30.28165899217245,47.68228183849159,69.28984642223324,384.9966666666666
2025-09-05 08:43:00+02:00,30.45998074225129,47.99244623610095,69.78606160671798,389.5958035714286
2025-09-05 08:44:00+02:00,30.646079427195826,48.38026721380286,70.29991719769765,390.67031770833336
2025-09-05 08:45:00+02:00,30.83217811214036,48.76828233295503,70.81377278867733,391.1252564102565
2025-09-05 08:46:00+02:00,31.01827679708491,49.1562974521072,71.32762837965696,391.1122485380117
2025-09-05 08:47:00+02:00,31.20437548202944,49.54431257125941,71.84148397063657,395.3129006410256
2025-09-05 08:48:00+02:00,31.390474166973988,49.949330197939,72.36277381495796,402.1827662037037
2025-09-05 08:49:00+02:00,31.587762538414,50.390619840677104,72.89992339974165,402.6646527777778
2025-09-05 08:50:00+02:00,31.82980965583591,50.83304298391703,73.43756860141482,405.6295695970696
2025-09-05 08:51:00+02:00,32.076484087222134,51.27546612715697,73.97521380308795,405.82270833333337
2025-09-05 08:52:00+02:00,32.32315851860836,51.71995452365893,74.51285900476111,411.65069444444447
2025-09-05 08:53:00+02:00,32.56983294999456,52.20299431438512,75.05908602246429,415.8749934640523
2025-09-05 08:54:00+02:00,32.81104213948781,52.70049087794536,75.68832260613065,420.6947222222222
2025-09-05 08:55:00+02:00,33.03282756387489,53.19798744150562,76.33831158128777,421.227748015873
2025-09-05 08:56:00+02:00,33.2529143319979,53.68808827071105,76.98830055644484,426.0161805555556
2025-09-05 08:57:00+02:00,33.473001100120946,54.02472761205352,77.63828953160191,426.3016792929293
2025-09-05 08:58:00+02:00,33.69308786824397,54.300352144968514,78.20684409206143,427.8210037878789
2025-09-05 08:59:00+02:00,33.91316561937388,54.57597667788351,78.6669956978911,430.7195575396825
2025-09-05 09:00:00+02:00,34.131394886913775,54.85160121079849,79.12661850882013,432.8971527777778
2025-09-05 09:01:00+02:00,34.348235537512885,55.127225743713495,79.58624131974916,433.0514444444445
2025-09-05 09:02:00+02:00,34.56507618811199,55.40285027662846,80.04586413067821,433.9955370370371
2025-09-05 09:03:00+02:00,34.78191683871107,55.678474809543445,80.50548694160723,434.0058531746032
2025-09-05 09:04:00+02:00,34.99875748931015,56.05022072753218,80.97293938223252,443.33759502923976
2025-09-05 09:05:00+02:00,35.21806951498758,56.51493650977256,81.47171034164285,446.6516666666666
2025-09-05 09:06:00+02:00,35.45776087977263,56.979652292012936,81.97371911784488,451.5037191358024
2025-09-05 09:07:00+02:00,35.701976762008826,57.44436807425335,82.4757278940469,450.39999629629625
2025-09-05 09:08:00+02:00,35.94619264424501,57.942775750706176,82.97773667024893,452.6614603174603
2025-09-05 09:09:00+02:00,36.19040852648119,58.53664379409422,83.47974544645095,452.89791501322753
2025-09-05 09:10:00+02:00,36.43110206426205,59.136127153184326,83.98374632097122,458.73852564102566
2025-09-05 09:11:00+02:00,36.64044673639047,59.65555130299424,84.49151998577585,462.3047394179894
2025-09-05 09:12:00+02:00,36.84239448516269,59.08040594352533,84.99938309172948,463.5598903903904
2025-09-05 09:13:00+02:00,37.044342233934906,58.19970953766329,85.50724619768314,460.59625
2025-09-05 09:14:00+02:00,37.246289982707154,59.008420310842965,86.01510930363682,462.5686253561253
2025-09-05 09:15:00+02:00,37.4482377314794,60.29849750351313,86.52270440795145,468.5459259259259
2025-09-05 09:16:00+02:00,37.64899290815498,61.22792906799392,87.00148933607085,475.0334330484331
2025-09-05 09:17:00+02:00,37.8349261173435,61.88370842895001,87.46111214699985,477.57633333333337
2025-09-05 09:18:00+02:00,38.01642977303013,62.10164426426653,87.92073495792891,474.18773290598295
2025-09-05 09:19:00+02:00,38.197933428716766,62.314604604973525,88.38035776885795,472.50586004273504
2025-09-05 09:20:00+02:00,38.37943708440344,62.52756494568052,88.83998057978695,478.9927744708995
2025-09-05 09:21:00+02:00,38.56094074009008,62.740525286387474,89.29960339071602,480.3133854166667
2025-09-05 09:22:00+02:00,38.74244439577674,62.95348562709443,89.80727216009379,485.4760143849206
2025-09-05 09:23:00+02:00,38.92676574934403,63.16644596780137,90.41743897416234,482.6905753205128
2025-09-05 09:24:00+02:00,39.12302877488152,63.37940630850834,91.03080885212746,488.5753454415954
2025-09-05 09:25:00+02:00,39.320633561314565,63.59236664921528,91.6441787300926,489.3833523638846
2025-09-05 09:26:00+02:00,39.51823834774763,63.84124328000741,92.25669670544951,495.9165325295971
2025-09-05 09:27:00+02:00,39.715843134180695,64.31304860788005,91.76230922510814,501.4812847222222
2025-09-05 09:28:00+02:00,39.91344792061373,64.823247211361,90.3146995196032,500.80444444444447
2025-09-05 09:29:00+02:00,40.11267000812619,65.33344581484192,92.2579203473778,501.1752546296296
2025-09-05 09:30:00+02:00,40.32753580789795,65.68225867951345,93.10471154001304,504.9876374007936
2025-09-05 09:31:00+02:00,40.546312535734536,65.17294583749687,93.63258137438304,508.90441468253965
2025-09-05 09:32:00+02:00,40.76508926357112,64.5351975831457,94.16045120875307,506.53824013157896
2025-09-05 09:33:00+02:00,40.98386599140771,64.16147438067603,94.6883210431231,505.0338657407408
2025-09-05 09:34:00+02:00,41.2026427192443,65.77902608793362,95.2179576549442,512.045625
2025-09-05 09:35:00+02:00,41.425289318445934,66.98784669924873,95.99494310991948,514.876369047619
2025-09-05 09:36:00+02:00,41.65619164322631,67.88031403903385,96.94683953255394,523.6097685185185
2025-09-05 09:37:00+02:00,41.887351959431,68.27958791888585,97.89873595518836,525.2747601010101
2025-09-05 09:38:00+02:00,42.11851227563569,68.65781085837486,98.4162238232162,524.5478051900585
2025-09-05 09:39:00+02:00,42.34967259184037,69.03603379786388,98.56613522196147,522.1535039941903
2025-09-05 09:40:00+02:00,42.56842959445849,69.4142567373529,98.71604662070682,530.2347115384615
2025-09-05 09:41:00+02:00,42.71020051274623,69.48055390374785,98.8659580194522,536.8286507936508
2025-09-05 09:42:00+02:00,42.83871271651039,67.54285495322026,99.0158694181976,534.630422979798
2025-09-05 09:43:00+02:00,42.96722492027456,68.26317697980959,99.16578081694296,533.4921275252525
2025-09-05 09:44:00+02:00,43.095737124038735,68.76907010984343,99.31569221568832,530.4343833333334
2025-09-05 09:45:00+02:00,43.224249327802895,69.27496323987727,99.46560361443368,533.6891007834757
2025-09-05 09:46:00+02:00,43.352761531567054,69.75478867131307,99.61551501317904,537.5602380952381
2025-09-05 09:47:00+02:00,43.48127373533117,70.04692667284299,99.8427960491849,538.840167989418
2025-09-05 09:48:00+02:00,43.609785939095296,70.3025698963356,100.9126813451272,542.9151612103175
2025-09-05 09:49:00+02:00,43.738298142859406,70.55821311982822,101.51578275415316,544.0198690476191
2025-09-05 09:50:00+02:00,43.83685360725811,70.81385634332086,101.86627982727596,543.4356011825818
2025-09-05 09:51:00+02:00,43.90000565240681,71.0694995668134,102.21677690039888,546.4732477069546
2025-09-05 09:52:00+02:00,43.963157697555495,71.32514279030595,102.56727397352184,546.6125858585859
2025-09-05 09:53:00+02:00,44.026309742704186,71.58078601379849,102.91777104664484,544.8037089947089
2025-09-05 09:54:00+02:00,44.08946178785288,71.3289878306592,103.26826811976784,547.7332261904762
2025-09-05 09:55:00+02:00,44.15261383300157,70.93943490661086,103.6187651928908,543.926875
2025-09-05 09:56:00+02:00,44.215765878150265,71.98814638923318,103.96926226601376,551.3659788359788
2025-09-05 09:57:00+02:00,44.27891792329897,72.27361465546655,103.35719394150728,552.7746031746032
2025-09-05 09:58:00+02:00,44.34206996844772,72.5590829216999,101.93292935660132,543.5998474945534
2025-09-05 09:59:00+02:00,44.41882399255157,72.8445511879333,103.96158557964807,550.2042003367004
2025-09-05 10:00:00+02:00,44.77781907997384,73.13001945416673,105.1327649380074,553.0070132275132
2025-09-05 10:01:00+02:00,45.22127991470406,73.41548772040014,106.06930819253486,557.174917929293
2025-09-05 10:02:00+02:00,45.631944610531406,73.69867962330365,106.90829485804905,563.9709154040403
2025-09-05 10:03:00+02:00,46.04260930635872,73.86653578416004,107.04487408266762,569.5867592592593
2025-09-05 10:04:00+02:00,46.18116499829446,73.96989498400318,107.04487408266762,567.2060615079365
2025-09-05 10:05:00+02:00,45.988287432785775,74.07325418384632,107.04487408266762,565.6777870370371
2025-09-05 10:06:00+02:00,45.79433233897814,74.17661338368947,107.04487408266762,566.7810617236025
2025-09-05 10:07:00+02:00,45.600377245170506,74.27997258353261,107.04487408266762,572.6706944444445
2025-09-05 10:08:00+02:00,45.40642215136287,74.38333178337575,107.04487408266762,569.8197863247864
2025-09-05 10:09:00+02:00,45.21246705755524,74.48669098321889,107.04487408266762,568.0507222222222
2025-09-05 10:10:00+02:00,45.19723200466202,74.59005018306199,107.04487408266762,562.6925036075036
2025-09-05 10:11:00+02:00,45.82146510017208,74.69340938290505,107.04487408266762,566.0209841269841
2025-09-05 10:12:00+02:00,46.44623403488631,75.25237986927444,108.00798274681866,573.8635555555555
2025-09-05 10:13:00+02:00,46.97655142695309,76.07736691394524,109.50205880425304,579.9843097781849
2025-09-05 10:14:00+02:00,47.32882631507189,76.3920563412891,108.23456568306166,580.9583392857143
2025-09-05 10:15:00+02:00,46.62057556722332,76.70674576863303,107.26374515699952,581.1588253968254
2025-09-05 10:16:00+02:00,47.127893233250255,77.02143519597692,107.62144176795492,578.811617063492
2025-09-05 10:17:00+02:00,47.008912729930856,77.33612462332081,108.11213767032714,582.1421527777778
2025-09-05 10:18:00+02:00,46.85777938153686,77.65081405066474,108.60283357269924,585.7408055555555
2025-09-05 10:19:00+02:00,46.68562630831151,77.79504670486402,109.09352947507128,586.8688425925926
2025-09-05 10:20:00+02:00,47.55767453027666,77.79504670486402,109.58422537744336,588.5247118055555
2025-09-05 10:21:00+02:00,48.4970781610547,77.79504670486402,109.93384620788346,591.2090277777778
2025-09-05 10:22:00+02:00,47.87701861687417,77.79504670486402,109.94815817170269,594.4013888888888
2025-09-05 10:23:00+02:00,47.654150188614935,77.79504670486402,109.94815817170269,586.4587447089947
2025-09-05 10:24:00+02:00,47.92741777431413,77.79504670486402,109.94815817170269,588.8888666666667
2025-09-05 10:25:00+02:00,48.200685360013374,77.79504670486402,109.94815817170269,592.0182905982906
2025-09-05 10:26:00+02:00,48.47395294571262,77.79504670486402,109.94815817170269,591.0844795482295
2025-09-05 10:27:00+02:00,48.49043955736447,77.79504670486402,109.94815817170269,589.8848194444445
2025-09-05 10:28:00+02:00,47.69793585204824,77.80870100993342,109.94815817170269,588.8547924836602
2025-09-05 10:29:00+02:00,48.07126534235674,77.97848932514411,109.94815817170269,588.6762731481482
2025-09-05 10:30:00+02:00,48.55218218385679,78.19220888275198,109.95033781441214,591.8979675925926
2025-09-05 10:31:00+02:00,48.51465482662059,78.40592844035983,110.82437454091588,564.815692251462
2025-09-05 10:32:00+02:00,48.20449035171303,78.61964799796769,112.3495016824961,594.2414583333333
2025-09-05 10:33:00+02:00,47.89432587680548,78.83336755557555,111.81455508608232,589.4916666666667
2025-09-05 10:34:00+02:00,47.59396861194965,79.04708711318341,110.3252363604437,591.3477187627187
2025-09-05 10:35:00+02:00,47.61514118692113,79.26080667079127,110.44947599488444,593.8832457264957
2025-09-05 10:36:00+02:00,47.78892128279129,79.47452622839921,110.97259024516109,596.1458333333334
2025-09-05 10:37:00+02:00,47.96270137866149,79.68824578600714,111.4957044954377,580.7345441595442
2025-09-05 10:38:00+02:00,48.1364814745317,80.27703468628204,112.01881874571424,593.9639097222222
2025-09-05 10:39:00+02:00,48.31026157040192,81.22859557372665,112.54193299599076,595.9688194444444
2025-09-05 10:40:00+02:00,48.48404166627212,81.54037594025682,113.09534577283512,601.1337083333334
2025-09-05 10:41:00+02:00,48.65805886764677,80.82879582510789,113.6916049508865,602.8487530525031
2025-09-05 10:42:00+02:00,48.83966344516351,80.11237667966707,114.2881701746608,605.8147023809523
2025-09-05 10:43:00+02:00,49.024824605246856,80.3491835516916,114.88473539843508,606.3945138888889
2025-09-05 10:44:00+02:00,49.20998576533021,81.19352631097338,115.48130062220947,608.6595584795322
2025-09-05 10:45:00+02:00,49.39514692541355,82.03786907025524,115.8356497913625,604.3955568181818
2025-09-05 10:46:00+02:00,49.5803080854969,82.26606606718963,115.98504691429746,613.7170436507937
2025-09-05 10:47:00+02:00,49.76546924558027,81.25760850323387,116.1344440372324,614.2481018518519
2025-09-05 10:48:00+02:00,49.850887415499365,80.22217872188027,116.28384116016736,614.2844017094018
2025-09-05 10:49:00+02:00,49.40797250931535,79.67470533458334,116.43323828310236,611.8550892857143
2025-09-05 10:50:00+02:00,48.90140352985373,79.12723194728648,116.5826354060373,608.5443113425926
2025-09-05 10:51:00+02:00,48.94050405142452,79.21475947872167,116.73203252897214,604.9460683760684
2025-09-05 10:52:00+02:00,49.25330822399087,80.09453557000134,116.88142965190698,606.1245833333334
2025-09-05 10:53:00+02:00,49.56611239655721,81.14500535985078,117.03082677484184,597.4539409722222
2025-09-05 10:54:00+02:00,49.8701667412965,82.46802316747782,117.53753987378754,617.440371896622
2025-09-05 10:55:00+02:00,50.05494711723527,81.84762891428939,118.75920063296084,620.6986574074075
2025-09-05 10:56:00+02:00,50.20196507834142,80.97961124276603,118.90911203170612,622.6001666666667
2025-09-05 10:57:00+02:00,50.34898303944758,81.22978629155703,119.05902343045146,616.0022992424243
2025-09-05 10:58:00+02:00,50.49600100055373,81.6128427510395,119.20893482919688,624.1929684343435
2025-09-05 10:59:00+02:00,50.64301896165995,81.99589921052198,119.35884622794224,626.3178174603175
2025-09-05 11:00:00+02:00,50.79003692276615,82.37895567000453,119.5087576266876,625.8780395299145
2025-09-05 11:01:00+02:00,50.93705488387236,82.75254434447729,119.65866902543294,628.0450628306878
2025-09-05 11:02:00+02:00,51.08407284497856,83.04806020717716,119.80858042417832,629.8270138888889
2025-09-05 11:03:00+02:00,51.251716783533006,83.32624274039762,119.95849182292372,630.7918447293447
2025-09-05 11:04:00+02:00,51.44068588521186,83.60442527361806,120.71742375828988,624.6061111111111
2025-09-05 11:05:00+02:00,51.62965498689076,83.88260780683846,121.25250225082928,634.050712962963
2025-09-05 11:06:00+02:00,51.81862408856968,84.16079034005897,120.87049118648258,636.9342991452992
2025-09-05 11:07:00+02:00,52.007593190248606,84.43897287327948,120.48848012213584,635.7892857142857
2025-09-05 11:08:00+02:00,52.19656229192751,84.70246846683489,120.1064690577891,638.189837962963
2025-09-05 11:09:00+02:00,52.31438888878715,84.44282635208401,119.7244579934424,644.4140138888889
2025-09-05 11:10:00+02:00,51.90511293974308,83.91696375639091,119.34244692909569,642.984787037037
2025-09-05 11:11:00+02:00,51.39042347091645,83.39110116069783,118.96043586474894,636.9692044159544
2025-09-05 11:12:00+02:00,51.33285960443843,82.95283089681867,118.92249640972818,630.8670555555556
2025-09-05 11:13:00+02:00,51.60411045518784,83.32080098505298,119.68542832419696,634.8245340501793
2025-09-05 11:14:00+02:00,51.87536130593725,83.88369615790752,120.48084862256276,627.3338194444444
2025-09-05 11:15:00+02:00,52.14661215668668,84.44659133076212,121.29724045421868,633.6093201754386
2025-09-05 11:16:00+02:00,52.53732958025613,85.45667544649558,123.41848855772338,646.568363095238
2025-09-05 11:17:00+02:00,53.35286127779146,86.69683757241714,124.37852767093996,654.935625
2025-09-05 11:18:00+02:00,53.523756393648455,86.67101799139215,124.22887385191756,661.0134166666667
2025-09-05 11:19:00+02:00,53.39411092530082,86.56765879154901,124.07922003289518,657.7349537037037
2025-09-05 11:20:00+02:00,53.26446545695318,86.46429959170584,123.9295662138728,662.6046843434343
2025-09-05 11:21:00+02:00,53.13481998860554,86.36094039186271,123.77991239485036,657.5380407407407
2025-09-05 11:22:00+02:00,53.005174520257945,86.25758119201954,123.63025857582802,650.0717314814815
2025-09-05 11:23:00+02:00,52.87552905191035,86.15422199217642,123.48060475680565,652.40330634278
2025-09-05 11:24:00+02:00,52.74588358356278,86.05086279233328,123.3309509377832,655.7793162393162
2025-09-05 11:25:00+02:00,52.6162381152152,85.9475035924902,123.18129711876068,654.4432270069112
2025-09-05 11:26:00+02:00,52.486592646867614,85.84414439264715,123.02841315912482,650.2845133053221
2025-09-05 11:27:00+02:00,52.56207701495159,85.72304839488471,122.84128970898831,654.5589285714285
2025-09-05 11:28:00+02:00,53.09785965771708,85.58099072685391,122.64512186513456,655.4756944444445
2025-09-05 11:29:00+02:00,53.51901831851228,85.43893305882312,122.44895402128088,657.5611825396826
2025-09-05 11:30:00+02:00,53.279258337316,85.29687539079234,122.25278617742715,660.5573437500001
2025-09-05 11:31:00+02:00,52.94663851580879,85.15481772276145,122.05661833357344,660.488179563492
2025-09-05 11:32:00+02:00,52.61401869430159,85.01276005473056,121.86045048971974,659.3715277777778
2025-09-05 11:33:00+02:00,52.0029862466605,84.87070238669972,121.66428264586604,653.2759722222222
2025-09-05 11:34:00+02:00,51.8853064615505,84.98324320384471,120.80070820436774,629.8028472222222
2025-09-05 11:35:00+02:00,53.30969074112405,89.01839899605979,126.29526052857494,661.3385049603174
2025-09-05 11:36:00+02:00,52.79873488843184,87.20489920088691,124.81420241303638,656.6505972222222
2025-09-05 11:37:00+02:00,53.44967168828966,87.17297507266824,125.0293166446405,658.7357589285714
2025-09-05 11:38:00+02:00,53.02236295810476,87.48358821209311,125.48413921733533,658.3346527777777
2025-09-05 11:39:00+02:00,52.60151502392529,87.79420135151801,125.93896179003012,657.5242063492063
2025-09-05 11:40:00+02:00,53.28440162529672,88.10481449094297,126.39378436272489,658.729523046398
2025-09-05 11:41:00+02:00,52.74951969408809,88.41542763036794,126.84860693541968,656.7783333333333
2025-09-05 11:42:00+02:00,53.91205242865068,89.29420397065768,127.22633912577156,661.4183333333333
2025-09-05 11:43:00+02:00,54.58819340330513,91.42225766109436,126.37519571958836,666.3224116161616
2025-09-05 11:44:00+02:00,53.93470916876655,91.669756004694,125.10805859879628,665.603888888889
2025-09-05 11:45:00+02:00,53.43848045887461,87.56066905286235,126.40108484022134,649.4423771367522
2025-09-05 11:46:00+02:00,53.10282301342668,88.28541076338628,126.58928217876634,643.0330961538461
2025-09-05 11:47:00+02:00,52.76716556797878,90.14729823315297,125.0400042921821,661.7816666666666
2025-09-05 11:48:00+02:00,52.702054239440535,88.69247337256641,123.40254770668096,651.7939444444445
2025-09-05 11:49:00+02:00,52.30697945319799,86.16367191362981,122.8435423308064,642.5602083333333
2025-09-05 11:50:00+02:00,53.90565537672997,88.2866154638688,127.8437756406199,663.1850972222222
2025-09-05 11:51:00+02:00,55.13601809420176,90.286926577262,130.5354200902319,675.8022569444445
2025-09-05 11:52:00+02:00,54.40325936915067,89.3281937401657,129.72309842853613,676.1418055555556
2025-09-05 11:53:00+02:00,54.48391354417592,90.33434437613757,129.42034996753202,675.6207936507936
2025-09-05 11:54:00+02:00,54.73565662826184,89.3152961317823,129.99716137594953,669.5542460317461
2025-09-05 11:55:00+02:00,54.98739971234778,90.49565372288107,130.57397278436707,676.2322222222223
2025-09-05 11:56:00+02:00,55.2391427964337,90.39239913251008,131.15078419278464,677.4665350877193
2025-09-05 11:57:00+02:00,55.350550389953774,89.9450234913981,131.5423434552046,680.2561111111112
2025-09-05 11:58:00+02:00,54.92910630035007,89.49764785028604,130.58805456522995,678.1472382478632
2025-09-05 11:59:00+02:00,54.45485481291077,89.050272209174,129.367017628413,679.3670833333333
2025-09-05 12:00:00+02:00,54.336741518078256,89.14722647004685,129.12742882047954,664.7539898989899
2025-09-05 12:01:00+02:00,54.53120972059965,89.88278887383842,129.60731048808853,669.9589871031745
2025-09-05 12:02:00+02:00,54.72567792312105,90.59965331039922,130.08719215569758,672.2388518518518
2025-09-05 12:03:00+02:00,54.92014612564245,90.96748902531893,130.56707382330674,670.227962962963
2025-09-05 12:04:00+02:00,55.11461432816385,91.20443896962328,131.0469554909159,671.8024537037037
2025-09-05 12:05:00+02:00,55.30908253068529,91.44138891392764,131.52483765157663,676.5972916666667
2025-09-05 12:06:00+02:00,55.1313006887616,91.67833885823202,131.21966290358148,682.1704166666667
2025-09-05 12:07:00+02:00,54.37799205110598,91.91528880253648,130.22990696413774,678.4351851851852
2025-09-05 12:08:00+02:00,54.662847447291135,92.15223874684088,129.26501085844745,678.2356031746032
2025-09-05 12:09:00+02:00,55.00004460579157,92.38918869114524,130.20118814220007,677.064032967033
2025-09-05 12:10:00+02:00,55.32879672792991,92.6261386354497,131.35743459720152,681.8828670634921
2025-09-05 12:11:00+02:00,54.97916617957976,92.26468682053414,130.16200077656316,684.643167989418
2025-09-05 12:12:00+02:00,54.21239205102761,90.0185429944236,129.11149308836357,671.3633432539683
2025-09-05 12:13:00+02:00,53.56722086797269,89.31879417752882,129.58766533232102,668.4344316239316
2025-09-05 12:14:00+02:00,53.597731183720846,89.94002045637868,130.31348635457974,666.2474305555555
2025-09-05 12:15:00+02:00,54.46962812313457,90.55485497788447,131.03930737683848,675.5448611111111
2025-09-05 12:16:00+02:00,54.81967088767312,90.6423257393462,131.59173782155764,679.5199074074075
2025-09-05 12:17:00+02:00,55.16971365221164,90.38884440357866,131.19858476783415,681.3023148148148
2025-09-05 12:18:00+02:00,55.36077866118891,90.1353630678111,130.6609395661611,679.1645497311828
2025-09-05 12:19:00+02:00,55.03334282519351,89.88188173204361,130.12329436448795,681.6399710648149
2025-09-05 12:20:00+02:00,54.66579792242806,89.62840039627613,129.58564916281475,679.9041666666666
2025-09-05 12:21:00+02:00,54.339091342192056,89.3749190605087,129.11983933392065,676.9524074074073
2025-09-05 12:22:00+02:00,54.54328295483952,89.12143772474123,130.9606767660937,676.0559201388888
2025-09-05 12:23:00+02:00,54.91082785760496,89.13756195415537,129.9189101223812,675.5185185185186
2025-09-05 12:24:00+02:00,55.278372760370445,91.64226795708626,132.09413912992346,681.4502430555556
2025-09-05 12:25:00+02:00,56.11997098758318,93.58894709654165,132.90435794546815,680.9277751322751
2025-09-05 12:26:00+02:00,56.00555294574114,94.12059013767268,133.71457676101278,680.9121388888889
2025-09-05 12:27:00+02:00,56.56129679242339,94.48511647278436,134.68454854242,688.7588194444444
2025-09-05 12:28:00+02:00,56.35166466631507,93.99970484599078,136.78665643661958,683.2282407407407
2025-09-05 12:29:00+02:00,56.07109603824983,93.51429321919714,134.71834784915973,687.380042989418
2025-09-05 12:30:00+02:00,55.7905274101846,93.031421322186,133.7010731140869,683.0603703703704
2025-09-05 12:31:00+02:00,55.51811190397869,93.7265222752039,132.89085429854225,690.0326767676769
2025-09-05 12:32:00+02:00,55.39788800581438,93.80140106541288,132.08827039248888,688.673574074074
2025-09-05 12:33:00+02:00,55.3347359606657,94.1917570572212,132.22402846918678,678.0798958333334
2025-09-05 12:34:00+02:00,55.271583915517,92.49614526322712,133.00518113888225,682.6969166666667
2025-09-05 12:35:00+02:00,55.20843187036832,93.03553548366446,133.78633380857784,681.2923148148149
2025-09-05 12:36:00+02:00,55.14527982521962,93.64323714596874,134.44925920508408,689.517261904762
2025-09-05 12:37:00+02:00,55.08212778007093,93.2198065858773,133.93773562100628,691.354898989899
2025-09-05 12:38:00+02:00,55.01897573492224,92.6892903388949,133.11990911705274,684.7869003267974
2025-09-05 12:39:00+02:00,54.95582368977354,92.15877409191248,132.30208261309923,684.0728023478023
2025-09-05 12:40:00+02:00,54.89267164462478,92.04157859215672,131.64067101427338,683.2543837181338
2025-09-05 12:41:00+02:00,54.80848209715897,92.67411566246084,131.31294454638677,680.1826458333334
2025-09-05 12:42:00+02:00,54.6295353963996,93.32220578039612,130.99564573884194,680.6994463645673
2025-09-05 12:43:00+02:00,54.43909762294598,93.16828437738651,130.67834693129714,685.0283333333333
2025-09-05 12:44:00+02:00,54.34086228272266,92.25758274291287,130.36104812375228,682.4916547619048
2025-09-05 12:45:00+02:00,54.999444723206224,93.24006935919944,130.04374931620748,684.568365834458
2025-09-05 12:46:00+02:00,54.90791445370245,94.31526346808944,129.72645050866265,686.1310599415204
2025-09-05 12:47:00+02:00,54.92153145020344,92.78213068211676,129.40915170111785,681.4863194444445
2025-09-05 12:48:00+02:00,54.933348991352894,93.24756063600722,129.09185289357305,685.2954166666667
2025-09-05 12:49:00+02:00,55.116916473814186,93.66695281074692,130.52934562498663,679.0554398148148
2025-09-05 12:50:00+02:00,56.37099035505091,95.37058619910307,133.94232096012578,695.6124834656084
2025-09-05 12:51:00+02:00,55.07094357270299,91.16778120432006,131.2238073146327,687.305
2025-09-05 12:52:00+02:00,53.64234154759363,89.87284140067386,127.16143654361908,668.3821057692307
2025-09-05 12:53:00+02:00,52.29691182358792,86.95684794025125,124.3991666120454,660.0497222222222
2025-09-05 12:54:00+02:00,52.97383232260916,88.14641287262968,126.3119682652354,661.6915486111111
2025-09-05 12:55:00+02:00,53.828834257978414,90.01609342877117,129.2342596202926,670.1856666666666
2025-09-05 12:56:00+02:00,54.448148226219686,89.799288720337,130.73804920692723,674.3648595848596
2025-09-05 12:57:00+02:00,54.893657199268745,90.6444304904158,131.75674537851853,681.2976805555555
2025-09-05 12:58:00+02:00,55.28347755068665,92.25756585415478,132.76978212693425,684.7647777777778
2025-09-05 12:59:00+02:00,54.23931589510296,90.75122680843158,131.10623119690158,680.3539021164021
2025-09-05 13:00:00+02:00,53.700889425591576,89.93441652123136,127.92393526328854,677.3771428571429
2025-09-05 13:01:00+02:00,41.34966878319226,69.53743256172955,98.14012542995602,494.6552777777778
2025-09-05 13:02:00+02:00,29.28275475990339,48.71693191936885,69.87822935557621,334.60013888888886
2025-09-05 13:03:00+02:00,34.4984729799453,56.133159585890375,83.37944299429337,377.8641666666667
2025-09-05 13:04:00+02:00,39.92826827959619,66.63799529957585,95.89650407375304,487.92159722222215
2025-09-05 13:05:00+02:00,54.71157636461836,92.16460731453552,131.80452723517982,706.0667777777777
2025-09-05 13:06:00+02:00,56.46943561059564,93.1028419441814,134.04599708034112,708.3892521367521
2025-09-05 13:07:00+02:00,55.16122695913891,91.01002169231428,131.0653559203427,691.3528472222223
2025-09-05 13:08:00+02:00,54.209550970109,88.51644372794863,130.24240140792773,676.6697222222223
2025-09-05 13:09:00+02:00,54.13805633705783,90.34375590803992,130.07297783897567,691.9193055555555
2025-09-05 13:10:00+02:00,30.55354030874563,50.72632703597867,72.6069428968998,300.12005555555555
2025-09-05 13:11:00+02:00,23.74252149566751,39.09805908719344,56.67445604333393,215.3862103174603
2025-09-05 13:12:00+02:00,32.37743260356961,54.34240489685752,76.93338250646046,364.428125
2025-09-05 13:13:00+02:00,25.504075528076974,42.699610847409815,61.00564340689324,255.62833333333333
2025-09-05 13:14:00+02:00,21.07263136312037,34.7386951664762,48.53901578262445,189.3638586182336
2025-09-05 13:15:00+02:00,25.434148003586987,42.33832433659612,60.43546083554567,267.3663408119658
2025-09-05 13:16:00+02:00,39.14921120802085,65.07452789701061,93.46862531252349,473.5716071428572
2025-09-05 13:17:00+02:00,52.82902294829386,88.70279447857861,126.4598790001925,661.5784206349207
2025-09-05 13:18:00+02:00,53.67688421520904,89.20763364276398,129.6333040784175,675.9698148148149
2025-09-05 13:19:00+02:00,45.70154304195052,77.46444926418933,112.60217039450744,551.5065972222222
2025-09-05 13:20:00+02:00,45.497646078094746,75.59092771870323,109.73847654305013,552.7666666666667
2025-09-05 13:21:00+02:00,51.37898949727925,85.19129426567302,126.16795382546448,648.6171064814815
2025-09-05 13:22:00+02:00,50.54369571394561,84.532744301426,122.85288373155456,631.8957554436305
2025-09-05 13:23:00+02:00,49.943154583631895,85.13892864252205,123.68798248966176,634.4244662698412
2025-09-05 13:24:00+02:00,49.20957124388793,83.02267210502698,120.44860271916272,620.421717948718
2025-09-05 13:25:00+02:00,46.70766452249556,77.67477998158978,112.69518912400146,594.5513888888889
2025-09-05 13:26:00+02:00,49.676290787548254,83.36780598067752,120.66611526705702,618.4691157407407
2025-09-05 13:27:00+02:00,52.276355678741446,87.39733121810569,127.09428401290768,649.5783171296297
2025-09-05 13:28:00+02:00,53.3768884145547,89.32081811573167,129.7593499202783,660.0153951719576
2025-09-05 13:29:00+02:00,53.85733926784288,89.06229568063078,130.87599764683023,661.362549475987
2025-09-05 13:30:00+02:00,54.69622403515429,92.01675596289304,133.11992784018696,685.1410264550265
2025-09-05 13:31:00+02:00,55.15092604620533,93.28886243427478,133.8625469180724,697.6188425925926
2025-09-05 13:32:00+02:00,54.52796858389098,91.94750508037964,132.73139727299375,684.7737435897435
2025-09-05 13:33:00+02:00,53.34914270153124,89.5808079822138,130.86278241813363,670.6784126984127
2025-09-05 13:34:00+02:00,51.5277845903495,86.28344734836556,125.94413685455916,655.9507777777777
2025-09-05 13:35:00+02:00,49.938738456350364,83.59824650593251,122.22752145793632,638.881590909091
2025-09-05 13:36:00+02:00,48.91080857300523,81.52331512636577,119.087166519429,629.3844444444445
2025-09-05 13:37:00+02:00,32.61650695004437,53.61588455489625,79.43679297675112,376.250625
2025-09-05 13:38:00+02:00,18.06570417936434,29.78263240901251,43.09275279345591,154.95791666666668
2025-09-05 13:39:00+02:00,34.054234679810456,56.50774228444,82.49878579358774,413.9159722222223
2025-09-05 13:40:00+02:00,46.25799011823573,77.47448963090612,109.86967157306556,587.5613888888889
2025-09-05 13:41:00+02:00,51.39884726571458,86.77342016160708,126.68583254976822,664.0715656565657
2025-09-05 13:42:00+02:00,52.25803848995982,87.09073928532301,125.39788892813178,670.800300925926
2025-09-05 13:43:00+02:00,52.89743850054418,85.95468131470163,127.03756154505894,670.6493386243386
2025-09-05 13:44:00+02:00,50.58924707859677,81.84217090443384,117.7040355313133,624.6182142857143
2025-09-05 13:45:00+02:00,51.03567269318286,85.45585459257244,124.39187432256068,651.2785069444445
2025-09-05 13:46:00+02:00,43.24516655885197,71.8872412867938,103.78714739442954,536.5353472222222
2025-09-05 13:47:00+02:00,46.99642042467393,81.34865083902596,118.27214661329928,621.7425480769231
2025-09-05 13:48:00+02:00,39.6239633034662,78.85413397258989,115.42035239165524,596.3763611111111
2025-09-05 13:49:00+02:00,32.023905617069225,54.07608736259931,77.16314727811705,365.38409722222224
2025-09-05 13:50:00+02:00,47.62191654184943,79.06478576404793,116.0161780083283,619.8229861111112
2025-09-05 13:51:00+02:00,46.66455636461105,77.98799133302661,113.8675916919,596.5452843915344
2025-09-05 13:52:00+02:00,47.48166041893225,79.50297650284155,115.03886757683912,605.5030815527066
2025-09-05 13:53:00+02:00,48.18753276126245,80.48729132567243,115.50274243521042,606.4679398148148
2025-09-05 13:54:00+02:00,48.40119788330847,80.2366045171207,117.93912698294652,613.5591595441596
2025-09-05 13:55:00+02:00,47.18800936497353,79.39226175783888,115.1163536434488,618.3559065656566
2025-09-05 13:56:00+02:00,28.70198357591497,48.05058800566975,69.78350711290123,292.36791666666664
2025-09-05 13:57:00+02:00,28.4322804875431,47.54928741373369,68.46748674961452,294.6928472222222
2025-09-05 13:58:00+02:00,18.052464292000497,29.730530474533676,42.09470856642688,151.24196031746033
2025-09-05 13:59:00+02:00,18.178008860702885,30.024250255432733,41.82592005850101,150.04111111111112
2025-09-05 14:00:00+02:00,32.81850896080779,54.443071554552425,78.7433717868909,406.7801613756614
2025-09-05 14:01:00+02:00,45.694404626787815,76.29958226470957,110.3419999789842,599.4755317460317
2025-09-05 14:02:00+02:00,47.27802314327563,81.05486362382202,115.36972563361806,619.0154444444445
2025-09-05 14:03:00+02:00,46.67226348620322,79.29349930665181,118.37574670792938,618.0395138888889
2025-09-05 14:04:00+02:00,37.57165128344387,62.222445826707855,90.35060653842925,456.0511111111111
2025-09-05 14:05:00+02:00,26.417589909421302,43.51019979831536,62.16706315669179,285.26682539682537
2025-09-05 14:06:00+02:00,14.18453626397295,23.35603047085801,33.71823093956402,134.2665462962963
2025-09-05 14:07:00+02:00,14.567669988779242,24.087362929952903,34.83602470083502,144.77116666666666
2025-09-05 14:08:00+02:00,15.693508289421937,25.68477007079154,37.13026325160048,154.91300462962965
2025-09-05 14:09:00+02:00,17.609973245301905,28.939581401701552,41.651946088176885,179.10009259259257
2025-09-05 14:10:00+02:00,19.455641748902533,31.924073350120043,46.188680771030015,194.2449074074074
2025-09-05 14:11:00+02:00,28.46823791406852,47.29418979915791,67.75026097630358,323.4928472222222
2025-09-05 14:12:00+02:00,47.706352593024114,79.95152156603541,114.74946141412686,630.7586666666667
2025-09-05 14:13:00+02:00,49.51828121058091,85.03510344597389,119.06406415755396,640.3830570818071
2025-09-05 14:14:00+02:00,49.01479504240904,82.9392620159751,117.84590300131548,632.6038854166667
2025-09-05 14:15:00+02:00,48.03430103249804,80.76185307950456,115.26288710442633,618.203625
2025-09-05 14:16:00+02:00,46.42010305026714,75.3587901313928,111.63855713143688,611.50625
2025-09-05 14:17:00+02:00,46.72537393090699,78.49128575936282,112.6746397040336,609.4682936507936
2025-09-05 14:18:00+02:00,47.84834847194729,80.43106744411955,115.26286961307724,614.5695016788767
2025-09-05 14:19:00+02:00,47.522625565369765,78.40701439131071,113.73095790675744,603.448006021756
2025-09-05 14:20:00+02:00,42.104185151870894,67.55213803754023,104.02426608725683,520.1430555555555
2025-09-05 14:21:00+02:00,18.303529064681555,29.94976434722069,43.18126485035224,157.8971527777778
2025-09-05 14:22:00+02:00,17.72354014120806,29.334298112420605,42.515928913281705,160.41250802660247
2025-09-05 14:23:00+02:00,18.123045470300955,29.936793950702118,43.34543865300599,162.94189950980393
2025-09-05 14:24:00+02:00,18.52802788858303,30.539289788983645,44.17494839273029,170.129853988604
2025-09-05 14:25:00+02:00,28.42039675524789,47.28257723203152,68.77797685358078,343.6796527777778
2025-09-05 14:26:00+02:00,44.70185493836391,75.03742325304951,108.70239489953312,589.3218611111112
2025-09-05 14:27:00+02:00,46.47511708124358,78.12416558256153,112.16314379927968,601.4368824786325
2025-09-05 14:28:00+02:00,47.13408282065594,77.13052505681601,113.81784631468484,602.2692222222223
2025-09-05 14:29:00+02:00,46.67811844283827,76.56497471805172,112.10933352970456,594.3459722222223
2025-09-05 14:30:00+02:00,45.57239079005858,75.96732078254848,109.96393688957784,593.3941944444445
2025-09-05 14:31:00+02:00,41.426820167270485,69.4334437617498,100.01608140886852,522.8928472222223
2025-09-05 14:32:00+02:00,38.98631292363312,65.35023955447156,93.74086615739992,493.9179166666667
2025-09-05 14:33:00+02:00,42.72555769737653,69.6109233957172,101.53717338435116,552.5403823260073
2025-09-05 14:34:00+02:00,34.56495726777776,56.72648578629701,82.97477513290839,412.6619191919192
2025-09-05 14:35:00+02:00,15.854927946844398,24.97535155959197,36.52295095029737,139.84442857142858
2025-09-05 14:36:00+02:00,16.09173349762308,24.738497522045037,35.60272838584863,144.24826240079366
2025-09-05 14:37:00+02:00,16.43205285203554,25.953383549139414,37.60184974056608,154.6482158119658
2025-09-05 14:38:00+02:00,16.789192588332757,26.727255746383594,38.71763494513064,162.84161375661378
2025-09-05 14:39:00+02:00,17.495355248738623,27.47195582258711,39.80905600387376,165.4162554466231
2025-09-05 14:40:00+02:00,20.64062441694336,34.13528256518201,49.5112166674407,241.1966666666667
2025-09-05 14:41:00+02:00,38.71743691801281,65.49568706960233,94.07173975047697,535.1925
2025-09-05 14:42:00+02:00,36.79417011071054,63.05312181736261,92.11446683220407,503.3484722222222
2025-09-05 14:43:00+02:00,35.31091453873955,59.26298541802265,84.71327658879656,444.9088472222222
2025-09-05 14:44:00+02:00,42.08696334583107,71.53655145140013,102.30362385662248,550.74
2025-09-05 14:45:00+02:00,43.79967538713026,77.12556872280324,106.28978608370488,577.2330555555556
2025-09-05 14:46:00+02:00,45.02630225565882,75.12332961022632,108.90857077002994,584.2254464285714
2025-09-05 14:47:00+02:00,41.32658045052035,69.69071574096644,101.190961924227,523.7530753968255
2025-09-05 14:48:00+02:00,43.64575675691354,73.58757316367056,105.31868782267456,556.4334974747475
2025-09-05 14:49:00+02:00,43.46043999921669,73.13930803087928,104.65877420382506,561.5784027777778
2025-09-05 14:50:00+02:00,43.15157873638859,72.64181146731902,103.95352300810804,555.3313253968254
2025-09-05 14:51:00+02:00,42.84271747356045,72.14431490375875,103.24827181239104,555.4878333333332
2025-09-05 14:52:00+02:00,42.50511881896067,72.14341469968734,102.55683617181404,542.8910876068376
2025-09-05 14:53:00+02:00,42.07136043035578,72.97525678729679,101.90454460413366,537.2641239316239
2025-09-05 14:54:00+02:00,41.62986505165852,72.88451428411129,101.25455562897658,539.4095187138131
2025-09-05 14:55:00+02:00,41.18836967296127,71.19594346058864,100.60456665381945,540.4140277777778
2025-09-05 14:56:00+02:00,40.74687429426401,70.47799931796577,99.75885623314991,537.4006226851852
2025-09-05 14:57:00+02:00,39.78033666833132,69.27566446677076,93.7733673157328,524.6085416666666
2025-09-05 14:58:00+02:00,40.26748008581383,68.54442733934476,96.55326237839115,520.0396717171717
2025-09-05 14:59:00+02:00,40.752284136552326,69.6358609445016,96.320212616425,520.9064748677248
2025-09-05 15:00:00+02:00,41.18483204973455,69.22703388083137,95.90046069993804,526.3329444444445
2025-09-05 15:01:00+02:00,41.00993195740448,68.75125343710907,95.48070878345112,523.7507361111111
2025-09-05 15:02:00+02:00,40.318262341450406,68.27547299338678,95.06095686696412,524.1163446969697
2025-09-05 15:03:00+02:00,38.385327431914895,67.57957200649692,94.64120495047706,519.7640740740741
2025-09-05 15:04:00+02:00,35.796983046242616,63.53171036777648,94.22145303399,515.1450066137567
2025-09-05 15:05:00+02:00,20.45768729989369,33.56171354453048,49.8283015690086,210.58569444444444
2025-09-05 15:06:00+02:00,25.560919346294387,40.94125111099028,60.70093072983152,300.2200138888889
2025-09-05 15:07:00+02:00,26.826746587794464,43.5911906056672,63.52383912022989,318.5693055555556
2025-09-05 15:08:00+02:00,31.54992988763216,52.76804241301219,75.64891451683819,399.7814814814815
2025-09-05 15:09:00+02:00,34.078421662499046,56.13315958589037,82.2974014779033,443.6154861111111
2025-09-05 15:10:00+02:00,13.297610160240186,22.209636910106653,30.987402383669345,105.52222883597882
2025-09-05 15:11:00+02:00,12.112624448984596,20.013759400622565,27.766807957923557,101.076841991342
2025-09-05 15:12:00+02:00,11.65085841320757,19.2027653329692,26.71530009136833,115.47839781746032
2025-09-05 15:13:00+02:00,11.45404667400052,18.039312497927813,25.98788873728625,107.8014494301994
2025-09-05 15:14:00+02:00,11.73311048833035,17.185120958610078,26.62278002983658,102.10112654320989
2025-09-05 15:15:00+02:00,12.021714260690995,18.008106758018503,27.409042668792303,110.84891203703704
2025-09-05 15:16:00+02:00,12.31031803305164,19.086897688921617,28.195305307748008,118.66633333333334
2025-09-05 15:17:00+02:00,12.855109936674443,20.924424874814964,30.21631197270611,126.92333333333332
2025-09-05 15:18:00+02:00,14.408095803125654,23.51229318671253,34.225527522034895,147.5534722222222
2025-09-05 15:19:00+02:00,17.6350511104823,28.999136557938314,42.17404705973568,191.8830109126984
2025-09-05 15:20:00+02:00,19.61672748601634,32.21115885251082,46.811993370858886,206.84333333333333
2025-09-05 15:21:00+02:00,18.987689146837727,32.14140902210988,45.31049695309533,197.52164983164985
2025-09-05 15:22:00+02:00,18.725157073433827,32.5534366334252,44.67705315185133,200.6955555555556
2025-09-05 15:23:00+02:00,18.46262500002992,31.664260054467427,44.0436093506073,194.8922673611111
2025-09-05 15:24:00+02:00,18.20806916149505,30.53113244795943,43.46716019090034,184.419
2025-09-05 15:25:00+02:00,18.82155556913681,29.887629656338667,44.9976958247938,176.62801282051282
2025-09-05 15:26:00+02:00,21.964300056582765,36.54218277062929,52.24002474918904,252.85444444444445
2025-09-05 15:27:00+02:00,14.912770219119896,24.37231108320808,35.225358405772255,142.35964616402117
2025-09-05 15:28:00+02:00,13.986391809223898,22.494639298608817,32.49240946957294,134.91547123015872
2025-09-05 15:29:00+02:00,13.210027218096954,20.738155827976684,30.004564010649368,132.9947023809524
2025-09-05 15:30:00+02:00,11.34540838299327,18.270945043105048,26.590623903961337,111.78518022486772
2025-09-05 15:31:00+02:00,10.11424789127943,16.150555630573297,23.484339958326107,97.60641203703705
2025-09-05 15:32:00+02:00,9.2141579652198,14.651785256851417,21.23131101120271,90.98807407407408
2025-09-05 15:33:00+02:00,8.164386995508979,13.013217171295844,18.794692233201925,80.9641736694678
2025-09-05 15:34:00+02:00,7.05493551537472,11.241847449510947,16.146602149629604,74.53655303030304
2025-09-05 15:35:00+02:00,6.358196956587354,9.971792966791185,14.3066777308709,65.42256335282651
2025-09-05 15:36:00+02:00,5.82716601544377,9.742730448319737,13.975233577396727,65.819
2025-09-05 15:37:00+02:00,5.719685989874976,9.639805094829171,13.826304774525124,61.97886363636365
2025-09-05 15:38:00+02:00,5.655994122871245,9.53687974133861,13.677375971653507,65.94542121212122
2025-09-05 15:39:00+02:00,5.592302255867518,9.43395438784804,13.528447168781884,67.7395
2025-09-05 15:40:00+02:00,5.528610388863788,9.331029034357469,13.379518365910265,65.32541666666667
2025-09-05 15:41:00+02:00,5.464918521860058,9.228103680866896,13.230589563038636,64.26172222222222
2025-09-05 15:42:00+02:00,5.401226654856329,9.125178327376322,13.081660760167011,61.048110119047614
2025-09-05 15:43:00+02:00,5.337534787852599,9.02225297388575,12.932731957295392,61.18230324074074
2025-09-05 15:44:00+02:00,5.273842920848873,8.91932762039518,12.783803154423769,61.962409188034194
2025-09-05 15:45:00+02:00,5.21015105384515,8.150551539757222,11.76015843304146,61.06726851851852
2025-09-05 15:46:00+02:00,5.207798962637881,8.126273502412618,11.612852875322828,58.27391559829059
2025-09-05 15:47:00+02:00,5.271054583977198,8.34329151718658,11.953345001103823,57.04224508713386
2025-09-05 15:48:00+02:00,5.334310205316514,8.560309531960547,12.293837126884815,58.69096203844049
2025-09-05 15:49:00+02:00,5.397565826655832,8.77732754673451,12.634329252665813,60.1205056980057
2025-09-05 15:50:00+02:00,5.460821447995149,8.994345561508474,12.974821378446808,58.08452777777779
2025-09-05 15:51:00+02:00,5.524077069334465,9.211363576282436,13.3153135042278,59.24652243589745
2025-09-05 15:52:00+02:00,5.587332690673783,9.428381591056404,13.655805630008794,66.1432142857143
2025-09-05 15:53:00+02:00,5.650588312013104,9.645399605830368,13.994879038599036,65.55034722222221
2025-09-05 15:54:00+02:00,5.713843933352429,9.80735878204023,13.981547051618335,68.872791005291
2025-09-05 15:55:00+02:00,5.771597572109396,9.637999725020734,13.679019204670071,70.20723684210527
2025-09-05 15:56:00+02:00,5.692822531568109,9.413260095488884,13.376491357721806,70.37424074074075
2025-09-05 15:57:00+02:00,5.55523861029376,9.188520465957044,13.073963510773543,71.72019764957265
2025-09-05 15:58:00+02:00,5.417654689019413,8.963780836425206,12.771435663825276,67.898025
2025-09-05 15:59:00+02:00,5.280070767745068,8.739041206893368,12.46890781687701,69.28960842293907
2025-09-05 16:00:00+02:00,5.14248684647072,8.514301577361532,12.166379969928734,68.92413625502336
2025-09-05 16:01:00+02:00,5.004902925196373,8.289561947829693,11.863852122980456,69.47121642246643
2025-09-05 16:02:00+02:00,4.867319003922026,8.064822318297857,11.561324276032174,59.844569841269845
2025-09-05 16:03:00+02:00,4.7297350826476805,7.761210650759588,11.18463379993681,62.09821458333334
2025-09-05 16:04:00+02:00,4.580745394739552,7.078731514940423,10.237950545539585,58.88979166666667
2025-09-05 16:05:00+02:00,4.195086049180435,6.346957355367237,9.172607084507018,51.117148809523805
2025-09-05 16:06:00+02:00,3.7153291288926136,5.618183273924832,8.107263623474454,49.32575613454646
2025-09-05 16:07:00+02:00,3.294503443345368,4.89509097310562,7.041920162441894,39.93318747078074
2025-09-05 16:08:00+02:00,3.049786215104269,4.172993786168293,5.976576701409331,38.29060714285715
2025-09-05 16:09:00+02:00,2.8167181844281672,3.795063197800479,5.376685778233212,35.85875755360624
2025-09-05 16:10:00+02:00,2.583650153752063,3.691605471791854,5.226986653967424,34.72604166666667
2025-09-05 16:11:00+02:00,2.3505821230759585,3.588147745783232,5.077287529701642,34.71126756066411
2025-09-05 16:12:00+02:00,2.1316470120721527,3.4846900197746087,4.927588405435861,32.88777777777778
2025-09-05 16:13:00+02:00,2.038494886151801,3.381232293765986,4.777889281170078,31.531013888888893
2025-09-05 16:14:00+02:00,1.975021891543275,3.277774567757364,4.628190156904298,28.63843434343434
2025-09-05 16:15:00+02:00,1.911548896934749,3.174316841748741,4.478491032638514,32.81604166666667
2025-09-05 16:16:00+02:00,1.848075902326223,3.0718251082890062,4.328791908372733,29.87613425925926
2025-09-05 16:17:00+02:00,1.784602907717697,2.9696579940944376,4.179092784106951,26.79371616809117
2025-09-05 16:18:00+02:00,1.7211299131091704,2.842730055011885,4.0008847824993765,27.714077991452992
2025-09-05 16:19:00+02:00,1.6576569185006444,2.47629740974012,3.468352162500953,26.02091666666667
2025-09-05 16:20:00+02:00,1.5974565486083852,2.065135126664991,2.8317028231500294,28.537745039682545
2025-09-05 16:21:00+02:00,1.5388854257392617,1.9027255804152372,2.558599763929855,29.501580687830693
2025-09-05 16:22:00+02:00,1.513197876347388,1.9027255804152372,2.558599763929855,30.29196296296297
2025-09-05 16:23:00+02:00,1.567911896875743,1.9027255804152372,2.558599763929855,26.81256097560976
2025-09-05 16:24:00+02:00,1.6262824337076425,1.9027255804152372,2.558599763929855,29.34993055555556
2025-09-05 16:25:00+02:00,1.688677895460433,1.9027255804152372,2.558599763929855,25.469220238095243
2025-09-05 16:26:00+02:00,1.751933516799752,1.9027255804152372,2.558599763929855,20.59996031746032
2025-09-05 16:27:00+02:00,1.8151891381390703,1.9027255804152372,2.558599763929855,25.261388888888888
2025-09-05 16:28:00+02:00,1.8784447594783895,1.9027255804152372,2.558599763929855,23.46951625094482
2025-09-05 16:29:00+02:00,1.9417003808177085,1.9027255804152372,2.558599763929855,24.919468652325797
2025-09-05 16:30:00+02:00,2.0049560021570274,1.958252260188741,2.6528114523783723,26.90121164021164
2025-09-05 16:31:00+02:00,2.068377765186058,2.442422365312747,3.4253472976562187,27.143323529411763
2025-09-05 16:32:00+02:00,2.198256204099631,3.0409771757455824,4.329779506761989,28.82514619883041
2025-09-05 16:33:00+02:00,2.381133842031128,3.642282277485889,5.219966080339717,30.83796477983577
2025-09-05 16:34:00+02:00,2.564011479962625,4.069879888123933,5.8145557167106245,30.82108716475096
2025-09-05 16:35:00+02:00,2.746889117894121,4.399580333645918,6.2916188599752045,36.25577962962964
2025-09-05 16:36:00+02:00,2.929766755825617,4.7292807791679,6.7686820032397845,34.39905251911831
2025-09-05 16:37:00+02:00,3.1126443937571144,5.058981224689885,7.245745146504364,32.85874446290144
2025-09-05 16:38:00+02:00,3.307413568703893,5.388681670211869,7.722808289768946,41.91710830896687
2025-09-05 16:39:00+02:00,3.664283169280035,5.71933415771802,8.206259539317944,46.91919590643275
2025-09-05 16:40:00+02:00,4.072474140132659,6.183272523006893,8.921648186270161,48.760182980599645
2025-09-05 16:41:00+02:00,4.461389426250574,6.741463044727835,9.752514139132874,50.34791666666667
2025-09-05 16:42:00+02:00,4.558901713732033,7.29965356644878,10.583380091995592,56.27680555555556
2025-09-05 16:43:00+02:00,4.558901713732033,7.765568831118416,11.145690873507588,59.38270833333333
2025-09-05 16:44:00+02:00,4.558901713732033,7.646469707179116,10.889153733206784,59.1235625
2025-09-05 16:45:00+02:00,4.558901713732033,7.422985606303881,10.576269077083712,64.80671626984127
2025-09-05 16:46:00+02:00,4.558901713732033,7.199501505428645,10.263384420960636,66.27177248677249
2025-09-05 16:47:00+02:00,4.558901713732033,6.976017404553409,9.950499764837565,66.10001851851852
2025-09-05 16:48:00+02:00,4.558901713732033,6.752533303678172,9.637615108714488,64.48521969696971
2025-09-05 16:49:00+02:00,4.558901713732033,6.529049202802937,9.324730452591409,57.85400462962963
2025-09-05 16:50:00+02:00,4.558901713732033,6.305565101927698,9.011845796468329,58.05063492063493
2025-09-05 16:51:00+02:00,4.4908967222698015,6.082081001052458,8.698961140345247,50.90875308641975
2025-09-05 16:52:00+02:00,4.096224896819352,5.832207436929783,8.36177750090896,41.49766666666667
2025-09-05 16:53:00+02:00,3.659049951705004,5.406404117824219,7.7670246383527,51.11306944444445
2025-09-05 16:54:00+02:00,3.279773866269526,4.948347010305128,7.104234622519466,48.30970726495727
2025-09-05 16:55:00+02:00,3.046122185480905,4.490289902786034,6.44144460668623,43.92920061728395
2025-09-05 16:56:00+02:00,2.819488548289724,4.033622049925794,5.7786545908529945,41.23132300569801
2025-09-05 16:57:00+02:00,2.5928549110985446,3.7262990728922953,5.300850675394096,37.848092185592186
2025-09-05 16:58:00+02:00,2.366221273907368,3.5183078039668163,5.00196774226448,34.763333333333335
2025-09-05 16:59:00+02:00,2.147302709686971,3.3103165350413364,4.703084809134863,34.412912698412704
2025-09-05 17:00:00+02:00,2.0450178956719283,3.102898725530831,4.404201876005245,29.77219841269841
2025-09-05 17:01:00+02:00,1.981762274332609,2.8975021008069115,4.105318942875628,29.941929683306498
2025-09-05 17:02:00+02:00,1.9185066529932897,2.692105476082992,3.806436009746013,22.64632575757576
2025-09-05 17:03:00+02:00,1.855251031653971,2.486708851359072,3.5075530766163943,29.72295008354219
2025-09-05 17:04:00+02:00,1.791995410314652,2.281312226635152,3.2086701434867773,31.526726190476197
2025-09-05 17:05:00+02:00,1.7287397889753335,2.08717039067709,2.909787210357159,27.31957437275986
2025-09-05 17:06:00+02:00,1.6654841676360146,1.9410874137159504,2.6387169946159896,30.537188172043013
2025-09-05 17:07:00+02:00,1.6048799035359442,2.0002006632176315,2.694342429392889,27.688386409865245
2025-09-05 17:08:00+02:00,1.5465093667040457,2.090875158847765,2.843783895957698,29.02014473684211
2025-09-05 17:09:00+02:00,1.5103138948788697,2.181891613847285,2.9932253625225056,27.923674603174604
2025-09-05 17:10:00+02:00,1.5603615041246055,2.2837076383023547,3.142666829087314,30.252597222222224
2025-09-05 17:11:00+02:00,1.618932626993728,2.385523662757424,3.2921082956521235,25.66600747863248
2025-09-05 17:12:00+02:00,1.680930349857102,2.487339687212493,3.441549762216932,30.138497549019608
2025-09-05 17:13:00+02:00,1.744403344465628,2.589155711667563,3.59099122878174,28.966411111111118
2025-09-05 17:14:00+02:00,1.807876339074154,2.6909717361226315,3.740432695346548,23.12417755779849
2025-09-05 17:15:00+02:00,1.8713493336826803,2.792787760577703,3.8898741619113566,28.31025724637681
2025-09-05 17:16:00+02:00,1.9348223282912065,2.8557157201367405,4.000087243502906,28.53911421911422
2025-09-05 17:17:00+02:00,1.998295322899732,2.856422775862124,4.005691298499087,32.72250248015873
2025-09-05 17:18:00+02:00,2.061768317508259,2.856422775862124,4.005691298499087,31.585320767195768
2025-09-05 17:19:00+02:00,2.0961495229212126,2.856422775862124,4.005691298499087,31.27061818000797
2025-09-05 17:20:00+02:00,2.0961495229212126,2.856422775862124,4.005691298499087,30.018737373737377
2025-09-05 17:21:00+02:00,2.0961495229212126,2.856422775862124,4.005691298499087,33.566625
2025-09-05 17:22:00+02:00,2.0961495229212126,2.856422775862124,4.005691298499087,32.14842592592593
2025-09-05 17:23:00+02:00,2.0961495229212126,2.856422775862124,4.005691298499087,32.93065107212476
2025-09-05 17:24:00+02:00,2.0961495229212126,2.856422775862124,4.005691298499087,29.57193703703704
2025-09-05 17:25:00+02:00,2.0961495229212126,2.8588673685284958,4.005934425437018,32.48884920634921
2025-09-05 17:26:00+02:00,2.0961495229212126,2.939538926518762,4.103428327547615,34.25888888888889
2025-09-05 17:27:00+02:00,2.0961495229212126,3.056879374504605,4.278479722858413,30.110776353276357
2025-09-05 17:28:00+02:00,2.1002077303919457,3.1745473168809406,4.453531118169208,33.24126543209877
2025-09-05 17:29:00+02:00,2.199343941462722,3.2933700517027256,4.628582513480001,31.84255984848485
2025-09-05 17:30:00+02:00,2.33848248331644,3.41219278652451,4.803633908790795,31.2850873015873
2025-09-05 17:31:00+02:00,2.4776210251701585,3.5310155213462946,4.978685304101587,31.53723099415205
2025-09-05 17:32:00+02:00,2.6167595670238777,3.64983825616808,5.15373669941238,33.734375
2025-09-05 17:33:00+02:00,2.755898108877596,3.768660990989865,5.328788094723173,36.4741335978836
2025-09-05 17:34:00+02:00,2.895036650731313,3.969410115396112,5.620321836085608,35.36116762866763
2025-09-05 17:35:00+02:00,3.034175192585029,4.344935537582552,6.160351249024878,38.52938988095238
2025-09-05 17:36:00+02:00,3.17331373443875,4.725922719074622,6.708146151700924,43.44119444444445
2025-09-05 17:37:00+02:00,3.3164828769096606,5.106909900566691,7.255941054376973,42.09733592796093
2025-09-05 17:38:00+02:00,3.498638919895948,5.4878970820587645,7.803735957053028,49.04013888888889
2025-09-05 17:39:00+02:00,3.690541688011078,5.813323632916578,8.280774018133423,49.051620370370365
2025-09-05 17:40:00+02:00,3.882444456126209,5.853009797655336,8.346965902206781,52.12694444444444
2025-09-05 17:41:00+02:00,4.074347224241336,5.853009797655336,8.346965902206781,54.921309523809526
2025-09-05 17:42:00+02:00,4.266249992356463,5.853009797655336,8.346965902206781,53.67164384920636
2025-09-05 17:43:00+02:00,4.458152760471592,5.853009797655336,8.346965902206781,55.521578947368425
2025-09-05 17:44:00+02:00,4.473339623526507,5.853009797655336,8.346965902206781,57.461230854915065
2025-09-05 17:45:00+02:00,4.259135229865119,5.853009797655336,8.346965902206781,55.49433531746032
2025-09-05 17:46:00+02:00,4.043734163613442,5.853009797655336,8.346965902206781,53.58810810810812
2025-09-05 17:47:00+02:00,3.8283330973617664,5.853009797655336,8.346965902206781,51.42612903225807
2025-09-05 17:48:00+02:00,3.612932031110089,5.853009797655336,8.346965902206781,48.55960934095861
2025-09-05 17:49:00+02:00,3.3983626392730164,5.740986578097297,8.20079504012908,44.81756260521886
2025-09-05 17:50:00+02:00,3.218874786379088,5.362705271473774,7.640473402164561,47.99101262626263
2025-09-05 17:51:00+02:00,3.057910590901258,4.973059290402337,7.055789953853761,38.08696801346802
2025-09-05 17:52:00+02:00,2.896946395423426,4.5834133093309015,6.471106505542958,36.73771441372248
2025-09-05 17:53:00+02:00,2.735982199945594,4.193767328259467,5.886423057232158,38.07933333333333
2025-09-05 17:54:00+02:00,2.5750180044677617,3.826364135098327,5.356628259170945,39.90887962962963
2025-09-05 17:55:00+02:00,2.4140538089899306,3.5431657818833058,4.95729344141309,38.58702047952048
2025-09-05 17:56:00+02:00,2.253089613512099,3.2679112814933924,4.563527037448673,35.60505747126437
2025-09-05 17:57:00+02:00,2.0948338022029183,2.9945983301512613,4.169760633484256,34.442851851851856
2025-09-05 17:58:00+02:00,1.9513509954500223,2.72277756761525,3.7759942295198416,25.195039682539683
2025-09-05 17:59:00+02:00,1.8100841393805691,2.4509568050792376,3.382227825555424,31.56822115384616
2025-09-05 18:00:00+02:00,1.6688172833111152,2.1791360425432265,2.9884614215910084,24.74061088527552
2025-09-05 18:01:00+02:00,1.5359690019188987,1.9466925434212152,2.6150768267665048,28.864344566832767
2025-09-05 18:02:00+02:00,1.4090936209180058,1.8248966383327057,2.423090333287204,23.187453703703707
2025-09-05 18:03:00+02:00,1.290460921172912,1.7342221427025724,2.273905639001717,25.14559259259259
2025-09-05 18:04:00+02:00,1.1718282214278186,1.6435476470724386,2.1247209447162296,19.840085227272727
2025-09-05 18:05:00+02:00,1.053195521682725,1.5528731514423049,1.9755362504307423,23.227542087542087
2025-09-05 18:06:00+02:00,0.970797253040566,1.462198655812171,1.826351556145255,23.998
2025-09-05 18:07:00+02:00,0.9685741515500194,1.371524160182037,1.6771668618597677,19.731543209876545
2025-09-05 18:08:00+02:00,0.9685741515500194,1.2808496645519032,1.5279821675742806,20.402708333333333
2025-09-05 18:09:00+02:00,0.9685741515500194,1.1874888119783709,1.3787974732887915,15.98925
2025-09-05 18:10:00+02:00,0.9685741515500194,1.0862170115260366,1.2340351614561778,18.131834625323
2025-09-05 18:11:00+02:00,0.9685741515500194,1.0345509326400948,1.1712143329483056,17.796383838383836
2025-09-05 18:12:00+02:00,0.9685741515500194,1.12715933797902,1.3062383884446254,18.155066666666663
2025-09-05 18:13:00+02:00,0.9685741515500194,1.2271458706026843,1.453978256904976,15.3054945799458
2025-09-05 18:14:00+02:00,0.9685741515500194,1.3181330369074051,1.6034197234697842,18.792638888888888
2025-09-05 18:15:00+02:00,0.9732539989185351,1.4091202032121255,1.7528611900345932,24.23254298941799
2025-09-05 18:16:00+02:00,1.1019044758488972,1.500107369516846,1.9023026565994012,24.72642857142857
2025-09-05 18:17:00+02:00,1.28226756296135,1.5910945358215662,2.0517441231642097,23.59767195767196
2025-09-05 18:18:00+02:00,1.4644399394336145,1.682081702126288,2.2011855897290173,24.66011111111111
2025-09-05 18:19:00+02:00,1.6648099313620508,1.7730688684310096,2.350627056293827,26.6372208994709
2025-09-05 18:20:00+02:00,1.87958483172346,1.8652334431885904,2.5037675304687053,24.49762688700189
2025-09-05 18:21:00+02:00,2.076090619253637,2.2012242419054013,3.0545513227258825,27.39225205350205
2025-09-05 18:22:00+02:00,2.159201913348598,2.779340595396627,3.869814159102914,30.785732323232324
2025-09-05 18:23:00+02:00,2.222784155796381,3.36009916070935,4.685076995479947,33.76996428571429
2025-09-05 18:24:00+02:00,2.2863663982441653,3.81867763404188,5.373521168420552,35.38154377723311
2025-09-05 18:25:00+02:00,2.3499486406919483,3.852827094821961,5.4527828330683175,40.793970238095234
2025-09-05 18:26:00+02:00,2.413530883139732,3.852827094821961,5.4527828330683175,39.8140873015873
2025-09-05 18:27:00+02:00,2.477113125587515,3.852827094821961,5.4527828330683175,43.61974722222222
2025-09-05 18:28:00+02:00,2.540695368035299,3.852827094821961,5.4527828330683175,43.82696047307813
2025-09-05 18:29:00+02:00,2.6042776104830825,3.852827094821961,5.4527828330683175,44.57478805916306
2025-09-05 18:30:00+02:00,2.6678598529308664,3.852827094821961,5.4527828330683175,39.59708333333334
2025-09-05 18:31:00+02:00,2.7106895579130548,3.852827094821961,5.4527828330683175,46.06268187830688
2025-09-05 18:32:00+02:00,2.711837570623918,3.852827094821961,5.4527828330683175,47.06758207070707
2025-09-05 18:33:00+02:00,2.711837570623918,3.852827094821961,5.4527828330683175,47.36580808080808
2025-09-05 18:34:00+02:00,2.711837570623918,3.852827094821961,5.4527828330683175,43.57349206349207
2025-09-05 18:35:00+02:00,2.711837570623918,3.852827094821961,5.4527828330683175,42.85217592592593
2025-09-05 18:36:00+02:00,2.711837570623918,3.852827094821961,5.4527828330683175,48.86760090968161
2025-09-05 18:37:00+02:00,2.711837570623918,3.852827094821961,5.4527828330683175,50.44407243867244
2025-09-05 18:38:00+02:00,2.711837570623918,3.852827094821961,5.4527828330683175,45.84451388888889
2025-09-05 18:39:00+02:00,2.711837570623918,3.852827094821961,5.4527828330683175,51.0702803030303
2025-09-05 18:40:00+02:00,2.711837570623918,3.852827094821961,5.4527828330683175,47.6115874534822
2025-09-05 18:41:00+02:00,2.67751533811905,3.852827094821961,5.4527828330683175,44.84086476608187
2025-09-05 18:42:00+02:00,2.6141512165716034,3.852827094821961,5.4527828330683175,50.567546992481205
2025-09-05 18:43:00+02:00,2.550787095024156,3.8515383173072486,5.451952602698513,49.34490553306343
2025-09-05 18:44:00+02:00,2.4874229734767077,3.784951479047118,5.361872607574727,52.08122364672365
2025-09-05 18:45:00+02:00,2.424058851929258,3.681849277870141,5.022925647102043,52.11907407407407
2025-09-05 18:46:00+02:00,2.3606947303818098,3.578747076693163,4.519379672481994,51.866129611129615
2025-09-05 18:47:00+02:00,2.297330608834361,3.475644875516184,4.062821902356608,50.6364183964184
2025-09-05 18:48:00+02:00,2.2339664872869127,3.372542674339208,3.630548018706037,50.731590909090905
2025-09-05 18:49:00+02:00,2.170602365739464,3.2233825427195004,3.2233825427195004,47.61510714285714
2025-09-05 18:50:00+02:00,2.107232498113792,2.842024159880165,2.842024159880165,47.63084590878606
2025-09-05 18:51:00+02:00,2.043784302369178,2.4870235564871845,2.4870235564871845,52.75068309859156
2025-09-05 18:52:00+02:00,1.9803113077606511,2.3390992867299385,2.3390992867299385,45.72623448773448
2025-09-05 18:53:00+02:00,1.9168383131521267,2.0136053641767973,2.0136053641767973,45.91636994949496
2025-09-05 18:54:00+02:00,1.716907455239265,1.716907455239265,1.716907455239265,37.89059722222222
2025-09-05 18:55:00+02:00,1.4488081020390389,1.4488081020390389,1.4488081020390389,36.81166666666667
2025-09-05 18:56:00+02:00,1.208057527201327,1.208057527201327,1.208057527201327,34.50366811983009
2025-09-05 18:57:00+02:00,0.9938190498349996,0.9938190498349996,0.9938190498349996,35.74443661971831
2025-09-05 18:58:00+02:00,0.8067436242081765,0.8067436242081765,0.8067436242081765,37.76726851851852
2025-09-05 18:59:00+02:00,0.6453804377934466,0.6453804377934466,0.6453804377934466,31.131966666666667
2025-09-05 19:00:00+02:00,0.5080559844843773,0.5080559844843773,0.5080559844843773,34.758473297491044
2025-09-05 19:01:00+02:00,0.3929022712789041,0.3929022712789041,0.3929022712789041,34.22857103070813
2025-09-05 19:02:00+02:00,0.2978951069049902,0.2978951069049902,0.2978951069049902,33.51294918699187
2025-09-05 19:03:00+02:00,0.220899934332258,0.220899934332258,0.220899934332258,29.2532895256917
2025-09-05 19:04:00+02:00,0.1597242477367613,0.1597242477367613,0.1597242477367613,31.10560118425636
2025-09-05 19:05:00+02:00,0.1121740454515164,0.1121740454515164,0.1121740454515164,33.03000631313132
2025-09-05 19:06:00+02:00,0.0761111975666888,0.0761111975666888,0.0761111975666888,30.90032738095238
2025-09-05 19:07:00+02:00,0.0495081342438928,0.0495081342438928,0.0495081342438928,20.429871502694645
2025-09-05 19:08:00+02:00,0.0304961238333661,0.0304961238333661,0.0304961238333661,18.017831400165697
2025-09-05 19:09:00+02:00,0.000246977298901,0.000246977298901,0.000246977298901,16.64272968580715
2025-09-05 19:10:00+02:00,0.0001243901696331,0.0001243901696331,0.0001243901696331,15.216102564102563
2025-09-05 19:11:00+02:00,4.8358127165864393e-05,4.8358127165864393e-05,4.8358127165864393e-05,13.803846153846155
2025-09-05 19:12:00+02:00,4.7428755944299405e-06,4.7428755944299405e-06,4.7428755944299405e-06,12.376328125
2025-09-05 19:13:00+02:00,0.0,0.0,0.0,10.858649945175438
2025-09-05 19:14:00+02:00,0.0,0.0,0.0,9.474805194805196
2025-09-05 19:15:00+02:00,0.0,0.0,0.0,8.462225770586425
2025-09-05 19:16:00+02:00,0.0,0.0,0.0,7.916584699453548
2025-09-05 19:17:00+02:00,0.0,0.0,0.0,7.401830601092896
2025-09-05 19:18:00+02:00,0.0,0.0,0.0,6.92820175270995
2025-09-05 19:19:00+02:00,0.0,0.0,0.0,6.600734265734268
2025-09-05 19:20:00+02:00,0.0,0.0,0.0,6.286048951048952
2025-09-05 19:21:00+02:00,0.0,0.0,0.0,5.971363636363637
2025-09-05 19:22:00+02:00,0.0,0.0,0.0,5.656678321678322
2025-09-05 19:23:00+02:00,0.0,0.0,0.0,5.15467106967107
2025-09-05 19:24:00+02:00,0.0,0.0,0.0,4.35294871794872
2025-09-05 19:25:00+02:00,0.0,0.0,0.0,3.5225422776340207
2025-09-05 19:26:00+02:00,0.0,0.0,0.0,2.6600823335685715
2025-09-05 19:27:00+02:00,0.0,0.0,0.0,1.9690384615384624
2025-09-05 19:28:00+02:00,0.0,0.0,0.0,1.3921153846153846
2025-09-05 19:29:00+02:00,0.0,0.0,0.0,0.8808050204512469
2025-09-05 19:30:00+02:00,0.0,0.0,0.0,0.7504716981132078
2025-09-05 19:31:00+02:00,0.0,0.0,0.0,0.6815180102915956
2025-09-05 19:32:00+02:00,0.0,0.0,0.0,0.6125643224699834
2025-09-05 19:33:00+02:00,0.0,0.0,0.0,0.5436106346483712
2025-09-05 19:34:00+02:00,0.0,0.0,0.0,0.4746569468267589
2025-09-05 19:35:00+02:00,0.0,0.0,0.0,0.4057032590051463
2025-09-05 19:36:00+02:00,0.0,0.0,0.0,0.3367495711835338
2025-09-05 19:37:00+02:00,0.0,0.0,0.0,0.2677958833619213
2025-09-05 19:38:00+02:00,0.0,0.0,0.0,0.1988421955403088
2025-09-05 19:39:00+02:00,0.0,0.0,0.0,0.1466123499142367
2025-09-05 19:40:00+02:00,0.0,0.0,0.0,0.1300600343053174
2025-09-05 19:41:00+02:00,0.0,0.0,0.0,0.114622641509434
2025-09-05 19:42:00+02:00,0.0,0.0,0.0,0.0991852487135507
2025-09-05 19:43:00+02:00,0.0,0.0,0.0,0.0837478559176673
2025-09-05 19:44:00+02:00,0.0,0.0,0.0,0.0683104631217839
2025-09-05 19:45:00+02:00,0.0,0.0,0.0,0.0528730703259005
2025-09-05 19:46:00+02:00,0.0,0.0,0.0,0.0374356775300171
2025-09-05 19:47:00+02:00,0.0,0.0,0.0,0.0219982847341337
2025-09-05 19:48:00+02:00,0.0,0.0,0.0,0.0066739339514577
2025-09-05 19:49:00+02:00,0.0,0.0,0.0,0.0047508591065291
2025-09-05 19:50:00+02:00,0.0,0.0,0.0,0.0119673539518899
2025-09-05 19:51:00+02:00,0.0,0.0,0.0,0.0191838487972508
2025-09-05 19:52:00+02:00,0.0,0.0,0.0,0.0264003436426116
2025-09-05 19:53:00+02:00,0.0,0.0,0.0,0.0336168384879724
2025-09-05 19:54:00+02:00,0.0,0.0,0.0,0.0408333333333332
2025-09-05 19:55:00+02:00,0.0,0.0,0.0,0.048049828178694
2025-09-05 19:56:00+02:00,0.0,0.0,0.0,0.0552663230240549
2025-09-05 19:57:00+02:00,0.0,0.0,0.0,0.0624828178694157
2025-09-05 19:58:00+02:00,0.0,0.0,0.0,0.0698052274348228
2025-09-05 19:59:00+02:00,0.0,0.0,0.0,0.0778902229845626
2025-09-05 20:00:00+02:00,0.0,0.0,0.0,0.0861234991423671
2025-09-06 05:00:00+02:00,0.0,0.0,0.0,0.132314974182444
2025-09-06 05:01:00+02:00,0.0,0.0,0.0,0.1465070869117243
2025-09-06 05:02:00+02:00,0.0,0.0,0.0,0.1436192109777016
2025-09-06 05:03:00+02:00,0.0,0.0,0.0,0.1353859348198973
2025-09-06 05:04:00+02:00,0.0,0.0,0.0,0.1271526586620929
2025-09-06 05:05:00+02:00,0.0,0.0,0.0,0.1189193825042884
2025-09-06 05:06:00+02:00,0.0,0.0,0.0,0.1106861063464839
2025-09-06 05:07:00+02:00,0.0,0.0,0.0,0.1024528301886794
2025-09-06 05:08:00+02:00,0.0,0.0,0.0,0.0942195540308749
2025-09-06 05:09:00+02:00,0.0,0.0,0.0,0.0859862778730703
2025-09-06 05:10:00+02:00,0.0,0.0,0.0,0.0777530017152658
2025-09-06 05:11:00+02:00,0.0,0.0,0.0,0.070800457404231
2025-09-06 05:12:00+02:00,0.0,0.0,0.0,0.07
2025-09-06 05:13:00+02:00,0.0,0.0,0.0,0.07
2025-09-06 05:14:00+02:00,0.0,0.0,0.0,0.07
2025-09-06 05:15:00+02:00,0.0,0.0,0.0,0.07
2025-09-06 05:16:00+02:00,0.0,0.0,0.0,0.07
2025-09-06 05:17:00+02:00,0.0,0.0,0.0,0.07
2025-09-06 05:18:00+02:00,0.0,0.0,0.0,0.07
2025-09-06 05:19:00+02:00,0.0,0.0,0.0,0.07
2025-09-06 05:20:00+02:00,0.0,0.0,0.0,0.07
2025-09-06 05:21:00+02:00,0.0,0.0,0.0,0.07
2025-09-06 05:22:00+02:00,0.0,0.0,0.0,0.07
2025-09-06 05:23:00+02:00,0.0,0.0,0.0,0.07
2025-09-06 05:24:00+02:00,0.0,0.0,0.0,0.07
2025-09-06 05:25:00+02:00,0.0,0.0,0.0,0.07
2025-09-06 05:26:00+02:00,0.0,0.0,0.0,0.07
2025-09-06 05:27:00+02:00,0.0,0.0,0.0,0.07
2025-09-06 05:28:00+02:00,0.0,0.0,0.0,0.07
2025-09-06 05:29:00+02:00,0.0,0.0,0.0,0.07
2025-09-06 05:30:00+02:00,0.0,0.0,0.0,0.0703872633390705
2025-09-06 05:31:00+02:00,0.0,0.0,0.0,0.0812306368330463
2025-09-06 05:32:00+02:00,0.0,0.0,0.0,0.096721170395869
2025-09-06 05:33:00+02:00,0.0,0.0,0.0,0.1122117039586918
2025-09-06 05:34:00+02:00,0.0,0.0,0.0,0.1277022375215145
2025-09-06 05:35:00+02:00,0.0,0.0,0.0,0.1431927710843373
2025-09-06 05:36:00+02:00,0.0,0.0,0.0,0.1586833046471602
2025-09-06 05:37:00+02:00,0.0,0.0,0.0,0.174173838209983
2025-09-06 05:38:00+02:00,0.0,0.0,0.0,0.1896643717728056
2025-09-06 05:39:00+02:00,0.0,0.0,0.0,0.2051549053356283
2025-09-06 05:40:00+02:00,0.0,0.0,0.0,0.2218502581755594
2025-09-06 05:41:00+02:00,0.0,0.0,0.0,0.2447418244406195
2025-09-06 05:42:00+02:00,0.0,0.0,0.0,0.2684939759036144
2025-09-06 05:43:00+02:00,0.0,0.0,0.0,0.2922461273666092
2025-09-06 05:44:00+02:00,0.0,0.0,0.0,0.3159982788296041
2025-09-06 05:45:00+02:00,0.0,0.0,0.0,0.3397504302925989
2025-09-06 05:46:00+02:00,0.0,0.0,0.0,0.3635025817555936
2025-09-06 05:47:00+02:00,0.0,0.0,0.0,0.3872547332185885
2025-09-06 05:48:00+02:00,0.0,0.0,0.0,0.4110068846815833
2025-09-06 05:49:00+02:00,0.0,0.0,0.0,0.4347590361445781
2025-09-06 05:50:00+02:00,0.0,0.0,0.0,0.486511500547645
2025-09-06 05:51:00+02:00,0.0,0.0,0.0,0.5856003430531728
2025-09-06 05:52:00+02:00,0.0,0.0,0.0,0.6854288164665516
2025-09-06 05:53:00+02:00,0.0,0.0,0.0,0.7852572898799304
2025-09-06 05:54:00+02:00,0.0,0.0,0.0,0.8850857632933091
2025-09-06 05:55:00+02:00,0.0,0.0,0.0,0.984914236706688
2025-09-06 05:56:00+02:00,0.0,0.0,0.0,1.0847427101200675
2025-09-06 05:57:00+02:00,0.0,0.0,0.0,1.1845711835334485
2025-09-06 05:58:00+02:00,1.3401481991945245e-05,1.3401481991945245e-05,1.3401481991945245e-05,1.2843996569468272
2025-09-06 05:59:00+02:00,6.408314081879414e-05,6.408314081879414e-05,6.408314081879414e-05,1.385147247119078
2025-09-06 06:00:00+02:00,0.0001503680918739,0.0001503680918739,0.0001503680918739,1.544718309859155
2025-09-06 06:01:00+02:00,0.0002871997946393,0.0002871997946393,0.0002871997946393,1.7846268656716415
2025-09-06 06:02:00+02:00,0.0155338541822314,0.0346415990598801,0.0346415990598801,2.078358208955224
2025-09-06 06:03:00+02:00,0.0155338541822314,0.0553556008136689,0.0553556008136689,2.372089552238806
2025-09-06 06:04:00+02:00,0.0155338541822314,0.0840838471979448,0.0629673533593535,2.6658208955223883
2025-09-06 06:05:00+02:00,0.0155338541822314,0.0884727091443883,0.0629673533593535,2.9595522388059705
2025-09-06 06:06:00+02:00,0.0155338541822314,0.0884727091443883,0.0629673533593535,3.247982190496792
2025-09-06 06:07:00+02:00,0.0155338541822314,0.0884727091443883,0.0629673533593535,3.4802173913043464
2025-09-06 06:08:00+02:00,0.0155338541822314,0.0884727091443883,0.0629673533593535,3.6976086956521703
2025-09-06 06:09:00+02:00,0.0155338541822314,0.0884727091443883,0.0629673533593535,3.914999999999996
2025-09-06 06:10:00+02:00,0.0155338541822314,0.0884727091443883,0.0629673533593535,4.132391304347821
2025-09-06 06:11:00+02:00,0.0155338541822314,0.0928709090858281,0.0612690580013032,4.349782608695646
2025-09-06 06:12:00+02:00,0.0211533309401107,0.1610232618733311,0.0680330395225957,4.567173913043475
2025-09-06 06:13:00+02:00,0.0846859227532315,0.2621213542631395,0.1334202913654915,4.831048186098034
2025-09-06 06:14:00+02:00,0.1851805603095065,0.3632194466529477,0.2353980039959095,5.404808917197456
2025-09-06 06:15:00+02:00,0.2903597214411904,0.4643175390427557,0.3361472738295636,6.035382165605097
2025-09-06 06:16:00+02:00,0.3955388825728747,0.565415631432564,0.4408578220201834,6.656057565810898
2025-09-06 06:17:00+02:00,0.5007180437045586,0.6665137238223726,0.5841326821896694,7.260000000000002
2025-09-06 06:18:00+02:00,0.6058972048362424,0.7676118162121812,0.727407542359155,7.861175607899334
2025-09-06 06:19:00+02:00,0.7110763659679259,0.8687099086019893,0.8706824025286413,8.302007299270072
2025-09-06 06:20:00+02:00,0.8162555270996099,0.9679826187680922,1.0139572626981277,8.64799270072992
2025-09-06 06:21:00+02:00,0.9190174062443676,1.000979912811988,1.1160406005688868,8.99397810218977
2025-09-06 06:22:00+02:00,0.9669550319432112,1.000979912811988,1.1202194506571637,9.33996350364963
2025-09-06 06:23:00+02:00,0.9685741515500194,1.000979912811988,1.1202194506571637,9.72567808560053
2025-09-06 06:24:00+02:00,0.9685741515500194,1.000979912811988,1.1202194506571637,10.29034090909091
2025-09-06 06:25:00+02:00,0.9685741515500194,1.000979912811988,1.1202194506571637,10.876704545454544
2025-09-06 06:26:00+02:00,0.9685741515500194,1.000979912811988,1.1202194506571637,11.380881113111313
2025-09-06 06:27:00+02:00,0.9685741515500194,1.000979912811988,1.1202194506571637,11.592960396039604
2025-09-06 06:28:00+02:00,0.9685741515500194,1.000979912811988,1.1202194506571637,11.779495049504948
2025-09-06 06:29:00+02:00,0.9685741515500194,1.000979912811988,1.1202194506571637,11.966029702970287
2025-09-06 06:30:00+02:00,0.9685741515500194,1.0252868731082692,1.1202194506571637,12.152564356435636
2025-09-06 06:31:00+02:00,0.9686512524836772,1.2004646214504335,1.293869313110346,12.33909900990098
2025-09-06 06:32:00+02:00,0.9995687268803504,1.3819042752250192,1.624366340271173,12.525633663366325
2025-09-06 06:33:00+02:00,1.0544917884665763,1.562015389411839,1.9570310608618005,12.712168316831672
2025-09-06 06:34:00+02:00,1.1079787729206143,1.7421265035986573,2.289695781452429,12.915067641343567
2025-09-06 06:35:00+02:00,1.1614657573746516,1.8889670925259665,2.5428905965686317,13.559813084112143
2025-09-06 06:36:00+02:00,1.2149527418286894,1.9027255804152372,2.558599763929855,14.38062420288946
2025-09-06 06:37:00+02:00,1.2684397262827267,1.9027255804152372,2.558599763929855,15.045335570469796
2025-09-06 06:38:00+02:00,1.3219267107367645,1.9027255804152372,2.558599763929855,15.677550335570466
2025-09-06 06:39:00+02:00,1.375413695190803,1.9027255804152372,2.558599763929855,16.84363040729112
2025-09-06 06:40:00+02:00,1.428900679644841,1.9027255804152372,2.558599763929855,17.71638321995464
2025-09-06 06:41:00+02:00,1.4885487453654525,1.9027255804152372,2.558599763929855,17.929988662131496
2025-09-06 06:42:00+02:00,1.5729279540311816,1.9027255804152372,2.558599763929855,18.14359410430836
2025-09-06 06:43:00+02:00,1.665330769965218,1.9027255804152372,2.558599763929855,18.35719954648524
2025-09-06 06:44:00+02:00,1.7630590315053305,1.9027255804152372,2.558599763929855,18.57080498866211
2025-09-06 06:45:00+02:00,1.860787293045442,1.941580876333853,2.6319489052868863,18.78441043083899
2025-09-06 06:46:00+02:00,1.9585155545855537,2.032159131105172,2.781133599572373,18.99801587301587
2025-09-06 06:47:00+02:00,2.055836615035916,2.1229896929928445,2.930318293857861,19.533649049363337
2025-09-06 06:48:00+02:00,2.0961495229212126,2.218127428746936,3.079502988143348,20.89813701923077
2025-09-06 06:49:00+02:00,2.0961495229212126,2.320118695929122,3.228687682428835,22.1644089673913
2025-09-06 06:50:00+02:00,2.0961495229212126,2.422109963111309,3.3778723767143224,22.58597826086956
2025-09-06 06:51:00+02:00,2.0961495229212126,2.524101230293496,3.527057070999808,22.912065217391294
2025-09-06 06:52:00+02:00,2.0961495229212126,2.6260924974756823,3.676241765285297,23.23815217391304
2025-09-06 06:53:00+02:00,2.0961495229212126,2.7280837646578693,3.825426459570785,23.564239130434785
2025-09-06 06:54:00+02:00,2.0961495229212126,2.830841254112449,3.9762257068247338,24.952497522891893
2025-09-06 06:55:00+02:00,2.0961495229212126,2.951550236805911,4.15447235454246,25.23902214022139
2025-09-06 06:56:00+02:00,2.0961495229212126,3.079811981898662,4.342406320070928,24.89142066420662
2025-09-06 06:57:00+02:00,2.0961495229212126,3.208828876106669,4.530340285599402,24.543819188191872
2025-09-06 06:58:00+02:00,2.0961495229212126,3.3387108697971475,4.718274251127873,24.19621771217712
2025-09-06 06:59:00+02:00,2.0961495229212126,3.4685928634876264,4.906208216656346,24.120932173607443
2025-09-06 07:00:00+02:00,2.0961495229212126,3.5984748571781062,5.094142182184818,24.539285714285697
2025-09-06 07:01:00+02:00,2.0961495229212126,3.728356850868586,5.2820761477132905,24.96785714285713
2025-09-06 07:02:00+02:00,2.0961495229212126,3.828576329490601,5.417885032236695,25.35251572327044
2025-09-06 07:03:00+02:00,2.0961495229212126,3.754190297726834,5.302612956839438,25.18113207547171
2025-09-06 07:04:00+02:00,2.0961495229212126,3.651264944236269,5.153684153967822,24.841509433962283
2025-09-06 07:05:00+02:00,2.0961495229212126,3.5483395907456994,5.004755351096202,24.501886792452847
2025-09-06 07:06:00+02:00,2.0961495229212126,3.44541423725513,4.855826548224583,24.1622641509434
2025-09-06 07:07:00+02:00,2.082397040756032,3.3424888837645623,4.706897745352963,23.07028278499777
2025-09-06 07:08:00+02:00,2.0226266374996693,3.2395635302739945,4.557968942481343,21.799802631578952
2025-09-06 07:09:00+02:00,1.959153642891144,3.1367835903714663,4.409040139609725,21.20769736842106
2025-09-06 07:10:00+02:00,1.8956806482826172,3.0351422074677767,4.260111336738103,20.660138535182043
2025-09-06 07:11:00+02:00,1.8322076536740912,2.933500824564088,4.111182533866483,20.313225806451605
2025-09-06 07:12:00+02:00,1.768734659065565,2.7873856898965403,3.893334550942572,19.990645161290317
2025-09-06 07:13:00+02:00,1.7052616644570393,2.529412331095653,3.5284589839071026,19.668064516129014
2025-09-06 07:14:00+02:00,1.641788669848513,2.2660482145052065,3.1589888048681503,19.345483870967733
2025-09-06 07:15:00+02:00,1.582813767891104,2.021952467224907,2.7895186258292,18.70256272401433
2025-09-06 07:16:00+02:00,1.5242426450219806,1.8579902236487496,2.504087191138011,17.71236466165413
2025-09-06 07:17:00+02:00,1.456266395017744,1.7670030573440298,2.3531177474032434,17.151815789473673
2025-09-06 07:18:00+02:00,1.3832143975059008,1.676015891039309,2.203676280838436,16.656026315789468
2025-09-06 07:19:00+02:00,1.3112365529969865,1.5850287247345891,2.0542348142736278,16.145258533931727
2025-09-06 07:20:00+02:00,1.2392587084880726,1.4940415584298683,1.904793347708818,15.463217054263568
2025-09-06 07:21:00+02:00,1.1672808639791588,1.403054392125148,1.755351881144009,14.722031007751935
2025-09-06 07:22:00+02:00,1.0953030194702449,1.3120672258204276,1.6059104145792018,13.630333333333333
2025-09-06 07:23:00+02:00,1.0227344268960905,1.2210800595157063,1.456468948014393,12.58815789473684
2025-09-06 07:24:00+02:00,0.9704417472516084,1.120384603741866,1.308638632803176,11.799468450362182
2025-09-06 07:25:00+02:00,0.9685741515500194,1.032270934453673,1.172406238698096,11.324474940334134
2025-09-06 07:26:00+02:00,0.9685741515500194,1.0928106800660644,1.2314479270082952,11.099653937947506
2025-09-06 07:27:00+02:00,0.9685741515500194,1.193908772455873,1.3758568544577483,10.87483293556087
2025-09-06 07:28:00+02:00,0.9685741515500194,1.2864422953215424,1.5247856573293683,10.65001193317423
2025-09-06 07:29:00+02:00,0.9685741515500194,1.376961260084387,1.6737144602009877,10.4251909307876
2025-09-06 07:30:00+02:00,0.9685741515500194,1.4674802248472312,1.822643263072608,10.20036992840096
2025-09-06 07:31:00+02:00,0.9685741515500194,1.5579991896100758,1.971572065944227,9.982736674622116
2025-09-06 07:32:00+02:00,0.9685741515500194,1.648518154372919,2.1205008688158458,10.275
2025-09-06 07:33:00+02:00,0.969264489240744,1.7390371191357632,2.269429671687464,10.875
2025-09-06 07:34:00+02:00,1.004931936594841,1.8295560838986065,2.418358474559081,11.530598958333334
2025-09-06 07:35:00+02:00,1.059384058528347,1.8984510737458813,2.5441205747617817,12.472135416666667
2025-09-06 07:36:00+02:00,1.1125958097862236,1.9027255804152372,2.558599763929855,12.75597932449495
2025-09-06 07:37:00+02:00,1.1658075610441003,1.9027255804152372,2.558599763929855,12.05064393939394
2025-09-06 07:38:00+02:00,1.2190193123019766,1.9027255804152372,2.558599763929855,11.506502785587834
2025-09-06 07:39:00+02:00,1.2722310635598535,1.9027255804152372,2.558599763929855,11.517843642611677
2025-09-06 07:40:00+02:00,1.32544281481773,1.9027255804152372,2.558599763929855,11.572482817869403
2025-09-06 07:41:00+02:00,1.378654566075605,1.9027255804152372,2.558599763929855,11.627121993127128
2025-09-06 07:42:00+02:00,1.4318663173334816,1.9027255804152372,2.558599763929855,11.681761168384854
2025-09-06 07:43:00+02:00,1.4834211844734444,1.9027255804152372,2.558599763929855,11.736400343642588
2025-09-06 07:44:00+02:00,1.4925166201345386,1.9027255804152372,2.558599763929855,11.791039518900329
2025-09-06 07:45:00+02:00,1.4925166201345386,1.9027255804152372,2.6114360098226315,11.845678694158062
2025-09-06 07:46:00+02:00,1.4925166201345386,1.9027255804152372,2.7587558954295504,11.9003178694158
2025-09-06 07:47:00+02:00,1.4925166201345386,1.9027255804152372,2.907940589715037,11.95495704467354
2025-09-06 07:48:00+02:00,1.4925166201345386,1.9027255804152372,3.057125284000525,12.10125
2025-09-06 07:49:00+02:00,1.4925166201345386,1.9027255804152372,3.2063099782860114,12.325096153846154
2025-09-06 07:50:00+02:00,1.4925166201345386,1.9027255804152372,3.3554946725715,12.548942307692307
2025-09-06 07:51:00+02:00,1.4925166201345386,1.9027255804152372,3.5046793668569856,12.77278846153846
2025-09-06 07:52:00+02:00,1.4925166201345386,1.9027255804152372,3.653864061142473,13.253964216163585
2025-09-06 07:53:00+02:00,1.584421602636529,1.9027255804152372,3.803048755427961,14.491736701943696
2025-09-06 07:54:00+02:00,1.930155196334698,1.918398771536212,3.953541659723255,16.025545147020555
2025-09-06 07:55:00+02:00,2.0961495229212126,2.171013734309557,4.187760004645869,17.471832090265824
2025-09-06 07:56:00+02:00,2.0961495229212126,2.5427461747343507,4.471503442796697,18.63457831325301
2025-09-06 07:57:00+02:00,2.0961495229212126,2.915431245381209,4.755246880947525,19.61113534495123
2025-09-06 07:58:00+02:00,2.0961495229212126,3.289882591980493,5.038990319098355,20.45389377934272
2025-09-06 07:59:00+02:00,2.0961495229212126,3.6672755547792426,5.322733757249187,21.572887323943657
2025-09-06 08:00:00+02:00,2.0961495229212126,3.808722264318477,5.384406514854137,22.233411098502557
2025-09-06 08:01:00+02:00,2.0961495229212126,3.705906458144767,5.23522182056865,21.821943127962097
2025-09-06 08:02:00+02:00,2.0961495229212126,3.60280425696779,5.086037126283163,21.395402843601897
2025-09-06 08:03:00+02:00,2.0961495229212126,3.499702055790813,4.936852431997674,20.899412848867826
2025-09-06 08:04:00+02:00,2.0961495229212126,3.3965998546138345,4.787667737712189,19.28941919191919
2025-09-06 08:05:00+02:00,2.0961495229212126,3.2934976534368574,4.6384830434267,17.75403759820426
2025-09-06 08:06:00+02:00,2.0961495229212126,3.1903954522598794,4.489298349141213,16.828749999999996
2025-09-06 08:07:00+02:00,2.0961495229212126,3.088054231497409,4.340113654855727,16.35165895061728
2025-09-06 08:08:00+02:00,2.0961495229212126,2.9862382070423403,4.190928960570237,16.57799999999999
2025-09-06 08:09:00+02:00,2.0961495229212126,2.7092007050349958,3.902007935970672,16.817999999999987
2025-09-06 08:10:00+02:00,2.0961495229212126,2.088221533205509,2.7884425362737484,17.05799999999998
2025-09-06 08:11:00+02:00,2.0961495229212126,2.357934415372501,3.2101509275045577,17.297999999999977
2025-09-06 08:12:00+02:00,2.0961495229212126,2.638772928324399,3.6421185497640303,17.537999999999986
2025-09-06 08:13:00+02:00,2.0961495229212126,2.919611441276296,4.074086172023502,17.966740740740736
2025-09-06 08:14:00+02:00,2.130215933117988,3.2011087970978127,4.506053794282974,19.02753891572732
2025-09-06 08:15:00+02:00,2.271882346253359,3.485494963377441,4.938021416542446,20.14673913043478
2025-09-06 08:16:00+02:00,2.421442195897741,3.766111787151424,5.356659693063328,21.28520652173913
2025-09-06 08:17:00+02:00,2.5710020455421216,3.926109650744737,5.573789625183164,22.444055555555558
2025-09-06 08:18:00+02:00,2.720561895186505,4.029567376753362,5.723488749448948,23.471666666666664
2025-09-06 08:19:00+02:00,2.870121744830888,4.133025102761987,5.873187873714734,24.230233494363933
2025-09-06 08:20:00+02:00,3.019681594475272,4.236482828770613,6.02288699798052,24.686062801932376
2025-09-06 08:21:00+02:00,3.169241444119653,4.339940554779237,6.172586122246305,25.14113526570049
2025-09-06 08:22:00+02:00,3.310431738413325,4.443398280787863,6.32228524651209,25.703826949620435
2025-09-06 08:23:00+02:00,3.3872960215829844,4.5468560067964825,6.471984370777866,26.880201542588864
2025-09-06 08:24:00+02:00,3.450769016191511,4.650313732805102,6.621683495043645,27.431443661971823
2025-09-06 08:25:00+02:00,3.5142420108000376,4.753771458813722,6.771382619309422,27.74834507042252
2025-09-06 08:26:00+02:00,3.577715005408563,4.894229690999037,6.994681381246226,28.06524647887323
2025-09-06 08:27:00+02:00,3.6411880000170886,5.224976240664501,7.47955723382464,28.38214788732394
2025-09-06 08:28:00+02:00,3.704660994625615,5.582151723313317,7.987308649462965,29.009924882629107
2025-09-06 08:29:00+02:00,3.768133989234141,5.746892444114746,8.18189398957525,31.39367567567568
2025-09-06 08:30:00+02:00,3.831606983842667,5.349340602557806,7.600246071201302,33.0350731981982
2025-09-06 08:31:00+02:00,3.895079978451193,4.914518275854898,6.982271038645046,32.24152777777777
2025-09-06 08:32:00+02:00,3.782079132254924,4.479695949151989,6.364296006088789,30.36108950617284
2025-09-06 08:33:00+02:00,3.0930748716848666,4.045477542347278,5.746320973532536,26.65548560020122
2025-09-06 08:34:00+02:00,2.369300866399558,3.852827094821961,5.4527828330683175,21.594146776825784
2025-09-06 08:35:00+02:00,2.1889829027308045,3.852827094821961,5.4527828330683175,19.026897974493625
2025-09-06 08:36:00+02:00,2.3170289438474843,3.852827094821961,5.4527828330683175,19.535806451612903
2025-09-06 08:37:00+02:00,2.4450749849641635,3.852827094821961,5.4527828330683175,20.182403560830853
2025-09-06 08:38:00+02:00,2.5731210260808437,3.852827094821961,5.4527828330683175,20.449465875370905
2025-09-06 08:39:00+02:00,2.7011670671975248,3.852827094821961,5.4527828330683175,20.716528189910967
2025-09-06 08:40:00+02:00,2.8292131083142045,3.852827094821961,5.4527828330683175,20.98359050445103
2025-09-06 08:41:00+02:00,2.957259149430884,3.852827094821961,5.4527828330683175,21.25065281899109
2025-09-06 08:42:00+02:00,3.0853051905475644,3.852827094821961,5.4527828330683175,21.63616088876022
2025-09-06 08:43:00+02:00,3.213351231664248,3.958897389669184,5.576754849269732,23.57425685975609
2025-09-06 08:44:00+02:00,3.329489376637926,4.88019366491365,6.899874367637553,26.90190025252525
2025-09-06 08:45:00+02:00,3.3979959370395827,5.788779792758316,8.222993886005366,31.006154714850368
2025-09-06 08:46:00+02:00,3.461578179487366,5.967675443981562,8.346965902206781,33.09379407979407
2025-09-06 08:47:00+02:00,3.52516042193515,6.071133169990188,8.346965902206781,32.554932432432416
2025-09-06 08:48:00+02:00,3.588742664382933,6.174590895998812,8.346965902206781,31.860168918918912
2025-09-06 08:49:00+02:00,3.652324906830717,6.278048622007437,8.346965902206781,29.52019500145307
2025-09-06 08:50:00+02:00,3.7159071492785,6.38150634801606,8.346965902206781,27.48997260132341
2025-09-06 08:51:00+02:00,3.779489391726284,6.484964074024686,8.346965902206781,28.241524390243907
2025-09-06 08:52:00+02:00,3.843071634174068,6.588421800033304,8.346965902206781,30.483002636783123
2025-09-06 08:53:00+02:00,3.906653876621852,6.691879526041924,8.346965902206781,33.12263090676884
2025-09-06 08:54:00+02:00,3.983660853036332,6.795337252050541,8.346965902206781,34.560287356321844
2025-09-06 08:55:00+02:00,4.07853841687401,6.925795161233826,8.55775229468513,33.91103448275862
2025-09-06 08:56:00+02:00,4.173503154308876,7.090109099476247,9.032847643249188,32.99826149425287
2025-09-06 08:57:00+02:00,4.26846789174374,7.25450767779132,9.508603764203457,30.39586206896552
2025-09-06 08:58:00+02:00,4.363432629178604,7.418906256106394,9.984359885157728,29.02343251761216
2025-09-06 08:59:00+02:00,4.458397366613469,7.583304834421465,10.460116006111994,31.02778972520908
2025-09-06 09:00:00+02:00,4.5400742021421765,7.747703412736538,10.93587212706626,37.86997222222222
2025-09-06 09:01:00+02:00,4.504420726693048,7.776587329621063,11.127991699521054,43.437697344322345
2025-09-06 09:02:00+02:00,4.440947732084522,7.534413382224645,10.779888544701308,43.64415384615385
2025-09-06 09:03:00+02:00,4.377474737475995,7.284390544370476,10.418115661059003,41.46020526960785
2025-09-06 09:04:00+02:00,4.31400174286747,7.0343677065163055,10.056342777416695,39.70475260416666
2025-09-06 09:05:00+02:00,4.250528748258943,6.784344868662133,9.694569893774387,39.24376953124999
2025-09-06 09:06:00+02:00,4.187055753650418,6.534322030807959,9.332797010132076,38.87580078124997
2025-09-06 09:07:00+02:00,4.123582759041891,6.284299192953785,8.971024126489766,38.50783203124997
2025-09-06 09:08:00+02:00,4.060109764433364,6.034276355099611,8.609251242847455,37.96576612285539
2025-09-06 09:09:00+02:00,3.99663676982484,6.011225877950698,8.575898139350734,36.87988922841863
2025-09-06 09:10:00+02:00,4.030841174308977,6.4151301089688495,9.16033114405086,37.42305194805194
2025-09-06 09:11:00+02:00,4.323341507635835,6.828961013003341,9.75912764111399,38.08327662337663
2025-09-06 09:12:00+02:00,4.629484735775303,7.242791917037831,10.357924138177118,39.66590769230769
2025-09-06 09:13:00+02:00,4.935627963914771,7.656622821072324,10.956720635240252,41.44839743589744
2025-09-06 09:14:00+02:00,5.241771192054236,8.163565678514578,11.696982804734557,43.42524132730015
2025-09-06 09:15:00+02:00,5.547914420193698,8.754752684278134,12.565237725476097,46.08511859582543
2025-09-06 09:16:00+02:00,5.73728079242884,9.345939690041694,13.433492646217626,49.48392473118279
2025-09-06 09:17:00+02:00,5.557454597821296,9.736835420739602,13.96067613165861,52.93275793650793
2025-09-06 09:18:00+02:00,5.35050063220694,9.317461272394151,13.333402148409936,55.28174783549783
2025-09-06 09:19:00+02:00,5.143546666592588,8.811085904588236,12.60985638112532,54.65564285714285
2025-09-06 09:20:00+02:00,4.936592700978234,8.304710536782318,11.886310613840694,51.52942606516291
2025-09-06 09:21:00+02:00,4.729638735363878,7.845785196222987,11.230281280768477,46.45173902894491
2025-09-06 09:22:00+02:00,4.53483716015358,7.576659964649996,10.844317684545846,42.92613924050633
2025-09-06 09:23:00+02:00,4.378419354634149,7.32715692479552,10.486274418260676,41.69891637897968
2025-09-06 09:24:00+02:00,4.224817346891268,7.077653884941043,10.128231151975507,42.28732323232322
2025-09-06 09:25:00+02:00,4.071215339148389,6.8281508450865696,9.770187885690335,43.90081470672345
2025-09-06 09:26:00+02:00,3.917613331405512,6.578647805232096,9.412144619405169,43.7978488372093
2025-09-06 09:27:00+02:00,3.7640113236626336,6.329144765377623,9.054101353120002,40.71351155869324
2025-09-06 09:28:00+02:00,3.610409315919756,6.079641725523151,8.696058086834826,37.64422077922078
2025-09-06 09:29:00+02:00,3.456807308176879,5.855789780782359,8.366662140077318,35.40152867965368
2025-09-06 09:30:00+02:00,3.4677788801585123,5.740649620094795,8.19352429983435,31.717223118279566
2025-09-06 09:31:00+02:00,3.923223794350668,5.637724266604225,8.043825175568564,31.719265704584043
2025-09-06 09:32:00+02:00,4.394551652080655,5.534798913113654,7.894126051302779,35.88411306042885
2025-09-06 09:33:00+02:00,4.402780815921704,5.4318735596230825,7.744426927036994,37.70187969924812
2025-09-06 09:34:00+02:00,4.138914509763405,5.328948206132517,7.594727802771207,38.37857142857143
2025-09-06 09:35:00+02:00,3.875048203605102,5.226022852641951,7.445028678505426,37.83808673469388
2025-09-06 09:36:00+02:00,3.6111818974468,5.123097499151386,7.295329554239647,34.98890884652981
2025-09-06 09:37:00+02:00,3.371136855038898,5.020172145660819,7.1456304299738695,30.983354978354978
2025-09-06 09:38:00+02:00,3.327525618326623,4.9172467921702525,6.995931305708091,28.06700564971751
2025-09-06 09:39:00+02:00,3.327525618326623,4.77993944314068,6.796209365521263,27.54204724409449
2025-09-06 09:40:00+02:00,3.327525618326623,4.587620901248694,6.511920551626393,28.25070866141733
2025-09-06 09:41:00+02:00,3.327525618326623,4.394677232165088,6.226310380329835,28.422047244094497
2025-09-06 09:42:00+02:00,3.327525618326623,4.201733563081482,5.940700209033273,27.716000000000008
2025-09-06 09:43:00+02:00,3.327525618326623,4.008789893997876,5.655090037736716,26.437319515306125
2025-09-06 09:44:00+02:00,3.327525618326623,4.073454397209865,5.835579798764399,24.52926779313876
2025-09-06 09:45:00+02:00,3.327525618326623,4.752909311096979,6.809431146726968,25.155967741935488
2025-09-06 09:46:00+02:00,3.327525618326623,5.458856147391111,7.796084465751446,27.211792114695346
2025-09-06 09:47:00+02:00,3.286695779373706,5.646584193360416,8.044118147339546,30.07137387387387
2025-09-06 09:48:00+02:00,3.136986369879679,5.094801005651055,7.234343637420057,29.433756127450977
2025-09-06 09:49:00+02:00,2.9814441262495217,4.536610483930113,6.41523522162615,27.59751436781609
2025-09-06 09:50:00+02:00,2.8259018826193643,3.988611268870664,5.617639724335525,24.404525041050903
2025-09-06 09:51:00+02:00,2.670359638989207,3.6308497781590696,5.11329927401061,23.38022471910112
2025-09-06 09:52:00+02:00,2.514817395359049,3.3444274340779203,4.701804050910353,24.12848732773353
2025-09-06 09:53:00+02:00,2.3592751517288924,3.0591314336196893,4.2903088278101,23.43436893203884
2025-09-06 09:54:00+02:00,2.203732908098736,2.7762821437254144,3.878813604709847,21.72206373606616
2025-09-06 09:55:00+02:00,2.098957924542312,2.493432853831138,3.467318381609591,18.29398809523809
2025-09-06 09:56:00+02:00,2.0961495229212126,2.2105835639368623,3.0558231585093325,16.164494047619048
2025-09-06 09:57:00+02:00,2.0961495229212126,1.9656999914614648,2.661473569704919,14.626009615384618
2025-09-06 09:58:00+02:00,2.0961495229212126,1.9027255804152372,2.558599763929855,13.88469137136272
2025-09-06 09:59:00+02:00,2.0961495229212126,1.9027255804152372,2.558599763929855,14.476207865168549
2025-09-06 10:00:00+02:00,2.0961495229212126,1.9027255804152372,2.558599763929855,15.10654494382023
2025-09-06 10:01:00+02:00,2.0961495229212126,1.9027255804152372,2.558599763929855,15.39989014612017
2025-09-06 10:02:00+02:00,2.0961495229212126,1.9027255804152372,2.558599763929855,15.142830985915497
2025-09-06 10:03:00+02:00,2.0961495229212126,1.9027255804152372,2.558599763929855,14.87747887323944
2025-09-06 10:04:00+02:00,2.0972955631016448,1.9027255804152372,2.558599763929855,14.612126760563385
2025-09-06 10:05:00+02:00,2.1400516775254426,1.9027255804152372,2.558599763929855,14.34677464788733
2025-09-06 10:06:00+02:00,2.2035246721339696,1.9027255804152372,2.558599763929855,14.081422535211273
2025-09-06 10:07:00+02:00,2.2669976667424945,1.972530549273357,2.6734482984194763,14.106595201916898
2025-09-06 10:08:00+02:00,2.3304706613510207,2.247654530171904,3.1137010139630266,14.496535269709549
2025-09-06 10:09:00+02:00,2.3939436559595477,2.5611832403986274,3.573095151921514,14.88740663900415
2025-09-06 10:10:00+02:00,2.457416650568073,2.8747119506253505,4.032489289880002,15.278278008298756
2025-09-06 10:11:00+02:00,2.520889645176599,3.188745271526756,4.491883427838488,16.113546511627906
2025-09-06 10:12:00+02:00,2.5843626397851245,3.506234589436816,4.951277565796975,17.564753796867585
2025-09-06 10:13:00+02:00,2.6478356343936515,3.854414541411513,5.455079803758113,19.751498144712432
2025-09-06 10:14:00+02:00,2.75874685629988,4.4757411365614965,6.3541141317428655,22.46125
2025-09-06 10:15:00+02:00,3.164425251889367,5.161518063247224,7.346405469733195,24.90665071321321
2025-09-06 10:16:00+02:00,3.641485748612108,5.861754604103005,8.359619281684509,30.14420022295022
2025-09-06 10:17:00+02:00,4.130774263342733,6.651740474290142,9.50269672511778,34.051048741048746
2025-09-06 10:18:00+02:00,4.704499025233472,7.457183173417675,10.668139571750716,37.77380235042735
2025-09-06 10:19:00+02:00,5.630986424702732,8.853283851905395,12.68824050591447,45.703755341880345
2025-09-06 10:20:00+02:00,7.196569679251606,11.515043563851831,16.39835189157175,59.501488095238095
2025-09-06 10:21:00+02:00,9.053050183513328,14.512633042158528,21.02780276854336,75.57875
2025-09-06 10:22:00+02:00,10.656462587608283,17.178798053386302,24.90098225051404,88.96228703703703
2025-09-06 10:23:00+02:00,11.711701170751777,19.151932655864023,27.82474999423604,99.56065962098168
2025-09-06 10:24:00+02:00,11.040399767192085,18.548134025566902,26.5195245567892,97.4146852300242
2025-09-06 10:25:00+02:00,10.985145711629022,18.31448617719016,26.445929437755996,89.28099404761905
2025-09-06 10:26:00+02:00,11.34035035453443,18.85947123295728,27.22517187457818,87.74137387387385
2025-09-06 10:27:00+02:00,11.695554997439835,19.40445628872439,28.00441431140036,91.26433652402402
2025-09-06 10:28:00+02:00,11.888307934754618,19.75353062695016,28.5035005387936,104.44716132478634
2025-09-06 10:29:00+02:00,11.698482055198212,19.45066681682095,28.07027885070316,105.85503418803415
2025-09-06 10:30:00+02:00,11.492681036467502,19.09489022255161,27.561385830737635,105.35433333333332
2025-09-06 10:31:00+02:00,11.286880017736792,18.73911362828227,27.052492810772137,107.0321875
2025-09-06 10:32:00+02:00,11.081078999006088,18.38333703401293,26.54359979080664,106.0003125
2025-09-06 10:33:00+02:00,10.875277980275383,18.027560439743613,26.034706770841147,101.24004301619432
2025-09-06 10:34:00+02:00,10.370878392549937,16.776132024403392,24.41974490716655,91.98364886039884
2025-09-06 10:35:00+02:00,9.207229866302663,14.84928953093756,21.57460542242412,81.98826388888888
2025-09-06 10:36:00+02:00,8.411655184460558,14.000634674239384,20.13761195317725,75.0270596995597
2025-09-06 10:37:00+02:00,8.470231061221167,14.285919437144573,20.53054301583804,74.52333333333334
2025-09-06 10:38:00+02:00,8.675460410455399,14.57482717755124,20.96143875814153,74.46850649350648
2025-09-06 10:39:00+02:00,8.880689759689634,14.863734917957908,21.39233450044501,72.23788741451784
2025-09-06 10:40:00+02:00,9.08591910892387,15.152642658364575,21.82323024274851,70.91214285714288
2025-09-06 10:41:00+02:00,9.291148458158103,15.441550398771236,22.254125985052013,73.54227002164502
2025-09-06 10:42:00+02:00,9.567992373101102,15.734300514849966,22.70891201879187,82.16737001424501
2025-09-06 10:43:00+02:00,10.188841969752266,16.564983225019223,24.03545971462648,88.36929050925926
2025-09-06 10:44:00+02:00,11.023878339118095,17.601576199404256,25.42025485992868,97.16632264957263
2025-09-06 10:45:00+02:00,11.549759637192748,17.084401080639253,24.609947674109957,102.97461013645226
2025-09-06 10:46:00+02:00,10.40168692810922,16.197426688693994,23.44627896845549,92.9728313840156
2025-09-06 10:47:00+02:00,9.581169628957014,15.434013080354363,22.349704574950223,86.75592505720824
2025-09-06 10:48:00+02:00,9.037730452902691,14.752781760645474,21.32822819760724,84.43914402173912
2025-09-06 10:49:00+02:00,8.554837866469201,14.048653499357476,20.29191977690637,81.0791087962963
2025-09-06 10:50:00+02:00,7.769848325520018,12.48319135754079,18.051636358415497,70.9439227582846
2025-09-06 10:51:00+02:00,7.243251173690721,12.346544669772602,17.703405775230383,63.59108894328846
2025-09-06 10:52:00+02:00,7.681583009565511,12.934272598867,18.55463608968287,62.76056489629164
2025-09-06 10:53:00+02:00,8.150572512550303,13.52200158057663,19.405866404135367,68.94944444444444
2025-09-06 10:54:00+02:00,9.45241834423602,15.172522530432758,21.76324517113729,82.22810185185186
2025-09-06 10:55:00+02:00,10.603640428363205,17.38944948976389,25.05999571896516,93.42980555555556
2025-09-06 10:56:00+02:00,10.445918923097189,17.492051032281534,25.220367172380808,96.49576388888887
2025-09-06 10:57:00+02:00,10.206040462953284,17.034429993087763,24.56906006100707,95.86983333333332
2025-09-06 10:58:00+02:00,9.966162002809371,16.576808953893995,23.917752949633297,94.54411111111112
2025-09-06 10:59:00+02:00,9.726283542665453,16.119187914700248,23.26644583825952,90.05888541666667
2025-09-06 11:00:00+02:00,9.37804460119884,15.123020939308248,21.996084021433894,83.10336805555555
2025-09-06 11:01:00+02:00,8.351012133138783,13.314084553713768,19.4205112267496,73.52557407407407
2025-09-06 11:02:00+02:00,7.1691198757970085,11.409080115128711,16.623293838900945,63.79735576923077
2025-09-06 11:03:00+02:00,6.160546352647882,10.132980559328882,14.571553712466985,55.50110735735735
2025-09-06 11:04:00+02:00,6.25862170867198,10.637133529863265,15.288234636706438,53.44241068185121
2025-09-06 11:05:00+02:00,6.888813143781481,11.268167469981192,16.2423609232356,58.29082375841751
2025-09-06 11:06:00+02:00,7.497185323500228,11.952177098899158,17.29307777210476,63.53443540669857
2025-09-06 11:07:00+02:00,8.100859945881902,12.874800023336856,18.64887944592583,68.41284151034151
2025-09-06 11:08:00+02:00,8.774898916572461,13.894484363790015,20.153607930211148,73.2773139287613
2025-09-06 11:09:00+02:00,9.561961768568338,15.386268220637175,22.26910498962043,80.49355911680912
2025-09-06 11:10:00+02:00,10.804263146042146,17.38586909911849,25.144937533543903,91.7984837962963
2025-09-06 11:11:00+02:00,11.72167253362922,17.621388914828174,25.38722859604689,97.95618055555556
2025-09-06 11:12:00+02:00,11.125646021548617,17.348275675036007,25.001055353019964,95.82234953703704
2025-09-06 11:13:00+02:00,10.592644581218549,17.07516243524384,24.61488210999304,92.34009377758164
2025-09-06 11:14:00+02:00,10.378492216800216,16.802049195451655,24.228708866966137,91.55177184466017
2025-09-06 11:15:00+02:00,10.164339852381884,16.528935955659474,23.842535623939213,91.09449029126208
2025-09-06 11:16:00+02:00,9.950187487963548,16.25582271586729,23.45636238091229,90.63720873786406
2025-09-06 11:17:00+02:00,9.736035123545214,15.9827094760751,23.07080211345433,89.0047997997998
2025-09-06 11:18:00+02:00,9.524383083321434,15.7022717365267,22.675902181909706,85.23744658119658
2025-09-06 11:19:00+02:00,9.346814409749683,15.414749644755087,22.261838916000197,81.27521781086297
2025-09-06 11:20:00+02:00,9.180036609017574,15.127227552983468,21.8473974263861,79.12947470172338
2025-09-06 11:21:00+02:00,9.01325880828546,14.83970546121185,21.43295593677199,78.78160958904115
2025-09-06 11:22:00+02:00,8.846481007553349,14.552183369440227,21.018514447157894,78.47339041095898
2025-09-06 11:23:00+02:00,8.67970320682124,14.264661277668612,20.60407295754378,78.16517123287676
2025-09-06 11:24:00+02:00,8.512925406089131,13.976541377156613,20.18963146792968,77.85695205479453
2025-09-06 11:25:00+02:00,8.346147605357022,13.449297980493895,19.520636965011374,76.53327272727273
2025-09-06 11:26:00+02:00,8.017764648711676,12.731353802089986,18.42130378299766,73.0018765873016
2025-09-06 11:27:00+02:00,7.486741998131232,12.009326148967435,17.314830301028096,68.48088421052631
2025-09-06 11:28:00+02:00,7.095880085135748,11.211048018505013,16.19860448654693,63.38483913043478
2025-09-06 11:29:00+02:00,7.202006969021428,10.38417595904014,15.078275556557848,59.003412698412696
2025-09-06 11:30:00+02:00,7.351264677555422,10.018993350778343,14.347948289735962,56.53999084249083
2025-09-06 11:31:00+02:00,7.500522386089416,10.369571999780936,14.807034964629558,55.45350596212297
2025-09-06 11:32:00+02:00,7.649780094623401,10.727471846414993,15.348003762599369,55.4195744680851
2025-09-06 11:33:00+02:00,7.799037803157386,11.08537169304904,15.88897256056917,56.05787234042552
2025-09-06 11:34:00+02:00,7.948295511691374,11.44327153968309,16.429941358538972,57.44852504432624
2025-09-06 11:35:00+02:00,8.097553220225361,11.875268232202547,17.108842985345483,62.24652777777777
2025-09-06 11:36:00+02:00,8.346130423865919,13.154546973552064,19.12451944772568,69.92032814407814
2025-09-06 11:37:00+02:00,9.303723136618814,14.881008237886972,21.60487804980429,79.17249465811966
2025-09-06 11:38:00+02:00,10.324257731550963,16.604187990426972,24.05432207591458,88.21763162878788
2025-09-06 11:39:00+02:00,11.270661542392384,18.177528640067568,26.41310999278172,96.36704586732712
2025-09-06 11:40:00+02:00,12.200044450657067,19.83451953981807,28.76224205267924,105.4276208097458
2025-09-06 11:41:00+02:00,13.155581099089762,21.35804052846705,31.018106681090124,113.91384615384614
2025-09-06 11:42:00+02:00,14.017056743640175,22.93691685627435,32.470894240803084,123.42031342409602
2025-09-06 11:43:00+02:00,14.90203375448949,24.557142697744144,33.64237280354247,132.81062500000002
2025-09-06 11:44:00+02:00,15.842923531260666,26.08782974271167,37.133311573600295,140.53596590909092
2025-09-06 11:45:00+02:00,16.826644596643686,27.365971247292634,39.68199219297895,146.12932043650792
2025-09-06 11:46:00+02:00,17.692505771294805,28.730188446000845,41.70370062646833,153.23215277777777
2025-09-06 11:47:00+02:00,18.18738022487334,29.87125963378204,43.28276296111076,161.16910515873016
2025-09-06 11:48:00+02:00,18.38605314528712,30.24894377253463,43.806439664460775,165.64315891472867
2025-09-06 11:49:00+02:00,18.584726065700888,30.585732176517848,44.297135566832914,162.50091246770026
2025-09-06 11:50:00+02:00,18.78339898611465,30.92252058050105,44.78783146920504,160.41457446808514
2025-09-06 11:51:00+02:00,18.982071906528404,31.259308984484267,45.27852737157715,161.4560227696902
2025-09-06 11:52:00+02:00,19.180744826942167,31.59609738846747,45.76922327394925,164.2907906920078
2025-09-06 11:53:00+02:00,20.57122532432877,33.62885160003949,48.94621420544168,186.32503968253968
2025-09-06 11:54:00+02:00,24.602220684564195,40.22970264984328,58.48312733032888,228.06935714285717
2025-09-06 11:55:00+02:00,24.499945237525505,40.24474664841663,58.29487098684438,227.4146111111111
2025-09-06 11:56:00+02:00,22.4503943806658,36.77663335350128,53.25607316430877,201.45599603174605
2025-09-06 11:57:00+02:00,19.440435430832878,31.712466772787494,46.15873117614194,171.27692460317462
2025-09-06 11:58:00+02:00,16.715692828254777,27.273771365578945,39.72513818438769,148.0257242063492
2025-09-06 11:59:00+02:00,15.050437301538642,24.54548198146084,35.768384523974554,134.3493304843305
2025-09-06 12:00:00+02:00,13.72546327169554,22.29741862642149,32.5258981777713,122.85043287037035
2025-09-06 12:01:00+02:00,12.469605407425158,20.333911270552207,29.59945776343544,111.56545548433049
2025-09-06 12:02:00+02:00,12.240166453444695,20.443428666741504,29.406288868482275,104.4054544595616
2025-09-06 12:03:00+02:00,12.685242150579178,21.067890709808,30.38143024193574,104.23654620181408
2025-09-06 12:04:00+02:00,13.27268798173629,21.81955798386952,31.615806729484213,115.26198743386242
2025-09-06 12:05:00+02:00,15.334877433382848,25.09821216443164,36.6524821496019,140.0872222222222
2025-09-06 12:06:00+02:00,17.42975575938808,28.44851057393728,41.63227062110317,158.3130736714976
2025-09-06 12:07:00+02:00,20.398321012488733,33.347805271452366,48.72486745752031,193.022662037037
2025-09-06 12:08:00+02:00,20.69506840143714,33.89581236699721,49.23919489719526,196.81446794871795
2025-09-06 12:09:00+02:00,19.01904714449429,31.279578656946217,45.339413352110405,171.68081196581196
2025-09-06 12:10:00+02:00,18.474536177434352,30.39145516199791,44.05855272459495,172.74709307992202
2025-09-06 12:11:00+02:00,17.69958039038654,29.02479786427797,42.21547525554793,161.9134074074074
2025-09-06 12:12:00+02:00,16.24513562206248,26.64956666357774,38.76221190548059,146.30716666666666
2025-09-06 12:13:00+02:00,16.124631035216268,26.664868309444067,38.52323077398432,138.09431597222223
2025-09-06 12:14:00+02:00,16.72434936421424,27.539898194242568,39.82783975062957,146.77376273148147
2025-09-06 12:15:00+02:00,17.129707528581097,26.60124515163701,38.54293012374287,147.81261616161615
2025-09-06 12:16:00+02:00,17.47002688299356,26.66318625680281,38.56407699990855,143.71030555555552
2025-09-06 12:17:00+02:00,17.810346237406023,27.898541784962998,40.56349738023231,149.35826785714286
2025-09-06 12:18:00+02:00,18.60889559314209,30.38884303407158,44.19509303551006,164.48023148148147
2025-09-06 12:19:00+02:00,21.04577979207992,34.360286713320065,50.06200221862328,189.64763888888888
2025-09-06 12:20:00+02:00,25.756398020848508,42.45909747207682,61.512085985255,243.7509477124183
2025-09-06 12:21:00+02:00,27.533351221387885,45.25562919128906,65.57514758075642,254.81435151143796
2025-09-06 12:22:00+02:00,27.199321378051703,44.66248957144859,64.89965997052784,264.1722398589065
2025-09-06 12:23:00+02:00,24.90870378763496,40.76252176880892,59.28621047778164,235.78939407814408
2025-09-06 12:24:00+02:00,22.96993011002671,37.63094259317512,54.7610338728845,218.0665211640212
2025-09-06 12:25:00+02:00,20.54543478551459,33.63926140097417,48.8858659169984,189.6128125
2025-09-06 12:26:00+02:00,20.11737261421208,33.25272872225346,48.12314023504443,188.9884375
2025-09-06 12:27:00+02:00,19.15440561400852,31.57527553636046,45.8659246979361,183.54382275132275
2025-09-06 12:28:00+02:00,17.38261547945497,28.527568520883232,41.35710639966447,165.04644973544973
2025-09-06 12:29:00+02:00,16.61685869323874,27.38309294181947,39.61744522783302,157.32219025875193
2025-09-06 12:30:00+02:00,16.281201247790836,26.82019757905532,38.80966892840964,156.603493150685
2025-09-06 12:31:00+02:00,15.945543802342922,26.257302216291155,38.001565660594046,155.56278662480975
2025-09-06 12:32:00+02:00,15.48618080947865,25.33396192521155,36.7241408795471,148.6488653846154
2025-09-06 12:33:00+02:00,14.380039067124072,23.438147150012465,33.94647090175787,136.848544973545
2025-09-06 12:34:00+02:00,12.852464624576566,20.80412959837097,30.227942073266732,120.51007936507936
2025-09-06 12:35:00+02:00,11.376882690207236,18.393422887988727,26.835565041827184,107.80109788359788
2025-09-06 12:36:00+02:00,9.861307021852769,15.9943130398106,23.30124434539714,91.35620634920636
2025-09-06 12:37:00+02:00,9.148273701743006,15.073948064774498,21.804917173700638,83.89526133040935
2025-09-06 12:38:00+02:00,8.748908481611517,14.36450006318417,20.78344079635765,82.26749999999998
2025-09-06 12:39:00+02:00,8.422447726156625,14.027954588585471,20.162343606817483,80.16877214452215
2025-09-06 12:40:00+02:00,9.115358649746458,14.444528732220014,20.740427870619765,82.49980814143395
2025-09-06 12:41:00+02:00,9.380536962611655,14.88210797407682,21.398196749969426,85.62165605095544
2025-09-06 12:42:00+02:00,9.199894992625534,15.319687215933625,22.05596562931908,86.30955414012742
2025-09-06 12:43:00+02:00,9.01925302263941,15.727628289963,22.64963858564765,89.1806574368955
2025-09-06 12:44:00+02:00,8.838611052653286,15.4606350196748,22.232613116139984,94.60117389060888
2025-09-06 12:45:00+02:00,8.657969082667162,14.913161447671309,21.46083096436973,92.5994012605042
2025-09-06 12:46:00+02:00,8.477327112681035,14.36568787566781,20.68904881259947,89.34554868742369
2025-09-06 12:47:00+02:00,8.279026232167421,13.661161278968368,19.74004261116345,81.21260185185186
2025-09-06 12:48:00+02:00,7.714302958208396,12.277145940843386,17.80121011345297,70.51249515013495
2025-09-06 12:49:00+02:00,7.157931764271921,12.095162560573504,17.3785426071199,65.90057945041816
2025-09-06 12:50:00+02:00,7.365714872376719,12.37860570152482,17.84914148015055,66.41278103616814
2025-09-06 12:51:00+02:00,7.676145820798249,12.662048842476144,18.31974035318119,68.5360386119257
2025-09-06 12:52:00+02:00,7.98657676921978,12.945492247867737,18.790339226211835,70.44089887640448
2025-09-06 12:53:00+02:00,8.277864475821984,13.228936012096494,19.26093809924248,71.66617607924304
2025-09-06 12:54:00+02:00,8.50111606622847,13.512379776325252,19.731071072906747,73.90645263751595
2025-09-06 12:55:00+02:00,8.718417730123539,13.795306398837704,20.13597813527802,74.88375634517767
2025-09-06 12:56:00+02:00,8.935719394018614,14.070415055403728,20.494761160377838,75.3832487309645
2025-09-06 12:57:00+02:00,9.153021057913683,14.342907583287296,20.85354418547765,75.8827411167513
2025-09-06 12:58:00+02:00,9.370322721808757,14.615400111170857,21.212327210577463,80.37967113095239
2025-09-06 12:59:00+02:00,9.615354672663582,14.887892639054408,21.57111023567728,85.22606462585034
2025-09-06 13:00:00+02:00,9.891035888052851,15.160385166937964,21.92989326077709,82.99691216931218
2025-09-06 13:01:00+02:00,10.166717103442124,15.432877694821522,22.28867628587689,80.1088362745098
2025-09-06 13:02:00+02:00,10.442398318831383,15.705370222705076,22.64745931097669,81.20214679759052
2025-09-06 13:03:00+02:00,10.96315202643068,17.357362812680627,25.08554601197313,94.92625
2025-09-06 13:04:00+02:00,12.72202564411292,20.58580067527826,29.780544951745725,114.21061507936508
2025-09-06 13:05:00+02:00,15.385177457318283,25.15122424990448,36.387303351910965,144.05631944444443
2025-09-06 13:06:00+02:00,16.02634948233103,26.47352447991273,38.2843867486421,149.06030753968255
2025-09-06 13:07:00+02:00,16.476058566309284,27.17530467011925,39.30606569646964,147.011
2025-09-06 13:08:00+02:00,17.989230768649392,29.199818889452494,42.476168830881626,170.52466865079364
2025-09-06 13:09:00+02:00,18.939042758331983,29.584144374770087,45.21857954900945,182.43165173237756
2025-09-06 13:10:00+02:00,18.162348724461097,29.29027998305926,43.08419024972574,172.08169312169312
2025-09-06 13:11:00+02:00,18.254631947785278,28.996415591348427,42.50096884956776,178.1333043345543
2025-09-06 13:12:00+02:00,18.38496701968792,28.702551199637583,41.98097766944208,178.9498901098901
2025-09-06 13:13:00+02:00,18.51530209159056,28.408686807926745,41.46098648931638,174.79550010442776
2025-09-06 13:14:00+02:00,18.6456371634932,28.114822416215898,40.94099530919071,170.91928205128204
2025-09-06 13:15:00+02:00,18.775972235395848,28.01066378607248,40.48405461838185,166.36111698717949
2025-09-06 13:16:00+02:00,18.90630730729849,28.643288547309197,41.26146948974783,166.976494047619
2025-09-06 13:17:00+02:00,19.03664237920114,29.348563087415208,42.51468564328812,170.5575920168067
2025-09-06 13:18:00+02:00,19.166977451103783,30.268336371016225,44.07201104278264,174.9087730994152
2025-09-06 13:19:00+02:00,19.507975634015757,31.78062716864364,46.26525282743409,184.66031415343917
2025-09-06 13:20:00+02:00,21.64492713886236,35.379383817217665,51.401932817644365,209.489125
2025-09-06 13:21:00+02:00,22.82819460723456,37.56938707651344,54.41612940388662,227.671450094162
2025-09-06 13:22:00+02:00,22.41463355010855,36.87299667429215,53.45508860589583,227.7276490897677
2025-09-06 13:23:00+02:00,21.98222778214918,36.1404071314382,52.48732724288416,219.75782407407405
2025-09-06 13:24:00+02:00,21.422674127658908,35.097801076052455,51.16600572007656,210.26908653846155
2025-09-06 13:25:00+02:00,20.715910151100516,33.809048688883216,49.2670113244131,202.93560294117648
2025-09-06 13:26:00+02:00,19.828828092546274,32.441179203692634,47.2127363200841,194.99918091168087
2025-09-06 13:27:00+02:00,18.51460266386071,30.223990200231736,44.039985143073736,177.96753472222224
2025-09-06 13:28:00+02:00,17.339902610359438,27.73791214860064,40.49102745116247,162.9851666666667
2025-09-06 13:29:00+02:00,16.144517795037,26.10378466280774,37.889986070388304,153.98132936507935
2025-09-06 13:30:00+02:00,15.332574275175263,25.19620416844659,36.47835710327846,153.228979958577
2025-09-06 13:31:00+02:00,14.881598934358744,24.460641516490973,35.40749633120382,150.67419468810917
2025-09-06 13:32:00+02:00,14.377891304253806,23.51856878666235,34.098726794882744,140.29543625356126
2025-09-06 13:33:00+02:00,13.466032890232793,21.842900472314923,31.78567068557465,130.9512678062678
2025-09-06 13:34:00+02:00,12.384811495345511,20.136742731656263,29.16795827956492,119.70538746438746
2025-09-06 13:35:00+02:00,12.066641126472105,20.11319744150785,29.01335716709934,112.79931643625191
2025-09-06 13:36:00+02:00,12.23532278337695,20.35888742566514,29.383167137116637,110.2096899641577
2025-09-06 13:37:00+02:00,12.4040044402818,20.604577409822447,29.75297710713393,110.17061904761904
2025-09-06 13:38:00+02:00,12.572686097186653,20.850267393979745,30.122787077151223,111.24622580645162
2025-09-06 13:39:00+02:00,12.741367754091502,21.095957378137044,30.49259704716853,114.13804883512545
2025-09-06 13:40:00+02:00,12.910049410996352,21.341647362294367,30.86240701718585,117.38016129032258
2025-09-06 13:41:00+02:00,13.078731067901204,21.587337346451683,31.23221698720317,120.66018631100084
2025-09-06 13:42:00+02:00,13.130126426947234,21.78968161630501,31.463025368490197,125.06621111111112
2025-09-06 13:43:00+02:00,12.992776507595082,21.61957651725841,31.16053171444373,129.39242702702705
2025-09-06 13:44:00+02:00,12.852581885727288,21.363933207516904,30.804306600467893,129.86580645161288
2025-09-06 13:45:00+02:00,12.712387263859496,21.108289897775407,30.448081486492065,128.70736486486484
2025-09-06 13:46:00+02:00,12.572192641991704,20.852646588033902,30.0918563725162,126.26920884260056
2025-09-06 13:47:00+02:00,12.431998020123912,20.5970032782924,29.735631258540334,125.19006369426752
2025-09-06 13:48:00+02:00,12.29180339825612,20.341359968550897,29.379406144564477,124.5327388535032
2025-09-06 13:49:00+02:00,12.151608776388343,20.085716658809403,29.023181030588603,122.74110346527146
2025-09-06 13:50:00+02:00,12.01141415452056,19.62762450579784,28.491770091781888,118.45212703962704
2025-09-06 13:51:00+02:00,11.255154758178042,18.1339291913718,26.33432087415563,108.2449537037037
2025-09-06 13:52:00+02:00,9.881242654981875,16.304984241875605,23.511402584744157,86.69204761904763
2025-09-06 13:53:00+02:00,10.23892576165601,17.06868905449191,24.62206922312718,85.34240343915344
2025-09-06 13:54:00+02:00,10.600521766534737,17.666989664060157,25.458035704772374,104.84343915343916
2025-09-06 13:55:00+02:00,10.250937714743538,17.043827567999788,24.55641667151361,108.667882751938
2025-09-06 13:56:00+02:00,9.881524886121914,16.330156661638085,23.547455366032867,102.3347435897436
2025-09-06 13:57:00+02:00,9.480070122337994,15.38493458426853,22.276722111573623,93.6533173076923
2025-09-06 13:58:00+02:00,8.814392631677205,14.06047015608532,20.439416970335834,86.37328947368421
2025-09-06 13:59:00+02:00,8.178652532528682,13.299078603407564,19.23863888845924,81.88696575342466
2025-09-06 14:00:00+02:00,7.779175848051417,12.681054630406766,18.31496344086186,80.20827829419439
2025-09-06 14:01:00+02:00,7.392356132217256,12.04964845631443,17.382232351621365,76.06799198833573
2025-09-06 14:02:00+02:00,6.879328288759243,10.740157967739332,15.476019785746375,67.10701923076923
2025-09-06 14:03:00+02:00,5.962473388338768,9.039015102882784,13.005411253217323,52.76726851851851
2025-09-06 14:04:00+02:00,6.072382366111596,8.120487704966497,11.622211325917265,45.162123263888894
2025-09-06 14:05:00+02:00,6.31948124813275,8.684114170571233,12.435927110143425,45.9596342737722
2025-09-06 14:06:00+02:00,6.566580130153902,9.28118363410358,13.32644497757064,48.44399990761272
2025-09-06 14:07:00+02:00,6.813679012175054,10.0072495866707,14.436294097530867,54.6892297979798
2025-09-06 14:08:00+02:00,7.103672870804093,11.377772016889072,16.4381111619055,64.57324705387207
2025-09-06 14:09:00+02:00,7.537199920390303,12.197408768606248,17.663954255320007,71.85544041647667
2025-09-06 14:10:00+02:00,7.982275617524787,12.696977304532938,18.519377822553047,74.44307170542636
2025-09-06 14:11:00+02:00,8.20825130712496,13.19654665695492,19.374801389786093,78.02266741071428
2025-09-06 14:12:00+02:00,8.0834457482126,13.685554402531558,19.806395587431027,80.56883333333333
2025-09-06 14:13:00+02:00,7.953827211854136,13.681314228165055,19.46050779217257,82.26415511551154
2025-09-06 14:14:00+02:00,7.824208675495665,13.40377554235772,19.097221214456454,83.19787997220773
2025-09-06 14:15:00+02:00,7.694590139137199,13.12623685655039,18.733934636740333,83.15776315789476
2025-09-06 14:16:00+02:00,7.56497160277874,12.848698170743068,18.37064805902421,82.51039473684214
2025-09-06 14:17:00+02:00,7.435353066420276,12.571160043632885,18.00736148130809,81.66279135338345
2025-09-06 14:18:00+02:00,7.305734530061815,12.293621968118057,17.644074903591967,79.52391046741276
2025-09-06 14:19:00+02:00,7.176115993703355,12.016083892603229,17.280788325875832,76.27589989143921
2025-09-06 14:20:00+02:00,7.052618332672929,11.853030273238268,17.036074450608712,70.32018079278812
2025-09-06 14:21:00+02:00,7.021653904542854,11.851873864590289,17.029515109622167,66.48100960855356
2025-09-06 14:22:00+02:00,7.021653904542854,11.851873864590289,17.029515109622167,68.82967147435896
2025-09-06 14:23:00+02:00,7.021653904542854,11.851873864590289,17.029515109622167,69.11998931623928
2025-09-06 14:24:00+02:00,7.021653904542854,11.851873864590289,17.029515109622167,69.3212713675213
2025-09-06 14:25:00+02:00,7.021653904542854,11.851873864590289,17.029515109622167,69.52255341880333
2025-09-06 14:26:00+02:00,7.021653904542854,11.851873864590289,17.029515109622167,69.72383547008535
2025-09-06 14:27:00+02:00,7.021653904542854,11.851873864590289,17.029515109622167,69.9251175213674
2025-09-06 14:28:00+02:00,7.021653904542854,11.851873864590289,17.029515109622167,70.1263995726495
2025-09-06 14:29:00+02:00,7.021653904542854,11.874076910631471,17.04403068828683,70.32768162393161
2025-09-06 14:30:00+02:00,7.130931869719526,12.273731739372836,17.58557343077608,71.30591262595524
2025-09-06 14:31:00+02:00,7.585368285881048,12.806604844361305,18.389513172203426,72.71252688172042
2025-09-06 14:32:00+02:00,8.066873424337183,13.339479080145695,19.19345291363077,74.42959901433692
2025-09-06 14:33:00+02:00,8.736312015886945,14.04090924607904,20.26736431146989,80.06511103479853
2025-09-06 14:34:00+02:00,9.628185465743575,15.62688487359756,22.526799617382284,89.89892094017095
2025-09-06 14:35:00+02:00,10.63696310781732,17.41741711948362,25.162117361249205,102.6704398148148
2025-09-06 14:36:00+02:00,10.645432955067967,17.76872991615544,25.60370606100992,109.07994565217392
2025-09-06 14:37:00+02:00,10.58195996045944,17.665902547142785,25.45349065150201,111.17359860248446
2025-09-06 14:38:00+02:00,10.518486965850917,17.563075178130127,25.3032752419941,111.880248015873
2025-09-06 14:39:00+02:00,10.455013971242389,17.460247809117476,25.1530598324862,111.18357142857144
2025-09-06 14:40:00+02:00,10.39154097663386,17.357420440104818,25.002844422978296,109.90829781105992
2025-09-06 14:41:00+02:00,10.328067982025336,17.254593071092163,24.85262901347041,107.58401785714284
2025-09-06 14:42:00+02:00,10.26459498741681,17.151765702079494,24.702413603962533,105.81095547309832
2025-09-06 14:43:00+02:00,10.201121992808284,17.04893833306682,24.55219819445466,104.51378787878788
2025-09-06 14:44:00+02:00,10.137648998199758,16.94611096405414,24.40198278494679,102.58773737373735
2025-09-06 14:45:00+02:00,9.959263436268712,16.448112582959574,23.715484181208137,98.41904616013072
2025-09-06 14:46:00+02:00,9.624547755809663,16.137996577516557,23.170925027110336,95.82413793103446
2025-09-06 14:47:00+02:00,9.666264130796112,16.451042823649107,23.63879386491148,93.34445945945946
2025-09-06 14:48:00+02:00,9.929191410953855,16.76408906978166,24.106757151367688,92.4432380952381
2025-09-06 14:49:00+02:00,10.192118691111586,17.077135315914212,24.574720437823917,93.42690929705216
2025-09-06 14:50:00+02:00,10.455045971269325,17.390181562046763,25.042683724280145,95.71888274754347
2025-09-06 14:51:00+02:00,10.670144963152127,17.7032278081793,25.510647010736367,101.72542906746033
2025-09-06 14:52:00+02:00,10.573700333596928,17.686027045873512,25.502901785046177,106.335843837535
2025-09-06 14:53:00+02:00,10.42009832585405,17.33545186380109,25.0180398243568,107.9888900560224
2025-09-06 14:54:00+02:00,10.266496318111177,16.984876681728664,24.533177863667436,106.55854779411766
2025-09-06 14:55:00+02:00,10.112894310368302,16.63430149965625,24.048315902978064,104.94306966726084
2025-09-06 14:56:00+02:00,9.959292302625414,16.283726317583845,23.563453942288728,102.18675757575755
2025-09-06 14:57:00+02:00,9.805690294882536,15.934093541914864,23.079161663862973,99.1642101042502
2025-09-06 14:58:00+02:00,9.652088287139652,15.60401569911684,22.598624954782544,96.94455426356588
2025-09-06 14:59:00+02:00,9.493440416340484,15.28171270914704,22.120247587982803,94.5789537037037
2025-09-06 15:00:00+02:00,9.289884364340352,14.959409719177234,21.64187022118305,91.6151388888889
2025-09-06 15:01:00+02:00,9.075731999922024,14.637106729207431,21.16349285438331,89.23547297297297
2025-09-06 15:02:00+02:00,8.861579635503688,14.314803739237634,20.68511548758356,87.93542792792793
2025-09-06 15:03:00+02:00,8.647427271085354,13.992565580329044,20.206738120783815,86.64874155405404
2025-09-06 15:04:00+02:00,8.433274906667023,13.696259845900778,19.76580072367919,84.68302526595745
2025-09-06 15:05:00+02:00,8.251722316688525,13.420635219995583,19.37780873826464,82.80180360065468
2025-09-06 15:06:00+02:00,8.179253587335609,13.14501059409037,18.990194934362165,81.45769088319089
2025-09-06 15:07:00+02:00,8.115561720331879,12.869385968185156,18.60258113045969,80.5129166666667
2025-09-06 15:08:00+02:00,8.05186985332815,12.593761851276836,18.21496732655721,79.49406310916179
2025-09-06 15:09:00+02:00,7.988177986324421,12.31813783145521,17.827353522654736,78.28537836669138
2025-09-06 15:10:00+02:00,7.924486119320694,12.04251381163358,17.439739718752268,76.94987146925268
2025-09-06 15:11:00+02:00,7.860794252316963,11.948470121579948,17.13741137143426,75.54297317436662
2025-09-06 15:12:00+02:00,7.797102385313232,12.173989484280472,17.388370470009292,75.00272727272723
2025-09-06 15:13:00+02:00,7.733410518309509,12.40544980980635,17.73847326063087,74.67545454545446
2025-09-06 15:14:00+02:00,7.669718651305787,12.636910135332228,18.088576051252453,74.34818181818174
2025-09-06 15:15:00+02:00,7.472225612179836,12.868370555711968,18.43867884187404,74.02090909090906
2025-09-06 15:16:00+02:00,7.152703447352153,13.099831390207656,18.78878163249563,73.08373379296152
2025-09-06 15:17:00+02:00,7.362003197993418,13.331292224703333,19.138884423117226,72.80659292035399
2025-09-06 15:18:00+02:00,7.820901121746985,13.562753059199029,19.488987213738817,73.94616795722715
2025-09-06 15:19:00+02:00,8.42943114628003,13.873380208101942,19.96203307734613,81.62792144892144
2025-09-06 15:20:00+02:00,9.858554985880703,15.903316885415476,23.0816502893982,99.38819444444444
2025-09-06 15:21:00+02:00,11.9670191909291,19.43591099783647,28.13633560982633,125.2319246031746
2025-09-06 15:22:00+02:00,14.394107118028884,23.72497670305592,34.13735199782046,153.05017857142855
2025-09-06 15:23:00+02:00,17.562480307608944,29.135593032422555,41.840944165002576,188.5102083333333
2025-09-06 15:24:00+02:00,26.668778004344784,44.715089742726775,64.00973597124197,319.3983333333333
2025-09-06 15:25:00+02:00,36.29323217527804,61.1357927097789,86.91678184502886,462.7136111111111
2025-09-06 15:26:00+02:00,41.46810141115656,70.88618601707863,98.48959481104352,517.3198703703704
2025-09-06 15:27:00+02:00,40.92806735688533,68.90707153242816,97.3692274471911,495.27484126984126
2025-09-06 15:28:00+02:00,38.77345127028989,64.18345798395491,90.97723248931136,461.6320092592593
2025-09-06 15:29:00+02:00,36.931380894284175,61.58127744923994,86.61466189931595,432.8047222222222
2025-09-06 15:30:00+02:00,35.18694177291049,59.21713306003836,80.1656688012921,417.0533680555556
2025-09-06 15:31:00+02:00,33.669228153026936,56.04232877390703,79.7833297476477,391.2616452991453
2025-09-06 15:32:00+02:00,28.66835678256231,48.00268054533136,69.23942885517233,300.79979166666664
2025-09-06 15:33:00+02:00,24.085815574188302,39.58289455541348,56.554406406925565,230.6255555555556
2025-09-06 15:34:00+02:00,22.10155338072365,36.998017358665685,52.7020430078715,202.54088575268813
2025-09-06 15:35:00+02:00,20.34524820703852,33.349500848469106,48.27681604799285,184.29667094017097
2025-09-06 15:36:00+02:00,19.11583918570734,31.439652863564664,45.50201111822904,173.15621693121693
2025-09-06 15:37:00+02:00,17.303213091955307,28.1616848817122,40.91619441812475,155.26694444444442
2025-09-06 15:38:00+02:00,15.883437619469474,26.202973622848504,37.91877632815525,141.31838189588188
2025-09-06 15:39:00+02:00,16.317503330206115,26.912517023009684,38.9897974658659,146.44994052706554
2025-09-06 15:40:00+02:00,16.738325933319086,27.612352346156037,39.98593281508013,156.68482175925925
2025-09-06 15:41:00+02:00,16.337014055580426,27.08636667201952,39.06505028163598,162.96750925925926
2025-09-06 15:42:00+02:00,15.7199472588431,25.762110656881696,37.35870915074844,151.02556216931217
2025-09-06 15:43:00+02:00,14.229043033318453,22.982301898709675,33.61007898069029,130.45601190476188
2025-09-06 15:44:00+02:00,13.403652781415555,22.34579008107537,32.091082514628674,119.41144702842378
2025-09-06 15:45:00+02:00,13.875085376085137,23.055238082665696,33.170791667531404,120.39515180878554
2025-09-06 15:46:00+02:00,14.500839330888349,23.951512577364888,34.41839505271799,133.35849206349204
2025-09-06 15:47:00+02:00,15.658771207173944,25.57273264025834,37.18070438413324,151.18716826923077
2025-09-06 15:48:00+02:00,15.986604600528018,24.93675330355005,38.13565692950024,150.6391168091168
2025-09-06 15:49:00+02:00,16.270423058261958,24.189824889333625,38.8338581528929,143.03517195767196
2025-09-06 15:50:00+02:00,16.55424151599591,25.039122380353614,39.531905876246825,145.3549457671958
2025-09-06 15:51:00+02:00,17.048690060650006,27.623624297854956,40.72547822396124,163.5098544973545
2025-09-06 15:52:00+02:00,19.281756381726765,31.911099921386057,46.65711489514963,202.2247474747475
2025-09-06 15:53:00+02:00,20.276376425979645,33.36782263397169,49.36043162678963,202.1411557239057
2025-09-06 15:54:00+02:00,21.806844065257295,35.82616525068732,52.32265104765996,220.39380291005293
2025-09-06 15:55:00+02:00,26.434105407503072,43.19034017076323,63.93606823928197,301.4943055555555
2025-09-06 15:56:00+02:00,27.57353921194141,46.16046164229666,67.36806625279131,335.024376984127
2025-09-06 15:57:00+02:00,23.068916914932103,37.97392278117714,55.26033576382149,243.62329365079367
2025-09-06 15:58:00+02:00,20.395590316042085,33.61359892036663,49.00305408338943,202.8756086309524
2025-09-06 15:59:00+02:00,19.69535893581312,32.41915211640177,45.736708459291954,209.5580555555556
2025-09-06 16:00:00+02:00,17.368026404220068,28.16209625314328,41.03426252633309,172.37465656565655
2025-09-06 16:01:00+02:00,16.178713493310244,27.458644960989805,39.7282087647018,159.4041543179043
2025-09-06 16:02:00+02:00,16.6671083866218,27.711137233569797,40.04534916956924,171.18541666666667
2025-09-06 16:03:00+02:00,15.796903496917071,26.02622806892758,37.737832638325685,165.81820436507937
2025-09-06 16:04:00+02:00,15.306843626563122,25.121357270488392,36.55041559173949,153.6225
2025-09-06 16:05:00+02:00,14.666346772751677,23.7896396124505,34.91954958639736,143.96052884615384
2025-09-06 16:06:00+02:00,13.839188039534625,22.45745392057532,32.86133377980659,136.61634528423775
2025-09-06 16:07:00+02:00,13.183752076889416,21.4634263441112,31.190022936885796,135.50704192546584
2025-09-06 16:08:00+02:00,12.75990129376753,20.278582729339732,29.4231642434696,133.55761574074072
2025-09-06 16:09:00+02:00,13.33085222074308,19.584793357525093,28.1250642319366,121.97941287878788
2025-09-06 16:10:00+02:00,12.823803003147829,21.01395238783414,30.31135055841122,140.95424206349205
2025-09-06 16:11:00+02:00,11.532968144982672,18.78360612500198,27.410370433380933,118.75723379629628
2025-09-06 16:12:00+02:00,10.306805094544446,16.616111277944967,24.17893443808702,102.3584074074074
2025-09-06 16:13:00+02:00,9.177079456416358,14.703750951794698,21.398207401752032,89.28029131054132
2025-09-06 16:14:00+02:00,8.358576522411587,13.258702250947168,19.262117360038957,80.54912898212899
2025-09-06 16:15:00+02:00,7.799179953355984,12.938005015676133,18.95168952535187,75.06595996732027
2025-09-06 16:16:00+02:00,8.084155564006949,13.041364250390592,19.606976257987004,74.65588235294119
2025-09-06 16:17:00+02:00,8.50634165386023,13.144723485105043,20.262262990622126,76.7560407239819
2025-09-06 16:18:00+02:00,8.841745047465897,13.248082719819502,20.917549723257235,80.49819444444445
2025-09-06 16:19:00+02:00,8.868718047650967,13.351441954533955,21.319729762350686,81.58500000000002
2025-09-06 16:20:00+02:00,8.868718047650967,13.454801189248409,21.187723916787967,80.98500000000004
2025-09-06 16:21:00+02:00,8.868718047650967,13.558160423962867,21.03828245022316,80.57253546099292
2025-09-06 16:22:00+02:00,8.868718047650967,13.66151965867732,20.88884098365835,81.0868085106383
2025-09-06 16:23:00+02:00,8.868718047650967,13.76487889339177,20.739399517093545,81.81398936170213
2025-09-06 16:24:00+02:00,8.868718047650967,14.367946414882784,20.58995805052874,84.69811355311356
2025-09-06 16:25:00+02:00,8.868718047650967,14.667797940892768,20.440516583963923,87.81175675675676
2025-09-06 16:26:00+02:00,8.868718047650967,14.443272262486827,20.291075117399117,89.53706393140128
2025-09-06 16:27:00+02:00,8.868718047650967,14.218746584080902,20.1416336508343,88.42485567269075
2025-09-06 16:28:00+02:00,8.786511333531935,13.994220905674975,19.9921921842695,85.51474405025051
2025-09-06 16:29:00+02:00,8.580707112170993,13.769695227269048,19.75809791512155,83.81616440019427
2025-09-06 16:30:00+02:00,8.37375314655664,13.545169548863129,19.452374351480163,84.67694173103135
2025-09-06 16:31:00+02:00,8.166799180942284,13.320643870457197,19.146650787838773,84.45116935483874
2025-09-06 16:32:00+02:00,7.95984521532793,13.09611819205127,18.840927224197383,83.57490495391706
2025-09-06 16:33:00+02:00,7.752891249713576,12.786226065445698,18.460508157023806,78.65630753968254
2025-09-06 16:34:00+02:00,7.565527887862082,11.71657405277681,16.950868830569497,71.25076417004048
2025-09-06 16:35:00+02:00,7.402729546402895,10.800319580055248,15.530946010582088,67.45991143127065
2025-09-06 16:36:00+02:00,7.239992617494694,10.552230048903583,15.16309591446752,68.23366836572156
2025-09-06 16:37:00+02:00,7.077255688586488,10.322543365718897,14.834211474792683,69.7146750926862
2025-09-06 16:38:00+02:00,6.914518759678285,10.092856682534205,14.50532703511785,69.11756521739127
2025-09-06 16:39:00+02:00,6.751781830770081,9.862954622396945,14.17644259544303,68.25627210884353
2025-09-06 16:40:00+02:00,6.589044901861878,9.633048564600008,13.847558155768208,67.26367346938774
2025-09-06 16:41:00+02:00,6.41074666830604,9.403142506803071,13.518673716093392,65.42847523219815
2025-09-06 16:42:00+02:00,6.067498605485258,9.17323644900613,13.189789276418576,62.713093395252834
2025-09-06 16:43:00+02:00,5.680678889651099,8.93943921632917,12.860904836743751,59.37133567821068
2025-09-06 16:44:00+02:00,5.292346662189209,8.287340684049441,12.038758478588129,55.08445816864295
2025-09-06 16:45:00+02:00,4.849098627935857,7.357023147847872,10.671427894743186,49.76329797979798
2025-09-06 16:46:00+02:00,4.378509037335062,6.908948174709552,9.872619232313294,45.398921107628006
2025-09-06 16:47:00+02:00,4.014853647575074,7.012050375886531,10.009132037704257,42.39464352449445
2025-09-06 16:48:00+02:00,4.1011115232814985,7.1151525770635065,10.15831673198974,40.50921042053185
2025-09-06 16:49:00+02:00,4.237426220189848,7.218254778240485,10.307501426275229,39.36923469387754
2025-09-06 16:50:00+02:00,4.373740917098195,7.321356979417461,10.456686120560716,38.10781428571429
2025-09-06 16:51:00+02:00,4.510055614006542,7.424459180594442,10.605870814846204,37.40672981220657
2025-09-06 16:52:00+02:00,4.64637031091489,7.527561381771419,10.755055509131692,38.101584507042254
2025-09-06 16:53:00+02:00,4.782685007823238,7.6306635829483955,10.90424020341718,39.56376462478576
2025-09-06 16:54:00+02:00,4.918999704731587,7.733765784125375,11.053424897702666,43.45186360153257
2025-09-06 16:55:00+02:00,5.055314401639935,7.839012943683485,11.204557899562776,46.90889508856682
2025-09-06 16:56:00+02:00,5.177486676847617,7.970918871692777,11.401336964599802,48.742207147325615
2025-09-06 16:57:00+02:00,5.246119784188497,8.110791787974838,11.617320775729542,49.16359712230215
2025-09-06 16:58:00+02:00,5.30970202663628,8.250664704256893,11.83330458685928,49.51755395683452
2025-09-06 16:59:00+02:00,5.373284269084063,8.390537620538947,12.049288397989018,49.87151079136689
2025-09-06 17:00:00+02:00,5.436866511531846,8.530410536820996,12.26527220911876,50.23248337179312
2025-09-06 17:01:00+02:00,5.500448753979632,8.670283453103048,12.481256020248487,51.55898879716981
2025-09-06 17:02:00+02:00,5.564030996427414,8.81307526957831,12.726617437098785,53.04656249999999
2025-09-06 17:03:00+02:00,5.627613238875198,9.061845616145558,13.123063683369177,54.12980595501475
2025-09-06 17:04:00+02:00,5.69119548132298,9.363380696974705,13.540493933725685,54.9662389380531
2025-09-06 17:05:00+02:00,5.754777723770764,9.66491577780385,13.957924184082191,55.98000000000001
2025-09-06 17:06:00+02:00,5.906267802605178,9.966450858633,14.375354434438709,57.26782258064515
2025-09-06 17:07:00+02:00,6.167987143366403,10.267814838611658,14.79278468479522,59.14094870071685
2025-09-06 17:08:00+02:00,6.348524123692697,10.569062196959422,15.210214935151727,63.11255636724388
2025-09-06 17:09:00+02:00,6.127987297989295,10.743636130445072,15.41331234479596,66.19231962481962
2025-09-06 17:10:00+02:00,5.852306082600026,10.161026512223009,14.559479559236753,65.6188095238095
2025-09-06 17:11:00+02:00,5.576624867210757,9.450971582633713,13.561485397464873,64.02711640211639
2025-09-06 17:12:00+02:00,5.300943651821487,8.639782507595536,12.429725567300151,58.21436458333333
2025-09-06 17:13:00+02:00,4.856972911429376,7.490414265170893,10.79156713536257,51.3380967911231
2025-09-06 17:14:00+02:00,4.270603342188703,7.009365422730882,10.008145657096724,45.90461538461539
2025-09-06 17:15:00+02:00,4.085817882960471,7.29785331256262,10.425836423819652,43.69268136335211
2025-09-06 17:16:00+02:00,4.357444962829312,7.586341202394357,10.849375409547232,44.37048780487808
2025-09-06 17:17:00+02:00,4.629072042698152,7.874829092226098,11.27291439527481,45.83698277545839
2025-09-06 17:18:00+02:00,4.900699122566992,8.163316982057834,11.696453381002392,48.41027356624918
2025-09-06 17:19:00+02:00,5.169065778049989,8.451804871889573,12.119992366729972,51.3021543040293
2025-09-06 17:20:00+02:00,5.417195316655342,8.738690051222239,12.538237115135956,54.428126780626776
2025-09-06 17:21:00+02:00,5.661839574020656,8.853283851905397,12.688240505914472,57.85403403403404
2025-09-06 17:22:00+02:00,5.906483831385968,8.853283851905397,12.688240505914472,60.05823858341101
2025-09-06 17:23:00+02:00,6.151128088751281,8.853283851905397,12.688240505914472,61.62322988505748
2025-09-06 17:24:00+02:00,6.350705616136501,8.853283851905397,12.688240505914472,66.7912933671076
2025-09-06 17:25:00+02:00,6.1592206468829565,8.853283851905397,12.688240505914472,69.44828947368421
2025-09-06 17:26:00+02:00,5.877226121217595,8.853283851905397,12.688240505914472,67.19009159482759
2025-09-06 17:27:00+02:00,5.595231595552235,8.853283851905397,12.688240505914472,65.60185763888889
2025-09-06 17:28:00+02:00,5.313237069886874,8.853283851905397,12.688240505914472,62.3036038961039
2025-09-06 17:29:00+02:00,5.283601859656412,8.853283851905397,12.688240505914472,58.94915
2025-09-06 17:30:00+02:00,5.467847659467693,8.861860964696277,12.702744573414453,57.462672199730086
2025-09-06 17:31:00+02:00,5.652093459278973,8.94677438132599,12.828722759699977,57.71850202429148
2025-09-06 17:32:00+02:00,5.836339259090255,9.04969973481655,12.97790745398546,58.082874493927086
2025-09-06 17:33:00+02:00,6.020585058901541,9.152625088307111,13.127092148270952,58.447246963562726
2025-09-06 17:34:00+02:00,6.204830858712827,9.255550441797684,13.276276842556438,59.14225737093712
2025-09-06 17:35:00+02:00,6.3703613266702,9.358475795288252,13.42546153684192,60.983439844401225
2025-09-06 17:36:00+02:00,6.353420066562071,9.461401148778826,13.574646231127412,62.38557614092872
2025-09-06 17:37:00+02:00,6.289728199558343,9.564326502269395,13.723830925412898,62.114771689497736
2025-09-06 17:38:00+02:00,6.226036332554612,9.66725185575997,13.873015619698386,61.68463470319636
2025-09-06 17:39:00+02:00,6.162344465550882,9.77017720925054,14.022200313983872,61.25449771689498
2025-09-06 17:40:00+02:00,6.098652598547153,9.81048963936768,14.065712516483808,60.59702661244293
2025-09-06 17:41:00+02:00,6.034960731543423,9.625224003084652,13.78972083205566,59.6008621031746
2025-09-06 17:42:00+02:00,5.971268864539694,9.41937329610351,13.491351443484684,58.336047619047626
2025-09-06 17:43:00+02:00,5.907576997535969,9.213522589122368,13.192982054913712,56.60424293785311
2025-09-06 17:44:00+02:00,5.843885130532244,9.007671882141224,12.894612666342736,54.83942188937065
2025-09-06 17:45:00+02:00,5.424974596939696,8.801821175160093,12.596243277771764,52.96863372093024
2025-09-06 17:46:00+02:00,5.008226016443474,8.59597046817896,12.297873889200789,51.48316939890711
2025-09-06 17:47:00+02:00,4.837596534401153,8.390119761197829,11.999504500629811,49.86195293094883
2025-09-06 17:48:00+02:00,4.666967052358832,8.184269054216697,11.701135112058838,48.12364973262032
2025-09-06 17:49:00+02:00,4.496337570316514,7.978418347235567,11.402765723487862,47.001691176470594
2025-09-06 17:50:00+02:00,4.325708088274194,7.342255178990768,10.664409591625615,45.60888333333333
2025-09-06 17:51:00+02:00,4.155078606231875,6.58521953708541,9.602899164378377,43.64585384615384
2025-09-06 17:52:00+02:00,3.985617962231681,6.156608957906832,8.93672396157839,40.15450162156685
2025-09-06 17:53:00+02:00,3.840410707605572,5.727998378728254,8.281437228943268,36.02532407407408
2025-09-06 17:54:00+02:00,3.704846366826992,5.299387799549674,7.626150496308142,33.35797271985461
2025-09-06 17:55:00+02:00,3.569282026048414,4.904702764713592,7.009524336046951,31.584431698905387
2025-09-06 17:56:00+02:00,3.433717685269837,4.754281649143517,6.766851348566322,30.49230769230769
2025-09-06 17:57:00+02:00,3.2981533444912605,4.651356295652948,6.6176666542808364,29.64486866791745
2025-09-06 17:58:00+02:00,3.1625890037126845,4.548430942162376,6.46848195999535,28.62426829268293
2025-09-06 17:59:00+02:00,3.027024662934108,4.445505588671804,6.319297265709861,27.64010055626872
2025-09-06 18:00:00+02:00,2.8914603221555315,4.342580235181238,6.170112571424375,26.84763157894737
2025-09-06 18:01:00+02:00,2.7579671032499604,4.239654881690672,6.020927877138887,26.600906148867324
2025-09-06 18:02:00+02:00,2.711837570623918,4.136729528200106,5.8717431828534,26.9348867313916
2025-09-06 18:03:00+02:00,2.711837570623918,4.033804174709538,5.722558488567913,27.268867313915862
2025-09-06 18:04:00+02:00,2.711837570623918,3.9308788212189736,5.573373794282425,27.60284789644013
2025-09-06 18:05:00+02:00,2.711837570623918,3.8909952467413818,5.504375873175382,27.9368284789644
2025-09-06 18:06:00+02:00,2.711837570623918,3.989203188196969,5.642993318282314,28.29419613962089
2025-09-06 18:07:00+02:00,2.711837570623918,4.092128541687541,5.792178012567802,28.686726190476183
2025-09-06 18:08:00+02:00,2.711837570623918,4.195053895178112,5.941362706853289,29.07958333333333
2025-09-06 18:09:00+02:00,2.711837570623918,4.29797924866868,6.090547401138777,29.472440476190467
2025-09-06 18:10:00+02:00,2.711837570623918,4.400904602159248,6.239732095424263,29.915743714711837
2025-09-06 18:11:00+02:00,2.721094049004327,4.503829955649814,6.388916789709749,30.50979865771811
2025-09-06 18:12:00+02:00,2.777955273341133,4.606755309140379,6.538101483995238,31.14688114562197
2025-09-06 18:13:00+02:00,2.8414282679496585,4.709680662630944,6.687286178280726,32.70497606019152
2025-09-06 18:14:00+02:00,2.9049012625581843,4.8120342086021175,6.836056470637643,33.907795624159824
2025-09-06 18:15:00+02:00,2.96837425716671,4.798882635656099,6.826398979909853,34.51251773049645
2025-09-06 18:16:00+02:00,3.031847251775237,4.695957282165527,6.676957513345043,34.7777659574468
2025-09-06 18:17:00+02:00,3.0953202463837632,4.593031928674956,6.527516046780236,35.043014184397144
2025-09-06 18:18:00+02:00,3.158793240992288,4.490106575184386,6.378074580215427,35.30826241134749
2025-09-06 18:19:00+02:00,3.2222662356008147,4.387181221693817,6.228633113650618,35.57351063829784
2025-09-06 18:20:00+02:00,3.2857392302093413,4.284255868203252,6.079191647085811,35.83875886524819
2025-09-06 18:21:00+02:00,3.290235233994114,4.181330514712685,5.929750180521002,36.10400709219856
2025-09-06 18:22:00+02:00,3.1677852485618327,4.078405161222118,5.7803087139561935,35.73156249999999
2025-09-06 18:23:00+02:00,3.04083925934478,3.975479807731552,5.630867247391385,34.42046401515151
2025-09-06 18:24:00+02:00,2.913893270127728,3.863246857344082,5.468579376439429,32.285725267379675
2025-09-06 18:25:00+02:00,2.786947280910676,3.610304942103415,5.1120840979876965,30.30850354030501
2025-09-06 18:26:00+02:00,2.6600012916936238,3.31027753667841,4.690601126753942,28.88525267094017
2025-09-06 18:27:00+02:00,2.533055302476571,3.011972207223357,4.269118155520184,27.48621737466514
2025-09-06 18:28:00+02:00,2.406109313259519,2.856422775862124,4.008618263577099,26.097611940298503
2025-09-06 18:29:00+02:00,2.2791633240424654,2.856422775862124,4.005691298499087,25.551226765799257
2025-09-06 18:30:00+02:00,2.152393648699324,2.856422775862124,4.005691298499087,25.885799256505575
2025-09-06 18:31:00+02:00,2.0961495229212126,2.856422775862124,4.005691298499087,26.2203717472119
2025-09-06 18:32:00+02:00,2.0961495229212126,2.856422775862124,4.005691298499087,26.55494423791822
2025-09-06 18:33:00+02:00,2.0961495229212126,2.856422775862124,4.005691298499087,27.102989360338423
2025-09-06 18:34:00+02:00,2.0961495229212126,2.856422775862124,4.005691298499087,28.73612818590705
2025-09-06 18:35:00+02:00,2.0961495229212126,2.856422775862124,4.005691298499087,29.90961738257377
2025-09-06 18:36:00+02:00,2.0961495229212126,2.856422775862124,4.005691298499087,29.416807228915676
2025-09-06 18:37:00+02:00,2.0961495229212126,2.85160652157852,4.003404228545027,28.874638554216872
2025-09-06 18:38:00+02:00,2.0961495229212126,2.773979834889856,3.904644389619681,28.9040625
2025-09-06 18:39:00+02:00,2.0961495229212126,2.671988567707669,3.754945265353896,29.4665625
2025-09-06 18:40:00+02:00,2.0815893326039183,2.5699973005254817,3.605246141088114,29.942279317010307
2025-09-06 18:41:00+02:00,1.8860667769145465,2.468006033343296,3.4555470168223312,29.34
2025-09-06 18:42:00+02:00,1.6364709846186152,2.3660147661611086,3.305847892556549,28.174562732309425
2025-09-06 18:43:00+02:00,1.471706693931916,2.2640234989789225,3.156148768290767,26.586921768707484
2025-09-06 18:44:00+02:00,1.4147640665849657,2.163863445842299,3.006449644024986,25.394632327132328
2025-09-06 18:45:00+02:00,1.3613691423451346,2.073032883954627,2.856750519759204,24.050470085470085
2025-09-06 18:46:00+02:00,1.3079742181053038,1.982202322066953,2.707051395493422,21.979644334160465
2025-09-06 18:47:00+02:00,1.2545792938654723,1.772215519362191,2.41873123356392,20.2484872080089
2025-09-06 18:48:00+02:00,1.2011843696256417,1.1467429387669252,1.3821691766096331,17.951391283524902
2025-09-06 18:49:00+02:00,1.1477894453858106,0.9122145696444308,1.001407354909043,13.895297619047618
2025-09-06 18:50:00+02:00,1.0943945211459791,0.8107684631672224,0.8573926933961691,11.176118188512518
2025-09-06 18:51:00+02:00,1.040999596906148,0.709322356690014,0.7133780318832953,10.406932989690718
2025-09-06 18:52:00+02:00,0.9821551658678824,0.6078762502128058,0.5693633703704217,9.8966237113402
2025-09-06 18:53:00+02:00,0.6723543996055579,0.5064301437355972,0.4253487088575478,9.326445244115927
2025-09-06 18:54:00+02:00,0.1994558456801571,0.4049840372583882,0.3250488680652514,7.747693492491336
2025-09-06 18:55:00+02:00,0.0155338541822314,0.3035379307811791,0.2233060683918413,6.187398573887386
2025-09-06 18:56:00+02:00,0.0155338541822314,0.2020918243039703,0.1208017927013692,5.899913941480204
2025-09-06 18:57:00+02:00,0.0155338541822314,0.1076521663620239,0.0621588737404564,5.753270223752146
2025-09-06 18:58:00+02:00,0.0155338541822314,0.0889779399912344,0.0620647675184794,5.606626506024089
2025-09-06 18:59:00+02:00,0.0155338541822314,0.0884727091443883,0.0629673533593535,5.459982788296031
2025-09-06 19:00:00+02:00,0.0155338541822314,0.0884727091443883,0.0629673533593535,5.313339070567974
2025-09-06 19:01:00+02:00,0.0155338541822314,0.0884727091443883,0.0629673533593535,5.166695352839921
2025-09-06 19:02:00+02:00,0.0155338541822314,0.0884727091443883,0.0629673533593535,5.0200516351118685
2025-09-06 19:03:00+02:00,0.0155338541822314,0.0884727091443883,0.0629673533593535,4.873407917383816
2025-09-06 19:04:00+02:00,0.0155338541822314,0.0673600867715169,0.0629673533593535,4.726764199655764
2025-09-06 19:05:00+02:00,0.0155338541822314,0.0431375781401626,0.0431375781401626,4.460208202191301
2025-09-06 19:06:00+02:00,0.0155338541822314,0.0260177560321135,0.0260177560321135,3.947352941176472
2025-09-06 19:07:00+02:00,0.0002039963508683,0.0002039963508683,0.0002039963508683,3.4179411764705887
2025-09-06 19:08:00+02:00,9.695225522894196e-05,9.695225522894196e-05,9.695225522894196e-05,2.936317016317016
2025-09-06 19:09:00+02:00,3.200090728755885e-05,3.200090728755885e-05,3.200090728755885e-05,2.597499999999998
2025-09-06 19:10:00+02:00,0.0,0.0,0.0,2.268129370629368
2025-09-06 19:11:00+02:00,0.0,0.0,0.0,1.93875874125874
2025-09-06 19:12:00+02:00,0.0,0.0,0.0,1.609388111888111
2025-09-06 19:13:00+02:00,0.0,0.0,0.0,1.371522020362227
2025-09-06 19:14:00+02:00,0.0,0.0,0.0,1.2554639175257738
2025-09-06 19:15:00+02:00,0.0,0.0,0.0,1.140000000000001
2025-09-06 19:16:00+02:00,0.0,0.0,0.0,1.0245360824742282
2025-09-06 19:17:00+02:00,0.0,0.0,0.0,0.909072164948455
2025-09-06 19:18:00+02:00,0.0,0.0,0.0,0.7936082474226817
2025-09-06 19:19:00+02:00,0.0,0.0,0.0,0.6781443298969081
2025-09-06 19:20:00+02:00,0.0,0.0,0.0,0.5626804123711346
2025-09-06 19:21:00+02:00,0.0,0.0,0.0,0.4472164948453611
2025-09-06 19:22:00+02:00,0.0,0.0,0.0,0.3338633131887665
2025-09-06 19:23:00+02:00,0.0,0.0,0.0,0.2775000000000001
2025-09-06 19:24:00+02:00,0.0,0.0,0.0,0.2464655172413797
2025-09-06 19:25:00+02:00,0.0,0.0,0.0,0.2154310344827589
2025-09-06 19:26:00+02:00,0.0,0.0,0.0,0.1843965517241381
2025-09-06 19:27:00+02:00,0.0,0.0,0.0,0.1533620689655174
2025-09-06 19:28:00+02:00,0.0,0.0,0.0,0.1223275862068967
2025-09-06 19:29:00+02:00,0.0,0.0,0.0,0.0912931034482759
2025-09-06 19:30:00+02:00,0.0,0.0,0.0,0.0602586206896551
2025-09-06 19:31:00+02:00,0.0,0.0,0.0,0.0292241379310344
2025-09-06 19:32:00+02:00,0.0,0.0,0.0,0.0061798919817199
2025-09-06 19:33:00+02:00,0.0,0.0,0.0,0.0176850258175558
2025-09-06 19:34:00+02:00,0.0,0.0,0.0,0.0331755593803786
2025-09-06 19:35:00+02:00,0.0,0.0,0.0,0.0486660929432013
2025-09-06 19:36:00+02:00,0.0,0.0,0.0,0.064156626506024
2025-09-06 19:37:00+02:00,0.0,0.0,0.0,0.0796471600688467
2025-09-06 19:38:00+02:00,0.0,0.0,0.0,0.0951376936316694
2025-09-06 19:39:00+02:00,0.0,0.0,0.0,0.1106282271944922
2025-09-06 19:40:00+02:00,0.0,0.0,0.0,0.1261187607573149
2025-09-06 19:41:00+02:00,0.0,0.0,0.0,0.1416092943201377
2025-09-06 19:42:00+02:00,0.0,0.0,0.0,0.15
2025-09-06 19:43:00+02:00,0.0,0.0,0.0,0.15
2025-09-06 19:44:00+02:00,0.0,0.0,0.0,0.15
2025-09-06 19:45:00+02:00,0.0,0.0,0.0,0.15
2025-09-06 19:46:00+02:00,0.0,0.0,0.0,0.15
2025-09-06 19:47:00+02:00,0.0,0.0,0.0,0.15
2025-09-06 19:48:00+02:00,0.0,0.0,0.0,0.15
2025-09-06 19:49:00+02:00,0.0,0.0,0.0,0.15
2025-09-06 19:50:00+02:00,0.0,0.0,0.0,0.15
2025-09-06 19:51:00+02:00,0.0,0.0,0.0,0.1502405498281787
2025-09-06 19:52:00+02:00,0.0,0.0,0.0,0.1554725085910652
2025-09-06 19:53:00+02:00,0.0,0.0,0.0,0.162689003436426
2025-09-06 19:54:00+02:00,0.0,0.0,0.0,0.1699054982817868
2025-09-06 19:55:00+02:00,0.0,0.0,0.0,0.1771219931271476
2025-09-06 19:56:00+02:00,0.0,0.0,0.0,0.1843384879725084
2025-09-06 19:57:00+02:00,0.0,0.0,0.0,0.1915549828178692
2025-09-06 19:58:00+02:00,0.0,0.0,0.0,0.19877147766323
2025-09-06 19:59:00+02:00,0.0,0.0,0.0,0.2059879725085908
2025-09-06 20:00:00+02:00,0.0,0.0,0.0,0.2132044673539517
2025-09-07 05:00:00+02:00,0.0,0.0,0.0,0.1027022375215147
2025-09-07 05:01:00+02:00,0.0,0.0,0.0,0.0944406196213426
2025-09-07 05:02:00+02:00,0.0,0.0,0.0,0.0861790017211704
2025-09-07 05:03:00+02:00,0.0,0.0,0.0,0.0779173838209982
2025-09-07 05:04:00+02:00,0.0,0.0,0.0,0.0724697806002334
2025-09-07 05:05:00+02:00,0.0,0.0,0.0,0.0793103448275861
2025-09-07 05:06:00+02:00,0.0,0.0,0.0,0.0875862068965515
2025-09-07 05:07:00+02:00,0.0,0.0,0.0,0.095862068965517
2025-09-07 05:08:00+02:00,0.0,0.0,0.0,0.1041379310344826
2025-09-07 05:09:00+02:00,0.0,0.0,0.0,0.1124137931034481
2025-09-07 05:10:00+02:00,0.0,0.0,0.0,0.1206896551724137
2025-09-07 05:11:00+02:00,0.0,0.0,0.0,0.1289655172413791
2025-09-07 05:12:00+02:00,0.0,0.0,0.0,0.1372413793103446
2025-09-07 05:13:00+02:00,0.0,0.0,0.0,0.1455172413793103
2025-09-07 05:14:00+02:00,0.0,0.0,0.0,0.1533132530120481
2025-09-07 05:15:00+02:00,0.0,0.0,0.0,0.1605421686746986
2025-09-07 05:16:00+02:00,0.0,0.0,0.0,0.1677710843373491
2025-09-07 05:17:00+02:00,0.0,0.0,0.0,0.1749999999999996
2025-09-07 05:18:00+02:00,0.0,0.0,0.0,0.1822289156626503
2025-09-07 05:19:00+02:00,0.0,0.0,0.0,0.189457831325301
2025-09-07 05:20:00+02:00,0.0,0.0,0.0,0.1966867469879516
2025-09-07 05:21:00+02:00,0.0,0.0,0.0,0.2039156626506023
2025-09-07 05:22:00+02:00,0.0,0.0,0.0,0.2111445783132529
2025-09-07 05:23:00+02:00,0.0,0.0,0.0,0.2176914900983243
2025-09-07 05:24:00+02:00,0.0,0.0,0.0,0.204258620689655
2025-09-07 05:25:00+02:00,0.0,0.0,0.0,0.1814999999999998
2025-09-07 05:26:00+02:00,0.0,0.0,0.0,0.1587413793103445
2025-09-07 05:27:00+02:00,0.0,0.0,0.0,0.1359827586206893
2025-09-07 05:28:00+02:00,0.0,0.0,0.0,0.1132241379310342
2025-09-07 05:29:00+02:00,0.0,0.0,0.0,0.090465517241379
2025-09-07 05:30:00+02:00,0.0,0.0,0.0,0.0677068965517239
2025-09-07 05:31:00+02:00,0.0,0.0,0.0,0.0449482758620688
2025-09-07 05:32:00+02:00,0.0,0.0,0.0,0.0221896551724137
2025-09-07 05:33:00+02:00,0.0,0.0,0.0,0.0053852648418058
2025-09-07 05:34:00+02:00,0.0,0.0,0.0,0.0171391752577319
2025-09-07 05:35:00+02:00,0.0,0.0,0.0,0.0326030927835051
2025-09-07 05:36:00+02:00,0.0,0.0,0.0,0.0480670103092783
2025-09-07 05:37:00+02:00,0.0,0.0,0.0,0.0635309278350515
2025-09-07 05:38:00+02:00,0.0,0.0,0.0,0.0789948453608246
2025-09-07 05:39:00+02:00,0.0,0.0,0.0,0.0944587628865978
2025-09-07 05:40:00+02:00,0.0,0.0,0.0,0.109922680412371
2025-09-07 05:41:00+02:00,0.0,0.0,0.0,0.1253865979381442
2025-09-07 05:42:00+02:00,0.0,0.0,0.0,0.1408505154639174
2025-09-07 05:43:00+02:00,0.0,0.0,0.0,0.1720870300051457
2025-09-07 05:44:00+02:00,0.0,0.0,0.0,0.2256282271944921
2025-09-07 05:45:00+02:00,0.0,0.0,0.0,0.2793287435456108
2025-09-07 05:46:00+02:00,0.0,0.0,0.0,0.3330292598967294
2025-09-07 05:47:00+02:00,0.0,0.0,0.0,0.386729776247848
2025-09-07 05:48:00+02:00,0.0,0.0,0.0,0.4404302925989666
2025-09-07 05:49:00+02:00,0.0,0.0,0.0,0.4941308089500855
2025-09-07 05:50:00+02:00,0.0,0.0,0.0,0.5478313253012047
2025-09-07 05:51:00+02:00,0.0,0.0,0.0,0.6015318416523238
2025-09-07 05:52:00+02:00,0.0,0.0,0.0,0.65466570716363
2025-09-07 05:53:00+02:00,0.0,0.0,0.0,0.6925000000000003
2025-09-07 05:54:00+02:00,0.0,0.0,0.0,0.7235344827586214
2025-09-07 05:55:00+02:00,0.0,0.0,0.0,0.7545689655172425
2025-09-07 05:56:00+02:00,0.0,0.0,0.0,0.7856034482758635
2025-09-07 05:57:00+02:00,0.0,0.0,0.0,0.8166379310344841
2025-09-07 05:58:00+02:00,0.0,0.0,0.0,0.8476724137931044
2025-09-07 05:59:00+02:00,0.0,0.0,0.0,0.878706896551725
2025-09-07 06:00:00+02:00,2.862417936166701e-05,2.862417936166701e-05,2.862417936166701e-05,0.9097413793103452
2025-09-07 06:01:00+02:00,9.108813762477584e-05,9.108813762477584e-05,9.108813762477584e-05,0.9407758620689658
2025-09-07 06:02:00+02:00,0.0001944843644376,0.0001944843644376,0.0001944843644376,0.9706648626801524
2025-09-07 06:03:00+02:00,0.0155338541822314,0.0249907093771093,0.0249907093771093,0.9950514579759862
2025-09-07 06:04:00+02:00,0.0155338541822314,0.0416256407845253,0.0416256407845253,1.018722126929675
2025-09-07 06:05:00+02:00,0.0155338541822314,0.0652120190438852,0.0629673533593535,1.042392795883363
2025-09-07 06:06:00+02:00,0.0155338541822314,0.0884727091443883,0.0629673533593535,1.0660634648370506
2025-09-07 06:07:00+02:00,0.0155338541822314,0.0884727091443883,0.0629673533593535,1.0897341337907382
2025-09-07 06:08:00+02:00,0.0155338541822314,0.0884727091443883,0.0629673533593535,1.113404802744426
2025-09-07 06:09:00+02:00,0.0155338541822314,0.0884727091443883,0.0629673533593535,1.1370754716981135
2025-09-07 06:10:00+02:00,0.0155338541822314,0.0884727091443883,0.0629673533593535,1.1607461406518012
2025-09-07 06:11:00+02:00,0.0155338541822314,0.0884727091443883,0.0629673533593535,1.1844168096054888
2025-09-07 06:12:00+02:00,0.0155338541822314,0.0884727091443883,0.0629673533593535,1.2295926243567756
2025-09-07 06:13:00+02:00,0.0155338541822314,0.0884727091443883,0.0629673533593535,1.313224699828475
2025-09-07 06:14:00+02:00,0.0155338541822314,0.0884727091443883,0.0629673533593535,1.397615780445971
2025-09-07 06:15:00+02:00,0.0155338541822314,0.0884727091443883,0.0629673533593535,1.482006861063467
2025-09-07 06:16:00+02:00,0.0155338541822314,0.0884727091443883,0.0629673533593535,1.566397941680962
2025-09-07 06:17:00+02:00,0.0155338541822314,0.0884727091443883,0.0629673533593535,1.6507890222984571
2025-09-07 06:18:00+02:00,0.0155338541822314,0.0884727091443883,0.0629673533593535,1.735180102915953
2025-09-07 06:19:00+02:00,0.0155338541822314,0.0884727091443883,0.0629673533593535,1.819571183533448
2025-09-07 06:20:00+02:00,0.0155338541822314,0.0884727091443883,0.0629673533593535,1.903962264150944
2025-09-07 06:21:00+02:00,0.0155338541822314,0.0884727091443883,0.0629673533593535,1.9898309748427672
2025-09-07 06:22:00+02:00,0.0155338541822314,0.0884727091443883,0.0629673533593535,2.205731132075472
2025-09-07 06:23:00+02:00,0.0155338541822314,0.0884727091443883,0.0629673533593535,2.502900943396227
2025-09-07 06:24:00+02:00,0.0219955839989841,0.0884727091443883,0.0629673533593535,2.8000707547169816
2025-09-07 06:25:00+02:00,0.0872973465219725,0.0884727091443883,0.0629673533593535,3.08646621554875
2025-09-07 06:26:00+02:00,0.1879787115320533,0.0884727091443883,0.0629673533593535,3.3271989528795807
2025-09-07 06:27:00+02:00,0.2927964322474771,0.0886959894096147,0.0629673533593535,3.562801047120418
2025-09-07 06:28:00+02:00,0.397614152962901,0.1028935231696324,0.0573748752165132,3.798403141361256
2025-09-07 06:29:00+02:00,0.5024318736783251,0.1922460132514766,0.0863702327701087,4.034005235602094
2025-09-07 06:30:00+02:00,0.6072495943937485,0.2938670268088185,0.1746297240952593,4.269607329842933
2025-09-07 06:31:00+02:00,0.712067315109172,0.3954880403661605,0.2767823556152663,4.521124927283305
2025-09-07 06:32:00+02:00,0.8168850358245959,0.4971090539235023,0.3727425243118086,5.202361111111112
2025-09-07 06:33:00+02:00,0.9192244968379022,0.5987300674808436,0.4994927923105293,6.073765025990904
2025-09-07 06:34:00+02:00,0.9669605959281145,0.700351081038185,0.6430134069571505,6.938421052631579
2025-09-07 06:35:00+02:00,0.9685741515500194,0.8019720945955268,0.7865340216037715,7.685024685206994
2025-09-07 06:36:00+02:00,0.9685741515500194,0.9035931081528688,0.9300546362503916,7.795877796901894
2025-09-07 06:37:00+02:00,0.9685741515500194,0.9903943905664316,1.071382574839911,7.811368330464716
2025-09-07 06:38:00+02:00,0.9685741515500194,1.000979912811988,1.1202194506571637,7.826858864027538
2025-09-07 06:39:00+02:00,0.9685741515500194,1.000979912811988,1.1202194506571637,7.84234939759036
2025-09-07 06:40:00+02:00,0.9685741515500194,1.000979912811988,1.1202194506571637,7.857839931153182
2025-09-07 06:41:00+02:00,0.9685741515500194,1.000979912811988,1.1202194506571637,7.873330464716004
2025-09-07 06:42:00+02:00,0.9685741515500194,1.000979912811988,1.1202194506571637,7.888820998278827
2025-09-07 06:43:00+02:00,0.9685741515500194,1.000979912811988,1.1202194506571637,7.904311531841649
2025-09-07 06:44:00+02:00,0.9685741515500194,1.000979912811988,1.1202194506571637,7.919802065404472
2025-09-07 06:45:00+02:00,0.9685741515500194,1.000979912811988,1.1202194506571637,8.051356368330465
2025-09-07 06:46:00+02:00,0.9685741515500194,1.000979912811988,1.1202194506571637,8.390460000000001
2025-09-07 06:47:00+02:00,0.9685741515500194,1.0353813470279647,1.135169514682853,8.73366
2025-09-07 06:48:00+02:00,0.9685741515500194,1.1349348852284846,1.2577600396935091,9.07686
2025-09-07 06:49:00+02:00,0.9685741515500194,1.2336395658765498,1.4031604683175452,9.411101720430109
2025-09-07 06:50:00+02:00,0.9685741515500194,1.3241585306393944,1.5520892711891652,9.717048387096776
2025-09-07 06:51:00+02:00,0.9685741515500194,1.4146774954022383,1.7010180740607843,10.02091935483871
2025-09-07 06:52:00+02:00,0.9685741515500194,1.5051964601650831,1.8499468769324043,10.324790322580649
2025-09-07 06:53:00+02:00,0.999064066223683,1.5957154249279273,1.998875679804024,10.628661290322585
2025-09-07 06:54:00+02:00,1.2913540366681515,1.686234389690771,2.147804482675642,11.038594758064514
2025-09-07 06:55:00+02:00,1.4919786088733356,1.7767533544536138,2.2967332855472598,12.04906501004016
2025-09-07 06:56:00+02:00,1.4925166201345386,1.8667694360788865,2.4456620884188784,12.512951807228916
2025-09-07 06:57:00+02:00,1.4925166201345386,1.9027255804152372,2.553635470500801,12.635843373493977
2025-09-07 06:58:00+02:00,1.4925166201345386,1.9027255804152372,2.558599763929855,12.758734939759035
2025-09-07 06:59:00+02:00,1.4925166201345386,1.9027255804152372,2.558599763929855,12.881626506024096
2025-09-07 07:00:00+02:00,1.4925166201345386,1.9027255804152372,2.558599763929855,13.00451807228916
2025-09-07 07:01:00+02:00,1.4925166201345386,1.9027255804152372,2.558599763929855,13.127409638554218
2025-09-07 07:02:00+02:00,1.4925166201345386,1.9027255804152372,2.558599763929855,13.25030120481928
2025-09-07 07:03:00+02:00,1.4925166201345386,1.9027255804152372,2.558599763929855,13.37319277108434
2025-09-07 07:04:00+02:00,1.4942308353254068,1.9027255804152372,2.558599763929855,13.4960843373494
2025-09-07 07:05:00+02:00,1.536106663559465,1.9027255804152372,2.558599763929855,13.682840791738384
2025-09-07 07:06:00+02:00,1.594879755817792,1.921651575492968,2.558599763929855,14.29618956043956
2025-09-07 07:07:00+02:00,1.6550833439203974,2.1236435593225536,2.81145177937878,15.020499999999998
2025-09-07 07:08:00+02:00,1.7187752109241252,2.395071902609493,3.278255500207564,15.78156043956044
2025-09-07 07:09:00+02:00,1.7824670779278529,2.67327343421912,3.7450592210363487,16.634285714285717
2025-09-07 07:10:00+02:00,1.8461589449315805,2.852945256717003,4.005042959997935,17.613595505617976
2025-09-07 07:11:00+02:00,1.9098508119353084,2.856422775862124,4.005691298499087,18.610900043343445
2025-09-07 07:12:00+02:00,1.973542678939036,2.856422775862124,4.005691298499087,18.97928783382788
2025-09-07 07:13:00+02:00,2.037234545942764,2.856422775862124,4.005691298499087,19.24635014836794
2025-09-07 07:14:00+02:00,2.0903995627055987,2.856422775862124,4.005691298499087,19.513412462908004
2025-09-07 07:15:00+02:00,2.0961495229212126,2.856422775862124,4.005691298499087,19.780474777448067
2025-09-07 07:16:00+02:00,2.0961495229212126,2.856422775862124,4.005691298499087,20.04753709198813
2025-09-07 07:17:00+02:00,2.0961495229212126,2.856422775862124,4.005691298499087,20.23604792967018
2025-09-07 07:18:00+02:00,2.0961495229212126,2.856422775862124,4.005691298499087,20.30645689655172
2025-09-07 07:19:00+02:00,2.0961495229212126,2.8579782984579643,4.0100425187490805,20.375767241379307
2025-09-07 07:20:00+02:00,2.0961495229212126,2.9251485923692946,4.116336613427491,20.44507758620689
2025-09-07 07:21:00+02:00,2.0961495229212126,3.026964616824365,4.2655213077129766,20.51438793103448
2025-09-07 07:22:00+02:00,2.0961495229212126,3.128780641279434,4.414706001998464,20.583698275862066
2025-09-07 07:23:00+02:00,2.0961495229212126,3.2316363327306656,4.563890696283953,20.653008620689647
2025-09-07 07:24:00+02:00,2.1550808420788337,3.3347385339076445,4.713075390569441,20.722318965517232
2025-09-07 07:25:00+02:00,2.302615193536376,3.437840735084623,4.862260084854925,20.791629310344817
2025-09-07 07:26:00+02:00,2.45097375924787,3.540942936261599,5.0114447791404135,20.89582454361054
2025-09-07 07:27:00+02:00,2.599332324959367,3.644045137438578,5.1606294734259,21.67147414611006
2025-09-07 07:28:00+02:00,2.7068922851002006,3.747147338615557,5.30981416771139,21.96081653225808
2025-09-07 07:29:00+02:00,2.711837570623918,3.8386505421601256,5.437242760746914,22.17734879032261
2025-09-07 07:30:00+02:00,2.711837570623918,3.852827094821961,5.4527828330683175,22.39388104838713
2025-09-07 07:31:00+02:00,2.711837570623918,3.852827094821961,5.4527828330683175,22.610413306451637
2025-09-07 07:32:00+02:00,2.711837570623918,3.852827094821961,5.4527828330683175,22.826945564516148
2025-09-07 07:33:00+02:00,2.711837570623918,3.852827094821961,5.4527828330683175,23.043477822580652
2025-09-07 07:34:00+02:00,2.711837570623918,3.852827094821961,5.4527828330683175,23.260010080645163
2025-09-07 07:35:00+02:00,2.711837570623918,3.852827094821961,5.4527828330683175,23.5957721203591
2025-09-07 07:36:00+02:00,2.711837570623918,3.852827094821961,5.4527828330683175,24.804182209209856
2025-09-07 07:37:00+02:00,2.711837570623918,3.852827094821961,5.4527828330683175,24.546896551724128
2025-09-07 07:38:00+02:00,2.6139680832723315,3.852827094821961,5.4527828330683175,23.98137931034482
2025-09-07 07:39:00+02:00,2.400434656323416,3.805938878231813,5.3632720164970245,22.874125183119222
2025-09-07 07:40:00+02:00,2.1869012293745,3.610952514119125,5.072361862640325,21.371736111111105
2025-09-07 07:41:00+02:00,1.9733678024255847,3.4051018071379877,4.773992474069351,20.713402777777777
2025-09-07 07:42:00+02:00,1.7598343754766697,3.1992511001568507,4.475623085498376,18.603847853535356
2025-09-07 07:43:00+02:00,1.556829180144251,2.995332665830494,4.1772536969274014,14.53090845372386
2025-09-07 07:44:00+02:00,1.4925166201345386,2.792049900023117,3.8788843083564255,13.292085889570556
2025-09-07 07:45:00+02:00,1.4925166201345386,2.588767134215737,3.580514919785452,12.688404907975462
2025-09-07 07:46:00+02:00,1.4925166201345386,2.3854843684083606,3.282145531214477,12.071809583565718
2025-09-07 07:47:00+02:00,1.4925166201345386,2.1822016026009847,2.983776142643499,11.397045454545456
2025-09-07 07:48:00+02:00,1.4925166201345386,2.000787792241651,2.68768596467966,10.797005582137162
2025-09-07 07:49:00+02:00,1.4925166201345386,1.951756686328444,2.6568130210011334,10.946754385964915
2025-09-07 07:50:00+02:00,1.4925166201345386,2.042275651091286,2.805997715286622,11.277280701754394
2025-09-07 07:51:00+02:00,1.4925166201345386,2.13279461585413,2.955182409572109,11.60780701754387
2025-09-07 07:52:00+02:00,1.4925166201345386,2.2287872364318417,3.104367103857595,11.938333333333338
2025-09-07 07:53:00+02:00,1.520134531542965,2.3304286193355312,3.253551798143083,12.49028212422949
2025-09-07 07:54:00+02:00,1.6600371557984643,2.4320700022392194,3.4027364924285712,13.625795480354304
2025-09-07 07:55:00+02:00,1.822060326246545,2.5337113851429103,3.5519211867140568,14.506218487394955
2025-09-07 07:56:00+02:00,1.9840834966946248,2.635352768046599,3.701105880999545,15.890751416845807
2025-09-07 07:57:00+02:00,2.1461066671427047,2.7369941509502884,3.8502905752850327,20.73651162790697
2025-09-07 07:58:00+02:00,2.308129837590785,2.849906493941037,4.031041041473378,25.194033680834
2025-09-07 07:59:00+02:00,2.4701530080388645,3.116459819171176,4.439065065362264,18.40460098522168
2025-09-07 08:00:00+02:00,2.6321761784869446,3.435235759257016,4.891281169915147,19.37502556022409
2025-09-07 08:01:00+02:00,2.784905607413538,3.754413850134682,5.343497274468033,20.859099264705897
2025-09-07 08:02:00+02:00,2.9286460076554146,4.073591941012347,5.795713379020922,22.343658088235312
2025-09-07 08:03:00+02:00,3.072386407897291,4.392770031890012,6.24792948357381,23.82821691176472
2025-09-07 08:04:00+02:00,3.2161268081391663,4.712039056696704,6.700290529185844,25.35658717105264
2025-09-07 08:05:00+02:00,3.3598672083810426,5.067681653113384,7.210627998458503,28.840586124401916
2025-09-07 08:06:00+02:00,3.503607608622919,5.452332172889033,7.767201665600515,31.49461734997029
2025-09-07 08:07:00+02:00,3.6473480088647934,5.836982692664681,8.323775332742523,32.01088235294118
2025-09-07 08:08:00+02:00,3.791088409106672,6.221633212440327,8.880348999884534,32.516764705882345
2025-09-07 08:09:00+02:00,3.986753380536844,6.606283732215979,9.436922667026549,34.07762578108166
2025-09-07 08:10:00+02:00,4.581495770528462,6.9687417651712416,9.96327255921106,42.148417022792025
2025-09-07 08:11:00+02:00,5.12751880977551,7.293681933615053,10.438527163920236,46.888621913580245
2025-09-07 08:12:00+02:00,5.1745897614347385,7.618035885425871,10.912983404762612,47.89897222222223
2025-09-07 08:13:00+02:00,5.1745897614347385,7.942389837236687,11.387439645604983,48.42230555555557
2025-09-07 08:14:00+02:00,5.1745897614347385,8.266743789047498,11.86189588644736,48.9918498931624
2025-09-07 08:15:00+02:00,5.1745897614347385,8.591097740858316,12.336352127289723,49.84822115384616
2025-09-07 08:16:00+02:00,5.1745897614347385,8.862639500171197,12.717440697116322,51.9186647033522
2025-09-07 08:17:00+02:00,5.1745897614347385,8.976358777251859,12.876611903948923,52.733269980506826
2025-09-07 08:18:00+02:00,5.1745897614347385,9.07963843488525,13.026311028214709,48.79646802325581
2025-09-07 08:19:00+02:00,5.1745897614347385,9.182918092518642,13.176010152480492,48.75114380635975
2025-09-07 08:20:00+02:00,5.1745897614347385,9.286197750152038,13.325709276746275,46.92030612244898
2025-09-07 08:21:00+02:00,5.33739188943305,9.389477407785431,13.475408401012068,46.74666666666668
2025-09-07 08:22:00+02:00,5.69259653233846,9.492757065418822,13.62510752527785,49.66193191865606
2025-09-07 08:23:00+02:00,6.047801175243867,9.596036723052212,13.774806649543631,54.15688864942528
2025-09-07 08:24:00+02:00,6.348335485228811,9.699316380685604,13.92450577380941,57.4075625
2025-09-07 08:25:00+02:00,6.277893343100462,9.802596038319,14.082625473815131,59.87593137254902
2025-09-07 08:26:00+02:00,6.1368960802677766,9.76501371845796,15.1565817519179,59.38338235294117
2025-09-07 08:27:00+02:00,5.995898817435095,9.559028179066916,14.6145014227914,58.45838782763965
2025-09-07 08:28:00+02:00,5.854901554602412,9.352468863800128,13.464494905252936,57.47062153053133
2025-09-07 08:29:00+02:00,5.713904291769728,9.145909548533345,12.6550458136825,55.27107466063348
2025-09-07 08:30:00+02:00,5.572907028937052,8.939350233266563,12.490570785986204,53.73209383753502
2025-09-07 08:31:00+02:00,5.431909766104375,8.732790917999775,12.341386091700718,52.34510382059801
2025-09-07 08:32:00+02:00,5.290912503271699,8.526231602732992,12.19220139741523,51.542674418604655
2025-09-07 08:33:00+02:00,5.219036169727327,8.319672287466204,12.043016703129744,50.6128175313059
2025-09-07 08:34:00+02:00,5.338267393834571,8.113112972199419,11.893832008844257,48.197838104877576
2025-09-07 08:35:00+02:00,5.468342333490074,7.922870838976972,11.74464731455877,45.325148305084745
2025-09-07 08:36:00+02:00,5.598417273145577,8.023019333748154,11.59546262027328,45.97399660637773
2025-09-07 08:37:00+02:00,5.728492212801078,8.228870040729296,11.446277925987792,45.35999999999999
2025-09-07 08:38:00+02:00,5.8585671524565806,8.434720747710438,11.301242600410498,44.77874025031743
2025-09-07 08:39:00+02:00,5.988642092112082,8.64057145469158,11.347003343495317,45.39076576576576
2025-09-07 08:40:00+02:00,6.118717031767582,8.846422161672713,11.496444810060128,46.6588536036036
2025-09-07 08:41:00+02:00,6.248791971423085,9.052272868653846,11.645886276624935,50.01201298701299
2025-09-07 08:42:00+02:00,6.370292982337633,9.258123575634976,11.795327743189745,54.188372319688106
2025-09-07 08:43:00+02:00,6.29872511082636,9.463974282616109,11.944769209754554,55.23917989417989
2025-09-07 08:44:00+02:00,6.147326410571601,9.669824989597242,12.094210676319358,55.73759259259258
2025-09-07 08:45:00+02:00,5.995927710316839,9.809199621886432,12.243652142884168,56.168418209876535
2025-09-07 08:46:00+02:00,5.8445290100620735,9.641286865004409,12.39309360944898,55.78479166666665
2025-09-07 08:47:00+02:00,5.693130309807309,9.434371412987154,12.542535076013785,55.159791666666656
2025-09-07 08:48:00+02:00,5.541731609552543,9.227455960969904,12.656874259400093,54.42972822681705
2025-09-07 08:49:00+02:00,5.390332909297777,9.020540508952651,12.547273830564192,53.55109022556392
2025-09-07 08:50:00+02:00,5.239354760988165,8.813625056935402,12.397574706298403,51.429388575605685
2025-09-07 08:51:00+02:00,5.1745897614347385,8.606709604918153,12.24787558203262,46.33511111111111
2025-09-07 08:52:00+02:00,5.1745897614347385,8.399794152900919,12.098176457766836,44.71863782051283
2025-09-07 08:53:00+02:00,5.1745897614347385,8.192878700883679,11.948477333501051,45.02056089743591
2025-09-07 08:54:00+02:00,5.1745897614347385,7.985963248866439,11.798778209235262,45.32248397435898
2025-09-07 08:55:00+02:00,5.1745897614347385,7.795834956244112,11.649079084969475,45.624407051282056
2025-09-07 08:56:00+02:00,5.1745897614347385,7.634086465164889,11.499379960703696,45.92633012820513
2025-09-07 08:57:00+02:00,5.1745897614347385,7.472781408484777,11.349680836437926,45.94421650432125
2025-09-07 08:58:00+02:00,5.1745897614347385,7.311476351804663,11.108516331010808,45.45217877094973
2025-09-07 08:59:00+02:00,5.1745897614347385,7.150171295124555,10.661554717970654,44.94938547486034
2025-09-07 09:00:00+02:00,5.1745897614347385,6.988866238444447,10.206970989833724,44.060863382427634
2025-09-07 09:01:00+02:00,5.1745897614347385,6.987325253825024,9.987015951417003,43.499848484848485
2025-09-07 09:02:00+02:00,5.1745897614347385,7.419692827251056,10.600539280152535,44.27867768595042
2025-09-07 09:03:00+02:00,5.1745897614347385,7.876008272764374,11.28690680643043,45.0795
2025-09-07 09:04:00+02:00,5.1745897614347385,8.332323718277696,11.973274332708336,45.89950000000001
2025-09-07 09:05:00+02:00,5.1745897614347385,8.703925046360068,12.455627701869895,47.28360180754918
2025-09-07 09:06:00+02:00,5.1745897614347385,7.705030818797348,11.018519504488436,45.37796009292004
2025-09-07 09:07:00+02:00,5.1745897614347385,7.319091001422979,10.451101485339809,43.665
2025-09-07 09:08:00+02:00,5.1745897614347385,8.23490675675462,11.880281065779986,45.7536217948718
2025-09-07 09:09:00+02:00,5.1745897614347385,8.839287662508978,12.686230656560904,48.194211570593154
2025-09-07 09:10:00+02:00,5.251237917779842,8.853283851905397,12.688240505914472,48.53778195488725
2025-09-07 09:11:00+02:00,5.473048296754043,8.853283851905397,12.688240505914472,48.87612781954891
2025-09-07 09:12:00+02:00,5.698300021523324,8.853283851905397,12.688240505914472,49.21447368421054
2025-09-07 09:13:00+02:00,5.923551746292604,8.853283851905397,12.688240505914472,49.83796789270473
2025-09-07 09:14:00+02:00,6.148803471061885,8.853283851905397,12.688240505914472,51.80913454438045
2025-09-07 09:15:00+02:00,6.350489953764153,8.853283851905397,12.688240505914472,54.23835007932311
2025-09-07 09:16:00+02:00,6.21636655738203,8.853283851905397,12.688240505914472,56.99972350230414
2025-09-07 09:17:00+02:00,5.971722300016716,8.853283851905397,12.688240505914472,55.56560544217688
2025-09-07 09:18:00+02:00,5.727078042651402,8.853856641911936,12.691963725986264,52.01781818181818
2025-09-07 09:19:00+02:00,5.482433785286091,8.916004357621393,12.796213887996393,49.85069344608879
2025-09-07 09:20:00+02:00,5.254828814612832,9.019106558798368,12.945142690868,48.90441860465115
2025-09-07 09:21:00+02:00,5.338002942996586,9.122208759975347,13.094071493739609,48.19301044540796
2025-09-07 09:22:00+02:00,5.536079526707916,9.225310961152324,13.243000296611228,46.96618997175141
2025-09-07 09:23:00+02:00,5.734156110419244,9.328413162329303,13.391929099482851,47.18069444444445
2025-09-07 09:24:00+02:00,5.932232694130567,9.431515363506282,13.540857902354473,48.49719246031746
2025-09-07 09:25:00+02:00,6.13030927784189,9.53461756468326,13.689786705226098,51.01024234693877
2025-09-07 09:26:00+02:00,6.328626804383799,9.637719765860238,13.83871550809772,54.009503205128205
2025-09-07 09:27:00+02:00,6.55284568521367,9.740821967037212,13.987644310969346,55.41461538461538
2025-09-07 09:28:00+02:00,6.794291978430414,9.87807126475785,14.24927717554352,56.25036057692307
2025-09-07 09:29:00+02:00,7.035738271647162,10.319009724439145,15.165476433833616,58.3459375
2025-09-07 09:30:00+02:00,7.277184564863909,10.874085875468804,16.20890832477498,60.84918560606061
2025-09-07 09:31:00+02:00,7.518630858080655,11.736588817837967,17.267755789093922,64.73719696969697
2025-09-07 09:32:00+02:00,8.131512622112206,12.718395457826634,18.480842034048678,70.06541666666666
2025-09-07 09:33:00+02:00,9.278002665174164,14.522446913886816,21.060199194702182,81.7058723036223
2025-09-07 09:34:00+02:00,9.784526434018789,15.2256319888923,21.96807917222924,88.28363675213676
2025-09-07 09:35:00+02:00,9.082158290413426,15.625287696454848,22.55080059554569,83.86561475908194
2025-09-07 09:36:00+02:00,9.312493198917206,16.024943404017407,23.13352201886216,83.83209302325581
2025-09-07 09:37:00+02:00,9.792250119205027,16.42459911157996,23.718973145004245,85.02911175710595
2025-09-07 09:38:00+02:00,9.923609919375563,16.689648556525956,24.00244786352377,91.28761224668064
2025-09-07 09:39:00+02:00,9.369859481827588,15.561176260033358,22.44443827123606,89.03268867924528
2025-09-07 09:40:00+02:00,8.809414939786171,14.43243010086404,20.87064286958473,81.37344473938224
2025-09-07 09:41:00+02:00,8.295491244617418,13.638412138819234,19.687438336381973,81.84914351851852
2025-09-07 09:42:00+02:00,7.775193562542979,12.60280734891042,18.214345378942276,73.87783333333333
2025-09-07 09:43:00+02:00,6.910488007040977,10.520087585084122,15.588452209684151,60.398829365079365
2025-09-07 09:44:00+02:00,6.331448057415811,9.242208266345225,14.851314611594628,52.99348060344828
2025-09-07 09:45:00+02:00,6.1848556651056406,9.795036541156112,14.24625891769808,53.58822948175035
2025-09-07 09:46:00+02:00,6.038263272795475,10.60156483439598,13.641203223801533,57.53980555555555
2025-09-07 09:47:00+02:00,5.891670880485307,9.565848939789786,13.036147529904987,54.74837037505623
2025-09-07 09:48:00+02:00,5.745078488175141,9.036717692743126,12.91574716469984,51.75425480769232
2025-09-07 09:49:00+02:00,5.598486095864973,9.338252773572275,13.363301247556302,51.2782932692308
2025-09-07 09:50:00+02:00,5.451893703554805,9.63978785440142,13.810855330412762,50.80233173076925
2025-09-07 09:51:00+02:00,5.305301311244638,9.941322935230575,14.258409413269227,50.11528846153846
2025-09-07 09:52:00+02:00,5.353676800706992,10.24271089208268,14.705963496125683,49.257458333333325
2025-09-07 09:53:00+02:00,6.013098245448896,10.54395825043044,15.153517578982148,51.0945
2025-09-07 09:54:00+02:00,6.540814637307158,10.789765265688809,15.494599157218296,59.24115625
2025-09-07 09:55:00+02:00,6.847932795647482,10.601189341705576,15.20334492704504,62.58620689655172
2025-09-07 09:56:00+02:00,7.154499458404014,10.319080050829326,14.807784598688976,60.858095238095245
2025-09-07 09:57:00+02:00,7.461066121160547,10.03692138075856,14.412224270332926,62.2805
2025-09-07 09:58:00+02:00,7.463200695881914,9.75454264624091,14.016663941976873,67.25466666666667
2025-09-07 09:59:00+02:00,6.980879861648636,9.47216391172326,13.621103613620823,66.53271929824562
2025-09-07 10:00:00+02:00,6.556314587991491,9.189785177205604,13.225543285264774,60.13213095238095
2025-09-07 10:01:00+02:00,6.84459328951724,9.074553647947983,12.920228565835536,52.99108566252588
2025-09-07 10:02:00+02:00,7.327485875950732,10.65826287388517,15.207511240430884,57.39525
2025-09-07 10:03:00+02:00,7.7360421775588355,12.461153144727737,17.96247835609215,67.93207969114219
2025-09-07 10:04:00+02:00,8.018928080669674,12.588080128061211,18.0772726414824,70.26711581541218
2025-09-07 10:05:00+02:00,8.299850383803987,12.25595700168336,17.602816400640034,66.97636363636364
2025-09-07 10:06:00+02:00,8.5807726869383,11.923833875305498,17.12836015979765,70.25551195090439
2025-09-07 10:07:00+02:00,8.729308961256763,11.591710748927635,16.65390391895528,74.68727252252252
2025-09-07 10:08:00+02:00,7.743271426744971,11.259587622549777,16.179447678112908,69.14489001937984
2025-09-07 10:09:00+02:00,6.841789980494873,11.015299919253588,15.813325612262888,63.190549418604654
2025-09-07 10:10:00+02:00,6.963413143273678,11.87165875710224,17.090445279498763,56.86458225667528
2025-09-07 10:11:00+02:00,8.319542446056802,13.653150941456254,19.821899035706608,75.39446296296296
2025-09-07 10:12:00+02:00,7.890860560123142,12.888341471303722,18.69756430028332,74.55534722222222
2025-09-07 10:13:00+02:00,6.777706917574935,11.3334288714021,16.314997542642352,60.37500648148148
2025-09-07 10:14:00+02:00,7.426106469366876,12.290519408330804,17.825415453635248,64.76636203703704
2025-09-07 10:15:00+02:00,7.889101032480274,12.076242783288086,17.23333081871643,69.16934794372294
2025-09-07 10:16:00+02:00,8.188220731769034,11.93791066799989,17.143708839808074,67.0703253968254
2025-09-07 10:17:00+02:00,8.487340431057797,13.425516072745976,19.375203806786807,72.91990476190476
2025-09-07 10:18:00+02:00,8.777469921606823,14.42187995479428,20.771724938266253,72.80043492063491
2025-09-07 10:19:00+02:00,8.768911774654953,14.65789596968602,21.09888397912735,84.85791666666667
2025-09-07 10:20:00+02:00,8.6133695310248,14.26862092985237,20.54585536719007,82.92890053763442
2025-09-07 10:21:00+02:00,8.457827287394641,13.879345890018715,19.99282675525277,84.20313116039428
2025-09-07 10:22:00+02:00,8.302285043764483,13.490070850185065,19.439798143315485,84.9915625
2025-09-07 10:23:00+02:00,8.146742800134323,13.1007958103514,18.886769531378214,77.79124537037036
2025-09-07 10:24:00+02:00,7.991200556504167,12.62495932777862,18.22858501604678,68.68257156970867
2025-09-07 10:25:00+02:00,7.835658312874008,12.002785193151473,17.32046473032922,72.21601851851852
2025-09-07 10:26:00+02:00,7.692470335990518,11.378324523243109,16.401676454412243,71.9130150462963
2025-09-07 10:27:00+02:00,7.786646303813469,10.99115890789992,15.784719482427256,64.23218660968661
2025-09-07 10:28:00+02:00,7.971352718124286,11.317959991818627,16.247806499308236,65.8003105590062
2025-09-07 10:29:00+02:00,8.156059132435093,11.692636393763651,16.80616979238961,62.81125
2025-09-07 10:30:00+02:00,8.340765546745912,12.067312795708675,17.36453308547099,62.272298634336686
2025-09-07 10:31:00+02:00,8.525471961056715,12.441989197653696,17.92289637855237,64.778327991453
2025-09-07 10:32:00+02:00,8.710178375367528,12.88339730888776,18.67301914375767,71.0456923076923
2025-09-07 10:33:00+02:00,8.90805194540109,13.91871864323064,20.53073179675456,80.23023518199705
2025-09-07 10:34:00+02:00,9.152722298611474,14.917857912137022,21.748523165368155,82.73308411214954
2025-09-07 10:35:00+02:00,9.401485146168124,15.417427546590206,22.38694590120753,84.7848100553825
2025-09-07 10:36:00+02:00,9.650247993724776,15.887610731957915,23.02536863704689,89.6505137576848
2025-09-07 10:37:00+02:00,9.89901084128142,16.357793917325626,23.66624943150353,88.58520917678813
2025-09-07 10:38:00+02:00,10.300994286108237,16.927681126376214,24.520249030959764,94.3317015022015
2025-09-07 10:39:00+02:00,11.132504917557595,18.214076242025985,26.38646028625896,101.88580555555556
2025-09-07 10:40:00+02:00,11.565673142882034,19.095631423789676,27.5850014451184,109.41428240740738
2025-09-07 10:41:00+02:00,11.855408694742128,19.54300721583729,28.25122398652363,108.96356986215538
2025-09-07 10:42:00+02:00,12.145144246602229,19.99038300788493,28.917446527928867,109.96318713450292
2025-09-07 10:43:00+02:00,12.43529179015313,20.43775879993257,29.583669069334075,113.8159889214728
2025-09-07 10:44:00+02:00,12.890236010026577,21.00859310382413,30.50305617647326,117.79143244289584
2025-09-07 10:45:00+02:00,13.475731031621525,22.102656338863696,32.05919052470097,121.62795238975116
2025-09-07 10:46:00+02:00,14.393377862269428,23.396947325561328,33.914550419031166,133.6368220899471
2025-09-07 10:47:00+02:00,14.772015128955028,24.554992048317185,35.50551079138287,141.0136273148148
2025-09-07 10:48:00+02:00,14.220083664693608,23.65988126583929,34.18690382457223,142.26869444444444
2025-09-07 10:49:00+02:00,13.215037427221906,21.582755652277505,31.3587178438825,125.82626984126983
2025-09-07 10:50:00+02:00,11.75095835320002,19.03470572523181,27.665425687223333,112.1073646640827
2025-09-07 10:51:00+02:00,10.975019263476012,18.012082113199828,26.070975778033336,108.46697674418606
2025-09-07 10:52:00+02:00,10.419511250511164,17.211110121781267,24.86312243842857,104.2686030361757
2025-09-07 10:53:00+02:00,10.779349982697225,17.94122051174245,25.855391605970212,98.1951851851852
2025-09-07 10:54:00+02:00,11.615326416298744,19.173539798878984,27.733397143453967,108.26574508101852
2025-09-07 10:55:00+02:00,12.095083336586567,19.919455883089807,28.859528148926028,110.42337239583333
2025-09-07 10:56:00+02:00,12.626999875533592,20.631976176326187,29.85665315870125,116.3179415954416
2025-09-07 10:57:00+02:00,13.439155180740324,20.519103936418347,29.539254233240367,123.98014376218325
2025-09-07 10:58:00+02:00,13.516984028994637,20.03759103574057,28.873031691835127,122.71381303418804
2025-09-07 10:59:00+02:00,12.974814071668266,19.556078135062787,28.2068091504299,123.1768923237754
2025-09-07 11:00:00+02:00,12.174600694374671,19.074565234385023,27.540586609024704,116.88788095238095
2025-09-07 11:01:00+02:00,10.496790402811495,17.192840246486327,24.87946451726799,95.98228333333331
2025-09-07 11:02:00+02:00,9.771123568548564,16.069757118905493,23.179654131541383,92.37209444444444
2025-09-07 11:03:00+02:00,9.408954128723446,15.310917167837353,22.12080666722245,89.26073770491803
2025-09-07 11:04:00+02:00,9.046931636548688,15.027157954058726,21.601418308043293,86.0377794117647
2025-09-07 11:05:00+02:00,9.032440337489517,15.39010803429056,22.121639094474286,79.58306074297188
2025-09-07 11:06:00+02:00,9.3091540667941,15.756764646733266,22.667711371670222,77.65614457831323
2025-09-07 11:07:00+02:00,9.585867796098682,16.12342125917597,23.21391116087983,79.0415332535817
2025-09-07 11:08:00+02:00,9.86258152540327,16.490077871618674,23.762811493735704,84.62925
2025-09-07 11:09:00+02:00,10.671462909835608,17.549996723866066,25.37859873050153,97.25897486772487
2025-09-07 11:10:00+02:00,13.091266901709124,21.21289949518178,30.860745289379437,120.96425925925926
2025-09-07 11:11:00+02:00,13.431719806840375,22.488964060721912,32.351930967447615,125.91369047619048
2025-09-07 11:12:00+02:00,12.803915719720278,21.303119505553727,30.65236047814168,122.75355555555556
2025-09-07 11:13:00+02:00,12.887084418160336,21.407885290518564,30.90963181922303,114.93713384383088
2025-09-07 11:14:00+02:00,13.324155150100031,22.07769932553961,31.88477319267649,115.90913338937928
2025-09-07 11:15:00+02:00,13.69417512463982,22.675333237015472,32.755921915236605,126.67525595238097
2025-09-07 11:16:00+02:00,13.42126246771172,22.23508373442199,32.13642591867066,133.05759550712943
2025-09-07 11:17:00+02:00,12.979449623630115,21.451445092142475,31.024640531102698,131.23122469397364
2025-09-07 11:18:00+02:00,12.224000885895636,20.021864311869702,29.011571138690943,119.13881084656084
2025-09-07 11:19:00+02:00,10.443471227107592,16.89650550232942,24.50138754982885,98.85414351851853
2025-09-07 11:20:00+02:00,8.345749688084446,13.352091042194631,19.529517564665102,74.20878769841269
2025-09-07 11:21:00+02:00,6.789073012743407,11.495039196071218,16.464796461985397,57.27404463566828
2025-09-07 11:22:00+02:00,7.6950919324161555,12.454698501730023,17.8882315478297,61.850509334415584
2025-09-07 11:23:00+02:00,8.662804600585956,14.312693422041416,20.58198867590439,75.2551917989418
2025-09-07 11:24:00+02:00,8.09005375202696,13.45519136299768,19.24690695787894,73.36748148148148
2025-09-07 11:25:00+02:00,7.759140506194412,11.603545215904116,16.653106788125882,64.66139814814815
2025-09-07 11:26:00+02:00,8.008877843100645,11.427997531076729,16.377430652686645,62.79188718323587
2025-09-07 11:27:00+02:00,8.263645311115553,12.154642674242828,17.449350307923115,60.4325303030303
2025-09-07 11:28:00+02:00,8.518412779130465,12.96746079136564,18.643235180341936,67.47935515873016
2025-09-07 11:29:00+02:00,8.773938483657327,14.22345504382038,20.464369741127157,72.59673141186299
2025-09-07 11:30:00+02:00,9.09618900123571,15.146203558961632,21.800821631621663,88.17255949566588
2025-09-07 11:31:00+02:00,9.4601425269713,15.711754088531285,22.619930047415565,84.3830950270179
2025-09-07 11:32:00+02:00,9.824096052706892,16.277304618100928,23.44033254818288,84.41535714285713
2025-09-07 11:33:00+02:00,10.207478274007482,16.586000948824363,23.917654882125035,94.211875
2025-09-07 11:34:00+02:00,10.639726608395808,15.582114607236203,22.45527975023103,91.29140105820106
2025-09-07 11:35:00+02:00,11.074329936185949,17.292104507029023,25.111026301727765,101.01038105413106
2025-09-07 11:36:00+02:00,11.523777597385497,18.59166177449632,27.147405314244093,106.71166666666666
2025-09-07 11:37:00+02:00,11.99421724522458,19.151221516644277,28.403109489754574,108.33695370370371
2025-09-07 11:38:00+02:00,12.426654115503068,19.50699811091361,29.5590717801398,114.64765802154194
2025-09-07 11:39:00+02:00,11.932322429593349,19.86277470518295,28.709539148628245,114.30920535714286
2025-09-07 11:40:00+02:00,11.59524604647887,20.218551299452287,27.93435084668608,109.25032051282052
2025-09-07 11:41:00+02:00,12.191398172856482,20.574327893721613,29.24675916133396,112.97533333333332
2025-09-07 11:42:00+02:00,13.578503190853487,21.977675581939277,32.184223785876455,124.21552777777778
2025-09-07 11:43:00+02:00,14.56869094684248,23.75153040434666,34.89503551312673,133.5920833333333
2025-09-07 11:44:00+02:00,14.643552006992834,24.54001127755657,35.04097673857808,137.40578125
2025-09-07 11:45:00+02:00,13.921234032059932,22.885377414184585,33.03535666793501,134.41975801282052
2025-09-07 11:46:00+02:00,12.76970448746044,20.101521633702184,30.56882733413535,114.611579218107
2025-09-07 11:47:00+02:00,13.152473511825884,19.48819360528013,31.454869495801187,114.85581750553972
2025-09-07 11:48:00+02:00,13.542174334149683,21.2710849776594,32.340911657467004,123.92471296296296
2025-09-07 11:49:00+02:00,13.834931695454152,22.809571141779955,33.06072324603371,133.8055603546911
2025-09-07 11:50:00+02:00,13.965092031872665,22.97201710968419,33.38543608114744,135.50831521739136
2025-09-07 11:51:00+02:00,14.092711789777338,23.075021158025063,33.69328494507719,134.50775778495887
2025-09-07 11:52:00+02:00,14.22033154768201,23.178025206365923,34.00113380900695,133.63459459459463
2025-09-07 11:53:00+02:00,14.347951305586678,23.281029254706784,34.30898267293671,131.58005065505066
2025-09-07 11:54:00+02:00,14.47557106349135,23.384033303047648,34.616831536866464,128.4250305250305
2025-09-07 11:55:00+02:00,14.603190821396025,23.48703735138852,34.92468040079622,129.03346153846155
2025-09-07 11:56:00+02:00,14.730810579300694,23.590041399729376,35.23252926472598,130.4624434794596
2025-09-07 11:57:00+02:00,14.85843033720538,23.693045448070244,35.54037812865571,135.56720085470087
2025-09-07 11:58:00+02:00,14.973887273112576,23.795906435232855,35.80160323184117,140.20977243659618
2025-09-07 11:59:00+02:00,14.667465044537938,23.36430045114251,34.97672421302547,139.22330935251804
2025-09-07 12:00:00+02:00,14.149796167403482,22.359579398610947,33.693266081788934,137.52444890241657
2025-09-07 12:01:00+02:00,13.394435871989655,21.35485834607939,31.618710912764374,129.98178872053873
2025-09-07 12:02:00+02:00,12.162967962018858,19.792088788923994,28.70468513567362,118.097375
2025-09-07 12:03:00+02:00,11.027967604690394,17.902996873933116,26.003212778796712,107.44986655011654
2025-09-07 12:04:00+02:00,10.109904557003292,16.361535455928824,23.657062284623954,98.77545347707849
2025-09-07 12:05:00+02:00,9.378859572890356,15.149768027571804,21.850116399436363,91.4276701388889
2025-09-07 12:06:00+02:00,8.943536549418507,15.043858756987754,21.64977853170628,86.24817283950618
2025-09-07 12:07:00+02:00,9.083156406145712,15.254203866231215,21.96266318782937,82.65409572879332
2025-09-07 12:08:00+02:00,9.241025136325897,15.464548975474669,22.275547843952445,81.091875
2025-09-07 12:09:00+02:00,9.398893866506072,15.674894084718122,22.58843250007552,81.75634615384617
2025-09-07 12:10:00+02:00,9.556762596686257,15.88523919396157,22.9013171561986,83.07862393162394
2025-09-07 12:11:00+02:00,9.714631326866431,16.095584303205023,23.214331489963595,87.47900500541125
2025-09-07 12:12:00+02:00,9.872500057046617,16.30592941244848,23.52883654554588,91.7585212010212
2025-09-07 12:13:00+02:00,10.03095751466546,16.51627452169192,23.843341601128152,93.02619658119654
2025-09-07 12:14:00+02:00,10.424905947749933,16.726619630935353,24.17343750561963,94.4332727920228
2025-09-07 12:15:00+02:00,11.006658433768235,16.94486383238553,25.50134774030038,99.73152777777776
2025-09-07 12:16:00+02:00,11.053183792025056,17.173623059175856,26.67217027546533,105.3389701897019
2025-09-07 12:17:00+02:00,10.335968082856642,17.40243357877273,24.77559918232793,100.42530949741317
2025-09-07 12:18:00+02:00,10.271216609036792,17.631244098369613,24.739638393676437,94.42536652191892
2025-09-07 12:19:00+02:00,10.482914505095028,17.860054617966505,25.212674452885548,95.77765313390312
2025-09-07 12:20:00+02:00,10.694612401153268,18.08886513756339,25.685710512094666,100.64466503770667
2025-09-07 12:21:00+02:00,10.906310297211512,18.31767565716028,26.15874657130381,102.7639208633094
2025-09-07 12:22:00+02:00,11.118008193269748,18.54648617675716,26.631782630512948,103.44161870503596
2025-09-07 12:23:00+02:00,11.455439091153526,18.817225006992945,27.269340036101116,107.0359476418865
2025-09-07 12:24:00+02:00,12.618993272631542,20.601607188961754,30.03144477181012,118.66277777777778
2025-09-07 12:25:00+02:00,14.177930345508612,23.126449444919952,33.84236834285844,132.90914814814815
2025-09-07 12:26:00+02:00,15.778274367281895,25.819010296855694,37.52768455893504,146.93282407407406
2025-09-07 12:27:00+02:00,17.40499215586642,28.558984225042053,41.51523027264573,163.1125
2025-09-07 12:28:00+02:00,18.51170952230094,30.45057035549171,44.1535492760209,173.24230589016554
2025-09-07 12:29:00+02:00,18.2329094358015,30.10820253998773,43.45664104565021,172.9929603547209
2025-09-07 12:30:00+02:00,17.761698021999624,29.226319952954288,42.19277023920869,169.25518518518518
2025-09-07 12:31:00+02:00,17.23252804800201,28.228672605549917,40.79044230725264,164.83824255952382
2025-09-07 12:32:00+02:00,16.61062437769122,27.125986220518147,39.28701967282765,158.67579166666667
2025-09-07 12:33:00+02:00,15.79871842037345,25.679959205882728,37.17999400498153,151.21599074074075
2025-09-07 12:34:00+02:00,14.845243976687396,24.11978426648664,35.02519523819453,141.22249421296297
2025-09-07 12:35:00+02:00,14.172531624845204,22.77253488181586,33.22339109981233,135.53791091954022
2025-09-07 12:36:00+02:00,13.570563635096644,21.99557222866429,31.912101640985,131.87918756530826
2025-09-07 12:37:00+02:00,13.047536924611888,21.26449471483036,30.71655160092905,127.34906904186796
2025-09-07 12:38:00+02:00,12.553617886475015,20.571882390449773,29.65251206527926,121.9752629556434
2025-09-07 12:39:00+02:00,12.19514374982252,19.9304737273545,28.733826245025725,117.55858034083992
2025-09-07 12:40:00+02:00,11.85309483443213,19.28931483821672,27.81514042477224,115.23020215633424
2025-09-07 12:41:00+02:00,11.511045919041743,18.76928580114812,27.069135412064504,112.86761796733212
2025-09-07 12:42:00+02:00,11.24608284498477,18.492547360575937,26.66996163834239,109.41399348032242
2025-09-07 12:43:00+02:00,11.066319911348936,18.22250972033098,26.2803404199313,109.1424324324324
2025-09-07 12:44:00+02:00,10.886556977713102,17.952472080086018,25.8907192015202,110.3006274131274
2025-09-07 12:45:00+02:00,10.706794044077276,17.68243443984105,25.50109798310911,112.8252192982456
2025-09-07 12:46:00+02:00,10.527031110441454,17.41239679959607,25.11147676469801,112.4032894736842
2025-09-07 12:47:00+02:00,10.347268176805631,17.14235915935109,24.72185554628692,110.63753106725146
2025-09-07 12:48:00+02:00,10.160342557972577,16.728301444308794,24.182384246275053,102.68178215303216
2025-09-07 12:49:00+02:00,9.352012763854296,15.229428001885276,22.01069634382236,91.73500427350427
2025-09-07 12:50:00+02:00,8.989526813512258,15.104983236313606,21.72938915062444,84.1453302373581
2025-09-07 12:51:00+02:00,9.164190089456287,15.362825628289446,22.1102027123532,82.99184210526316
2025-09-07 12:52:00+02:00,9.33885336540032,15.620668020265285,22.49101627408193,84.1286605263158
2025-09-07 12:53:00+02:00,9.513516641344353,15.878510412241123,22.87182983581069,85.65095277777777
2025-09-07 12:54:00+02:00,9.688179917288386,16.136352804216965,23.252972160443843,86.41489583333338
2025-09-07 12:55:00+02:00,9.862843193232411,16.39419519619281,23.635757918882817,87.24721217105264
2025-09-07 12:56:00+02:00,10.044787138022643,16.652037588168646,24.01854367732176,92.19372132253712
2025-09-07 12:57:00+02:00,10.692693888970233,17.27859460066994,25.09002481281881,100.3568287037037
2025-09-07 12:58:00+02:00,11.654435474048094,18.86572531493404,27.46305727404138,109.4542742165242
2025-09-07 12:59:00+02:00,12.734074926747038,20.727781918495005,30.18885208741999,119.77894444444443
2025-09-07 13:00:00+02:00,13.959849598500004,22.78874111980641,33.100453214766425,130.97046296296296
2025-09-07 13:01:00+02:00,15.143403697766672,24.660617560550108,35.90355462447873,142.17440374440375
2025-09-07 13:02:00+02:00,16.172904906665703,26.37186832112869,38.43617244293665,152.20630662393162
2025-09-07 13:03:00+02:00,16.820584114989764,27.48333318486244,39.99440782946068,159.02759444444445
2025-09-07 13:04:00+02:00,17.344588659412036,28.352149854304088,41.2858956721653,163.33045119047617
2025-09-07 13:05:00+02:00,17.213260293157994,28.616486902798496,41.243640326001874,167.20904761904762
2025-09-07 13:06:00+02:00,16.899119350623415,28.02699202780727,40.45896895058699,168.89435006435005
2025-09-07 13:07:00+02:00,16.58497840808883,27.43049097174376,39.67429757517212,166.6914319126819
2025-09-07 13:08:00+02:00,16.1577943233543,26.5333145866076,38.59922203971852,156.43355820105822
2025-09-07 13:09:00+02:00,14.49371013220952,23.53222379295689,34.51047413434222,137.63006613756613
2025-09-07 13:10:00+02:00,12.07330187048022,19.62132102972168,28.47717444322972,115.3658611111111
2025-09-07 13:11:00+02:00,10.014903464305505,16.10559362303405,23.36729339098836,97.10811805555556
2025-09-07 13:12:00+02:00,8.543093603837189,13.64592550121824,19.87464422843625,83.81099572649573
2025-09-07 13:13:00+02:00,7.694685446884537,12.360988296107935,17.884614652776712,75.26268452380953
2025-09-07 13:14:00+02:00,7.63734195224556,11.59731664883146,16.75701085960588,70.9780856374808
2025-09-07 13:15:00+02:00,7.63734195224556,10.980930760467498,15.797012531236804,68.69819743130228
2025-09-07 13:16:00+02:00,7.63734195224556,11.112786167602842,15.940614548956216,67.72982584712372
2025-09-07 13:17:00+02:00,7.63734195224556,11.347417182519484,16.28447788390336,68.01978723404257
2025-09-07 13:18:00+02:00,7.63734195224556,11.582048197436125,16.628341218850498,68.66078191489362
2025-09-07 13:19:00+02:00,7.63734195224556,11.81667921235277,16.972204553797646,70.21631140350878
2025-09-07 13:20:00+02:00,7.63734195224556,12.051310227269424,17.31606788874479,71.04397129186604
2025-09-07 13:21:00+02:00,7.63734195224556,12.28594124218608,17.65993122369194,71.47459330143543
2025-09-07 13:22:00+02:00,7.637568474706083,12.520572257102728,18.00379455863908,71.90521531100481
2025-09-07 13:23:00+02:00,7.728403981375984,12.75538205143854,18.3480678878951,73.71717271551312
2025-09-07 13:24:00+02:00,7.891500152952863,13.015221382227478,18.728420716332213,76.774227703236
2025-09-07 13:25:00+02:00,8.05459632452974,13.292760068034813,19.131323231757523,77.30339779005526
2025-09-07 13:26:00+02:00,8.217692496106617,13.570298753842142,19.534225747182838,76.78295580110499
2025-09-07 13:27:00+02:00,8.38078866768349,13.847837439649464,19.937128262608137,76.27734612537466
2025-09-07 13:28:00+02:00,8.543884839260365,14.125376125456787,20.340030778033444,76.67338235294118
2025-09-07 13:29:00+02:00,8.706981010837236,14.402914811264118,20.74293329345875,77.9585673374613
2025-09-07 13:30:00+02:00,8.931994634797535,14.68045349707144,21.145835808884065,82.1545562865497
2025-09-07 13:31:00+02:00,9.516528950016427,15.343848050230344,22.171657556238276,87.64916666666666
2025-09-07 13:32:00+02:00,10.202332545948869,16.595526159801807,23.999269876332075,95.0318287037037
2025-09-07 13:33:00+02:00,11.06984868172324,17.99116120786003,26.04058254366204,102.97757326007326
2025-09-07 13:34:00+02:00,11.894195873458882,18.751135984840104,27.941642003989664,110.6873247863248
2025-09-07 13:35:00+02:00,12.439704560614969,18.50049194622373,29.55903257371289,115.66722544893378
2025-09-07 13:36:00+02:00,12.06332584233481,18.23984691955252,29.15646098242016,115.71999999999998
2025-09-07 13:37:00+02:00,11.598655617653526,17.979201892881274,27.67657416133276,113.00793430335098
2025-09-07 13:38:00+02:00,11.199965527816692,17.71855686621004,26.70270612063189,107.27369047619048
2025-09-07 13:39:00+02:00,10.88910613696111,17.457911839538806,25.99602472043688,107.54965354090352
2025-09-07 13:40:00+02:00,10.57867518853958,17.197266812867568,25.28934332024185,112.32449018723212
2025-09-07 13:41:00+02:00,10.268244240118046,16.899374202992973,24.575823067786903,105.16867691798944
2025-09-07 13:42:00+02:00,9.20554738543638,14.990376612638585,21.695885161764192,87.3236011904762
2025-09-07 13:43:00+02:00,8.269521644083158,13.446242507715812,19.52500969474665,78.57497495446265
2025-09-07 13:44:00+02:00,7.718356840290261,12.194715016696843,17.820739477588173,74.37870722446952
2025-09-07 13:45:00+02:00,7.708504526252292,11.121436434609574,16.227062201920262,68.5656173901957
2025-09-07 13:46:00+02:00,7.771760147591607,11.130821741306931,15.896023045990924,66.15801749370364
2025-09-07 13:47:00+02:00,7.835015768930925,11.426133191115827,16.34941987144343,66.12872881355935
2025-09-07 13:48:00+02:00,7.898271390270242,11.721444640924714,16.80281669689593,66.93720697063739
2025-09-07 13:49:00+02:00,7.961527011609561,12.016756090733596,17.25621352234844,68.07133802816901
2025-09-07 13:50:00+02:00,8.024782632948876,12.312067540542476,17.709610347800933,69.96948232323233
2025-09-07 13:51:00+02:00,8.088038254288195,12.607378990351355,18.163007173253423,71.64614583333335
2025-09-07 13:52:00+02:00,8.151293875627518,12.976926665812352,18.759075449906,75.20378228557506
2025-09-07 13:53:00+02:00,8.214549496966841,13.580952117040864,19.64170085407533,78.82907755570612
2025-09-07 13:54:00+02:00,8.595985027997274,14.202178605480068,20.53221872150256,82.30669612794613
2025-09-07 13:55:00+02:00,9.244468841469532,14.84482669696889,21.47854522266782,87.70874722499723
2025-09-07 13:56:00+02:00,9.787723001207215,15.641710330415036,22.692952482324763,93.20475852272727
2025-09-07 13:57:00+02:00,10.240312995123205,16.468584208130668,23.933303948783912,97.97904135338348
2025-09-07 13:58:00+02:00,10.57221367739344,17.153907938933877,24.875488897440757,101.2335012020629
2025-09-07 13:59:00+02:00,10.90352563131418,17.719458468503532,25.69114453224528,103.71013098464316
2025-09-07 14:00:00+02:00,11.23376563210117,18.285008998073184,26.5068001670498,106.83968398268398
2025-09-07 14:01:00+02:00,11.5297031326085,18.83872134050378,27.28958557691328,110.69557990763872
2025-09-07 14:02:00+02:00,11.809561336109738,19.323695822127014,27.96854917873124,112.64682432432431
2025-09-07 14:03:00+02:00,12.089419539610962,19.797595870620164,28.639896508916497,114.04961902286902
2025-09-07 14:04:00+02:00,12.369277743112184,20.271495919113317,29.311243839101756,116.16501025641026
2025-09-07 14:05:00+02:00,12.503619669524436,20.71589291282965,29.92294211659332,120.35097352941176
2025-09-07 14:06:00+02:00,12.310035878525596,20.512379683996777,29.622805733884928,123.23344975490195
2025-09-07 14:07:00+02:00,12.10365999661407,20.044033151696915,29.00819198089841,122.3016271551724
2025-09-07 14:08:00+02:00,11.897284114702543,19.575686619397043,28.393578227911902,119.59891159128227
2025-09-07 14:09:00+02:00,11.690908232791026,19.107340087097175,27.778964474925395,116.97690522243714
2025-09-07 14:10:00+02:00,11.4845323508795,18.995007208319247,27.3361029865485,114.98597222222224
2025-09-07 14:11:00+02:00,11.424430456061389,19.27912264023574,27.70829508848228,112.58746527777778
2025-09-07 14:12:00+02:00,11.662994571840157,19.56323807215224,28.185208492439024,110.16307511737092
2025-09-07 14:13:00+02:00,11.910093453861313,19.847353504068742,28.66212189639577,111.03025070422537
2025-09-07 14:14:00+02:00,12.15719233588247,20.13146893598525,29.139035300352525,114.96445396825398
2025-09-07 14:15:00+02:00,12.404291217903628,20.41558436790177,29.615948704309268,119.63156314699796
2025-09-07 14:16:00+02:00,12.760391695195448,20.699699799818287,30.219144803355366,123.49292132616488
2025-09-07 14:17:00+02:00,13.300766567510893,21.458179486724568,31.555595260984987,127.7593846930847
2025-09-07 14:18:00+02:00,14.014701084822867,22.82469445499829,33.30200098801051,137.40746626984128
2025-09-07 14:19:00+02:00,15.543642246165296,25.43052286152933,37.09109115241583,153.82916666666668
2025-09-07 14:20:00+02:00,17.157312605176337,28.21324063596295,40.92587814135943,169.39437037037038
2025-09-07 14:21:00+02:00,18.767102209669154,30.93644003389801,44.77089667796151,185.5012896825397
2025-09-07 14:22:00+02:00,20.91535520433119,34.461360374339165,49.853738555337806,208.28526455026451
2025-09-07 14:23:00+02:00,22.702065343997067,37.375570279545634,53.97562691478851,225.49219312169316
2025-09-07 14:24:00+02:00,24.260064265402093,39.94793793178589,57.85459448742049,246.6281349206349
2025-09-07 14:25:00+02:00,24.04640375822276,39.587010926711216,57.271697481273165,246.3586177248677
2025-09-07 14:26:00+02:00,23.279181423973665,38.34599345626484,55.5172966284552,234.75494570244567
2025-09-07 14:27:00+02:00,22.681547435737134,37.3299199662816,54.14566635017093,229.30753338675217
2025-09-07 14:28:00+02:00,21.70575324513554,35.576584070371354,51.77221794077876,216.75974702380952
2025-09-07 14:29:00+02:00,19.925660697968013,32.72544220651347,47.63642341078815,197.73787698412696
2025-09-07 14:30:00+02:00,18.177044344360567,29.68552081742276,43.40748091723995,180.4310185185185
2025-09-07 14:31:00+02:00,16.2997366312956,26.39856113570873,38.75352663810106,159.13392857142858
2025-09-07 14:32:00+02:00,14.19605553289458,23.093069056937743,33.71525124422217,138.32937996031748
2025-09-07 14:33:00+02:00,12.844872242470336,21.190097215395305,30.65497832367959,125.7396527777778
2025-09-07 14:34:00+02:00,13.09729776416469,21.769708148086654,31.37670590383257,123.69566666666668
2025-09-07 14:35:00+02:00,13.612167340907474,22.505270800042275,32.48849129140053,131.51849326599327
2025-09-07 14:36:00+02:00,14.34021002957426,23.61554716408046,34.17991062321614,144.83958723146222
2025-09-07 14:37:00+02:00,19.10339490076524,31.734213303169756,46.445797772352144,218.0834084084084
2025-09-07 14:38:00+02:00,39.77172137656646,67.23668569125977,97.1371029206008,510.0570138888889
2025-09-07 14:39:00+02:00,27.56393944907614,45.8938357920488,65.71743154305635,306.8886111111111
2025-09-07 14:40:00+02:00,19.26127520227968,31.822425327057623,46.10093652404418,195.0892748397436
2025-09-07 14:41:00+02:00,19.033555495919256,31.407058247587628,45.4689716684568,183.71258703703705
2025-09-07 14:42:00+02:00,19.35596330536264,31.91509499257924,46.21982100182792,183.06033333333332
2025-09-07 14:43:00+02:00,19.67837111480603,32.423131737570856,46.970670335199074,188.3892720797721
2025-09-07 14:44:00+02:00,20.626403602097888,33.93383544733067,49.328267718898005,205.93645833333332
2025-09-07 14:45:00+02:00,22.50780669772837,37.28248251896719,53.688964268623685,228.1223055555556
2025-09-07 14:46:00+02:00,24.740885851427684,40.92330646865472,58.95911275981855,252.0605238095238
2025-09-07 14:47:00+02:00,25.322814422282768,41.59339189813663,60.48559027248069,255.6673703703704
2025-09-07 14:48:00+02:00,24.308839982019723,39.95556413593981,58.02252990362328,243.52238425925927
2025-09-07 14:49:00+02:00,23.16015411419235,38.17841353202217,55.20181879072203,230.0360515873016
2025-09-07 14:50:00+02:00,21.158900348502424,34.74631704869759,50.384007183758,207.51839285714289
2025-09-07 14:51:00+02:00,18.958768661582607,31.03843154033173,45.91336392692971,183.45834482038427
2025-09-07 14:52:00+02:00,17.81833253145363,29.30887914666509,44.7519533385252,177.66988648705097
2025-09-07 14:53:00+02:00,18.15998385985597,29.96891681554928,43.40622169427891,175.04552579365077
2025-09-07 14:54:00+02:00,18.94361395225309,31.147575607840125,45.22011561015968,188.21016666666665
2025-09-07 14:55:00+02:00,19.589708967209088,32.23071091336044,46.75079442661101,191.9875992063492
2025-09-07 14:56:00+02:00,20.774969313911463,34.16943049532279,49.7304807285154,206.9806904761905
2025-09-07 14:57:00+02:00,22.737136185378247,37.40679355889957,54.32391676344617,225.80704365079364
2025-09-07 14:58:00+02:00,24.68148909419466,40.64151547942821,58.87133367757663,246.64727182539684
2025-09-07 14:59:00+02:00,25.47116459735689,41.89210393180895,60.68830499162883,252.20083364129096
2025-09-07 15:00:00+02:00,26.165678585645463,43.034595814282085,62.33412137757707,257.7653464963221
2025-09-07 15:01:00+02:00,26.82133075469365,44.34721522600381,64.10585243917936,267.41019841269843
2025-09-07 15:02:00+02:00,27.52119695873029,45.207847420112856,65.33248906279736,279.2023611111111
2025-09-07 15:03:00+02:00,28.314961793968223,46.75361951297427,67.427360076797,288.7804401709401
2025-09-07 15:04:00+02:00,28.07834835895413,47.725960551835904,66.86664816163272,284.8947797619048
2025-09-07 15:05:00+02:00,30.688116223305656,51.297247144771134,73.28411570010394,322.36358333333334
2025-09-07 15:06:00+02:00,31.59513151401382,53.29463988532711,75.53386351418314,333.70373015873014
2025-09-07 15:07:00+02:00,34.48528560496181,57.92777310026892,83.03580164469037,366.9766666666667
2025-09-07 15:08:00+02:00,37.21872565490636,61.99834300587713,89.2042326954401,422.769
2025-09-07 15:09:00+02:00,35.34268113701474,58.85039456448224,85.23761697377498,392.0912638888889
2025-09-07 15:10:00+02:00,29.15913487876915,47.11553211090736,68.14550337504832,299.95708333333334
2025-09-07 15:11:00+02:00,26.192874017561767,43.4593448529561,62.96533848774987,269.90744909688016
2025-09-07 15:12:00+02:00,25.33731904441488,42.09281861835665,60.97782529242817,261.9007193090485
2025-09-07 15:13:00+02:00,24.971127399759744,40.944986283218896,59.27635409438552,256.2708978174603
2025-09-07 15:14:00+02:00,25.326462907129784,40.15885451048459,58.17639230842037,251.2493931051587
2025-09-07 15:15:00+02:00,25.70537517802202,41.07179322073293,59.52779115879414,250.7980677083333
2025-09-07 15:16:00+02:00,27.658887212406004,45.52273093304052,65.72031178520817,290.77519841269844
2025-09-07 15:17:00+02:00,29.830220678196685,50.754362548683886,71.7746463548228,320.3688210978836
2025-09-07 15:18:00+02:00,28.913526385143523,47.99849037845685,68.42728555158035,307.8490873015873
2025-09-07 15:19:00+02:00,26.812967795543056,44.36884447248109,65.16062147653886,287.2380092592593
2025-09-07 15:20:00+02:00,25.148379563496537,41.451333964375934,59.39830827272452,260.44462855297155
2025-09-07 15:21:00+02:00,24.45566337479558,40.34083863918913,57.40678083819355,256.5176375430663
2025-09-07 15:22:00+02:00,23.346213852300163,38.570118811102525,55.81931263746385,240.07547875817
2025-09-07 15:23:00+02:00,22.45938956768005,37.012885497532,54.2891460963862,234.840095996732
2025-09-07 15:24:00+02:00,21.69364401554217,35.748864953296675,51.80919238398724,223.27597222222224
2025-09-07 15:25:00+02:00,20.740659252477712,34.193092504049176,48.52898829792843,206.63354956604957
2025-09-07 15:26:00+02:00,21.029331275483816,34.62636756254187,48.73104836273309,203.25808677098152
2025-09-07 15:27:00+02:00,21.45423867752481,35.33164210264788,50.57597619562627,209.3465555555556
2025-09-07 15:28:00+02:00,21.707094898611174,35.78940992834007,52.33351036376943,223.30315277777777
2025-09-07 15:29:00+02:00,19.83309319345162,32.78876009117143,47.4713202276726,200.9269427910053
2025-09-07 15:30:00+02:00,18.580963320996062,30.554698575778666,44.42466538729313,186.36494318181815
2025-09-07 15:31:00+02:00,17.643306154281905,28.9956391203947,42.21091126940391,176.72240740740742
2025-09-07 15:32:00+02:00,16.80461481290951,27.66113285075278,40.15627028017183,167.13802243589743
2025-09-07 15:33:00+02:00,16.250855238933784,26.68829689980444,38.83733241557527,164.69660256410256
2025-09-07 15:34:00+02:00,15.749924735964072,25.91251019233348,37.64785091489132,157.59733333333335
2025-09-07 15:35:00+02:00,15.629466374546135,25.839821488907745,37.36181724024004,153.4895033112583
2025-09-07 15:36:00+02:00,15.629466374546135,25.839821488907745,37.36181724024004,152.09811258278145
2025-09-07 15:37:00+02:00,15.629466374546135,25.839821488907745,37.36181724024004,151.47427152317874
2025-09-07 15:38:00+02:00,15.629466374546135,25.839821488907745,37.36181724024004,150.60182475254575
2025-09-07 15:39:00+02:00,15.629466374546135,25.839821488907745,37.36181724024004,149.6319804951238
2025-09-07 15:40:00+02:00,15.629466374546135,25.839821488907745,37.36181724024004,150.56538461538466
2025-09-07 15:41:00+02:00,15.629466374546135,25.839821488907745,37.36181724024004,151.87453063885266
2025-09-07 15:42:00+02:00,15.629466374546135,25.839821488907745,37.36181724024004,153.41185420590082
2025-09-07 15:43:00+02:00,15.629466374546135,25.839821488907745,37.36181724024004,154.94522852639872
2025-09-07 15:44:00+02:00,15.581821664928388,25.632317955847103,37.235174190806255,153.6719184397163
2025-09-07 15:45:00+02:00,15.35380769747204,25.16462190484211,36.62909673994457,150.25856834795323
2025-09-07 15:46:00+02:00,15.108777762295064,24.69627537254224,35.97778962857082,148.43989473684212
2025-09-07 15:47:00+02:00,14.863747827118086,24.227928840242377,35.32648251719704,147.3001403508772
2025-09-07 15:48:00+02:00,14.61871789194111,24.11841840107227,34.73051522574392,145.63709494324044
2025-09-07 15:49:00+02:00,14.683864739785786,24.950881404071936,35.721842961437794,145.3084477124183
2025-09-07 15:50:00+02:00,15.988706959474191,26.40437689734164,38.26974502937403,162.97119047619046
2025-09-07 15:51:00+02:00,15.384691148241489,25.094982547592288,36.62958792177818,153.91072420634922
2025-09-07 15:52:00+02:00,14.373759352432891,23.520807730067148,34.284808643557575,144.0108611111111
2025-09-07 15:53:00+02:00,13.888268804879448,22.753308460757456,33.10062654725858,139.83436455722642
2025-09-07 15:54:00+02:00,13.442759831830395,21.993709976185794,31.982543154147564,135.48438500765803
2025-09-07 15:55:00+02:00,13.062273907727809,21.295713514503035,30.95355832646237,129.9612832270069
2025-09-07 15:56:00+02:00,12.77523484644682,20.61833095931227,29.98383440508365,126.04486243386242
2025-09-07 15:57:00+02:00,12.48886831263161,19.945925284283945,29.014420750230094,123.22459340659344
2025-09-07 15:58:00+02:00,12.202501778816393,19.330429151982685,28.078360746831777,121.46218137254904
2025-09-07 15:59:00+02:00,11.848256943567725,18.73094559063884,27.164484799982723,119.51429738562092
2025-09-07 16:00:00+02:00,11.222498902585206,18.131462029295022,26.25060885313368,113.5775
2025-09-07 16:01:00+02:00,10.5094177234428,17.029229754006025,24.757944806613555,105.33725694444443
2025-09-07 16:02:00+02:00,9.68139906790656,15.84081662247054,22.89856266791371,97.0481971153846
2025-09-07 16:03:00+02:00,9.43204087480164,15.579707227520744,22.46574707341243,92.64030555555556
2025-09-07 16:04:00+02:00,9.368567880193114,15.36328716927387,22.157308380431413,92.92353174603176
2025-09-07 16:05:00+02:00,9.305094885584586,15.146867111026998,21.8488696874504,93.44527518978607
2025-09-07 16:06:00+02:00,9.24162189097606,14.930447052780124,21.540430994469386,92.565
2025-09-07 16:07:00+02:00,9.178148896367537,14.714026994533256,21.23199230148838,90.68278260869566
2025-09-07 16:08:00+02:00,9.114675901759009,14.49760693628638,20.923553608507376,88.59550825082509
2025-09-07 16:09:00+02:00,9.05120290715048,14.281186878039511,20.615114915526377,87.96868811881187
2025-09-07 16:10:00+02:00,8.987729912541958,14.06476681979266,20.306676222545374,87.50235148514851
2025-09-07 16:11:00+02:00,8.92425691793343,13.82059361378859,19.987470215191216,86.99638809275665
2025-09-07 16:12:00+02:00,8.75537134985619,13.415273098226605,19.44484243459408,85.37054756030703
2025-09-07 16:13:00+02:00,8.24312712657312,12.98398996056917,18.813384310418407,83.74334069293478
2025-09-07 16:14:00+02:00,7.916048475896989,12.552707422185293,18.181926186242748,81.33770172978028
2025-09-07 16:15:00+02:00,7.61200499554998,12.12142523289606,17.55046806206709,78.10667530721966
2025-09-07 16:16:00+02:00,7.307961515202963,11.621227132549055,16.86103678414412,75.26250467237425
2025-09-07 16:17:00+02:00,6.998734949650638,11.010763574509625,15.98849517914124,71.90666337285903
2025-09-07 16:18:00+02:00,6.664611064094254,10.399046999905506,15.102520770221302,68.11088709677419
2025-09-07 16:19:00+02:00,6.327247750284553,9.860419345158585,14.277924106497618,64.40375133652081
2025-09-07 16:20:00+02:00,5.989884436474851,9.615002175117027,13.999589375020667,61.74440019910404
2025-09-07 16:21:00+02:00,5.765410594472612,9.399928766210213,13.85014790845586,60.203232182925525
2025-09-07 16:22:00+02:00,5.700578429773858,9.18485535730339,13.700706441891052,59.65405759162305
2025-09-07 16:23:00+02:00,5.636886562770128,8.969781948396575,13.551264975326244,59.16086387434556
2025-09-07 16:24:00+02:00,5.573194695766399,8.754708539489757,13.40182350876144,58.49387715033657
2025-09-07 16:25:00+02:00,5.50950282876267,8.539635130582939,13.252382042196626,57.00002407704654
2025-09-07 16:26:00+02:00,5.44581096175894,8.324561721676128,13.10294057563182,55.876399212522806
2025-09-07 16:27:00+02:00,5.38211909475521,8.10948831276932,12.953499109067009,54.72532051282051
2025-09-07 16:28:00+02:00,5.3184272277514815,7.899702433116423,12.8040576425022,53.71833165997324
2025-09-07 16:29:00+02:00,5.254735360747755,7.76985155453732,11.978237871537294,53.114457831325325
2025-09-07 16:30:00+02:00,5.1879587232740905,7.666749353360342,11.127822525866929,52.52168674698797
2025-09-07 16:31:00+02:00,5.048910320504598,7.563647152183365,10.97838105930212,51.787387387387376
2025-09-07 16:32:00+02:00,4.879454894531376,7.460544951006388,10.828939592737314,50.92826178588226
2025-09-07 16:33:00+02:00,4.709999468558155,7.357442749829409,10.679498126172502,49.88500000000001
2025-09-07 16:34:00+02:00,4.57184622543832,7.254340548652431,10.530056659607697,48.81450238453815
2025-09-07 16:35:00+02:00,4.558901713732033,7.151238347475452,10.380615193042887,47.85913254310345
2025-09-07 16:36:00+02:00,4.558901713732033,7.048136146298476,10.231173726478078,46.440868226600976
2025-09-07 16:37:00+02:00,4.558901713732033,6.945033945121497,10.081732259913272,44.82973389355743
2025-09-07 16:38:00+02:00,4.558901713732033,6.860977011661932,9.932290793348464,44.87943277310927
2025-09-07 16:39:00+02:00,4.558901713732033,6.853101149072023,9.807548680285334,45.29539915966388
2025-09-07 16:40:00+02:00,4.558901713732033,6.853101149072023,9.794057436776011,45.711365546218495
2025-09-07 16:41:00+02:00,4.558901713732033,6.853101149072023,9.794057436776011,46.30352361634309
2025-09-07 16:42:00+02:00,4.558901713732033,6.853101149072023,9.794057436776011,47.45849156836056
2025-09-07 16:43:00+02:00,4.558901713732033,6.853101149072023,9.794057436776011,47.06542763157893
2025-09-07 16:44:00+02:00,4.632286753761243,6.853101149072023,9.794057436776011,46.44569078947367
2025-09-07 16:45:00+02:00,4.781544462295229,6.853101149072023,9.794057436776011,45.227483060417846
2025-09-07 16:46:00+02:00,4.930802170829217,6.853101149072023,9.794057436776011,43.801558441558434
2025-09-07 16:47:00+02:00,5.080059879363208,6.853101149072023,9.794057436776011,43.57582251082251
2025-09-07 16:48:00+02:00,5.229317587897199,6.907229804689935,9.794057436776011,44.53888311688312
2025-09-07 16:49:00+02:00,5.378575296431192,7.010332005866913,9.860041170270522,46.12987878787879
2025-09-07 16:50:00+02:00,5.527833004965183,7.113434207043891,10.008763127582602,49.147281746031744
2025-09-07 16:51:00+02:00,5.67709071349917,7.21653640822087,10.157691930454224,52.475895536562206
2025-09-07 16:52:00+02:00,5.77155007002113,7.319638609397847,10.306620733325849,54.93265516890517
2025-09-07 16:53:00+02:00,5.7167549237159,7.422740810574824,10.45554953619747,55.34257936507935
2025-09-07 16:54:00+02:00,5.653281929107375,7.525843011751801,10.604478339069086,54.59496031746031
2025-09-07 16:55:00+02:00,5.589808934498849,7.628945212928779,10.753407141940698,53.41281860311155
2025-09-07 16:56:00+02:00,5.526335939890323,7.732047414105758,10.902335944812316,51.945526315789465
2025-09-07 16:57:00+02:00,5.462862945281796,7.83515898104016,11.051264747683934,51.1925065859537
2025-09-07 16:58:00+02:00,5.399389950673272,7.938398218036261,11.2002128085904,51.46883386581468
2025-09-07 16:59:00+02:00,5.335916956064745,8.041677875669654,11.349680836437935,51.769792332268345
2025-09-07 17:00:00+02:00,5.272443961456219,8.144957533303046,11.499379960703722,52.07075079872201
2025-09-07 17:01:00+02:00,5.208970966847691,8.248237190936438,11.64907908496951,52.37170926517569
2025-09-07 17:02:00+02:00,5.20897096684769,8.35151684856983,11.798778209235293,52.84248817396042
2025-09-07 17:03:00+02:00,5.272443961456217,8.454796506203225,11.948477333501078,53.851836240310085
2025-09-07 17:04:00+02:00,5.335916956064742,8.558076163836617,12.098176457766868,54.95172619047619
2025-09-07 17:05:00+02:00,5.399389950673269,8.661355821470007,12.247875582032648,55.91259561803444
2025-09-07 17:06:00+02:00,5.4628629452817945,8.764635479103402,12.397574706298435,56.58634751773048
2025-09-07 17:07:00+02:00,5.526335939890321,9.006873221552633,12.547273830564206,57.27096177131984
2025-09-07 17:08:00+02:00,5.589808934498847,9.689327710347936,13.40693491269048,58.05817073170732
2025-09-07 17:09:00+02:00,5.653281929107373,9.7736080543669,14.004345306751144,58.758541040204925
2025-09-07 17:10:00+02:00,5.716754923715899,9.67068270087634,13.854646182485356,58.55726027397261
2025-09-07 17:11:00+02:00,5.776525326972261,9.56775734738578,13.704947058219572,58.14630136986303
2025-09-07 17:12:00+02:00,5.790277809137444,9.464831993895208,13.555247933953792,57.73534246575344
2025-09-07 17:13:00+02:00,5.790277809137444,9.361906640404635,13.405548809688,57.36190589636689
2025-09-07 17:14:00+02:00,5.790277809137444,9.258981286914068,13.255849685422216,57.09478260869566
2025-09-07 17:15:00+02:00,5.790277809137444,9.156055933423492,13.106150561156433,56.8339130434783
2025-09-07 17:16:00+02:00,5.790277809137444,9.05313057993292,12.956451436890646,56.57304347826092
2025-09-07 17:17:00+02:00,5.790277809137444,8.950205226442353,12.806752312624878,56.31217391304352
2025-09-07 17:18:00+02:00,5.790277809137444,8.863290483494758,12.741178427727052,56.0513043478261
2025-09-07 17:19:00+02:00,5.790277809137444,8.853283851905397,12.88126906689402,56.16010288065843
2025-09-07 17:20:00+02:00,5.790277809137444,8.853283851905397,13.03071053345883,56.62183127572016
2025-09-07 17:21:00+02:00,5.790277809137444,8.853283851905397,13.18015200002364,57.08355967078188
2025-09-07 17:22:00+02:00,5.790277809137444,8.853283851905397,13.329593466588443,57.545288065843614
2025-09-07 17:23:00+02:00,5.790277809137444,8.853283851905397,13.479034933153253,57.93281967213115
2025-09-07 17:24:00+02:00,5.790277809137444,8.853283851905397,13.628476399718062,58.2436393442623
2025-09-07 17:25:00+02:00,5.790277809137444,8.853283851905397,13.777917866282872,58.55445901639344
2025-09-07 17:26:00+02:00,5.790277809137444,8.853283851905397,13.927359332847676,58.86527868852459
2025-09-07 17:27:00+02:00,5.790277809137444,8.853283851905397,14.075970569042685,59.176098360655736
2025-09-07 17:28:00+02:00,5.790277809137444,8.779113107126655,13.867194491431167,58.91486433832264
2025-09-07 17:29:00+02:00,5.790277809137444,8.586269170701918,13.35645630275968,57.47328502415459
2025-09-07 17:30:00+02:00,5.790277809137444,8.392076675281201,12.845718114088193,55.91781481481481
2025-09-07 17:31:00+02:00,5.710563019533751,8.197884179860482,12.334979925416697,54.85319344344344
2025-09-07 17:32:00+02:00,5.503304566564153,8.003691684439763,11.824241736745204,53.67724041184041
2025-09-07 17:33:00+02:00,5.294596753783578,7.833410391258029,11.336602799103924,52.91768571428573
2025-09-07 17:34:00+02:00,5.085888941002999,7.726892304046912,11.113098775416864,52.3794
2025-09-07 17:35:00+02:00,4.877181128222419,7.623790102869934,10.96391408113138,51.77334545454545
2025-09-07 17:36:00+02:00,4.668473315441837,7.520687901692955,10.814729386845892,49.94567687747036
2025-09-07 17:37:00+02:00,4.528700148569336,7.417585700515978,10.665544692560404,48.32868333690298
2025-09-07 17:38:00+02:00,4.465117906121552,7.314483499339002,10.516359998274918,47.78182266009853
2025-09-07 17:39:00+02:00,4.401535663673769,7.211381298162024,10.36717530398943,47.27344827586208
2025-09-07 17:40:00+02:00,4.3379534212259845,7.108279096985048,10.217990609703945,46.73375498475253
2025-09-07 17:41:00+02:00,4.2743711787782015,7.005176895808068,10.068805915418457,45.8911224489796
2025-09-07 17:42:00+02:00,4.2107889363304185,6.9020746946310885,9.919621221132967,45.03774725274726
2025-09-07 17:43:00+02:00,4.147206693882635,6.740590872037644,9.736285707843493,44.33884615384617
2025-09-07 17:44:00+02:00,4.083624451434851,6.526285582448354,9.438676300194516,43.70013083228248
2025-09-07 17:45:00+02:00,4.020042208987067,6.311980292859063,9.131872441275243,43.28854508196722
2025-09-07 17:46:00+02:00,3.9591092266412753,6.097675003269774,8.825068582355971,42.902479508196734
2025-09-07 17:47:00+02:00,3.943213666029328,5.897061440515356,8.518264723436703,42.516413934426254
2025-09-07 17:48:00+02:00,3.943213666029328,5.853009797655336,8.347392018677501,42.09375846400571
2025-09-07 17:49:00+02:00,3.943213666029328,5.853009797655336,8.346965902206781,41.471521739130445
2025-09-07 17:50:00+02:00,3.943213666029328,5.853009797655336,8.346965902206781,40.81322360248448
2025-09-07 17:51:00+02:00,3.943213666029328,5.853009797655336,8.346965902206781,39.989571428571416
2025-09-07 17:52:00+02:00,3.943213666029328,5.853009797655336,8.346965902206781,39.2223182434264
2025-09-07 17:53:00+02:00,3.943213666029328,5.853009797655336,8.346965902206781,39.268814041745735
2025-09-07 17:54:00+02:00,3.943213666029328,5.853009797655336,8.346965902206781,39.45666982922201
2025-09-07 17:55:00+02:00,3.943213666029328,5.853009797655336,8.346965902206781,39.64452561669829
2025-09-07 17:56:00+02:00,3.970671452033221,5.853009797655336,8.346965902206781,39.83238140417456
2025-09-07 17:57:00+02:00,4.090007214280914,5.925226459792644,8.368379250459752,40.02023719165084
2025-09-07 17:58:00+02:00,4.216735457375809,6.179078969123791,8.6816903459506,40.20809297912714
2025-09-07 17:59:00+02:00,4.343463700470705,6.441685013259461,9.087416944427956,40.39594876660342
2025-09-07 18:00:00+02:00,4.470191943565602,6.704291057395136,9.49314354290531,40.5838045540797
2025-09-07 18:01:00+02:00,4.596920186660499,6.966897101530811,9.898870141382666,41.36095577922613
2025-09-07 18:02:00+02:00,4.7236484297553964,7.229503145666484,10.30459673986002,43.88387799564271
2025-09-07 18:03:00+02:00,4.850376672850293,7.492109189802158,10.710323338337377,46.4421875
2025-09-07 18:04:00+02:00,4.977104915945191,7.752891580853556,11.107892655874078,48.52940120967741
2025-09-07 18:05:00+02:00,5.103833159040088,7.797345474851181,11.150082004083558,49.945243137512016
2025-09-07 18:06:00+02:00,5.127690573399163,7.694243273674203,11.00038287981777,49.5498780487805
2025-09-07 18:07:00+02:00,5.002154792748242,7.5911410724972255,10.850683755551984,48.67821895424837
2025-09-07 18:08:00+02:00,4.87520880353119,7.488038871320247,10.7009846312862,47.01863849385908
2025-09-07 18:09:00+02:00,4.7482628143141365,7.384936670143269,10.551285507020417,46.45774725274728
2025-09-07 18:10:00+02:00,4.621316825097087,7.281834468966292,10.40158638275463,45.963241758241765
2025-09-07 18:11:00+02:00,4.494370835880033,7.178732267789314,10.251887258488848,45.31101488627652
2025-09-07 18:12:00+02:00,4.367424846662982,7.075630066612336,10.102188134223072,44.2625303911205
2025-09-07 18:13:00+02:00,4.240478857445931,6.972527865435359,9.952489009957292,43.605170454545465
2025-09-07 18:14:00+02:00,4.113532868228877,6.795887238191619,9.725589974989232,43.09380681818183
2025-09-07 18:15:00+02:00,3.9854086377945386,5.938075039040204,8.905354483480778,42.534570565202586
2025-09-07 18:16:00+02:00,3.797586852351144,5.73834415132911,8.289147327399776,41.4279213483146
2025-09-07 18:17:00+02:00,3.57638156575137,5.634886425320485,8.136139635532466,39.67009852549179
2025-09-07 18:18:00+02:00,3.370537757387692,5.531428699311862,7.986440511266681,36.98270880255255
2025-09-07 18:19:00+02:00,3.327525618326623,5.427970973303236,7.836741387000895,34.459408049353705
2025-09-07 18:20:00+02:00,3.327525618326623,5.324513247294609,7.687042262735107,32.529067321178125
2025-09-07 18:21:00+02:00,3.327525618326623,5.221055521285986,7.537343138469327,31.362894585253454
2025-09-07 18:22:00+02:00,3.327525618326623,5.117597795277368,7.387644014203543,31.081651785714268
2025-09-07 18:23:00+02:00,3.327525618326623,5.014140069268747,7.237944889937765,30.851294642857116
2025-09-07 18:24:00+02:00,3.327525618326623,4.910682343260127,7.088245765671988,30.62093749999998
2025-09-07 18:25:00+02:00,3.327525618326623,4.745427474534918,6.931556766377431,30.39058035714284
2025-09-07 18:26:00+02:00,3.327525618326623,4.502684025600817,6.6111049806943605,30.160223214285704
2025-09-07 18:27:00+02:00,3.327525618326623,4.259746855216199,6.221752998299047,29.929866071428563
2025-09-07 18:28:00+02:00,3.2760753636439457,4.016809684831578,5.832401015903742,29.647894345238097
2025-09-07 18:29:00+02:00,3.07884938736035,3.82145524702456,5.4760013015012445,28.10833333333333
2025-09-07 18:30:00+02:00,2.8730483686296404,3.716216678262466,5.299341230695887,26.127849099099095
2025-09-07 18:31:00+02:00,2.6672473498989318,3.613114477085487,5.149642106430104,24.77929617117117
2025-09-07 18:32:00+02:00,2.461446331168221,3.5100122759085117,4.999942982164321,23.29241883116883
2025-09-07 18:33:00+02:00,2.255645312437512,3.406910074731533,4.85024385789854,22.115547619047614
2025-09-07 18:34:00+02:00,2.08717672248107,3.3038078735545557,4.700544733632757,21.194954545454557
2025-09-07 18:35:00+02:00,2.018261275922677,3.2007056723775777,4.550845609366977,20.349659874608147
2025-09-07 18:36:00+02:00,1.954679033474894,3.098235833942916,4.401146485101194,19.564741379310338
2025-09-07 18:37:00+02:00,1.89109679102711,2.996419809487847,4.251447360835412,18.63765517241379
2025-09-07 18:38:00+02:00,1.8275145485793265,2.892638721068725,4.10174823656963,17.183854166666666
2025-09-07 18:39:00+02:00,1.7639323061315433,2.6159320038132177,3.806161771294832,16.14197916666667
2025-09-07 18:40:00+02:00,1.7003500636837596,2.231146768534966,3.263943121974606,15.319602649006626
2025-09-07 18:41:00+02:00,1.6367678212359766,1.9360415882793405,2.729247350553585,14.667947019867553
2025-09-07 18:42:00+02:00,1.5780798568559988,1.9027255804152372,2.558599763929855,14.035167165135654
2025-09-07 18:43:00+02:00,1.5194079231041406,1.9027255804152372,2.558599763929855,13.528225806451609
2025-09-07 18:44:00+02:00,1.4480237370393805,1.9027255804152372,2.558599763929855,13.044354838709674
2025-09-07 18:45:00+02:00,1.3729380425970987,1.9027255804152372,2.558599763929855,12.57063918757467
2025-09-07 18:46:00+02:00,1.298185148661335,1.9027255804152372,2.558599763929855,12.20456989247312
2025-09-07 18:47:00+02:00,1.2234322547255714,1.9027255804152372,2.305144589176146,11.86693548387097
2025-09-07 18:48:00+02:00,1.1486793607898078,1.9027255804152372,2.157462259835385,11.52930107526882
2025-09-07 18:49:00+02:00,1.073926466854044,1.846785096689384,1.846785096689384,11.191666666666672
2025-09-07 18:50:00+02:00,0.9982069200280376,1.56499223084087,1.56499223084087,10.839042869269951
2025-09-07 18:51:00+02:00,0.9685741515500194,1.3117460322217631,1.3117460322217631,10.446447368421053
2025-09-07 18:52:00+02:00,0.9685741515500194,1.0845825859693627,1.0845825859693627,10.051710526315787
2025-09-07 18:53:00+02:00,0.8850845795163749,0.8850845795163749,0.8850845795163749,9.656973684210524
2025-09-07 18:54:00+02:00,0.7121322670887748,0.7121322670887748,0.7121322670887748,9.247093447088035
2025-09-07 18:55:00+02:00,0.564134416555576,0.564134416555576,0.564134416555576,8.817054794520542
2025-09-07 18:56:00+02:00,0.4392883638380329,0.4392883638380329,0.4392883638380329,8.386917808219176
2025-09-07 18:57:00+02:00,0.3356145286447034,0.3356145286447034,0.3356145286447034,7.950852135374698
2025-09-07 18:58:00+02:00,0.2509997332873557,0.2509997332873557,0.2509997332873557,7.4041176470588255
2025-09-07 18:59:00+02:00,0.1832479526950617,0.1832479526950617,0.1832479526950617,6.81588235294118
2025-09-07 19:00:00+02:00,0.1301365992723378,0.1301365992723378,0.1301365992723378,6.23275246514791
2025-09-07 19:01:00+02:00,0.0894747673446804,0.0894747673446804,0.0894747673446804,5.663236994219653
2025-09-07 19:02:00+02:00,0.0591608169554699,0.0591608169554699,0.0577057910829535,5.094450867052022
2025-09-07 19:03:00+02:00,0.0372347633144405,0.0372347633144405,0.0372347633144405,4.560896955302465
2025-09-07 19:04:00+02:00,0.0003113779626247,0.0003113779626247,0.0003113779626247,4.090346534653462
2025-09-07 19:05:00+02:00,0.0001653447927262,0.0001653447927262,0.0001653447927262,3.621039603960394
2025-09-07 19:06:00+02:00,7.277369325283626e-05,7.277369325283626e-05,7.277369325283626e-05,3.1797691889516053
2025-09-07 19:07:00+02:00,1.7993270105729255e-05,1.7993270105729255e-05,1.7993270105729255e-05,2.925408878504674
2025-09-07 19:08:00+02:00,0.0,0.0,0.0,2.705315420560748
2025-09-07 19:09:00+02:00,0.0,0.0,0.0,2.485221962616824
2025-09-07 19:10:00+02:00,0.0,0.0,0.0,2.265128504672899
2025-09-07 19:11:00+02:00,0.0,0.0,0.0,2.045035046728974
2025-09-07 19:12:00+02:00,0.0,0.0,0.0,1.824941588785048
2025-09-07 19:13:00+02:00,0.0,0.0,0.0,1.611350708991299
2025-09-07 19:14:00+02:00,0.0,0.0,0.0,1.478577586206896
2025-09-07 19:15:00+02:00,0.0,0.0,0.0,1.3699568965517228
2025-09-07 19:16:00+02:00,0.0,0.0,0.0,1.26133620689655
2025-09-07 19:17:00+02:00,0.0,0.0,0.0,1.1527155172413768
2025-09-07 19:18:00+02:00,0.0,0.0,0.0,1.044094827586204
2025-09-07 19:19:00+02:00,0.0,0.0,0.0,0.935474137931032
2025-09-07 19:20:00+02:00,0.0,0.0,0.0,0.8268534482758603
2025-09-07 19:21:00+02:00,0.0,0.0,0.0,0.7182327586206885
2025-09-07 19:22:00+02:00,0.0,0.0,0.0,0.6096120689655168
2025-09-07 19:23:00+02:00,0.0,0.0,0.0,0.5143649212824272
2025-09-07 19:24:00+02:00,0.0,0.0,0.0,0.461358595194085
2025-09-07 19:25:00+02:00,0.0,0.0,0.0,0.4114510166358596
2025-09-07 19:26:00+02:00,0.0,0.0,0.0,0.3615434380776341
2025-09-07 19:27:00+02:00,0.0,0.0,0.0,0.3116358595194086
2025-09-07 19:28:00+02:00,0.0,0.0,0.0,0.2617282809611831
2025-09-07 19:29:00+02:00,0.0,0.0,0.0,0.2118207024029577
2025-09-07 19:30:00+02:00,0.0,0.0,0.0,0.1619131238447322
2025-09-07 19:31:00+02:00,0.0,0.0,0.0,0.1120055452865065
2025-09-07 19:32:00+02:00,0.0,0.0,0.0,0.0729112754158965
2025-09-07 19:33:00+02:00,0.0,0.0,0.0,0.07
2025-09-07 19:34:00+02:00,0.0,0.0,0.0,0.07
2025-09-07 19:35:00+02:00,0.0,0.0,0.0,0.07
2025-09-07 19:36:00+02:00,0.0,0.0,0.0,0.07
2025-09-07 19:37:00+02:00,0.0,0.0,0.0,0.07
2025-09-07 19:38:00+02:00,0.0,0.0,0.0,0.07
2025-09-07 19:39:00+02:00,0.0,0.0,0.0,0.07
2025-09-07 19:40:00+02:00,0.0,0.0,0.0,0.07
2025-09-07 19:41:00+02:00,0.0,0.0,0.0,0.0700114744693057
2025-09-07 19:42:00+02:00,0.0,0.0,0.0,0.0746127366609294
2025-09-07 19:43:00+02:00,0.0,0.0,0.0,0.0828743545611015
2025-09-07 19:44:00+02:00,0.0,0.0,0.0,0.0911359724612737
2025-09-07 19:45:00+02:00,0.0,0.0,0.0,0.0993975903614459
2025-09-07 19:46:00+02:00,0.0,0.0,0.0,0.107659208261618
2025-09-07 19:47:00+02:00,0.0,0.0,0.0,0.1159208261617901
2025-09-07 19:48:00+02:00,0.0,0.0,0.0,0.1241824440619622
2025-09-07 19:49:00+02:00,0.0,0.0,0.0,0.1324440619621342
2025-09-07 19:50:00+02:00,0.0,0.0,0.0,0.1407056798623063
2025-09-07 19:51:00+02:00,0.0,0.0,0.0,0.1483935742971887
2025-09-07 19:52:00+02:00,0.0,0.0,0.0,0.15
2025-09-07 19:53:00+02:00,0.0,0.0,0.0,0.15
2025-09-07 19:54:00+02:00,0.0,0.0,0.0,0.15
2025-09-07 19:55:00+02:00,0.0,0.0,0.0,0.15
2025-09-07 19:56:00+02:00,0.0,0.0,0.0,0.15
2025-09-07 19:57:00+02:00,0.0,0.0,0.0,0.15
2025-09-07 19:58:00+02:00,0.0,0.0,0.0,0.15
2025-09-07 19:59:00+02:00,0.0,0.0,0.0,0.15
2025-09-07 20:00:00+02:00,0.0,0.0,0.0,0.15
2025-09-08 05:00:00+02:00,0.0,0.0,0.0,0.07
2025-09-08 05:01:00+02:00,0.0,0.0,0.0,0.07
2025-09-08 05:02:00+02:00,0.0,0.0,0.0,0.07
2025-09-08 05:03:00+02:00,0.0,0.0,0.0,0.07
2025-09-08 05:04:00+02:00,0.0,0.0,0.0,0.07
2025-09-08 05:05:00+02:00,0.0,0.0,0.0,0.07
2025-09-08 05:06:00+02:00,0.0,0.0,0.0,0.07
2025-09-08 05:07:00+02:00,0.0,0.0,0.0,0.07
2025-09-08 05:08:00+02:00,0.0,0.0,0.0,0.07
2025-09-08 05:09:00+02:00,0.0,0.0,0.0,0.07
2025-09-08 05:10:00+02:00,0.0,0.0,0.0,0.07
2025-09-08 05:11:00+02:00,0.0,0.0,0.0,0.07
2025-09-08 05:12:00+02:00,0.0,0.0,0.0,0.07
2025-09-08 05:13:00+02:00,0.0,0.0,0.0,0.07
2025-09-08 05:14:00+02:00,0.0,0.0,0.0,0.0732816982214572
2025-09-08 05:15:00+02:00,0.0,0.0,0.0,0.0814974182444062
2025-09-08 05:16:00+02:00,0.0,0.0,0.0,0.0897590361445783
2025-09-08 05:17:00+02:00,0.0,0.0,0.0,0.0980206540447505
2025-09-08 05:18:00+02:00,0.0,0.0,0.0,0.1062822719449227
2025-09-08 05:19:00+02:00,0.0,0.0,0.0,0.1145438898450948
2025-09-08 05:20:00+02:00,0.0,0.0,0.0,0.1228055077452669
2025-09-08 05:21:00+02:00,0.0,0.0,0.0,0.1310671256454389
2025-09-08 05:22:00+02:00,0.0,0.0,0.0,0.1393287435456109
2025-09-08 05:23:00+02:00,0.0,0.0,0.0,0.1475685880488078
2025-09-08 05:24:00+02:00,0.0,0.0,0.0,0.1551116838487972
2025-09-08 05:25:00+02:00,0.0,0.0,0.0,0.162328178694158
2025-09-08 05:26:00+02:00,0.0,0.0,0.0,0.1695446735395188
2025-09-08 05:27:00+02:00,0.0,0.0,0.0,0.1767611683848796
2025-09-08 05:28:00+02:00,0.0,0.0,0.0,0.1839776632302404
2025-09-08 05:29:00+02:00,0.0,0.0,0.0,0.1911941580756012
2025-09-08 05:30:00+02:00,0.0,0.0,0.0,0.198410652920962
2025-09-08 05:31:00+02:00,0.0,0.0,0.0,0.2056271477663228
2025-09-08 05:32:00+02:00,0.0,0.0,0.0,0.2128436426116836
2025-09-08 05:33:00+02:00,0.0,0.0,0.0,0.2271176975945017
2025-09-08 05:34:00+02:00,0.0,0.0,0.0,0.2823711340206185
2025-09-08 05:35:00+02:00,0.0,0.0,0.0,0.344226804123711
2025-09-08 05:36:00+02:00,0.0,0.0,0.0,0.4060824742268036
2025-09-08 05:37:00+02:00,0.0,0.0,0.0,0.4679381443298962
2025-09-08 05:38:00+02:00,0.0,0.0,0.0,0.5297938144329889
2025-09-08 05:39:00+02:00,0.0,0.0,0.0,0.5916494845360815
2025-09-08 05:40:00+02:00,0.0,0.0,0.0,0.653505154639174
2025-09-08 05:41:00+02:00,0.0,0.0,0.0,0.7153608247422673
2025-09-08 05:42:00+02:00,0.0,0.0,0.0,0.7772164948453605
2025-09-08 05:43:00+02:00,0.0,0.0,0.0,0.859233436237302
2025-09-08 05:44:00+02:00,0.0,0.0,0.0,0.9817445054945048
2025-09-08 05:45:00+02:00,0.0,0.0,0.0,1.1053708791208785
2025-09-08 05:46:00+02:00,0.0,0.0,0.0,1.2289972527472517
2025-09-08 05:47:00+02:00,0.0,0.0,0.0,1.352623626373625
2025-09-08 05:48:00+02:00,0.0,0.0,0.0,1.4762499999999994
2025-09-08 05:49:00+02:00,0.0,0.0,0.0,1.5976316981987084
2025-09-08 05:50:00+02:00,0.0,0.0,0.0,1.7133676975945014
2025-09-08 05:51:00+02:00,0.0,0.0,0.0,1.828831615120274
2025-09-08 05:52:00+02:00,0.0,0.0,0.0,1.944295532646047
2025-09-08 05:53:00+02:00,0.0,0.0,0.0,2.05975945017182
2025-09-08 05:54:00+02:00,0.0,0.0,0.0,2.1752233676975927
2025-09-08 05:55:00+02:00,0.0,0.0,0.0,2.290687285223365
2025-09-08 05:56:00+02:00,0.0,0.0,0.0,2.4061512027491383
2025-09-08 05:57:00+02:00,0.0,0.0,0.0,2.521615120274911
2025-09-08 05:58:00+02:00,0.0,0.0,0.0,2.637079037800686
2025-09-08 05:59:00+02:00,0.0,0.0,0.0,2.821756756756756
2025-09-08 06:00:00+02:00,0.0,0.0,0.0,3.067191441441441
2025-09-08 06:01:00+02:00,4.135066104918511e-06,4.135066104918511e-06,4.135066104918511e-06,3.3921923076923086
2025-09-08 06:02:00+02:00,4.769113473769465e-05,4.769113473769465e-05,4.769113473769465e-05,3.756807692307694
2025-09-08 06:03:00+02:00,0.0001237993672794,0.0001237993672794,0.0001237993672794,4.121423076923077
2025-09-08 06:04:00+02:00,0.0002466985142033,0.0002466985142033,0.0002466985142033,4.4860384615384605
2025-09-08 06:05:00+02:00,0.0305223260299386,0.0305223260299386,0.0305223260299386,4.84486562203229
2025-09-08 06:06:00+02:00,0.0496166507945966,0.0496166507945966,0.0496166507945966,5.193907407407409
2025-09-08 06:07:00+02:00,0.0763495393163142,0.0763495393163142,0.0763495393163142,5.542796296296298
2025-09-08 06:08:00+02:00,0.1126024001420026,0.1126024001420026,0.1126024001420026,5.891685185185185
2025-09-08 06:09:00+02:00,0.1604156048110791,0.1604156048110791,0.1604156048110791,6.248508309591643
2025-09-08 06:10:00+02:00,0.2219394748310569,0.2219394748310569,0.2219394748310569,6.6960576923076935
2025-09-08 06:11:00+02:00,0.2993788741733553,0.2993788741733553,0.2993788741733553,7.169134615384618
2025-09-08 06:12:00+02:00,0.394935201431431,0.394935201431431,0.394935201431431,7.642211538461541
2025-09-08 06:13:00+02:00,0.5107494275839364,0.5107494275839364,0.5107494275839364,8.211101953601956
2025-09-08 06:14:00+02:00,0.6488494290862785,0.6488494290862785,0.6488494290862785,8.92404761904762
2025-09-08 06:15:00+02:00,0.8111034749314937,0.8111034749314937,0.8111034749314937,9.7252152014652
2025-09-08 06:16:00+02:00,0.9991829294550164,0.9991829294550164,0.9991829294550164,10.710883452133451
2025-09-08 06:17:00+02:00,1.2145331768902976,1.2145331768902976,1.2145331768902976,11.363416988416988
2025-09-08 06:18:00+02:00,1.3866363287642869,1.456427935369759,1.456427935369759,11.745656370656372
2025-09-08 06:19:00+02:00,1.439848080022163,1.7257901872801549,1.7257901872801549,12.127895752895755
2025-09-08 06:20:00+02:00,1.4982399247552072,1.955043201040453,2.023818492741193,12.51013513513514
2025-09-08 06:21:00+02:00,1.5586146004451893,2.0460303673451747,2.350696028887948,13.229222972972975
2025-09-08 06:22:00+02:00,1.619162368668686,2.1370175336498964,2.499104489174413,14.939369824016564
2025-09-08 06:23:00+02:00,1.6833213914686862,2.234054771893537,2.855459180349188,16.479375
2025-09-08 06:24:00+02:00,1.7489364587194187,2.336221886088107,3.1960685347616486,17.5684375
2025-09-08 06:25:00+02:00,1.8145515259701517,2.438389000282676,3.345767659027432,18.55141668936093
2025-09-08 06:26:00+02:00,1.880166593220884,2.540556114477246,3.495466783293213,19.070413943355117
2025-09-08 06:27:00+02:00,1.9457816604716165,2.6427232286718145,3.645165907558995,19.28479302832242
2025-09-08 06:28:00+02:00,2.011396727722349,2.744890342866385,3.794865031824776,19.499172113289728
2025-09-08 06:29:00+02:00,2.0769649002709305,2.8503289179570017,3.94481005609436,19.71355119825705
2025-09-08 06:30:00+02:00,2.1410324423506544,2.984883495022442,4.12918108089622,19.92793028322438
2025-09-08 06:31:00+02:00,2.2043965638981007,3.126308139969581,4.337896206074476,20.142309368191707
2025-09-08 06:32:00+02:00,2.267760685445549,3.2692415687566188,4.546611331252732,20.356688453159038
2025-09-08 06:33:00+02:00,2.3311248069929973,3.412452740797193,4.755326456430988,20.74006291405451
2025-09-08 06:34:00+02:00,2.3944889285404463,3.555663912837768,4.964041581609244,22.698577598955627
2025-09-08 06:35:00+02:00,2.4578530500878943,3.698875084878344,5.172756706787495,25.449880335061824
2025-09-08 06:36:00+02:00,2.5212171716353438,3.838497404152145,5.380730911233081,26.35275229357799
2025-09-08 06:37:00+02:00,2.5845812931827923,3.94852549137994,5.55116513189015,27.58197132616488
2025-09-08 06:38:00+02:00,2.6479454147302404,4.051983217388566,5.700606598454958,25.843958333333333
2025-09-08 06:39:00+02:00,2.716479872584512,4.15544094339719,5.850048065019767,26.70984375
2025-09-08 06:40:00+02:00,2.817106073032857,4.258898669405815,5.999489531584575,29.037450256107167
2025-09-08 06:41:00+02:00,2.9232591847057368,4.362356395414441,6.148930998149383,30.8368646572104
2025-09-08 06:42:00+02:00,3.029412296378618,4.465814121423063,6.298372464714191,27.61265320475233
2025-09-08 06:43:00+02:00,3.1355654080514976,4.569271847431684,6.447813931279001,26.74864173228347
2025-09-08 06:44:00+02:00,3.241718519724378,4.672729573440303,6.597255397843809,26.92580708661418
2025-09-08 06:45:00+02:00,3.3376758256541077,4.776187299448924,6.7466968644086185,27.10297244094489
2025-09-08 06:46:00+02:00,3.403164270235116,4.896653167202796,6.903034583116787,27.280137795275603
2025-09-08 06:47:00+02:00,3.4666372648436425,5.057544183452634,7.105347316114011,27.457303149606314
2025-09-08 06:48:00+02:00,3.5301102594521687,5.2201606633577855,7.316088801730893,27.634468503937025
2025-09-08 06:49:00+02:00,3.593583254060695,5.382777143262939,7.526830287347771,27.811633858267736
2025-09-08 06:50:00+02:00,3.6570562486692206,5.5453936231680885,7.737571772964647,27.98879921259844
2025-09-08 06:51:00+02:00,3.720529243277746,5.708010103073242,7.94831325858152,28.75023255813954
2025-09-08 06:52:00+02:00,3.784002237886273,5.878678240875185,8.1590547441984,29.98834754521964
2025-09-08 06:53:00+02:00,3.847475232494799,6.081553010264305,8.391276625695701,31.155666666666672
2025-09-08 06:54:00+02:00,3.910948227103325,6.28775741261826,8.709420090714701,33.80757726168792
2025-09-08 06:55:00+02:00,4.041390949311651,6.493961814972214,9.036446426210569,37.19473616803279
2025-09-08 06:56:00+02:00,4.241073559377395,6.700166217326169,9.363472761706436,36.98160879629629
2025-09-08 06:57:00+02:00,4.440756169443137,6.906370619680125,9.690499097202302,36.20847222222222
2025-09-08 06:58:00+02:00,4.624467433491364,7.112575022034078,10.017525432698177,36.742885802469125
2025-09-08 06:59:00+02:00,4.785592955696643,7.318779424388036,10.344551768194052,35.86431647940075
2025-09-08 07:00:00+02:00,4.946557151174475,7.524983826741992,10.671578103689928,36.3791573033708
2025-09-08 07:01:00+02:00,5.107521346652306,7.73118822909595,10.9986044391858,38.68306646453838
2025-09-08 07:02:00+02:00,5.26848554213014,7.985053213321064,11.366542211179684,45.115462962962965
2025-09-08 07:03:00+02:00,5.429449737607976,8.306317000192255,11.831718759777536,50.916252641407446
2025-09-08 07:04:00+02:00,5.590413933085805,8.628062207082348,12.301045743962154,53.57267543859649
2025-09-08 07:05:00+02:00,5.752311254334519,8.949807413972438,12.770372728146771,54.51927631578948
2025-09-08 07:06:00+02:00,5.933570935329123,9.27155262086252,13.239699712331394,57.894852421652416
2025-09-08 07:07:00+02:00,6.122528903933536,9.5932978277526,13.709026696516007,56.32527989417989
2025-09-08 07:08:00+02:00,6.311486872537949,9.9107621490489,14.16806288217034,65.4187269345238
2025-09-08 07:09:00+02:00,6.500444841142358,10.21531263550385,14.583485683577251,69.23647429435484
2025-09-08 07:10:00+02:00,6.689402809746771,10.518847948471969,14.994008104731648,71.97611662531018
2025-09-08 07:11:00+02:00,6.878360778351179,10.822383261440091,15.404530525886043,74.07002136752136
2025-09-08 07:12:00+02:00,7.07179337662879,11.125918574408212,15.815052947040442,76.74138888888889
2025-09-08 07:13:00+02:00,7.276480346508698,11.42945388737633,16.225575368194836,79.47480292792793
2025-09-08 07:14:00+02:00,7.481709695742933,11.733006451569963,16.636097789349222,82.61195115285231
2025-09-08 07:15:00+02:00,7.686939044977166,12.038413522506652,17.054827900039456,85.64681498180668
2025-09-08 07:16:00+02:00,7.892168394211401,12.3450540560678,17.515768985485494,87.92835695389266
2025-09-08 07:17:00+02:00,8.097397743445637,12.651694589628942,17.982572706314283,91.0309147930922
2025-09-08 07:18:00+02:00,8.316982420853657,12.958335415871788,18.44937642714308,93.90733253588516
2025-09-08 07:19:00+02:00,8.572672923668481,13.264976623720298,18.91618014797185,96.63200163398692
2025-09-08 07:20:00+02:00,8.830103466261946,13.571617831568798,19.382983868800626,99.50476779755284
2025-09-08 07:21:00+02:00,9.08753400885541,13.944493540312571,19.873976868733276,103.10960381464416
2025-09-08 07:22:00+02:00,9.34496455144888,14.598077371898237,20.66560805181388,106.4748484848485
2025-09-08 07:23:00+02:00,9.619857465848272,15.28320144200547,21.547085128708847,109.61968013468014
2025-09-08 07:24:00+02:00,9.91538772874557,15.955252754986748,22.42871611429978,112.777546875
2025-09-08 07:25:00+02:00,10.210917991642864,16.586013286314103,23.37285701440824,115.4228440860215
2025-09-08 07:26:00+02:00,10.50644825454016,17.213744764161035,24.370287333540634,118.18457978465204
2025-09-08 07:27:00+02:00,10.789240144036718,17.800119448908962,25.3655293376292,121.18461429381738
2025-09-08 07:28:00+02:00,11.04485683694502,18.129796797180187,26.220719178913345,123.61682501418036
2025-09-08 07:29:00+02:00,11.29962430495994,18.415265159724868,26.993065664967176,126.41572984749456
2025-09-08 07:30:00+02:00,11.55439177297485,18.700733522269545,27.76541215102101,129.29579464285715
2025-09-08 07:31:00+02:00,11.80915924098976,18.986201884814225,28.53319856166801,131.30823606271778
2025-09-08 07:32:00+02:00,12.1511513140178,19.271670247358905,29.252648173002257,134.52224426668997
2025-09-08 07:33:00+02:00,12.59622701115228,19.55713860990358,29.959329573197287,141.8057448107448
2025-09-08 07:34:00+02:00,13.04055618636003,19.856892405237215,30.666010973392304,148.93826388888888
2025-09-08 07:35:00+02:00,13.457001512116392,20.24531440408853,31.37134374496098,155.27854166666663
2025-09-08 07:36:00+02:00,13.858689930439311,20.64900703799012,32.04869247253339,165.75535185185186
2025-09-08 07:37:00+02:00,14.259119973007287,21.05269967189168,32.71491501393863,176.56271292547612
2025-09-08 07:38:00+02:00,14.57901396725966,21.45639230579323,33.38113755534385,181.6696197089947
2025-09-08 07:39:00+02:00,14.85126945078964,21.91549373258324,34.04736009674907,185.58033143939392
2025-09-08 07:40:00+02:00,15.123524934319612,22.65955466565672,34.72299665232632,186.2193867924528
2025-09-08 07:41:00+02:00,15.395780417849585,23.44319330793623,35.412787145295084,181.1783968253968
2025-09-08 07:42:00+02:00,15.670188348578398,24.21463926037015,36.10270930279774,172.07749084249085
2025-09-08 07:43:00+02:00,15.952246193000423,24.97347921143829,36.79263146030038,168.70735347985345
2025-09-08 07:44:00+02:00,16.234973041281542,25.72332260638552,37.467399970415,170.84870472120474
2025-09-08 07:45:00+02:00,16.51769988956267,26.370292337863194,38.09430513085287,174.3720448179272
2025-09-08 07:46:00+02:00,16.79947309569682,26.988316627908368,38.7176990803106,177.83911764705883
2025-09-08 07:47:00+02:00,17.066829476432495,27.605110171052427,39.34109302976836,180.54170097771785
2025-09-08 07:48:00+02:00,17.329361549836385,28.11359798125041,39.9634583183384,183.064452887538
2025-09-08 07:49:00+02:00,17.591893623240292,28.55439456881666,40.61934068591143,186.36268562610232
2025-09-08 07:50:00+02:00,17.8544256966442,28.995191156382926,41.30786655682883,189.5210306122449
2025-09-08 07:51:00+02:00,18.11638570369264,29.435987743949184,41.99639242774624,192.089206486358
2025-09-08 07:52:00+02:00,18.376312555991205,29.873008276831754,42.68491829866364,195.43625395738852
2025-09-08 07:53:00+02:00,18.63606160388199,30.29402553034055,43.321753038130765,198.2570324933687
2025-09-08 07:54:00+02:00,18.895810651772777,30.71324466257139,43.84831336383736,203.32147569444444
2025-09-08 07:55:00+02:00,19.15555969966357,31.132463794802245,44.37142761411394,209.4277505967506
2025-09-08 07:56:00+02:00,19.39560523854364,31.551682927033088,44.894541864390526,212.33814397731064
2025-09-08 07:57:00+02:00,19.609422080364016,31.98220647454341,45.41765611466711,213.4660648148148
2025-09-08 07:58:00+02:00,19.823110977320685,32.434139200379,45.92987028206289,214.95177732974912
2025-09-08 07:59:00+02:00,20.036799874277357,32.88657947139039,46.186711079108576,217.9802671370968
2025-09-08 08:00:00+02:00,20.25048877123402,33.3390197424018,46.336108202043526,221.8723387096774
2025-09-08 08:01:00+02:00,20.46272382666146,33.76234032529472,46.48550532497843,225.17693181818183
2025-09-08 08:02:00+02:00,20.62217325118205,33.926495683932934,46.63490244791333,228.8551087801088
2025-09-08 08:03:00+02:00,20.75534169421301,34.02949969752228,46.78429957084822,232.57309218559217
2025-09-08 08:04:00+02:00,20.88851013724397,34.132503711111625,46.93369669378312,235.81099099099097
2025-09-08 08:05:00+02:00,21.021678580274923,34.235507724700966,47.083093816718005,238.8150659962288
2025-09-08 08:06:00+02:00,21.154847023305884,34.33851173829032,47.232490939652905,241.4079150516796
2025-09-08 08:07:00+02:00,21.28801546633684,34.441515751879706,47.38188806258781,244.55823170731708
2025-09-08 08:08:00+02:00,21.42118390936781,34.54451976546909,47.72848938779679,247.4470184665732
2025-09-08 08:09:00+02:00,21.554352352398787,34.647523779058474,48.958465325734124,250.13286956521745
2025-09-08 08:10:00+02:00,21.687520795429773,34.750527792647866,49.58065146682923,253.26424346405227
2025-09-08 08:11:00+02:00,21.84556954256702,34.951641000999004,50.12332139001334,256.2348702614379
2025-09-08 08:12:00+02:00,22.02934199394974,35.430730261175185,50.66599131319744,259.2785569613821
2025-09-08 08:13:00+02:00,22.213114445332454,35.87650156320958,51.208661236381566,262.7049479166667
2025-09-08 08:14:00+02:00,22.396886896715184,36.17384194565415,51.74730164924023,264.83681365576103
2025-09-08 08:15:00+02:00,22.58065934809792,36.46136394042156,52.202329722844695,267.45979166666666
2025-09-08 08:16:00+02:00,22.764431799480672,36.74888593518898,52.62411433626381,268.9700555555555
2025-09-08 08:17:00+02:00,22.95161204331773,37.03640792995643,53.04589894968296,271.1352777777778
2025-09-08 08:18:00+02:00,23.185245879032085,37.3239299247239,53.467683563102106,273.3001707175926
2025-09-08 08:19:00+02:00,23.43358702954928,37.61145191949135,53.889468176521234,276.23441375969
2025-09-08 08:20:00+02:00,23.68192818006647,37.94770220581386,54.31125278994039,278.9394422911284
2025-09-08 08:21:00+02:00,23.93026933058368,38.40651152847181,54.74888492848023,282.19691648384736
2025-09-08 08:22:00+02:00,24.178357541040185,38.87122731071219,55.35450083329943,286.0315873015873
2025-09-08 08:23:00+02:00,24.42399913127306,39.3359430929526,56.004489808456526,290.15559523809526
2025-09-08 08:24:00+02:00,24.66902906645003,39.7956734185253,56.6544787836136,293.38500000000005
2025-09-08 08:25:00+02:00,24.914059001627,40.21708694856615,57.30446775877071,295.93331207483
2025-09-08 08:26:00+02:00,25.159088936803983,40.63052374793864,57.918130737171005,299.0664880952382
2025-09-08 08:27:00+02:00,25.408896158315923,41.04396054731115,58.48042361914762,301.1354797979798
2025-09-08 08:28:00+02:00,25.70491276764959,41.45739734668364,59.04234957186406,304.7967540792541
2025-09-08 08:29:00+02:00,26.01248172393867,41.85979527510597,59.60427552458051,308.9218235930736
2025-09-08 08:30:00+02:00,26.32005068022776,42.21803771972776,60.166201477296994,312.00701340326344
2025-09-08 08:31:00+02:00,26.61700297932469,42.57171521771605,60.69611489651793,314.2589637205608
2025-09-08 08:32:00+02:00,26.819467029411303,42.92539271570433,61.14551194361369,317.3357664416104
2025-09-08 08:33:00+02:00,26.99963609939436,43.27907021369256,61.591028683619065,319.76599989996004
2025-09-08 08:34:00+02:00,27.17980516937743,43.63274771168081,62.036545423624446,322.0136734693878
2025-09-08 08:35:00+02:00,27.35997423936049,43.94725958069722,62.48206216362982,324.82168034655723
2025-09-08 08:36:00+02:00,27.54014330934356,44.215484797292376,62.9275789036352,327.07941750767884
2025-09-08 08:37:00+02:00,27.72031237932665,44.48371001388752,63.375440468587975,329.3767828441649
2025-09-08 08:38:00+02:00,27.914185485596843,44.75193523048265,63.88661230712047,332.68437500000005
2025-09-08 08:39:00+02:00,28.162874737015464,45.02016044707777,64.42592204502174,335.76043831168835
2025-09-08 08:40:00+02:00,28.417231071109217,45.2883856636729,64.96523178292297,338.0826335470086
2025-09-08 08:41:00+02:00,28.67158740520296,45.556610880268,65.50454152082422,340.34585729346367
2025-09-08 08:42:00+02:00,28.925943739296716,45.84433947763272,66.04385125872545,343.1314424651925
2025-09-08 08:43:00+02:00,29.166823938592028,46.24531351172423,66.59246321410265,346.663982275586
2025-09-08 08:44:00+02:00,29.378955050317376,46.66453264395504,67.157709723084,349.0814595976314
2025-09-08 08:45:00+02:00,29.590187753056163,47.08375177618591,67.72328454562326,352.15581232493
2025-09-08 08:46:00+02:00,29.801420455794933,47.50297090841677,68.28885936816256,355.57455982620326
2025-09-08 08:47:00+02:00,30.01265315853369,47.89978248280515,68.85443419070185,358.4942521258503
2025-09-08 08:48:00+02:00,30.223885861272457,48.24023565413512,69.41179347682811,360.8586119832548
2025-09-08 08:49:00+02:00,30.429741818784837,48.57797275784786,69.94587540978416,363.9932948717948
2025-09-08 08:50:00+02:00,30.630038768520805,48.9157098615606,70.47858808667131,365.4998787878788
2025-09-08 08:51:00+02:00,30.83033571825675,49.25344696527337,71.01130076355845,366.8622943722944
2025-09-08 08:52:00+02:00,31.03063266799269,49.59118406898611,71.54401344044562,370.1484457615555
2025-09-08 08:53:00+02:00,31.23092961772863,49.93505956961352,72.07672611733277,372.640987804878
2025-09-08 08:54:00+02:00,31.43122656746457,50.29056044235684,72.60943879421994,375.5633543019481
2025-09-08 08:55:00+02:00,31.63478355870012,50.64633691659432,73.14215147110711,378.21986111111113
2025-09-08 08:56:00+02:00,31.843556616335075,51.00211339083176,73.67486414799428,380.8810289279059
2025-09-08 08:57:00+02:00,32.052388947451824,51.35788986506921,74.20757682488143,383.05898584905657
2025-09-08 08:58:00+02:00,32.26122127856856,51.71455282553816,74.74028950176859,384.6124404761904
2025-09-08 08:59:00+02:00,32.47005360968529,52.099583345414736,75.289284459471,386.8574430641822
2025-09-08 09:00:00+02:00,32.67888594080202,52.49791115876362,75.87098255140674,389.27809369438086
2025-09-08 09:01:00+02:00,32.89377524568663,52.896238972112535,76.45358136525988,391.4114826700898
2025-09-08 09:02:00+02:00,33.114522935035254,53.29456678546143,77.03618017911309,393.98971907665504
2025-09-08 09:03:00+02:00,33.335270624383895,53.69208841256079,77.61877899296631,396.8951388888888
2025-09-08 09:04:00+02:00,33.55601831373251,54.060339277368186,78.16642544455591,398.9075675213675
2025-09-08 09:05:00+02:00,33.776766003081136,54.41401677535647,78.64787640189934,400.4763949820788
2025-09-08 09:06:00+02:00,33.99544041324359,54.76769427334475,79.12775806950843,403.6043995349036
2025-09-08 09:07:00+02:00,34.199187213265674,55.12137177133301,79.60763973711752,406.1019354838709
2025-09-08 09:08:00+02:00,34.400031422427126,55.47504926932124,80.08752140472659,407.4585054706659
2025-09-08 09:09:00+02:00,34.60087563158859,55.826821899156265,80.56740307233568,410.14658408408405
2025-09-08 09:10:00+02:00,34.80171984075004,56.168798064203294,81.0323550880636,412.7425589419207
2025-09-08 09:11:00+02:00,35.002564049911506,56.509413609140886,81.46371538705885,414.9544155844157
2025-09-08 09:12:00+02:00,35.20287080511011,56.85002915407844,81.89383154839737,417.1323376623377
2025-09-08 09:13:00+02:00,35.39703189108132,57.190644699015984,82.32394770973585,418.9658783783784
2025-09-08 09:14:00+02:00,35.58946377734597,57.53126024395353,82.75406387107437,420.47461580766816
2025-09-08 09:15:00+02:00,35.781895663610634,57.88749863688511,83.18418003241294,422.69371471993054
2025-09-08 09:16:00+02:00,35.97432754987526,58.293082366773326,83.6142961937515,425.0796338724169
2025-09-08 09:17:00+02:00,36.1667594361399,58.702286024855326,84.09657537891196,427.69146750524106
2025-09-08 09:18:00+02:00,36.35919132240453,59.11148968293728,84.62604968086369,429.50591168091177
2025-09-08 09:19:00+02:00,36.55602981099617,59.52069334101928,85.15552398281535,431.6725909361956
2025-09-08 09:20:00+02:00,36.757424278264914,60.00131718543541,85.684998284767,434.184286005712
2025-09-08 09:21:00+02:00,36.958818745533655,60.63430409403097,86.21447258671866,436.8705989787903
2025-09-08 09:22:00+02:00,37.16021321280239,61.27205234838216,86.74036590305325,438.6193930348259
2025-09-08 09:23:00+02:00,37.361607680071145,61.79393935056828,87.24784272192866,440.37825
2025-09-08 09:24:00+02:00,37.5630021473399,61.92813677820207,87.75276169393473,443.1189871794872
2025-09-08 09:25:00+02:00,37.74992423504615,62.03114079179142,88.2576806659408,445.6657692307693
2025-09-08 09:26:00+02:00,37.91638033145192,62.13414480538077,88.76259963794693,447.0045408163266
2025-09-08 09:27:00+02:00,38.08269024220552,62.23714881897012,89.26751860995306,449.0546118012423
2025-09-08 09:28:00+02:00,38.24900015295913,62.34015283255948,89.71273432513415,451.2057779600766
2025-09-08 09:29:00+02:00,38.41531006371272,62.443156846148845,90.03058309242174,453.3791760156383
2025-09-08 09:30:00+02:00,38.58161997446633,62.54616085973824,90.34445164258771,455.61673660502606
2025-09-08 09:31:00+02:00,38.747929885219925,62.64916487332763,90.65832019275368,456.70842105263154
2025-09-08 09:32:00+02:00,38.92237315452436,62.75216888691703,90.97218874291964,458.9523287671232
2025-09-08 09:33:00+02:00,39.13864512494734,63.13900273514094,91.2860572930856,460.93297611092544
2025-09-08 09:34:00+02:00,39.36072663719234,63.79323425889288,91.59992584325155,463.032518666003
2025-09-08 09:35:00+02:00,39.58280814943733,64.14101078430987,91.91379439341752,465.25610675039246
2025-09-08 09:36:00+02:00,39.80488966168234,64.45162392373474,92.2276629435834,467.2174317617866
2025-09-08 09:37:00+02:00,40.02697117392733,64.76223706315965,92.55539217943009,469.7501201206289
2025-09-08 09:38:00+02:00,40.21841137284586,65.07285020258459,92.95440494163496,472.522514871117
2025-09-08 09:39:00+02:00,40.38212847875475,65.38346334200956,93.36331819361176,473.7005765819042
2025-09-08 09:40:00+02:00,40.545845584663645,65.69322732436757,93.7722314455886,476.61359649122807
2025-09-08 09:41:00+02:00,40.70956269057253,65.9486452544397,94.18114469756536,478.044887218045
2025-09-08 09:42:00+02:00,40.87327979648141,66.17191652411948,94.59005794954209,478.75766917293225
2025-09-08 09:43:00+02:00,41.03699690239031,66.39518779379922,94.99897120151878,480.41271601436944
2025-09-08 09:44:00+02:00,41.2007140082992,66.61845906347895,95.40788445349553,482.9715891472868
2025-09-08 09:45:00+02:00,41.36360959468022,66.8417303331587,95.81679770547233,484.9728703703704
2025-09-08 09:46:00+02:00,41.52228022348938,67.06500160283842,96.22571095744914,486.97493750000007
2025-09-08 09:47:00+02:00,41.680364052635774,67.28827287251814,96.63462420942597,489.22099775817895
2025-09-08 09:48:00+02:00,41.83844788178223,67.51154414219786,97.04353746140276,491.2037667725989
2025-09-08 09:49:00+02:00,41.99653171092867,67.7359139852984,97.45245071337943,493.11195312500007
2025-09-08 09:50:00+02:00,42.15461554007513,68.00017049413822,97.86136396535616,493.0594627192982
2025-09-08 09:51:00+02:00,42.31269936922157,68.2842858301999,98.26978370133912,495.6915008241324
2025-09-08 09:52:00+02:00,42.47078319836802,68.56840116626155,98.67206973854236,497.528932748538
2025-09-08 09:53:00+02:00,42.64121732666654,68.85251650232321,99.07252271634025,499.2422441520468
2025-09-08 09:54:00+02:00,42.83799875982281,69.13663183838486,99.47297569413809,501.5500614509641
2025-09-08 09:55:00+02:00,43.035603546255885,69.4207471744465,99.87342867193608,503.1374157303371
2025-09-08 09:56:00+02:00,43.23320833268893,69.70480456157595,100.27388164973404,504.44563389513104
2025-09-08 09:57:00+02:00,43.43081311912196,69.98592586947493,100.67433462753203,506.94152777777776
2025-09-08 09:58:00+02:00,43.62841790555497,70.26540529096212,101.07456490986591,509.2420398351648
2025-09-08 09:59:00+02:00,43.81922602627754,70.54488471244939,101.4436178272285,511.2708582621083
2025-09-08 10:00:00+02:00,43.9812292304177,70.82436413393663,101.790623893647,513.1997222222221
2025-09-08 10:01:00+02:00,44.13999592707666,71.10384355542386,102.13762996006552,514.5858618578255
2025-09-08 10:02:00+02:00,44.2987626237356,71.38332297691112,102.48463602648404,515.4220462001093
2025-09-08 10:03:00+02:00,44.457529320394535,71.66280239839836,102.83164209290254,517.0748655985169
2025-09-08 10:04:00+02:00,44.616296017053465,71.97093433200446,103.17864815932106,518.7051245777027
2025-09-08 10:05:00+02:00,44.77506271371241,72.30677935110255,103.52565422573956,521.3408041037361
2025-09-08 10:06:00+02:00,44.93382941037135,72.64262437020065,103.87266029215812,522.9632352941178
2025-09-08 10:07:00+02:00,45.05611813769429,72.97846938929877,104.1679290083125,524.3112001050421
2025-09-08 10:08:00+02:00,45.1200421140796,73.31431440839685,104.32523145709553,526.6111105994072
2025-09-08 10:09:00+02:00,45.183302854658855,73.64983579182164,104.47514285584086,528.4612034428795
2025-09-08 10:10:00+02:00,45.24656359523812,73.85590290592575,104.62505425458625,530.5783402777778
2025-09-08 10:11:00+02:00,45.30982433581738,73.95873024024655,104.77496565333162,531.8425684523809
2025-09-08 10:12:00+02:00,45.37308507639664,74.06155757456737,104.924877052077,531.0333333333333
2025-09-08 10:13:00+02:00,45.43634581697589,74.16438490888817,105.07478845082235,532.3037499999999
2025-09-08 10:14:00+02:00,45.49960655755515,74.26721224320897,105.22469984956774,533.7578260869567
2025-09-08 10:15:00+02:00,45.56286729813442,74.37003957752978,105.37461124831307,535.0885657171415
2025-09-08 10:16:00+02:00,45.63551952520091,74.47286691185053,105.52452264705848,536.5681140911025
2025-09-08 10:17:00+02:00,46.0448015452418,74.57569424617125,105.97993995984532,537.9023456790122
2025-09-08 10:18:00+02:00,46.34523458628349,74.67852158049195,106.69386227682112,539.5895532128515
2025-09-08 10:19:00+02:00,46.48086001165819,74.79720681777746,107.12094810733733,539.0734939759036
2025-09-08 10:20:00+02:00,46.61648543703291,75.11298313476816,107.27060192635972,539.3050633453175
2025-09-08 10:21:00+02:00,46.752110862407605,75.48766023419947,107.42025574538212,541.9523787878787
2025-09-08 10:22:00+02:00,46.88773628778232,75.8300229494889,107.56990956440453,544.9636159844055
2025-09-08 10:23:00+02:00,47.02336171315702,76.07031950023267,107.7195633834269,546.3891666666667
2025-09-08 10:24:00+02:00,47.15898713853172,76.30312857172397,107.86921720244926,547.3578582621083
2025-09-08 10:25:00+02:00,47.294612563906426,76.53593764321526,108.01887102147168,549.0076638795987
2025-09-08 10:26:00+02:00,47.42983475759908,76.76874671470657,108.16852484049411,551.189061054579
2025-09-08 10:27:00+02:00,47.52170954546872,77.00155578619786,108.31817865951663,553.2073442249241
2025-09-08 10:28:00+02:00,47.58475326807002,77.23436485768916,108.48007528509532,555.1446299235744
2025-09-08 10:29:00+02:00,47.64779699067133,77.46717392918046,108.82705433919972,556.8790123456789
2025-09-08 10:30:00+02:00,47.710840713272624,77.69944214626382,109.23596759117656,558.0852554012346
2025-09-08 10:31:00+02:00,47.77388443587392,77.85599074623774,109.64488084315327,559.3454383503401
2025-09-08 10:32:00+02:00,47.83692815847523,77.95899475982708,109.97933106232593,560.5704761904761
2025-09-08 10:33:00+02:00,47.89997188107649,78.06199877341642,110.13679668179046,560.7280253212397
2025-09-08 10:34:00+02:00,47.96301560367773,78.16500278700578,110.2867080805358,562.9217857142858
2025-09-08 10:35:00+02:00,48.026059326279,78.26800680059512,110.43661947928118,564.2134523809524
2025-09-08 10:36:00+02:00,48.09249666707013,78.37101081418444,110.58653087802654,565.1165200138025
2025-09-08 10:37:00+02:00,48.19175955107994,78.47401482777379,110.7364422767719,565.6805434782608
2025-09-08 10:38:00+02:00,48.299228820894406,78.57701884136316,110.88635367551728,566.2414130434782
2025-09-08 10:39:00+02:00,48.40669809070888,78.68002285495258,111.03626507426269,566.8398426177538
2025-09-08 10:40:00+02:00,48.51416736052335,78.78675189062277,111.186176473008,567.5094062500003
2025-09-08 10:41:00+02:00,48.62163663033781,78.929512048965,111.3449768489226,568.2164620535715
2025-09-08 10:42:00+02:00,48.71851900759321,79.08127998797517,112.66818028705872,569.5147567287785
2025-09-08 10:43:00+02:00,48.78376381057335,79.23304792698531,113.02229703745496,568.8992917363436
2025-09-08 10:44:00+02:00,48.84691585572204,79.38481586599544,113.17195085647732,569.756430479243
2025-09-08 10:45:00+02:00,48.91006790087072,79.53658380500558,113.32160467549974,569.2433333333333
2025-09-08 10:46:00+02:00,48.97321994601942,79.68835174401573,113.47125849452212,571.1419135802469
2025-09-08 10:47:00+02:00,49.03637199116811,79.8242036795899,113.62091231354452,571.2017609351432
2025-09-08 10:48:00+02:00,49.09952403631681,79.9280881529438,113.77056613256693,577.0080309106098
2025-09-08 10:49:00+02:00,49.1626760814655,80.03109216653313,113.9202199515893,575.1853766769865
2025-09-08 10:50:00+02:00,49.22582812661422,80.13409618012247,114.0698737706118,575.8193218355718
2025-09-08 10:51:00+02:00,49.288980171762965,80.23710019371181,114.21952758963432,578.2286080586081
2025-09-08 10:52:00+02:00,49.37286170985964,80.34010420730117,114.70485024804222,579.2405586757553
2025-09-08 10:53:00+02:00,49.478175435580425,80.44310822089051,115.5767606183535,580.2984596774194
2025-09-08 10:54:00+02:00,49.583489161301216,80.54611223447984,116.02325354115786,580.2570553618135
2025-09-08 10:55:00+02:00,49.68880288702197,80.64911624806928,116.3422957487442,581.2526757268021
2025-09-08 10:56:00+02:00,49.79411661274271,80.75820894335088,116.66133795633054,581.241846638305
2025-09-08 10:57:00+02:00,49.89878620167693,81.48074296739841,116.98038016391688,584.642027027027
2025-09-08 10:58:00+02:00,49.97628492979806,81.87156794044373,117.29942237150318,585.138380952381
2025-09-08 10:59:00+02:00,50.039436974946746,81.9747492414919,117.61846457908938,586.6207751465365
2025-09-08 11:00:00+02:00,50.10258902009543,82.07793054254013,117.93750678667558,589.7070997712979
2025-09-08 11:01:00+02:00,50.16574106524413,82.18111184358835,118.2565489942618,591.8286021505378
2025-09-08 11:02:00+02:00,50.22889311039281,82.28429314463659,118.56628580412674,592.764165826613
2025-09-08 11:03:00+02:00,50.29204515554151,82.38747444568482,118.6580104388078,592.0224399038461
2025-09-08 11:04:00+02:00,50.3551972006902,82.49065574673303,118.6580104388078,590.3524586707152
2025-09-08 11:05:00+02:00,50.41834924583892,82.59383704778124,118.6580104388078,592.1419576719577
2025-09-08 11:06:00+02:00,50.48150129098766,82.69701834882947,118.6580104388078,594.3013888888889
2025-09-08 11:07:00+02:00,50.56339173203287,83.13241576610704,118.6580104388078,594.7177777777778
2025-09-08 11:08:00+02:00,50.77020481238783,83.68078886993416,118.6580104388078,594.7315195440524
2025-09-08 11:09:00+02:00,50.99992037661623,83.47299567787522,118.6580104388078,596.540013082156
2025-09-08 11:10:00+02:00,51.17534253521884,83.26520248581626,118.6580104388078,598.6068336734694
2025-09-08 11:11:00+02:00,51.24171581103254,83.05740929375732,118.6580104388078,597.832691503268
2025-09-08 11:12:00+02:00,51.30508562185419,82.84961610169839,118.73987544836768,599.0861683006536
2025-09-08 11:13:00+02:00,51.36845543267585,82.64182290963942,119.21498487884924,601.3513055555555
2025-09-08 11:14:00+02:00,51.4318252434975,82.43402971758046,119.74125994030578,598.6370848108747
2025-09-08 11:15:00+02:00,51.49519505431913,82.2262365255215,120.26753500176228,598.4679166666666
2025-09-08 11:16:00+02:00,51.55856486514078,82.01844333346251,120.7938100632188,600.7014460204886
2025-09-08 11:17:00+02:00,51.62193467596241,82.65116949405314,121.32008512467527,598.3367247321237
2025-09-08 11:18:00+02:00,51.685304486784005,84.41847763697437,121.39285505010344,605.0830847193348
2025-09-08 11:19:00+02:00,51.75443919011784,85.21249533113345,121.0253507350357,606.2025000000002
2025-09-08 11:20:00+02:00,52.176941562260176,85.68125001883186,120.65784641996802,607.0434722222222
2025-09-08 11:21:00+02:00,52.21188506740074,85.35388196715022,120.29034210490028,606.7641097308489
2025-09-08 11:22:00+02:00,51.936570533494056,84.98945439323528,119.92283778983256,606.5237681159421
2025-09-08 11:23:00+02:00,51.66125599958736,84.6250268193203,119.55533347476484,605.1384832451499
2025-09-08 11:24:00+02:00,51.38594146568064,84.26059924540532,119.18782915969712,606.7712044817928
2025-09-08 11:25:00+02:00,51.3998182063009,84.10359169897694,118.85266522435536,604.1573198314413
2025-09-08 11:26:00+02:00,52.135449259134624,85.85126167088202,120.74793003515988,607.0928611111111
2025-09-08 11:27:00+02:00,52.24882984860513,86.1352274725563,121.88499401822942,612.9625670498085
2025-09-08 11:28:00+02:00,52.03262696462542,86.38764151848898,122.28544699602728,612.8913348385332
2025-09-08 11:29:00+02:00,51.81642408064573,86.64005556442164,122.68589997382514,612.7272275641025
2025-09-08 11:30:00+02:00,51.60022119666604,86.89246961035433,123.08635295162308,605.6900457875457
2025-09-08 11:31:00+02:00,51.384018312686365,87.14488365628698,123.48680592942108,547.2957383040936
2025-09-08 11:32:00+02:00,51.54767188458768,87.39729770221966,123.88725890721908,607.4668325358851
2025-09-08 11:33:00+02:00,52.77432296938908,87.64971174815233,124.28758928516578,612.2487777777778
2025-09-08 11:34:00+02:00,53.31683205789366,87.83380898962727,124.63887972258156,619.4193518518518
2025-09-08 11:35:00+02:00,52.66836639728,87.93716818947041,124.951060807424,614.1349671717172
2025-09-08 11:36:00+02:00,53.19343054408778,88.04052738931357,125.26324189226648,617.9717234169653
2025-09-08 11:37:00+02:00,53.60301666548084,88.14388658915671,125.57542297710896,622.2279467664258
2025-09-08 11:38:00+02:00,53.68541504819866,88.24724578899986,125.88760406195144,621.7470833333333
2025-09-08 11:39:00+02:00,53.74856709334735,88.35060498884302,126.19978514679389,620.9727546296295
2025-09-08 11:40:00+02:00,53.81171913849602,88.45396418868613,126.5119662316364,623.2749529190207
2025-09-08 11:41:00+02:00,53.87487118364473,88.55732338852927,126.8241473164789,622.1913945243394
2025-09-08 11:42:00+02:00,53.93802322879343,88.66068258837232,127.13632840132136,620.5389621212121
2025-09-08 11:43:00+02:00,54.00117527394211,88.82378252231275,127.4858682124337,626.9471626984126
2025-09-08 11:44:00+02:00,54.06432731909081,89.6865079232825,127.92420267728896,628.2566798642534
2025-09-08 11:45:00+02:00,54.12747936423955,89.78471388666621,128.36632715785274,626.5812803921568
2025-09-08 11:46:00+02:00,54.190631409388295,89.78471388666621,128.80845163841644,570.5515194444444
2025-09-08 11:47:00+02:00,54.658467531003005,89.78471388666621,129.25057611898015,605.339208408206
2025-09-08 11:48:00+02:00,54.66587810238067,89.78471388666621,129.69270059954383,634.8967012578615
2025-09-08 11:49:00+02:00,54.473446216116045,89.78471388666621,130.12248299156718,638.7291505847953
2025-09-08 11:50:00+02:00,54.28101432985139,89.78471388666621,129.79380504157055,637.6433936403508
2025-09-08 11:51:00+02:00,54.08858244358674,89.78471388666621,129.0091336661557,636.610974099099
2025-09-08 11:52:00+02:00,53.89615055732209,89.78471388666621,128.22446229074086,596.3151957726957
2025-09-08 11:53:00+02:00,53.70438999402023,89.78471388666621,127.57238584681964,514.6267361111111
2025-09-08 11:54:00+02:00,53.78033787616597,90.0739383142974,127.93239016766977,628.8132193732193
2025-09-08 11:55:00+02:00,54.06974331141437,90.70497342912913,128.50166155767667,631.9528985507246
2025-09-08 11:56:00+02:00,54.35914874666276,91.33600854396084,129.0709329476836,632.7569261417401
2025-09-08 11:57:00+02:00,54.64855418191114,90.86274660570778,129.64020433769036,633.70029209622
2025-09-08 11:58:00+02:00,54.75182972459096,89.40078550082923,130.13529579491149,637.5638377192982
2025-09-08 11:59:00+02:00,54.49590239201312,88.84570831648654,129.74573904002932,640.0337046783626
2025-09-08 12:00:00+02:00,54.230527010955015,88.29063113214383,129.0957500648723,638.5530426356589
2025-09-08 12:01:00+02:00,53.96515162989691,87.73555394780112,128.44576108971512,638.9345639688692
2025-09-08 12:02:00+02:00,53.66132697487871,87.18047676345842,127.795772114558,643.8222513227513
2025-09-08 12:03:00+02:00,53.222505212695744,88.4261722161837,128.3514295768522,637.3698941798942
2025-09-08 12:04:00+02:00,53.80016549606863,90.03977185287168,127.95590075445472,641.517873015873
2025-09-08 12:05:00+02:00,52.665327831615606,86.68736517604746,121.31137594504564,613.1645363756614
2025-09-08 12:06:00+02:00,52.85550706591143,89.04509156051606,129.12691130103408,631.7806388888889
2025-09-08 12:07:00+02:00,51.26898230577272,90.21002302656122,130.2683004379979,635.9144259259259
2025-09-08 12:08:00+02:00,49.68245754563401,91.02013567398022,130.27114679494792,632.6214444444444
2025-09-08 12:09:00+02:00,48.09593278549534,91.69260288848513,130.27114679494792,634.5781660798121
2025-09-08 12:10:00+02:00,49.40539745069975,91.68221653045286,130.27114679494792,637.062539612676
2025-09-08 12:11:00+02:00,54.71071149773096,91.57885733060972,130.27114679494792,641.1210069444445
2025-09-08 12:12:00+02:00,55.29323846673413,91.47549813076652,130.27114679494792,644.2209696342305
2025-09-08 12:13:00+02:00,55.27209637883418,91.37213893092338,130.27114679494792,644.2255263157895
2025-09-08 12:14:00+02:00,55.03108332784047,91.26877973108026,130.27114679494792,642.8268165204678
2025-09-08 12:15:00+02:00,54.79007027684672,91.16542053123712,130.27114679494792,639.5950609080842
2025-09-08 12:16:00+02:00,54.54905722585296,91.06206133139398,130.26483530779782,639.1907015503875
2025-09-08 12:17:00+02:00,54.307922975767454,90.95870213155092,129.93874180504395,638.9837596899224
2025-09-08 12:18:00+02:00,54.059031983810925,90.85534293170782,129.4338228330379,635.85921875
2025-09-08 12:19:00+02:00,53.80555274052439,90.65077784868502,128.92890386103178,633.7950071225072
2025-09-08 12:20:00+02:00,53.55207349723786,90.2429396726374,128.42398488902575,607.2185650022492
2025-09-08 12:21:00+02:00,53.29859425395133,90.49419340716724,127.91906591701964,636.1821109986505
2025-09-08 12:22:00+02:00,53.09111679926125,89.97729859269731,127.57649649722856,631.4033223684211
2025-09-08 12:23:00+02:00,53.4011333881697,89.9036589975968,128.37219644601515,631.9201937134502
2025-09-08 12:24:00+02:00,53.85489252738631,90.12324997162256,129.38496996544598,629.0472718253968
2025-09-08 12:25:00+02:00,54.17067033358297,90.34284094564826,129.758048663871,633.2198601190477
2025-09-08 12:26:00+02:00,54.04418126634381,90.56243191967395,127.10852796157634,633.9991104868915
2025-09-08 12:27:00+02:00,53.88403098191441,90.78202289369972,124.07241388153965,632.3741839254986
2025-09-08 12:28:00+02:00,53.723880697485,91.00161386772535,121.03629980150292,632.0139352989354
2025-09-08 12:29:00+02:00,53.56373041305558,91.22120484175096,118.0001857214663,631.8095994582044
2025-09-08 12:30:00+02:00,53.40358012862618,91.4407958157766,114.96407164142973,606.3800898692809
2025-09-08 12:31:00+02:00,53.2434298441968,91.66038678980226,111.92795756139311,580.3249037674037
2025-09-08 12:32:00+02:00,53.083279559767455,90.96548979699811,108.89184348135652,573.2699074074075
2025-09-08 12:33:00+02:00,47.25628279210876,79.48803211710923,111.99223590667027,549.7917361111112
2025-09-08 12:34:00+02:00,53.08102457013038,90.00382330153832,127.62708449957668,631.4477916666666
2025-09-08 12:35:00+02:00,52.810454680895,89.09068149521914,126.93048484314916,623.1303472222222
2025-09-08 12:36:00+02:00,53.33777525965649,89.48497220712113,128.20426335726813,629.6588706140351
2025-09-08 12:37:00+02:00,52.76886604139931,89.12164895918774,126.8784201774932,627.6744907407407
2025-09-08 12:38:00+02:00,53.39580967897055,88.75832571125432,128.27176928866982,629.4606958333334
2025-09-08 12:39:00+02:00,52.78696641289666,88.39500246332092,126.8311211096207,626.749988034188
2025-09-08 12:40:00+02:00,53.082618107382935,88.03167921538753,127.5822768488528,626.6997083333334
2025-09-08 12:41:00+02:00,52.85829700840925,88.31623950214521,127.66527940038492,624.5447304894179
2025-09-08 12:42:00+02:00,52.95601728017624,88.53741686789199,127.15798071258892,631.7255456349206
2025-09-08 12:43:00+02:00,53.14301677636894,90.29180375313668,127.76780490185138,632.1019444444445
2025-09-08 12:44:00+02:00,53.07190824236587,89.55472341556876,127.68381800885292,625.6655605413106
2025-09-08 12:45:00+02:00,52.913261040664494,89.10228314455736,127.22983263971412,623.6048528439153
2025-09-08 12:46:00+02:00,53.52561640478312,88.64984287354598,128.6037201221913,629.2526152319903
2025-09-08 12:47:00+02:00,53.327440083164525,88.19740260253461,128.0827855146241,630.9224468183501
2025-09-08 12:48:00+02:00,53.09107680164331,87.74496233152321,127.55967126434749,631.0930674353599
2025-09-08 12:49:00+02:00,52.8547135201221,87.29252206051183,127.03655701407092,630.9207076719575
2025-09-08 12:50:00+02:00,52.618350238600925,86.84008178950043,126.51344276379442,628.2129454926626
2025-09-08 12:51:00+02:00,52.85798579072508,86.387641518489,127.01180556317168,622.52825
2025-09-08 12:52:00+02:00,52.42601498640191,86.46943685452133,127.25085877063071,607.3625833333333
2025-09-08 12:53:00+02:00,53.47573883285531,89.88298984717281,128.89458968376755,632.2301924603174
2025-09-08 12:54:00+02:00,52.94872333272889,88.78830484264124,127.45376605160048,622.264007997936
2025-09-08 12:55:00+02:00,52.88567961012758,88.78557495484937,127.60316317453544,619.1268207282914
2025-09-08 12:56:00+02:00,52.82263588752629,88.78557495484937,127.75256029747042,618.1678409090908
2025-09-08 12:57:00+02:00,52.75959216492499,88.78557495484937,127.90195742040537,614.995462962963
2025-09-08 12:58:00+02:00,52.69654844232369,88.78557495484937,128.05135454334032,618.8961061507937
2025-09-08 12:59:00+02:00,52.6335047197224,88.78557495484937,128.20075166627527,618.4612148148149
2025-09-08 13:00:00+02:00,52.57046099712113,88.78557495484937,128.35014878921012,620.0346555555556
2025-09-08 13:01:00+02:00,52.50741727451988,88.78557495484937,128.49954591214498,617.2872007575758
2025-09-08 13:02:00+02:00,52.444373551918645,88.78557495484937,128.6489430350798,608.9049243348115
2025-09-08 13:03:00+02:00,52.37037321743986,88.76780370902654,128.7513961670161,539.1895128726287
2025-09-08 13:04:00+02:00,52.24002459330524,88.4183025411775,128.04658847100217,618.3746165040233
2025-09-08 13:05:00+02:00,52.101849817829525,87.9444026525687,127.04927714270762,617.3299845916795
2025-09-08 13:06:00+02:00,51.96367504235377,87.47050276395993,126.05196581441312,618.4136111111111
2025-09-08 13:07:00+02:00,51.82277744960249,87.02238215169915,125.0546544861187,616.3758928571428
2025-09-08 13:08:00+02:00,51.389176999732925,88.2138454549764,126.49049663505065,615.2758296783626
2025-09-08 13:09:00+02:00,50.80988614260665,87.29752988198119,125.23130461661964,612.2797514619883
2025-09-08 13:10:00+02:00,51.5234348549352,87.77767164643765,126.65338263712692,610.2786223723724
2025-09-08 13:11:00+02:00,51.77138181315,88.59747158925161,127.3678627059129,618.4878688538769
2025-09-08 13:12:00+02:00,51.77138181315,88.06292729976171,127.3678627059129,618.0053634876111
2025-09-08 13:13:00+02:00,51.77138181315,87.3088601814094,127.3678627059129,615.6494051932367
2025-09-08 13:14:00+02:00,51.77138181315,86.8009121919637,127.3678627059129,611.7964583333334
2025-09-08 13:15:00+02:00,51.77138181315,86.78729709121566,127.3678627059129,501.7915765765766
2025-09-08 13:16:00+02:00,51.77138181315,86.78729709121566,127.3678627059129,478.7416934272983
2025-09-08 13:17:00+02:00,51.77138181315,86.78729709121566,127.3678627059129,614.3064221113541
2025-09-08 13:18:00+02:00,51.77138181315,86.78729709121566,127.3678627059129,614.6720600799227
2025-09-08 13:19:00+02:00,51.77138181315,86.78729709121566,127.3678627059129,614.0750542005419
2025-09-08 13:20:00+02:00,51.7333674171784,86.78729709121566,127.11728163870453,612.1861519607844
2025-09-08 13:21:00+02:00,51.55144137931433,86.78729709121566,125.32901296725232,608.7902093545752
2025-09-08 13:22:00+02:00,51.35593877146039,86.78729709121566,125.01147631737057,606.22765625
2025-09-08 13:23:00+02:00,51.16043616360643,86.78055916007625,125.82169513291528,606.4345238095237
2025-09-08 13:24:00+02:00,50.96493355575243,86.34259363601396,126.63191394845988,606.4262280701754
2025-09-08 13:25:00+02:00,50.76943094789844,85.64954929024505,126.75155296664953,607.0761373260738
2025-09-08 13:26:00+02:00,50.639085819277255,85.07618795473529,123.26064676405808,600.0283842592593
2025-09-08 13:27:00+02:00,51.05897996457991,86.18815008159915,123.77924726676572,601.3295520833334
2025-09-08 13:28:00+02:00,51.58896542356264,86.56562318029808,124.34111421618438,604.7931711386309
2025-09-08 13:29:00+02:00,51.25738223648566,86.18010333522403,124.191460397162,602.8273485909516
2025-09-08 13:30:00+02:00,50.56012655504527,85.79458349014998,124.04180657813956,601.1580098280098
2025-09-08 13:31:00+02:00,50.35701457621177,85.40906364507596,123.89215275911718,600.1138389046941
2025-09-08 13:32:00+02:00,50.19366128609374,85.02354380000196,123.7424989400948,600.6017690058479
2025-09-08 13:33:00+02:00,50.03030799597575,84.62521806924954,123.5928451210724,598.6592156862745
2025-09-08 13:34:00+02:00,49.86695470585775,84.20763873415541,123.44319130205,598.8756512605041
2025-09-08 13:35:00+02:00,49.70360141573978,83.78988029576504,123.29353748302754,595.3962678571428
2025-09-08 13:36:00+02:00,49.54024812562184,83.37212185737472,123.14388366400505,593.5616666666667
2025-09-08 13:37:00+02:00,49.39948395384033,82.95668429919775,122.38049802151686,590.4119781144781
2025-09-08 13:38:00+02:00,49.86087613045822,82.79074136394826,121.44780704841747,590.7480887012199
2025-09-08 13:39:00+02:00,50.42142194654088,82.79074136394826,121.2981532293951,590.3382971972502
2025-09-08 13:40:00+02:00,50.07779255530914,82.79074136394826,121.14849941037268,589.5979306147292
2025-09-08 13:41:00+02:00,49.59734170202096,82.79074136394826,120.99884559135032,586.40143081761
2025-09-08 13:42:00+02:00,49.32241704708383,82.79074136394826,120.84919177232791,585.7452132435466
2025-09-08 13:43:00+02:00,49.32108246138024,82.79074136394826,120.69953795330552,585.42675
2025-09-08 13:44:00+02:00,49.32108246138024,82.79074136394826,120.54988413428312,582.1306707070706
2025-09-08 13:45:00+02:00,49.32108246138024,82.79074136394826,120.40023031526069,581.4061282593376
2025-09-08 13:46:00+02:00,49.32108246138024,82.79074136394826,120.25057649623815,581.2299793281653
2025-09-08 13:47:00+02:00,49.32108246138024,82.73055227167015,119.84769891359994,579.8853080553081
2025-09-08 13:48:00+02:00,49.32108246138024,82.13468025811673,118.61662208519756,579.1879552767052
2025-09-08 13:49:00+02:00,49.32108246138024,81.41241115077928,118.20360988285576,577.8254029304029
2025-09-08 13:50:00+02:00,49.32108246138024,81.29899601807476,117.83764970356556,575.2120055555555
2025-09-08 13:51:00+02:00,49.311920017223,82.43732045551735,117.47168952427543,578.1326923076923
2025-09-08 13:52:00+02:00,49.08809459566707,81.21583846882102,117.10572934498536,574.303766025641
2025-09-08 13:53:00+02:00,48.77395365313247,80.42286332634976,116.73976916569524,576.1425138888889
2025-09-08 13:54:00+02:00,48.45981271059791,79.93547848156105,116.37380898640517,574.3459404761905
2025-09-08 13:55:00+02:00,48.10605038792384,79.44809363677234,116.00784880711504,569.7628611111111
2025-09-08 13:56:00+02:00,47.28727493972254,78.97556547913841,114.48008098163751,562.8124145299145
2025-09-08 13:57:00+02:00,47.69113186919424,79.040510747295,114.8035187995494,558.4543612637362
2025-09-08 13:58:00+02:00,47.48157532236315,79.37263449194324,113.8580503826872,560.3344417989418
2025-09-08 13:59:00+02:00,47.55353809005109,79.7047582365915,114.60830638117308,559.6880555555556
2025-09-08 14:00:00+02:00,47.203094949801496,80.03688198123974,113.70923074158898,556.2337152777778
2025-09-08 14:01:00+02:00,47.68354580308968,80.369005725888,114.84038038666756,555.5154090608465
2025-09-08 14:02:00+02:00,48.0236564768285,80.68638625489179,115.58800790296436,563.1172851307189
2025-09-08 14:03:00+02:00,47.81303458760927,80.36741544644772,115.07490806836138,563.5415535714286
2025-09-08 14:04:00+02:00,47.54572920377984,79.70500289496691,114.46153819039624,559.3537909244102
2025-09-08 14:05:00+02:00,47.278423819950405,79.04647635193865,113.84816831243114,557.2636691542288
2025-09-08 14:06:00+02:00,47.01111843612095,78.72991855273037,113.234798434466,556.9585669191919
2025-09-08 14:07:00+02:00,46.840682449470215,78.62709121840955,112.79854232901364,554.5990853658535
2025-09-08 14:08:00+02:00,46.77731263864856,78.52426388408875,112.6456682595819,556.5197532369767
2025-09-08 14:09:00+02:00,46.71394282782692,78.42143654976795,112.49601444055952,552.9969232503607
2025-09-08 14:10:00+02:00,46.65057301700528,78.31860921544714,112.3463606215371,551.2290404040405
2025-09-08 14:11:00+02:00,46.58720320618363,78.21578188112633,112.19670680251473,548.3747252726303
2025-09-08 14:12:00+02:00,46.52383339536198,78.1129545468056,112.0470529834923,549.82695035461
2025-09-08 14:13:00+02:00,46.46046358454034,78.01012721248486,111.89739916446992,551.2500000000001
2025-09-08 14:14:00+02:00,46.39709377371872,77.90729987816414,111.7477453454475,550.248209090909
2025-09-08 14:15:00+02:00,46.33372396289712,77.74267959176332,111.598091526425,546.1732833333333
2025-09-08 14:16:00+02:00,46.105364296244254,77.0416029439905,111.43409068676635,544.1725087719298
2025-09-08 14:17:00+02:00,45.511391592665184,76.57528572465102,110.66490643118318,542.799709176788
2025-09-08 14:18:00+02:00,45.32623043258184,76.27097945100117,109.76775855205864,538.6104517168991
2025-09-08 14:19:00+02:00,45.141069272498505,75.96667317735132,109.21320732526443,537.919074074074
2025-09-08 14:20:00+02:00,44.95590811241515,75.66236690370157,108.66541787450316,537.8450221483943
2025-09-08 14:21:00+02:00,44.770746952331805,75.35806063005181,108.11762842374188,535.3047265288544
2025-09-08 14:22:00+02:00,44.58558579224844,75.05375435640202,107.56983897298052,531.6861754241926
2025-09-08 14:23:00+02:00,44.42292220084811,74.8153811087097,107.10193548378858,528.4217432249322
2025-09-08 14:24:00+02:00,44.35024888418008,74.79762990941347,107.04487408266762,527.8869028261712
2025-09-08 14:25:00+02:00,44.28687907335844,74.79762990941347,107.04487408266762,527.8206429912391
2025-09-08 14:26:00+02:00,44.22350926253679,74.79762990941347,107.04487408266762,526.2629078014185
2025-09-08 14:27:00+02:00,44.16013945171514,74.79762990941347,107.04487408266762,523.9790873015874
2025-09-08 14:28:00+02:00,44.0967696408935,74.79762990941347,107.04487408266762,524.2453333333333
2025-09-08 14:29:00+02:00,44.03339983007186,74.79762990941347,107.04487408266762,525.2596964285714
2025-09-08 14:30:00+02:00,43.97003001925022,74.79762990941347,107.04487408266762,526.1617922008546
2025-09-08 14:31:00+02:00,43.90666020842862,74.79762990941347,107.04487408266762,524.1232147435898
2025-09-08 14:32:00+02:00,43.84329039760703,74.79762990941347,107.04487408266762,520.2174687500001
2025-09-08 14:33:00+02:00,43.67875660726541,74.38826048596074,106.7167103226038,518.8525312500001
2025-09-08 14:34:00+02:00,43.38737143194574,73.5556447094467,105.80171254454356,516.699178592725
2025-09-08 14:35:00+02:00,43.12745719972965,72.82252101635972,104.87513251612816,513.9012967473287
2025-09-08 14:36:00+02:00,42.9243875190198,72.51105424827314,104.09849156360544,511.679375
2025-09-08 14:37:00+02:00,42.72243977024758,72.24696466277092,103.74667799277894,511.853717948718
2025-09-08 14:38:00+02:00,42.52049202147536,71.98287507726867,103.41985426793448,509.1290116077616
2025-09-08 14:39:00+02:00,42.31854427270315,71.71878549176643,103.09303054309,506.3605612169546
2025-09-08 14:40:00+02:00,42.11659652393088,71.45469590626419,102.76620681824552,504.25620023419214
2025-09-08 14:41:00+02:00,41.92309907102924,71.19060632076194,102.43938309340103,502.81056122448985
2025-09-08 14:42:00+02:00,41.74861478383653,70.93287815246376,102.11255936855656,501.49291520056295
2025-09-08 14:43:00+02:00,41.57483468796636,71.53781299045548,101.78573564371206,500.6009701149425
2025-09-08 14:44:00+02:00,41.401054592096166,72.56936377184758,101.4589119188676,500.954262585034
2025-09-08 14:45:00+02:00,41.227274496225945,72.12685468782608,100.97263519331096,498.4941081081081
2025-09-08 14:46:00+02:00,41.05349440035573,71.35828627873622,100.18437400926284,495.70748427672953
2025-09-08 14:47:00+02:00,40.879714304485525,70.24935185990655,99.38895371089704,492.81143649193547
2025-09-08 14:48:00+02:00,40.71751954833999,69.19096353418337,98.60076636256424,487.8387141203704
2025-09-08 14:49:00+02:00,40.58621903146026,70.07811999570944,98.11767799743696,485.3047313596491
2025-09-08 14:50:00+02:00,40.45657356311263,70.5125500902985,97.7956871557695,485.9302604166667
2025-09-08 14:51:00+02:00,40.326928094765,69.45937333084915,97.47369631410204,484.3822530241935
2025-09-08 14:52:00+02:00,40.19728262641736,68.16485404022137,97.15170547243456,480.3695731707317
2025-09-08 14:53:00+02:00,40.06763715806977,67.42178951464886,96.82971463076709,477.3756456551578
2025-09-08 14:54:00+02:00,39.93799168972218,68.66599813492385,96.5077237890996,477.5698265895953
2025-09-08 14:55:00+02:00,39.808346221374606,68.4251057303456,96.18573294743216,477.0010404624277
2025-09-08 14:56:00+02:00,39.678700753027016,68.10366693190588,95.8637421057647,476.42829363229527
2025-09-08 14:57:00+02:00,39.54686689569967,67.78222813346615,95.5390968150574,475.2955197132617
2025-09-08 14:58:00+02:00,39.3741831107497,67.46078933502643,95.0799594396658,472.0452189265537
2025-09-08 14:59:00+02:00,39.18618060294128,67.1393505365867,94.54561267481266,470.5308474576271
2025-09-08 15:00:00+02:00,38.99817809513286,66.8161146168045,94.0112659099596,469.2793785310735
2025-09-08 15:01:00+02:00,38.81017558732444,66.47993942335631,93.47691914510656,466.2029166666666
2025-09-08 15:02:00+02:00,38.62217307951602,66.14124826002858,92.94257238025352,463.4574074074074
2025-09-08 15:03:00+02:00,38.43417057170759,65.80255709670081,92.44951604723003,462.04493464052285
2025-09-08 15:04:00+02:00,38.26213980848146,65.46386593337304,92.06656753241867,460.418256302521
2025-09-08 15:05:00+02:00,38.12807087295814,65.12517477004528,91.68951765072585,458.9529723502304
2025-09-08 15:06:00+02:00,37.99562225934896,64.79334434499731,91.31246776903296,456.31081950844856
2025-09-08 15:07:00+02:00,37.86317364573977,64.49446996632915,90.93541788734012,454.072465437788
2025-09-08 15:08:00+02:00,37.730725032130586,64.19988354908584,90.55836800564724,451.9895604048072
2025-09-08 15:09:00+02:00,37.59827641852141,63.90529713184254,90.1813181239544,451.0433823529413
2025-09-08 15:10:00+02:00,37.46582780491222,63.61071071459925,89.80426824226151,450.10220588235296
2025-09-08 15:11:00+02:00,37.33337919130305,63.31612429735594,89.32532217532751,447.9497140522876
2025-09-08 15:12:00+02:00,37.2009305776939,63.021537880112646,88.75418432174685,445.8428070175439
2025-09-08 15:13:00+02:00,37.06047110051691,62.71015486890373,88.18304646816618,443.4427717391304
2025-09-08 15:14:00+02:00,36.87349693165572,62.36097952127214,87.61190861458554,440.9139891304348
2025-09-08 15:15:00+02:00,36.67902872913434,62.01040445747673,87.0407707610049,438.8126149425288
2025-09-08 15:16:00+02:00,36.48456052661293,61.65982939368135,86.44202791116778,436.3019977335276
2025-09-08 15:17:00+02:00,36.29009232409153,61.30925432988595,85.80867064596218,434.6930738911079
2025-09-08 15:18:00+02:00,36.0956241215701,60.95758447508737,85.17522684471821,433.0417297441365
2025-09-08 15:19:00+02:00,35.88874027439846,60.381482464627474,84.54178304347418,429.5876964285714
2025-09-08 15:20:00+02:00,35.28455579841963,59.63678263967081,82.76702375226442,427.5181004140787
2025-09-08 15:21:00+02:00,33.602103663525284,58.58261866523219,76.31365040346043,426.0941739130433
2025-09-08 15:22:00+02:00,32.75915056237554,55.72172310556044,79.96476351888863,419.2598526570048
2025-09-08 15:23:00+02:00,34.18789280740553,57.6896795938382,83.40296027217076,387.5810682720057
2025-09-08 15:24:00+02:00,34.38619969858867,58.47578890355596,82.65852845446945,395.8853013468013
2025-09-08 15:25:00+02:00,34.155039382383976,58.01286739074508,81.91409663676815,415.6138271604938
2025-09-08 15:26:00+02:00,33.923879066179296,57.54994587793418,81.17345765206213,412.3886111111111
2025-09-08 15:27:00+02:00,33.6927187499746,57.0870243651233,80.62498887244878,408.5928713768116
2025-09-08 15:28:00+02:00,33.4628292804157,56.71137374757343,80.1839836943675,405.3519810606061
2025-09-08 15:29:00+02:00,33.273606903522456,56.45913651726145,79.74297851628623,405.45483931419454
2025-09-08 15:30:00+02:00,33.10344722631623,56.207780811144005,79.30197333820496,405.7250416666666
2025-09-08 15:31:00+02:00,32.93328754910999,55.95642510502657,78.86096816012369,403.10763496677737
2025-09-08 15:32:00+02:00,32.76312787190376,55.70506939890912,78.41996298204239,400.8648262065517
2025-09-08 15:33:00+02:00,32.59296819469752,55.453713692791695,77.98870821998115,397.3428487641391
2025-09-08 15:34:00+02:00,32.42280851749128,55.20235798667424,77.6013712981445,395.0730519480519
2025-09-08 15:35:00+02:00,32.25264884028505,54.95100228055677,77.21936023379777,393.4731701321728
2025-09-08 15:36:00+02:00,32.05677359023975,54.646284888874256,76.83734916945106,390.46868697478993
2025-09-08 15:37:00+02:00,31.836025900891126,54.27850368697852,76.45533810510433,387.71375
2025-09-08 15:38:00+02:00,31.61527821154249,53.91072248508274,76.07332704075759,384.9222924128948
2025-09-08 15:39:00+02:00,31.394530522193875,53.54294128318694,75.69131597641088,383.3986746987952
2025-09-08 15:40:00+02:00,31.173782832845244,53.17516008129116,75.30930491206418,381.830162037037
2025-09-08 15:41:00+02:00,30.95571885766863,52.808590134850725,74.85098088976974,379.18694517543855
2025-09-08 15:42:00+02:00,30.7569776245305,52.44862703634852,74.30831096658564,377.0436842105264
2025-09-08 15:43:00+02:00,30.561993591233172,52.08965496503708,73.76564104340153,376.0392143962849
2025-09-08 15:44:00+02:00,30.367009557935862,51.73068289372564,73.22297112021744,373.5304800221976
2025-09-08 15:45:00+02:00,30.17202552463854,51.37171082241419,72.6803011970333,371.2893923418424
2025-09-08 15:46:00+02:00,29.9770414913412,51.012738751102766,72.15330520620164,368.7594741532977
2025-09-08 15:47:00+02:00,29.781818461377764,50.67846694211969,71.68564624499024,365.505
2025-09-08 15:48:00+02:00,29.576514117499176,50.37338635225192,71.22358511676185,362.1479693280821
2025-09-08 15:49:00+02:00,29.36588666605765,50.068305762384185,70.7615239885335,359.45399301825995
2025-09-08 15:50:00+02:00,29.155259214616127,49.76322517251644,70.29946286030511,357.5948684210526
2025-09-08 15:51:00+02:00,28.944631763174595,49.45814458264868,69.83740173207671,356.29959821428565
2025-09-08 15:52:00+02:00,28.734004311733063,49.15306399278094,69.37023898255869,354.3915625
2025-09-08 15:53:00+02:00,28.52393139685098,48.83859358220303,68.83967036844156,352.25760571796286
2025-09-08 15:54:00+02:00,28.320199486974527,48.44055376730413,68.29015287524885,349.23699706227967
2025-09-08 15:55:00+02:00,28.1182517382023,48.02279532891381,67.7406353820561,346.95209010487633
2025-09-08 15:56:00+02:00,27.91630398943008,47.605036890523486,67.19111788886332,346.9408461538462
2025-09-08 15:57:00+02:00,27.714356240657835,47.18727845213317,66.64168400671235,343.76893065998325
2025-09-08 15:58:00+02:00,27.51240849188559,46.7831762074616,66.12569454128193,339.4716129032258
2025-09-08 15:59:00+02:00,27.308203197141303,46.43077241043944,65.63637699818615,338.5040438596492
2025-09-08 16:00:00+02:00,27.0656196208722,46.08324582545969,65.14705945509037,334.720457126343
2025-09-08 16:01:00+02:00,26.80949076877083,45.73571924047992,64.65774191199462,334.08191860465115
2025-09-08 16:02:00+02:00,26.553361916669463,45.38819265550013,64.16842436889881,333.7315074750831
2025-09-08 16:03:00+02:00,26.297233064568104,45.04066607052034,63.679235400232464,330.20196428571427
2025-09-08 16:04:00+02:00,26.05195119937268,44.70964724334021,63.20136098136149,325.7328442229605
2025-09-08 16:05:00+02:00,25.869651838792315,44.40504082863953,62.73055815611259,323.837532481712
2025-09-08 16:06:00+02:00,25.697499659511045,44.100734554989714,62.25975533086368,323.13563380281687
2025-09-08 16:07:00+02:00,25.525347480229797,43.79642828133989,61.78895250561473,322.3532562539415
2025-09-08 16:08:00+02:00,25.353195300948556,43.4921220076901,61.3181496803658,320.83790588980554
2025-09-08 16:09:00+02:00,25.18104312166732,43.18781573404029,60.84734685511684,317.38240702851186
2025-09-08 16:10:00+02:00,25.00889094238608,42.87955654268619,60.36290247291026,314.8560538720539
2025-09-08 16:11:00+02:00,24.83153872337573,42.51153853662626,59.86233625066279,311.3996816134316
2025-09-08 16:12:00+02:00,24.60388793825839,42.12352341747411,59.36177002841535,308.38929846513184
2025-09-08 16:13:00+02:00,24.363662511614297,41.73550829832194,58.86120380616795,307.320925925926
2025-09-08 16:14:00+02:00,24.1234370849702,41.34749317916977,58.360637583920536,305.77479272556684
2025-09-08 16:15:00+02:00,23.883211658326108,40.95828506998389,57.85988624102884,303.4979143126177
2025-09-08 16:16:00+02:00,23.64379780406933,40.50863213242471,57.3497554521581,298.732963633041
2025-09-08 16:17:00+02:00,23.41818068039684,40.025177810577866,56.83437957836486,296.9311979166667
2025-09-08 16:18:00+02:00,23.197432991048213,39.54172348873101,56.31900370457164,294.1925505050505
2025-09-08 16:19:00+02:00,22.976685301699582,39.05826916688413,55.80362783077843,291.72775252525247
2025-09-08 16:20:00+02:00,22.75593761235097,38.47300264251271,55.288251956985256,289.45097953216373
2025-09-08 16:21:00+02:00,22.53518992300234,37.79562031585723,53.672529070830194,286.51735294117645
2025-09-08 16:22:00+02:00,20.7334996393626,37.092365747558645,39.341670246388254,282.8152559912854
2025-09-08 16:23:00+02:00,13.160861854274737,30.407467003853945,22.16442253499532,278.6843914232359
2025-09-08 16:24:00+02:00,8.926438802123096,18.074797538685026,19.92369817876063,271.95114370748297
2025-09-08 16:25:00+02:00,8.868718047650967,15.025181561942867,19.92369817876063,209.2165
2025-09-08 16:26:00+02:00,8.868718047650967,15.242779950815404,19.92369817876063,112.5442361111111
2025-09-08 16:27:00+02:00,8.868718047650967,15.460378339687937,19.92369817876063,61.236962833914056
2025-09-08 16:28:00+02:00,8.868718047650967,15.67797672856047,19.92369817876063,57.286219512195125
2025-09-08 16:29:00+02:00,8.868718047650967,15.895575117433,19.92369817876063,57.65207317073172
2025-09-08 16:30:00+02:00,8.868718047650967,16.113173506305547,19.92369817876063,58.01792682926831
2025-09-08 16:31:00+02:00,8.868718047650967,16.330771895178085,19.92369817876063,59.01176575203253
2025-09-08 16:32:00+02:00,8.868718047650967,16.548370284050613,19.92369817876063,77.00830158730159
2025-09-08 16:33:00+02:00,8.885820493420487,16.808279470759455,20.125191936738627,118.4134722222222
2025-09-08 16:34:00+02:00,9.25779868890754,21.061384375265725,20.833473025388543,173.68506944444445
2025-09-08 16:35:00+02:00,9.77087206199313,28.36421944397848,21.56617759985398,225.6767509920635
2025-09-08 16:36:00+02:00,11.476433826412952,33.69703683622444,22.29888217431941,248.04578042328043
2025-09-08 16:37:00+02:00,15.8158935727725,32.74021445292492,26.13802801801586,243.42201388888893
2025-09-08 16:38:00+02:00,18.296495420441723,25.65684688926011,38.105628762777954,190.5405555555556
2025-09-08 16:39:00+02:00,16.21906621153785,24.17202389041346,44.40846055965714,141.30727182539684
2025-09-08 16:40:00+02:00,14.317835545069384,27.952943620847677,35.09003692859344,177.01715277777774
2025-09-08 16:41:00+02:00,15.704336632516878,30.08903379949395,33.956594393244785,207.7729674796748
2025-09-08 16:42:00+02:00,17.680933399031865,30.73849600331048,39.22946401562061,221.3576488095238
2025-09-08 16:43:00+02:00,18.46967787526896,30.486241647290328,41.6686706543516,231.25719444444448
2025-09-08 16:44:00+02:00,18.458290744101078,30.23222327479454,42.88818075030888,228.24854166666665
2025-09-08 16:45:00+02:00,18.111550269794037,29.978204902298728,42.05969855643333,224.4970908045977
2025-09-08 16:46:00+02:00,17.76480979548699,29.72418652980292,40.89838492081934,221.16678611111112
2025-09-08 16:47:00+02:00,17.439802180416574,29.47016815730712,36.81565408200357,219.65729166666665
2025-09-08 16:48:00+02:00,17.19203432182226,29.216149784811293,28.692824992701368,217.92945363965745
2025-09-08 16:49:00+02:00,16.95102127082852,28.962131412315472,27.523159954585168,214.54654451345755
2025-09-08 16:50:00+02:00,16.710008219834776,28.61721206085341,34.57386096627623,211.2513146441372
2025-09-08 16:51:00+02:00,16.468995168841026,28.184372090391243,39.98500843782304,208.04513632872505
2025-09-08 16:52:00+02:00,16.229514765481124,27.751532003421755,39.2453194721487,204.1781111111111
2025-09-08 16:53:00+02:00,15.997396544505284,27.318691886928004,38.49937799416507,201.5454098360656
2025-09-08 16:54:00+02:00,15.766236228300595,26.89375447173702,37.753436516181445,199.06480453688496
2025-09-08 16:55:00+02:00,15.535075912095898,26.545257730965275,34.812330656092406,197.01185714285717
2025-09-08 16:56:00+02:00,15.303915595891198,26.21587115879833,27.92353839182108,195.86881746031747
2025-09-08 16:57:00+02:00,15.014236316755404,25.88648458663139,20.74170686566296,193.33219782282285
2025-09-08 16:58:00+02:00,13.37902252009737,25.55709801446445,17.067999875117312,190.7040856481481
2025-09-08 16:59:00+02:00,10.692571728643308,25.22771144229752,16.834666592531818,189.0984628378378
2025-09-08 17:00:00+02:00,8.211203245694998,24.744685322617585,16.685737789660205,186.50356185390456
2025-09-08 17:01:00+02:00,7.588234758046291,21.85542610848733,16.53680898678859,183.47437217145125
2025-09-08 17:02:00+02:00,7.524870636498847,17.18921819097914,16.38788018391697,180.81318292682928
2025-09-08 17:03:00+02:00,7.461506514951402,13.011399138922934,16.238951381045347,177.33033333333333
2025-09-08 17:04:00+02:00,7.398142393403954,11.04263126545757,16.09002257817372,160.9702777777778
2025-09-08 17:05:00+02:00,7.334778271856503,10.8527367927369,15.941093775302098,123.20541666666666
2025-09-08 17:06:00+02:00,7.271414150309055,10.8527367927369,15.792164972430472,80.0567261904762
2025-09-08 17:07:00+02:00,7.208050028761603,10.8527367927369,15.643202505724563,50.50491319444444
2025-09-08 17:08:00+02:00,7.144685907214153,10.8527367927369,15.489527102218933,45.14070157027363
2025-09-08 17:09:00+02:00,7.081321785666702,10.8527367927369,15.332518979119197,44.76503731343284
2025-09-08 17:10:00+02:00,7.00473630613818,10.8527367927369,15.175510856019477,44.42921641791045
2025-09-08 17:11:00+02:00,6.864641089164854,10.8527367927369,15.018502732919751,44.09339552238806
2025-09-08 17:12:00+02:00,6.716282523453354,10.8527367927369,14.86149460982002,43.75923270162346
2025-09-08 17:13:00+02:00,6.567923957741858,10.8527367927369,14.704486486720276,43.444029605263154
2025-09-08 17:14:00+02:00,6.431928605839658,10.814825663865026,14.547478363620527,43.13416118421051
2025-09-08 17:15:00+02:00,6.405965856840149,10.712823268070142,14.390470240520786,42.82429276315786
2025-09-08 17:16:00+02:00,6.405965856840149,10.609819446229585,14.233462117421048,42.51442434210523
2025-09-08 17:17:00+02:00,6.405965856840149,10.506815624389032,14.136422374671898,42.20397789663006
2025-09-08 17:18:00+02:00,6.405965856840149,10.403811802548478,14.135332040483704,41.88370503597124
2025-09-08 17:19:00+02:00,6.405965856840149,10.300807980707924,14.135332040483704,41.55996402877701
2025-09-08 17:20:00+02:00,6.405965856840149,10.197804158867369,14.135332040483704,41.23622302158277
2025-09-08 17:21:00+02:00,6.405965856840149,10.094800337026811,14.135332040483704,40.91248201438851
2025-09-08 17:22:00+02:00,6.405965856840149,9.9917039899012,14.135332040483704,40.5921855456811
2025-09-08 17:23:00+02:00,6.405965856840149,9.887163044371434,14.135332040483704,40.28341503267973
2025-09-08 17:24:00+02:00,6.390042890089217,9.709725718300415,14.135332040483704,39.97557189542483
2025-09-08 17:25:00+02:00,6.32900485087731,9.491523968900418,14.135332040483704,39.66772875816992
2025-09-08 17:26:00+02:00,6.265312983873581,9.273322219500416,14.132633791781837,39.359885620915016
2025-09-08 17:27:00+02:00,6.20162111686985,9.055120470100404,14.031968359443043,39.03852568512786
2025-09-08 17:28:00+02:00,6.13792924986612,8.872982620948454,13.882526892878232,38.65223684210529
2025-09-08 17:29:00+02:00,6.074237382862392,8.853283851905397,13.733085426313426,38.257500000000014
2025-09-08 17:30:00+02:00,6.010545515858663,8.853283851905397,13.583643959748615,37.86276315789474
2025-09-08 17:31:00+02:00,5.946853648854932,8.853283851905397,13.43420249318381,37.50565181335693
2025-09-08 17:32:00+02:00,5.8831617818512045,8.853283851905397,13.284761026618998,37.23796918767511
2025-09-08 17:33:00+02:00,5.819469914847484,8.853283851905397,13.135319560054189,36.974103641456615
2025-09-08 17:34:00+02:00,5.6972086856475,8.853283851905397,12.985878093489385,36.71023809523812
2025-09-08 17:35:00+02:00,5.525388765358373,8.853283851905397,12.836436626924574,36.44637254901962
2025-09-08 17:36:00+02:00,5.353568845069246,8.853283851905397,12.653645624941705,36.18250700280112
2025-09-08 17:37:00+02:00,5.199646833143569,8.853283851905397,12.27721215924105,35.90654813301469
2025-09-08 17:38:00+02:00,5.1745897614347385,8.813768748221547,11.869580741052532,35.60629969418964
2025-09-08 17:39:00+02:00,5.1745897614347385,8.711029478643537,11.46194932286402,35.30538226299698
2025-09-08 17:40:00+02:00,5.1745897614347385,8.607571752634913,11.172654965836374,35.004464831804306
2025-09-08 17:41:00+02:00,5.1745897614347385,8.504114026626288,11.023213499271565,34.70354740061163
2025-09-08 17:42:00+02:00,5.1745897614347385,8.400656300617662,10.873772032706755,34.39595434884426
2025-09-08 17:43:00+02:00,5.1745897614347385,8.297198574609038,10.724330566141946,34.012027027027045
2025-09-08 17:44:00+02:00,5.1745897614347385,8.193740848600415,10.574889099577138,33.60662162162165
2025-09-08 17:45:00+02:00,5.1745897614347385,8.090283122591787,10.42544763301233,33.20121621621624
2025-09-08 17:46:00+02:00,5.1745897614347385,7.98682539658317,10.27600616644752,32.796981981981986
2025-09-08 17:47:00+02:00,5.155547863052181,7.872223952746499,10.126564699882712,32.39666666666669
2025-09-08 17:48:00+02:00,5.093661693308868,7.401023538412015,9.977123233317904,31.99666666666669
2025-09-08 17:49:00+02:00,5.030188698700342,6.872618705893507,9.827333434267045,31.596666666666675
2025-09-08 17:50:00+02:00,4.966715704091816,6.734986911878843,9.671041428809886,31.191120448179262
2025-09-08 17:51:00+02:00,4.903242709483289,6.631529185870217,9.512311095950372,30.77773109243697
2025-09-08 17:52:00+02:00,4.839769714874763,6.528071459861591,9.35358076309086,30.36428571428571
2025-09-08 17:53:00+02:00,4.776296720266236,6.424613733852968,9.194850430231346,29.950840336134448
2025-09-08 17:54:00+02:00,4.712823725657711,6.321156007844342,9.036120097371832,29.54491343674034
2025-09-08 17:55:00+02:00,4.649350731049184,6.2176982818357205,8.87738976451232,29.14841409691631
2025-09-08 17:56:00+02:00,4.583035971649362,6.1142405558271005,8.718659431652807,28.751938325991198
2025-09-08 17:57:00+02:00,4.066287381649763,6.010782829818482,8.559929098793292,28.355505838447183
2025-09-08 17:58:00+02:00,3.8791015715611454,5.907325103809862,8.401314876762465,27.961266375545858
2025-09-08 17:59:00+02:00,3.815519329113363,5.798407108928562,8.24858360338495,27.56825327510917
2025-09-08 18:00:00+02:00,3.75193708666558,5.683454080030088,8.099142136820138,27.17524017467249
2025-09-08 18:01:00+02:00,3.688354844217796,5.568501051131614,7.94970067025533,26.782425565700677
2025-09-08 18:02:00+02:00,3.624772601770013,5.453548022233146,7.800259203690521,26.392077922077927
2025-09-08 18:03:00+02:00,3.561190359322229,5.338594993334676,7.650817737125714,26.002467532467545
2025-09-08 18:04:00+02:00,3.497608116874444,5.223641964436208,7.501376270560906,25.612857142857155
2025-09-08 18:05:00+02:00,3.4340258744266614,5.10868893553774,7.351934803996098,25.228322830306222
2025-09-08 18:06:00+02:00,3.370443631978877,4.993735906639272,7.20249333743129,24.875295202952017
2025-09-08 18:07:00+02:00,3.306366207992077,4.879220629163244,7.053051870866481,24.527693726937247
2025-09-08 18:08:00+02:00,3.241350970804856,4.772876711572769,6.902630460258622,24.180092250922492
2025-09-08 18:09:00+02:00,3.176313500977105,4.669597053939377,6.745676089363776,23.832490774907743
2025-09-08 18:10:00+02:00,3.1112760311493552,4.566317396305985,6.587524009082987,23.473622641509422
2025-09-08 18:11:00+02:00,3.046238561321604,4.463037738672592,6.429371928802193,23.10230188679244
2025-09-08 18:12:00+02:00,2.9812010914938525,4.359758081039199,6.271219848521401,22.730981132075453
2025-09-08 18:13:00+02:00,2.9161636216661018,4.256478423405807,6.11306776824061,22.35966037735848
2025-09-08 18:14:00+02:00,2.851126151838351,4.153198765772415,5.954915687959818,21.984697120158884
2025-09-08 18:15:00+02:00,2.7860886820106,4.049919108139022,5.796763607679028,21.59223684210525
2025-09-08 18:16:00+02:00,2.721165052502944,3.946639450505628,5.638611527398239,21.197499999999984
2025-09-08 18:17:00+02:00,2.6575431623076677,3.842913522746657,5.480946231202938,20.80276315789473
2025-09-08 18:18:00+02:00,2.594287540968349,3.737296259693576,5.329916570699234,20.406513157894736
2025-09-08 18:19:00+02:00,2.5310319196290294,3.6314664870568873,5.180987767827618,20.006666666666664
2025-09-08 18:20:00+02:00,2.467776298289711,3.5256367144202008,5.032058964955998,19.606666666666666
2025-09-08 18:21:00+02:00,2.404520676950391,3.419806941783515,4.883130162084379,19.206666666666667
2025-09-08 18:22:00+02:00,2.341265055611073,3.3139771691468294,4.7342013592127605,18.842417582417585
2025-09-08 18:23:00+02:00,2.2780094342717536,3.208147396510144,4.585272556341139,18.512747252747253
2025-09-08 18:24:00+02:00,2.214753812932436,3.102891178623684,4.4363437534695205,18.18307692307692
2025-09-08 18:25:00+02:00,2.151498191593116,2.998381608548111,4.287414950597902,17.853406593406593
2025-09-08 18:26:00+02:00,2.10054227440311,2.8938965219728896,4.138486147726281,17.506970152243593
2025-09-08 18:27:00+02:00,2.0961495229212126,2.79097837942022,3.9884274509856503,17.039817708333334
2025-09-08 18:28:00+02:00,2.0961495229212126,2.688987112238033,3.833849178768987,16.549192708333333
2025-09-08 18:29:00+02:00,2.0961495229212126,2.5869958450558466,3.678803657207997,16.062361875
2025-09-08 18:30:00+02:00,2.0961495229212126,2.4850045778736605,3.523758135647008,15.65426
2025-09-08 18:31:00+02:00,2.0961495229212126,2.383013310691473,3.36871261408602,15.277460000000008
2025-09-08 18:32:00+02:00,2.0961495229212126,2.2810220435092865,3.213667092525032,14.90066000000001
2025-09-08 18:33:00+02:00,2.0961495229212126,2.1790307763271,3.058621570964044,14.523959411764707
2025-09-08 18:34:00+02:00,2.0961495229212126,2.0881713109359046,2.9035760494030542,14.161176470588236
2025-09-08 18:35:00+02:00,2.0961495229212126,1.997340749048232,2.748530527842065,13.80823529411765
2025-09-08 18:36:00+02:00,1.56015232154293,1.9159717040238573,2.599299213339615,13.455294117647062
2025-09-08 18:37:00+02:00,1.4925166201345386,1.9027255804152372,2.558599763929855,13.102352941176472
2025-09-08 18:38:00+02:00,1.4925166201345386,1.9027255804152372,2.558599763929855,12.728723991780116
2025-09-08 18:39:00+02:00,1.4925166201345386,1.9027255804152372,2.558599763929855,12.318100436681217
2025-09-08 18:40:00+02:00,1.4925166201345386,1.9027255804152372,2.558599763929855,11.906746724890825
2025-09-08 18:41:00+02:00,1.4925166201345386,1.9027255804152372,2.558599763929855,11.495393013100434
2025-09-08 18:42:00+02:00,1.4925166201345386,1.9027255804152372,2.558599763929855,11.071041666666664
2025-09-08 18:43:00+02:00,1.4925166201345386,1.9027255804152372,2.558599763929855,10.634930555555547
2025-09-08 18:44:00+02:00,1.4925166201345386,1.9027255804152372,2.547023666663871,10.19881944444444
2025-09-08 18:45:00+02:00,1.4921084736605223,1.9027255804152372,2.397267911562176,9.764808833106809
2025-09-08 18:46:00+02:00,1.4557834374730845,1.4263066679585743,2.065435791172129,9.348119266055043
2025-09-08 18:47:00+02:00,1.4012657376769224,1.000979912811988,1.7626414391286545,8.935275229357792
2025-09-08 18:48:00+02:00,1.3477787532228849,1.000979912811988,1.488735790816941,8.522431192660546
2025-09-08 18:49:00+02:00,1.242823470757151,1.000979912811988,1.242823470757151,8.127516011770817
2025-09-08 18:50:00+02:00,1.0233558849171736,1.000979912811988,1.0233558849171736,7.770849056603776
2025-09-08 18:51:00+02:00,0.8314964533524778,0.8314964533524778,0.8314964533524778,7.41537735849057
2025-09-08 18:52:00+02:00,0.6658150903578866,0.6658150903578866,0.6658150903578866,7.059905660377363
2025-09-08 18:53:00+02:00,0.5246497699790436,0.5246497699790436,0.5246497699790436,6.703185886896841
2025-09-08 18:54:00+02:00,0.4061346101626262,0.4061346101626262,0.4061346101626262,6.333236514522823
2025-09-08 18:55:00+02:00,0.3082373339956994,0.3082373339956994,0.3082373339956994,5.959792531120335
2025-09-08 18:56:00+02:00,0.2288053289464036,0.2288053289464036,0.2288053289464036,5.586348547717846
2025-09-08 18:57:00+02:00,0.1656187152397329,0.1656187152397329,0.1656187152397329,5.218526111739806
2025-09-08 18:58:00+02:00,0.1164480073597463,0.1164480073597463,0.1164480073597463,4.914984848484852
2025-09-08 18:59:00+02:00,0.0155338541822314,0.0791131857769805,0.0625312858118559,4.629530303030308
2025-09-08 19:00:00+02:00,0.0155338541822314,0.051540611476694,0.051540611476694,4.344075757575761
2025-09-08 19:01:00+02:00,0.0155338541822314,0.031813536854016,0.031813536854016,4.058621212121214
2025-09-08 19:02:00+02:00,0.0002585181466513,0.0002585181466513,0.0002585181466513,3.773166666666667
2025-09-08 19:03:00+02:00,0.0001309787441252,0.0001309787441252,0.0001309787441252,3.5186922753172745
2025-09-08 19:04:00+02:00,5.176020850818278e-05,5.176020850818278e-05,5.176020850818278e-05,3.316591880341877
2025-09-08 19:05:00+02:00,6.219997513375039e-06,6.219997513375039e-06,6.219997513375039e-06,3.115309829059825
2025-09-08 19:06:00+02:00,0.0,0.0,0.0,2.914027777777775
2025-09-08 19:07:00+02:00,0.0,0.0,0.0,2.712745726495724
2025-09-08 19:08:00+02:00,0.0,0.0,0.0,2.511463675213674
2025-09-08 19:09:00+02:00,0.0,0.0,0.0,2.310181623931623
2025-09-08 19:10:00+02:00,0.0,0.0,0.0,2.109007604467509
2025-09-08 19:11:00+02:00,0.0,0.0,0.0,1.951046312178388
2025-09-08 19:12:00+02:00,0.0,0.0,0.0,1.8275471698113213
2025-09-08 19:13:00+02:00,0.0,0.0,0.0,1.704048027444255
2025-09-08 19:14:00+02:00,0.0,0.0,0.0,1.5805488850771887
2025-09-08 19:15:00+02:00,0.0,0.0,0.0,1.4570497427101223
2025-09-08 19:16:00+02:00,0.0,0.0,0.0,1.333550600343056
2025-09-08 19:17:00+02:00,0.0,0.0,0.0,1.210051457975989
2025-09-08 19:18:00+02:00,0.0,0.0,0.0,1.0865523156089212
2025-09-08 19:19:00+02:00,0.0,0.0,0.0,0.9630531732418534
2025-09-08 19:20:00+02:00,0.0,0.0,0.0,0.8382215621470109
2025-09-08 19:21:00+02:00,0.0,0.0,0.0,0.6968292682926828
2025-09-08 19:22:00+02:00,0.0,0.0,0.0,0.5549905382674516
2025-09-08 19:23:00+02:00,0.0,0.0,0.0,0.4896982758620691
2025-09-08 19:24:00+02:00,0.0,0.0,0.0,0.4514224137931033
2025-09-08 19:25:00+02:00,0.0,0.0,0.0,0.4131465517241378
2025-09-08 19:26:00+02:00,0.0,0.0,0.0,0.3748706896551723
2025-09-08 19:27:00+02:00,0.0,0.0,0.0,0.3365948275862068
2025-09-08 19:28:00+02:00,0.0,0.0,0.0,0.2983189655172413
2025-09-08 19:29:00+02:00,0.0,0.0,0.0,0.2600431034482758
2025-09-08 19:30:00+02:00,0.0,0.0,0.0,0.2217672413793103
2025-09-08 19:31:00+02:00,0.0,0.0,0.0,0.1834913793103448
2025-09-08 19:32:00+02:00,0.0,0.0,0.0,0.1526580459770115
2025-09-08 19:33:00+02:00,0.0,0.0,0.0,0.15
2025-09-08 19:34:00+02:00,0.0,0.0,0.0,0.15
2025-09-08 19:35:00+02:00,0.0,0.0,0.0,0.15
2025-09-08 19:36:00+02:00,0.0,0.0,0.0,0.15
2025-09-08 19:37:00+02:00,0.0,0.0,0.0,0.15
2025-09-08 19:38:00+02:00,0.0,0.0,0.0,0.15
2025-09-08 19:39:00+02:00,0.0,0.0,0.0,0.15
2025-09-08 19:40:00+02:00,0.0,0.0,0.0,0.15
2025-09-08 19:41:00+02:00,0.0,0.0,0.0,0.15
2025-09-08 19:42:00+02:00,0.0,0.0,0.0,0.1464779874213837
2025-09-08 19:43:00+02:00,0.0,0.0,0.0,0.1382675814751288
2025-09-08 19:44:00+02:00,0.0,0.0,0.0,0.1300343053173244
2025-09-08 19:45:00+02:00,0.0,0.0,0.0,0.12180102915952
2025-09-08 19:46:00+02:00,0.0,0.0,0.0,0.1135677530017155
2025-09-08 19:47:00+02:00,0.0,0.0,0.0,0.105334476843911
2025-09-08 19:48:00+02:00,0.0,0.0,0.0,0.0971012006861064
2025-09-08 19:49:00+02:00,0.0,0.0,0.0,0.0888679245283019
2025-09-08 19:50:00+02:00,0.0,0.0,0.0,0.0806346483704974
2025-09-08 19:51:00+02:00,0.0,0.0,0.0,0.0732161234991423
2025-09-08 19:52:00+02:00,0.0,0.0,0.0,0.0822212692967409
2025-09-08 19:53:00+02:00,0.0,0.0,0.0,0.0976586620926242
2025-09-08 19:54:00+02:00,0.0,0.0,0.0,0.1130960548885075
2025-09-08 19:55:00+02:00,0.0,0.0,0.0,0.1285334476843909
2025-09-08 19:56:00+02:00,0.0,0.0,0.0,0.1439708404802742
2025-09-08 19:57:00+02:00,0.0,0.0,0.0,0.1594082332761575
2025-09-08 19:58:00+02:00,0.0,0.0,0.0,0.1748456260720408
2025-09-08 19:59:00+02:00,0.0,0.0,0.0,0.1902830188679243
2025-09-08 20:00:00+02:00,0.0,0.0,0.0,0.2057204116638078
2025-09-09 05:00:00+02:00,0.0,0.0,0.0,0.0
2025-09-09 05:01:00+02:00,0.0,0.0,0.0,0.0
2025-09-09 05:02:00+02:00,0.0,0.0,0.0,0.0
2025-09-09 05:03:00+02:00,0.0,0.0,0.0,0.0
2025-09-09 05:04:00+02:00,0.0,0.0,0.0,0.0
2025-09-09 05:05:00+02:00,0.0,0.0,0.0,0.0
2025-09-09 05:06:00+02:00,0.0,0.0,0.0,0.0
2025-09-09 05:07:00+02:00,0.0,0.0,0.0,0.0028418803418803
2025-09-09 05:08:00+02:00,0.0,0.0,0.0,0.017051282051282
2025-09-09 05:09:00+02:00,0.0,0.0,0.0,0.0324358974358973
2025-09-09 05:10:00+02:00,0.0,0.0,0.0,0.0478205128205128
2025-09-09 05:11:00+02:00,0.0,0.0,0.0,0.0632051282051281
2025-09-09 05:12:00+02:00,0.0,0.0,0.0,0.0785897435897435
2025-09-09 05:13:00+02:00,0.0,0.0,0.0,0.0939743589743588
2025-09-09 05:14:00+02:00,0.0,0.0,0.0,0.1093589743589742
2025-09-09 05:15:00+02:00,0.0,0.0,0.0,0.1247435897435896
2025-09-09 05:16:00+02:00,0.0,0.0,0.0,0.140128205128205
2025-09-09 05:17:00+02:00,0.0,0.0,0.0,0.1498504273504273
2025-09-09 05:18:00+02:00,0.0,0.0,0.0,0.15
2025-09-09 05:19:00+02:00,0.0,0.0,0.0,0.15
2025-09-09 05:20:00+02:00,0.0,0.0,0.0,0.15
2025-09-09 05:21:00+02:00,0.0,0.0,0.0,0.15
2025-09-09 05:22:00+02:00,0.0,0.0,0.0,0.15
2025-09-09 05:23:00+02:00,0.0,0.0,0.0,0.15
2025-09-09 05:24:00+02:00,0.0,0.0,0.0,0.15
2025-09-09 05:25:00+02:00,0.0,0.0,0.0,0.15
2025-09-09 05:26:00+02:00,0.0,0.0,0.0,0.15
2025-09-09 05:27:00+02:00,0.0,0.0,0.0,0.15
2025-09-09 05:28:00+02:00,0.0,0.0,0.0,0.15
2025-09-09 05:29:00+02:00,0.0,0.0,0.0,0.15
2025-09-09 05:30:00+02:00,0.0,0.0,0.0,0.15
2025-09-09 05:31:00+02:00,0.0,0.0,0.0,0.15
2025-09-09 05:32:00+02:00,0.0,0.0,0.0,0.15
2025-09-09 05:33:00+02:00,0.0,0.0,0.0,0.15
2025-09-09 05:34:00+02:00,0.0,0.0,0.0,0.15
2025-09-09 05:35:00+02:00,0.0,0.0,0.0,0.15
2025-09-09 05:36:00+02:00,0.0,0.0,0.0,0.1580034423407917
2025-09-09 05:37:00+02:00,0.0,0.0,0.0,0.2124784853700516
2025-09-09 05:38:00+02:00,0.0,0.0,0.0,0.2744406196213425
2025-09-09 05:39:00+02:00,0.0,0.0,0.0,0.3364027538726331
2025-09-09 05:40:00+02:00,0.0,0.0,0.0,0.3983648881239239
2025-09-09 05:41:00+02:00,0.0,0.0,0.0,0.4603270223752149
2025-09-09 05:42:00+02:00,0.0,0.0,0.0,0.5222891566265059
2025-09-09 05:43:00+02:00,0.0,0.0,0.0,0.5842512908777971
2025-09-09 05:44:00+02:00,0.0,0.0,0.0,0.6462134251290882
2025-09-09 05:45:00+02:00,0.0,0.0,0.0,0.7081755593803788
2025-09-09 05:46:00+02:00,0.0,0.0,0.0,0.7935664376776206
2025-09-09 05:47:00+02:00,0.0,0.0,0.0,0.9233284883720924
2025-09-09 05:48:00+02:00,0.0,0.0,0.0,1.054142441860464
2025-09-09 05:49:00+02:00,0.0,0.0,0.0,1.1849563953488358
2025-09-09 05:50:00+02:00,0.0,0.0,0.0,1.315770348837208
2025-09-09 05:51:00+02:00,0.0,0.0,0.0,1.4467868632336651
2025-09-09 05:52:00+02:00,0.0,0.0,0.0,1.6061619047619056
2025-09-09 05:53:00+02:00,0.0,0.0,0.0,1.7855904761904773
2025-09-09 05:54:00+02:00,0.0,0.0,0.0,1.965019047619048
2025-09-09 05:55:00+02:00,0.0,0.0,0.0,2.1444476190476185
2025-09-09 05:56:00+02:00,0.0,0.0,0.0,2.3238761904761884
2025-09-09 05:57:00+02:00,0.0,0.0,0.0,2.5033047619047584
2025-09-09 05:58:00+02:00,0.0,0.0,0.0,2.682733333333331
2025-09-09 05:59:00+02:00,0.0,0.0,0.0,2.862161904761903
2025-09-09 06:00:00+02:00,0.0,0.0,0.0,3.0469140394088665
2025-09-09 06:01:00+02:00,0.0,0.0,0.0,3.297830459770116
2025-09-09 06:02:00+02:00,0.0,0.0,0.0,3.568520114942531
2025-09-09 06:03:00+02:00,1.700189804301119e-05,1.700189804301119e-05,1.700189804301119e-05,3.839209770114946
2025-09-09 06:04:00+02:00,7.122533211762719e-05,7.122533211762719e-05,7.122533211762719e-05,4.10989942528736
2025-09-09 06:05:00+02:00,0.0001630223545918,0.0001630223545918,0.0001630223545918,4.380589080459774
2025-09-09 06:06:00+02:00,0.0003080115018094,0.0003080115018094,0.0003080115018094,4.647085418984057
2025-09-09 06:07:00+02:00,0.0155338541822314,0.0369024108395879,0.0369024108395879,4.892016129032261
2025-09-09 06:08:00+02:00,0.0155338541822314,0.0587067279887374,0.0587067279887374,5.133951612903232
2025-09-09 06:09:00+02:00,0.0366059652072918,0.0888689985634965,0.0592525089590332,5.375887096774197
2025-09-09 06:10:00+02:00,0.1213559329864164,0.129345688369158,0.0790512762659473,5.617822580645164
2025-09-09 06:11:00+02:00,0.1822351973564778,0.1822351973564778,0.158779921397205,5.85975806451613
2025-09-09 06:12:00+02:00,0.249725476465557,0.249725476465557,0.249725476465557,6.118934811827958
2025-09-09 06:13:00+02:00,0.3340366623682514,0.3340366623682514,0.3340366623682514,6.592395833333335
2025-09-09 06:14:00+02:00,0.4373626411581615,0.4373626411581615,0.4373626411581615,7.129895833333336
2025-09-09 06:15:00+02:00,0.5618146284821984,0.5618146284821984,0.5618146284821984,7.669997774216526
2025-09-09 06:16:00+02:00,0.7093707633431557,0.7093707633431557,0.7093707633431557,8.376623931623934
2025-09-09 06:17:00+02:00,0.8538214461847649,0.8818324931886679,0.8818324931886679,9.180756766381768
2025-09-09 06:18:00+02:00,0.946489032198056,1.080790083972227,1.0566204622566715,9.94875
2025-09-09 06:19:00+02:00,1.0198482907813315,1.3074260962919682,1.2478619535877555,10.69875
2025-09-09 06:20:00+02:00,1.1017549602007668,1.40457084489689,1.4811887170169695,11.190273809523813
2025-09-09 06:21:00+02:00,1.182965564869201,1.4955580112016102,1.718416837438155,11.414559523809531
2025-09-09 06:22:00+02:00,1.2641761695376352,1.5865451775063306,1.9556449578593416,11.638845238095252
2025-09-09 06:23:00+02:00,1.3453867742060697,1.677532343811052,2.1928730782805266,11.863130952380969
2025-09-09 06:24:00+02:00,1.4265973788745034,1.7685195101157736,2.4301011987017125,12.087416666666678
2025-09-09 06:25:00+02:00,1.4895420657270493,1.8595066764204955,2.558599763929855,12.311702380952388
2025-09-09 06:26:00+02:00,1.4925166201345386,1.9027255804152372,2.558599763929855,12.535988095238098
2025-09-09 06:27:00+02:00,1.4925166201345386,1.9027255804152372,2.558599763929855,13.0118359375
2025-09-09 06:28:00+02:00,1.4925166201345386,1.9027255804152372,2.558599763929855,13.7477734375
2025-09-09 06:29:00+02:00,1.4925166201345386,1.9027255804152372,2.558599763929855,14.396288614693562
2025-09-09 06:30:00+02:00,1.4925166201345386,1.9027255804152372,2.558599763929855,14.897010582010578
2025-09-09 06:31:00+02:00,1.4925166201345386,1.9027255804152372,2.558599763929855,15.395423280423277
2025-09-09 06:32:00+02:00,1.4925166201345386,1.9027255804152372,2.558599763929855,15.848232804232802
2025-09-09 06:33:00+02:00,1.4925166201345386,1.9027255804152372,2.558599763929855,16.171833333333336
2025-09-09 06:34:00+02:00,1.4925166201345386,1.9027255804152372,2.562943520680277,16.487833333333338
2025-09-09 06:35:00+02:00,1.5243520451077994,1.927645954297586,2.6690552927263025,16.80383333333334
2025-09-09 06:36:00+02:00,1.583125137366127,2.347800825696822,2.81798409559792,17.119833333333343
2025-09-09 06:37:00+02:00,1.6423449705196511,2.839529055689696,2.9669128984695394,17.532343537414963
2025-09-09 06:38:00+02:00,1.7060368375233794,2.97286280589512,3.115841701341158,18.218299319727887
2025-09-09 06:39:00+02:00,1.769728704527107,3.0748540730773057,3.264770504212778,18.915854438160803
2025-09-09 06:40:00+02:00,1.833420571530835,3.177206001136849,3.4136993070843977,19.5203313253012
2025-09-09 06:41:00+02:00,1.8971124385345624,3.280485658770241,3.5626281099560164,20.08780120481927
2025-09-09 06:42:00+02:00,1.9608043055382909,3.383765316403634,3.711556912827637,20.72263930722892
2025-09-09 06:43:00+02:00,2.024496172542018,3.487044974037027,3.860485715699258,21.775749246987957
2025-09-09 06:44:00+02:00,2.115049954999555,3.590324631670419,4.218523445872109,22.9071686746988
2025-09-09 06:45:00+02:00,2.490340041267457,3.693604289303812,5.387705791746989,23.920696273465964
2025-09-09 06:46:00+02:00,2.744047665743871,3.796883946937205,5.625588437282341,24.66104651162792
2025-09-09 06:47:00+02:00,2.807411787291321,3.9238930177262463,5.774773131567828,25.377026631962128
2025-09-09 06:48:00+02:00,2.870775908838771,4.078945940426506,5.923957825853315,26.03905109489051
2025-09-09 06:49:00+02:00,2.9341400303862213,4.233998863126763,6.073142520138803,26.709560785300777
2025-09-09 06:50:00+02:00,2.9975041519336707,4.389051785827028,6.22232721442429,27.548793103448265
2025-09-09 06:51:00+02:00,3.060868273481117,4.544104708527291,6.371511908709778,28.43767483080889
2025-09-09 06:52:00+02:00,3.124232395028564,4.699157631227555,6.520696602995264,29.31967289719626
2025-09-09 06:53:00+02:00,3.1875965165760114,4.847477409571566,6.669881297280751,30.227726564712544
2025-09-09 06:54:00+02:00,3.250960638123458,4.956701511008308,6.81906599156624,31.238686868686877
2025-09-09 06:55:00+02:00,3.3171622396097145,5.059626864498879,7.037098564881188,32.16421296296297
2025-09-09 06:56:00+02:00,3.4316010000557275,5.16255221798945,7.3364968134127535,33.047570341659494
2025-09-09 06:57:00+02:00,3.5630646401345976,5.265477571480022,7.635895061944316,34.058255813953494
2025-09-09 06:58:00+02:00,3.694528280213467,5.368402924970587,7.935293310475882,35.31769411615199
2025-09-09 06:59:00+02:00,3.8259919202923376,5.471328278461155,8.234900658037226,37.04924739195231
2025-09-09 07:00:00+02:00,3.9595692770214095,5.574253631951719,8.552908720219476,38.67681818181818
2025-09-09 07:01:00+02:00,4.101601500351303,5.677178985442286,8.88241722903979,40.17408854166666
2025-09-09 07:02:00+02:00,4.244507817032782,5.780104338932851,9.21192573786011,41.71632812499999
2025-09-09 07:03:00+02:00,4.387414133714263,6.011136569364136,9.541434246680428,42.92670212765958
2025-09-09 07:04:00+02:00,4.530320450395744,6.515463470602286,9.870942755500748,43.91826290386131
2025-09-09 07:05:00+02:00,4.673226767077223,6.9459984436066255,10.200451264321067,45.17612339743589
2025-09-09 07:06:00+02:00,4.816133083758699,7.229303736871293,10.529959773141384,46.59633603238867
2025-09-09 07:07:00+02:00,4.959039400440178,7.509703181193728,10.859468281961709,48.67922830725462
2025-09-09 07:08:00+02:00,5.101945717121654,7.790102625516164,11.192882494758338,51.499837028587024
2025-09-09 07:09:00+02:00,5.260465872107221,8.070502069838597,11.574839028403446,54.032913343965966
2025-09-09 07:10:00+02:00,5.435129148051252,8.35090151416103,11.971302462532,55.74785469107551
2025-09-09 07:11:00+02:00,5.609792423995285,8.631300958483466,12.367765896660558,57.18876811594203
2025-09-09 07:12:00+02:00,5.784455699939317,8.958798746969437,12.764229330789108,58.97607558139535
2025-09-09 07:13:00+02:00,5.959118975883348,9.419741843918755,13.160692764917664,61.154184782608695
2025-09-09 07:14:00+02:00,6.133782251827377,9.888534664895328,13.557156199046224,62.809493586540064
2025-09-09 07:15:00+02:00,6.3084455277714016,10.35707113599713,13.953619633174776,64.2569061302682
2025-09-09 07:16:00+02:00,6.46965702130623,10.802919805170424,14.327685720947915,77.77004298941799
2025-09-09 07:17:00+02:00,6.614001076083445,11.07586424158954,14.682800207958776,76.25936802700697
2025-09-09 07:18:00+02:00,6.758302962263766,11.31281374479588,15.037914694969636,71.15100719424457
2025-09-09 07:19:00+02:00,6.902604848444087,11.54976324800222,15.393029181980491,71.79848920863306
2025-09-09 07:20:00+02:00,7.046906734624411,11.78671275120856,15.74814366899135,72.46825504041212
2025-09-09 07:21:00+02:00,7.191208620804732,12.023662254414903,16.10325815600221,73.16596296296298
2025-09-09 07:22:00+02:00,7.335510506985053,12.260611757621238,16.45837264301306,73.96494620811289
2025-09-09 07:23:00+02:00,7.479812393165375,12.497561260827569,16.81348713002391,75.12464285714286
2025-09-09 07:24:00+02:00,7.693100707388043,12.7345107640339,17.724290027264697,79.14153968253969
2025-09-09 07:25:00+02:00,8.50947160247084,12.736270362942244,19.410726155385145,91.9479761904762
2025-09-09 07:26:00+02:00,8.287716650523063,12.468790714325262,19.466417253836752,93.4944246031746
2025-09-09 07:27:00+02:00,7.620366763579828,12.200565997049178,18.77181331724352,81.2424255377827
2025-09-09 07:28:00+02:00,7.550216285117824,11.932341279773102,18.07720938065029,81.72611736736738
2025-09-09 07:29:00+02:00,7.48685216357038,11.664116562497016,17.382605444057063,82.04684523809524
2025-09-09 07:30:00+02:00,7.423488042022933,11.39589184522094,16.95591304019149,74.52800264550264
2025-09-09 07:31:00+02:00,7.360123920475485,11.12766712794487,16.806213915925703,71.88666057585824
2025-09-09 07:32:00+02:00,7.296759798928032,10.90549744722944,16.656514791659916,67.44586811767044
2025-09-09 07:33:00+02:00,7.2333956773805825,10.961749170851483,16.506815667394132,69.48826833607005
2025-09-09 07:34:00+02:00,7.170031555833135,11.06475299269204,16.357116543128345,71.61968548842462
2025-09-09 07:35:00+02:00,7.106667434285683,11.167756814532597,16.20741741886256,63.81373517786562
2025-09-09 07:36:00+02:00,7.047533938436626,11.27076063637315,16.05771829459677,64.1860671936759
2025-09-09 07:37:00+02:00,7.115805513212169,11.373764458213705,15.908019170330986,64.55839920948618
2025-09-09 07:38:00+02:00,7.242751502429221,11.47676828005426,15.758320046065212,64.93073122529647
2025-09-09 07:39:00+02:00,7.369697491646271,11.579772101894818,15.6656832217792,65.86999999999999
2025-09-09 07:40:00+02:00,7.496643480863324,11.682775923735372,16.1250829005164,67.00859259259262
2025-09-09 07:41:00+02:00,7.623589470080375,11.785779745575928,16.72250601111838,67.77303703703706
2025-09-09 07:42:00+02:00,7.750535459297429,11.943970653748956,17.319929121720367,67.89933635676493
2025-09-09 07:43:00+02:00,7.877481448514482,12.19545897579725,17.917352232322354,67.34060651004586
2025-09-09 07:44:00+02:00,8.004427437731533,12.44840506993735,18.514775342924324,68.63791561910747
2025-09-09 07:45:00+02:00,8.131373426948585,12.701351164077453,19.11219845352629,71.82080792330792
2025-09-09 07:46:00+02:00,8.439442555934558,13.733124795370928,19.735667500056053,78.67829365079365
2025-09-09 07:47:00+02:00,9.650598959496442,15.274296533382811,21.973610678155964,98.28375
2025-09-09 07:48:00+02:00,9.405139322817888,16.16904811747808,24.11367719669848,94.29431547619048
2025-09-09 07:49:00+02:00,12.08667553801799,19.669316964242054,28.35075277180102,132.51477777777777
2025-09-09 07:50:00+02:00,16.93068743553497,27.61739554973475,39.517829110829474,202.93716666666668
2025-09-09 07:51:00+02:00,18.113797661757136,29.701077913971684,42.12681748967447,211.66505092592595
2025-09-09 07:52:00+02:00,19.01314160275596,31.02695990315646,44.257050343028,225.40327380952385
2025-09-09 07:53:00+02:00,20.056037974339045,32.64570910110087,46.7868741834586,241.9292341269841
2025-09-09 07:54:00+02:00,20.972562594585195,34.00482857491263,49.21569429076208,257.2366626984127
2025-09-09 07:55:00+02:00,21.597566817735323,35.19670646618939,50.8001117086862,267.83696759259254
2025-09-09 07:56:00+02:00,22.13894693984531,36.22403542209114,52.29321592969989,279.34660424760426
2025-09-09 07:57:00+02:00,22.85927405491329,37.3880963250252,53.7117814064508,288.5577255639098
2025-09-09 07:58:00+02:00,23.4153757936839,38.522121097231775,54.398528345990734,291.92730335097
2025-09-09 07:59:00+02:00,22.7564123385646,37.55811836428914,52.96793846032581,289.5616798941799
2025-09-09 08:00:00+02:00,22.65774168187238,37.30327626143313,52.410471145606245,277.14124634502923
2025-09-09 08:01:00+02:00,23.147801552226326,38.10258740688661,53.6391736477731,272.7021331699346
2025-09-09 08:02:00+02:00,23.442964048853312,38.58401159104481,54.42194314604116,267.38539663461535
2025-09-09 08:03:00+02:00,22.73363289790636,37.38542768471584,52.68894419351162,260.3841550925926
2025-09-09 08:04:00+02:00,22.10250650491241,36.49687403631503,50.61292628715631,251.48079137529135
2025-09-09 08:05:00+02:00,21.65560908926443,35.95380530252153,48.57091797694632,245.53194785335825
2025-09-09 08:06:00+02:00,21.180822087498743,35.21824289873001,47.79325259595479,243.5221376811594
2025-09-09 08:07:00+02:00,21.14263991602808,34.68641811215235,47.01558721496326,243.59750000000008
2025-09-09 08:08:00+02:00,21.14263991602808,34.379777007758435,46.29645202478368,243.89750000000012
2025-09-09 08:09:00+02:00,21.14263991602808,34.07313590336451,46.40511429214203,244.19750000000025
2025-09-09 08:10:00+02:00,21.14263991602808,33.76649479897059,46.78134981123942,244.49750000000012
2025-09-09 08:11:00+02:00,21.14263991602808,33.459853694576665,47.15758533033681,244.80434523809527
2025-09-09 08:12:00+02:00,21.14263991602808,33.15321259018275,47.5338208494342,245.71357142857144
2025-09-09 08:13:00+02:00,21.14263991602808,32.953235196158055,47.910056368531606,246.85973958333335
2025-09-09 08:14:00+02:00,21.14263991602808,33.367522834973734,48.28629188762905,248.01788194444444
2025-09-09 08:15:00+02:00,21.14263991602808,33.879901774367,48.66252740672649,250.76109330686327
2025-09-09 08:16:00+02:00,21.319668424240803,34.39228071376025,49.108822310973125,253.58738223514212
2025-09-09 08:17:00+02:00,21.65686558274123,34.88735669770018,49.789546696295886,257.59121111111114
2025-09-09 08:18:00+02:00,21.99406274124166,35.32093704266413,50.48913322377423,261.6103125
2025-09-09 08:19:00+02:00,22.327436429357608,35.74913944201419,51.18871975125254,265.33258101065843
2025-09-09 08:20:00+02:00,22.623826731209217,36.17734184136425,51.8848173497811,269.00639336917567
2025-09-09 08:21:00+02:00,22.91097118649473,36.60554424071435,52.56065665118187,271.1045596405229
2025-09-09 08:22:00+02:00,23.198115641780245,37.09401216293594,53.23323211582319,274.42346464646465
2025-09-09 08:23:00+02:00,23.48535816552727,37.64908934727865,53.90580758046449,278.70745388669303
2025-09-09 08:24:00+02:00,23.781230713886693,38.20416653162136,54.575712888998304,283.2332226247987
2025-09-09 08:25:00+02:00,24.082497027628865,38.75440583002312,55.1486709911663,287.2795242133032
2025-09-09 08:26:00+02:00,24.38376334137104,39.25336353745127,55.67336088677502,289.9761475409836
2025-09-09 08:27:00+02:00,24.684611229677483,39.73877516424489,56.19805078238376,293.75675063131314
2025-09-09 08:28:00+02:00,24.640546066923115,40.22418679103851,56.72274067799248,298.3056249999999
2025-09-09 08:29:00+02:00,24.266771589534493,40.67872481068678,57.24743057360123,300.2368666056166
2025-09-09 08:30:00+02:00,23.89299711214589,40.17773307140664,57.3724353351544,305.13826770451766
2025-09-09 08:31:00+02:00,23.51922263475729,39.21599506217117,55.828827776925365,308.7499639423076
2025-09-09 08:32:00+02:00,23.11193535314604,38.21396201134503,54.04031184735285,303.4041519764957
2025-09-09 08:33:00+02:00,23.086005229454265,37.18374964107134,52.46812562853872,282.41541666666666
2025-09-09 08:34:00+02:00,25.397218603691503,40.66688788309177,58.93451486141962,326.60644675925926
2025-09-09 08:35:00+02:00,14.783877021920276,23.031360565646988,33.7354938112351,138.8069270833333
2025-09-09 08:36:00+02:00,11.964624613758891,17.92793817252715,27.968906278374945,93.450343883547
2025-09-09 08:37:00+02:00,14.586423757458569,23.008520739498653,34.09403429950487,147.03451388888888
2025-09-09 08:38:00+02:00,22.48009497886907,36.50007957568926,53.49829223817319,275.8938888888889
2025-09-09 08:39:00+02:00,13.622839885474551,21.567777100370005,31.142408546658423,120.22788766788769
2025-09-09 08:40:00+02:00,17.342863350310374,27.63531578259041,39.28079898936693,187.49722222222223
2025-09-09 08:41:00+02:00,21.845682982351832,35.618299819990575,50.781647840576106,260.75972222222225
2025-09-09 08:42:00+02:00,30.3450479778105,48.71906301927303,70.60714663814817,383.96125
2025-09-09 08:43:00+02:00,22.65738209915828,35.68602746538743,52.477246395352815,231.1175
2025-09-09 08:44:00+02:00,23.465801093885258,37.53885939699172,53.878484202213485,258.3350694444444
2025-09-09 08:45:00+02:00,26.3248528853439,42.26316844212728,60.83426899885991,307.95391666666666
2025-09-09 08:46:00+02:00,32.511087094212414,52.96429556334042,75.86337254705916,411.1438541666666
2025-09-09 08:47:00+02:00,32.0265277343542,52.38837101009267,74.79768295088556,412.5816643518519
2025-09-09 08:48:00+02:00,30.66337064585148,49.42843994657177,71.41147826106196,378.4680555555556
2025-09-09 08:49:00+02:00,19.23184683492985,32.02136362147691,45.12978379096308,177.54342013888888
2025-09-09 08:50:00+02:00,25.55828353952983,41.34035262315755,59.100363223464,295.8843055555556
2025-09-09 08:51:00+02:00,26.171709175858293,42.06096175354529,60.730100241035736,296.90215277777776
2025-09-09 08:52:00+02:00,28.487865982097134,45.59666798525622,65.33813429253553,335.39381944444443
2025-09-09 08:53:00+02:00,31.587568984703505,50.05327827788327,72.90481358494952,384.7143068376069
2025-09-09 08:54:00+02:00,31.65093879552515,50.44897686474143,73.78555992009223,384.3443436467813
2025-09-09 08:55:00+02:00,31.7143086063468,50.84467545159958,73.93521373911462,382.1460144927536
2025-09-09 08:56:00+02:00,31.77767841716845,51.24037403845777,74.084867558137,382.9238466783557
2025-09-09 08:57:00+02:00,31.84104822799009,51.636072625315926,74.2345213771594,384.4810895883777
2025-09-09 08:58:00+02:00,31.90441803881171,51.97506561978147,74.38417519618181,385.8052976190476
2025-09-09 08:59:00+02:00,31.967787849633325,52.26607695914559,74.53382901520428,386.9677976190477
2025-09-09 09:00:00+02:00,32.03115766045495,52.55708829850971,74.68348283422671,388.0500198412697
2025-09-09 09:01:00+02:00,32.094527471276564,52.84809963787386,74.83313665324917,389.1831881313131
2025-09-09 09:02:00+02:00,32.310781786618904,53.13911097723798,74.98279047227162,391.2334898989898
2025-09-09 09:03:00+02:00,32.917876567355655,53.430122316602144,75.66014784364293,393.72395454545455
2025-09-09 09:04:00+02:00,33.11982431612788,53.72209105561191,76.88151196370814,397.2600297619047
2025-09-09 09:05:00+02:00,33.32177206490009,54.0544446524017,77.40938179807817,399.7610863095238
2025-09-09 09:06:00+02:00,33.523719813672336,54.40812215039001,77.93725163244818,403.424417868729
2025-09-09 09:07:00+02:00,33.725667562444585,54.761799648378286,78.46512146681822,404.4571532846715
2025-09-09 09:08:00+02:00,33.92753783765592,55.11547714636653,78.99299130118821,405.3692323600974
2025-09-09 09:09:00+02:00,34.12107970506942,55.46915464435477,79.5007029652673,408.8635560344828
2025-09-09 09:10:00+02:00,34.30908221287783,55.811165146403226,79.92778194818287,408.79257716049386
2025-09-09 09:11:00+02:00,34.49708472068626,56.08953748878003,80.3465248456398,402.4550617283951
2025-09-09 09:12:00+02:00,34.68508722849468,56.3583641072061,80.76526774309676,395.7490972222223
2025-09-09 09:13:00+02:00,34.8730897363031,56.62719072563216,81.18401064055374,409.58832905982905
2025-09-09 09:14:00+02:00,35.06109224411153,56.89601734405821,81.60275353801073,418.6001079734219
2025-09-09 09:15:00+02:00,35.24299446221345,57.16484396248429,82.02149643546775,420.0782475083056
2025-09-09 09:16:00+02:00,35.399043071559305,57.433670580910345,82.4330328193562,422.3846715167549
2025-09-09 09:17:00+02:00,35.55218678104494,57.703391481433975,82.82180716648529,422.231095959596
2025-09-09 09:18:00+02:00,35.70533049053054,58.09831187561974,83.20891171168995,419.61716666666666
2025-09-09 09:19:00+02:00,35.85847420001615,58.58176619746659,83.59601625689461,422.0279637681159
2025-09-09 09:20:00+02:00,36.01161790950176,59.06522051931344,83.9831208020993,424.0844857195944
2025-09-09 09:21:00+02:00,36.16476161898735,59.54867484116032,84.37022534730396,427.544081326871
2025-09-09 09:22:00+02:00,36.31790532847295,59.93403501362122,84.75732989250865,431.7630013550136
2025-09-09 09:23:00+02:00,36.4985276719074,60.20346573680777,85.14707771589131,434.8426644736842
2025-09-09 09:24:00+02:00,36.79560708302978,60.47289645999433,85.64832381878242,437.3993728070175
2025-09-09 09:25:00+02:00,37.10577155793735,60.74232718318088,86.20844293563808,441.1587932692307
2025-09-09 09:26:00+02:00,37.41593603284491,61.01175790636742,86.76856205249368,443.2067594268476
2025-09-09 09:27:00+02:00,37.716697639878085,61.281188629554,87.3286811693493,445.7568470942594
2025-09-09 09:28:00+02:00,37.98404094622254,61.5506193527406,87.88880028620493,447.1848472961613
2025-09-09 09:29:00+02:00,38.248461739578985,61.835228286449386,88.41963922987817,449.1022107649554
2025-09-09 09:30:00+02:00,38.51288253293544,62.19789658855797,88.92020545212564,451.835291147696
2025-09-09 09:31:00+02:00,38.77730332629189,62.57140646961098,89.42077167437311,455.6817993895672
2025-09-09 09:32:00+02:00,38.97537408724129,62.944916350664,89.92133789662051,457.9204488279017
2025-09-09 09:33:00+02:00,39.10927022668226,63.31842623171704,90.42190411886789,459.45028169014086
2025-09-09 09:34:00+02:00,39.243166366123226,63.6916350445376,90.92224249234464,461.0756995305164
2025-09-09 09:35:00+02:00,39.37706250556421,64.05391276460904,91.4143082027647,463.5348333333333
2025-09-09 09:36:00+02:00,39.51095864500517,64.41074809740077,91.90225510848488,464.5613043478261
2025-09-09 09:37:00+02:00,39.64485478444615,64.76758343019252,92.39020201420506,465.5069565217392
2025-09-09 09:38:00+02:00,39.77875092388711,65.12441876298426,92.87814891992524,466.7016483516484
2025-09-09 09:39:00+02:00,39.91264706332809,65.481254095776,93.36609582564542,467.6563186813187
2025-09-09 09:40:00+02:00,40.04654320276905,65.68912562832827,93.84418336241214,471.0826423611111
2025-09-09 09:41:00+02:00,40.15448173514873,65.12998393228055,94.09127996941264,475.530859375
2025-09-09 09:42:00+02:00,40.21853721860974,64.46017012324133,94.24119136815796,477.1204545454545
2025-09-09 09:43:00+02:00,40.28190702943139,63.95634832022882,94.39110276690334,475.5002173913044
2025-09-09 09:44:00+02:00,40.34527684025303,64.25603908487291,94.54101416564872,476.4182966964729
2025-09-09 09:45:00+02:00,40.40864665107468,64.66109540858243,94.69092556439408,478.08915593286497
2025-09-09 09:46:00+02:00,40.47201646189633,65.06615173229194,94.84083696313944,479.28740196078434
2025-09-09 09:47:00+02:00,40.53538627271797,65.47120805600147,94.99074836188484,480.9737140081258
2025-09-09 09:48:00+02:00,40.5987560835396,65.85420668530502,95.1406597606302,483.1268275418276
2025-09-09 09:49:00+02:00,40.66212589436119,66.16753527983855,95.29057115937556,485.9175340136055
2025-09-09 09:50:00+02:00,40.76121945810431,66.47575294518049,95.4945839162459,487.89369791666667
2025-09-09 09:51:00+02:00,41.42330886302172,66.78397061052247,95.9584764112523,488.16918836805553
2025-09-09 09:52:00+02:00,41.627530407010845,67.09218827586446,96.45618225508692,491.8392994204261
2025-09-09 09:53:00+02:00,41.82148550081847,67.40040594120644,96.91680443035088,494.0360066324348
2025-09-09 09:54:00+02:00,42.0154405946261,67.7079342433392,97.24562924299197,496.0105821513002
2025-09-09 09:55:00+02:00,42.20939568843374,67.99043335818381,97.56292805053675,498.32566036249017
2025-09-09 09:56:00+02:00,42.403350782241375,68.26047090732348,97.88022685808156,499.8779333785005
2025-09-09 09:57:00+02:00,42.59608545218252,68.53050845646317,98.19752566562642,492.7372172949003
2025-09-09 09:58:00+02:00,42.78332308689309,68.80054600560283,98.5148244731712,485.1651623376624
2025-09-09 09:59:00+02:00,42.96989410352533,69.0705835547425,98.83212328071605,503.020101010101
2025-09-09 10:00:00+02:00,43.15646512015755,69.34062110388219,99.14942208826083,478.3693559218559
2025-09-09 10:01:00+02:00,43.34303613678976,69.6106586530219,99.46672089580564,507.93313351933966
2025-09-09 10:02:00+02:00,43.52960715342196,70.30262987269238,99.76376260057069,510.9556454425204
2025-09-09 10:03:00+02:00,43.71617817005415,71.64269121029811,99.93507056394392,513.7348831569665
2025-09-09 10:04:00+02:00,43.83995614555396,71.80021311396291,100.0847243829663,516.2195519943019
2025-09-09 10:05:00+02:00,43.90299986815527,71.80021311396291,100.23437820198868,516.9604999999998
2025-09-09 10:06:00+02:00,43.96604359075656,71.80021311396291,100.38403202101108,517.4311149710504
2025-09-09 10:07:00+02:00,44.02908731335787,71.80021311396291,100.53368584003346,503.75510690789474
2025-09-09 10:08:00+02:00,44.09213103595916,71.80021311396291,100.68333965905587,519.0553705357144
2025-09-09 10:09:00+02:00,44.15517475856048,71.80021311396291,100.83299347807824,519.7560476190476
2025-09-09 10:10:00+02:00,44.218218481161735,71.80021311396291,100.98264729710073,523.6788095238095
2025-09-09 10:11:00+02:00,44.28126220376298,71.80021311396291,101.13230111612326,525.8090865384615
2025-09-09 10:12:00+02:00,44.34430592636422,71.80021311396291,102.27015512992207,485.5282509796652
2025-09-09 10:13:00+02:00,44.41903532340404,71.88001173268849,102.68994794911504,528.6669420234937
2025-09-09 10:14:00+02:00,44.69242118589931,72.09471518608969,102.68994794911504,528.0750789835164
2025-09-09 10:15:00+02:00,45.0115416409492,72.31152652753272,102.68994794911504,530.7284027777778
2025-09-09 10:16:00+02:00,45.18910397555381,72.52833786897575,102.68994794911504,532.6490165165167
2025-09-09 10:17:00+02:00,45.34385972408664,72.74514921041884,102.68994794911504,533.6667117117119
2025-09-09 10:18:00+02:00,45.498615472619456,72.96196055186195,102.68994794911504,533.6184595959596
2025-09-09 10:19:00+02:00,45.65337122115229,73.17877189330505,102.68994794911504,532.7552461149961
2025-09-09 10:20:00+02:00,45.80812696968511,73.39558323474816,102.68994794911504,531.5378736710444
2025-09-09 10:21:00+02:00,45.96288271821793,73.61239457619128,102.68994794911504,533.6031595959596
2025-09-09 10:22:00+02:00,46.11763846675075,73.8429025626612,104.41295135165132,539.1589588319089
2025-09-09 10:23:00+02:00,46.25636356719134,74.12208916591547,105.699419278928,544.0451212335215
2025-09-09 10:24:00+02:00,46.32714925428872,74.40553283451597,105.84933067767328,545.817531779661
2025-09-09 10:25:00+02:00,46.39030129943741,74.68897650311652,105.99924207641864,543.6174236111111
2025-09-09 10:26:00+02:00,46.453453344586094,74.97242017171706,106.149153475164,548.3723611111113
2025-09-09 10:27:00+02:00,46.5166053897348,75.2558638403176,106.29906487390936,549.2908843537416
2025-09-09 10:28:00+02:00,46.57975743488349,75.53930750891816,106.44897627265476,550.240969387755
2025-09-09 10:29:00+02:00,46.64290948003217,75.82432394421643,106.59888767140012,551.2134568733153
2025-09-09 10:30:00+02:00,46.70606152518087,76.11600591456697,106.7487990701455,552.2236320754715
2025-09-09 10:31:00+02:00,46.7692135703296,76.40843682144022,106.89871046889084,554.7734682914046
2025-09-09 10:32:00+02:00,46.83236561547833,76.7008677283134,107.81087291713528,556.7969848975189
2025-09-09 10:33:00+02:00,47.13114119892049,76.99329863518663,108.9646608515688,558.1310194174756
2025-09-09 10:34:00+02:00,47.54144694080612,77.28572954205985,109.43673956523304,558.2063129798845
2025-09-09 10:35:00+02:00,47.66818656244941,77.57816044893305,109.90881827889724,557.9841346153846
2025-09-09 10:36:00+02:00,47.79492618409269,77.81608032869745,110.38089699256147,562.0059549071617
2025-09-09 10:37:00+02:00,47.921665805735984,77.92443776721771,110.8529757062257,561.1460513024987
2025-09-09 10:38:00+02:00,48.04840542737927,78.0272651015385,111.30621640443962,567.7798644338118
2025-09-09 10:39:00+02:00,48.17514504902251,78.13009243585931,111.52532748205608,566.853875
2025-09-09 10:40:00+02:00,48.30188467066574,78.23291977018012,111.67446878799971,561.7828637415824
2025-09-09 10:41:00+02:00,48.42862429230898,78.33574710450094,111.82361009394332,550.9900000000001
2025-09-09 10:42:00+02:00,48.55536391395224,78.43857443882169,111.97275139988696,570.2066666666667
2025-09-09 10:43:00+02:00,48.67682271802699,78.54140177314243,112.12189270583065,571.6350765765766
2025-09-09 10:44:00+02:00,48.70850762343781,78.64422910746315,112.2710340117742,571.4790315315314
2025-09-09 10:45:00+02:00,48.70850762343781,78.74705644178388,112.4201753177177,566.3248028673835
2025-09-09 10:46:00+02:00,48.70850762343781,79.01659670027023,112.5693166236612,570.7121527777778
2025-09-09 10:47:00+02:00,48.70850762343781,79.4272017407429,112.71845792960472,573.32050477679
2025-09-09 10:48:00+02:00,48.70850762343781,79.78098603597186,112.94318434683328,574.4448214756259
2025-09-09 10:49:00+02:00,48.70850762343781,79.9074873502259,113.47025120920192,572.3148161616161
2025-09-09 10:50:00+02:00,48.70850762343781,80.01049136381523,114.0285750724779,573.9795666666666
2025-09-09 10:51:00+02:00,48.70850762343781,80.11349537740459,114.48379892712369,576.521811594203
2025-09-09 10:52:00+02:00,48.70850762343781,80.21649939099395,114.83930310129114,577.109678475577
2025-09-09 10:53:00+02:00,48.748545194545166,80.31950340458329,115.19480727545864,577.9472261904762
2025-09-09 10:54:00+02:00,48.940153570558905,80.42250741817263,115.5503114496262,579.3943162578163
2025-09-09 10:55:00+02:00,49.146061079110986,80.52551143176198,115.9058156237938,578.2882944355839
2025-09-09 10:56:00+02:00,49.351968587663066,80.6285154453514,116.26131979796136,578.1342867867868
2025-09-09 10:57:00+02:00,49.55787609621514,80.73151945894082,116.61682397212896,580.3575446428571
2025-09-09 10:58:00+02:00,49.76378360476723,81.2183910162775,116.97232814629658,584.2996369047619
2025-09-09 10:59:00+02:00,49.93717459109965,81.83596075539744,117.20192459211316,589.8141675266598
2025-09-09 11:00:00+02:00,50.0078609523724,81.94061194523862,117.20636839429028,591.4676068826575
2025-09-09 11:01:00+02:00,50.07101299752109,82.04397114508177,117.20636839429028,590.4093981481484
2025-09-09 11:02:00+02:00,50.13416504266978,82.14733034492491,117.20636839429028,589.752739197531
2025-09-09 11:03:00+02:00,50.19731708781847,82.25068954476805,117.20636839429028,590.5543577569916
2025-09-09 11:04:00+02:00,50.26046913296717,82.3540487446112,117.20636839429028,588.4266858813702
2025-09-09 11:05:00+02:00,50.32362117811586,82.45740794445435,117.20636839429028,578.7187673978286
2025-09-09 11:06:00+02:00,50.38677322326456,82.56076714429743,117.20636839429028,456.01535240464347
2025-09-09 11:07:00+02:00,50.449925268413295,82.6641263441405,117.20636839429028,595.792585978836
2025-09-09 11:08:00+02:00,50.51307731356204,82.8361277222665,117.2547564624408,597.0964444444445
2025-09-09 11:09:00+02:00,51.13438965649238,83.76314191560098,119.85673752917738,603.1813141025641
2025-09-09 11:10:00+02:00,51.32694377513234,83.91971676625072,120.29048418131067,603.627037037037
2025-09-09 11:11:00+02:00,51.45545597889652,84.02289806729893,120.44013800033308,603.2673076923077
2025-09-09 11:12:00+02:00,51.58396818266068,84.12607936834715,120.58979181935548,605.1987019230769
2025-09-09 11:13:00+02:00,51.71248038642486,84.22926066939536,120.73944563837786,603.7856469886702
2025-09-09 11:14:00+02:00,51.84099259018903,84.3324419704436,120.88909945740028,598.8149218038636
2025-09-09 11:15:00+02:00,51.96950479395316,84.4356232714918,121.03875327642264,564.1472380952381
2025-09-09 11:16:00+02:00,52.09801699771728,84.53880457254003,121.18840709544506,604.5540615942028
2025-09-09 11:17:00+02:00,52.2265292014814,84.64198587358825,121.33806091446758,603.9662721961091
2025-09-09 11:18:00+02:00,52.35022219760435,84.74576632137573,121.4877147334901,606.0465285390286
2025-09-09 11:19:00+02:00,52.38395665109244,84.97237185070792,121.78604113879604,604.7793402777778
2025-09-09 11:20:00+02:00,52.38395665109244,85.29124597788348,122.22816561935984,608.7796678403755
2025-09-09 11:21:00+02:00,52.38395665109244,85.6101201050591,122.67029009992348,610.8067433339352
2025-09-09 11:22:00+02:00,52.38395665109244,85.69115371158735,122.91460537367384,614.2521507252326
2025-09-09 11:23:00+02:00,52.38395665109244,85.43179131938545,122.5588841520433,615.7543373493977
2025-09-09 11:24:00+02:00,52.38395665109244,85.16943536354734,122.16117400286048,614.735806798623
2025-09-09 11:25:00+02:00,52.38395665109244,84.90707940770919,121.76346385367758,615.0584453038116
2025-09-09 11:26:00+02:00,52.38395665109244,84.64472345187106,121.36575370449468,615.2046178343951
2025-09-09 11:27:00+02:00,52.38395665109244,84.38236749603293,120.96804355531177,614.520541401274
2025-09-09 11:28:00+02:00,52.24159770988047,84.12001154019478,120.57033340612884,612.6415635521886
2025-09-09 11:29:00+02:00,51.26954011912439,83.9508977695746,119.92664435838677,608.903625
2025-09-09 11:30:00+02:00,49.51986502468607,85.13575237287,116.22578899998038,607.3269355158731
2025-09-09 11:31:00+02:00,47.57260726169024,82.7282951807097,111.61129773263993,614.6524471434998
2025-09-09 11:32:00+02:00,47.17723794228559,78.69589071862019,111.59717680697148,576.528295940171
2025-09-09 11:33:00+02:00,51.38572210587694,84.44903445217207,120.98803461217352,605.2595833333334
2025-09-09 11:34:00+02:00,51.26341055439644,85.28165022868609,122.09756993282386,604.4551593660968
2025-09-09 11:35:00+02:00,52.3609850946696,84.92030586554537,122.458695114423,618.1850597145909
2025-09-09 11:36:00+02:00,52.56046032495974,82.32790494700373,119.92082099785962,619.3413183922559
2025-09-09 11:37:00+02:00,48.11862074245621,79.47806171810478,114.50596575243708,577.6020072751322
2025-09-09 11:38:00+02:00,52.57628307543743,86.08045944264309,121.98597704086656,617.6640185185184
2025-09-09 11:39:00+02:00,52.494330495766775,86.71820769699427,122.91255706928202,618.2507861721612
2025-09-09 11:40:00+02:00,52.1245781161078,87.35595595134549,123.83913709769745,616.8752648046399
2025-09-09 11:41:00+02:00,54.11055309897348,89.07664760122373,126.84513815076684,634.8223664021165
2025-09-09 11:42:00+02:00,55.87913365500973,91.77683648263572,131.02801957069107,653.7346706349207
2025-09-09 11:43:00+02:00,56.36845244383517,92.28593668557264,132.5584430957803,665.8693668300654
2025-09-09 11:44:00+02:00,55.71894801124606,92.69099300928217,130.9514903095464,659.6079197855285
2025-09-09 11:45:00+02:00,55.82911438628752,93.09604933299168,131.17705874754157,653.2269565217391
2025-09-09 11:46:00+02:00,56.38181348819048,93.50110565670118,132.4868109681589,653.5159722222222
2025-09-09 11:47:00+02:00,47.21535645595311,77.6350869622139,109.66589444082425,529.5922222222222
2025-09-09 11:48:00+02:00,54.07912055730915,90.75609895926596,129.41225858527508,660.7092301587302
2025-09-09 11:49:00+02:00,45.75623722390967,75.27869680251047,109.04424217638966,565.1218749999999
2025-09-09 11:50:00+02:00,36.789640310512375,61.58602198152354,88.46795777494235,393.07997222222224
2025-09-09 11:51:00+02:00,36.14643078103376,59.709538705131095,85.88503606814565,396.1715833333333
2025-09-09 11:52:00+02:00,43.32372729293874,70.84692116728824,98.37693691845608,506.42677083333336
2025-09-09 11:53:00+02:00,52.34708872103108,84.23916696005547,123.41662524869182,612.5522222222222
2025-09-09 11:54:00+02:00,35.900021521200635,62.31394403354627,89.24050562949715,417.5763888888889
2025-09-09 11:55:00+02:00,16.777127951272476,26.754913665225303,40.0927889753934,135.53329954954958
2025-09-09 11:56:00+02:00,21.98680643771685,35.771828782986056,51.82381815378971,215.14027777777775
2025-09-09 11:57:00+02:00,31.17301554098644,50.64886271171736,73.95862293455261,333.25333333333333
2025-09-09 11:58:00+02:00,20.806522885627597,34.7676120604932,49.350276473256805,188.65103968253968
2025-09-09 11:59:00+02:00,30.358001863011346,48.70305498976029,69.99004035590987,322.34711309523806
2025-09-09 12:00:00+02:00,47.00660489924652,77.93648884798267,111.82830960096206,559.3511706349207
2025-09-09 12:01:00+02:00,58.02264729527872,94.91892018001316,135.85017166270177,705.9647777777777
2025-09-09 12:02:00+02:00,60.00445144497535,98.20596015810172,143.7657692692915,726.1230158730159
2025-09-09 12:03:00+02:00,43.63019840701604,68.09669188359643,103.62290385959736,476.0825
2025-09-09 12:04:00+02:00,33.83541743776501,54.86850873422959,79.6088394412865,343.91625
2025-09-09 12:05:00+02:00,45.04776917432875,74.77999277952388,108.9268243046671,546.1641633597884
2025-09-09 12:06:00+02:00,55.90651530873126,92.06608111431473,132.9538382203553,659.1034166666667
2025-09-09 12:07:00+02:00,54.11419568556234,89.10914433791744,129.62587767437515,647.8622222222222
2025-09-09 12:08:00+02:00,27.189993301311024,44.753086097607365,64.95253523560456,256.5108333333333
2025-09-09 12:09:00+02:00,14.82946049253657,24.39909620738879,35.264353233315504,114.48683586105676
2025-09-09 12:10:00+02:00,15.066694368956746,24.98444326588718,36.11652429084364,112.22088153221716
2025-09-09 12:11:00+02:00,16.612173095712375,27.13218363037613,39.24328840647373,135.36950396825395
2025-09-09 12:12:00+02:00,46.481246313279776,76.37273766685185,110.46841449884616,555.61473139413
2025-09-09 12:13:00+02:00,58.02997774779081,95.2157476517564,136.4589542978408,680.3672113032844
2025-09-09 12:14:00+02:00,56.05174849327279,94.21006673883836,132.87231093827,685.4999305555556
2025-09-09 12:15:00+02:00,32.77112022037857,53.31992749251717,75.90513605826054,348.84291666666667
2025-09-09 12:16:00+02:00,36.0246556935602,58.1535744562806,83.3485458512102,373.38125
2025-09-09 12:17:00+02:00,49.035457288926935,81.1532636701373,117.42142647495952,619.7159722222221
2025-09-09 12:18:00+02:00,50.44200933497631,83.98184448868362,120.44030428235426,616.7143452380952
2025-09-09 12:19:00+02:00,29.962310492760764,51.58350909279578,69.82638499684344,306.7761805555555
2025-09-09 12:20:00+02:00,15.699865323282545,25.571700407944668,37.38144260531556,139.47423361823363
2025-09-09 12:21:00+02:00,14.919627348344054,24.75087194863901,37.35027290784267,134.176746017871
2025-09-09 12:22:00+02:00,17.433936211749685,28.55555742171325,41.78415539057585,170.0747638888889
2025-09-09 12:23:00+02:00,38.49892699106384,64.6744097599636,93.36516398259629,458.91689814814816
2025-09-09 12:24:00+02:00,42.438123518388124,71.24976157282309,101.1173357342211,515.3484523809524
2025-09-09 12:25:00+02:00,33.285963737224314,55.56676433839175,79.61824823231576,354.3818055555556
2025-09-09 12:26:00+02:00,31.13855699313176,52.6943383273588,77.027566424825,370.6012894736842
2025-09-09 12:27:00+02:00,20.697102144194208,33.92246002507069,48.83653092862633,172.60566468253967
2025-09-09 12:28:00+02:00,18.52616334758245,28.416584336251237,41.11319998385317,161.0533283730159
2025-09-09 12:29:00+02:00,18.91716856329038,29.978184261585863,43.2852134145593,168.2217059314954
2025-09-09 12:30:00+02:00,19.54539348373023,31.872182186145885,45.98377652344322,181.287876984127
2025-09-09 12:31:00+02:00,29.10469481196972,47.98115728733746,69.14928807098629,327.5749007936508
2025-09-09 12:32:00+02:00,51.4116536205562,85.07728090172355,122.92825745309683,618.0579166666666
2025-09-09 12:33:00+02:00,59.71464824473348,99.50390189328203,142.93499548807216,739.0268055555556
2025-09-09 12:34:00+02:00,59.28737526955816,100.42620083876028,141.5104517217997,735.3150694444445
2025-09-09 12:35:00+02:00,59.45409123901142,100.43712253995248,142.84401218103997,729.6103472222222
2025-09-09 12:36:00+02:00,59.61158391792035,100.2625261058508,145.18783618622172,725.1925961538462
2025-09-09 12:37:00+02:00,60.27523972811132,102.1536329798586,145.66244079373854,726.0164420485175
2025-09-09 12:38:00+02:00,50.55997580350101,86.37771417653818,122.64426557692728,600.3910529215718
2025-09-09 12:39:00+02:00,55.54081133944623,91.75127305405177,128.6293127603385,661.525763888889
2025-09-09 12:40:00+02:00,16.40199130906243,27.05310457767015,39.66956445730637,128.66747023809523
2025-09-09 12:41:00+02:00,15.067210184006113,24.9621991581116,36.153076859366585,117.50199324324323
2025-09-09 12:42:00+02:00,42.54095892452465,71.22164427021143,101.15087021459662,514.2336527777778
2025-09-09 12:43:00+02:00,56.09471682878293,93.1404688160412,132.42049088749624,501.0531666666666
2025-09-09 12:44:00+02:00,55.68786426251038,93.9058333162884,135.64240564779973,676.9252222222223
2025-09-09 12:45:00+02:00,56.95638599822351,95.2869895129348,138.1158790557244,680.3064342948718
2025-09-09 12:46:00+02:00,57.87160624099344,96.7392467147072,135.05901880142676,690.6841765873015
2025-09-09 12:47:00+02:00,56.23098335326336,94.15241661723644,131.46409761672433,679.0190178571429
2025-09-09 12:48:00+02:00,24.01676572676649,40.99898015478679,56.87926448808763,210.9086111111111
2025-09-09 12:49:00+02:00,22.232891409277283,37.087767544612085,53.22826953644,230.822875
2025-09-09 12:50:00+02:00,38.36705324122901,64.60502511192074,94.00025737707269,456.3643055555556
2025-09-09 12:51:00+02:00,56.07982484001184,92.50585362900075,134.2478699618707,679.2445304232805
2025-09-09 12:52:00+02:00,56.21363551383188,92.90202735393476,132.46078296063,680.2040277777778
2025-09-09 12:53:00+02:00,32.74892634869213,53.9641431981916,77.39370498093207,329.64846688034186
2025-09-09 12:54:00+02:00,17.551382208465043,28.9676551376694,41.39378657093245,143.6869419642857
2025-09-09 12:55:00+02:00,20.43589049811461,33.59606887194879,49.38348734506712,183.2711574074074
2025-09-09 12:56:00+02:00,49.63361700136778,82.9991571369373,119.83643692779214,603.8135245310245
2025-09-09 12:57:00+02:00,56.37213431912757,94.145774662133,137.6452713632267,680.0301058201059
2025-09-09 12:58:00+02:00,56.21119413416641,94.64927156094951,137.44002519941137,678.5135555555556
2025-09-09 12:59:00+02:00,55.29910049078136,95.39862575981216,135.18555996649155,670.152978896104
2025-09-09 13:00:00+02:00,41.4156180447876,71.12033367307565,104.87909563462084,479.9938383838384
2025-09-09 13:01:00+02:00,15.3271057173566,24.140392643133957,35.17993841713795,118.197720410628
2025-09-09 13:02:00+02:00,15.79831713115848,24.67564582290524,34.046494872669314,120.88948183760684
2025-09-09 13:03:00+02:00,16.269528544960355,25.21089900267652,33.628326929620044,119.38635645604396
2025-09-09 13:04:00+02:00,20.234576254014048,32.83676840087904,46.053387402953824,205.48364087301584
2025-09-09 13:05:00+02:00,31.786638204309565,54.31012751902772,77.34533036066617,332.2256313131313
2025-09-09 13:06:00+02:00,19.738482259722247,32.365944003445485,47.11650553002004,186.6336616161616
2025-09-09 13:07:00+02:00,52.66490918479073,88.904299797056,128.32554322139322,667.1493055555555
2025-09-09 13:08:00+02:00,55.23403656085164,92.66458492543244,135.8292708596642,676.6554365079365
2025-09-09 13:09:00+02:00,52.23763465839573,86.33596647585131,125.23677153778088,601.3283514957265
2025-09-09 13:10:00+02:00,19.631312601205448,31.885028230263043,46.33490844950706,174.1681907894737
2025-09-09 13:11:00+02:00,16.193313668561334,26.22999832420048,38.24585434960038,145.39661044973545
2025-09-09 13:12:00+02:00,15.26294889930651,25.091222244536286,36.25507169406784,140.741712749616
2025-09-09 13:13:00+02:00,15.33945509861203,25.566247641469108,36.87899251467962,141.20352534562213
2025-09-09 13:14:00+02:00,15.694570946694602,26.04202824571023,37.6123971611005,141.681866359447
2025-09-09 13:15:00+02:00,16.04968679477718,26.51780884995136,38.345801807521376,142.60688508064518
2025-09-09 13:16:00+02:00,31.681114895916377,53.61069722644733,76.49071639588706,365.2738141025641
2025-09-09 13:17:00+02:00,35.01868892642636,58.54543251617967,83.94458956264604,389.2091118421053
2025-09-09 13:18:00+02:00,20.867264838415988,34.36747303344462,51.35423998035802,198.80347222222224
2025-09-09 13:19:00+02:00,15.096674953232444,25.389769919513014,35.806689166264384,139.14687402738875
2025-09-09 13:20:00+02:00,15.184952622347136,25.97923627061561,36.13604262051976,137.89352083333333
2025-09-09 13:21:00+02:00,22.00060292004688,36.488119102191206,53.32340652369634,250.2051851851852
2025-09-09 13:22:00+02:00,49.35655642798426,83.5761417336234,119.06602847109448,646.9532266414141
2025-09-09 13:23:00+02:00,20.04182578768108,32.98196773662124,45.18755099873427,184.6916805555556
2025-09-09 13:24:00+02:00,23.90232049908189,39.05570539396523,53.35794589332082,255.473373015873
2025-09-09 13:25:00+02:00,45.892734878016405,77.69048565385992,112.89154885844316,549.2152777777777
2025-09-09 13:26:00+02:00,12.337546761509325,20.3062091885404,29.3057688199204,110.1776488095238
2025-09-09 13:27:00+02:00,12.540210743878134,20.832301011016003,30.07167379579236,107.58464285714284
2025-09-09 13:28:00+02:00,13.16948014557428,21.553100180631773,31.12104131497425,110.79801587301588
2025-09-09 13:29:00+02:00,30.22906658491315,50.13333030033017,73.46839359297739,370.94209722222223
2025-09-09 13:30:00+02:00,28.31742270542889,46.8180300411144,71.04871629072282,314.82579545454547
2025-09-09 13:31:00+02:00,27.8618201697092,45.008733727873405,66.46950080983075,310.8685197210197
2025-09-09 13:32:00+02:00,28.25849073722313,46.64614328618709,64.90894757104036,267.8376349206349
2025-09-09 13:33:00+02:00,30.97089271178288,53.01214662068438,73.20638046898466,356.6145601851852
2025-09-09 13:34:00+02:00,34.46984416672184,55.526956871410846,72.51099609259549,368.45866666666666
2025-09-09 13:35:00+02:00,15.78521456888694,25.815935777821515,37.20043426410864,130.02578703703702
2025-09-09 13:36:00+02:00,14.073304036798032,22.460375774495706,32.00533787046202,111.06094693732192
2025-09-09 13:37:00+02:00,14.61434235738438,23.10723577756139,31.556170965081773,108.18277182539684
2025-09-09 13:38:00+02:00,34.91086711191726,57.31963706742288,83.37033968349232,411.1927777777778
2025-09-09 13:39:00+02:00,23.19113039366765,38.49242820576292,54.689228727918334,223.9963888888889
2025-09-09 13:40:00+02:00,13.199232554319522,21.692005829517228,31.167816560259887,107.9792261904762
2025-09-09 13:41:00+02:00,13.136678395870817,21.297900895670843,31.519821909007295,101.2475
2025-09-09 13:42:00+02:00,13.943542204331742,21.79747053012403,32.938930086634706,99.4447344771242
2025-09-09 13:43:00+02:00,14.749561727940211,22.297040164577226,34.35803826426209,97.67971668328347
2025-09-09 13:44:00+02:00,23.009470690430145,36.69435659020919,54.74961695352201,226.7943985404896
2025-09-09 13:45:00+02:00,15.953889232798542,25.261690500649426,35.86177554935734,133.24178571428573
2025-09-09 13:46:00+02:00,42.624906487136826,71.26595132403308,102.43498005155234,533.3402777777778
2025-09-09 13:47:00+02:00,49.24651810844719,82.48723948412217,119.27771727652576,595.3660623781676
2025-09-09 13:48:00+02:00,50.609898623231054,83.59649856702636,120.8122252270564,592.7248653752437
2025-09-09 13:49:00+02:00,50.281223742145656,84.37002548198132,119.20061450399156,595.9228365384615
2025-09-09 13:50:00+02:00,49.46210688450368,83.90836792549982,118.35499777902989,593.8936593915345
2025-09-09 13:51:00+02:00,48.93922908612453,81.71611193506081,117.4117534287037,587.0455277777778
2025-09-09 13:52:00+02:00,49.01286870644064,81.31867667107143,115.21911500330329,575.7605080409356
2025-09-09 13:53:00+02:00,49.47518933885002,82.11798781652489,117.09176507498628,582.5428289810548
2025-09-09 13:54:00+02:00,47.81518233388865,80.15938590467643,114.3961382824679,593.2941395154553
2025-09-09 13:55:00+02:00,25.081113757464625,42.83860132963285,58.65248556885592,241.83862003968247
2025-09-09 13:56:00+02:00,38.43369911480144,63.85335809145669,91.4508110363888,432.6327777777778
2025-09-09 13:57:00+02:00,26.892902607750703,45.04987501694248,64.35783806496322,285.24959859584857
2025-09-09 13:58:00+02:00,48.00084355411541,80.92485690982333,115.5117248671744,601.5057751322751
2025-09-09 13:59:00+02:00,42.16007688618012,70.72153680656126,100.67089820068892,490.6554677960928
2025-09-09 14:00:00+02:00,18.232461647177274,30.04721558748525,44.62426616841429,154.35484126984127
2025-09-09 14:01:00+02:00,21.920269640860564,36.10042400296252,50.85422994280197,211.41222222222223
2025-09-09 14:02:00+02:00,38.87362319918216,66.12232859532148,95.310767556151,487.0947023809524
2025-09-09 14:03:00+02:00,23.274189391802683,39.19277199205369,57.03710984184709,233.2561805555556
2025-09-09 14:04:00+02:00,16.708016943914874,26.39264540340872,38.22449834039136,147.36188311688315
2025-09-09 14:05:00+02:00,18.45019025438792,29.34750879481845,42.500275423326165,181.1062355699856
2025-09-09 14:06:00+02:00,25.107360394933306,41.701152792980295,60.02344191093122,260.3974305555556
2025-09-09 14:07:00+02:00,15.868177087354876,26.256605298222976,39.45196542213065,150.45402618135378
2025-09-09 14:08:00+02:00,16.309687513611046,26.94172936833021,40.23664539421944,153.1516071428571
2025-09-09 14:09:00+02:00,16.796566397186027,27.65314031682176,41.02131676963433,156.87982585470084
2025-09-09 14:10:00+02:00,17.88219351210039,29.30908515127604,42.21583613452595,166.4276851851852
2025-09-09 14:11:00+02:00,19.053242158566903,31.24029627159274,44.93670879399079,176.45888888888888
2025-09-09 14:12:00+02:00,20.327635256746596,33.44379538410973,47.95202493040411,187.099115497076
2025-09-09 14:13:00+02:00,42.32672748679198,71.89508749060255,100.56300771820187,522.8681666666666
2025-09-09 14:14:00+02:00,48.201519046736166,80.81118446649702,115.81442078025262,608.937123015873
2025-09-09 14:15:00+02:00,36.10733272793024,60.26097474145527,87.19801164282713,418.6176388888889
2025-09-09 14:16:00+02:00,17.443987296027146,29.6712050100981,42.92780042046967,162.39111111111112
2025-09-09 14:17:00+02:00,20.052658900091213,33.18443853066364,47.85965840427058,195.66176587301587
2025-09-09 14:18:00+02:00,32.17261707210571,53.25730469381087,76.50768271642139,385.6501388888889
2025-09-09 14:19:00+02:00,43.9882781777369,77.2181629168507,107.30294377947074,567.7485912698413
2025-09-09 14:20:00+02:00,20.61330535261085,34.304612929013324,49.33925645614622,195.85208333333333
2025-09-09 14:21:00+02:00,16.926706522684025,29.039767207693128,40.49029427838651,152.90047619047618
2025-09-09 14:22:00+02:00,21.558850486474523,36.50301821960636,51.43387867585585,231.8181349206349
2025-09-09 14:23:00+02:00,46.7794504153992,79.70109635940693,114.82162130584187,583.5178650097466
2025-09-09 14:24:00+02:00,46.55896037583859,79.81192191698341,114.78369552269687,577.1928282828283
2025-09-09 14:25:00+02:00,46.33754778381121,80.23534559102944,113.60668845957456,578.1092872692442
2025-09-09 14:26:00+02:00,46.11613519178383,78.59869770193018,112.45189698560654,570.5295299145299
2025-09-09 14:27:00+02:00,45.89472259975645,77.75534582015608,111.33466243217129,573.9389904420549
2025-09-09 14:28:00+02:00,45.27672034788662,76.53647351950423,109.73103222487312,564.6855342152425
2025-09-09 14:29:00+02:00,38.01029800890457,63.63654157914827,93.17866830326592,456.1164236111111
2025-09-09 14:30:00+02:00,36.00183372806237,60.2218849843321,87.21064397037885,460.0280423280423
2025-09-09 14:31:00+02:00,32.94319143162095,55.490064003289575,80.14817228856789,398.8531712962963
2025-09-09 14:32:00+02:00,14.164336663582018,23.38697959001596,35.22655975951192,134.5103638888889
2025-09-09 14:33:00+02:00,14.740266791684816,24.291605684836597,36.34547197648735,136.40952962962962
2025-09-09 14:34:00+02:00,16.083679272901975,26.45491942184333,38.24250734805734,147.94175925925927
2025-09-09 14:35:00+02:00,32.79460741218689,54.54378858138912,78.19684873039239,394.4704166666666
2025-09-09 14:36:00+02:00,19.426458028776644,32.80032688404981,47.20496313644544,171.7226388888889
2025-09-09 14:37:00+02:00,20.45370254675527,34.622216144944694,49.3325020059235,185.32902777777775
2025-09-09 14:38:00+02:00,29.300125226951533,48.92644225511326,70.76534393833691,323.3875
2025-09-09 14:39:00+02:00,46.958183307448245,79.04677339097849,114.05592564342724,571.7707777777778
2025-09-09 14:40:00+02:00,45.69608077332087,78.00064386489632,111.0378686109202,554.1082638888889
2025-09-09 14:41:00+02:00,42.4734220559379,71.19204159024831,102.43367864447974,505.6191618217054
2025-09-09 14:42:00+02:00,43.81957701204959,73.46815971843616,105.74838943058946,522.225941860465
2025-09-09 14:43:00+02:00,44.67795965797909,75.07125162629208,110.37743133533824,535.5467407407408
2025-09-09 14:44:00+02:00,42.21589497995679,68.97267679549466,100.59804914919042,491.4129861111112
2025-09-09 14:45:00+02:00,44.0748835858598,73.9214670061754,105.69208938168354,541.4847301587301
2025-09-09 14:46:00+02:00,45.13163385706128,75.69152899796981,109.84830613353614,538.407470103426
2025-09-09 14:47:00+02:00,44.98688811440331,76.5391458129155,107.7066520735506,536.7743277310924
2025-09-09 14:48:00+02:00,45.17982131737358,77.20895962195473,108.6048070711478,538.3715257064365
2025-09-09 14:49:00+02:00,45.955351491350186,77.94950807893127,112.0165108887276,553.598579059829
2025-09-09 14:50:00+02:00,46.74613458309604,78.95783770309917,113.15505366874136,562.5269444444444
2025-09-09 14:51:00+02:00,47.54328374691686,80.17848549249224,114.50683602359516,573.8959561965812
2025-09-09 14:52:00+02:00,47.43882619256501,81.83449476001243,115.47649495790688,577.2538991910867
2025-09-09 14:53:00+02:00,43.11221365781754,72.52804906093903,104.79452836665828,521.3534722222222
2025-09-09 14:54:00+02:00,45.47308710130662,75.92176933962647,110.95234694511754,574.7383597883598
2025-09-09 14:55:00+02:00,33.54160839512225,55.98745182500042,81.23790440235616,388.7069444444445
2025-09-09 14:56:00+02:00,18.937248956808723,31.118606273486836,45.096983369562096,180.32140873015877
2025-09-09 14:57:00+02:00,15.985371783425393,25.431839620770987,36.91257482388917,142.91589805366593
2025-09-09 14:58:00+02:00,17.880864792707598,29.03230902776451,42.22611696159164,170.59428898482466
2025-09-09 14:59:00+02:00,25.42450668804203,42.52197643682227,61.45558996783572,287.14323412698417
2025-09-09 15:00:00+02:00,17.355371671923645,29.925503046690515,43.22146654010511,172.9932986111111
2025-09-09 15:01:00+02:00,15.587529966519687,25.201631725898107,37.13172504097383,146.1249074074074
2025-09-09 15:02:00+02:00,12.418247543936864,21.753598068636784,30.97158524551364,105.84410995370372
2025-09-09 15:03:00+02:00,13.588721839291448,23.49782196328745,32.83281283606584,111.07756944444444
2025-09-09 15:04:00+02:00,34.67811298202445,58.489065749722016,82.87989656790722,433.9282395382396
2025-09-09 15:05:00+02:00,40.47334021262495,69.37908538097102,97.86906264077908,501.5596001683502
2025-09-09 15:06:00+02:00,39.47799959529663,71.08910115134715,99.42278260066983,507.9205277777778
2025-09-09 15:07:00+02:00,38.221435825158295,71.06611636612983,98.29873076444962,510.2960854700855
2025-09-09 15:08:00+02:00,36.96487205501996,65.26417926832767,96.61119688769796,506.0353514957265
2025-09-09 15:09:00+02:00,32.32878438816322,54.78015894905504,80.45159829490915,394.9339861111111
2025-09-09 15:10:00+02:00,13.568374015789534,22.352926363582952,32.46728267494786,116.70258618233618
2025-09-09 15:11:00+02:00,11.509028214765571,18.105546285780942,26.09757745498344,91.89422435660808
2025-09-09 15:12:00+02:00,11.785741944070162,18.5878721231979,26.79104129565629,92.4315121106284
2025-09-09 15:13:00+02:00,12.062455673374746,19.07925209151252,27.497722695851323,97.46073548922055
2025-09-09 15:14:00+02:00,12.339169402679328,19.57063205982714,28.20440409604633,99.71510131633498
2025-09-09 15:15:00+02:00,13.318033570581791,21.72381170938352,30.98625444961957,117.00389550264548
2025-09-09 15:16:00+02:00,25.575299507250453,43.08884575383705,59.78586085559728,290.86354166666666
2025-09-09 15:17:00+02:00,14.789425209487778,25.07381471607952,35.7664512625683,133.91636904761904
2025-09-09 15:18:00+02:00,11.843382561888456,20.221373956221868,28.57688408406577,87.23649547803619
2025-09-09 15:19:00+02:00,17.34248011024454,28.538618926357557,41.45971379787069,168.84697222222223
2025-09-09 15:20:00+02:00,20.695833537815584,34.37838656711743,48.66961272616472,200.57035714285715
2025-09-09 15:21:00+02:00,19.67801641485637,33.76220612820797,45.13884465659631,215.075
2025-09-09 15:22:00+02:00,30.265089277362232,51.66478825193167,73.30629356467294,398.514
2025-09-09 15:23:00+02:00,17.830481799208755,29.523768599745843,43.1258856489786,157.46474867724868
2025-09-09 15:24:00+02:00,22.97426087621648,38.78629367295464,55.65591426925671,224.49178331842575
2025-09-09 15:25:00+02:00,13.61418393667753,21.858951382480036,32.163605132704504,105.66347383720928
2025-09-09 15:26:00+02:00,33.52554914847829,56.42642536495143,80.1929525496757,408.38244047619054
2025-09-09 15:27:00+02:00,34.231273508095335,57.78266395202873,81.89690380669268,415.7347278528529
2025-09-09 15:28:00+02:00,33.84300616819672,56.87154696853807,80.7077335007148,410.43287443693697
2025-09-09 15:29:00+02:00,33.63177346545794,55.75578793702047,80.18299636934192,406.7806485109718
2025-09-09 15:30:00+02:00,33.42054076271917,54.59174257956393,79.66300518921625,407.4336848484849
2025-09-09 15:31:00+02:00,33.2093080599804,53.42769722210743,79.14301400909054,407.1909035353535
2025-09-09 15:32:00+02:00,32.99807535724164,52.263651864650896,78.62302282896488,404.3233967391304
2025-09-09 15:33:00+02:00,32.427518759743386,52.45394094600181,78.04607783450439,400.70455533596834
2025-09-09 15:34:00+02:00,25.310760567221685,44.430467308393325,60.48538939969611,293.3776085858586
2025-09-09 15:35:00+02:00,14.558684216662735,24.605884491808368,35.00256229105765,121.88778935185184
2025-09-09 15:36:00+02:00,30.52754316545079,52.06688682903261,73.0029471030799,377.89945035461
2025-09-09 15:37:00+02:00,31.941510377884683,54.43493916427184,76.02259618423199,397.904121838619
2025-09-09 15:38:00+02:00,31.726571838255747,54.0759670929604,75.53736764567464,395.06221970863817
2025-09-09 15:39:00+02:00,31.511633298626823,53.71699502164896,75.05213910711724,391.6088775510204
2025-09-09 15:40:00+02:00,31.29669475899789,53.35802295033752,74.56691056855983,389.4409680088252
2025-09-09 15:41:00+02:00,31.08175621936898,52.99905087902608,74.08168203000241,387.8197972972973
2025-09-09 15:42:00+02:00,22.264580460147016,37.39682659118002,53.98706692444953,242.95861111111117
2025-09-09 15:43:00+02:00,9.934110994538994,15.942098106303913,22.943799520652775,69.94934510091487
2025-09-09 15:44:00+02:00,9.576759302509082,15.069238939439868,23.035816719972797,68.3593243243243
2025-09-09 15:45:00+02:00,9.71357886866524,15.493179282010562,23.18525818653762,68.62629145225843
2025-09-09 15:46:00+02:00,9.850398434821406,16.02605355876063,23.335453377440835,71.83196847507331
2025-09-09 15:47:00+02:00,9.987218000977562,16.558927835510698,23.485668786948743,75.6492811262026
2025-09-09 15:48:00+02:00,10.12403756713372,16.56662400029506,23.635884196456622,80.0508744517544
2025-09-09 15:49:00+02:00,10.26085713328988,15.836169422311364,23.78609960596449,79.31047676282053
2025-09-09 15:50:00+02:00,10.39767669944604,15.14316341163425,23.936315015472367,76.53953703703704
2025-09-09 15:51:00+02:00,10.534496265602186,15.775574894819515,24.08653042498025,78.34257936507937
2025-09-09 15:52:00+02:00,10.67623647333274,16.982083829621498,24.307224808600253,82.3905529953917
2025-09-09 15:53:00+02:00,11.02553828929274,18.03784702388227,25.723142712048016,87.73271519161841
2025-09-09 15:54:00+02:00,11.484436213046308,19.469336946679263,27.05414030616055,93.06307598039216
2025-09-09 15:55:00+02:00,12.586641041024794,22.38519521556916,29.566236867477947,104.45830370370368
2025-09-09 15:56:00+02:00,24.72790431476341,41.497954895140566,59.46170269341966,301.8099305555556
2025-09-09 15:57:00+02:00,25.559679869648377,44.68006701561942,61.5127566636508,315.6613888888889
2025-09-09 15:58:00+02:00,28.36043400651874,47.531852297046,67.9904106401924,351.986798245614
2025-09-09 15:59:00+02:00,28.24814980526097,46.9589841773077,69.06780122010775,356.0352083333334
2025-09-09 16:00:00+02:00,28.03321126563205,46.30021125523067,69.97507749793118,355.98310096153847
2025-09-09 16:01:00+02:00,27.81827272600312,45.641438333153616,70.21197741491841,357.9182735042735
2025-09-09 16:02:00+02:00,27.603334186374184,44.98266541107657,67.7558079805636,353.8862971611722
2025-09-09 16:03:00+02:00,27.388395646745277,44.32389248899954,66.05263359620041,350.34455357142855
2025-09-09 16:04:00+02:00,27.008208178489145,45.64568782515098,65.51509937633496,336.07701388888887
2025-09-09 16:05:00+02:00,28.67350014860848,47.93345778492941,65.03435331433062,361.57327380952376
2025-09-09 16:06:00+02:00,24.088345063839416,40.29392882153767,56.18085202470573,277.2240972222222
2025-09-09 16:07:00+02:00,27.691463879430568,46.69198907209679,66.08217493555507,353.90986111111107
2025-09-09 16:08:00+02:00,26.33480068185749,44.44181165827248,62.90526036094864,340.3208333333334
2025-09-09 16:09:00+02:00,25.46585569152374,43.01922809095965,60.87380928167224,330.6781369047619
2025-09-09 16:10:00+02:00,25.74328818167853,43.28681157243015,61.24790893627621,332.86009523809525
2025-09-09 16:11:00+02:00,25.23632969510547,42.527971877379386,60.12405703084331,330.3775
2025-09-09 16:12:00+02:00,23.199401007445356,38.97563849857979,55.40010683991652,298.6675925925926
2025-09-09 16:13:00+02:00,14.82378927753266,24.26870563699629,35.28708090148532,158.91005376344086
2025-09-09 16:14:00+02:00,10.927365389814804,18.186905064186185,26.2250033505981,93.1948387096774
2025-09-09 16:15:00+02:00,11.156103983388563,18.55468639016401,26.765406774276645,95.07311754352276
2025-09-09 16:16:00+02:00,11.384842576962328,18.92246771614182,27.305810197955186,99.91488095238095
2025-09-09 16:17:00+02:00,11.61358117053609,19.29024904211962,27.846213621633733,104.03580486542442
2025-09-09 16:18:00+02:00,11.842319764109856,19.65803036809741,28.38661704531228,109.68363466183575
2025-09-09 16:19:00+02:00,17.970377362397592,29.49916858816703,42.9652466889657,220.16041666666663
2025-09-09 16:20:00+02:00,11.978628327141289,19.56960982877232,27.4684329917283,119.51314814814816
2025-09-09 16:21:00+02:00,10.111187621393364,16.55020519109961,23.47286817275136,93.01786458333332
2025-09-09 16:22:00+02:00,9.562054893802028,15.848428799843942,22.351077527070306,88.92916666666667
2025-09-09 16:23:00+02:00,9.556746800787009,15.848428799843942,21.649575268824822,81.82575702075702
2025-09-09 16:24:00+02:00,9.620110922334447,15.848428799843942,22.3422169008879,79.65319306589467
2025-09-09 16:25:00+02:00,9.683475043881897,15.848428799843942,23.14615664231525,79.95604938271605
2025-09-09 16:26:00+02:00,9.746839165429344,15.848428799843942,23.94954772580065,86.22079704704704
2025-09-09 16:27:00+02:00,9.810203286976796,15.848428799843942,24.00492427098889,91.82179593692304
2025-09-09 16:28:00+02:00,9.873567408524243,15.848428799843942,23.498981355486958,90.9035101952208
2025-09-09 16:29:00+02:00,9.936931530071698,15.848428799843942,22.99404891297709,87.30859401336822
2025-09-09 16:30:00+02:00,10.000295651619146,15.848428799843942,22.490712727039973,84.13329633204633
2025-09-09 16:31:00+02:00,10.063659773166597,15.809110819354572,21.98737654110284,81.16263095238095
2025-09-09 16:32:00+02:00,9.900678979115009,15.175397486761174,21.532282423212624,76.43938025210083
2025-09-09 16:33:00+02:00,9.345329353613725,14.342781429339189,21.77472041268117,70.43777777777778
2025-09-09 16:34:00+02:00,8.782771746575717,14.428287833275414,22.24531928571181,68.86259615384616
2025-09-09 16:35:00+02:00,8.433426077038483,15.832102994796452,22.715918158742458,96.1589213659148
2025-09-09 16:36:00+02:00,8.955940521075524,21.2443738387295,23.18651703177309,157.12726190476192
2025-09-09 16:37:00+02:00,9.895953131280208,24.159324746344385,23.6595393918156,169.95498346560848
2025-09-09 16:38:00+02:00,11.31626653196722,20.28501084642217,24.349999577197675,128.71013888888888
2025-09-09 16:39:00+02:00,16.2547050192345,22.720214572463057,34.050465759730805,156.43409722222222
2025-09-09 16:40:00+02:00,14.283250000235512,23.79504621022597,36.09597715638905,140.82947222222222
2025-09-09 16:41:00+02:00,13.929399127672182,27.363310632071546,28.111844725977143,180.59455357142855
2025-09-09 16:42:00+02:00,14.649624838813445,29.204738423058348,28.279885083165293,200.103125
2025-09-09 16:43:00+02:00,15.229122189119185,29.681144527796647,29.16592724483112,216.30130892255892
2025-09-09 16:44:00+02:00,16.332673411762435,29.3424533644689,30.823346788752104,219.03845880681817
2025-09-09 16:45:00+02:00,16.37330724919053,29.00376220114116,31.400399690780723,217.28096966911767
2025-09-09 16:46:00+02:00,15.73097877626231,28.665071037813416,23.88649974055988,214.33865527292
2025-09-09 16:47:00+02:00,13.393908535410644,28.32637987448567,18.95542243878876,211.71205524205524
2025-09-09 16:48:00+02:00,10.349682961005303,27.98775878269589,19.80443239294448,208.6705183150183
2025-09-09 16:49:00+02:00,10.510647156483138,27.677180961776468,20.75855867947364,203.9744184981685
2025-09-09 16:50:00+02:00,13.812041611683773,27.388967711130388,25.0592220101205,199.14655172413796
2025-09-09 16:51:00+02:00,15.499382914751411,27.10075446048432,35.30817164621499,197.61722870182555
2025-09-09 16:52:00+02:00,15.215564457017468,26.81254120983824,36.41710603905561,196.7957720588236
2025-09-09 16:53:00+02:00,14.931745999283526,26.52432795919217,29.832914459627325,195.91457390648569
2025-09-09 16:54:00+02:00,14.647927541549572,26.236114708546094,22.372843176751807,194.0910201802211
2025-09-09 16:55:00+02:00,13.933260076253568,25.94391289522872,18.330670511786877,192.06922535211268
2025-09-09 16:56:00+02:00,11.380334369231845,25.30071756683596,17.890135494689726,190.0775019033118
2025-09-09 16:57:00+02:00,8.654565683232638,24.4381512915211,17.473706276108654,187.38700044208665
2025-09-09 16:58:00+02:00,7.144345363324187,22.577497455412043,17.057277057527585,184.04606612685564
2025-09-09 16:59:00+02:00,7.021653904542854,18.26182591485709,16.640847838946513,180.93919250104736
2025-09-09 17:00:00+02:00,7.021653904542854,13.733330057024697,16.22441862036544,176.626121031746
2025-09-09 17:01:00+02:00,7.021653904542854,11.80105568593567,15.807989401784354,164.37774206349206
2025-09-09 17:02:00+02:00,7.021653904542854,11.69769667850256,15.582423575052934,131.5582242063492
2025-09-09 17:03:00+02:00,7.021653904542854,11.59433767106945,15.582423575052934,90.09787698412698
2025-09-09 17:04:00+02:00,7.021653904542854,11.490978663636342,15.582423575052934,57.40154761904762
2025-09-09 17:05:00+02:00,7.021653904542854,11.387619656203228,15.582423575052934,48.40489423076924
2025-09-09 17:06:00+02:00,7.021653904542854,11.284260648770116,15.582423575052934,48.22374038461542
2025-09-09 17:07:00+02:00,7.021653904542854,11.180901641337003,15.582423575052934,48.0425865384616
2025-09-09 17:08:00+02:00,6.995381009403816,11.077542633903892,15.582423575052934,47.86143269230777
2025-09-09 17:09:00+02:00,6.931954525179268,10.97418362647079,15.582423575052934,47.68027884615392
2025-09-09 17:10:00+02:00,6.868262658175539,10.870195189184733,15.582423575052934,47.49912500000005
2025-09-09 17:11:00+02:00,6.804570791171808,10.757626629166236,15.577450751910089,47.317971153846194
2025-09-09 17:12:00+02:00,6.740878924168081,10.642341582413913,15.469291848553109,47.136817307692326
2025-09-09 17:13:00+02:00,6.677187057164352,10.527056535661591,15.320107154267616,46.94909837822536
2025-09-09 17:14:00+02:00,6.613495190160621,10.411771488909276,15.170922459982137,46.686309148265
2025-09-09 17:15:00+02:00,6.54980332315689,10.296486442156958,15.021737765696642,46.40239747634072
2025-09-09 17:16:00+02:00,6.486111456153165,10.18120139540465,14.87255307141116,46.11848580441645
2025-09-09 17:17:00+02:00,6.421742082524943,10.065894615498118,14.723368377125675,45.83457413249215
2025-09-09 17:18:00+02:00,6.34149969655128,9.950499459565432,14.574183682840184,45.54822065142606
2025-09-09 17:19:00+02:00,6.2545790309932485,9.83780609416187,14.4249989885547,44.76129629629631
2025-09-09 17:20:00+02:00,6.16765836543522,9.73415333552885,14.275814294269209,43.75729454306377
2025-09-09 17:21:00+02:00,6.080737699877193,9.631227982038288,14.105261231231273,43.17718934911241
2025-09-09 17:22:00+02:00,5.993817034319163,9.528302628547726,13.83206368257893,42.61979289940827
2025-09-09 17:23:00+02:00,5.906896368761135,9.425377275057157,13.545510903456302,41.97640785106076
2025-09-09 17:24:00+02:00,5.821062211522579,9.322451921566584,13.258958124333676,41.211422764227656
2025-09-09 17:25:00+02:00,5.790277809137444,9.219526568076011,12.972405345211063,40.63644305220525
2025-09-09 17:26:00+02:00,5.790277809137444,9.116601214585442,12.722865633391788,40.38414835164837
2025-09-09 17:27:00+02:00,5.790277809137444,9.013675861094873,12.688240505914472,40.13689560439564
2025-09-09 17:28:00+02:00,5.790277809137444,8.9107505076043,12.688240505914472,39.88964285714291
2025-09-09 17:29:00+02:00,5.790277809137444,8.853426803785245,12.688240505914472,39.64239010989015
2025-09-09 17:30:00+02:00,5.790277809137444,8.853283851905397,12.688240505914472,39.39513736263738
2025-09-09 17:31:00+02:00,5.790277809137444,8.853283851905397,12.688240505914472,39.13873350113574
2025-09-09 17:32:00+02:00,5.790277809137444,8.853283851905397,12.688240505914472,38.86280726256985
2025-09-09 17:33:00+02:00,5.790277809137444,8.853283851905397,12.688240505914472,38.58627094972071
2025-09-09 17:34:00+02:00,5.7840962022327975,8.853283851905397,12.688240505914472,38.30973463687156
2025-09-09 17:35:00+02:00,5.730404530832445,8.853283851905397,12.688240505914472,38.03319832402239
2025-09-09 17:36:00+02:00,5.666822288384662,8.853283851905397,12.639548279307409,37.7566620111732
2025-09-09 17:37:00+02:00,5.603240045936879,8.853283851905397,12.493057197557627,37.336786588730256
2025-09-09 17:38:00+02:00,5.539657803489095,8.777189944732386,12.343872503272138,36.64544444444443
2025-09-09 17:39:00+02:00,5.476075561041311,7.840544484445202,12.194687808986654,36.002176769868825
2025-09-09 17:40:00+02:00,5.412493318593528,7.712904298870017,12.045503114701166,35.60443359374998
2025-09-09 17:41:00+02:00,5.348911076145745,7.609624641236626,11.896318420415678,35.236464843749964
2025-09-09 17:42:00+02:00,5.285328833697962,7.506344983603233,11.747133726130192,34.86849609374997
2025-09-09 17:43:00+02:00,5.221746591250178,7.403065325969839,11.597949031844704,34.50544030272482
2025-09-09 17:44:00+02:00,5.103198596451845,7.299785668336446,11.448764337559217,34.21665689149558
2025-09-09 17:45:00+02:00,4.854007364182642,7.196506010703055,11.29723500078313,33.95272727272724
2025-09-09 17:46:00+02:00,4.614101331801932,7.093226353069662,10.893656596267764,33.68879765395889
2025-09-09 17:47:00+02:00,4.558901713732033,6.989946695436269,10.322436253674644,33.42486803519056
2025-09-09 17:48:00+02:00,4.558901713732033,6.886661587427546,9.84562593992678,33.16093841642226
2025-09-09 17:49:00+02:00,4.558901713732033,6.783146572677593,9.794057436776011,32.89584516016996
2025-09-09 17:50:00+02:00,4.558901713732033,6.679510163204364,9.794057436776011,32.62634670487106
2025-09-09 17:51:00+02:00,4.558901713732033,6.575873753731135,9.794057436776011,32.35643266475645
2025-09-09 17:52:00+02:00,4.558901713732033,6.472237344257906,9.794057436776011,32.08651862464183
2025-09-09 17:53:00+02:00,4.558901713732033,6.368600934784674,9.794057436776011,31.816604584527223
2025-09-09 17:54:00+02:00,4.558901713732033,6.2649645253114405,9.794057436776011,31.54669054441261
2025-09-09 17:55:00+02:00,4.558901713732033,6.161328115838208,9.794057436776011,31.190181213098032
2025-09-09 17:56:00+02:00,4.546559742558153,6.057691706364973,9.794057436776011,30.659744318181826
2025-09-09 17:57:00+02:00,4.487494594797442,5.954055296891739,9.794057436776011,30.12451704545455
2025-09-09 17:58:00+02:00,4.424021600188915,5.864668893721075,9.737077171597528,29.54462265316205
2025-09-09 17:59:00+02:00,4.36054860558039,5.853009797655336,9.588928482133468,28.89326086956521
2025-09-09 18:00:00+02:00,4.297075610971863,5.853009797655336,9.43974378784798,28.308750093381143
2025-09-09 18:01:00+02:00,4.233602616363338,5.853009797655336,9.290559093562493,28.02900773195877
2025-09-09 18:02:00+02:00,4.170129621754811,5.853009797655336,9.141374399277003,27.786224226804126
2025-09-09 18:03:00+02:00,4.106656627146284,5.853009797655336,8.99218970499152,27.54344072164949
2025-09-09 18:04:00+02:00,4.043183632537759,5.853009797655336,8.84300501070603,27.30065721649485
2025-09-09 18:05:00+02:00,3.979710637929232,5.853009797655336,8.693820316420542,27.057873711340207
2025-09-09 18:06:00+02:00,3.761750211040756,5.853009797655336,8.544635622135056,26.81337151877385
2025-09-09 18:07:00+02:00,3.378756827471331,5.853009797655336,8.379306519382327,26.38411042944785
2025-09-09 18:08:00+02:00,3.265532931940035,5.769511307382678,7.532976914011587,25.831963190184045
2025-09-09 18:09:00+02:00,3.201950689492252,5.5448531052528445,6.829133186273527,25.29124244052925
2025-09-09 18:10:00+02:00,3.1383684470444666,5.317989282625245,6.680204383401905,24.86104700854702
2025-09-09 18:11:00+02:00,3.074786204596684,5.0911254599976425,6.531275580530282,24.45848290598291
2025-09-09 18:12:00+02:00,3.0112039621489006,4.864261637370039,6.382346777658657,24.055918803418805
2025-09-09 18:13:00+02:00,2.9476217197011163,4.637397814742433,6.233417974787038,23.63557328224228
2025-09-09 18:14:00+02:00,2.884039477253333,4.410533992114827,6.084489171915422,23.104860335195536
2025-09-09 18:15:00+02:00,2.82045723480555,4.18367016948722,5.935560369043808,22.55513966480448
2025-09-09 18:16:00+02:00,2.7568749923577656,3.9568063468596137,5.786631566172192,22.01915857115337
2025-09-09 18:17:00+02:00,2.6911313783573068,3.796980069184431,5.637702763300576,21.56295566502462
2025-09-09 18:18:00+02:00,2.620776838377811,3.693877868007453,5.487807550847482,21.11960591133004
2025-09-09 18:19:00+02:00,2.5502782069614702,3.5907756668304764,5.317859339578769,20.677512817935053
2025-09-09 18:20:00+02:00,2.4797795755451304,3.487673465653498,5.139938249262879,20.34600583090378
2025-09-09 18:21:00+02:00,2.4092809441287897,3.38457126447652,4.962017158946986,20.083615160349847
2025-09-09 18:22:00+02:00,2.33878231271245,3.2814690632995416,4.784096068631096,19.821224489795917
2025-09-09 18:23:00+02:00,2.2682836812961096,3.1783668621225645,4.606174978315205,19.55883381924198
2025-09-09 18:24:00+02:00,2.197785049879769,3.0761756953109862,4.428253887999318,19.296443148688045
2025-09-09 18:25:00+02:00,2.127296024559219,2.974359670855915,4.250332797683431,19.01401892600616
2025-09-09 18:26:00+02:00,2.060649437554533,2.872057907002886,4.0726094825324815,18.553296089385483
2025-09-09 18:27:00+02:00,1.9970671951067505,2.763719096346664,3.91229038189608,18.0505027932961
2025-09-09 18:28:00+02:00,1.9334849526589668,2.653576110783744,3.762848915331273,17.567790538817952
2025-09-09 18:29:00+02:00,1.8699027102111825,2.543433125220825,3.613407448766464,17.250669642857133
2025-09-09 18:30:00+02:00,1.8063204677633984,2.433290139657906,3.463965982201656,16.970312499999977
2025-09-09 18:31:00+02:00,1.7427382253156152,2.3231471540949875,3.314524515636847,16.689955357142832
2025-09-09 18:32:00+02:00,1.6791559828678322,2.213004168532068,3.165083049072039,16.409598214285698
2025-09-09 18:33:00+02:00,1.617194479357237,2.1111673693939883,3.0156415825072305,16.129241071428563
2025-09-09 18:34:00+02:00,1.5585225456053795,2.013077115756929,2.866200115942421,15.60000218837535
2025-09-09 18:35:00+02:00,1.499524959598341,1.915501845314795,2.716758649377615,14.600955452356382
2025-09-09 18:36:00+02:00,1.437727357655581,1.823385396738871,2.565130635502227,13.726578947368422
2025-09-09 18:37:00+02:00,1.3800648093594063,1.732710901108737,2.3966974437255746,12.9428242481203
2025-09-09 18:38:00+02:00,1.3224022610632316,1.6420364054786032,2.2247657762520023,12.31348214285714
2025-09-09 18:39:00+02:00,1.2647397127670577,1.5513619098484694,2.05283410877843,11.752767857142857
2025-09-09 18:40:00+02:00,1.207077164470883,1.4606874142183353,1.8809024413048572,11.21497274249005
2025-09-09 18:41:00+02:00,1.1494146161747092,1.3700129185882015,1.7089707738312847,10.866172638436488
2025-09-09 18:42:00+02:00,1.0917520678785344,1.279338422958067,1.5370391063577136,10.559332247557004
2025-09-09 18:43:00+02:00,1.033906444553364,1.1858009486374987,1.365107438884141,10.252491856677524
2025-09-09 18:44:00+02:00,0.9790472672223116,1.084529148185164,1.1989213243423418,9.945651465798043
2025-09-09 18:45:00+02:00,0.9685741515500194,1.0063248133914169,1.1202194506571637,9.642884093376765
2025-09-09 18:46:00+02:00,0.9685741515500194,1.000979912811988,1.1202194506571637,9.401691176470594
2025-09-09 18:47:00+02:00,0.9685741515500194,1.000979912811988,1.1202194506571637,9.18110294117648
2025-09-09 18:48:00+02:00,0.9628645681081044,0.9628645681081044,0.9628645681081044,8.96051470588236
2025-09-09 18:49:00+02:00,0.7787788518986166,0.7787788518986166,0.7787788518986166,8.739926470588241
2025-09-09 18:50:00+02:00,0.6204635349941693,0.6204635349941693,0.6204635349941693,8.519338235294121
2025-09-09 18:51:00+02:00,0.4861862514003021,0.4861862514003021,0.4861862514003021,8.298750000000002
2025-09-09 18:52:00+02:00,0.3740196240814688,0.3740196240814688,0.3740196240814688,8.03422881652661
2025-09-09 18:53:00+02:00,0.281881713946544,0.281881713946544,0.281881713946544,7.514613095238094
2025-09-09 18:54:00+02:00,0.2075847651552419,0.2075847651552419,0.2075847651552419,6.9538988095238095
2025-09-09 18:55:00+02:00,0.1488903930608248,0.1488903930608248,0.1488903930608248,6.370319616977226
2025-09-09 18:56:00+02:00,0.1035685271476486,0.1035685271476486,0.1035685271476486,5.721956521739131
2025-09-09 18:57:00+02:00,0.0694567138551907,0.0694567138551907,0.0694567138551907,5.0931027667984194
2025-09-09 18:58:00+02:00,0.044515932030884,0.044515932030884,0.044515932030884,4.671798418972333
2025-09-09 18:59:00+02:00,0.0268789935998807,0.0268789935998807,0.0268789935998807,4.299466403162056
2025-09-09 19:00:00+02:00,0.0002111816868518,0.0002111816868518,0.0002111816868518,3.92713438735178
2025-09-09 19:01:00+02:00,0.0001007833867604,0.0001007833867604,0.0001007833867604,3.5577454033084472
2025-09-09 19:02:00+02:00,3.376863710739335e-05,3.376863710739335e-05,3.376863710739335e-05,3.2952111111111098
2025-09-09 19:03:00+02:00,0.0,0.0,0.0,3.085877777777775
2025-09-09 19:04:00+02:00,0.0,0.0,0.0,2.876544444444441
2025-09-09 19:05:00+02:00,0.0,0.0,0.0,2.667211111111108
2025-09-09 19:06:00+02:00,0.0,0.0,0.0,2.4578777777777754
2025-09-09 19:07:00+02:00,0.0,0.0,0.0,2.248544444444443
2025-09-09 19:08:00+02:00,0.0,0.0,0.0,2.0392111111111104
2025-09-09 19:09:00+02:00,0.0,0.0,0.0,1.839242463067983
2025-09-09 19:10:00+02:00,0.0,0.0,0.0,1.6672589792060488
2025-09-09 19:11:00+02:00,0.0,0.0,0.0,1.4971266540642716
2025-09-09 19:12:00+02:00,0.0,0.0,0.0,1.3269943289224944
2025-09-09 19:13:00+02:00,0.0,0.0,0.0,1.1568620037807171
2025-09-09 19:14:00+02:00,0.0,0.0,0.0,0.98672967863894
2025-09-09 19:15:00+02:00,0.0,0.0,0.0,0.8165973534971634
2025-09-09 19:16:00+02:00,0.0,0.0,0.0,0.6464650283553869
2025-09-09 19:17:00+02:00,0.0,0.0,0.0,0.4763327032136104
2025-09-09 19:18:00+02:00,0.0,0.0,0.0,0.3566374493229185
2025-09-09 19:19:00+02:00,0.0,0.0,0.0,0.3176415094339623
2025-09-09 19:20:00+02:00,0.0,0.0,0.0,0.2795626072041168
2025-09-09 19:21:00+02:00,0.0,0.0,0.0,0.2414837049742712
2025-09-09 19:22:00+02:00,0.0,0.0,0.0,0.2034048027444256
2025-09-09 19:23:00+02:00,0.0,0.0,0.0,0.1653259005145801
2025-09-09 19:24:00+02:00,0.0,0.0,0.0,0.1272469982847344
2025-09-09 19:25:00+02:00,0.0,0.0,0.0,0.0891680960548887
2025-09-09 19:26:00+02:00,0.0,0.0,0.0,0.0510891938250429
2025-09-09 19:27:00+02:00,0.0,0.0,0.0,0.0140847887550863
2025-09-09 19:28:00+02:00,0.0,0.0,0.0,0.0168213058419243
2025-09-09 19:29:00+02:00,0.0,0.0,0.0,0.0395017182130583
2025-09-09 19:30:00+02:00,0.0,0.0,0.0,0.0621821305841923
2025-09-09 19:31:00+02:00,0.0,0.0,0.0,0.0848625429553264
2025-09-09 19:32:00+02:00,0.0,0.0,0.0,0.1075429553264604
2025-09-09 19:33:00+02:00,0.0,0.0,0.0,0.1302233676975944
2025-09-09 19:34:00+02:00,0.0,0.0,0.0,0.1529037800687284
2025-09-09 19:35:00+02:00,0.0,0.0,0.0,0.1755841924398623
2025-09-09 19:36:00+02:00,0.0,0.0,0.0,0.1982646048109964
2025-09-09 19:37:00+02:00,0.0,0.0,0.0,0.2977430908474904
2025-09-09 19:38:00+02:00,0.0,0.0,0.0,0.7921830985915493
2025-09-09 19:39:00+02:00,0.0,0.0,0.0,1.341478873239437
2025-09-09 19:40:00+02:00,0.0,0.0,0.0,1.8907746478873244
2025-09-09 19:41:00+02:00,0.0,0.0,0.0,0.7222727272727272
2025-09-09 19:42:00+02:00,0.0,0.0,0.0,1.3064393939393937
2025-09-09 19:43:00+02:00,0.0,0.0,0.0,0.167419540229885
2025-09-09 19:44:00+02:00,0.0,0.0,0.0,0.1383448275862069
2025-09-09 19:45:00+02:00,0.0,0.0,0.0,0.1300689655172414
2025-09-09 19:46:00+02:00,0.0,0.0,0.0,0.121793103448276
2025-09-09 19:47:00+02:00,0.0,0.0,0.0,0.1135172413793105
2025-09-09 19:48:00+02:00,0.0,0.0,0.0,0.105241379310345
2025-09-09 19:49:00+02:00,0.0,0.0,0.0,0.0969655172413794
2025-09-09 19:50:00+02:00,0.0,0.0,0.0,0.0886896551724138
2025-09-09 19:51:00+02:00,0.0,0.0,0.0,0.0804137931034483
2025-09-09 19:52:00+02:00,0.0,0.0,0.0,0.0727931034482758
2025-09-09 19:53:00+02:00,0.0,0.0,0.0,0.0768275862068964
2025-09-09 19:54:00+02:00,0.0,0.0,0.0,0.0851034482758619
2025-09-09 19:55:00+02:00,0.0,0.0,0.0,0.0933793103448274
2025-09-09 19:56:00+02:00,0.0,0.0,0.0,0.1016551724137929
2025-09-09 19:57:00+02:00,0.0,0.0,0.0,0.1099310344827584
2025-09-09 19:58:00+02:00,0.0,0.0,0.0,0.118206896551724
2025-09-09 19:59:00+02:00,0.0,0.0,0.0,0.1264827586206895
2025-09-09 20:00:00+02:00,0.0,0.0,0.0,0.134758620689655
