time,irr_1_MAX_VALUE,irr_2_MAX_VALUE,irr_3_MAX_VALUE,irr_dav_1_MAX_VALUE
2025-09-04 05:00:00+02:00,0.0,0.0,0.0,9.231776773950688
2025-09-04 05:01:00+02:00,0.0,0.0,0.0,4.704665404040404
2025-09-04 05:02:00+02:00,0.0,0.0,0.0,12.008492063492064
2025-09-04 05:03:00+02:00,0.0,0.0,0.0,10.161666666666664
2025-09-04 05:04:00+02:00,0.0,0.0,0.0,11.244766009852215
2025-09-04 05:05:00+02:00,0.0,0.0,0.0,11.05645061728395
2025-09-04 05:06:00+02:00,0.0,0.0,0.0,4.391586538461538
2025-09-04 05:07:00+02:00,0.0,0.0,0.0,9.839023795300676
2025-09-04 05:08:00+02:00,0.0,0.0,0.0,7.593682795698925
2025-09-04 05:09:00+02:00,0.0,0.0,0.0,9.28898148148148
2025-09-04 05:10:00+02:00,0.0,0.0,0.0,7.300175653594771
2025-09-04 05:11:00+02:00,0.0,0.0,0.0,11.944659786721706
2025-09-04 05:12:00+02:00,0.0,0.0,0.0,9.340016291951777
2025-09-04 05:13:00+02:00,0.0,0.0,0.0,11.361290322580643
2025-09-04 05:14:00+02:00,0.0,0.0,0.0,5.33653634085213
2025-09-04 05:15:00+02:00,0.0,0.0,0.0,11.338849206349204
2025-09-04 05:16:00+02:00,0.0,0.0,0.0,12.653005291005291
2025-09-04 05:17:00+02:00,0.0,0.0,0.0,8.136484848484848
2025-09-04 05:18:00+02:00,0.0,0.0,0.0,6.38236111111111
2025-09-04 05:19:00+02:00,0.0,0.0,0.0,8.925095238095237
2025-09-04 05:20:00+02:00,0.0,0.0,0.0,9.34657738095238
2025-09-04 05:21:00+02:00,0.0,0.0,0.0,7.56988492063492
2025-09-04 05:22:00+02:00,0.0,0.0,0.0,10.677013888888888
2025-09-04 05:23:00+02:00,0.0,0.0,0.0,10.81254072681704
2025-09-04 05:24:00+02:00,0.0,0.0,0.0,7.523323412698413
2025-09-04 05:25:00+02:00,0.0,0.0,0.0,10.505537878787878
2025-09-04 05:26:00+02:00,0.0,0.0,0.0,8.387188552188553
2025-09-04 05:27:00+02:00,0.0,0.0,0.0,11.797598484848486
2025-09-04 05:28:00+02:00,0.0,0.0,0.0,7.931528846153846
2025-09-04 05:29:00+02:00,0.0,0.0,0.0,10.518148148148148
2025-09-04 05:30:00+02:00,0.0,0.0,0.0,8.008584656084656
2025-09-04 05:31:00+02:00,0.0,0.0,0.0,9.303257936507936
2025-09-04 05:32:00+02:00,0.0,0.0,0.0,10.637055555555555
2025-09-04 05:33:00+02:00,0.0,0.0,0.0,11.725776515151514
2025-09-04 05:34:00+02:00,0.0,0.0,0.0,10.318263888888888
2025-09-04 05:35:00+02:00,0.0,0.0,0.0,12.284913793103447
2025-09-04 05:36:00+02:00,0.0,0.0,0.0,10.35546783625731
2025-09-04 05:37:00+02:00,0.0,0.0,0.0,11.65573611111111
2025-09-04 05:38:00+02:00,0.0,0.0,0.0,10.483391934293095
2025-09-04 05:39:00+02:00,0.0,0.0,0.0,12.299836563307494
2025-09-04 05:40:00+02:00,0.0,0.0,0.0,10.46062962962963
2025-09-04 05:41:00+02:00,0.0,0.0,0.0,11.814533730158727
2025-09-04 05:42:00+02:00,0.0,0.0,0.0,12.376398809523808
2025-09-04 05:43:00+02:00,0.0,0.0,0.0,11.939322916666669
2025-09-04 05:44:00+02:00,0.0,0.0,0.0,10.552448653198653
2025-09-04 05:45:00+02:00,0.0,0.0,0.0,11.510642091648188
2025-09-04 05:46:00+02:00,0.0,0.0,0.0,9.062761130468449
2025-09-04 05:47:00+02:00,0.0,0.0,0.0,12.68114620467252
2025-09-04 05:48:00+02:00,0.0,0.0,0.0,11.55127435897436
2025-09-04 05:49:00+02:00,0.0,0.0,0.0,13.434580200501252
2025-09-04 05:50:00+02:00,0.0,0.0,0.0,13.403912927350428
2025-09-04 05:51:00+02:00,0.0,0.0,0.0,12.440531844316672
2025-09-04 05:52:00+02:00,0.0,0.0,0.0,13.221550925925923
2025-09-04 05:53:00+02:00,0.0,0.0,0.0,14.277727185649598
2025-09-04 05:54:00+02:00,0.0,0.0,0.0,14.287992212036327
2025-09-04 05:55:00+02:00,0.0,0.0,0.0,14.444393939393938
2025-09-04 05:56:00+02:00,0.0,0.0,0.0,9.922928030303032
2025-09-04 05:57:00+02:00,0.0,0.0,0.0,13.079947811447813
2025-09-04 05:58:00+02:00,0.0,0.0,0.0,13.715840982286636
2025-09-04 05:59:00+02:00,0.0,0.0,0.0,12.920304347826084
2025-09-04 06:00:00+02:00,0.0,0.0,0.0,16.869637992241252
2025-09-04 06:01:00+02:00,0.0560773462466297,0.0,0.0,10.757930790960453
2025-09-04 06:02:00+02:00,0.1332982486589253,0.0,0.0,14.392423903998598
2025-09-04 06:03:00+02:00,0.1867148083438085,0.0,0.0,18.444014355742297
2025-09-04 06:04:00+02:00,0.2546183274527149,0.0,0.0,20.63370098039216
2025-09-04 06:05:00+02:00,0.3391738478174514,0.0,0.0,17.493537763638503
2025-09-04 06:06:00+02:00,0.442519753149531,0.0,0.0,17.217755758807588
2025-09-04 06:07:00+02:00,0.5667143582142085,0.5447151301959234,0.0,22.838871212121216
2025-09-04 06:08:00+02:00,0.713687521423987,0.713687521423987,0.0,22.584483327181
2025-09-04 06:09:00+02:00,0.8851992875461575,0.8851992875461575,0.0,25.3485443583118
2025-09-04 06:10:00+02:00,1.082806807172631,1.082806807172631,0.0,22.00681917211329
2025-09-04 06:11:00+02:00,1.3076245914136129,1.3076245914136129,0.0,23.99084656084656
2025-09-04 06:12:00+02:00,1.558062361961405,1.558062361961405,0.5167789909538225,24.375820105820107
2025-09-04 06:13:00+02:00,1.8365788018794715,1.8365788018794715,1.3208598639673284,21.78684135472371
2025-09-04 06:14:00+02:00,2.1435215996431904,2.058081711031175,2.124873554910033,21.73517948717949
2025-09-04 06:15:00+02:00,2.4789874691660314,2.058081711031175,2.4789874691660314,22.16380687830688
2025-09-04 06:16:00+02:00,2.625651022936577,2.058081711031175,2.625651022936577,23.417677248677247
2025-09-04 06:17:00+02:00,2.9893107157597942,2.058081711031175,2.9893107157597942,20.43798397435897
2025-09-04 06:18:00+02:00,3.378888106410043,2.071273641086428,3.378888106410043,23.160625
2025-09-04 06:19:00+02:00,3.793785373405013,3.245293401979314,3.793785373405013,26.56576388888889
2025-09-04 06:20:00+02:00,4.233267748825851,4.233267748825851,4.233267748825851,27.236764705882354
2025-09-04 06:21:00+02:00,4.696484623698384,4.696484623698384,4.696484623698384,25.868849206349207
2025-09-04 06:22:00+02:00,5.182489973807691,5.182489973807691,5.182489973807691,31.366136363636368
2025-09-04 06:23:00+02:00,5.690261685458048,5.690261685458048,5.690261685458048,28.45547288359789
2025-09-04 06:24:00+02:00,6.301679227114325,6.301679227114325,6.301679227114325,32.10469642857143
2025-09-04 06:25:00+02:00,7.004361167361,7.004361167361,7.004361167361,27.109113425925926
2025-09-04 06:26:00+02:00,7.756184260690474,7.756184260690474,7.756184260690474,29.218697916666667
2025-09-04 06:27:00+02:00,8.558320394727815,8.558320394727815,8.558320394727815,29.69968055555556
2025-09-04 06:28:00+02:00,9.411860393170194,9.411860393170194,9.411860393170194,34.373114035087724
2025-09-04 06:29:00+02:00,10.317813241034091,10.317813241034091,10.317813241034091,31.949490740740742
2025-09-04 06:30:00+02:00,11.27710538045537,11.27710538045537,11.27710538045537,35.30596338383838
2025-09-04 06:31:00+02:00,12.290580525201175,12.290580525201175,12.290580525201175,35.67612381989833
2025-09-04 06:32:00+02:00,13.338392266960224,13.338392266960224,13.338392266960224,37.44074377828054
2025-09-04 06:33:00+02:00,14.432549170364869,14.432549170364869,14.432549170364869,39.26883333333333
2025-09-04 06:34:00+02:00,15.574913692723582,15.574913692723582,15.574913692723582,37.98869444444444
2025-09-04 06:35:00+02:00,16.765388324833836,16.765388324833836,16.765388324833836,34.92974740537241
2025-09-04 06:36:00+02:00,18.00381752940226,18.00381752940226,18.00381752940226,38.82118055555556
2025-09-04 06:37:00+02:00,19.289988434000765,19.289988434000765,19.289988434000765,41.22595833333333
2025-09-04 06:38:00+02:00,20.623639745275295,20.623639745275295,20.623639745275295,44.73447222222222
2025-09-04 06:39:00+02:00,22.00446230352568,22.00446230352568,22.00446230352568,41.0886037037037
2025-09-04 06:40:00+02:00,23.43210360569183,23.43210360569183,23.43210360569183,44.44565347222223
2025-09-04 06:41:00+02:00,24.90617137852029,24.90617137852029,24.90617137852029,48.101628472222224
2025-09-04 06:42:00+02:00,26.42623702079558,26.42623702079558,26.42623702079558,43.57473475355054
2025-09-04 06:43:00+02:00,27.99183886784385,27.99183886784385,27.99183886784385,47.41945370370371
2025-09-04 06:44:00+02:00,29.602485326894275,29.602485326894275,29.602485326894275,42.87685854076479
2025-09-04 06:45:00+02:00,31.257657842042867,31.257657842042867,31.257657842042867,44.08283333333333
2025-09-04 06:46:00+02:00,33.46062446740399,33.46062446740399,33.46062446740399,44.37138480392158
2025-09-04 06:47:00+02:00,35.271553832793415,35.271553832793415,35.271553832793415,43.36953533496732
2025-09-04 06:48:00+02:00,37.12567751396846,37.12567751396846,37.12567751396846,49.94092592592593
2025-09-04 06:49:00+02:00,39.02232747119493,39.02232747119493,39.02232747119493,51.033920138888895
2025-09-04 06:50:00+02:00,40.96082773692001,40.96082773692001,40.96082773692001,52.98494738247863
2025-09-04 06:51:00+02:00,42.940497072309725,42.940497072309725,42.940497072309725,55.59309821428571
2025-09-04 06:52:00+02:00,44.96065031537307,44.96065031537307,44.96065031537307,55.730879629629634
2025-09-04 06:53:00+02:00,47.020599578458935,47.020599578458935,47.020599578458935,59.304479166666674
2025-09-04 06:54:00+02:00,49.11965537438898,49.11965537438898,49.11965537438898,64.99244212962962
2025-09-04 06:55:00+02:00,51.257127628024165,51.257127628024165,51.257127628024165,58.51839583333334
2025-09-04 06:56:00+02:00,53.43232659698285,53.43232659698285,53.43232659698285,62.987678571428575
2025-09-04 06:57:00+02:00,55.644563729565945,55.644563729565945,55.644563729565945,66.3285909090909
2025-09-04 06:58:00+02:00,57.89315240619351,57.89315240619351,57.89315240619351,69.15118650793652
2025-09-04 06:59:00+02:00,60.177410193634586,60.177410193634586,60.177410193634586,71.4708134920635
2025-09-04 07:00:00+02:00,62.496653320150976,62.496653320150976,62.496653320150976,68.10162698412698
2025-09-04 07:01:00+02:00,64.85020643174519,64.85020643174519,64.85020643174519,71.53193347953216
2025-09-04 07:02:00+02:00,67.2373970198255,67.2373970198255,67.2373970198255,83.49599206349207
2025-09-04 07:03:00+02:00,69.65755737768403,69.65755737768403,69.65755737768403,90.55029970760232
2025-09-04 07:04:00+02:00,72.11002503280857,72.11002503280857,72.11002503280857,79.94534722222222
2025-09-04 07:05:00+02:00,74.59414311318409,74.59414311318409,74.59414311318409,78.80426587301588
2025-09-04 07:06:00+02:00,77.10926067353014,77.10926067353014,77.10926067353014,81.63570512820513
2025-09-04 07:07:00+02:00,79.65473300640335,79.65473300640335,79.65473300640335,92.59597222222222
2025-09-04 07:08:00+02:00,82.22992187195368,82.22992187195368,82.22992187195368,91.76939814814814
2025-09-04 07:09:00+02:00,84.8341957428656,84.8341957428656,84.8341957428656,86.55398214285714
2025-09-04 07:10:00+02:00,87.46693177036136,87.46693177036136,87.46693177036136,104.13118055555556
2025-09-04 07:11:00+02:00,90.12750886706708,90.12750886706708,90.12750886706708,105.99770833333334
2025-09-04 07:12:00+02:00,92.81531846412858,92.81531846412858,92.81531846412858,111.05402777777778
2025-09-04 07:13:00+02:00,95.52975755813918,95.52975755813918,95.52975755813918,110.20394444444445
2025-09-04 07:14:00+02:00,98.27023058551218,98.27023058551218,98.27023058551218,107.8890277777778
2025-09-04 07:15:00+02:00,101.03614949702104,101.03614949702104,101.03614949702104,95.48892195767196
2025-09-04 07:16:00+02:00,103.82693381328208,103.82693381328208,103.82693381328208,111.20431712962964
2025-09-04 07:17:00+02:00,105.46599388892136,106.64201068932492,106.64201068932492,117.22064814814814
2025-09-04 07:18:00+02:00,105.50873676066183,109.48081491327844,109.48081491327844,109.32807870370372
2025-09-04 07:19:00+02:00,104.60188183468829,112.34278894065292,112.34278894065292,107.72948412698412
2025-09-04 07:20:00+02:00,115.22738289270384,115.22738289270384,115.22738289270384,135.62587962962962
2025-09-04 07:21:00+02:00,118.13405649633737,118.13405649633737,118.13405649633737,134.3011111111111
2025-09-04 07:22:00+02:00,121.06227127528868,121.06227127528868,121.06227127528868,140.25956590413944
2025-09-04 07:23:00+02:00,124.0115021824177,124.0115021824177,124.0115021824177,145.94383796296296
2025-09-04 07:24:00+02:00,126.98122980040044,126.98122980040044,126.98122980040044,153.38979166666667
2025-09-04 07:25:00+02:00,129.97094223173153,129.97094223173153,129.97094223173153,149.25219907407407
2025-09-04 07:26:00+02:00,130.53442025659248,132.98013503871937,132.98013503871937,147.24283333333335
2025-09-04 07:27:00+02:00,136.00831120554506,136.00831120554506,136.00831120554506,140.6078869047619
2025-09-04 07:28:00+02:00,139.05498103906504,139.05498103906504,139.05498103906504,164.18680555555554
2025-09-04 07:29:00+02:00,142.11966211890712,142.11966211890712,142.11966211890712,157.67765625
2025-09-04 07:30:00+02:00,145.20187921675682,145.20187921675682,145.20187921675682,158.74180555555554
2025-09-04 07:31:00+02:00,148.3011642094541,148.3011642094541,148.3011642094541,157.90147817460317
2025-09-04 07:32:00+02:00,151.41705811459087,151.41705811459087,151.41705811459087,167.3439351851852
2025-09-04 07:33:00+02:00,154.5491025988876,154.5491025988876,154.5491025988876,167.2725
2025-09-04 07:34:00+02:00,157.69685245007565,157.69685245007565,157.69685245007565,171.55001984126986
2025-09-04 07:35:00+02:00,160.8598671311419,160.8598671311419,160.8598671311419,190.13054487179488
2025-09-04 07:36:00+02:00,164.03771276497935,164.03771276497935,164.03771276497935,187.8655687830688
2025-09-04 07:37:00+02:00,167.22996206342648,167.22996206342648,167.22996206342648,187.3601587301587
2025-09-04 07:38:00+02:00,170.4361941933695,170.4361941933695,170.4361941933695,199.03354166666668
2025-09-04 07:39:00+02:00,173.6559947041016,173.6559947041016,173.6559947041016,196.4743055555556
2025-09-04 07:40:00+02:00,176.88895542180518,176.88895542180518,176.88895542180518,199.48962009803924
2025-09-04 07:41:00+02:00,180.13467435073932,180.13467435073932,180.13467435073932,200.2495724789916
2025-09-04 07:42:00+02:00,183.3927555677197,183.3927555677197,183.3927555677197,202.2269756441224
2025-09-04 07:43:00+02:00,186.66280914625668,186.66280914625668,186.66280914625668,210.83064814814816
2025-09-04 07:44:00+02:00,189.944453225278,189.944453225278,189.944453225278,215.4163701201201
2025-09-04 07:45:00+02:00,193.2373051235425,193.2373051235425,193.2373051235425,220.30405621530625
2025-09-04 07:46:00+02:00,196.5409944384337,196.5409944384337,196.5409944384337,221.8776136363637
2025-09-04 07:47:00+02:00,199.85515414608824,199.85515414608824,199.85515414608824,229.46661904761905
2025-09-04 07:48:00+02:00,203.17942272502785,203.17942272502785,203.17942272502785,229.678625
2025-09-04 07:49:00+02:00,206.5134440208431,206.5134440208431,206.5134440208431,229.50433827160492
2025-09-04 07:50:00+02:00,209.8568671756788,209.8568671756788,209.8568671756788,236.80807936507935
2025-09-04 07:51:00+02:00,213.20934653133293,213.20934653133293,213.20934653133293,239.96181576797383
2025-09-04 07:52:00+02:00,216.57054150408104,216.57054150408104,216.57054150408104,245.66082843137252
2025-09-04 07:53:00+02:00,219.9401165530087,219.9401165530087,219.9401165530087,252.4442943805875
2025-09-04 07:54:00+02:00,223.3177410248984,223.3177410248984,223.3177410248984,254.4434595959596
2025-09-04 07:55:00+02:00,226.7030913671721,226.7030913671721,226.7030913671721,254.81298611111117
2025-09-04 07:56:00+02:00,230.09584194494363,230.09584194494363,230.09584194494363,258.9481875
2025-09-04 07:57:00+02:00,233.49567856731252,233.49567856731252,233.49567856731252,263.8421701388889
2025-09-04 07:58:00+02:00,236.9022893491778,236.9022893491778,236.9022893491778,260.4986525341131
2025-09-04 07:59:00+02:00,240.3153668543856,240.3153668543856,240.3153668543856,265.1859371693121
2025-09-04 08:00:00+02:00,243.7346080357418,243.7346080357418,243.7346080357418,277.461673992674
2025-09-04 08:01:00+02:00,247.15971414547928,247.15971414547928,247.15971414547928,280.1079556878307
2025-09-04 08:02:00+02:00,250.5903906462015,250.5903906462015,250.5903906462015,282.7079563492064
2025-09-04 08:03:00+02:00,254.02634715514225,254.02634715514225,254.02634715514225,288.6481712962963
2025-09-04 08:04:00+02:00,257.4672973265495,257.4672973265495,257.4672973265495,292.0890277777778
2025-09-04 08:05:00+02:00,260.9129587993958,260.9129587993958,260.9129587993958,294.9993148148148
2025-09-04 08:06:00+02:00,264.36305542839943,264.36305542839943,264.36305542839943,299.1408485623781
2025-09-04 08:07:00+02:00,267.8173079455077,267.8173079455077,267.8173079455077,302.95236912393165
2025-09-04 08:08:00+02:00,271.27544779333243,271.27544779333243,271.27544779333243,308.30952777777776
2025-09-04 08:09:00+02:00,274.7372077618394,274.7372077618394,274.7372077618394,311.1153683862434
2025-09-04 08:10:00+02:00,278.20232425561795,278.20232425561795,278.20232425561795,315.4574603174603
2025-09-04 08:11:00+02:00,281.6705372175168,281.6705372175168,281.6705372175168,320.20237962962966
2025-09-04 08:12:00+02:00,285.14159005337035,285.14159005337035,285.14159005337035,324.71334722222224
2025-09-04 08:13:00+02:00,288.6152295913484,288.6152295913484,288.6152295913484,326.10333531746033
2025-09-04 08:14:00+02:00,292.0912059763109,292.0912059763109,292.0912059763109,323.6992328042328
2025-09-04 08:15:00+02:00,295.5692726327818,295.5692726327818,295.5692726327818,328.58995701058205
2025-09-04 08:16:00+02:00,299.0491861942346,299.0491861942346,299.0491861942346,332.0451654259719
2025-09-04 08:17:00+02:00,302.53070877041387,302.53070877041387,302.53070877041387,336.4208186123912
2025-09-04 08:18:00+02:00,306.01359857265294,306.01359857265294,306.01359857265294,335.9662400793651
2025-09-04 08:19:00+02:00,309.49762382457845,309.49762382457845,309.49762382457845,342.19097222222223
2025-09-04 08:20:00+02:00,316.9702650168032,313.5238861436769,316.9702650168032,345.69511574074073
2025-09-04 08:21:00+02:00,320.4894917278085,317.48052123253,320.4894917278085,345.5948247863248
2025-09-04 08:22:00+02:00,324.00922897785324,321.9734984000676,324.00922897785324,351.67559027777776
2025-09-04 08:23:00+02:00,327.5292511490687,326.464571815876,327.5292511490687,349.7042881944444
2025-09-04 08:24:00+02:00,331.04933533397684,330.54231351763445,331.04933533397684,358.27242824074074
2025-09-04 08:25:00+02:00,334.56926131408534,334.22068406900456,334.56926131408534,358.67909722222225
2025-09-04 08:26:00+02:00,338.0888115057473,337.8977755611642,338.0102050280621,362.1525
2025-09-04 08:27:00+02:00,341.6077709081592,341.57358799411344,340.93568898140256,363.2418187830688
2025-09-04 08:28:00+02:00,345.1259270827845,344.8732725883577,343.8602163278009,373.5288194444445
2025-09-04 08:29:00+02:00,348.6430724292742,347.70202411831644,346.7837870672574,375.0714583333333
2025-09-04 08:30:00+02:00,351.500302689411,350.5288427578535,349.6574975529679,376.3157001262626
2025-09-04 08:31:00+02:00,354.0717178790634,353.3549036023173,352.204356966191,374.4029629629629
2025-09-04 08:32:00+02:00,356.97333418701527,356.18020665170724,354.6907521259518,379.9729652777778
2025-09-04 08:33:00+02:00,360.1544394491926,358.9033043887816,357.1764541197369,385.6899444444445
2025-09-04 08:34:00+02:00,363.3357841399068,361.28631949765816,359.66146294754634,388.7931150793651
2025-09-04 08:35:00+02:00,366.51736825915816,363.6414943621925,362.1457786093801,384.1382744107744
2025-09-04 08:36:00+02:00,369.676755033487,365.99614187167737,364.657946307492,393.82973484848486
2025-09-04 08:37:00+02:00,372.37078272399066,368.3502620261126,367.4047229896655,398.7422916666666
2025-09-04 08:38:00+02:00,374.8798555233535,370.7038548254981,370.2028784948524,400.9936944444444
2025-09-04 08:39:00+02:00,377.3890771686376,373.0811305885368,373.0001530754276,401.4208981481481
2025-09-04 08:40:00+02:00,379.8984476598431,375.78781265715,375.796546731391,406.2734758297258
2025-09-04 08:41:00+02:00,382.4079669969698,378.5982287273469,378.591698596597,411.60376984126987
2025-09-04 08:42:00+02:00,384.92842441878673,381.4078917609831,381.2416676167271,416.0090873015873
2025-09-04 08:43:00+02:00,387.840789525994,384.2168017580588,383.7757963220005,413.762375
2025-09-04 08:44:00+02:00,390.9484186108102,387.02495871857406,386.3092002680007,418.00428472222217
2025-09-04 08:45:00+02:00,394.0562758585352,389.635601174,388.84187945472735,420.3708573717949
2025-09-04 08:46:00+02:00,397.16436126916886,392.0676114021945,391.3738338821806,424.93919444444447
2025-09-04 08:47:00+02:00,400.2740100779794,394.4990562533412,393.907417794738,429.0158492063492
2025-09-04 08:48:00+02:00,403.4065879186087,396.9299357274403,396.59090274711406,430.2646904761905
2025-09-04 08:49:00+02:00,406.54741006176266,399.3602498244916,399.3626430201767,433.80925595238097
2025-09-04 08:50:00+02:00,409.6884650964646,401.7899985444956,402.13351321067336,434.3238734567901
2025-09-04 08:51:00+02:00,412.8297530227145,404.3486601728656,404.90351331860415,437.86327380952383
2025-09-04 08:52:00+02:00,415.9359954225673,407.0897475100702,407.6726433439689,440.8408101851852
2025-09-04 08:53:00+02:00,418.7713067782744,409.83142175331096,410.51857150011193,443.0525854700855
2025-09-04 08:54:00+02:00,421.5503548509787,412.57237504915145,413.5588612210988,446.2151592592593
2025-09-04 08:55:00+02:00,424.32958512348847,415.31260739759153,416.607508524464,444.7519805555556
2025-09-04 08:56:00+02:00,427.1089975958041,418.0726698698564,419.65509911780737,447.6434259259259
2025-09-04 08:57:00+02:00,429.8885922679255,420.9595241760144,422.701633001129,451.06567708333336
2025-09-04 08:58:00+02:00,432.8347475893571,423.8675336138261,425.7772756994453,456.2679563492063
2025-09-04 08:59:00+02:00,435.9777511500105,426.77472979531376,428.9057645391077,458.3929722222222
2025-09-04 09:00:00+02:00,439.120987602212,429.6811127204774,432.0342013891206,457.6244212962963
2025-09-04 09:01:00+02:00,442.2644569459616,432.5724304966225,435.1615215856612,464.5726041666667
2025-09-04 09:02:00+02:00,445.4094481598275,435.3251256956586,438.2859023151842,467.0649305555556
2025-09-04 09:03:00+02:00,448.6932481497015,438.04264510502514,441.0356163178097,465.6323611111111
2025-09-04 09:04:00+02:00,452.0694785436973,440.75945235895045,443.5039245076897,470.1613194444444
2025-09-04 09:05:00+02:00,455.44597747283257,443.4755474574348,445.9715356966582,469.7845833333333
2025-09-04 09:06:00+02:00,458.8227449371074,446.1909304004778,448.4384498847152,475.0057657657658
2025-09-04 09:07:00+02:00,461.7468495030975,448.5730205625878,450.9046670718608,475.5455341484342
2025-09-04 09:08:00+02:00,462.751510303402,450.537614296042,453.3701872580946,479.0392595899471
2025-09-04 09:09:00+02:00,463.5405047274271,452.5007927110841,455.8575091298939,480.022290954416
2025-09-04 09:10:00+02:00,464.3295138077313,454.4635983969131,458.3631530879867,486.0135509259259
2025-09-04 09:11:00+02:00,465.1185375443146,456.42603135352925,460.8680763527685,483.3288506944445
2025-09-04 09:12:00+02:00,465.9075759371768,458.3880915809322,463.37227892423977,485.4184675925926
2025-09-04 09:13:00+02:00,466.6966289863181,460.3497790791222,465.8757608024002,488.0599404761904
2025-09-04 09:14:00+02:00,467.4856966917384,462.3593258809435,468.3738879103878,495.4319791666667
2025-09-04 09:15:00+02:00,468.2747790534378,464.7976529620405,470.3732625212664,498.4633796296296
2025-09-04 09:16:00+02:00,469.0638760714164,467.3366423718192,472.04098655751136,495.0844444444445
2025-09-04 09:17:00+02:00,476.04212524523473,469.8750065809084,473.70839028561824,501.3008110119047
2025-09-04 09:18:00+02:00,479.75210684950616,472.41274558930826,475.3754737055869,502.50780555555554
2025-09-04 09:19:00+02:00,482.0017764287679,474.949859397019,477.0422368174173,499.0437500000001
2025-09-04 09:20:00+02:00,484.25156506392,477.3986017703161,478.7086796211097,506.3939583333333
2025-09-04 09:21:00+02:00,486.5014727549624,479.4749647540743,480.37480211666383,504.5941944444445
2025-09-04 09:22:00+02:00,488.7514995018951,481.50914129234377,482.04060430408,508.10850529100526
2025-09-04 09:23:00+02:00,491.0016453047181,483.5429153992795,483.7133075980845,510.8716666666666
2025-09-04 09:24:00+02:00,493.2394234984697,485.5762870748817,485.6167252513324,513.5574603174604
2025-09-04 09:25:00+02:00,495.4573397230933,487.6092563191501,487.6279972316962,516.9803777777778
2025-09-04 09:26:00+02:00,497.67514453924446,489.6418231320846,489.6388016858657,517.2546
2025-09-04 09:27:00+02:00,499.8930649771627,491.701936590186,491.6491386138408,523.7589030934342
2025-09-04 09:28:00+02:00,502.111101036848,494.1089274676365,493.6590080156208,522.6042058404558
2025-09-04 09:29:00+02:00,504.3292527183009,496.6191149951822,495.6684098912064,520.4641250263546
2025-09-04 09:30:00+02:00,506.5475200215207,499.1286879334561,497.6773442405976,521.0788060224089
2025-09-04 09:31:00+02:00,508.85133906581126,501.6376462824576,499.8151281324385,529.8508829365079
2025-09-04 09:32:00+02:00,511.24362002922834,504.1459900421867,502.18356955790415,525.8233134920634
2025-09-04 09:33:00+02:00,513.6360354368719,504.6859003175546,504.5559220910697,532.4471805555555
2025-09-04 09:34:00+02:00,516.0285852887423,494.6082335002233,506.9276216331037,531.786662037037
2025-09-04 09:35:00+02:00,518.4212695848396,499.17583396517335,509.2986681840064,534.2745256410257
2025-09-04 09:36:00+02:00,520.8140883251635,504.6463058819485,511.6690617437782,530.6952457264957
2025-09-04 09:37:00+02:00,520.3415854462453,508.87098009305697,510.9517144374708,537.9364115133233
2025-09-04 09:38:00+02:00,514.503696697582,512.3173568432326,505.9223800649269,534.608197167756
2025-09-04 09:39:00+02:00,524.0364404997056,515.7625716355658,514.8275502856975,543.8914583333334
2025-09-04 09:40:00+02:00,526.1101214310629,519.2066244700566,516.8185096914567,544.8064351851853
2025-09-04 09:41:00+02:00,528.1839033098274,519.1788853535193,518.809007853497,549.6918518518519
2025-09-04 09:42:00+02:00,530.2577861359985,512.0474326095332,520.7990447718182,547.6843428330928
2025-09-04 09:43:00+02:00,532.3317699095758,510.1707796614488,522.7886204464207,546.3302645502646
2025-09-04 09:44:00+02:00,534.4058546305596,518.7185943849988,524.777734877304,548.5192180735932
2025-09-04 09:45:00+02:00,536.4800402989504,524.3057268621728,526.7663880644689,551.6412297771673
2025-09-04 09:46:00+02:00,539.3783076670959,528.38402283558,529.715867896454,554.5105937118437
2025-09-04 09:47:00+02:00,545.0342417649213,532.4606866487263,536.5070818078732,560.1256076388889
2025-09-04 09:48:00+02:00,550.9046635185873,534.5966196108357,541.4306952156464,567.1182407407408
2025-09-04 09:49:00+02:00,545.9486178706857,527.2466622589179,533.4680388838758,541.9346944444445
2025-09-04 09:50:00+02:00,548.9384848936588,532.57820261395,539.6707407899021,566.655735042735
2025-09-04 09:51:00+02:00,555.5664520911664,538.8719508056374,545.5400074472227,560.0271924603175
2025-09-04 09:52:00+02:00,558.164896237214,541.5377477895138,548.0840316868332,553.0826898148149
2025-09-04 09:53:00+02:00,560.7634986502342,544.2028455073741,550.6272973636501,569.5755879629629
2025-09-04 09:54:00+02:00,563.3622593302268,546.8672439592183,553.1698044776731,573.5648333333334
2025-09-04 09:55:00+02:00,565.9611782771917,549.530943145046,555.7115530289022,574.7687857142856
2025-09-04 09:56:00+02:00,567.9653529094348,549.0519222376734,556.9172818102286,584.1544484126983
2025-09-04 09:57:00+02:00,562.8853004439552,545.3426078540949,551.5201367227498,580.9350925925926
2025-09-04 09:58:00+02:00,556.0616518580518,541.631937739256,545.5401207859156,577.3232559523809
2025-09-04 09:59:00+02:00,558.1253840779375,537.966003259977,547.8024292577015,572.5596388888889
2025-09-04 10:00:00+02:00,564.0821496556825,544.1020628681554,553.6459491105306,572.3150529100529
2025-09-04 10:01:00+02:00,569.5389684804643,553.1660036950907,558.885544530775,581.1480555555555
2025-09-04 10:02:00+02:00,573.5774635605246,557.9140282154522,562.6967298413113,581.9703009259259
2025-09-04 10:03:00+02:00,577.5328624018819,562.6598277520545,566.4453979989303,587.2840701058202
2025-09-04 10:04:00+02:00,581.4886276502175,569.2570625493447,570.1924122355454,591.6925
2025-09-04 10:05:00+02:00,581.8982954149396,578.3153897522955,571.1052175468342,598.5298633040935
2025-09-04 10:06:00+02:00,574.7042861370408,582.6010389807213,566.0637268248936,599.0677361111111
2025-09-04 10:07:00+02:00,572.8331613300338,563.1970180309479,560.8193571793299,592.7759027777778
2025-09-04 10:08:00+02:00,582.0297535705156,570.4699962113032,568.7367069776553,597.5329738562092
2025-09-04 10:09:00+02:00,577.7100708624321,564.0404790895261,566.5351014936869,602.1037608932462
2025-09-04 10:10:00+02:00,568.9656049153607,552.9828921271826,558.0335039461927,591.5547777777778
2025-09-04 10:11:00+02:00,570.2188054761434,561.0556621832525,556.3566046199428,589.1121666666667
2025-09-04 10:12:00+02:00,587.2441495434748,576.8952401392216,576.2706239631975,600.5561388888889
2025-09-04 10:13:00+02:00,601.0277208772457,584.1945768259786,587.9035561024493,614.3091527777777
2025-09-04 10:14:00+02:00,606.4733500676334,589.8439396223382,591.4011848324483,611.7076753968255
2025-09-04 10:15:00+02:00,611.7513583024186,594.8969000873717,594.6055065205737,623.5145734126985
2025-09-04 10:16:00+02:00,615.6487229864954,597.9630171507729,597.8086116043587,624.8773784722222
2025-09-04 10:17:00+02:00,617.8143167196713,600.8685737713758,601.0843754562545,624.0504473304474
2025-09-04 10:18:00+02:00,619.9756896290633,603.7732898927663,606.7216165862067,630.4863194444445
2025-09-04 10:19:00+02:00,622.1371717231705,606.6771655149441,613.4616517291718,630.2722652116403
2025-09-04 10:20:00+02:00,624.2987630019927,609.8815036589633,613.4377141429734,634.0915324074074
2025-09-04 10:21:00+02:00,626.4604634655302,614.1552494045302,606.6453902038497,639.4335694444444
2025-09-04 10:22:00+02:00,628.622273113783,618.5207386646168,603.4444256101074,641.7265972222223
2025-09-04 10:23:00+02:00,630.2800062497099,622.8998305349714,606.7862788330171,647.7979305555556
2025-09-04 10:24:00+02:00,631.0854248642181,627.5113192150172,610.2639292461838,648.800337962963
2025-09-04 10:25:00+02:00,631.877540098609,632.1990509673901,613.7401413595987,646.1604166666667
2025-09-04 10:26:00+02:00,632.6696699892791,637.7423295852591,617.3356289316707,654.0461557539683
2025-09-04 10:27:00+02:00,633.4618145362285,637.7393270033899,621.2901492504807,659.6554606227106
2025-09-04 10:28:00+02:00,634.2539737394568,614.888590840545,625.2666443092226,652.4091527777778
2025-09-04 10:29:00+02:00,635.0461475989644,624.3526535196404,629.2412522235954,649.9346338383838
2025-09-04 10:30:00+02:00,635.8383361147507,627.4887113859104,627.2218371417102,658.7590740740741
2025-09-04 10:31:00+02:00,636.6305392868157,630.4050907945834,634.2265987034962,661.6202175925927
2025-09-04 10:32:00+02:00,637.5304584483413,633.3206184223011,638.0576724960201,662.2513888888889
2025-09-04 10:33:00+02:00,642.3468594648891,636.2352942690641,641.8869892520047,663.4397987117552
2025-09-04 10:34:00+02:00,651.4358025331665,642.146646246948,644.9865109481286,652.0275865079365
2025-09-04 10:35:00+02:00,657.8069606838424,650.2628302566552,643.2875082559169,680.4336842592593
2025-09-04 10:36:00+02:00,647.1604777765292,641.262350201499,640.697381036771,673.7973981481482
2025-09-04 10:37:00+02:00,641.5640865005619,635.0587313579767,638.1064495683368,666.4189351851852
2025-09-04 10:38:00+02:00,637.4975979199,630.8478739156326,635.514713850614,635.6497853535353
2025-09-04 10:39:00+02:00,633.4314954597087,626.6352393006787,632.9221738836027,601.5052916666667
2025-09-04 10:40:00+02:00,637.0789221315367,631.3683858868972,635.6107184042753,661.8163525132276
2025-09-04 10:41:00+02:00,636.5183096130243,631.9871739329938,643.341484896865,671.6096230158731
2025-09-04 10:42:00+02:00,619.9716869857286,619.9027467176245,630.3950990234066,667.2304970760234
2025-09-04 10:43:00+02:00,641.0363966033394,633.5398272425693,640.8935766159618,663.4319444444444
2025-09-04 10:44:00+02:00,667.5338311675494,651.9372976064931,665.2108766743322,685.371351851852
2025-09-04 10:45:00+02:00,676.2373019710303,658.3770531701605,670.5167390964166,687.3190740740741
2025-09-04 10:46:00+02:00,680.9948603552014,666.9363108674743,666.9204742799238,698.6569444444444
2025-09-04 10:47:00+02:00,664.1174813350851,642.7266796025242,648.7538725087679,685.8556712962964
2025-09-04 10:48:00+02:00,678.5351074928533,669.2211042200145,675.922275412971,684.4663888888889
2025-09-04 10:49:00+02:00,674.113771454993,657.2364438158515,668.5254515967617,680.2485972222222
2025-09-04 10:50:00+02:00,657.3104081114598,634.5133810216914,646.6464740805329,682.3074470899471
2025-09-04 10:51:00+02:00,660.4515938988807,651.6712815660223,656.578725856612,684.8059351851851
2025-09-04 10:52:00+02:00,681.2681209451,642.4243319893656,683.8976494930876,707.7903051346801
2025-09-04 10:53:00+02:00,613.3469320590261,588.4150169152404,618.6183648961203,618.4409722222223
2025-09-04 10:54:00+02:00,692.9927495542609,678.0507884420738,680.7836032067034,717.2123228276354
2025-09-04 10:55:00+02:00,688.4088736174897,671.5311030365797,679.3226121055366,712.7930317460317
2025-09-04 10:56:00+02:00,696.7875071649682,680.2882075531622,677.2284725765471,714.6994935388685
2025-09-04 10:57:00+02:00,691.8068445867041,677.7015340658586,675.1338027076679,715.409212962963
2025-09-04 10:58:00+02:00,684.4880790129048,674.284686629625,673.0386024988993,661.3195965608465
2025-09-04 10:59:00+02:00,678.6073094632115,670.8666588649589,670.9428719502412,706.5262962962962
2025-09-04 11:00:00+02:00,673.0663143897414,666.1864543591134,668.8466110616932,702.8419444444444
2025-09-04 11:01:00+02:00,665.6642904988621,652.0225696597959,663.2108890942227,693.709375
2025-09-04 11:02:00+02:00,658.1889281154115,643.77306462766,651.7410744027202,684.228134920635
2025-09-04 11:03:00+02:00,673.9951507150672,660.9539681318549,669.4567050934102,694.7807638888889
2025-09-04 11:04:00+02:00,693.1708430633571,679.1261945995047,684.6836297114294,711.0271626984127
2025-09-04 11:05:00+02:00,708.0654690754677,690.5413551809927,690.1707641188912,729.7515277777778
2025-09-04 11:06:00+02:00,682.8974944605557,677.0857355857984,678.5910157879991,713.5694573412699
2025-09-04 11:07:00+02:00,697.1688768437025,684.6772644532557,685.5105070996065,718.0819444444445
2025-09-04 11:08:00+02:00,700.9606428031452,688.5824241229568,689.4208741195769,716.410375
2025-09-04 11:09:00+02:00,702.9614365889272,692.4860386650475,693.3293878446152,718.4479907407407
2025-09-04 11:10:00+02:00,704.9623235764536,693.5148931179226,696.7794300420014,724.4453333333335
2025-09-04 11:11:00+02:00,706.963303765725,683.5948180273012,698.9346798386059,704.1086111111111
2025-09-04 11:12:00+02:00,708.9643771567407,686.6656269406053,701.0132995725551,721.9203194444444
2025-09-04 11:13:00+02:00,710.9655437495012,690.3540537455453,703.0913940416078,723.3300347222222
2025-09-04 11:14:00+02:00,712.9668035440068,694.0411016447515,705.1689632457651,719.8054687499999
2025-09-04 11:15:00+02:00,716.6969643595112,698.9998960065611,707.2460071850264,731.8174305555555
2025-09-04 11:16:00+02:00,723.7020739765242,705.6498300529456,709.3225258593923,732.3259722222223
2025-09-04 11:17:00+02:00,733.3234478478134,715.4641474195489,714.8805839113259,683.3018885281385
2025-09-04 11:18:00+02:00,743.5550778137842,728.4103428690973,723.900080916912,757.2877297008548
2025-09-04 11:19:00+02:00,739.6495933203714,736.1657171459931,720.4400067681563,764.2979530423281
2025-09-04 11:20:00+02:00,735.3851177530357,732.922491744753,716.2620079585238,760.8877663690477
2025-09-04 11:21:00+02:00,730.9066338555103,718.3449358664827,711.7066333849302,752.551880787037
2025-09-04 11:22:00+02:00,715.0375742190809,701.9971016995889,696.459760553889,737.2951455026455
2025-09-04 11:23:00+02:00,689.0397895494971,703.3754516201886,681.956984136508,739.3103849206349
2025-09-04 11:24:00+02:00,668.11927237239,683.6261081531679,662.2103655757912,708.8516666666666
2025-09-04 11:25:00+02:00,655.4389843221575,651.0817274486521,642.206462760312,675.7854166666667
2025-09-04 11:26:00+02:00,663.7164395181669,653.8947417925192,646.9592662915256,687.7779861111111
2025-09-04 11:27:00+02:00,715.0240157452079,705.3455048781136,695.0062650309717,740.6587222222223
2025-09-04 11:28:00+02:00,725.205899192358,711.6784986443906,706.5815267688408,738.52375
2025-09-04 11:29:00+02:00,719.3422711443789,714.8050270333017,714.8958288404094,742.3360251322752
2025-09-04 11:30:00+02:00,703.1152051531365,697.4718308553242,701.0769772727374,739.1926388888888
2025-09-04 11:31:00+02:00,570.2640003781266,538.7627122670362,548.482350120609,546.5036944444445
2025-09-04 11:32:00+02:00,568.851608675564,567.5203164920786,563.6895937045006,597.0452083333333
2025-09-04 11:33:00+02:00,558.392869143267,553.5791951982198,527.9353364037934,537.6073611111111
2025-09-04 11:34:00+02:00,243.47814618282845,249.068412838382,250.6937406001365,205.4924479166667
2025-09-04 11:35:00+02:00,711.3606437604055,704.781796836334,694.3396550865039,739.0035357142857
2025-09-04 11:36:00+02:00,708.8624683891223,698.3137321260783,691.3937722895012,722.8790277777779
2025-09-04 11:37:00+02:00,711.7848312998608,701.1524001234616,694.2952283773998,726.1420405982907
2025-09-04 11:38:00+02:00,714.7073929658436,703.9902495229503,697.1956628012513,721.465707070707
2025-09-04 11:39:00+02:00,717.6301533870719,706.827280324545,700.0950755610561,719.0320128205127
2025-09-04 11:40:00+02:00,720.5531125635446,709.6170608994532,702.999206294417,719.9878089387465
2025-09-04 11:41:00+02:00,721.263569074092,710.1439578725224,706.0094126312836,728.4111659356726
2025-09-04 11:42:00+02:00,719.5694678737393,709.3983454529957,709.0586640791721,726.3051636904762
2025-09-04 11:43:00+02:00,717.8707147690823,708.652676441563,712.106783090695,729.0409201388889
2025-09-04 11:44:00+02:00,716.17202879821,707.906950838224,715.1537696658534,727.1689202279202
2025-09-04 11:45:00+02:00,714.4734099611226,707.1611686429785,714.0706978522444,732.7820138888889
2025-09-04 11:46:00+02:00,712.7748582578201,706.4153298558267,705.1810617304711,729.4888670634922
2025-09-04 11:47:00+02:00,711.0763736883025,705.6694344767689,707.5736291546366,732.0959583333333
2025-09-04 11:48:00+02:00,709.3779562525694,704.9234825058047,709.9654995778908,731.9813095238096
2025-09-04 11:49:00+02:00,707.6796059506214,704.1774739429345,712.3566730002335,729.9291203703702
2025-09-04 11:50:00+02:00,713.0766793297091,703.390547514186,714.7471494216647,723.9989384920635
2025-09-04 11:51:00+02:00,709.689421418298,702.2665763450038,717.1236542152053,729.1919343711844
2025-09-04 11:52:00+02:00,668.917578151546,701.0676516600565,715.563735778743,730.7206481481481
2025-09-04 11:53:00+02:00,702.3939627085938,699.8685808933785,710.7825622189252,730.6100438034188
2025-09-04 11:54:00+02:00,714.4330739012664,698.6693640449689,705.9986006554618,729.8935694444444
2025-09-04 11:55:00+02:00,708.2116232627538,697.4700011148284,704.7291524413358,726.1428333333333
2025-09-04 11:56:00+02:00,708.6650878845617,696.7339464843806,706.5604138834963,716.8080952380952
2025-09-04 11:57:00+02:00,710.7715669435656,699.1843273448826,708.391267073765,713.737183080808
2025-09-04 11:58:00+02:00,712.8781492732014,702.2325947520417,710.221712012142,720.3885902777778
2025-09-04 11:59:00+02:00,714.9848348734683,705.279918025235,712.0517486986271,714.2271071428572
2025-09-04 12:00:00+02:00,717.0916237443673,708.3262971644624,713.8813771332207,718.7155021367521
2025-09-04 12:01:00+02:00,719.198515885897,717.3005705985308,715.7105973159225,726.0267261904761
2025-09-04 12:02:00+02:00,721.2114400576652,719.8367594592614,717.4314698803528,729.5424074074075
2025-09-04 12:03:00+02:00,713.2182210671942,711.557695031189,711.7848937756603,725.1547323848239
2025-09-04 12:04:00+02:00,704.05096526026,705.012144417959,703.1629776615434,725.2181822612087
2025-09-04 12:05:00+02:00,699.4026818178929,698.871649401048,698.8641804007666,721.5918859649123
2025-09-04 12:06:00+02:00,694.7549014234087,692.1298979017286,694.8497692674814,716.296736111111
2025-09-04 12:07:00+02:00,686.3566551038284,684.9801551443352,690.9441956017135,711.4994391025642
2025-09-04 12:08:00+02:00,682.7760775834761,686.5957815830352,693.8410797855638,699.9016944444444
2025-09-04 12:09:00+02:00,694.0628907825624,694.1359412119486,700.7178808563924,711.6350347222223
2025-09-04 12:10:00+02:00,701.2358110461491,700.2252817653357,706.6280274980759,716.2553282828284
2025-09-04 12:11:00+02:00,706.4086299590642,705.7031898256362,711.8125156033727,720.7432916666667
2025-09-04 12:12:00+02:00,706.6464756922105,710.0644311990213,716.7242758252507,727.5870126262625
2025-09-04 12:13:00+02:00,706.6464756922105,709.8208661056226,716.2492593139775,725.1940567129628
2025-09-04 12:14:00+02:00,706.6464756922105,709.0752291629369,713.6742484757144,726.6025
2025-09-04 12:15:00+02:00,706.6464756922105,708.3295356283445,711.0984285938409,723.2014888888889
2025-09-04 12:16:00+02:00,706.6464756922105,707.583785501846,708.5217996683568,723.0008023504273
2025-09-04 12:17:00+02:00,706.6464756922105,706.8379787834415,705.9443616992626,723.5738657407406
2025-09-04 12:18:00+02:00,706.6464756922105,706.0921154731302,703.4658640754046,717.0684543650794
2025-09-04 12:19:00+02:00,706.6464756922105,705.3461955709126,701.3857245812708,718.4905773809523
2025-09-04 12:20:00+02:00,706.6464756922105,704.6002190767895,699.3463290112693,723.7526785714285
2025-09-04 12:21:00+02:00,702.6768150617113,703.8541859907598,697.306427764936,727.4151388888889
2025-09-04 12:22:00+02:00,694.613879261171,697.8476112341355,695.2660208422708,715.1994004629629
2025-09-04 12:23:00+02:00,687.9268004303744,691.3871034699516,693.2251082432736,718.2532638888888
2025-09-04 12:24:00+02:00,682.2124953280554,686.6508435856958,691.1836899679445,715.9863422035481
2025-09-04 12:25:00+02:00,682.1373037362937,686.6212348111228,693.7515496714354,710.0398638344227
2025-09-04 12:26:00+02:00,684.0392586163598,689.1937157212446,697.0069823986335,708.9853472222222
2025-09-04 12:27:00+02:00,695.5111045286142,695.3142451529563,701.3903459479318,704.7991666666667
2025-09-04 12:28:00+02:00,708.0424789897843,707.508502909425,709.9605172390391,719.4032407407408
2025-09-04 12:29:00+02:00,709.8059164136421,712.3968448550822,716.1647007290026,723.894861111111
2025-09-04 12:30:00+02:00,711.5694262141863,714.8391376334882,718.0727358249376,722.9968148148149
2025-09-04 12:31:00+02:00,713.3330083914175,717.280822747517,718.0727358249376,724.0978450854701
2025-09-04 12:32:00+02:00,715.0966629453358,719.7219001971682,718.0727358249376,723.0871212121211
2025-09-04 12:33:00+02:00,716.8603898759409,722.1623699824413,718.0727358249376,723.3813596491227
2025-09-04 12:34:00+02:00,718.6241891832328,724.9846762219101,718.0727358249376,727.7445833333333
2025-09-04 12:35:00+02:00,720.3880608672121,732.5567874881049,718.0727358249376,728.3899074074075
2025-09-04 12:36:00+02:00,721.4044352961998,741.735452824508,718.0727358249376,731.2455092592592
2025-09-04 12:37:00+02:00,718.5643641771492,750.0587566787606,718.0727358249376,731.2389583333334
2025-09-04 12:38:00+02:00,715.1670045432652,735.0739120867124,718.0727358249376,732.7872097578347
2025-09-04 12:39:00+02:00,711.7699134445209,725.4863469334773,717.8651156969904,733.4494907407408
2025-09-04 12:40:00+02:00,708.3730908809159,714.3574512686862,716.0615651851133,705.1500694444445
2025-09-04 12:41:00+02:00,705.2497014193214,708.9982723849964,713.9252681421406,731.8664682539684
2025-09-04 12:42:00+02:00,702.4089447103138,706.7036319428885,711.7884142463263,731.5650853174603
2025-09-04 12:43:00+02:00,699.5683758679536,704.408455719419,709.6510034976695,729.736550925926
2025-09-04 12:44:00+02:00,696.7279948922405,702.1127437145876,707.5130358961708,732.0659305555555
2025-09-04 12:45:00+02:00,693.8878017831744,699.8164959283949,705.3745114418298,732.4516203703703
2025-09-04 12:46:00+02:00,697.1497006918387,697.5197123608402,696.7702158031068,712.2002678571429
2025-09-04 12:47:00+02:00,673.6541372467282,679.8940514257606,678.5434288396821,684.4249305555555
2025-09-04 12:48:00+02:00,651.9268866042187,654.179561713569,656.6710305485096,658.2391666666666
2025-09-04 12:49:00+02:00,636.3377220570012,642.5358871451808,638.890983175754,634.7120833333333
2025-09-04 12:50:00+02:00,648.2174329132292,654.229634332359,650.2964021735845,651.6411527777777
2025-09-04 12:51:00+02:00,661.8225109033651,667.8495958748517,663.2397041933589,662.5798958333334
2025-09-04 12:52:00+02:00,670.7461274256889,676.6399189319125,671.1239879185912,660.8766837606837
2025-09-04 12:53:00+02:00,680.8651774163625,686.4526486854845,687.8234407696177,680.9258333333333
2025-09-04 12:54:00+02:00,693.3907692856887,698.6802710688885,692.0975643212585,693.9672268518519
2025-09-04 12:55:00+02:00,703.1490668579954,706.345292243391,694.5343220103889,703.6225793650793
2025-09-04 12:56:00+02:00,695.4742406490684,689.5653586577487,696.9703590062084,699.7841666666667
2025-09-04 12:57:00+02:00,704.5264009188413,699.4735295417743,699.405675308717,700.7037023809524
2025-09-04 12:58:00+02:00,712.6472412916316,702.6931854734403,701.840270917915,707.4535011574075
2025-09-04 12:59:00+02:00,719.3759002449281,711.9217745860246,703.5744806102452,708.101537037037
2025-09-04 13:00:00+02:00,710.7840518317457,712.9507311896093,703.6454638552834,713.877232905983
2025-09-04 13:01:00+02:00,705.0165155619891,708.2496758545037,703.6454638552834,713.3112777777778
2025-09-04 13:02:00+02:00,703.3729209131868,706.2330485665525,703.6454638552834,718.9642708333334
2025-09-04 13:03:00+02:00,701.7293891517861,704.2160075117279,703.6454638552834,718.5105158730158
2025-09-04 13:04:00+02:00,700.0859202777874,702.1985526900296,703.6454638552834,723.0136058201057
2025-09-04 13:05:00+02:00,698.4425142911896,700.1806841014582,703.6454638552834,718.6418194444444
2025-09-04 13:06:00+02:00,696.7991711919935,698.1624017460133,703.6454638552834,717.2936721611721
2025-09-04 13:07:00+02:00,695.1558909801993,695.9551917923131,703.6454638552834,715.6409885531135
2025-09-04 13:08:00+02:00,693.512673655807,692.6525741901778,703.6454638552834,712.6422781986531
2025-09-04 13:09:00+02:00,691.8015824565002,689.1723766233561,700.5213333098488,706.3041633597883
2025-09-04 13:10:00+02:00,686.648708063572,685.6909508494227,694.3720379173035,703.43083994709
2025-09-04 13:11:00+02:00,679.5720840615663,682.9919036993219,689.0115152451158,702.441858974359
2025-09-04 13:12:00+02:00,680.0438226898596,687.1950463155908,686.3034051305713,701.3163952991454
2025-09-04 13:13:00+02:00,687.1205244886669,693.0114240290413,683.8081320927304,706.0421441798941
2025-09-04 13:14:00+02:00,687.6380655242508,692.4429172829632,681.3121048453884,707.4550299145299
2025-09-04 13:15:00+02:00,677.4104721288115,683.0053282239785,678.8153233885448,701.1237500000001
2025-09-04 13:16:00+02:00,669.6667709381557,675.7637131667989,676.3177877222004,698.3347685185186
2025-09-04 13:17:00+02:00,661.2372647527575,668.0460435295072,668.3365795932,685.531875
2025-09-04 13:18:00+02:00,605.284453871503,617.8651280848587,615.9823624141563,643.904675925926
2025-09-04 13:19:00+02:00,628.1490764665739,639.0996805079847,646.0279468975498,657.5038194444445
2025-09-04 13:20:00+02:00,660.833614653189,668.313279197655,675.7810883837747,687.1524930555555
2025-09-04 13:21:00+02:00,670.6573980492101,682.7601315892405,690.2953066862333,699.4446388888888
2025-09-04 13:22:00+02:00,673.2408863206147,685.1974070480569,692.8613617399276,691.4447023809524
2025-09-04 13:23:00+02:00,675.8245302028104,687.6123519427799,695.4050558223646,690.219742063492
2025-09-04 13:24:00+02:00,678.4083296957965,690.0267059818361,697.9479644128683,689.1567592592593
2025-09-04 13:25:00+02:00,680.9922847995738,692.4404691652257,700.490087511439,696.3937222222222
2025-09-04 13:26:00+02:00,684.807703002069,694.853641492949,703.3423659135226,703.595517094017
2025-09-04 13:27:00+02:00,695.9165715350844,700.8851834494774,712.640783232132,716.3533333333334
2025-09-04 13:28:00+02:00,696.0688166673183,709.0637059772841,721.8805822667168,724.8670138888889
2025-09-04 13:29:00+02:00,692.2346592145441,706.0748642216472,728.9057988953989,722.2087847222223
2025-09-04 13:30:00+02:00,688.4008441487347,701.4468460859557,727.2514249700359,720.4422817460318
2025-09-04 13:31:00+02:00,684.6049528734563,696.2988333464234,721.6440722862965,708.1902223875662
2025-09-04 13:32:00+02:00,681.5891498853498,686.0926645352438,712.4190234131518,705.7078630952382
2025-09-04 13:33:00+02:00,678.8835630935903,691.7822371777754,706.1986864619439,699.0746964285714
2025-09-04 13:34:00+02:00,676.1781469029481,704.623651250613,701.1566477915262,699.9434027777778
2025-09-04 13:35:00+02:00,673.4729013134233,692.8519233104007,696.9484851819964,696.6433333333333
2025-09-04 13:36:00+02:00,670.7678263250164,685.6292895340191,692.7381702068469,696.471550925926
2025-09-04 13:37:00+02:00,669.3038687627122,679.4557688780092,687.7443255821106,683.1485601851851
2025-09-04 13:38:00+02:00,663.7295795768121,674.5251340997861,680.1307263640153,679.3632962962963
2025-09-04 13:39:00+02:00,653.3460095949181,669.5920409644757,673.9466560178869,678.5407465277777
2025-09-04 13:40:00+02:00,649.3732115746263,664.4781041931744,671.0681045084755,673.9803712606838
2025-09-04 13:41:00+02:00,646.1136277543781,659.2000459525932,668.2797344838787,671.3977435897435
2025-09-04 13:42:00+02:00,642.8542919283097,653.9191793123396,665.4904261601837,668.9441018518519
2025-09-04 13:43:00+02:00,639.5952040964214,648.6355042724135,662.7001795373901,668.8563888888889
2025-09-04 13:44:00+02:00,641.5290389024688,639.3367117404489,666.0963556930151,661.0307407407407
2025-09-04 13:45:00+02:00,649.3850523952572,641.1323728201612,666.3135436355046,658.0255026455027
2025-09-04 13:46:00+02:00,652.2044833139448,659.0624286789657,673.2175436864868,666.4543402777778
2025-09-04 13:47:00+02:00,650.4989544631476,657.0021117087406,670.9988808301594,665.9219502314814
2025-09-04 13:48:00+02:00,648.7934934955294,654.9413671309312,668.779623574444,662.9563888888889
2025-09-04 13:49:00+02:00,647.0881004110911,652.8801949455365,666.5597719193415,664.1065625
2025-09-04 13:50:00+02:00,645.3827752098321,650.818595152557,664.3393258648518,667.8545833333334
2025-09-04 13:51:00+02:00,643.6775178917526,648.7565677519924,662.1182854109747,666.5134722222223
2025-09-04 13:52:00+02:00,641.9723284568524,646.6941127438431,660.3533684776587,661.6230085470086
2025-09-04 13:53:00+02:00,640.2672069051318,645.513737805021,660.2114183005801,660.2928174603175
2025-09-04 13:54:00+02:00,638.5621532365903,645.5080074880975,660.2114183005801,658.3978571428571
2025-09-04 13:55:00+02:00,637.6670272350914,645.5080074880975,660.2114183005801,658.1136342592592
2025-09-04 13:56:00+02:00,637.6670272350914,645.5080074880975,660.2114183005801,659.0643531746032
2025-09-04 13:57:00+02:00,637.6670272350914,645.5080074880975,660.2114183005801,658.2680694444444
2025-09-04 13:58:00+02:00,637.6670272350914,645.5080074880975,660.2114183005801,658.6502643849207
2025-09-04 13:59:00+02:00,637.6670272350914,645.5080074880975,660.2114183005801,660.2943701923077
2025-09-04 14:00:00+02:00,637.6670272350914,645.5080074880975,660.2114183005801,658.5457361111111
2025-09-04 14:01:00+02:00,637.6670272350914,645.5080074880975,660.2114183005801,657.0259313725489
2025-09-04 14:02:00+02:00,637.6670272350914,645.447044416393,658.300873863278,655.9457046568627
2025-09-04 14:03:00+02:00,637.6670272350914,644.1210052169099,653.9930511103205,659.0776048976608
2025-09-04 14:04:00+02:00,637.4572134971295,642.2916957532527,649.6770000514812,653.5769415204678
2025-09-04 14:05:00+02:00,632.8940190291312,640.4620501989721,645.7348800668135,646.4336388888888
2025-09-04 14:06:00+02:00,626.6007556759657,638.6320685540682,643.4858291074229,645.0893783068783
2025-09-04 14:07:00+02:00,622.181361718018,636.8017508185405,641.4417458429909,645.1530972222222
2025-09-04 14:08:00+02:00,621.3094094301191,634.9710969923892,639.3971616281478,643.7699444444444
2025-09-04 14:09:00+02:00,620.5215647779617,633.1401070756137,637.3520764628938,645.1839682539683
2025-09-04 14:10:00+02:00,619.7337346316347,631.3659145679553,635.3064903472291,641.5288234126984
2025-09-04 14:11:00+02:00,618.9459189911383,630.370332267518,633.2604032811537,642.3164675925926
2025-09-04 14:12:00+02:00,618.1581178564729,629.6212722603937,631.3486774062121,636.12515625
2025-09-04 14:13:00+02:00,617.3703312276384,628.8721560496426,630.4076796308643,638.8309722222222
2025-09-04 14:14:00+02:00,616.582559104635,628.1229836352645,629.6554218172223,638.5709126984127
2025-09-04 14:15:00+02:00,615.7948014874623,627.3737550172598,628.9030963581858,635.954417989418
2025-09-04 14:16:00+02:00,614.9925355117307,626.6244701956282,628.1507032537554,633.9223015873016
2025-09-04 14:17:00+02:00,612.6291346924932,625.8751291703695,627.398242503931,631.1751884920635
2025-09-04 14:18:00+02:00,609.2276071707927,625.125731941484,626.6457141087124,624.8975892857143
2025-09-04 14:19:00+02:00,606.3369565701757,624.3762785089712,625.8931180680997,629.107800925926
2025-09-04 14:20:00+02:00,604.3096707084997,623.2322326421479,625.1404543820929,628.7433055555556
2025-09-04 14:21:00+02:00,602.2959674853048,620.5941423858101,624.3877230506923,628.3560277777777
2025-09-04 14:22:00+02:00,600.2823591061447,617.8143722008333,617.6238097419775,625.2373611111111
2025-09-04 14:23:00+02:00,598.2688455710193,614.9776584374738,613.2843516250991,627.9858589616402
2025-09-04 14:24:00+02:00,596.2554268799283,612.0857955663587,610.7229326379334,627.03275
2025-09-04 14:25:00+02:00,594.2421030328719,609.1930977530355,608.1607327456395,623.470302579365
2025-09-04 14:26:00+02:00,592.1904616169484,606.2995649975041,605.5977519482169,617.8813044871795
2025-09-04 14:27:00+02:00,589.341907190056,603.405197299764,603.0310052362888,612.4004662698412
2025-09-04 14:28:00+02:00,586.1766838245487,600.0635766371754,599.8513399545327,612.5852314814815
2025-09-04 14:29:00+02:00,583.0116949595072,596.2272470633986,596.210423103076,605.7188472222223
2025-09-04 14:30:00+02:00,579.8469405949315,592.3894526144841,592.5679336583883,607.965
2025-09-04 14:31:00+02:00,576.7717789550029,588.5837641442918,588.9262525650167,601.3103472222223
2025-09-04 14:32:00+02:00,574.4336544877035,586.1931494686696,586.2357355739796,596.0170238095238
2025-09-04 14:33:00+02:00,572.2592349081701,584.5500077389529,584.3043327378698,590.5401111111111
2025-09-04 14:34:00+02:00,570.0849260712591,582.9065979591912,582.3724887096942,597.3764583333333
2025-09-04 14:35:00+02:00,567.9107279769705,581.2629201293848,580.4402034894526,594.0683449074074
2025-09-04 14:36:00+02:00,565.7366406253043,579.6189742495337,578.5074770771453,590.6684628817414
2025-09-04 14:37:00+02:00,563.5626640162607,577.9747603196379,576.574309472772,589.4976111111112
2025-09-04 14:38:00+02:00,561.338571676619,576.3302783396973,574.6407006763327,588.1388576388889
2025-09-04 14:39:00+02:00,558.628796652341,574.685528309712,572.6580987972732,587.7820185185185
2025-09-04 14:40:00+02:00,555.7977526490031,572.9350763201032,570.3512712438321,585.6329710144927
2025-09-04 14:41:00+02:00,552.9668965123124,569.3914651650405,567.9844424971586,584.5027777777779
2025-09-04 14:42:00+02:00,550.1362282422685,565.2135403075235,565.6169537190694,578.9187499999999
2025-09-04 14:43:00+02:00,547.3057478388721,561.033888691069,563.2488049095648,579.045267094017
2025-09-04 14:44:00+02:00,542.4771620280437,557.4800859389254,560.8799960686442,574.1488888888889
2025-09-04 14:45:00+02:00,535.5834234680781,555.26420365991,558.4937758058895,574.1750000000001
2025-09-04 14:46:00+02:00,529.977207723472,553.0896919859742,555.7940997669032,566.5493819444445
2025-09-04 14:47:00+02:00,527.2659085285313,550.9147137519637,552.9762323743983,568.4146031746031
2025-09-04 14:48:00+02:00,524.6619706440706,548.7392689578787,550.1574326687385,565.5180868055555
2025-09-04 14:49:00+02:00,522.0581919271037,546.5633576037187,547.3377006499236,560.8734132996633
2025-09-04 14:50:00+02:00,519.4545723776312,544.3754632216078,544.5184101394564,562.6098611111112
2025-09-04 14:51:00+02:00,516.8511119956529,537.5784700152378,542.2478806099562,559.1538888888889
2025-09-04 14:52:00+02:00,518.0749581326766,530.7313922461933,540.4152182055084,551.8369642857143
2025-09-04 14:53:00+02:00,523.6975156429169,534.969185244491,538.5821626527531,551.4292303240741
2025-09-04 14:54:00+02:00,529.0957338720227,539.9688998568879,536.74871395169,554.0831096491228
2025-09-04 14:55:00+02:00,530.0423893197121,542.2036794919893,534.9148721023191,551.732829710145
2025-09-04 14:56:00+02:00,529.256226860389,538.1433086450484,533.0806371046413,551.3845833333334
2025-09-04 14:57:00+02:00,528.4700789068966,533.82920036867,531.2460089586555,549.2552804232804
2025-09-04 14:58:00+02:00,527.683945459235,530.5207388111996,529.4351468993373,546.1110945767197
2025-09-04 14:59:00+02:00,526.8978265174042,537.449423426983,531.4635592348384,542.8562499999999
2025-09-04 15:00:00+02:00,526.111722081404,542.7345935234737,536.2685312245178,544.9449603174603
2025-09-04 15:01:00+02:00,525.3256321512349,540.8435971642195,541.0708053825742,548.6423148148148
2025-09-04 15:02:00+02:00,524.5395567268968,538.8441784071074,541.1949309668346,551.3827222222222
2025-09-04 15:03:00+02:00,523.7534958083893,536.8443663128612,536.6636919425878,546.1157015669515
2025-09-04 15:04:00+02:00,522.4032959121369,534.8441608814808,532.130050872649,546.3038995726496
2025-09-04 15:05:00+02:00,517.3203537850188,532.8435621129665,527.9494710967526,540.6833785529716
2025-09-04 15:06:00+02:00,512.963523500779,530.842570007318,524.774408398458,540.7443287037037
2025-09-04 15:07:00+02:00,509.3982783478306,528.7008635592788,521.6574561298908,540.3477777777778
2025-09-04 15:08:00+02:00,505.8333317836447,525.5481259316919,518.5393714249585,535.0999305555556
2025-09-04 15:09:00+02:00,502.2686838082212,522.1978385103018,515.4201542836611,536.2604166666666
2025-09-04 15:10:00+02:00,498.9514549041367,518.8464501611963,510.44067739020335,530.017003968254
2025-09-04 15:11:00+02:00,496.0298495501486,515.494619117519,503.4018353199469,528.159525462963
2025-09-04 15:12:00+02:00,493.1129373318732,512.276668773291,497.83757160893975,521.9462731481482
2025-09-04 15:13:00+02:00,490.1962251368154,509.1591360149019,494.63924787220776,525.694212962963
2025-09-04 15:14:00+02:00,487.279712964976,506.0406524384336,491.46667196584673,520.4643518518518
2025-09-04 15:15:00+02:00,483.39431136467766,502.9212180438856,488.2929310366866,516.2067923280423
2025-09-04 15:16:00+02:00,476.06556203093,499.6901826728401,485.0469683382456,509.4841773504274
2025-09-04 15:17:00+02:00,468.6513066522946,495.1923832395237,479.524811124632,504.50932692307697
2025-09-04 15:18:00+02:00,461.9999452523593,490.336284272754,472.93185228872096,506.9318055555555
2025-09-04 15:19:00+02:00,452.1390595957521,481.9718334901863,449.62610901448056,500.6888333333333
2025-09-04 15:20:00+02:00,430.310260261509,448.58087055675264,451.06516237566046,497.799875
2025-09-04 15:21:00+02:00,452.5146945195626,460.2524039178421,468.9733283040045,461.2548611111111
2025-09-04 15:22:00+02:00,468.49759042803583,483.9939720907259,468.3172538677578,459.66151175213673
2025-09-04 15:23:00+02:00,466.7236956009047,482.4645532679902,467.55055827217865,487.3647156084656
2025-09-04 15:24:00+02:00,464.9498748434253,480.9285061589535,466.78379503120544,493.6076587301588
2025-09-04 15:25:00+02:00,463.1761281555978,479.39222952738,466.0169641448382,491.7026145833333
2025-09-04 15:26:00+02:00,461.4024555374219,477.8557233732698,465.25006561307686,493.1985127314815
2025-09-04 15:27:00+02:00,459.6288569888977,476.31898769662286,464.4830994359214,489.1496363636364
2025-09-04 15:28:00+02:00,457.8553325100252,474.7820224974397,463.71606561337205,486.80049242424246
2025-09-04 15:29:00+02:00,456.0818821008043,473.2448277757197,462.9489641454289,488.483373015873
2025-09-04 15:30:00+02:00,454.2640672462272,471.7074035314631,462.1628405294999,485.2753830891331
2025-09-04 15:31:00+02:00,452.1500873263072,470.1235389401174,460.5770006602317,485.9008234126984
2025-09-04 15:32:00+02:00,449.9819044021277,467.8406992333504,458.5685387819735,482.7311111111112
2025-09-04 15:33:00+02:00,447.8138322205708,465.3234746586403,456.55961357998217,480.02288194444446
2025-09-04 15:34:00+02:00,445.6458707816362,462.8056354946581,454.4058982767476,479.4271527777778
2025-09-04 15:35:00+02:00,443.4780200853241,460.28718174140414,451.2891733613768,474.4177083333333
2025-09-04 15:36:00+02:00,441.3102801316341,457.7681133988781,447.99480568647726,471.06902777777776
2025-09-04 15:37:00+02:00,439.1028781641371,455.2505008813779,444.69919432225646,469.5726507936508
2025-09-04 15:38:00+02:00,436.58992614686287,452.7481912606473,441.4023392687142,463.4556944444444
2025-09-04 15:39:00+02:00,434.0134941901104,450.248590057254,438.315425908884,463.9524166666667
2025-09-04 15:40:00+02:00,431.4372187220637,447.7483846081224,435.4770872353815,463.6268194444445
2025-09-04 15:41:00+02:00,428.86109974272296,445.2475749132525,432.6378280500377,466.7484111721612
2025-09-04 15:42:00+02:00,426.2851372520884,442.7461609726444,429.7976483528527,462.41467460317466
2025-09-04 15:43:00+02:00,423.7583294976493,440.3197620801728,426.95654814382647,456.2336363636364
2025-09-04 15:44:00+02:00,421.4989205710386,438.3053506633708,424.3673825179883,452.6801816239317
2025-09-04 15:45:00+02:00,419.2797173075774,436.3524417065701,422.49404745069023,450.956748366013
2025-09-04 15:46:00+02:00,417.060630227835,434.3991649194632,420.6624724202826,449.56350710155857
2025-09-04 15:47:00+02:00,414.84165933181146,432.44552030204994,418.8305154167843,446.454445611578
2025-09-04 15:48:00+02:00,412.6228046195068,430.4915078543305,416.9981764401951,446.85130411255415
2025-09-04 15:49:00+02:00,410.404066090921,428.5371275763046,415.165455490515,445.22204166666666
2025-09-04 15:50:00+02:00,407.65052663108514,426.5823794679725,413.33235256774384,445.8456392450142
2025-09-04 15:51:00+02:00,403.10741662480825,423.362847468603,411.498867671882,438.0244444444445
2025-09-04 15:52:00+02:00,398.42080978197504,418.5561350409043,408.967801605201,431.674963023088
2025-09-04 15:53:00+02:00,393.8979099692696,413.7432337024304,403.0852299036065,426.3334325396825
2025-09-04 15:54:00+02:00,390.82774248724047,409.5699068049176,396.8280222178541,425.1309722222222
2025-09-04 15:55:00+02:00,388.1004456184164,406.48025732951504,392.95132724772645,421.9634325396826
2025-09-04 15:56:00+02:00,385.3733244812847,403.4066550678823,390.2606339158645,417.6920138888889
2025-09-04 15:57:00+02:00,382.64637907584535,400.3321473357482,387.5691218222376,415.8584490740741
2025-09-04 15:58:00+02:00,379.9196094020984,397.25673413311296,384.8767909668458,413.03657051282056
2025-09-04 15:59:00+02:00,376.81489263494313,393.87588631380527,382.1836413496892,412.4561111111111
2025-09-04 16:00:00+02:00,372.9943472114699,390.2183217922601,379.5150473372309,406.6550854700855
2025-09-04 16:01:00+02:00,369.1571730828439,386.5594782115044,376.9417382713138,404.2471527777778
2025-09-04 16:02:00+02:00,365.32034711976354,382.8993555715378,374.3767500986703,404.5684722222222
2025-09-04 16:03:00+02:00,361.9700886802096,379.72585983434624,371.81102055389937,399.93888888888887
2025-09-04 16:04:00+02:00,359.442029253586,377.1281645981701,369.2445496370012,398.2627777777778
2025-09-04 16:05:00+02:00,356.9269630962262,374.5298258547843,366.6773373479759,395.3652991452991
2025-09-04 16:06:00+02:00,354.41204660600505,371.9308436041888,364.6467229076108,393.47583333333336
2025-09-04 16:07:00+02:00,351.8972797829224,369.33121784638377,363.8248154408028,387.3679166666666
2025-09-04 16:08:00+02:00,349.3826626269783,366.75740283602266,363.04761712400006,389.4938333333334
2025-09-04 16:09:00+02:00,347.4333771948136,364.8973719936572,362.2703509283422,389.328514957265
2025-09-04 16:10:00+02:00,346.6193263466876,363.35457023437294,361.49301685382926,383.4148680555556
2025-09-04 16:11:00+02:00,345.83655559234825,361.81154210746325,360.7156149004615,385.0247441520468
2025-09-04 16:12:00+02:00,345.05379934383984,360.26828761292813,359.93814506823867,384.9766319444445
2025-09-04 16:13:00+02:00,344.2710576011622,358.7248067507679,359.1606073571606,381.2868513431013
2025-09-04 16:14:00+02:00,343.4883303643151,357.1810995209821,358.3830017672276,382.1600712250713
2025-09-04 16:15:00+02:00,342.7056176332989,355.6371659235711,357.5862288177366,379.8055555555556
2025-09-04 16:16:00+02:00,341.9229194081132,354.0930059585347,354.73576807883245,377.3065740740741
2025-09-04 16:17:00+02:00,341.1402356887585,352.5486196258732,350.5498672583079,372.2190376984127
2025-09-04 16:18:00+02:00,340.31329718129166,350.5806291072203,346.79927944373287,373.4110694444444
2025-09-04 16:19:00+02:00,333.67030758817486,346.57792882448484,343.18561275709635,375.4265555555556
2025-09-04 16:20:00+02:00,325.7888559646484,342.30888865368075,339.57048466586093,369.0974038461538
2025-09-04 16:21:00+02:00,318.82268531171724,337.9995583243923,335.9542540311496,362.8144395424836
2025-09-04 16:22:00+02:00,315.1292943668344,320.2047713443874,332.3547519048441,362.8248888888889
2025-09-04 16:23:00+02:00,312.5309741628494,308.97383787730126,328.7639792161909,345.7852387566137
2025-09-04 16:24:00+02:00,309.9328140345873,314.5564406200243,325.1717682277856,324.6665743978244
2025-09-04 16:25:00+02:00,307.3348139820485,319.85978228035293,321.5781189396283,304.2684325396826
2025-09-04 16:26:00+02:00,304.73697400523287,319.19495238396973,305.2782466677299,295.1675747863248
2025-09-04 16:27:00+02:00,302.11674550024753,316.56702293534454,274.612507543821,302.5519841269841
2025-09-04 16:28:00+02:00,299.33434036176186,313.93844243110254,262.4870560254634,314.29564814814813
2025-09-04 16:29:00+02:00,296.5205550410963,311.3092108712439,269.7644505817507,339.7200114379085
2025-09-04 16:30:00+02:00,293.70695758707814,308.6793282557687,284.9863578969335,338.603192499222
2025-09-04 16:31:00+02:00,290.8935479997073,305.71355688590336,302.2730075146637,332.8493659722222
2025-09-04 16:32:00+02:00,288.077353468927,301.1360231099949,301.6095316935553,334.7532349537037
2025-09-04 16:33:00+02:00,284.0723195013989,296.3468099933579,298.57292648000487,329.91252777777777
2025-09-04 16:34:00+02:00,279.1195309953652,287.41360281996225,295.5352996024077,321.78764087301585
2025-09-04 16:35:00+02:00,274.1673250002359,220.899838445932,292.49665106076344,255.2900138888889
2025-09-04 16:36:00+02:00,232.6179778036581,182.74555096039447,283.01066317911966,176.88318452380952
2025-09-04 16:37:00+02:00,173.3367653298158,235.58474231995376,206.9335055416973,224.29310515873013
2025-09-04 16:38:00+02:00,209.11415568505723,265.3993772034896,184.3139999637425,271.9530740740741
2025-09-04 16:39:00+02:00,244.523437177591,275.3686943468477,241.3502097778462,284.1671750992064
2025-09-04 16:40:00+02:00,257.4330383590913,280.05591219582874,265.4047498482976,309.3316388888889
2025-09-04 16:41:00+02:00,270.9580502982145,283.90970851949135,281.2545679281956,309.403875
2025-09-04 16:42:00+02:00,269.287205622598,287.76211412671813,287.7613095115017,309.69108796296297
2025-09-04 16:43:00+02:00,267.6094367124706,290.1076547416378,285.6709888645593,308.1639087301588
2025-09-04 16:44:00+02:00,265.93173468908594,285.27426122317115,283.5801855235364,304.5311755952381
2025-09-04 16:45:00+02:00,264.25409955244385,279.49378403712024,281.4888994884325,302.5082638888889
2025-09-04 16:46:00+02:00,262.5765313025445,275.19493518881575,279.3971307592479,300.7962400793651
2025-09-04 16:47:00+02:00,260.89902993938773,272.87129507046586,277.3048793359825,299.12267022357724
2025-09-04 16:48:00+02:00,259.22159546297354,270.5567949114039,275.2121452186362,299.2090955284553
2025-09-04 16:49:00+02:00,257.544227873302,268.241794094425,272.66573098439136,294.72093253968256
2025-09-04 16:50:00+02:00,255.30394561765863,265.92629261952925,269.7084321898716,287.1020087505088
2025-09-04 16:51:00+02:00,252.1120930267898,263.61029048671656,266.7501705665924,288.1541137566137
2025-09-04 16:52:00+02:00,248.90561383559816,261.121774012735,263.7909461145536,283.9328587962964
2025-09-04 16:53:00+02:00,245.69937915800932,257.21379397553983,260.83075883375534,277.70550925925926
2025-09-04 16:54:00+02:00,242.48554394762843,252.98923586815192,257.5362819672676,277.3048544973545
2025-09-04 16:55:00+02:00,238.58164888343225,248.76301495027465,253.7392535249529,269.1226488095238
2025-09-04 16:56:00+02:00,234.24672129244823,244.76455856586864,249.9359773603844,261.3470701754386
2025-09-04 16:57:00+02:00,229.9122409007653,241.1526100938943,246.13111547033952,257.6816632553606
2025-09-04 16:58:00+02:00,225.8290411753884,237.5455131918448,242.7599544955341,253.05001253132832
2025-09-04 16:59:00+02:00,222.69574347650232,233.93720757772448,240.04220402262877,247.2304261363637
2025-09-04 17:00:00+02:00,219.65224992650607,230.64658235280777,237.32973708254903,248.89458333333332
2025-09-04 17:01:00+02:00,216.60897697235524,228.36242092350776,234.61646589318096,244.41076566951563
2025-09-04 17:02:00+02:00,213.56592461404983,226.15169458825585,231.90239045452435,245.54306666666665
2025-09-04 17:03:00+02:00,210.5293059146429,223.94051524842828,229.04067777526808,243.58652777777775
2025-09-04 17:04:00+02:00,207.5149868828548,221.72888290402503,223.435901596469,239.82837632275127
2025-09-04 17:05:00+02:00,204.5028151732452,219.51679755504608,216.7985477212753,241.5581994047619
2025-09-04 17:06:00+02:00,201.49085969855037,217.3042592014916,194.63913186154556,234.7054671717172
2025-09-04 17:07:00+02:00,198.47912045877035,214.61972400420072,142.326496312387,234.2993650793651
2025-09-04 17:08:00+02:00,191.0830688171828,211.09103025157935,90.4942045055498,224.3632936507936
2025-09-04 17:09:00+02:00,159.32927305921766,207.5445314673172,63.7176836272541,225.3452380952381
2025-09-04 17:10:00+02:00,113.33998295687616,203.9968707252126,59.27122834840473,217.84897016178263
2025-09-04 17:11:00+02:00,74.26397818098238,196.8624480672929,59.27122834840473,214.0802297979798
2025-09-04 17:12:00+02:00,59.597546516398666,165.13133400942368,59.27122834840473,215.6742474747475
2025-09-04 17:13:00+02:00,59.597546516398666,116.17184243006947,59.27122834840473,214.44708333333327
2025-09-04 17:14:00+02:00,59.597546516398666,73.11099633301775,59.27122834840473,205.8945555555556
2025-09-04 17:15:00+02:00,59.597546516398666,62.97655510237664,59.27122834840473,184.2987222222222
2025-09-04 17:16:00+02:00,59.597546516398666,62.184705779237234,59.27122834840473,134.46166666666667
2025-09-04 17:17:00+02:00,59.597546516398666,61.392800058832464,59.27122834840473,81.83036111111112
2025-09-04 17:18:00+02:00,59.597546516398666,60.600837941162354,59.27122834840473,50.20405303030304
2025-09-04 17:19:00+02:00,59.597546516398666,59.80881942622689,59.27122834840473,47.79932291666666
2025-09-04 17:20:00+02:00,59.597546516398666,59.01674451402609,59.27122834840473,44.69572382478632
2025-09-04 17:21:00+02:00,59.56504164715301,58.22461320455993,59.27122834840473,49.30421626984127
2025-09-04 17:22:00+02:00,58.97995833684915,57.432425497828405,59.27122834840473,48.355401785714285
2025-09-04 17:23:00+02:00,58.19986003658086,56.640181393831526,59.27122834840473,45.91380341880342
2025-09-04 17:24:00+02:00,57.41977634218317,55.772769146521696,59.27122834840473,45.25862268518518
2025-09-04 17:25:00+02:00,56.6397072536561,54.54444948422608,59.27122834840473,46.94650462962963
2025-09-04 17:26:00+02:00,55.85965277099967,53.26903883952572,59.27122834840473,40.76117181540809
2025-09-04 17:27:00+02:00,55.07961289421386,51.99348211309415,59.27122834840473,44.55905092592593
2025-09-04 17:28:00+02:00,54.29958762329868,50.71777930493137,59.27122834840473,42.54344410491469
2025-09-04 17:29:00+02:00,53.51957695825411,49.44193041503736,58.93985129037616,41.39115909090909
2025-09-04 17:30:00+02:00,52.739580899080174,48.35202714184727,58.13981261202436,44.25628890445066
2025-09-04 17:31:00+02:00,52.10367825330169,48.21910481712555,57.33635875406287,44.78520401382244
2025-09-04 17:32:00+02:00,52.04409673110813,48.21910481712555,56.53283701724628,44.61979797979797
2025-09-04 17:33:00+02:00,52.04409673110813,48.21910481712555,55.72924740157457,44.36307870370371
2025-09-04 17:34:00+02:00,52.04409673110813,48.21910481712555,54.92558990704774,41.51211574074074
2025-09-04 17:35:00+02:00,52.04409673110813,48.21910481712555,54.1218645336658,40.99288492063492
2025-09-04 17:36:00+02:00,52.04409673110813,48.21910481712555,53.31807128142873,43.26228174603174
2025-09-04 17:37:00+02:00,52.04409673110813,48.21910481712555,52.51421015033662,41.86903600464576
2025-09-04 17:38:00+02:00,52.04409673110813,48.21910481712555,51.691095641588106,41.47073051948052
2025-09-04 17:39:00+02:00,52.04409673110813,48.21910481712555,50.418371228816845,41.0166617063492
2025-09-04 17:40:00+02:00,52.04409673110813,47.9502305599543,48.95630990808322,40.053023504273504
2025-09-04 17:41:00+02:00,49.616493011497646,47.17210484271909,47.49402419444011,40.10972426470588
2025-09-04 17:42:00+02:00,44.90064379445447,46.38185107002097,46.03151408788753,38.62259520609319
2025-09-04 17:43:00+02:00,44.49201649367699,45.59154128633899,44.56877958842547,39.67075268817205
2025-09-04 17:44:00+02:00,44.49201649367699,44.80117549167317,43.73166946390431,39.46842307692308
2025-09-04 17:45:00+02:00,44.49201649367699,44.01075368602354,43.72760564332047,39.065694444444446
2025-09-04 17:46:00+02:00,44.49201649367699,43.22027586939005,43.72760564332047,36.99806693510738
2025-09-04 17:47:00+02:00,44.49201649367699,42.42974204177272,43.72760564332047,37.5046
2025-09-04 17:48:00+02:00,44.49201649367699,41.63915220317153,43.72760564332047,36.52732976190476
2025-09-04 17:49:00+02:00,44.49201649367699,40.85289898525033,43.72760564332047,34.09972222222222
2025-09-04 17:50:00+02:00,44.49201649367699,40.53882146422776,43.72760564332047,37.40508333333333
2025-09-04 17:51:00+02:00,44.49201649367699,40.53882146422776,43.72760564332047,34.83632738095238
2025-09-04 17:52:00+02:00,44.13582011807111,40.53882146422776,43.72760564332047,34.63553571428572
2025-09-04 17:53:00+02:00,43.3586749666447,40.53882146422776,43.71092862562257,38.60821180555556
2025-09-04 17:54:00+02:00,42.58154432104899,40.53882146422776,43.160570683457465,33.289922528860025
2025-09-04 17:55:00+02:00,41.80442818128399,40.53882146422776,42.359993355436,38.10332407407408
2025-09-04 17:56:00+02:00,41.02732654734972,40.53882146422776,41.559348845343735,35.43216726190476
2025-09-04 17:57:00+02:00,40.25023941924618,40.53882146422776,40.758637153180665,35.617393162393164
2025-09-04 17:58:00+02:00,39.47316679697336,40.53882146422776,39.95785827894684,35.31997707847708
2025-09-04 17:59:00+02:00,38.69610868053122,39.57841421860597,39.15701222264222,33.90540740740741
2025-09-04 18:00:00+02:00,37.91906506991981,33.23765408442216,38.3560989842668,35.2252380952381
2025-09-04 18:01:00+02:00,37.16469910865519,32.853249912082795,37.555118563820606,36.2223685515873
2025-09-04 18:02:00+02:00,36.941305804105255,32.853249912082795,36.75407096130359,36.90951058201058
2025-09-04 18:03:00+02:00,36.941305804105255,32.853249912082795,36.04976111498449,37.31077380952381
2025-09-04 18:04:00+02:00,36.941305804105255,32.853249912082795,35.94627993791956,34.38849977954145
2025-09-04 18:05:00+02:00,36.941305804105255,32.853249912082795,35.94627993791956,36.82948148148149
2025-09-04 18:06:00+02:00,36.941305804105255,32.853249912082795,35.94627993791956,33.87822222222223
2025-09-04 18:07:00+02:00,36.941305804105255,32.853249912082795,35.94627993791956,34.589224664224666
2025-09-04 18:08:00+02:00,36.941305804105255,32.853249912082795,35.94627993791956,33.386625
2025-09-04 18:09:00+02:00,36.941305804105255,32.851052022886776,35.94627993791956,30.964915674603176
2025-09-04 18:10:00+02:00,36.941305804105255,32.39827763392307,35.94627993791956,35.52553571428572
2025-09-04 18:11:00+02:00,36.29916937817615,31.606977389343346,35.94627993791956,35.46248207885305
2025-09-04 18:12:00+02:00,32.15470896984371,30.81562113377977,35.94627993791956,33.028691425120776
2025-09-04 18:13:00+02:00,29.411419966858556,30.024208867232343,34.02662206335441,31.855538302277434
2025-09-04 18:14:00+02:00,29.39196466239292,29.23274058970109,28.78114679205909,34.40135846560847
2025-09-04 18:15:00+02:00,29.39196466239292,28.441216301186,28.158611330612796,34.47236111111111
2025-09-04 18:16:00+02:00,29.39196466239292,27.64963600168707,28.158611330612796,27.592822954822957
2025-09-04 18:17:00+02:00,29.39196466239292,26.857999691204284,28.158611330612796,34.17976851851852
2025-09-04 18:18:00+02:00,29.39196466239292,26.066307369737643,28.158611330612796,33.00691798941799
2025-09-04 18:19:00+02:00,29.39196466239292,25.23763290878447,28.158611330612796,28.24200244200244
2025-09-04 18:20:00+02:00,29.39196466239292,23.986614914809024,28.158611330612796,30.150808857808855
2025-09-04 18:21:00+02:00,29.39196466239292,22.616623921123605,28.158611330612796,32.188951851851854
2025-09-04 18:22:00+02:00,29.369305751506985,21.246465297915258,28.158611330612796,30.16332175925926
2025-09-04 18:23:00+02:00,28.81578476114869,19.876139045184004,28.158611330612796,34.04083333333333
2025-09-04 18:24:00+02:00,28.038925616351094,18.50564516292984,27.874147736273898,26.4924173414305
2025-09-04 18:25:00+02:00,27.2620809773842,17.511932277459508,27.08095164495556,27.569252136752137
2025-09-04 18:26:00+02:00,26.48525084424801,17.466242210051337,26.27764810498183,26.580016025641022
2025-09-04 18:27:00+02:00,25.70843521694256,17.466242210051337,25.474277151872727,32.04817982456141
2025-09-04 18:28:00+02:00,24.931634095467835,17.466242210051337,24.67083878562828,32.03688596491228
2025-09-04 18:29:00+02:00,23.59924208056272,17.466242210051337,23.59924208056272,29.918223684210528
2025-09-04 18:30:00+02:00,22.15874552255769,17.466242210051337,22.15874552255769,23.373230158730163
2025-09-04 18:31:00+02:00,20.7654353295296,17.466242210051337,20.7654353295296,28.978838383838383
2025-09-04 18:32:00+02:00,19.419683256230023,17.466242210051337,19.419683256230023,26.88030073995772
2025-09-04 18:33:00+02:00,18.121817582440297,17.466242210051337,18.121817582440297,26.75010527586109
2025-09-04 18:34:00+02:00,16.872119275111913,16.872119275111913,16.872119275111913,27.41888888888889
2025-09-04 18:35:00+02:00,15.11828093131392,15.67081802597919,15.67081802597919,25.69694599723948
2025-09-04 18:36:00+02:00,14.297391022546469,14.518087407712454,13.140536409874793,24.403832437275984
2025-09-04 18:37:00+02:00,13.414043727730418,13.414043727730418,12.56424541028171,16.62252688172043
2025-09-04 18:38:00+02:00,12.354757994774712,12.354757994774712,12.354757994774712,16.026772137887413
2025-09-04 18:39:00+02:00,11.331376110438326,11.331376110438326,11.331376110438326,15.867626050420162
2025-09-04 18:40:00+02:00,10.362813455373416,10.362813455373416,10.362813455373416,16.354180672268907
2025-09-04 18:41:00+02:00,9.448233614694082,9.448233614694082,9.448233614694082,16.840735294117653
2025-09-04 18:42:00+02:00,8.586715413096506,8.586715413096506,8.586715413096506,17.008872549019607
2025-09-04 18:43:00+02:00,7.777252911378923,7.777252911378923,7.777252911378923,19.594523809523803
2025-09-04 18:44:00+02:00,7.018755901859748,7.018755901859748,7.018755901859748,24.42309523809523
2025-09-04 18:45:00+02:00,6.310050942386548,6.310050942386548,6.310050942386548,22.234897660818717
2025-09-04 18:46:00+02:00,5.649882921946581,3.797908654991264,5.649882921946581,19.36314484126984
2025-09-04 18:47:00+02:00,5.121422838396463,2.058081711031175,5.121422838396463,23.646766666666664
2025-09-04 18:48:00+02:00,4.636597197535719,2.058081711031175,4.636597197535719,21.864246626984126
2025-09-04 18:49:00+02:00,4.174827059064114,2.058081711031175,4.174827059064114,23.11617424242424
2025-09-04 18:50:00+02:00,3.7370582843073183,2.058081711031175,3.7370582843073183,22.363524720893142
2025-09-04 18:51:00+02:00,3.324137531909196,2.058081711031175,3.324137531909196,23.75559595959596
2025-09-04 18:52:00+02:00,2.9367913436922226,2.058081711031175,2.9367913436922226,24.15481091617934
2025-09-04 18:53:00+02:00,2.575604598785791,2.058081711031175,2.575604598785791,23.040974025974023
2025-09-04 18:54:00+02:00,2.4278814633057557,2.058081711031175,2.4278814633057557,19.9086531986532
2025-09-04 18:55:00+02:00,2.095496687724632,2.058081711031175,2.095496687724632,20.01541456228956
2025-09-04 18:56:00+02:00,1.7918288031347878,1.7918288031347878,1.7918288031347878,20.144742424242423
2025-09-04 18:57:00+02:00,0.0,1.4277800425494664,0.0,18.43355054302423
2025-09-04 18:58:00+02:00,0.0,0.6315589913907829,0.0,20.363333333333333
2025-09-04 18:59:00+02:00,0.0,0.0,0.0,14.703765567765569
2025-09-04 19:00:00+02:00,0.0,0.0,0.0,18.413942307692302
2025-09-04 19:01:00+02:00,0.0,0.0,0.0,15.994565018315017
2025-09-04 19:02:00+02:00,0.0,0.0,0.0,14.847838095238096
2025-09-04 19:03:00+02:00,0.0,0.0,0.0,16.31781177156177
2025-09-04 19:04:00+02:00,0.0,0.0,0.0,16.436178674055828
2025-09-04 19:05:00+02:00,0.0,0.0,0.0,14.356180555555556
2025-09-04 19:06:00+02:00,0.0,0.0,0.0,12.362359375
2025-09-04 19:07:00+02:00,0.0,0.0,0.0,14.549680555555556
2025-09-04 19:08:00+02:00,0.0,0.0,0.0,15.691380952380952
2025-09-04 19:09:00+02:00,0.0,0.0,0.0,13.060006172839506
2025-09-04 19:10:00+02:00,0.0,0.0,0.0,11.79735096153846
2025-09-04 19:11:00+02:00,0.0,0.0,0.0,11.935671146953403
2025-09-04 19:12:00+02:00,0.0,0.0,0.0,13.948992063492064
2025-09-04 19:13:00+02:00,0.0,0.0,0.0,13.150648148148148
2025-09-04 19:14:00+02:00,0.0,0.0,0.0,11.46946875
2025-09-04 19:15:00+02:00,0.0,0.0,0.0,12.41986111111111
2025-09-04 19:16:00+02:00,0.0,0.0,0.0,8.908561507936508
2025-09-04 19:17:00+02:00,0.0,0.0,0.0,11.0605
2025-09-04 19:18:00+02:00,0.0,0.0,0.0,10.83995987654321
2025-09-04 19:19:00+02:00,0.0,0.0,0.0,11.810190377722634
2025-09-04 19:20:00+02:00,0.0,0.0,0.0,13.728828185703186
2025-09-04 19:21:00+02:00,0.0,0.0,0.0,12.894141414141414
2025-09-04 19:22:00+02:00,0.0,0.0,0.0,11.14744363044363
2025-09-04 19:23:00+02:00,0.0,0.0,0.0,11.287579365079369
2025-09-04 19:24:00+02:00,0.0,0.0,0.0,12.599976293103447
2025-09-04 19:25:00+02:00,0.0,0.0,0.0,12.971027777777778
2025-09-04 19:26:00+02:00,0.0,0.0,0.0,12.543981196581194
2025-09-04 19:27:00+02:00,0.0,0.0,0.0,10.231518518518518
2025-09-04 19:28:00+02:00,0.0,0.0,0.0,9.806446225071223
2025-09-04 19:29:00+02:00,0.0,0.0,0.0,6.971861772486772
2025-09-04 19:30:00+02:00,0.0,0.0,0.0,10.898470169677068
2025-09-04 19:31:00+02:00,0.0,0.0,0.0,11.994685618500272
2025-09-04 19:32:00+02:00,0.0,0.0,0.0,10.790111111111113
2025-09-04 19:33:00+02:00,0.0,0.0,0.0,7.3676006944444445
2025-09-04 19:34:00+02:00,0.0,0.0,0.0,12.971333333333332
2025-09-04 19:35:00+02:00,0.0,0.0,0.0,11.35793771043771
2025-09-04 19:36:00+02:00,0.0,0.0,0.0,11.580436507936506
2025-09-04 19:37:00+02:00,0.0,0.0,0.0,8.998561253561252
2025-09-04 19:38:00+02:00,0.0,0.0,0.0,9.195972222222222
2025-09-04 19:39:00+02:00,0.0,0.0,0.0,12.960603174603174
2025-09-04 19:40:00+02:00,0.0,0.0,0.0,10.608166666666667
2025-09-04 19:41:00+02:00,0.0,0.0,0.0,10.605427248677248
2025-09-04 19:42:00+02:00,0.0,0.0,0.0,9.822977092352092
2025-09-04 19:43:00+02:00,0.0,0.0,0.0,10.572407407407407
2025-09-04 19:44:00+02:00,0.0,0.0,0.0,12.99181818181818
2025-09-04 19:45:00+02:00,0.0,0.0,0.0,10.622351851851851
2025-09-04 19:46:00+02:00,0.0,0.0,0.0,11.82112962962963
2025-09-04 19:47:00+02:00,0.0,0.0,0.0,9.464848927875243
2025-09-04 19:48:00+02:00,0.0,0.0,0.0,10.93097953216374
2025-09-04 19:49:00+02:00,0.0,0.0,0.0,13.07461111111111
2025-09-04 19:50:00+02:00,0.0,0.0,0.0,10.699222222222224
2025-09-04 19:51:00+02:00,0.0,0.0,0.0,12.524301075268816
2025-09-04 19:52:00+02:00,0.0,0.0,0.0,11.89831746031746
2025-09-04 19:53:00+02:00,0.0,0.0,0.0,9.000224867724867
2025-09-04 19:54:00+02:00,0.0,0.0,0.0,10.3690826873385
2025-09-04 19:55:00+02:00,0.0,0.0,0.0,9.069642981539532
2025-09-04 19:56:00+02:00,0.0,0.0,0.0,8.834069041867954
2025-09-04 19:57:00+02:00,0.0,0.0,0.0,9.999492296918769
2025-09-04 19:58:00+02:00,0.0,0.0,0.0,11.677373737373737
2025-09-04 19:59:00+02:00,0.0,0.0,0.0,12.584090909090907
2025-09-04 20:00:00+02:00,0.0,0.0,0.0,11.730092592592593
2025-09-05 05:00:00+02:00,0.0,0.0,0.0,12.981944444444444
2025-09-05 05:01:00+02:00,0.0,0.0,0.0,11.902219336219336
2025-09-05 05:02:00+02:00,0.0,0.0,0.0,11.993181818181816
2025-09-05 05:03:00+02:00,0.0,0.0,0.0,13.14767195767196
2025-09-05 05:04:00+02:00,0.0,0.0,0.0,9.343651515151516
2025-09-05 05:05:00+02:00,0.0,0.0,0.0,11.299989583333334
2025-09-05 05:06:00+02:00,0.0,0.0,0.0,10.801157407407407
2025-09-05 05:07:00+02:00,0.0,0.0,0.0,10.057976190476188
2025-09-05 05:08:00+02:00,0.0,0.0,0.0,10.801286764705884
2025-09-05 05:09:00+02:00,0.0,0.0,0.0,8.721078431372549
2025-09-05 05:10:00+02:00,0.0,0.0,0.0,9.003712121212121
2025-09-05 05:11:00+02:00,0.0,0.0,0.0,10.442336182336184
2025-09-05 05:12:00+02:00,0.0,0.0,0.0,13.156324074074073
2025-09-05 05:13:00+02:00,0.0,0.0,0.0,8.959169973544974
2025-09-05 05:14:00+02:00,0.0,0.0,0.0,11.493253968253969
2025-09-05 05:15:00+02:00,0.0,0.0,0.0,11.408425925925926
2025-09-05 05:16:00+02:00,0.0,0.0,0.0,11.991474747474747
2025-09-05 05:17:00+02:00,0.0,0.0,0.0,10.60664351851852
2025-09-05 05:18:00+02:00,0.0,0.0,0.0,9.923680555555556
2025-09-05 05:19:00+02:00,0.0,0.0,0.0,10.34517543859649
2025-09-05 05:20:00+02:00,0.0,0.0,0.0,9.359916666666663
2025-09-05 05:21:00+02:00,0.0,0.0,0.0,10.094310185185185
2025-09-05 05:22:00+02:00,0.0,0.0,0.0,9.400540849673202
2025-09-05 05:23:00+02:00,0.0,0.0,0.0,9.682152777777777
2025-09-05 05:24:00+02:00,0.0,0.0,0.0,11.232666666666669
2025-09-05 05:25:00+02:00,0.0,0.0,0.0,10.398527777777778
2025-09-05 05:26:00+02:00,0.0,0.0,0.0,10.675651515151516
2025-09-05 05:27:00+02:00,0.0,0.0,0.0,8.729132553606236
2025-09-05 05:28:00+02:00,0.0,0.0,0.0,11.830500730994151
2025-09-05 05:29:00+02:00,0.0,0.0,0.0,11.450525793650792
2025-09-05 05:30:00+02:00,0.0,0.0,0.0,10.331267973856209
2025-09-05 05:31:00+02:00,0.0,0.0,0.0,10.22675
2025-09-05 05:32:00+02:00,0.0,0.0,0.0,10.865281746031746
2025-09-05 05:33:00+02:00,0.0,0.0,0.0,13.79626636904762
2025-09-05 05:34:00+02:00,0.0,0.0,0.0,10.28526851851852
2025-09-05 05:35:00+02:00,0.0,0.0,0.0,8.514040113781492
2025-09-05 05:36:00+02:00,0.0,0.0,0.0,11.54737962962963
2025-09-05 05:37:00+02:00,0.0,0.0,0.0,7.787875
2025-09-05 05:38:00+02:00,0.0,0.0,0.0,11.666176470588235
2025-09-05 05:39:00+02:00,0.0,0.0,0.0,10.80360201627821
2025-09-05 05:40:00+02:00,0.0,0.0,0.0,12.747133152173914
2025-09-05 05:41:00+02:00,0.0,0.0,0.0,12.74689236111111
2025-09-05 05:42:00+02:00,0.0,0.0,0.0,13.177072222222222
2025-09-05 05:43:00+02:00,0.0,0.0,0.0,11.337354497354497
2025-09-05 05:44:00+02:00,0.0,0.0,0.0,13.018798076923076
2025-09-05 05:45:00+02:00,0.0,0.0,0.0,10.365252525252524
2025-09-05 05:46:00+02:00,0.0,0.0,0.0,11.264444444444443
2025-09-05 05:47:00+02:00,0.0,0.0,0.0,11.953209475709476
2025-09-05 05:48:00+02:00,0.0,0.0,0.0,11.84547311827957
2025-09-05 05:49:00+02:00,0.0,0.0,0.0,13.108194444444443
2025-09-05 05:50:00+02:00,0.0,0.0,0.0,14.294666666666666
2025-09-05 05:51:00+02:00,0.0,0.0,0.0,14.268333333333333
2025-09-05 05:52:00+02:00,0.0,0.0,0.0,13.838958333333332
2025-09-05 05:53:00+02:00,0.0,0.0,0.0,14.675944444444442
2025-09-05 05:54:00+02:00,0.0,0.0,0.0,14.703261904761904
2025-09-05 05:55:00+02:00,0.0,0.0,0.0,12.721005938505938
2025-09-05 05:56:00+02:00,0.0,0.0,0.0,16.10392929292929
2025-09-05 05:57:00+02:00,0.0,0.0,0.0,13.049947204968944
2025-09-05 05:58:00+02:00,0.0,0.0,0.0,15.226454545454544
2025-09-05 05:59:00+02:00,0.0,0.0,0.0,14.10732886904762
2025-09-05 06:00:00+02:00,0.0,0.0,0.0,14.487092013888889
2025-09-05 06:01:00+02:00,0.0,0.0,0.0,15.192073412698411
2025-09-05 06:02:00+02:00,0.0,0.0,0.0,14.881765873015873
2025-09-05 06:03:00+02:00,0.0,0.0,0.0,16.035246825396825
2025-09-05 06:04:00+02:00,0.0,0.0,0.0,18.15672161172161
2025-09-05 06:05:00+02:00,0.0,0.0,0.0,16.13112103174603
2025-09-05 06:06:00+02:00,0.0,0.0,0.0,18.40527777777778
2025-09-05 06:07:00+02:00,0.0,0.0,0.0,16.60777777777778
2025-09-05 06:08:00+02:00,0.0701968660466416,0.0,0.0,19.867669082125605
2025-09-05 06:09:00+02:00,0.6221164248456091,0.0,0.0,18.793604497354497
2025-09-05 06:10:00+02:00,0.7789523686542196,0.0,0.0,19.083761904761904
2025-09-05 06:11:00+02:00,0.9610669971772156,0.0,0.0,17.755303724053725
2025-09-05 06:12:00+02:00,1.1699351075368274,0.0,0.7645614167453871,21.63283333333333
2025-09-05 06:13:00+02:00,1.4054707161865656,0.3462559240906504,1.4054707161865656,18.06472685185185
2025-09-05 06:14:00+02:00,1.6677124379777135,1.6677124379777135,1.6677124379777135,16.88149928774929
2025-09-05 06:15:00+02:00,1.9582996499708645,1.9582996499708645,1.9582996499708645,21.93027777777778
2025-09-05 06:16:00+02:00,2.277474885180422,2.277474885180422,2.277474885180422,22.37333333333333
2025-09-05 06:17:00+02:00,2.4238874748643013,2.4238874748643013,2.4238874748643013,24.8131905982906
2025-09-05 06:18:00+02:00,2.7726998043858653,2.7726998043858653,2.7726998043858653,26.971158424908424
2025-09-05 06:19:00+02:00,3.1477855147382847,3.1477855147382847,3.1477855147382847,27.81892063492064
2025-09-05 06:20:00+02:00,3.548631669955479,3.548631669955479,3.548631669955479,29.52948484848485
2025-09-05 06:21:00+02:00,3.974575051498659,3.974575051498659,3.974575051498659,28.54684027777778
2025-09-05 06:22:00+02:00,4.424823640645583,4.424823640645583,4.424823640645583,31.207619047619048
2025-09-05 06:23:00+02:00,4.898477710918211,4.898477710918211,4.898477710918211,34.42346031746032
2025-09-05 06:24:00+02:00,5.4334354639752815,5.4334354639752815,5.4334354639752815,30.751196581196584
2025-09-05 06:25:00+02:00,6.07909546216133,6.07909546216133,6.07909546216133,34.38234548611111
2025-09-05 06:26:00+02:00,6.773073473504961,6.773073473504961,6.773073473504961,36.88348576388889
2025-09-05 06:27:00+02:00,7.516649895099864,7.516649895099864,7.516649895099864,37.55094444444445
2025-09-05 06:28:00+02:00,8.31102226803125,8.31102226803125,8.31102226803125,36.65104497354498
2025-09-05 06:29:00+02:00,9.15730411813204,9.15730411813204,9.15730411813204,37.52449372759857
2025-09-05 06:30:00+02:00,10.056523902954437,10.056523902954437,10.056523902954437,40.21169130824373
2025-09-05 06:31:00+02:00,11.00962449092996,11.00962449092996,11.00962449092996,39.44405505952381
2025-09-05 06:32:00+02:00,12.017463136572408,12.017463136572408,12.017463136572408,40.69750992063492
2025-09-05 06:33:00+02:00,13.07300912410211,13.07300912410211,13.07300912410211,44.15989087301588
2025-09-05 06:34:00+02:00,14.163402298197612,14.163402298197612,14.163402298197612,44.01291666666666
2025-09-05 06:35:00+02:00,15.302644865366284,15.302644865366284,15.302644865366284,46.03454670329671
2025-09-05 06:36:00+02:00,16.490636657000877,16.490636657000877,16.490636657000877,47.31704312354312
2025-09-05 06:37:00+02:00,17.72721385302104,17.72721385302104,17.72721385302104,49.01665764790764
2025-09-05 06:38:00+02:00,19.01215807040357,19.01215807040357,19.01215807040357,48.485166666666665
2025-09-05 06:39:00+02:00,20.345197397419767,20.345197397419767,20.345197397419767,48.2144623655914
2025-09-05 06:40:00+02:00,21.726011235084968,21.726011235084968,21.726011235084968,51.80091018748277
2025-09-05 06:41:00+02:00,23.15423423111489,23.15423423111489,23.15423423111489,49.88459502923977
2025-09-05 06:42:00+02:00,24.629460036531064,24.629460036531064,24.629460036531064,53.15943650793651
2025-09-05 06:43:00+02:00,26.15124492780003,26.15124492780003,26.15124492780003,51.01568518518519
2025-09-05 06:44:00+02:00,27.719111251391997,27.719111251391997,27.719111251391997,43.57517482517483
2025-09-05 06:45:00+02:00,29.33255069762529,29.33255069762529,29.33255069762529,47.84290178571428
2025-09-05 06:46:00+02:00,30.991027418132354,30.991027418132354,30.991027418132354,48.38082692307692
2025-09-05 06:47:00+02:00,33.29138844523316,33.29138844523316,33.29138844523316,50.97520515499826
2025-09-05 06:48:00+02:00,35.10713978979336,35.10713978979336,35.10713978979336,50.39313852813853
2025-09-05 06:49:00+02:00,36.96652554157939,36.96652554157939,36.96652554157939,53.00792748917749
2025-09-05 06:50:00+02:00,38.868857973956615,38.868857973956615,38.868857973956615,54.299675925925925
2025-09-05 06:51:00+02:00,40.81344267524244,40.81344267524244,40.81344267524244,58.92104788011696
2025-09-05 06:52:00+02:00,42.79958005138161,42.79958005138161,42.79958005138161,61.4550625
2025-09-05 06:53:00+02:00,44.82656673085368,44.82656673085368,44.82656673085368,56.57098150782361
2025-09-05 06:54:00+02:00,46.893696827132246,46.893696827132246,46.893696827132246,60.83597222222222
2025-09-05 06:55:00+02:00,48.79523229161444,49.00026308809068,48.57935025966578,60.95205555555555
2025-09-05 06:56:00+02:00,49.57649919247663,51.14555796143681,49.38215947628196,63.02726190476191
2025-09-05 06:57:00+02:00,50.35778074961794,52.24847729262922,50.18490104750408,63.48666666666667
2025-09-05 06:58:00+02:00,51.13907696303836,53.03967222205108,50.98757497333216,64.94480952380952
2025-09-05 06:59:00+02:00,52.0797306149556,53.8308109478461,53.00017203755225,63.395595427963855
2025-09-05 07:00:00+02:00,55.000904255368965,54.62189347001433,57.057130898829726,67.5345928030303
2025-09-05 07:01:00+02:00,58.48364346015408,55.41291978855576,60.06066093921024,67.70566666666667
2025-09-05 07:02:00+02:00,60.85658796443344,57.73660068871868,61.78283176604559,71.69730753968254
2025-09-05 07:03:00+02:00,62.67695611454504,62.28136765399718,63.50469052005273,71.16964583333333
2025-09-05 07:04:00+02:00,64.4974037855078,64.92573664545418,65.22623720123158,75.51488720538721
2025-09-05 07:05:00+02:00,66.31793097732175,66.76178218243147,66.9474718095822,80.95306397306398
2025-09-05 07:06:00+02:00,68.13853768998686,68.59752433388768,68.66839434510457,77.47484046546548
2025-09-05 07:07:00+02:00,69.95922392350317,70.43296309982293,70.38900480779871,82.66803240740741
2025-09-05 07:08:00+02:00,71.77998967787057,72.26809848023714,72.10930319766463,79.1016388888889
2025-09-05 07:09:00+02:00,73.60083495308916,74.10293047513034,73.82928951470235,79.06030681818181
2025-09-05 07:10:00+02:00,76.02276420827974,75.93745908450252,76.22318329448913,90.22760378510378
2025-09-05 07:11:00+02:00,79.34851102600129,77.77168430835371,79.46160722260093,90.49092037037036
2025-09-05 07:12:00+02:00,82.6829301244672,80.23381178760316,82.7010357311339,94.52894612794611
2025-09-05 07:13:00+02:00,86.01761578717907,83.6396205745116,85.93935535419484,102.69633766233768
2025-09-05 07:14:00+02:00,89.40534807048255,87.05316284536747,89.1809399506292,104.16947132616488
2025-09-05 07:15:00+02:00,93.39693764044516,90.46565275280716,92.64294283396764,104.98468862007168
2025-09-05 07:16:00+02:00,97.55875604616314,93.86888112082896,96.22751089760784,113.06241666666666
2025-09-05 07:17:00+02:00,101.72098943145294,97.198022737253,99.81071735680798,118.07231481481482
2025-09-05 07:18:00+02:00,105.92526637561014,100.5089326362514,103.39256221156812,123.45754166666666
2025-09-05 07:19:00+02:00,109.60052364810896,103.81885008038708,106.8863936698068,121.3083457402812
2025-09-05 07:20:00+02:00,112.47352473651446,107.12777506966,110.22403037198283,127.54055555555556
2025-09-05 07:21:00+02:00,115.3691437893202,110.59504908689188,113.55742691601792,129.04710069444445
2025-09-05 07:22:00+02:00,118.28682672390744,114.4010465999163,116.8896416140378,133.2092137254902
2025-09-05 07:23:00+02:00,121.226033213953,118.2163447569852,120.23977101730765,134.97090587245
2025-09-05 07:24:00+02:00,124.1862288935578,122.03032086424228,124.1862288935578,140.66974206349207
2025-09-05 07:25:00+02:00,127.16688723903904,126.42748470834384,127.16688723903904,136.4845588235294
2025-09-05 07:26:00+02:00,130.1674895357375,130.1674895357375,130.1674895357375,141.76605158730158
2025-09-05 07:27:00+02:00,133.18752478250343,133.18752478250343,133.18752478250343,145.17053703703704
2025-09-05 07:28:00+02:00,136.226489645915,136.226489645915,136.226489645915,153.79017653642654
2025-09-05 07:29:00+02:00,139.28388838007396,139.28388838007396,139.28388838007396,157.2118695054945
2025-09-05 07:30:00+02:00,142.35923274168937,142.35923274168937,142.35923274168937,160.5751456365272
2025-09-05 07:31:00+02:00,145.4520419295908,145.4520419295908,145.4520419295908,159.84985323886642
2025-09-05 07:32:00+02:00,148.56184455335995,148.56184455335995,148.56184455335995,164.38812499999997
2025-09-05 07:33:00+02:00,151.68817021248333,151.68817021248333,151.68817021248333,167.40575492831542
2025-09-05 07:34:00+02:00,154.8305619092475,154.8305619092475,154.8305619092475,175.28402860449737
2025-09-05 07:35:00+02:00,157.9885676156564,157.9885676156564,157.9885676156564,177.51858333333334
2025-09-05 07:36:00+02:00,161.16174227829669,161.16174227829669,161.16174227829669,184.4017911255411
2025-09-05 07:37:00+02:00,164.3496476822573,164.3496476822573,164.3496476822573,185.1351186868687
2025-09-05 07:38:00+02:00,167.5518523728536,167.5518523728536,167.5518523728536,195.7098017075517
2025-09-05 07:39:00+02:00,170.76793154668482,170.76793154668482,170.76793154668482,207.6077314814815
2025-09-05 07:40:00+02:00,173.9974669471565,173.9974669471565,173.9974669471565,208.2218297101449
2025-09-05 07:41:00+02:00,177.2400467545648,177.2400467545648,177.2400467545648,211.4527976190476
2025-09-05 07:42:00+02:00,180.49526550485436,180.49526550485436,180.49526550485436,212.31867938842203
2025-09-05 07:43:00+02:00,183.7627239475596,183.7627239475596,183.7627239475596,212.84244152046784
2025-09-05 07:44:00+02:00,187.04203116894405,187.04203116894405,187.04203116894405,214.47688888888888
2025-09-05 07:45:00+02:00,190.3327956759429,190.3327956759429,190.3327956759429,213.5041501322752
2025-09-05 07:46:00+02:00,193.63463848015004,193.63463848015004,193.63463848015004,214.35096296296297
2025-09-05 07:47:00+02:00,196.947184229918,196.947184229918,196.947184229918,211.8593543417367
2025-09-05 07:48:00+02:00,200.27006326514825,200.27006326514825,200.27006326514825,213.846875
2025-09-05 07:49:00+02:00,203.60291153842053,203.60291153842053,203.60291153842053,219.5007222222222
2025-09-05 07:50:00+02:00,206.94537050802444,206.94537050802444,206.94537050802444,222.0356871345029
2025-09-05 07:51:00+02:00,210.2970870299486,210.2970870299486,210.2970870299486,224.3419583333333
2025-09-05 07:52:00+02:00,213.65771328294733,213.65771328294733,213.65771328294733,232.675382936508
2025-09-05 07:53:00+02:00,217.0269066326637,217.0269066326637,217.0269066326637,239.43010582010584
2025-09-05 07:54:00+02:00,220.40432955879768,220.40432955879768,220.40432955879768,236.75973862942607
2025-09-05 07:55:00+02:00,223.78965182496376,223.78965182496376,223.78965182496376,240.0009434523809
2025-09-05 07:56:00+02:00,227.1825412916718,227.1825412916718,227.1825412916718,244.5006388888889
2025-09-05 07:57:00+02:00,230.5826774683665,230.5826774683665,230.5826774683665,248.66989583333336
2025-09-05 07:58:00+02:00,233.989742308444,233.989742308444,233.989742308444,248.63777138157897
2025-09-05 07:59:00+02:00,237.40342241035816,237.40342241035816,237.40342241035816,249.21477525252524
2025-09-05 08:00:00+02:00,240.82340892188373,240.82340892188373,240.82340892188373,262.02043981481484
2025-09-05 08:01:00+02:00,244.24939744539336,244.24939744539336,244.24939744539336,269.4641931652047
2025-09-05 08:02:00+02:00,247.6810879773081,247.6810879773081,247.6810879773081,269.5235
2025-09-05 08:03:00+02:00,251.1181847835277,251.1181847835277,251.1181847835277,276.98475210084035
2025-09-05 08:04:00+02:00,254.56039634237567,254.56039634237567,254.56039634237567,283.0420454598506
2025-09-05 08:05:00+02:00,258.00743525503515,258.00743525503515,258.00743525503515,281.2126360544217
2025-09-05 08:06:00+02:00,261.4590204748837,261.4590204748837,261.4590204748837,289.7920289855072
2025-09-05 08:07:00+02:00,264.91486799274287,264.91486799274287,264.91486799274287,289.7667485119048
2025-09-05 08:08:00+02:00,268.3747046073824,268.3747046073824,268.3747046073824,292.8955275974026
2025-09-05 08:09:00+02:00,270.4668198964624,271.83825862054687,271.83825862054687,301.72318650793653
2025-09-05 08:10:00+02:00,266.6221230477517,275.27601312913873,267.58755134151625,299.6558760683761
2025-09-05 08:11:00+02:00,262.62674701257544,268.7172856474665,262.0966836554751,302.5032777777778
2025-09-05 08:12:00+02:00,258.6317503535378,270.00222261334056,265.448736268643,307.2234294871795
2025-09-05 08:13:00+02:00,272.15463539986825,276.3659310588021,277.9267933663059,299.10527777777776
2025-09-05 08:14:00+02:00,277.15679648884,280.4757600530011,284.60940140919445,303.4916666666666
2025-09-05 08:15:00+02:00,281.2615777201958,283.68494193035724,287.0671788563325,302.59639741715404
2025-09-05 08:16:00+02:00,285.36376560441107,286.8931594066908,289.52428911729515,307.72223684210525
2025-09-05 08:17:00+02:00,289.2747503855055,290.10099132149406,291.98073219208226,314.508
2025-09-05 08:18:00+02:00,293.07275177479136,293.3371774919437,294.4365080806936,322.71257936507936
2025-09-05 08:19:00+02:00,296.8710955510424,296.588771671982,297.014594425485,318.2784072871573
2025-09-05 08:20:00+02:00,300.66373339844,299.8393733971576,300.41151922426315,326.4735912698413
2025-09-05 08:21:00+02:00,304.0695873036585,303.08898266747053,303.9573565537322,325.5525598290598
2025-09-05 08:22:00+02:00,307.2467080759302,306.1479190316263,307.5018001791692,330.113253968254
2025-09-05 08:23:00+02:00,310.42406827673886,308.23070319754976,311.01468278226736,332.0546825396825
2025-09-05 08:24:00+02:00,313.6016679060848,310.1776442131101,313.561164336991,337.4786423611111
2025-09-05 08:25:00+02:00,316.74938290129904,312.1242284602949,315.6546595669085,337.15846759259256
2025-09-05 08:26:00+02:00,319.55284652310905,314.0704559391041,317.7476676333794,343.46450000000004
2025-09-05 08:27:00+02:00,322.2595628229423,316.0163266495377,319.84018853640345,342.73904861111106
2025-09-05 08:28:00+02:00,324.9664527748212,317.9618405915958,321.93222227598073,346.6413888888889
2025-09-05 08:29:00+02:00,327.6735163787459,319.9069977652783,324.0237688521115,345.3788833333333
2025-09-05 08:30:00+02:00,330.38075363471614,322.2565023725357,326.1148282647956,347.9302651515152
2025-09-05 08:31:00+02:00,333.389092707226,325.32899366192083,328.9024872310492,352.8099363425926
2025-09-05 08:32:00+02:00,337.1545895299006,328.4148691079204,332.4097157342535,359.1896514423077
2025-09-05 08:33:00+02:00,340.9569049949438,331.4998452958909,335.91557205748904,358.74057539682536
2025-09-05 08:34:00+02:00,344.7595628469519,334.58392222583234,339.42005620075605,360.9842546296297
2025-09-05 08:35:00+02:00,348.070798251414,337.06457852525165,342.582715151286,364.0899629629629
2025-09-05 08:36:00+02:00,350.14535850728896,338.9218169829441,344.7271380170457,366.8708657616893
2025-09-05 08:37:00+02:00,352.16040731373386,340.77872902117764,346.8037783092472,367.25930847953214
2025-09-05 08:38:00+02:00,354.1755522245852,342.6353146399523,348.8799359073678,369.6013333333333
2025-09-05 08:39:00+02:00,356.19079323984334,344.49157383926786,350.95561081140755,375.4172916666666
2025-09-05 08:40:00+02:00,358.2061303595081,346.3475066191245,353.0308030213665,378.58020691609977
2025-09-05 08:41:00+02:00,360.22156358357944,348.20311297952213,355.1055125372446,379.8377891156462
2025-09-05 08:42:00+02:00,362.2424366020752,350.05839292046056,357.2368400544598,384.9966666666666
2025-09-05 08:43:00+02:00,364.45743302111634,352.37608345608135,359.8064003991493,389.5958035714286
2025-09-05 08:44:00+02:00,366.769153208841,355.273342575817,362.4665272445184,390.67031770833336
2025-09-05 08:45:00+02:00,369.08099979611166,358.1712547084615,365.12585930227294,391.1252564102565
2025-09-05 08:46:00+02:00,371.39297278292855,361.06836929950987,367.7843965724128,391.1122485380117
2025-09-05 08:47:00+02:00,373.7050721692913,363.96468634896206,370.4421390549381,395.3129006410256
2025-09-05 08:48:00+02:00,376.01729795520026,366.9870669315448,373.13752055412834,402.1827662037037
2025-09-05 08:49:00+02:00,378.4686905951172,370.27913256525017,375.9140507764303,402.6646527777778
2025-09-05 08:50:00+02:00,381.4764239077757,373.57861866860026,378.6922731646094,405.6295695970696
2025-09-05 08:51:00+02:00,384.5418772869832,376.8770678842561,381.46962547022247,405.82270833333337
2025-09-05 08:52:00+02:00,387.60755274502907,380.1898702657322,384.2461076932696,411.65069444444447
2025-09-05 08:53:00+02:00,390.6734502819135,383.7888121350505,387.0660167039716,415.8749934640523
2025-09-05 08:54:00+02:00,393.6716355005021,387.4941737522482,390.313351255936,420.6947222222222
2025-09-05 08:55:00+02:00,396.42857432937456,391.19822426823976,393.6665323852341,421.227748015873
2025-09-05 08:56:00+02:00,399.1645752104204,394.84592872821673,397.0184418255779,426.0161805555556
2025-09-05 08:57:00+02:00,401.9007528770195,397.3507185029672,400.3690795769675,426.3016792929293
2025-09-05 08:58:00+02:00,404.6371073291718,399.4010761344548,403.298887180789,427.8210037878789
2025-09-05 08:59:00+02:00,407.3735264470958,401.4510313346085,405.6693731856973,430.7195575396825
2025-09-05 09:00:00+02:00,410.087136302405,403.5005841034281,408.0364988451789,432.8971527777778
2025-09-05 09:01:00+02:00,412.7836513169655,405.549734440914,410.40298862919707,433.0514444444445
2025-09-05 09:02:00+02:00,415.4803379406242,407.5984823470657,412.76884253775177,433.9955370370371
2025-09-05 09:03:00+02:00,418.1771961733809,409.6468278218837,415.134060570843,434.0058531746032
2025-09-05 09:04:00+02:00,420.87422601523554,412.40887651354944,417.5389176462951,443.33759502923976
2025-09-05 09:05:00+02:00,423.60216898490665,415.8606558460873,420.1041707572719,446.6516666666666
2025-09-05 09:06:00+02:00,426.5838039524687,419.311291165808,422.6853203242847,451.5037191358024
2025-09-05 09:07:00+02:00,429.62193720373335,422.7607824727118,425.2657113285037,450.39999629629625
2025-09-05 09:08:00+02:00,432.6602881290763,426.4590904685464,427.8453437699288,452.6614603174603
2025-09-05 09:09:00+02:00,435.6988567284977,430.86401985291417,430.42421764856016,452.89791501322753
2025-09-05 09:10:00+02:00,438.6938128066979,435.3087051849264,433.0125620696728,458.73852564102566
2025-09-05 09:11:00+02:00,441.29886604310616,439.1582767191903,435.6195088123053,462.3047394179894
2025-09-05 09:12:00+02:00,443.8120246630059,434.8956576335743,438.2261384622496,463.5598903903904
2025-09-05 09:13:00+02:00,446.3253321288269,428.3650885617362,440.83199175381066,460.59625
2025-09-05 09:14:00+02:00,448.8387884405693,434.3620215860973,443.4370686869884,462.5686253561253
2025-09-05 09:15:00+02:00,451.35239359823305,443.92131905513247,446.0399951654237,468.5459259259259
2025-09-05 09:16:00+02:00,453.8513025682319,450.8028173397181,448.4944735034153,475.0334330484331
2025-09-05 09:17:00+02:00,456.1658456442023,455.65544513274847,450.8500686211598,477.57633333333337
2025-09-05 09:18:00+02:00,458.42537023248457,457.2676196198448,453.2050278634409,474.18773290598295
2025-09-05 09:19:00+02:00,460.6850150554212,458.842744968223,455.55935123025847,472.50586004273504
2025-09-05 09:20:00+02:00,462.9447801130123,460.4176300720687,457.9130387216126,478.9927744708995
2025-09-05 09:21:00+02:00,465.20466540525786,461.992274931382,460.2660903375034,480.3133854166667
2025-09-05 09:22:00+02:00,467.4646709321578,463.5666795461629,462.86437550345744,485.4760143849206
2025-09-05 09:23:00+02:00,469.75988427123934,465.14084391641154,465.9862264968205,482.6905753205128
2025-09-05 09:24:00+02:00,472.2039344573183,466.714768042128,469.1233361326823,488.5753454415954
2025-09-05 09:25:00+02:00,474.6648355300471,468.2884519233119,472.25931333217954,489.3833523638846
2025-09-05 09:26:00+02:00,477.1258791155605,470.12723705936094,475.3898049295741,495.9165325295971
2025-09-05 09:27:00+02:00,479.5870652138586,473.6121945768159,472.8631492598023,501.4812847222222
2025-09-05 09:28:00+02:00,482.04839382494094,477.379414353572,465.4606499053093,500.80444444444447
2025-09-05 09:29:00+02:00,484.5300115058001,481.1452552245942,475.3960576578586,501.1752546296296
2025-09-05 09:30:00+02:00,487.20665806042433,483.7190937744695,479.7220231939553,504.9876374007936
2025-09-05 09:31:00+02:00,489.9321973237248,479.9607331108672,482.4176368852554,508.90441468253965
2025-09-05 09:32:00+02:00,492.6579112742522,475.2526743421159,485.1124118457249,506.53824013157896
2025-09-05 09:33:00+02:00,495.3837999120066,472.4927305631929,487.8063480753639,505.0338657407408
2025-09-05 09:34:00+02:00,498.109863236988,484.43301196837473,490.5084579484728,512.045625
2025-09-05 09:35:00+02:00,500.8843263712627,493.34711370303296,494.4709688054089,514.876369047619
2025-09-05 09:36:00+02:00,503.7618575790555,499.9233916386709,499.3230229003183,523.6097685185185
2025-09-05 09:37:00+02:00,506.6427988195214,502.8641343615158,504.1723495985469,525.2747601010101
2025-09-05 09:38:00+02:00,509.5239350828222,505.64905324843727,506.80748755364056,524.5478051900585
2025-09-05 09:39:00+02:00,512.4052663689583,508.4332143402849,507.57071181308135,522.1535039941903
2025-09-05 09:40:00+02:00,515.1321743611973,511.2166176370591,508.3338684271284,530.2347115384615
2025-09-05 09:41:00+02:00,516.8995082046615,511.70443106469776,509.0969573957816,536.8286507936508
2025-09-05 09:42:00+02:00,518.5016206549558,497.4372703978064,509.8599787190405,534.630422979798
2025-09-05 09:43:00+02:00,520.1037933816976,502.7432807133711,510.6229323969056,533.4921275252525
2025-09-05 09:44:00+02:00,521.7060263848871,506.4681295176404,511.38581842937646,530.4343833333334
2025-09-05 09:45:00+02:00,523.3083196645239,510.1916225906494,512.1486368164533,533.6891007834757
2025-09-05 09:46:00+02:00,524.9106732206078,513.7219984936071,512.9113875581361,537.5602380952381
2025-09-05 09:47:00+02:00,526.5130870531389,515.8708432224798,514.0676667891153,538.840167989418
2025-09-05 09:48:00+02:00,528.1155611621173,517.7508767469001,519.5085581706116,542.9151612103175
2025-09-05 09:49:00+02:00,529.718095547543,519.630564073271,522.5741060607656,544.0198690476191
2025-09-05 09:50:00+02:00,530.9471132138133,521.5099052015923,524.3551700283572,543.4356011825818
2025-09-05 09:51:00+02:00,531.734657732789,523.3889001318639,526.1358642208095,546.4732477069546
2025-09-05 09:52:00+02:00,532.5222168074865,525.2675488640857,527.9161886381225,546.6125858585859
2025-09-05 09:53:00+02:00,533.3097904379058,527.145851398258,529.6961432802959,544.8037089947089
2025-09-05 09:54:00+02:00,534.0973786240468,525.2958023202225,531.4757281473301,547.7332261904762
2025-09-05 09:55:00+02:00,534.8849813659094,522.4329593707596,533.2549432392245,543.926875
2025-09-05 09:56:00+02:00,535.672598663494,530.1381589578705,535.0337885559793,551.3659788359788
2025-09-05 09:57:00+02:00,536.4602305168005,532.2345716319626,531.9271739542623,552.7746031746032
2025-09-05 09:58:00+02:00,537.2478769258291,534.3305526163201,524.6938102576958,543.5998474945534
2025-09-05 09:59:00+02:00,538.2051898496888,536.4261019109438,534.9948317417877,550.2042003367004
2025-09-05 10:00:00+02:00,542.6830338643206,538.5212195158329,540.936154715693,553.0070132275132
2025-09-05 10:01:00+02:00,548.2150916606458,540.6159054309876,545.6842118944278,557.174917929293
2025-09-05 10:02:00+02:00,553.338666297074,542.6934614918034,549.9354378540841,563.9709154040403
2025-09-05 10:03:00+02:00,558.462856441419,543.9246894732369,550.6272973636501,569.5867592592593
2025-09-05 10:04:00+02:00,560.1918649151553,544.6827568281483,550.6272973636501,567.2060615079365
2025-09-05 10:05:00+02:00,557.7850038809411,545.4407675911534,550.6272973636501,565.6777870370371
2025-09-05 10:06:00+02:00,555.3648336113924,546.1987217622523,550.6272973636501,566.7810617236025
2025-09-05 10:07:00+02:00,552.9448006389187,546.9566193414448,550.6272973636501,572.6706944444445
2025-09-05 10:08:00+02:00,550.5249049635202,547.7144603287309,550.6272973636501,569.8197863247864
2025-09-05 10:09:00+02:00,548.105146585197,548.4722447241109,550.6272973636501,568.0507222222222
2025-09-05 10:10:00+02:00,547.91508187412,549.2299725275839,550.6272973636501,562.6925036075036
2025-09-05 10:11:00+02:00,555.7033877510394,549.9876437391504,550.6272973636501,566.0209841269841
2025-09-05 10:12:00+02:00,563.4998030836118,554.0841778927456,555.5044533509663,573.8635555555555
2025-09-05 10:13:00+02:00,570.1186869747532,560.1272469013786,563.0648885069554,579.9843097781849
2025-09-05 10:14:00+02:00,574.5159922607984,562.4314118714135,556.6514574597386,580.9583392857143
2025-09-05 10:15:00+02:00,565.675644036756,564.7350522510344,551.7358996639543,581.1588253968254
2025-09-05 10:16:00+02:00,572.0077701834532,567.0381680402409,553.5473558013564,578.811617063492
2025-09-05 10:17:00+02:00,570.5226211696718,569.3407592390326,556.0317237428433,582.1421527777778
2025-09-05 10:18:00+02:00,568.6362055518193,571.64282584741,558.515366925056,585.7408055555555
2025-09-05 10:19:00+02:00,566.4875275794036,572.6977643907378,560.9982853479951,586.8688425925926
2025-09-05 10:20:00+02:00,577.3728548772392,572.6977643907378,563.4804790116607,588.5247118055555
2025-09-05 10:21:00+02:00,589.1020502666606,572.6977643907378,565.248599837244,591.2090277777778
2025-09-05 10:22:00+02:00,581.3597563723154,572.6977643907378,565.32097121335,594.4013888888888
2025-09-05 10:23:00+02:00,578.5772811764023,572.6977643907378,565.32097121335,586.4587447089947
2025-09-05 10:24:00+02:00,581.9890065889895,572.6977643907378,565.32097121335,588.8888666666667
2025-09-05 10:25:00+02:00,585.4010045446485,572.6977643907378,565.32097121335,592.0182905982906
2025-09-05 10:26:00+02:00,588.8132750433788,572.6977643907378,565.32097121335,591.0844795482295
2025-09-05 10:27:00+02:00,589.0191507626648,572.6977643907378,565.32097121335,589.8848194444445
2025-09-05 10:28:00+02:00,579.1239235802982,572.7976282475083,565.32097121335,588.8547924836602
2025-09-05 10:29:00+02:00,583.7850422334438,574.0393311006874,565.32097121335,588.6762731481482
2025-09-05 10:30:00+02:00,589.7901674654597,575.6020966206897,565.3319929689974,591.8979675925926
2025-09-05 10:31:00+02:00,589.3215394968554,577.1646201801329,569.75056437992,564.815692251462
2025-09-05 10:32:00+02:00,585.448515300815,578.726901779017,577.4551261841432,594.2414583333333
2025-09-05 10:33:00+02:00,581.5758422146248,580.2889414173419,574.753506640254,589.4916666666667
2025-09-05 10:34:00+02:00,577.8259553036044,581.8507390951074,567.227522183194,591.3477187627187
2025-09-05 10:35:00+02:00,578.0902789313043,583.4122948123138,567.8555984186621,593.8832457264957
2025-09-05 10:36:00+02:00,580.2598541672276,584.9736085689615,570.4996202803152,596.1458333333334
2025-09-05 10:37:00+02:00,582.4295396227867,586.53468036505,573.1428184553317,580.7345441595442
2025-09-05 10:38:00+02:00,584.5993352979817,590.8341197032153,575.7851929437111,593.9639097222222
2025-09-05 10:39:00+02:00,586.7692411928124,597.7787011864598,578.4267437454539,595.9688194444444
2025-09-05 10:40:00+02:00,588.9392573072785,600.0530605644853,581.2203952735988,601.1337083333334
2025-09-05 10:41:00+02:00,591.112344636316,594.8615090323738,584.2293055931059,602.8487530525031
2025-09-05 10:42:00+02:00,593.3802992510862,589.6319431667921,587.2386893547641,605.8147023809523
2025-09-05 10:43:00+02:00,595.6927938975566,591.3608370101745,590.2470018813472,606.3945138888889
2025-09-05 10:44:00+02:00,598.0054136732335,597.5228475150332,593.2542431728552,608.6595584795322
2025-09-05 10:45:00+02:00,600.3181585781176,603.681081484028,595.0399840772268,604.3955568181818
2025-09-05 10:46:00+02:00,602.6310286122086,605.3447934409025,595.7927568830717,613.7170436507937
2025-09-05 10:47:00+02:00,604.9440237755068,597.9903649414052,596.545462506846,614.2481018518519
2025-09-05 10:48:00+02:00,606.0110921785124,590.433629452273,597.2981009485495,614.2844017094018
2025-09-05 10:49:00+02:00,600.4783604358784,586.4357840229536,598.050672208182,611.8550892857143
2025-09-05 10:50:00+02:00,594.1513629045157,582.4363508438137,598.803176285744,608.5443113425926
2025-09-05 10:51:00+02:00,594.6396912798493,583.0758684866012,599.5556131812345,604.9460683760684
2025-09-05 10:52:00+02:00,598.5465191578069,589.5016756876987,600.3079828946541,606.1245833333334
2025-09-05 10:53:00+02:00,602.4537041473834,597.168844058803,601.0602854260028,597.4539409722222
2025-09-05 10:54:00+02:00,606.2519387576895,606.8169685343582,603.6113840548549,617.440371896622
2025-09-05 10:55:00+02:00,608.5603725947133,602.2938899781273,609.7587815836375,620.6986574074075
2025-09-05 10:56:00+02:00,610.3971351998289,595.9620532880551,610.5128263631057,622.6001666666667
2025-09-05 10:57:00+02:00,612.2339766909013,597.7873881531709,611.2668034971803,616.0022992424243
2025-09-05 10:58:00+02:00,614.0708970679304,600.5816139753279,612.0207129858607,624.1929684343435
2025-09-05 10:59:00+02:00,615.9078963309164,603.3750625100865,612.7745548291471,626.3178174603175
2025-09-05 11:00:00+02:00,617.7449744798596,606.167733757447,613.5283290270393,625.8780395299145
2025-09-05 11:01:00+02:00,619.5821315147593,608.8906314572484,614.2820355795375,628.0450628306878
2025-09-05 11:02:00+02:00,621.4193674356159,611.043972447377,615.0356744866417,629.8270138888889
2025-09-05 11:03:00+02:00,623.5144557904564,613.0705876327545,615.789245748352,630.7918447293447
2025-09-05 11:04:00+02:00,625.8761730334661,615.096792882413,619.6031897236808,624.6061111111111
2025-09-05 11:05:00+02:00,628.2380206053078,617.1225881963519,622.2911363531484,634.050712962963
2025-09-05 11:06:00+02:00,630.5999985059821,619.147973574572,620.3722061800706,636.9342991452992
2025-09-05 11:07:00+02:00,632.9621067354881,621.172949017073,618.4528367478581,635.7892857142857
2025-09-05 11:08:00+02:00,635.3243452938259,623.0906357069643,616.5330280565106,638.189837962963
2025-09-05 11:09:00+02:00,636.7973215285722,621.2009967851216,614.6127801060286,644.4140138888889
2025-09-05 11:10:00+02:00,631.6810904349429,617.372748439188,612.6920928964119,642.984787037037
2025-09-05 11:11:00+02:00,625.2479856017324,613.5430352181165,610.7709664276601,636.9692044159544
2025-09-05 11:12:00+02:00,624.5285548174581,610.3501137602905,610.580145641994,630.8670555555556
2025-09-05 11:13:00+02:00,627.9187423253261,613.03094729185,614.4165656577027,634.8245340501793
2025-09-05 11:14:00+02:00,631.3091983683337,617.1305130380752,618.4144887052057,627.3338194444444
2025-09-05 11:15:00+02:00,634.6999229464807,621.228400323916,622.5158379909446,633.6093201754386
2025-09-05 11:16:00+02:00,639.5844908439688,628.577623098877,633.1630818809922,646.568363095238
2025-09-05 11:17:00+02:00,649.7816848131433,637.5934679457164,637.9773827932413,654.935625
2025-09-05 11:18:00+02:00,651.9188200453186,637.4058454230624,637.2270974371224,661.0134166666667
2025-09-05 11:19:00+02:00,650.2975240563835,636.6547322702406,636.4767446678682,657.7349537037037
2025-09-05 11:20:00+02:00,648.6762894116598,635.9035625255124,635.7263244854787,662.6046843434343
2025-09-05 11:21:00+02:00,647.0551161111475,635.152336188878,634.9758368899536,657.5380407407407
2025-09-05 11:22:00+02:00,645.4340041548469,634.4010532603372,634.2252818812933,650.0717314814815
2025-09-05 11:23:00+02:00,643.8129535427581,633.6497137398901,633.4746594594978,652.40330634278
2025-09-05 11:24:00+02:00,642.1919642748805,632.8983176275365,632.7239696245665,655.7793162393162
2025-09-05 11:25:00+02:00,640.5710363512144,632.1468649232775,631.9732123764995,654.4432270069112
2025-09-05 11:26:00+02:00,638.9501697717596,631.3953556271119,631.2061811094491,650.2845133053221
2025-09-05 11:27:00+02:00,639.8938905498617,630.5148127316334,630.2672717784872,654.5589285714285
2025-09-05 11:28:00+02:00,646.592950749435,629.481749187491,629.2828681993606,655.4756944444445
2025-09-05 11:29:00+02:00,651.8595664337038,628.4485787414524,628.2983487893007,657.5611825396826
2025-09-05 11:30:00+02:00,648.8612733412019,627.4153013935174,627.3137135483073,660.5573437500001
2025-09-05 11:31:00+02:00,644.7020787599579,626.3819171436858,626.3289624763809,660.488179563492
2025-09-05 11:32:00+02:00,640.5432879683408,625.3484259919578,625.3440955735211,659.3715277777778
2025-09-05 11:33:00+02:00,632.9045185257992,624.3148279383336,624.3591128397281,653.2759722222222
2025-09-05 11:34:00+02:00,631.433511332235,625.133672996499,620.0216226274758,629.8028472222222
2025-09-05 11:35:00+02:00,649.2418309241209,654.4490678825866,647.5809100006666,661.3385049603174
2025-09-05 11:36:00+02:00,642.8527697689658,641.2846686135854,640.1612424805335,656.6505972222222
2025-09-05 11:37:00+02:00,650.992337916786,641.0527717293025,641.2393116453343,658.7357589285714
2025-09-05 11:38:00+02:00,645.6489281714767,643.3088364587804,643.5182475409965,658.3346527777777
2025-09-05 11:39:00+02:00,640.386960754696,645.5643901002481,645.7965607738317,657.5242063492063
2025-09-05 11:40:00+02:00,648.9255899831332,647.8194326537064,648.0742513438397,658.729523046398
2025-09-05 11:41:00+02:00,642.2374266255069,650.0739641191547,650.3513192510206,656.7783333333333
2025-09-05 11:42:00+02:00,656.775066798047,656.4496409923261,652.2419610807017,661.4183333333333
2025-09-05 11:43:00+02:00,665.2325762541232,671.8720967510785,647.9811741110484,666.3224116161616
2025-09-05 11:44:00+02:00,657.0584416157731,673.6642123942586,641.6339009803041,665.603888888889
2025-09-05 11:45:00+02:00,650.8523853452298,643.8686156776121,648.1108060805611,649.4423771367522
2025-09-05 11:46:00+02:00,646.655014056776,649.1303214885204,649.0530868998201,643.0330961538461
2025-09-05 11:47:00+02:00,642.4580539667795,662.635076616876,641.2928703609671,661.7816666666666
2025-09-05 11:48:00+02:00,641.6439690497018,652.0844212443676,633.083120000452,651.7939444444445
2025-09-05 11:49:00+02:00,636.704693049621,633.7184095348559,630.2785751449148,642.5602083333333
2025-09-05 11:50:00+02:00,656.6950572411397,649.1390654322736,655.3314568166006,663.1850972222222
2025-09-05 11:51:00+02:00,672.0862650614426,663.6470971751803,668.7863581172774,675.8022569444445
2025-09-05 11:52:00+02:00,662.9191630958494,656.6961605730039,664.7280496180017,676.1418055555556
2025-09-05 11:53:00+02:00,663.9280828018941,663.9907559607755,663.2150290669356,675.6207936507936
2025-09-05 11:54:00+02:00,667.0773416511158,656.6026180581366,666.0974730718401,669.5542460317461
2025-09-05 11:55:00+02:00,670.2268317994692,665.1597504487306,668.9789156098411,676.2322222222223
2025-09-05 11:56:00+02:00,673.3765532469545,664.411489493617,671.8593566809388,677.4665350877193
2025-09-05 11:57:00+02:00,674.7705199336274,661.1688143398542,673.8141276877545,680.2561111111112
2025-09-05 11:58:00+02:00,669.4975179913292,657.9250789545642,669.0492481629701,678.1472382478632
2025-09-05 11:59:00+02:00,663.5645784046683,654.6802833377478,662.9484659348775,679.3670833333333
2025-09-05 12:00:00+02:00,662.087095445562,655.3835782651859,661.7508590570353,664.7539898989899
2025-09-05 12:01:00+02:00,664.5197314683487,660.7176404033748,664.1494185349159,669.9589871031745
2025-09-05 12:02:00+02:00,666.9525055156112,665.9133531272275,666.5472848468207,672.2388518518518
2025-09-05 12:03:00+02:00,669.3854175873491,668.5783076570322,668.9444579927504,670.227962962963
2025-09-05 12:04:00+02:00,671.8184676835629,670.2946206328738,671.3409379727045,671.8024537037037
2025-09-05 12:05:00+02:00,674.2516558042523,672.0106361893324,673.7267437797032,676.5972916666667
2025-09-05 12:06:00+02:00,672.0272421829641,673.7263543264085,672.2032515072183,682.1704166666667
2025-09-05 12:07:00+02:00,662.6030938883425,675.4417750441016,667.2602665712523,678.4351851851852
2025-09-05 12:08:00+02:00,666.1664886546009,677.1568983424115,662.4385967560172,678.2356031746032
2025-09-05 12:09:00+02:00,670.3850347677987,678.8717242213384,667.1167965821433,677.064032967033
2025-09-05 12:10:00+02:00,674.4983277453007,680.5862526808824,672.8910695681136,681.8828670634921
2025-09-05 12:11:00+02:00,670.12382062244,677.9707312123135,666.9210251138688,684.643167989418
2025-09-05 12:12:00+02:00,660.5316590296304,661.701772357557,661.6711966936962,671.3633432539683
2025-09-05 12:13:00+02:00,652.4623836490007,656.6279884298949,664.051241113701,668.4344316239316
2025-09-05 12:14:00+02:00,652.843947591788,661.1325452681676,667.6777881739174,666.2474305555555
2025-09-05 12:15:00+02:00,663.7493817943184,665.5887421010675,671.3027495086576,675.5448611111111
2025-09-05 12:16:00+02:00,668.1283957830626,666.2225498602158,674.060685103683,679.5199074074075
2025-09-05 12:17:00+02:00,672.5078569711072,664.3857282301944,672.0980149645786,681.3023148148148
2025-09-05 12:18:00+02:00,674.8985015356686,662.5485662327233,669.4132684467363,679.1645497311828
2025-09-05 12:19:00+02:00,670.8016387094435,660.7110638678027,666.7276518463277,681.6399710648149
2025-09-05 12:20:00+02:00,666.2033991334424,658.8732211354325,664.0411651633526,679.9041666666666
2025-09-05 12:21:00+02:00,662.1164889736826,657.0350380356131,661.712919481231,676.9524074074073
2025-09-05 12:22:00+02:00,664.6707621719365,655.1965145683434,670.9101219523984,676.0559201388888
2025-09-05 12:23:00+02:00,669.2688374021945,655.3134752258495,665.706494346297,675.5185185185186
2025-09-05 12:24:00+02:00,673.8674056696825,673.465189665739,676.5680593052546,681.4502430555556
2025-09-05 12:25:00+02:00,684.3989880767765,687.5499071717447,680.6100822518877,680.9277751322751
2025-09-05 12:26:00+02:00,682.9670330420299,691.3929896410298,684.650129259365,680.9121388888889
2025-09-05 12:27:00+02:00,689.9226791690176,694.027172075326,689.4841641662451,688.7588194444444
2025-09-05 12:28:00+02:00,687.2988076177596,690.5192789203438,699.9506910001667,683.2282407407407
2025-09-05 12:29:00+02:00,683.7873065840124,687.0101375877291,689.6525582421482,687.380042989418
2025-09-05 12:30:00+02:00,680.2760928512553,683.5181180896927,684.5828113342966,683.0603703703704
2025-09-05 12:31:00+02:00,676.8671873548617,688.5445390155153,680.5427313944997,690.0326767676769
2025-09-05 12:32:00+02:00,675.3628367155959,689.0858505592773,676.5387741158031,688.673574074074
2025-09-05 12:33:00+02:00,674.5726420848803,691.9073195773219,677.2161847670554,678.0798958333334
2025-09-05 12:34:00+02:00,673.7824620098863,679.6456801436761,681.1129311709974,682.6969166666667
2025-09-05 12:35:00+02:00,672.9922964906141,683.5478759847911,685.0078408642189,681.2923148148149
2025-09-05 12:36:00+02:00,672.2021455270637,687.9424217233736,688.3118161210148,689.517261904762
2025-09-05 12:37:00+02:00,671.4120091192351,684.8806243174963,685.7625337947493,691.354898989899
2025-09-05 12:38:00+02:00,670.6218872671284,681.0431571925899,681.6850920535792,684.7869003267974
2025-09-05 12:39:00+02:00,669.8317799707431,677.2041991508304,677.6056370922049,684.0728023478023
2025-09-05 12:40:00+02:00,669.0416872300791,676.3559399830815,674.3049332793248,683.2543837181338
2025-09-05 12:41:00+02:00,667.9884177661345,680.9333698714004,672.6689615344355,680.1826458333334
2025-09-05 12:42:00+02:00,665.7497567085456,685.621152956481,671.0847354123014,680.6994463645673
2025-09-05 12:43:00+02:00,663.36746827137,684.5080059391007,669.5002062460915,685.0283333333333
2025-09-05 12:44:00+02:00,662.1386413642692,677.9193180684858,667.915374035806,682.4916547619048
2025-09-05 12:45:00+02:00,670.3775294951918,685.0271646825486,666.3302387814449,684.568365834458
2025-09-05 12:46:00+02:00,669.2323880793108,692.7998481949614,664.744800483008,686.1310599415204
2025-09-05 12:47:00+02:00,669.402749310939,681.7148215650084,663.1590591404956,681.4863194444445
2025-09-05 12:48:00+02:00,669.5505982388484,685.0813410414373,661.5730147539075,685.2954166666667
2025-09-05 12:49:00+02:00,671.8472713459635,688.1138799852292,668.7560178375247,679.0554398148148
2025-09-05 12:50:00+02:00,687.5406919075626,700.4229243711031,685.785389267769,695.6124834656084
2025-09-05 12:51:00+02:00,671.2720777266604,670.0291148086876,672.2239430987074,687.305
2025-09-05 12:52:00+02:00,653.4018537456109,660.6455236432757,651.917138369015,668.3821057692307
2025-09-05 12:53:00+02:00,636.5788336873095,639.482682128777,638.0808502741922,660.0497222222222
2025-09-05 12:54:00+02:00,645.0421044744589,648.1213969143937,647.6645732077327,661.6915486111111
2025-09-05 12:55:00+02:00,655.7342476182669,661.6840154127967,662.2848840632441,670.1856666666666
2025-09-05 12:56:00+02:00,663.4806841351331,660.1122683399522,669.798371063828,674.3648595848596
2025-09-05 12:57:00+02:00,669.0540173534678,666.2378002576868,674.884285240669,681.2976805555555
2025-09-05 12:58:00+02:00,673.9312781448211,677.919195842004,679.9388467002025,684.7647777777778
2025-09-05 12:59:00+02:00,660.8684335514461,667.0115836688547,671.636906688969,680.3539021164021
2025-09-05 13:00:00+02:00,654.1340762667794,661.0919198652944,655.7324710810001,677.3771428571429
2025-09-05 13:01:00+02:00,499.9419769021532,512.1229247102222,505.40164696505695,494.6552777777778
2025-09-05 13:02:00+02:00,349.8368459600569,357.7877871266169,360.28359275557506,334.60013888888886
2025-09-05 13:03:00+02:00,414.6520248933092,413.025007109164,429.90901364360246,377.8641666666667
2025-09-05 13:04:00+02:00,482.2329992158185,490.7680306070996,493.969044813806,487.92159722222215
2025-09-05 13:05:00+02:00,666.7760920571745,677.2464180228028,675.1227629167761,706.0667777777777
2025-09-05 13:06:00+02:00,688.7728741044475,684.0346935828122,686.3021426090586,708.3892521367521
2025-09-05 13:07:00+02:00,672.4016728178935,668.8864088391206,671.4328140369842,691.3528472222223
2025-09-05 13:08:00+02:00,660.4961217746127,650.8070617651624,667.3226840151758,676.6697222222223
2025-09-05 13:09:00+02:00,659.6018510635699,664.0589642818491,666.476268900604,691.9193055555555
2025-09-05 13:10:00+02:00,365.6196153246826,372.7828515133258,374.3997400288328,300.12005555555555
2025-09-05 13:11:00+02:00,281.0976970022344,285.7109173175889,291.661388303885,215.3862103174603
2025-09-05 13:12:00+02:00,388.2821021171904,399.7138691473154,396.7352856979445,364.428125
2025-09-05 13:13:00+02:00,302.9416199356109,312.7557399361711,314.2291246171681,255.62833333333333
2025-09-05 13:14:00+02:00,248.011660489159,252.8836006107075,249.1188777861566,189.3638586182336
2025-09-05 13:15:00+02:00,302.0742768481828,310.0458629294292,311.2614046271676,267.3663408119658
2025-09-05 13:16:00+02:00,472.5299931550621,479.2343214219733,481.5804706467535,473.5716071428572
2025-09-05 13:17:00+02:00,643.2314692026957,652.1593112771436,648.4051926248953,661.5784206349207
2025-09-05 13:18:00+02:00,653.8338562611709,655.8217396899963,664.2793207165057,675.9698148148149
2025-09-05 13:19:00+02:00,554.2070579821689,570.2795635919551,578.7308694372527,551.5065972222222
2025-09-05 13:20:00+02:00,551.663050214007,556.5644930447029,564.2606114624791,552.7666666666667
2025-09-05 13:21:00+02:00,625.1050833171796,626.6472722950834,646.9434000677863,648.6171064814815
2025-09-05 13:22:00+02:00,614.6668370589587,621.855447440113,630.3254489288677,631.8957554436305
2025-09-05 13:23:00+02:00,607.1637501592963,626.2663269768896,634.5147911509325,634.4244662698412
2025-09-05 13:24:00+02:00,598.0002362571884,610.8589946509269,618.2524521308628,620.421717948718
2025-09-05 13:25:00+02:00,566.7625850336487,571.8181237749609,579.2004795758842,594.5513888888889
2025-09-05 13:26:00+02:00,603.8300091828771,613.3733489203119,619.3453981721823,618.4691157407407
2025-09-05 13:27:00+02:00,636.3218544561619,642.6823805371816,651.5810418286383,649.5783171296297
2025-09-05 13:28:00+02:00,650.0821506266539,656.6426674720788,664.9092021575316,660.0153951719576
2025-09-05 13:29:00+02:00,656.0907601912343,654.767502905439,670.4872714637809,661.362549475987
2025-09-05 13:30:00+02:00,666.5840320165023,676.1762648490985,681.6851854246488,685.1410264550265
2025-09-05 13:31:00+02:00,672.2727897876464,685.3800272490107,685.3877491344924,697.6188425925926
2025-09-05 13:32:00+02:00,664.4791864036022,675.6749847558413,679.7473812233136,684.7737435897435
2025-09-05 13:33:00+02:00,649.7351832042195,658.5281188335068,670.4212784441036,670.6784126984127
2025-09-05 13:34:00+02:00,626.9647679609348,634.5890708771844,645.8224803064425,655.9507777777777
2025-09-05 13:35:00+02:00,607.1085804843078,615.0517928852655,627.1868926364618,638.881590909091
2025-09-05 13:36:00+02:00,594.2688224505691,599.9286195348866,611.4083411999616,629.3844444444445
2025-09-05 13:37:00+02:00,391.2535828244887,394.3086134826605,409.6335840151054,376.250625
2025-09-05 13:38:00+02:00,210.78011505755111,215.4406799851353,220.52750854470852,154.95791666666668
2025-09-05 13:39:00+02:00,409.1276543980129,415.80722786315965,425.3842137377251,413.9159722222223
2025-09-05 13:40:00+02:00,561.1505802537124,570.3530137705809,564.9240800729824,587.5613888888889
2025-09-05 13:41:00+02:00,625.353266849509,638.1499480161353,649.5364613006222,664.0715656565657
2025-09-05 13:42:00+02:00,636.0928664618377,640.455386060795,643.0861293225705,670.800300925926
2025-09-05 13:43:00+02:00,644.0868988424154,632.1990509673906,651.2971368866017,670.6493386243386
2025-09-05 13:44:00+02:00,615.2360039035707,602.2540884804923,604.4494546842338,624.6182142857143
2025-09-05 13:45:00+02:00,620.8145176788298,628.5716528813246,638.0442925944003,651.2785069444445
2025-09-05 13:46:00+02:00,523.5691219134396,529.3970320478782,534.1095639746595,536.5353472222222
2025-09-05 13:47:00+02:00,570.366691603793,598.6545351252405,607.3084640037453,621.7425480769231
2025-09-05 13:48:00+02:00,478.4426756015378,580.4407067047309,592.94705676892,596.3763611111111
2025-09-05 13:49:00+02:00,383.8884595737845,397.73281172250256,397.919886800724,365.38409722222224
2025-09-05 13:50:00+02:00,578.1748644723732,581.980064616947,595.9496098191271,619.8229861111112
2025-09-05 13:51:00+02:00,566.2245567007858,574.1088170611765,585.1171851978527,596.5452843915344
2025-09-05 13:52:00+02:00,576.4238995860915,585.1814318737386,591.0240734554716,605.5030815527066
2025-09-05 13:53:00+02:00,585.236775969958,592.3690054028109,593.3623098275307,606.4679398148148
2025-09-05 13:54:00+02:00,587.9047617733131,590.5389502712617,605.6326662275658,613.5591595441596
2025-09-05 13:55:00+02:00,572.7581767536058,584.3726596924239,591.4146995866508,618.3559065656566
2025-09-05 13:56:00+02:00,342.62580711539937,352.8104886879252,359.7931743140699,292.36791666666664
2025-09-05 13:57:00+02:00,339.277506782046,349.0644415180036,352.9767676789706,294.6928472222222
2025-09-05 13:58:00+02:00,210.616252741506,215.04636014565537,215.278373562979,151.24196031746033
2025-09-05 13:59:00+02:00,212.17006992133415,217.26911337776548,213.86418911135783,150.04111111111112
2025-09-05 14:00:00+02:00,393.7644500847184,400.4626008113742,406.0627654270611,406.7801613756614
2025-09-05 14:01:00+02:00,554.1179899259816,561.7543684706791,567.3122710425705,599.4755317460317
2025-09-05 14:02:00+02:00,573.8818088172602,596.5111468843029,592.6918833251175,619.0154444444445
2025-09-05 14:03:00+02:00,566.3207479676269,583.6511443253162,607.8297249784407,618.0395138888889
2025-09-05 14:04:00+02:00,452.88857184440417,458.1611375496298,465.6443403843542,456.0511111111111
2025-09-05 14:05:00+02:00,314.2739962927175,318.8331530211234,320.2711241140328,285.26682539682537
2025-09-05 14:06:00+02:00,162.77257234119674,166.69413330239658,171.16615410606792,134.2665462962963
2025-09-05 14:07:00+02:00,167.5092435918723,172.25240926681894,177.06109435838962,144.77116666666666
2025-09-05 14:08:00+02:00,181.4310503855822,184.3831767306848,189.14855084086227,154.91300462962965
2025-09-05 14:09:00+02:00,205.1401687283557,209.0585031770844,212.9487390936527,179.10009259259257
2025-09-05 14:10:00+02:00,227.98611574003104,231.6351729941233,236.7912223876301,194.2449074074074
2025-09-05 14:11:00+02:00,339.72389442749494,347.15767357535714,349.2596588938184,323.4928472222222
2025-09-05 14:12:00+02:00,579.2290032403143,588.4573930617626,589.5649467099724,630.7586666666667
2025-09-05 14:13:00+02:00,601.8562296158209,625.5109846479231,611.292154583105,640.3830570818071
2025-09-05 14:14:00+02:00,595.5675305655234,610.2512444292897,605.1634913126236,632.6038854166667
2025-09-05 14:15:00+02:00,583.3235102375286,594.3729696090365,592.1533610433114,618.203625
2025-09-05 14:16:00+02:00,563.1736891675316,554.8638406079881,573.8644828479758,611.50625
2025-09-05 14:17:00+02:00,566.9836162416175,577.7886078607096,579.0967369475659,609.4682936507936
2025-09-05 14:18:00+02:00,581.0018042292361,591.9585907347862,592.1532728749155,614.5695016788767
2025-09-05 14:19:00+02:00,576.9353032269689,577.1725590506694,584.4278552727494,603.448006021756
2025-09-05 14:20:00+02:00,509.3453589890752,497.5056686039016,535.3129107852035,520.1430555555555
2025-09-05 14:21:00+02:00,213.72364305629048,216.70547721848945,220.99288599291268,157.8971527777778
2025-09-05 14:22:00+02:00,206.545556937431,212.04710881299224,217.4941144634857,160.41250802660247
2025-09-05 14:23:00+02:00,211.48980195020184,216.6073269985956,221.856014269732,162.94189950980393
2025-09-05 14:24:00+02:00,216.5024255118821,221.16562225121345,226.2158429243355,170.129853988604
2025-09-05 14:25:00+02:00,339.1299791504671,347.070865380647,354.5854397240326,343.6796527777778
2025-09-05 14:26:00+02:00,541.7354730930065,552.5090184529629,559.0192052698353,589.3218611111112
2025-09-05 14:27:00+02:00,563.8602655485299,575.1045749453656,576.5140681387679,601.4368824786325
2025-09-05 14:28:00+02:00,572.085031815323,567.8364409600076,584.8662217315423,602.2692222222223
2025-09-05 14:29:00+02:00,566.3938228252221,563.6973018368817,576.2423210524983,594.3459722222223
2025-09-05 14:30:00+02:00,552.5956169986553,559.3213621862901,565.4007588171617,593.3941944444445
2025-09-05 14:31:00+02:00,500.9034033438157,511.3577978317849,514.9491416485944,522.8928472222223
2025-09-05 14:32:00+02:00,470.5014063499516,481.2691885145576,482.97049897053415,493.9179166666667
2025-09-05 14:33:00+02:00,517.0909571756372,512.6636196690447,522.6828139419731,552.5403823260073
2025-09-05 14:34:00+02:00,415.47885896944416,417.4316059955575,427.83012777863,412.6619191919192
2025-09-05 14:35:00+02:00,183.42750065985973,178.997495496353,185.9503926099376,139.84442857142858
2025-09-05 14:36:00+02:00,186.3565013322124,177.19878082511352,181.102315326214,144.24826240079366
2025-09-05 14:37:00+02:00,190.56620203017093,186.42170956873437,191.6312027573975,154.6482158119658
2025-09-05 14:38:00+02:00,194.9844229491653,192.29256132694908,197.5025632697552,162.84161375661378
2025-09-05 14:39:00+02:00,203.7218208958333,197.93910836099096,203.2458683090942,165.4162554466231
2025-09-05 14:40:00+02:00,242.66055314770745,248.33179121718308,254.2132713184425,241.1966666666667
2025-09-05 14:41:00+02:00,467.1532814232582,482.3424896269343,484.65959857533466,535.1925
2025-09-05 14:42:00+02:00,443.211878164512,464.3032021732678,474.6629890976823,503.3484722222222
2025-09-05 14:43:00+02:00,424.7570875448892,436.24901279175606,436.7577797832351,444.9088472222222
2025-09-05 14:44:00+02:00,509.1307039965571,526.8208689580495,526.5770314855131,550.74
2025-09-05 14:45:00+02:00,530.4834849409951,567.8001739956494,546.8015997645853,577.2330555555556
2025-09-05 14:46:00+02:00,545.7827080056065,553.138552559587,560.0624804784786,584.2254464285714
2025-09-05 14:47:00+02:00,499.6542645305684,513.2506444139235,520.923186747335,523.7530753968255
2025-09-05 14:48:00+02:00,528.5641076042562,541.8784115031547,541.8789506730939,556.4334974747475
2025-09-05 14:49:00+02:00,526.2533078877639,538.589383276116,538.5321253615521,561.5784027777778
2025-09-05 14:50:00+02:00,522.4022535593792,534.9378860668078,534.9539164884411,555.3313253968254
2025-09-05 14:51:00+02:00,518.55154739654,531.2850777562933,531.374210495439,555.4878333333332
2025-09-05 14:52:00+02:00,514.3429580786003,531.2784669284981,527.8631759246975,542.8910876068376
2025-09-05 14:53:00+02:00,508.9362280164541,537.3854341012234,524.5495915327565,537.2641239316239
2025-09-05 14:54:00+02:00,503.4337627524806,536.7194262994674,521.2464301689893,539.4095187138131
2025-09-05 14:55:00+02:00,497.9320088841974,524.3181433134571,517.9419971162674,540.4140277777778
2025-09-05 14:56:00+02:00,492.43096641160446,519.0408072376347,513.640645899196,537.4006226851852
2025-09-05 14:57:00+02:00,480.3903690609523,510.1967828455117,483.1364309876535,524.6085416666666
2025-09-05 14:58:00+02:00,486.4585092754078,504.8142709318094,497.31719244178856,520.0396717171717
2025-09-05 14:59:00+02:00,492.4983688645939,512.8470864824637,496.12925557087954,520.9064748677248
2025-09-05 15:00:00+02:00,497.887927190926,509.8389093113408,493.9892195439653,526.3329444444445
2025-09-05 15:01:00+02:00,495.7085852271355,506.336969878928,491.8486531771616,523.7507361111111
2025-09-05 15:02:00+02:00,487.09113227827953,502.83383130836415,489.7075564704683,524.1163446969697
2025-09-05 15:03:00+02:00,463.0181183994346,497.7078007219508,487.5659294238852,519.7640740740741
2025-09-05 15:04:00+02:00,430.8039082998603,467.8402529714118,485.4237720374129,515.1450066137567
2025-09-05 15:05:00+02:00,240.3947852652261,244.0033171569662,255.87420079685603,210.58569444444444
2025-09-05 15:06:00+02:00,303.6466929768246,299.5604248132473,312.6432597863066,300.2200138888889
2025-09-05 15:07:00+02:00,319.3506756835224,319.4401925808705,327.3242740270006,318.5693055555556
2025-09-05 15:08:00+02:00,377.998592672541,387.9971974657046,390.1100108255177,399.7814814814815
2025-09-05 15:09:00+02:00,409.4284155373728,413.0250071091639,424.3491770128548,443.6154861111111
2025-09-05 15:10:00+02:00,151.80996338642103,157.9756067115204,156.74875352897146,105.52222883597882
2025-09-05 15:11:00+02:00,137.2412732831008,141.25612926464927,139.71690558480086,101.076841991342
2025-09-05 15:12:00+02:00,131.56550989058516,135.07473712857674,134.1493595897571,115.47839781746032
2025-09-05 15:13:00+02:00,129.14664696407908,126.20082185591372,130.29590701880716,107.8014494301994
2025-09-05 15:14:00+02:00,132.57644885509805,119.68114688917488,133.6593237653388,102.10112654320989
2025-09-05 15:15:00+02:00,136.1237964615297,125.9627099481038,137.8229744260593,110.84891203703704
2025-09-05 15:16:00+02:00,139.67144499400464,134.19131016165673,141.98477179184744,118.66633333333334
2025-09-05 15:17:00+02:00,146.3690944661415,148.19306357730852,152.6737366490937,126.92333333333332
2025-09-05 15:18:00+02:00,165.53636741100584,167.88199985185113,173.8419625162912,147.5534722222222
2025-09-05 15:19:00+02:00,205.45050279054,209.50947912755512,215.6957578160485,191.8830109126984
2025-09-05 15:20:00+02:00,229.98064778714576,233.8043898148184,240.06215639689697,206.84333333333333
2025-09-05 15:21:00+02:00,222.19255543845813,233.27740054780855,232.1808258159331,197.52164983164985
2025-09-05 15:22:00+02:00,218.94258604955343,236.3900686881792,228.8538541569402,200.6955555555556
2025-09-05 15:23:00+02:00,215.6928682102555,229.6716484980441,225.52567472555128,194.8922673611111
2025-09-05 15:24:00+02:00,212.5421233196668,221.1039191992071,222.49590139644448,184.419
2025-09-05 15:25:00+02:00,220.1359049594028,216.23528045081616,230.53808360363337,176.62801282051282
2025-09-05 15:26:00+02:00,259.0585786209565,266.47661169716207,268.4971969951686,252.85444444444445
2025-09-05 15:27:00+02:00,171.7761664530036,174.41730637605653,179.11345488661664,142.35964616402117
2025-09-05 15:28:00+02:00,160.32312831202327,160.14375072450872,164.6971989158103,134.91547123015872
2025-09-05 15:29:00+02:00,150.73300990671606,146.77452876292364,151.55439053012338,132.9947023809524
2025-09-05 15:30:00+02:00,127.8115165607473,127.96810682697216,133.48900168192645,111.78518022486772
2025-09-05 15:31:00+02:00,112.6839213681202,111.7795811350811,117.0212640177746,97.60641203703705
2025-09-05 15:32:00+02:00,101.62774328465478,100.32255990616588,105.00502665201633,90.98807407407408
2025-09-05 15:33:00+02:00,88.73666846132274,87.7832696813916,91.9835585222295,80.9641736694678
2025-09-05 15:34:00+02:00,75.11705082039376,74.21167767207895,77.81158010526585,74.53655303030304
2025-09-05 15:35:00+02:00,66.56616706676748,64.47160335812403,67.95221524996607,65.42256335282651
2025-09-05 15:36:00+02:00,60.050145829562766,62.71553175835999,66.17505840270155,65.819
2025-09-05 15:37:00+02:00,58.73143491798123,61.92638046852741,65.37641479861793,61.97886363636365
2025-09-05 15:38:00+02:00,57.94999629438206,61.13717316771093,64.57770401246349,65.94542121212122
2025-09-05 15:39:00+02:00,57.168572327062,60.347909855910544,63.77892604423821,67.7395
2025-09-05 15:40:00+02:00,56.38716301602104,59.55859053312635,62.98008089394212,65.32541666666667
2025-09-05 15:41:00+02:00,55.6057683612592,58.76921519935824,62.181168561575205,64.26172222222222
2025-09-05 15:42:00+02:00,54.82438836277648,57.97978385460631,61.38218904713752,61.048110119047614
2025-09-05 15:43:00+02:00,54.04302302057287,57.19029649887054,60.583142350629046,61.18230324074074
2025-09-05 15:44:00+02:00,53.26167233464841,56.40075313215091,59.78402847204978,61.962409188034194
2025-09-05 15:45:00+02:00,52.48033630500311,50.50167795676528,54.28959478061879,61.06726851851852
2025-09-05 15:46:00+02:00,52.45148245256127,50.31533358230461,53.49866799773261,58.27391559829059
2025-09-05 15:47:00+02:00,53.2274662781784,51.98092957078872,55.326770556225085,57.04224508713386
2025-09-05 15:48:00+02:00,54.00346455999128,53.64627654740869,57.15452195059822,58.69096203844049
2025-09-05 15:49:00+02:00,54.77947729799988,55.31137451216452,58.981922180852,60.1205056980057
2025-09-05 15:50:00+02:00,55.55550449220424,56.97622346505624,60.80897124698642,58.08452777777779
2025-09-05 15:51:00+02:00,56.33154614260432,58.64082340608378,62.63566914900147,59.24652243589745
2025-09-05 15:52:00+02:00,57.10760224920016,60.30517433524723,64.46201588689719,66.1432142857143
2025-09-05 15:53:00+02:00,57.88367281199176,61.969276252546535,66.28040387432644,65.55034722222221
2025-09-05 15:54:00+02:00,58.659757830979146,63.21102275979419,66.2089134706456,68.872791005291
2025-09-05 15:55:00+02:00,59.36835149380936,61.912537801859145,64.58651709964371,70.20723684210527
2025-09-05 15:56:00+02:00,58.40184405023905,60.18921288525736,62.96384350727384,70.37424074074075
2025-09-05 15:57:00+02:00,56.71385192603914,58.46562092160363,61.34089269353598,71.72019764957265
2025-09-05 15:58:00+02:00,55.02592819160783,56.74176191089792,59.71766465843008,67.898025
2025-09-05 15:59:00+02:00,53.33807284694511,55.017635853140206,58.09415940195619,69.28960842293907
2025-09-05 16:00:00+02:00,51.65028589205096,53.29324274833051,56.47037692411425,68.92413625502336
2025-09-05 16:01:00+02:00,49.9625673269254,51.568582596468815,54.84631722490427,69.47121642246643
2025-09-05 16:02:00+02:00,48.27491715156842,49.8436553975551,53.22198030432628,59.844569841269845
2025-09-05 16:03:00+02:00,46.58733536598002,47.51294349710716,51.19906082596061,62.09821458333334
2025-09-05 16:04:00+02:00,44.75992944889587,42.272030268864704,46.11324411471077,58.88979166666667
2025-09-05 16:05:00+02:00,40.03006737019087,36.64983337358128,40.38670910401072,51.117148809523805
2025-09-05 16:06:00+02:00,34.14690950384349,31.047872089129903,34.65673633549351,49.32575613454646
2025-09-05 16:07:00+02:00,28.98709755549324,25.486810320147733,28.923325809159135,39.93318747078074
2025-09-05 16:08:00+02:00,25.98687416626037,19.93064284846131,23.18647752500757,38.29060714285715
2025-09-05 16:09:00+02:00,23.12967063110136,17.021561779381265,19.954566775004285,35.85875755360624
2025-09-05 16:10:00+02:00,20.272663351146125,16.22507512246008,19.14789319668179,34.72604166666667
2025-09-05 16:11:00+02:00,17.415852326394685,15.42853187363258,18.341151739504205,34.71126756066411
2025-09-05 16:12:00+02:00,14.73245309490903,14.631932032898751,17.53434240347151,32.88777777777778
2025-09-05 16:13:00+02:00,13.590777626380778,13.83527560025859,16.727465188583686,31.531013888888893
2025-09-05 16:14:00+02:00,12.812868510012226,13.038562575712106,15.920520094840755,28.63843434343434
2025-09-05 16:15:00+02:00,12.034973949365426,12.241792959259278,15.113507122242709,32.81604166666667
2025-09-05 16:16:00+02:00,11.257093944440378,11.444966750900129,14.30642627078955,29.87613425925926
2025-09-05 16:17:00+02:00,10.479228495237075,10.648083950634646,13.499277540481266,26.79371616809117
2025-09-05 16:18:00+02:00,9.701377601755528,9.657992903697457,12.538325956227895,27.714077991452992
2025-09-05 16:19:00+02:00,8.923541263995723,6.79917483768002,9.666175361974023,26.02091666666667
2025-09-05 16:20:00+02:00,8.145719481957673,3.4815440039564223,6.231356449552244,28.537745039682545
2025-09-05 16:21:00+02:00,7.367912255641356,2.058081711031175,4.75754809725739,29.501580687830693
2025-09-05 16:22:00+02:00,7.026793772276941,2.058081711031175,4.75754809725739,30.29196296296297
2025-09-05 16:23:00+02:00,7.75337340678038,2.058081711031175,4.75754809725739,26.81256097560976
2025-09-05 16:24:00+02:00,8.528524073649798,2.058081711031175,4.75754809725739,29.34993055555556
2025-09-05 16:25:00+02:00,9.303689196714952,2.058081711031175,4.75754809725739,25.469220238095243
2025-09-05 16:26:00+02:00,10.078868775975844,2.058081711031175,4.75754809725739,20.59996031746032
2025-09-05 16:27:00+02:00,10.854062811432478,2.058081711031175,4.75754809725739,25.261388888888888
2025-09-05 16:28:00+02:00,11.629271303084844,2.058081711031175,4.75754809725739,23.46951625094482
2025-09-05 16:29:00+02:00,12.404494250932956,2.058081711031175,4.75754809725739,24.919468652325797
2025-09-05 16:30:00+02:00,13.179731654976806,2.544773726389506,5.265989652550736,26.90121164021164
2025-09-05 16:31:00+02:00,13.957019743069786,6.534853248646751,9.434196314210665,27.143323529411763
2025-09-05 16:32:00+02:00,15.548836730506435,11.20436508821113,14.311750984946688,28.82514619883041
2025-09-05 16:33:00+02:00,17.790326175530407,15.84533231663201,19.11006023856178,30.83796477983577
2025-09-05 16:34:00+02:00,20.03193645116642,19.137009345448696,22.313697345757,30.82108716475096
2025-09-05 16:35:00+02:00,22.273667557414463,21.67440692418345,24.88332977479256,36.25577962962964
2025-09-05 16:36:00+02:00,24.515519494274564,24.211229768064623,27.452272841225145,34.39905251911831
2025-09-05 16:37:00+02:00,26.757492261746705,26.747477877092223,30.020526545054743,32.85874446290144
2025-09-05 16:38:00+02:00,29.14538118210986,29.28315125126625,32.58809088628137,41.91710830896687
2025-09-05 16:39:00+02:00,33.52099262013479,31.825569401359445,35.18933288543252,46.91919590643275
2025-09-05 16:40:00+02:00,38.52642430052906,35.39186068586418,39.03723078715962,48.760182980599645
2025-09-05 16:41:00+02:00,43.29604838536865,39.6811594056795,43.50430673516102,50.34791666666667
2025-09-05 16:42:00+02:00,44.49201649367699,43.96881074703817,47.96929166447139,56.27680555555556
2025-09-05 16:43:00+02:00,44.49201649367699,47.54640304661421,50.98990332553624,59.38270833333333
2025-09-05 16:44:00+02:00,44.49201649367699,46.63199378604601,49.61196020143664,59.1235625
2025-09-05 16:45:00+02:00,44.49201649367699,44.91594390783602,47.93108670096136,64.80671626984127
2025-09-05 16:46:00+02:00,44.49201649367699,43.199629958005424,46.24991667329691,66.27177248677249
2025-09-05 16:47:00+02:00,44.49201649367699,41.48305193655424,44.56845011844329,66.10001851851852
2025-09-05 16:48:00+02:00,44.49201649367699,39.76620984348246,42.8866870364005,64.48521969696971
2025-09-05 16:49:00+02:00,44.49201649367699,38.04910367879008,41.20462742716851,57.85400462962963
2025-09-05 16:50:00+02:00,44.49201649367699,36.3317334424771,39.52227129074734,58.05063492063493
2025-09-05 16:51:00+02:00,43.657945664579465,34.61409913454349,37.839618627137,50.90875308641975
2025-09-05 16:52:00+02:00,38.81768589900528,32.69333034153976,36.02595725232727,41.49766666666667
2025-09-05 16:53:00+02:00,33.456824327427114,29.419435483013096,32.82602934037206,51.11306944444445
2025-09-05 16:54:00+02:00,28.806507412587784,25.89647904918621,29.2587812188538,48.30970726495727
2025-09-05 16:55:00+02:00,25.941954954249383,22.37241326757715,25.690202496154875,43.92920061728395
2025-09-05 16:56:00+02:00,23.163631637156676,18.857931421048555,22.12029317227531,41.23132300569801
2025-09-05 16:57:00+02:00,20.385493888670037,16.492175936593583,19.54592775246976,37.848092185592186
2025-09-05 16:58:00+02:00,17.60754170878944,14.890787168357171,17.935221258181574,34.763333333333335
2025-09-05 16:59:00+02:00,14.924332908518991,13.28916967246662,16.324244182317184,34.412912698412704
2025-09-05 17:00:00+02:00,13.670722821270246,11.687323448921948,14.7129965248766,29.77219841269841
2025-09-05 17:01:00+02:00,12.895476261635755,10.085248497723132,13.101478285859812,29.941929683306498
2025-09-05 17:02:00+02:00,12.120244158197014,8.482944818870202,11.489689465266824,22.64632575757576
2025-09-05 17:03:00+02:00,11.34502651095401,6.880412412363146,9.87763006309763,29.72295008354219
2025-09-05 17:04:00+02:00,10.569823319906742,5.277651278201969,8.265300079352237,31.526726190476197
2025-09-05 17:05:00+02:00,9.794634585055215,3.674661416386666,6.652699514030633,27.31957437275986
2025-09-05 17:06:00+02:00,9.019460306399427,2.394325891448762,5.189926405777911,30.537188172043013
2025-09-05 17:07:00+02:00,8.244300483939377,2.9124380072559437,5.490115453897417,27.688386409865245
2025-09-05 17:08:00+02:00,7.469155117675063,3.707129738992904,6.296547081364999,29.02014473684211
2025-09-05 17:09:00+02:00,6.988496039815923,4.501765267103053,7.102911063438526,27.923674603174604
2025-09-05 17:10:00+02:00,7.653106548542958,5.2963445915863865,7.909207400118003,30.252597222222224
2025-09-05 17:11:00+02:00,8.430919111957241,6.090867712442893,8.715436091403433,25.66600747863248
2025-09-05 17:12:00+02:00,9.208746231093263,6.885334629672592,9.521597137294808,30.138497549019608
2025-09-05 17:13:00+02:00,9.98658790595104,7.679745343275474,10.327690537792131,28.966411111111118
2025-09-05 17:14:00+02:00,10.764444136530573,8.47409985325153,11.133716292895407,23.12417755779849
2025-09-05 17:15:00+02:00,11.542314922831846,9.268398159600792,11.939674402604638,28.31025724637681
2025-09-05 17:16:00+02:00,12.320200264854876,9.759290537439703,12.534025167899845,28.53911421911422
2025-09-05 17:17:00+02:00,13.098100162599646,9.764806060164844,12.56424541028171,32.72250248015873
2025-09-05 17:18:00+02:00,13.876014616066184,9.764806060164844,12.56424541028171,31.585320767195768
2025-09-05 17:19:00+02:00,14.297391022546469,9.764806060164844,12.56424541028171,31.27061818000797
2025-09-05 17:20:00+02:00,14.297391022546469,9.764806060164844,12.56424541028171,30.018737373737377
2025-09-05 17:21:00+02:00,14.297391022546469,9.764806060164844,12.56424541028171,33.566625
2025-09-05 17:22:00+02:00,14.297391022546469,9.764806060164844,12.56424541028171,32.14842592592593
2025-09-05 17:23:00+02:00,14.297391022546469,9.764806060164844,12.56424541028171,32.93065107212476
2025-09-05 17:24:00+02:00,14.297391022546469,9.764806060164844,12.56424541028171,29.57193703703704
2025-09-05 17:25:00+02:00,14.297391022546469,9.783875549532937,12.565556486445896,32.48884920634921
2025-09-05 17:26:00+02:00,14.297391022546469,10.413150522277046,13.091283597079917,34.25888888888889
2025-09-05 17:27:00+02:00,14.297391022546469,11.328396587931124,14.035160268511806,30.110776353276357
2025-09-05 17:28:00+02:00,14.347128736764436,12.24356800397324,14.97894412302584,33.24126543209877
2025-09-05 17:29:00+02:00,15.562168521756522,13.158664770403398,15.922635160622017,31.84255984848485
2025-09-05 17:30:00+02:00,17.267547407813936,14.073686887221594,16.86623338130034,31.2850873015873
2025-09-05 17:31:00+02:00,18.972996237903228,14.988634354427834,17.80973878506082,31.53723099415205
2025-09-05 17:32:00+02:00,20.678515012024416,15.903507172022112,18.75315137190345,33.734375
2025-09-05 17:33:00+02:00,22.38410373017748,16.818305340004436,19.69647114182823,36.4741335978836
2025-09-05 17:34:00+02:00,24.089762392362417,18.363672726230607,21.26728683978721,35.36116762866763
2025-09-05 17:35:00+02:00,25.79549099857925,21.25389650443913,24.176344297298904,38.52938988095238
2025-09-05 17:36:00+02:00,27.50128954882802,24.185394654697227,27.12633079269168,43.44119444444445
2025-09-05 17:37:00+02:00,29.256575117312774,27.11612535653849,30.075408354893327,42.09733592796093
2025-09-05 17:38:00+02:00,31.489955818051754,30.046088609962965,33.02357698390387,49.04013888888889
2025-09-05 17:39:00+02:00,33.84296893952696,32.54815782571943,35.59020008861522,49.051620370370365
2025-09-05 17:40:00+02:00,36.19611511203389,32.853249912082795,35.94627993791956,52.12694444444444
2025-09-05 17:41:00+02:00,38.54939433557247,32.853249912082795,35.94627993791956,54.921309523809526
2025-09-05 17:42:00+02:00,40.90280661014278,32.853249912082795,35.94627993791956,53.67164384920636
2025-09-05 17:43:00+02:00,43.25635193574481,32.853249912082795,35.94627993791956,55.521578947368425
2025-09-05 17:44:00+02:00,43.44261324491183,32.853249912082795,35.94627993791956,57.461230854915065
2025-09-05 17:45:00+02:00,40.81555187532324,32.853249912082795,35.94627993791956,55.49433531746032
2025-09-05 17:46:00+02:00,38.17398134948766,32.853249912082795,35.94627993791956,53.58810810810812
2025-09-05 17:47:00+02:00,35.53257845354417,32.853249912082795,35.94627993791956,51.42612903225807
2025-09-05 17:48:00+02:00,32.89134318749279,32.853249912082795,35.94627993791956,48.55960934095861
2025-09-05 17:49:00+02:00,30.260472524732226,31.992036736850142,35.15993473540087,44.81756260521886
2025-09-05 17:50:00+02:00,28.059870157923925,29.08339178204429,32.14501192904672,47.99101262626263
2025-09-05 17:51:00+02:00,26.08647521491681,26.08657162166412,28.99799162455019,38.08696801346802
2025-09-05 17:52:00+02:00,24.11317388020456,23.088948732438887,25.849935849892503,36.73771441372248
2025-09-05 17:53:00+02:00,22.139966153787192,20.09052311436858,22.70084460507368,38.07933333333333
2025-09-05 17:54:00+02:00,20.16685203566471,17.262526144393068,19.84648811240499,39.90887962962963
2025-09-05 17:55:00+02:00,18.19383152583713,15.08218842252231,17.69444426505501,38.58702047952048
2025-09-05 17:56:00+02:00,16.22090462430443,12.962603876123977,15.571936027601389,35.60505747126437
2025-09-05 17:57:00+02:00,14.281265457327102,10.842618742290028,13.448958141249191,34.442851851851856
2025-09-05 17:58:00+02:00,12.522767665425992,8.722233021020475,11.325510605998437,25.195039682539683
2025-09-05 17:59:00+02:00,10.791500806249346,6.601446712315308,9.201593421849086,31.56822115384616
2025-09-05 18:00:00+02:00,9.060306047249174,4.480259816174534,7.077206588801168,24.74061088527552
2025-09-05 18:01:00+02:00,7.329183388425484,2.4434544071856745,5.0623466866522495,28.864344566832767
2025-09-05 18:02:00+02:00,5.598132829778292,1.3758746240582165,4.026183779031383,23.187453703703707
2025-09-05 18:03:00+02:00,3.867154371307589,0.5810180283492627,3.2209477291773787,25.14559259259259
2025-09-05 18:04:00+02:00,2.1362480130133754,0.0,2.4156442661880178,19.840085227272727
2025-09-05 18:05:00+02:00,0.4054137548956547,0.0,1.6102733900633002,23.227542087542087
2025-09-05 18:06:00+02:00,0.0,0.0,0.8048351008032224,23.998
2025-09-05 18:07:00+02:00,0.0,0.0,0.0,19.731543209876545
2025-09-05 18:08:00+02:00,0.0,0.0,0.0,20.402708333333333
2025-09-05 18:09:00+02:00,0.0,0.0,0.0,15.98925
2025-09-05 18:10:00+02:00,0.0,0.0,0.0,18.131834625323
2025-09-05 18:11:00+02:00,0.0,0.0,0.0,17.796383838383836
2025-09-05 18:12:00+02:00,0.0,0.0,0.0,18.155066666666663
2025-09-05 18:13:00+02:00,0.0,0.0,0.0,15.3054945799458
2025-09-05 18:14:00+02:00,0.0,0.0,0.0,18.792638888888888
2025-09-05 18:15:00+02:00,0.0,0.0,0.40804069501546,24.23254298941799
2025-09-05 18:16:00+02:00,1.1160617612280124,0.0,1.2148984884655576,24.72642857142857
2025-09-05 18:17:00+02:00,3.747607140011837,0.0,2.0216886365216027,23.59767195767196
2025-09-05 18:18:00+02:00,6.379319175511924,0.1239271936688481,2.828411139183597,24.66011111111111
2025-09-05 18:19:00+02:00,9.011197867728267,0.9215570070979132,3.635065996451548,26.6372208994709
2025-09-05 18:20:00+02:00,11.64324321666087,1.729450757810838,4.461617172118844,24.49762688700189
2025-09-05 18:21:00+02:00,14.051548374308435,4.652642761581173,7.433797270678756,27.39225205350205
2025-09-05 18:22:00+02:00,15.070172864665423,9.163495885081048,11.831492015831635,30.785732323232324
2025-09-05 18:23:00+02:00,15.84946321685702,13.672536990278502,16.227173540780317,33.76996428571429
2025-09-05 18:24:00+02:00,16.62876817491925,17.203353544899436,19.937514557768083,35.38154377723311
2025-09-05 18:25:00+02:00,17.408087738852096,17.466242210051337,20.364599821400176,40.793970238095234
2025-09-05 18:26:00+02:00,18.187421908655573,17.466242210051337,20.364599821400176,39.8140873015873
2025-09-05 18:27:00+02:00,18.96677068432967,17.466242210051337,20.364599821400176,43.61974722222222
2025-09-05 18:28:00+02:00,19.7461340658744,17.466242210051337,20.364599821400176,43.82696047307813
2025-09-05 18:29:00+02:00,20.525512053289745,17.466242210051337,20.364599821400176,44.57478805916306
2025-09-05 18:30:00+02:00,19.572143428000643,17.466242210051337,19.572143428000643,39.59708333333334
2025-09-05 18:31:00+02:00,18.259686944330348,17.466242210051337,18.259686944330348,46.06268187830688
2025-09-05 18:32:00+02:00,16.995943770732573,16.995943770732573,16.995943770732573,47.06758207070707
2025-09-05 18:33:00+02:00,15.78116973750821,15.78116973750821,15.78116973750821,47.36580808080808
2025-09-05 18:34:00+02:00,14.615564574420516,14.615564574420516,14.615564574420516,43.57349206349207
2025-09-05 18:35:00+02:00,13.499267479238972,13.499267479238972,13.499267479238972,42.85217592592593
2025-09-05 18:36:00+02:00,12.422103078835883,12.422103078835883,12.422103078835883,48.86760090968161
2025-09-05 18:37:00+02:00,11.386286811707746,11.386286811707746,11.386286811707746,50.44407243867244
2025-09-05 18:38:00+02:00,10.40611639326366,10.40611639326366,10.40611639326366,45.84451388888889
2025-09-05 18:39:00+02:00,9.480769962315636,9.480769962315636,9.480769962315636,51.0702803030303
2025-09-05 18:40:00+02:00,8.60933801904715,8.60933801904715,8.60933801904715,47.6115874534822
2025-09-05 18:41:00+02:00,7.790823057897621,7.790823057897621,7.790823057897621,44.84086476608187
2025-09-05 18:42:00+02:00,7.024139725840994,7.024139725840994,7.024139725840994,50.567546992481205
2025-09-05 18:43:00+02:00,6.308115468829616,6.308115468829616,6.308115468829616,49.34490553306343
2025-09-05 18:44:00+02:00,5.6414917277665575,5.6414917277665575,5.6414917277665575,52.08122364672365
2025-09-05 18:45:00+02:00,5.022925647102043,5.022925647102043,5.022925647102043,52.11907407407407
2025-09-05 18:46:00+02:00,4.519379672481994,4.519379672481994,4.519379672481994,51.866129611129615
2025-09-05 18:47:00+02:00,4.062821902356608,4.062821902356608,4.062821902356608,50.6364183964184
2025-09-05 18:48:00+02:00,3.630548018706037,3.630548018706037,3.630548018706037,50.731590909090905
2025-09-05 18:49:00+02:00,3.2233825427195004,3.2233825427195004,3.2233825427195004,47.61510714285714
2025-09-05 18:50:00+02:00,2.842024159880165,2.842024159880165,2.842024159880165,47.63084590878606
2025-09-05 18:51:00+02:00,2.4870235564871845,2.4870235564871845,2.4870235564871845,52.75068309859156
2025-09-05 18:52:00+02:00,2.3390992867299385,2.3390992867299385,2.3390992867299385,45.72623448773448
2025-09-05 18:53:00+02:00,2.0136053641767973,2.0136053641767973,2.0136053641767973,45.91636994949496
2025-09-05 18:54:00+02:00,1.716907455239265,1.716907455239265,1.716907455239265,37.89059722222222
2025-09-05 18:55:00+02:00,1.4488081020390389,1.4488081020390389,1.4488081020390389,36.81166666666667
2025-09-05 18:56:00+02:00,1.208057527201327,1.208057527201327,1.208057527201327,34.50366811983009
2025-09-05 18:57:00+02:00,0.9938190498349996,0.4220399647722495,0.9938190498349996,35.74443661971831
2025-09-05 18:58:00+02:00,0.8067436242081765,0.0,0.8067436242081765,37.76726851851852
2025-09-05 18:59:00+02:00,0.6453804377934466,0.0,0.6453804377934466,31.131966666666667
2025-09-05 19:00:00+02:00,0.5080559844843773,0.0,0.5080559844843773,34.758473297491044
2025-09-05 19:01:00+02:00,0.3929022712789041,0.0,0.15805176007885,34.22857103070813
2025-09-05 19:02:00+02:00,0.0,0.0,0.0,33.51294918699187
2025-09-05 19:03:00+02:00,0.0,0.0,0.0,29.2532895256917
2025-09-05 19:04:00+02:00,0.0,0.0,0.0,31.10560118425636
2025-09-05 19:05:00+02:00,0.0,0.0,0.0,33.03000631313132
2025-09-05 19:06:00+02:00,0.0,0.0,0.0,30.90032738095238
2025-09-05 19:07:00+02:00,0.0,0.0,0.0,20.429871502694645
2025-09-05 19:08:00+02:00,0.0,0.0,0.0,18.017831400165697
2025-09-05 19:09:00+02:00,0.0,0.0,0.0,16.64272968580715
2025-09-05 19:10:00+02:00,0.0,0.0,0.0,15.216102564102563
2025-09-05 19:11:00+02:00,0.0,0.0,0.0,13.803846153846155
2025-09-05 19:12:00+02:00,0.0,0.0,0.0,12.376328125
2025-09-05 19:13:00+02:00,0.0,0.0,0.0,10.858649945175438
2025-09-05 19:14:00+02:00,0.0,0.0,0.0,9.474805194805196
2025-09-05 19:15:00+02:00,0.0,0.0,0.0,8.462225770586425
2025-09-05 19:16:00+02:00,0.0,0.0,0.0,7.916584699453548
2025-09-05 19:17:00+02:00,0.0,0.0,0.0,7.401830601092896
2025-09-05 19:18:00+02:00,0.0,0.0,0.0,6.92820175270995
2025-09-05 19:19:00+02:00,0.0,0.0,0.0,6.600734265734268
2025-09-05 19:20:00+02:00,0.0,0.0,0.0,6.286048951048952
2025-09-05 19:21:00+02:00,0.0,0.0,0.0,5.971363636363637
2025-09-05 19:22:00+02:00,0.0,0.0,0.0,5.656678321678322
2025-09-05 19:23:00+02:00,0.0,0.0,0.0,5.15467106967107
2025-09-05 19:24:00+02:00,0.0,0.0,0.0,4.35294871794872
2025-09-05 19:25:00+02:00,0.0,0.0,0.0,3.5225422776340207
2025-09-05 19:26:00+02:00,0.0,0.0,0.0,2.6600823335685715
2025-09-05 19:27:00+02:00,0.0,0.0,0.0,1.9690384615384624
2025-09-05 19:28:00+02:00,0.0,0.0,0.0,1.3921153846153846
2025-09-05 19:29:00+02:00,0.0,0.0,0.0,0.8808050204512469
2025-09-05 19:30:00+02:00,0.0,0.0,0.0,0.7504716981132078
2025-09-05 19:31:00+02:00,0.0,0.0,0.0,0.6815180102915956
2025-09-05 19:32:00+02:00,0.0,0.0,0.0,0.6125643224699834
2025-09-05 19:33:00+02:00,0.0,0.0,0.0,0.5436106346483712
2025-09-05 19:34:00+02:00,0.0,0.0,0.0,0.4746569468267589
2025-09-05 19:35:00+02:00,0.0,0.0,0.0,0.4057032590051463
2025-09-05 19:36:00+02:00,0.0,0.0,0.0,0.3367495711835338
2025-09-05 19:37:00+02:00,0.0,0.0,0.0,0.2677958833619213
2025-09-05 19:38:00+02:00,0.0,0.0,0.0,0.1988421955403088
2025-09-05 19:39:00+02:00,0.0,0.0,0.0,0.1466123499142367
2025-09-05 19:40:00+02:00,0.0,0.0,0.0,0.1300600343053174
2025-09-05 19:41:00+02:00,0.0,0.0,0.0,0.114622641509434
2025-09-05 19:42:00+02:00,0.0,0.0,0.0,0.0991852487135507
2025-09-05 19:43:00+02:00,0.0,0.0,0.0,0.0837478559176673
2025-09-05 19:44:00+02:00,0.0,0.0,0.0,0.0683104631217839
2025-09-05 19:45:00+02:00,0.0,0.0,0.0,0.0528730703259005
2025-09-05 19:46:00+02:00,0.0,0.0,0.0,0.0374356775300171
2025-09-05 19:47:00+02:00,0.0,0.0,0.0,0.0219982847341337
2025-09-05 19:48:00+02:00,0.0,0.0,0.0,0.0066739339514577
2025-09-05 19:49:00+02:00,0.0,0.0,0.0,0.0047508591065291
2025-09-05 19:50:00+02:00,0.0,0.0,0.0,0.0119673539518899
2025-09-05 19:51:00+02:00,0.0,0.0,0.0,0.0191838487972508
2025-09-05 19:52:00+02:00,0.0,0.0,0.0,0.0264003436426116
2025-09-05 19:53:00+02:00,0.0,0.0,0.0,0.0336168384879724
2025-09-05 19:54:00+02:00,0.0,0.0,0.0,0.0408333333333332
2025-09-05 19:55:00+02:00,0.0,0.0,0.0,0.048049828178694
2025-09-05 19:56:00+02:00,0.0,0.0,0.0,0.0552663230240549
2025-09-05 19:57:00+02:00,0.0,0.0,0.0,0.0624828178694157
2025-09-05 19:58:00+02:00,0.0,0.0,0.0,0.0698052274348228
2025-09-05 19:59:00+02:00,0.0,0.0,0.0,0.0778902229845626
2025-09-05 20:00:00+02:00,0.0,0.0,0.0,0.0861234991423671
2025-09-06 05:00:00+02:00,0.0,0.0,0.0,0.132314974182444
2025-09-06 05:01:00+02:00,0.0,0.0,0.0,0.1465070869117243
2025-09-06 05:02:00+02:00,0.0,0.0,0.0,0.1436192109777016
2025-09-06 05:03:00+02:00,0.0,0.0,0.0,0.1353859348198973
2025-09-06 05:04:00+02:00,0.0,0.0,0.0,0.1271526586620929
2025-09-06 05:05:00+02:00,0.0,0.0,0.0,0.1189193825042884
2025-09-06 05:06:00+02:00,0.0,0.0,0.0,0.1106861063464839
2025-09-06 05:07:00+02:00,0.0,0.0,0.0,0.1024528301886794
2025-09-06 05:08:00+02:00,0.0,0.0,0.0,0.0942195540308749
2025-09-06 05:09:00+02:00,0.0,0.0,0.0,0.0859862778730703
2025-09-06 05:10:00+02:00,0.0,0.0,0.0,0.0777530017152658
2025-09-06 05:11:00+02:00,0.0,0.0,0.0,0.070800457404231
2025-09-06 05:12:00+02:00,0.0,0.0,0.0,0.07
2025-09-06 05:13:00+02:00,0.0,0.0,0.0,0.07
2025-09-06 05:14:00+02:00,0.0,0.0,0.0,0.07
2025-09-06 05:15:00+02:00,0.0,0.0,0.0,0.07
2025-09-06 05:16:00+02:00,0.0,0.0,0.0,0.07
2025-09-06 05:17:00+02:00,0.0,0.0,0.0,0.07
2025-09-06 05:18:00+02:00,0.0,0.0,0.0,0.07
2025-09-06 05:19:00+02:00,0.0,0.0,0.0,0.07
2025-09-06 05:20:00+02:00,0.0,0.0,0.0,0.07
2025-09-06 05:21:00+02:00,0.0,0.0,0.0,0.07
2025-09-06 05:22:00+02:00,0.0,0.0,0.0,0.07
2025-09-06 05:23:00+02:00,0.0,0.0,0.0,0.07
2025-09-06 05:24:00+02:00,0.0,0.0,0.0,0.07
2025-09-06 05:25:00+02:00,0.0,0.0,0.0,0.07
2025-09-06 05:26:00+02:00,0.0,0.0,0.0,0.07
2025-09-06 05:27:00+02:00,0.0,0.0,0.0,0.07
2025-09-06 05:28:00+02:00,0.0,0.0,0.0,0.07
2025-09-06 05:29:00+02:00,0.0,0.0,0.0,0.07
2025-09-06 05:30:00+02:00,0.0,0.0,0.0,0.0703872633390705
2025-09-06 05:31:00+02:00,0.0,0.0,0.0,0.0812306368330463
2025-09-06 05:32:00+02:00,0.0,0.0,0.0,0.096721170395869
2025-09-06 05:33:00+02:00,0.0,0.0,0.0,0.1122117039586918
2025-09-06 05:34:00+02:00,0.0,0.0,0.0,0.1277022375215145
2025-09-06 05:35:00+02:00,0.0,0.0,0.0,0.1431927710843373
2025-09-06 05:36:00+02:00,0.0,0.0,0.0,0.1586833046471602
2025-09-06 05:37:00+02:00,0.0,0.0,0.0,0.174173838209983
2025-09-06 05:38:00+02:00,0.0,0.0,0.0,0.1896643717728056
2025-09-06 05:39:00+02:00,0.0,0.0,0.0,0.2051549053356283
2025-09-06 05:40:00+02:00,0.0,0.0,0.0,0.2218502581755594
2025-09-06 05:41:00+02:00,0.0,0.0,0.0,0.2447418244406195
2025-09-06 05:42:00+02:00,0.0,0.0,0.0,0.2684939759036144
2025-09-06 05:43:00+02:00,0.0,0.0,0.0,0.2922461273666092
2025-09-06 05:44:00+02:00,0.0,0.0,0.0,0.3159982788296041
2025-09-06 05:45:00+02:00,0.0,0.0,0.0,0.3397504302925989
2025-09-06 05:46:00+02:00,0.0,0.0,0.0,0.3635025817555936
2025-09-06 05:47:00+02:00,0.0,0.0,0.0,0.3872547332185885
2025-09-06 05:48:00+02:00,0.0,0.0,0.0,0.4110068846815833
2025-09-06 05:49:00+02:00,0.0,0.0,0.0,0.4347590361445781
2025-09-06 05:50:00+02:00,0.0,0.0,0.0,0.486511500547645
2025-09-06 05:51:00+02:00,0.0,0.0,0.0,0.5856003430531728
2025-09-06 05:52:00+02:00,0.0,0.0,0.0,0.6854288164665516
2025-09-06 05:53:00+02:00,0.0,0.0,0.0,0.7852572898799304
2025-09-06 05:54:00+02:00,0.0,0.0,0.0,0.8850857632933091
2025-09-06 05:55:00+02:00,0.0,0.0,0.0,0.984914236706688
2025-09-06 05:56:00+02:00,0.0,0.0,0.0,1.0847427101200675
2025-09-06 05:57:00+02:00,0.0,0.0,0.0,1.1845711835334485
2025-09-06 05:58:00+02:00,0.0,0.0,0.0,1.2843996569468272
2025-09-06 05:59:00+02:00,0.0,0.0,0.0,1.385147247119078
2025-09-06 06:00:00+02:00,0.0,0.0,0.0,1.544718309859155
2025-09-06 06:01:00+02:00,0.0,0.0,0.0,1.7846268656716415
2025-09-06 06:02:00+02:00,0.0,0.0,0.0,2.078358208955224
2025-09-06 06:03:00+02:00,0.0,0.0,0.0,2.372089552238806
2025-09-06 06:04:00+02:00,0.0,0.0,0.0,2.6658208955223883
2025-09-06 06:05:00+02:00,0.0,0.0,0.0,2.9595522388059705
2025-09-06 06:06:00+02:00,0.0,0.0,0.0,3.247982190496792
2025-09-06 06:07:00+02:00,0.0,0.0,0.0,3.4802173913043464
2025-09-06 06:08:00+02:00,0.0,0.0,0.0,3.6976086956521703
2025-09-06 06:09:00+02:00,0.0,0.0,0.0,3.914999999999996
2025-09-06 06:10:00+02:00,0.0,0.0,0.0,4.132391304347821
2025-09-06 06:11:00+02:00,0.0,0.0,0.0,4.349782608695646
2025-09-06 06:12:00+02:00,0.0,0.0,0.0,4.567173913043475
2025-09-06 06:13:00+02:00,0.0,0.0,0.0,4.831048186098034
2025-09-06 06:14:00+02:00,0.0,0.0,0.0,5.404808917197456
2025-09-06 06:15:00+02:00,0.0,0.0,0.0,6.035382165605097
2025-09-06 06:16:00+02:00,0.0,0.0,0.0,6.656057565810898
2025-09-06 06:17:00+02:00,0.0,0.0,0.0,7.260000000000002
2025-09-06 06:18:00+02:00,0.0,0.0,0.0,7.861175607899334
2025-09-06 06:19:00+02:00,0.0,0.0,0.0,8.302007299270072
2025-09-06 06:20:00+02:00,0.0,0.0,0.0,8.64799270072992
2025-09-06 06:21:00+02:00,0.0,0.0,0.0,8.99397810218977
2025-09-06 06:22:00+02:00,0.0,0.0,0.0,9.33996350364963
2025-09-06 06:23:00+02:00,0.0,0.0,0.0,9.72567808560053
2025-09-06 06:24:00+02:00,0.0,0.0,0.0,10.29034090909091
2025-09-06 06:25:00+02:00,0.0,0.0,0.0,10.876704545454544
2025-09-06 06:26:00+02:00,0.0,0.0,0.0,11.380881113111313
2025-09-06 06:27:00+02:00,0.0,0.0,0.0,11.592960396039604
2025-09-06 06:28:00+02:00,0.0,0.0,0.0,11.779495049504948
2025-09-06 06:29:00+02:00,0.0,0.0,0.0,11.966029702970287
2025-09-06 06:30:00+02:00,0.0,0.0,0.0,12.152564356435636
2025-09-06 06:31:00+02:00,0.0,0.0,0.0,12.33909900990098
2025-09-06 06:32:00+02:00,0.0,0.0,0.0,12.525633663366325
2025-09-06 06:33:00+02:00,0.4243257137573479,0.0,1.5103687589304275,12.712168316831672
2025-09-06 06:34:00+02:00,1.2046846581284676,0.650310237948883,3.3061794474385344,12.915067641343567
2025-09-06 06:35:00+02:00,1.9850582587786985,1.937485141196186,4.672766261837117,13.559813084112143
2025-09-06 06:36:00+02:00,2.7654465157080423,2.058081711031175,4.75754809725739,14.38062420288946
2025-09-06 06:37:00+02:00,3.545849428916497,2.058081711031175,4.75754809725739,15.045335570469796
2025-09-06 06:38:00+02:00,4.326266998404073,2.058081711031175,4.75754809725739,15.677550335570466
2025-09-06 06:39:00+02:00,5.106699224170768,2.058081711031175,4.75754809725739,16.84363040729112
2025-09-06 06:40:00+02:00,5.887146106216578,2.058081711031175,4.75754809725739,17.71638321995464
2025-09-06 06:41:00+02:00,6.699467625545081,2.058081711031175,4.75754809725739,17.929988662131496
2025-09-06 06:42:00+02:00,7.819985213340182,2.058081711031175,4.75754809725739,18.14359410430836
2025-09-06 06:43:00+02:00,9.017580492165884,2.058081711031175,4.75754809725739,18.35719954648524
2025-09-06 06:44:00+02:00,10.2152102771105,2.058081711031175,4.75754809725739,18.57080498866211
2025-09-06 06:45:00+02:00,11.412874568174018,2.3986510606399154,5.153400994759583,18.78441043083899
2025-09-06 06:46:00+02:00,12.61057336535644,3.192535641867284,5.958475253088725,18.99801587301587
2025-09-06 06:47:00+02:00,13.803316041639135,3.988575281822413,6.763482098282513,19.533649049363337
2025-09-06 06:48:00+02:00,14.297391022546469,4.784558524512192,7.568421530340938,20.89813701923077
2025-09-06 06:49:00+02:00,14.297391022546469,5.580485369936618,8.373293549264009,22.1644089673913
2025-09-06 06:50:00+02:00,14.297391022546469,6.376355818095693,9.178098155051718,22.58597826086956
2025-09-06 06:51:00+02:00,14.297391022546469,7.17216986898941,9.982835347704064,22.912065217391294
2025-09-06 06:52:00+02:00,14.297391022546469,7.967927522617781,10.78750512722106,23.23815217391304
2025-09-06 06:53:00+02:00,14.297391022546469,8.763628778980792,11.5921074936027,23.564239130434785
2025-09-06 06:54:00+02:00,14.297391022546469,9.56525080710534,12.40534916634996,24.952497522891893
2025-09-06 06:55:00+02:00,14.297391022546469,10.506841206954617,13.366522445274224,25.23902214022139
2025-09-06 06:56:00+02:00,14.297391022546469,11.507260362638467,14.37982917866919,24.89142066420662
2025-09-06 06:57:00+02:00,14.297391022546469,12.507590326228431,15.393028931090887,24.543819188191872
2025-09-06 06:58:00+02:00,14.297391022546469,13.507831097724488,16.4061217025393,24.19621771217712
2025-09-06 06:59:00+02:00,14.297391022546469,14.507982677126652,17.419107493014437,24.120932173607443
2025-09-06 07:00:00+02:00,14.297391022546469,15.508045064434915,18.43198630251629,24.539285714285697
2025-09-06 07:01:00+02:00,14.297391022546469,16.50801825964929,19.444758131044857,24.96785714285713
2025-09-06 07:02:00+02:00,14.297391022546469,17.279556109893257,20.176562506171724,25.35251572327044
2025-09-06 07:03:00+02:00,14.297391022546469,16.706901664875367,19.555424040239785,25.18113207547171
2025-09-06 07:04:00+02:00,14.297391022546469,15.914491469299051,18.75286820023339,24.841509433962283
2025-09-06 07:05:00+02:00,14.297391022546469,15.12202526273886,17.950245178156173,24.501886792452847
2025-09-06 07:06:00+02:00,14.297391022546469,14.32950304519483,17.147554974008163,24.1622641509434
2025-09-06 07:07:00+02:00,14.128839947471658,13.536924816666946,16.34479758778936,23.07028278499777
2025-09-06 07:08:00+02:00,13.396298982689723,12.744290577155208,15.541973019499752,21.799802631578952
2025-09-06 07:09:00+02:00,12.618393505251618,11.951600326659625,14.739081269139357,21.20769736842106
2025-09-06 07:10:00+02:00,11.840502583535256,11.158854065180185,13.93612233670816,20.660138535182043
2025-09-06 07:11:00+02:00,11.062626217540643,10.3660517927169,13.13309622220616,20.313225806451605
2025-09-06 07:12:00+02:00,10.284764407267776,9.226256346832995,11.958335948939547,19.990645161290317
2025-09-06 07:13:00+02:00,9.506917152716664,7.213609603940682,9.990397274649984,19.668064516129014
2025-09-06 07:14:00+02:00,8.729084453887296,5.158533250801611,7.997266874061491,19.345483870967733
2025-09-06 07:15:00+02:00,7.95126631077968,3.10308084793828,6.00372299322202,18.70256272401433
2025-09-06 07:16:00+02:00,7.173462723393795,1.6659604411562228,4.463342415077065,17.71236466165413
2025-09-06 07:17:00+02:00,6.270780656932908,0.8683834468397471,3.648509670965885,17.151815789473673
2025-09-06 07:18:00+02:00,5.220521026505574,0.0707498606169316,2.8418559411211746,16.656026315789468
2025-09-06 07:19:00+02:00,4.170287937560541,0.0,2.0351345658824123,16.145258533931727
2025-09-06 07:20:00+02:00,3.1200813900978126,0.0,1.2283455452495975,15.463217054263568
2025-09-06 07:21:00+02:00,2.069901384117385,0.0,0.4214888792227338,14.722031007751935
2025-09-06 07:22:00+02:00,1.0197479196192596,0.0,0.0,13.630333333333333
2025-09-06 07:23:00+02:00,0.0,0.0,0.0,12.58815789473684
2025-09-06 07:24:00+02:00,0.0,0.0,0.0,11.799468450362182
2025-09-06 07:25:00+02:00,0.0,0.0,0.0,11.324474940334134
2025-09-06 07:26:00+02:00,0.0,0.0,0.0,11.099653937947506
2025-09-06 07:27:00+02:00,0.0,0.0,0.0,10.87483293556087
2025-09-06 07:28:00+02:00,0.0,0.0,0.0,10.65001193317423
2025-09-06 07:29:00+02:00,0.0,0.0,0.0,10.4251909307876
2025-09-06 07:30:00+02:00,0.0,0.0,0.7848134132995259,10.20036992840096
2025-09-06 07:31:00+02:00,0.0,0.0,1.5888718922894292,9.982736674622116
2025-09-06 07:32:00+02:00,0.0,0.0,2.392863189208532,10.275
2025-09-06 07:33:00+02:00,0.0,0.623227735432808,3.196787304056833,10.875
2025-09-06 07:34:00+02:00,0.0,1.416718009481043,4.000644236834335,11.530598958333334
2025-09-06 07:35:00+02:00,0.4957018469961429,2.0206147350218053,4.67940443877206,12.472135416666667
2025-09-06 07:36:00+02:00,1.2720465183312477,2.058081711031175,4.75754809725739,12.75597932449495
2025-09-06 07:37:00+02:00,2.0484056954970637,2.058081711031175,4.75754809725739,12.05064393939394
2025-09-06 07:38:00+02:00,2.824779378493586,2.058081711031175,4.75754809725739,11.506502785587834
2025-09-06 07:39:00+02:00,3.601167567320818,2.058081711031175,4.75754809725739,11.517843642611677
2025-09-06 07:40:00+02:00,4.377570261978759,2.058081711031175,4.75754809725739,11.572482817869403
2025-09-06 07:41:00+02:00,5.153987462467397,2.058081711031175,4.75754809725739,11.627121993127128
2025-09-06 07:42:00+02:00,5.930419168786747,2.058081711031175,4.75754809725739,11.681761168384854
2025-09-06 07:43:00+02:00,6.631376918166721,2.058081711031175,4.75754809725739,11.736400343642588
2025-09-06 07:44:00+02:00,6.752158524412346,2.058081711031175,4.75754809725739,11.791039518900329
2025-09-06 07:45:00+02:00,6.752158524412346,2.058081711031175,5.042698012321475,11.845678694158062
2025-09-06 07:46:00+02:00,6.752158524412346,2.058081711031175,5.837718411926733,11.9003178694158
2025-09-06 07:47:00+02:00,6.752158524412346,2.058081711031175,6.642735369090822,11.95495704467354
2025-09-06 07:48:00+02:00,6.752158524412346,2.058081711031175,7.447684913119552,12.10125
2025-09-06 07:49:00+02:00,6.752158524412346,2.058081711031175,8.252567044012924,12.325096153846154
2025-09-06 07:50:00+02:00,6.752158524412346,2.058081711031175,9.057381761770936,12.548942307692307
2025-09-06 07:51:00+02:00,6.752158524412346,2.058081711031175,9.862129066393596,12.77278846153846
2025-09-06 07:52:00+02:00,6.752158524412346,2.058081711031175,10.666808957880884,13.253964216163585
2025-09-06 07:53:00+02:00,7.972617987074624,2.058081711031175,11.47142143623283,14.491736701943696
2025-09-06 07:54:00+02:00,12.263002317447016,2.195459554467787,12.283021309791206,16.025545147020555
2025-09-06 07:55:00+02:00,14.297391022546469,4.409435502781978,13.546011368864818,17.471832090265824
2025-09-06 07:56:00+02:00,14.297391022546469,7.317645920988934,15.075836067707112,18.63457831325301
2025-09-06 07:57:00+02:00,14.297391022546469,10.225103302635237,16.60541690257763,19.61113534495123
2025-09-06 07:58:00+02:00,14.297391022546469,13.13180764772089,18.13475387347638,20.45389377934272
2025-09-06 07:59:00+02:00,14.297391022546469,16.037758956245888,19.66384698040337,21.572887323943657
2025-09-06 08:00:00+02:00,14.297391022546469,17.12671416503268,19.996169147201623,22.233411098502557
2025-09-06 08:01:00+02:00,14.297391022546469,16.335177035329714,19.19227124808448,21.821943127962097
2025-09-06 08:02:00+02:00,14.297391022546469,15.541378941259143,18.38830593583198,21.395402843601897
2025-09-06 08:03:00+02:00,14.297391022546469,14.747524643561754,17.584273210444117,20.899412848867826
2025-09-06 08:04:00+02:00,14.297391022546469,13.953614142237534,16.780173071920906,19.28941919191919
2025-09-06 08:05:00+02:00,14.297391022546469,13.159647437286512,15.97600552026233,17.75403759820426
2025-09-06 08:06:00+02:00,14.297391022546469,12.365624528708665,15.171770555468388,16.828749999999996
2025-09-06 08:07:00+02:00,14.297391022546469,11.571545416504,14.367468177539106,16.35165895061728
2025-09-06 08:08:00+02:00,14.297391022546469,10.77741010067252,13.563098386474444,16.57799999999999
2025-09-06 08:09:00+02:00,14.297391022546469,8.616313809873102,12.005110523585458,16.817999999999987
2025-09-06 08:10:00+02:00,14.297391022546469,3.6838735636698487,5.997916151454913,17.05799999999998
2025-09-06 08:11:00+02:00,14.297391022546469,5.87558009116545,8.273288865430473,17.297999999999977
2025-09-06 08:12:00+02:00,14.297391022546469,8.06685901107609,10.603457873939824,17.537999999999986
2025-09-06 08:13:00+02:00,14.297391022546469,10.25771032340178,12.933061687358435,17.966740740740736
2025-09-06 08:14:00+02:00,14.714913507840162,12.448134028142524,15.262100305686296,19.02753891572732
2025-09-06 08:15:00+02:00,16.451241010494257,14.63813012529832,17.59057372892342,20.14673913043478
2025-09-06 08:16:00+02:00,18.28439271508829,16.798680190848597,19.84665749288324,21.28520652173913
2025-09-06 08:17:00+02:00,20.11762523353428,18.03036363732256,21.01658346178056,22.444055555555558
2025-09-06 08:18:00+02:00,21.95093856583224,18.82672201925606,21.823099787422017,23.471666666666664
2025-09-06 08:19:00+02:00,23.78433271198218,19.623023809283232,22.62954823420837,24.230233494363933
2025-09-06 08:20:00+02:00,25.61780767198406,20.41926900740407,23.435928802139607,24.686062801932376
2025-09-06 08:21:00+02:00,27.451363445837863,21.21545761361857,24.24224149121573,25.14113526570049
2025-09-06 08:22:00+02:00,29.18238531299556,22.011589627926742,25.04848630143673,25.703826949620435
2025-09-06 08:23:00+02:00,30.124787412807336,22.807665050328552,25.85466323280257,26.880201542588864
2025-09-06 08:24:00+02:00,30.903020393984814,23.603683880824025,26.6607722853133,27.431443661971823
2025-09-06 08:25:00+02:00,31.681267930884047,24.39964611941317,27.466813458968907,27.74834507042252
2025-09-06 08:26:00+02:00,32.45953002350502,25.480184838292622,28.669018974385672,28.06524647887323
2025-09-06 08:27:00+02:00,33.237806671847736,28.024190824009487,31.27899448377756,28.38214788732394
2025-09-06 08:28:00+02:00,34.0160978759122,30.77083089318525,34.01134058847578,29.009924882629107
2025-09-06 08:29:00+02:00,34.79440363569843,32.03744156671339,35.0582493453807,31.39367567567568
2025-09-06 08:30:00+02:00,35.5727239512064,28.9806155927004,31.928524129458125,33.0350731981982
2025-09-06 08:31:00+02:00,36.35105882243612,25.6362553665846,28.60220759978985,32.24152777777777
2025-09-06 08:32:00+02:00,34.965400907681605,22.290895480875747,25.274734324545364,30.36108950617284
2025-09-06 08:33:00+02:00,26.517575605795976,18.94918435040843,21.946104303724667,26.65548560020122
2025-09-06 08:34:00+02:00,17.645288439273628,17.466242210051337,20.364599821400176,21.594146776825784
2025-09-06 08:35:00+02:00,15.435179212203131,17.466242210051337,20.364599821400176,19.026897974493625
2025-09-06 08:36:00+02:00,17.00459332374624,17.466242210051337,20.364599821400176,19.535806451612903
2025-09-06 08:37:00+02:00,18.574066671610527,17.466242210051337,20.364599821400176,20.182403560830853
2025-09-06 08:38:00+02:00,20.143599255796005,17.466242210051337,20.364599821400176,20.449465875370905
2025-09-06 08:39:00+02:00,21.713191076302685,17.466242210051337,20.364599821400176,20.716528189910967
2025-09-06 08:40:00+02:00,23.282842133130536,17.466242210051337,20.364599821400176,20.98359050445103
2025-09-06 08:41:00+02:00,24.85255242627956,17.466242210051337,20.364599821400176,21.25065281899109
2025-09-06 08:42:00+02:00,26.42232195574978,17.466242210051337,20.364599821400176,21.63616088876022
2025-09-06 08:43:00+02:00,27.99215072154121,18.28275101775104,21.032559509010724,23.57425685975609
2025-09-06 08:44:00+02:00,29.41604136978684,25.372211026305408,28.158611330612807,26.90190025252525
2025-09-06 08:45:00+02:00,30.255976470615277,32.35946998339687,35.27936048782205,31.006154714850368
2025-09-06 08:46:00+02:00,31.03555139385288,33.73470884436329,35.94627993791956,33.09379407979407
2025-09-06 08:47:00+02:00,31.81514092296109,34.52995047934519,35.94627993791956,32.554932432432416
2025-09-06 08:48:00+02:00,32.594745057939946,35.32513552242075,35.94627993791956,31.860168918918912
2025-09-06 08:49:00+02:00,33.374363798789425,36.12026397358999,35.94627993791956,29.52019500145307
2025-09-06 08:50:00+02:00,34.15399714550952,36.91533583285289,35.94627993791956,27.48997260132341
2025-09-06 08:51:00+02:00,34.93364509810024,37.71035110020944,35.94627993791956,28.241524390243907
2025-09-06 08:52:00+02:00,35.71330765656159,38.50530977565965,35.94627993791956,30.483002636783123
2025-09-06 08:53:00+02:00,36.49298482089356,39.30021185920352,35.94627993791956,33.12263090676884
2025-09-06 08:54:00+02:00,37.4373023250765,40.095057350841046,35.94627993791956,34.560287356321844
2025-09-06 08:55:00+02:00,38.60079188211106,41.097259300557056,37.080118854618526,33.91103448275862
2025-09-06 08:56:00+02:00,39.76538302172652,42.35942152563004,39.63520584959075,32.99826149425287
2025-09-06 08:57:00+02:00,40.93000674354995,43.62209104484551,42.19316139780626,30.39586206896552
2025-09-06 08:58:00+02:00,42.094663047581385,44.88461766657711,44.75043135557371,29.02343251761216
2025-09-06 08:59:00+02:00,43.25935193382079,46.14700139082481,47.30701572289307,31.02778972520908
2025-09-06 09:00:00+02:00,44.26109826830529,47.409242217588655,49.86291449976434,37.86997222222222
2025-09-06 09:01:00+02:00,43.8238141813641,47.63099615973682,50.89484179685336,43.437697344322345
2025-09-06 09:02:00+02:00,43.04533957520559,45.77158866049128,49.02500135382055,43.64415384615385
2025-09-06 09:03:00+02:00,42.26687952476882,43.85159218756877,47.08134485000486,41.46020526960785
2025-09-06 09:04:00+02:00,41.4884340300538,41.93126520219329,45.13729191482003,39.70475260416666
2025-09-06 09:05:00+02:00,40.710003091060535,40.01060770436485,43.19284254826607,39.24376953124999
2025-09-06 09:06:00+02:00,39.931586707789016,38.089619694083446,41.247996750343,38.87580078124997
2025-09-06 09:07:00+02:00,39.15318488023925,36.16830117134911,39.30275452105081,38.50783203124997
2025-09-06 09:08:00+02:00,38.37479760841123,34.24665213616181,37.3571158603895,37.96576612285539
2025-09-06 09:09:00+02:00,37.59642489230497,34.06947197143954,37.17772068966194,36.87988922841863
2025-09-06 09:10:00+02:00,38.01587351918576,37.17372200216839,40.32070227205125,37.42305194805194
2025-09-06 09:11:00+02:00,41.60297785895235,40.35336995067838,43.53985524453772,38.08327662337663
2025-09-06 09:12:00+02:00,45.35772414454301,43.53211242868708,46.757922155342335,39.66590769230769
2025-09-06 09:13:00+02:00,49.11280904426821,46.7099494361945,49.974903004465126,41.44839743589744
2025-09-06 09:14:00+02:00,52.86823255812788,50.60156578387351,53.95039433564551,43.42524132730015
2025-09-06 09:15:00+02:00,56.62399468612206,55.13817764994333,58.61114061636755,46.08511859582543
2025-09-06 09:16:00+02:00,58.94730899253607,59.67294161703092,63.26960345240343,49.48392473118279
2025-09-06 09:17:00+02:00,56.74103893237096,62.67033479936764,66.09699580161104,52.93275793650793
2025-09-06 09:18:00+02:00,54.20208549140959,59.45453719367559,62.73270265170999,55.28174783549783
2025-09-06 09:19:00+02:00,51.6632867906908,55.570367370800966,58.85058950220346,54.65564285714285
2025-09-06 09:20:00+02:00,49.12464283021458,51.68484181666605,54.96689062722044,51.52942606516291
2025-09-06 09:21:00+02:00,46.586153609980926,48.162239256819966,51.44422178663832,46.45173902894491
2025-09-06 09:22:00+02:00,44.19686651095739,46.09597953919211,49.37111096316526,42.92613924050633
2025-09-06 09:23:00+02:00,42.27846460835647,44.180030816660846,47.44756405137403,41.69891637897968
2025-09-06 09:24:00+02:00,40.39468336320737,42.26375295452024,45.52362883992315,42.28732323232322
2025-09-06 09:25:00+02:00,38.51098735925788,40.3471459527703,43.5993053288126,43.90081470672345
2025-09-06 09:26:00+02:00,36.62737659650798,38.43020981141102,41.67459351804239,43.7978488372093
2025-09-06 09:27:00+02:00,34.743851074957654,36.51294453044237,39.74949340761252,40.71351155869324
2025-09-06 09:28:00+02:00,32.8604107946069,34.59535010986438,37.82400499752296,37.64422077922078
2025-09-06 09:29:00+02:00,30.97705575545573,32.87462104915544,36.052233468720296,35.40152867965368
2025-09-06 09:30:00+02:00,31.11157828851858,31.989446167817235,35.12081915079853,31.717223118279566
2025-09-06 09:31:00+02:00,36.69617581440647,31.198116984229188,34.31542282626648,31.719265704584043
2025-09-06 09:32:00+02:00,42.47631670416316,30.40673178965729,33.50995862287931,35.88411306042885
2025-09-06 09:33:00+02:00,42.577242388204695,29.615290584101537,32.70442654063702,37.70187969924812
2025-09-06 09:34:00+02:00,39.34120465502488,28.823793367561976,31.898826579539623,38.37857142857143
2025-09-06 09:35:00+02:00,36.10541847145189,28.032240140038567,31.09315873958712,37.83808673469388
2025-09-06 09:36:00+02:00,32.86988383748572,27.24063090153131,30.287423020779528,34.98890884652981
2025-09-06 09:37:00+02:00,29.926664590868956,26.4489656520402,29.48161942311682,30.983354978354978
2025-09-06 09:38:00+02:00,29.39196466239292,25.657244391565243,28.675747946599,28.06700564971751
2025-09-06 09:39:00+02:00,29.39196466239292,24.60096312545205,27.60048422962909,27.54204724409449
2025-09-06 09:40:00+02:00,29.39196466239292,23.121322848933158,26.06972067473574,28.25070866141733
2025-09-06 09:41:00+02:00,29.39196466239292,21.636676523886138,24.531595710699143,28.422047244094497
2025-09-06 09:42:00+02:00,29.39196466239292,20.15183336963668,22.993223663399228,27.716000000000008
2025-09-06 09:43:00+02:00,29.39196466239292,18.666793386184764,21.45460453283603,26.437319515306125
2025-09-06 09:44:00+02:00,29.39196466239292,19.164522097960663,22.426955079141457,24.52926779313876
2025-09-06 09:45:00+02:00,29.39196466239292,24.39301333459283,27.67167143849126,25.155967741935488
2025-09-06 09:46:00+02:00,29.39196466239292,29.82277774471759,32.98240380442741,27.211792114695346
2025-09-06 09:47:00+02:00,28.89137256738565,31.266237667194492,34.31699911011269,30.07137387387387
2025-09-06 09:48:00+02:00,27.055919748927764,27.02298990993832,29.95915493757842,29.433756127450977
2025-09-06 09:49:00+02:00,25.149041551056143,22.728831423675835,25.549059180355144,27.59751436781609
2025-09-06 09:50:00+02:00,23.2422507614468,18.511472100821877,21.252836501525515,24.404525041050903
2025-09-06 09:51:00+02:00,21.33554738009973,15.75731084921244,18.53522832760745,23.38022471910112
2025-09-06 09:52:00+02:00,19.428931407014936,13.551853169970505,16.31734032154769,24.12848732773353
2025-09-06 09:53:00+02:00,17.52240284219242,11.34596173796363,14.09893942388934,23.43436893203884
2025-09-06 09:54:00+02:00,15.61596168563219,9.13963655319187,11.880025634632403,21.72206373606616
2025-09-06 09:55:00+02:00,14.331811010315846,6.932877615655194,9.660598953776848,18.29398809523809
2025-09-06 09:56:00+02:00,14.297391022546469,4.725684925353615,7.440659381322689,16.164494047619048
2025-09-06 09:57:00+02:00,14.297391022546469,2.6100515774093456,5.312736009962041,14.626009615384618
2025-09-06 09:58:00+02:00,14.297391022546469,2.058081711031175,4.75754809725739,13.88469137136272
2025-09-06 09:59:00+02:00,14.297391022546469,2.058081711031175,4.75754809725739,14.476207865168549
2025-09-06 10:00:00+02:00,14.297391022546469,2.058081711031175,4.75754809725739,15.10654494382023
2025-09-06 10:01:00+02:00,14.297391022546469,2.058081711031175,4.75754809725739,15.39989014612017
2025-09-06 10:02:00+02:00,14.297391022546469,2.058081711031175,4.75754809725739,15.142830985915497
2025-09-06 10:03:00+02:00,14.297391022546469,2.058081711031175,4.75754809725739,14.87747887323944
2025-09-06 10:04:00+02:00,14.31143697631324,2.058081711031175,4.75754809725739,14.612126760563385
2025-09-06 10:05:00+02:00,14.835462488471698,2.058081711031175,4.75754809725739,14.34677464788733
2025-09-06 10:06:00+02:00,15.613409449716798,2.058081711031175,4.75754809725739,14.081422535211273
2025-09-06 10:07:00+02:00,16.391370966683642,2.6699196951248894,5.3773589751558575,14.106595201916898
2025-09-06 10:08:00+02:00,17.169347039372237,5.01499005963424,7.752930555736356,14.496535269709549
2025-09-06 10:09:00+02:00,17.94733766778259,7.461498158050784,10.231161930467778,14.88740663900415
2025-09-06 10:10:00+02:00,18.72534285191468,9.907473306177865,12.708754060865026,15.278278008298756
2025-09-06 10:11:00+02:00,19.50336259176853,12.352915504015485,15.185706946928097,16.113546511627906
2025-09-06 10:12:00+02:00,20.28139688734412,14.797824751563642,17.66202058865699,17.564753796867585
2025-09-06 10:13:00+02:00,21.059445738641475,17.47846250823116,20.376976294298785,19.751498144712432
2025-09-06 10:14:00+02:00,22.419024989706223,22.26046404878233,25.219900554669916,22.46125
2025-09-06 10:15:00+02:00,27.39231721495763,27.536133873265207,30.56234000325196,24.90665071321321
2025-09-06 10:16:00+02:00,33.24145756239019,32.92047552655018,36.01434739828147,30.14420022295022
2025-09-06 10:17:00+02:00,39.24137724797546,38.99181613102514,42.16140575037692,34.051048741048746
2025-09-06 10:18:00+02:00,46.27780145235142,45.17855120303956,48.42466252361545,37.77380235042735
2025-09-06 10:19:00+02:00,57.64317963251895,55.89409997077614,59.27122834840472,45.703755341880345
2025-09-06 10:20:00+02:00,76.85550308092941,76.30589173770841,79.15980136834433,59.501488095238095
2025-09-06 10:21:00+02:00,99.64909838861593,99.25823765334452,103.91815205733452,75.57875
2025-09-06 10:22:00+02:00,119.3455822061623,119.63287247419385,124.5350776020414,88.96228703703703
2025-09-06 10:23:00+02:00,132.3133101214239,134.68717472006895,140.02360194240936,99.56065962098168
2025-09-06 10:24:00+02:00,124.06328458413928,130.08259981610763,133.112397148202,97.4146852300242
2025-09-06 10:25:00+02:00,123.38430687883825,128.30028053372527,132.72255685487286,89.28099404761905
2025-09-06 10:26:00+02:00,127.7493560218189,132.45710190785564,136.84945339459176,87.74137387387385
2025-09-06 10:27:00+02:00,132.11486100543323,136.61234993344965,140.97452958618703,91.26433652402402
2025-09-06 10:28:00+02:00,134.48400706695497,139.2730466617528,143.6155863637134,104.44716132478634
2025-09-06 10:29:00+02:00,132.1508367679133,136.96461054784106,141.3231133065642,105.85503418803415
2025-09-06 10:30:00+02:00,129.6214613972093,134.252251112024,138.62949269976392,105.35433333333332
2025-09-06 10:31:00+02:00,127.09223904742528,131.53922115811525,135.9350957345804,107.0321875
2025-09-06 10:32:00+02:00,124.56316971856111,128.82552068611471,133.23992241101357,106.0003125
2025-09-06 10:33:00+02:00,122.0342534106168,126.1111496960226,130.54397272906337,101.24004301619432
2025-09-06 10:34:00+02:00,115.83675655642804,116.55814269036566,121.98328888411658,91.98364886039884
2025-09-06 10:35:00+02:00,101.54265392218072,101.83301870848912,106.83817165678586,81.98826388888888
2025-09-06 10:36:00+02:00,91.77273681944956,95.34127425283252,99.1624436722971,75.0270596995597
2025-09-06 10:37:00+02:00,92.49198974478752,97.523972002133,101.26191373780983,74.52333333333334
2025-09-06 10:38:00+02:00,95.01209779634912,99.73394956727029,103.56369527484016,74.46850649350648
2025-09-06 10:39:00+02:00,97.53235801989509,101.94348497784726,105.86491441823809,72.23788741451784
2025-09-06 10:40:00+02:00,100.05277041542544,104.15257823386384,108.16557116800368,70.91214285714288
2025-09-06 10:41:00+02:00,102.57333498294018,106.36122933532,110.46566552413688,73.54227002164502
2025-09-06 10:42:00+02:00,105.97368899405146,108.598803738347,112.89267472306284,82.16737001424501
2025-09-06 10:43:00+02:00,113.60032272832645,114.94548186532752,119.94509597442776,88.36929050925926
2025-09-06 10:44:00+02:00,123.86026337456036,122.86025265674402,127.28777176150606,97.16632264957263
2025-09-06 10:45:00+02:00,130.32296448917864,118.9121408325368,122.9919329795467,102.97461013645226
2025-09-06 10:46:00+02:00,116.21527095704242,112.13768476918884,116.81930707098104,92.9728313840156
2025-09-06 10:47:00+02:00,106.1355464293331,106.30361342048484,110.97578181367938,86.75592505720824
2025-09-06 10:48:00+02:00,99.4609540305354,101.09497942822205,105.52258727917678,84.43914402173912
2025-09-06 10:49:00+02:00,93.530898206818,95.7086937722389,99.98698161198358,81.0791087962963
2025-09-06 10:50:00+02:00,83.89280532434351,83.72414912814696,88.00903558900245,70.9439227582846
2025-09-06 10:51:00+02:00,77.42849900575,82.67741954086443,86.14581353465519,63.59108894328846
2025-09-06 10:52:00+02:00,82.80922399114722,87.17878008585707,90.6997078777002,62.76056489629164
2025-09-06 10:53:00+02:00,88.56705463541522,91.67831080412056,95.25140744499927,68.94944444444444
2025-09-06 10:54:00+02:00,104.55410953908893,104.30457067908291,107.84533003570144,82.22810185185186
2025-09-06 10:55:00+02:00,118.69656138026863,121.24104999088571,125.3781030698214,93.42980555555556
2025-09-06 10:56:00+02:00,116.75871229540644,122.02425643018748,126.22825125265383,96.49576388888887
2025-09-06 10:57:00+02:00,113.81161209090386,118.53058677780982,122.77511537155816,95.86983333333332
2025-09-06 10:58:00+02:00,110.86471977863826,115.03580777765006,119.32070780150812,94.54411111111112
2025-09-06 10:59:00+02:00,107.91803535860969,111.5399194297082,115.86502854250394,90.05888541666667
2025-09-06 11:00:00+02:00,103.64061288937502,103.92610018085269,109.08832131246542,83.10336805555555
2025-09-06 11:01:00+02:00,91.02811412730756,90.08675049777024,95.32969705015428,73.52557407407407
2025-09-06 11:02:00+02:00,76.5185718385189,75.49366451186798,80.36429369862363,63.79735576923077
2025-09-06 11:03:00+02:00,64.14077403836532,65.70748065047552,69.37220372491447,55.50110735735735
2025-09-06 11:04:00+02:00,65.3442502390561,69.57477223717606,73.21323321775087,53.44241068185121
2025-09-06 11:05:00+02:00,73.07811668281843,74.41345381756003,78.32442952850404,58.29082375841751
2025-09-06 11:06:00+02:00,80.54557295665872,79.65596321928098,83.94986528509195,63.53443540669857
2025-09-06 11:07:00+02:00,87.95669087132669,86.72336848105647,91.20375408919443,68.41284151034151
2025-09-06 11:08:00+02:00,96.2332048775784,94.5290141161809,99.24792091297088,73.2773139287613
2025-09-06 11:09:00+02:00,105.8996147379087,105.9386405863395,110.5456123929885,80.49355911680912
2025-09-06 11:10:00+02:00,121.16164711713436,121.21371815693628,125.82839935352354,91.7984837962963
2025-09-06 11:11:00+02:00,132.43586645139575,123.01147463055892,127.11272169606718,97.95618055555556
2025-09-06 11:12:00+02:00,125.11083667889926,120.92673497405708,125.06563379164092,95.82234953703704
2025-09-06 11:13:00+02:00,118.56145772419964,118.84160018641144,123.0180988191816,92.34009377758164
2025-09-06 11:14:00+02:00,115.93029986323016,116.75607026762192,120.97011677868916,91.55177184466017
2025-09-06 11:15:00+02:00,113.29930769425124,114.6701452176886,118.92168767016358,91.09449029126208
2025-09-06 11:16:00+02:00,110.66848121726288,112.58382503661151,116.8728114936048,90.63720873786406
2025-09-06 11:17:00+02:00,108.03782043226506,110.49710972439064,114.82348824901294,89.0047997997998
2025-09-06 11:18:00+02:00,105.4380365845863,108.3540205748215,112.7165356548684,85.23744658119658
2025-09-06 11:19:00+02:00,103.25703353737048,106.15636068279689,110.50683154071147,81.27521781086297
2025-09-06 11:20:00+02:00,101.20867409003456,103.9582628673316,108.29458896006004,79.12947470172338
2025-09-06 11:21:00+02:00,99.1604151348753,101.7597271284258,106.0818261170072,78.78160958904115
2025-09-06 11:22:00+02:00,97.11225667189264,99.56075346607936,103.86854301155302,78.47339041095898
2025-09-06 11:23:00+02:00,95.06419870108668,97.36134188029234,101.65473964369744,78.16517123287676
2025-09-06 11:24:00+02:00,93.01624122245735,95.15691804279166,99.44041601344055,77.85695205479453
2025-09-06 11:25:00+02:00,90.96838423600472,91.12180635569162,95.86494079098816,76.53327272727273
2025-09-06 11:26:00+02:00,86.93647866512808,85.62484950120917,89.98655442443062,73.0018765873016
2025-09-06 11:27:00+02:00,80.41737521740704,80.09386304069585,84.06629087668004,68.48088421052631
2025-09-06 11:28:00+02:00,75.6196070052735,73.97555653680837,78.09008929546661,63.38483913043478
2025-09-06 11:29:00+02:00,76.92224314584264,67.63453605273962,72.08812507729533,59.003412698412696
2025-09-06 11:30:00+02:00,78.75435001649151,64.83342317101206,68.17347887510086,56.53999084249083
2025-09-06 11:31:00+02:00,80.58653737480152,67.52251035570879,70.6344299053772,55.45350596212297
2025-09-06 11:32:00+02:00,82.41880522077258,70.26760341617842,73.53349373586505,55.4195744680851
2025-09-06 11:33:00+02:00,84.25115355440478,73.012017928471,76.431671144565,56.05787234042552
2025-09-06 11:34:00+02:00,86.0835823756982,75.75575389258664,79.32896213147706,57.44852504432624
2025-09-06 11:35:00+02:00,87.91609168465276,79.0666281454418,82.96373193300012,62.24652777777777
2025-09-06 11:36:00+02:00,90.96817327043829,88.86536922164608,93.74723155084506,69.92032814407814
2025-09-06 11:37:00+02:00,102.72777831413477,102.07557546781844,106.99980620194758,79.17249465811966
2025-09-06 11:38:00+02:00,115.26398052751604,115.2449283196932,120.0451495338568,88.21763162878788
2025-09-06 11:39:00+02:00,126.892926177641,127.25540264494332,132.54870392155803,96.36704586732712
2025-09-06 11:40:00+02:00,138.31587655524334,139.89026399489202,144.98449679327766,105.4276208097458
2025-09-06 11:41:00+02:00,150.06353349467383,151.49455837400424,156.91098103726466,113.91384615384614
2025-09-06 11:42:00+02:00,160.70219611684593,163.5075071878129,164.583617644508,123.42031342409602
2025-09-06 11:43:00+02:00,171.64341102976013,175.8213368641101,170.76596320565076,132.81062500000002
2025-09-06 11:44:00+02:00,183.2790258859888,187.44189078993776,189.16460077491547,140.53596590909092
2025-09-06 11:45:00+02:00,195.44777345647776,197.1356797257125,202.5764968692768,146.12932043650792
2025-09-06 11:46:00+02:00,206.16150251711832,207.4727450912952,213.22108069224697,153.23215277777777
2025-09-06 11:47:00+02:00,212.2860580238854,216.111398878685,221.5265123074201,161.16910515873016
2025-09-06 11:48:00+02:00,214.7450812243707,218.96919506601608,224.2792498368832,165.64315891472867
2025-09-06 11:49:00+02:00,217.2042484824832,221.5169110176803,226.85787272188992,162.50091246770026
2025-09-06 11:50:00+02:00,219.66355979822293,224.06402611347733,229.43577084762308,160.41457446808514
2025-09-06 11:51:00+02:00,222.12301517158983,226.6105403534076,232.01294421408255,161.4560227696902
2025-09-06 11:52:00+02:00,224.5826146025841,229.1564537374708,234.58939282126863,164.2907906920078
2025-09-06 11:53:00+02:00,241.80099622410376,244.51006869841484,251.2529692818884,186.32503968253968
2025-09-06 11:54:00+02:00,291.75687074222776,294.21607406246915,301.09237180840944,228.06935714285717
2025-09-06 11:55:00+02:00,290.488644246232,294.3290953916069,300.1112028655074,227.4146111111111
2025-09-06 11:56:00+02:00,265.0820422610086,268.24241647374726,273.80996840270774,201.45599603174605
2025-09-06 11:57:00+02:00,227.79783897995367,230.03599510259252,236.6340275832953,171.27692460317462
2025-09-06 11:58:00+02:00,194.0751100628798,196.43669919620055,202.80379515811012,148.0257242063492
2025-09-06 11:59:00+02:00,173.47844487546277,175.73276428599678,181.97524129763343,134.3493304843305
2025-09-06 12:00:00+02:00,157.09777165741,158.64344838235402,164.87398674771734,122.85043287037035
2025-09-06 12:01:00+02:00,141.62960655946983,143.6953658018316,149.4125355851847,111.56545548433049
2025-09-06 12:02:00+02:00,138.80908226067953,144.5296540159968,148.39105065044032,104.4054544595616
2025-09-06 12:03:00+02:00,144.28063177481636,149.28550457164428,153.54649472153378,104.23654620181408
2025-09-06 12:04:00+02:00,151.5035078908786,155.00739975155653,160.0683925870166,115.26198743386242
2025-09-06 12:05:00+02:00,176.995817752714,179.93040527219293,186.6326076868516,140.0872222222222
2025-09-06 12:06:00+02:00,202.91007733390651,205.33919825087187,212.845201166307,158.3130736714976
2025-09-06 12:07:00+02:00,239.6595302913576,242.38859899384065,250.0929721522468,193.022662037037
2025-09-06 12:08:00+02:00,243.33489276731652,246.5248264781103,252.78814685356247,196.81446794871795
2025-09-06 12:09:00+02:00,222.5807630441047,226.76378361497663,232.33267161576356,171.68081196581196
2025-09-06 12:10:00+02:00,215.84030366467792,220.0473296855641,225.6042026723971,172.74709307992202
2025-09-06 12:11:00+02:00,206.24905155201452,209.70379122082812,215.9136958993529,161.9134074074074
2025-09-06 12:12:00+02:00,188.25401087647492,191.70332937225712,197.7370536485264,146.30716666666666
2025-09-06 12:13:00+02:00,186.7634206107984,191.81938705776665,196.47985980063692,138.09431597222223
2025-09-06 12:14:00+02:00,194.18220462213492,198.4541222632679,203.3448168580953,146.77376273148147
2025-09-06 12:15:00+02:00,199.1974099267255,191.33681929317072,196.5834974750844,147.81261616161615
2025-09-06 12:16:00+02:00,203.40839985955176,191.80662933159223,196.69474924680603,143.71030555555552
2025-09-06 12:17:00+02:00,207.6198124923346,201.17229207084668,207.219260331857,149.35826785714286
2025-09-06 12:18:00+02:00,217.5034279735548,220.02756924662532,226.32169559694609,164.48023148148147
2025-09-06 12:19:00+02:00,247.6790403386903,250.0293230090121,257.0981596466291,189.64763888888888
2025-09-06 12:20:00+02:00,306.0714396655258,310.9518146585944,316.8642663155808,243.7509477124183
2025-09-06 12:21:00+02:00,328.11942866471946,331.90774158984766,337.9774040021776,254.81435151143796
2025-09-06 12:22:00+02:00,323.97399072234015,327.4664867237247,334.4707699079899,264.1722398589065
2025-09-06 12:23:00+02:00,295.5575226554189,298.21826349845475,305.2767443687127,235.78939407814408
2025-09-06 12:24:00+02:00,271.52085026739945,274.6743294215371,281.6734820253604,218.0665211640212
2025-09-06 12:25:00+02:00,241.48156661115928,244.5886387296522,250.936720656788,189.6128125
2025-09-06 12:26:00+02:00,236.180142270664,241.67082182272975,246.93879507584563,188.9884375
2025-09-06 12:27:00+02:00,224.25652306141487,228.9990707557237,235.0970479687102,183.54382275132275
2025-09-06 12:28:00+02:00,202.326762083824,205.9380588668732,211.3970863418045,165.04644973544973
2025-09-06 12:29:00+02:00,192.85240038365663,197.26547679037984,202.2364452068115,157.32219025875193
2025-09-06 12:30:00+02:00,188.7001375658888,192.99743558311613,197.98668761546628,156.603493150685
2025-09-06 12:31:00+02:00,184.5482859465775,188.72771591546845,193.7349723383476,155.56278662480975
2025-09-06 12:32:00+02:00,178.8669482763414,181.72028531862605,187.0099983622672,148.6488653846154
2025-09-06 12:33:00+02:00,165.18950094901757,167.31837802888742,172.3701339133258,136.848544973545
2025-09-06 12:34:00+02:00,146.33657051624792,147.2769740549409,152.73521201461264,120.51007936507936
2025-09-06 12:35:00+02:00,128.19832150279493,128.902460183123,134.78630885523117,107.80109788359788
2025-09-06 12:36:00+02:00,109.5766480044014,110.5857745185546,116.04969322911748,91.35620634920636
2025-09-06 12:37:00+02:00,100.8185745024898,103.55089467556704,108.06780469909168,83.89526133040935
2025-09-06 12:38:00+02:00,95.91403830599836,98.1251122401732,102.6129245768162,82.26749999999998
2025-09-06 12:39:00+02:00,91.9052574584424,95.5503160546044,99.29460116865224,80.16877214452215
2025-09-06 12:40:00+02:00,100.41432857040564,98.73729635837432,102.38315794525576,82.49980814143395
2025-09-06 12:41:00+02:00,103.67122503336144,102.08398518687233,105.8962181621186,85.62165605095544
2025-09-06 12:42:00+02:00,101.45256883200388,105.42965970894538,109.40796786205874,86.30955414012742
2025-09-06 12:43:00+02:00,99.23403052502266,108.54781103588992,112.57639187847364,89.1806574368955
2025-09-06 12:44:00+02:00,97.0156101124178,106.50711248484888,110.35084452179076,94.60117389060888
2025-09-06 12:45:00+02:00,94.79730759418928,102.32144948296778,106.23067122619555,92.5994012605042
2025-09-06 12:46:00+02:00,92.57912297033718,98.13419873126576,102.10869372739155,89.34554868742369
2025-09-06 12:47:00+02:00,90.1442323254622,92.74342056059407,97.0377148436076,81.21260185185186
2025-09-06 12:48:00+02:00,83.21090425936913,82.14577929809886,86.66915676199042,70.51249515013495
2025-09-06 12:49:00+02:00,76.38124470293423,80.75154486503622,84.40728863235044,65.90057945041816
2025-09-06 12:50:00+02:00,78.93172738149154,82.92301966981232,86.92562311005643,66.41278103616814
2025-09-06 12:51:00+02:00,82.74247574519259,85.09406888639892,89.44328678050154,68.5360386119257
2025-09-06 12:52:00+02:00,86.55357227443942,87.26469251479601,91.96027964368582,70.44089887640448
2025-09-06 12:53:00+02:00,90.12996780661364,89.43489055500358,94.47660169960926,71.66617607924304
2025-09-06 12:54:00+02:00,92.87123157255212,91.6046630070216,96.98976275061034,73.90645263751595
2025-09-06 12:55:00+02:00,95.53961026059916,93.77005229598676,99.153713043134,74.88375634517767
2025-09-06 12:56:00+02:00,98.20815954976362,95.87519987291029,101.07074705072203,75.3832487309645
2025-09-06 12:57:00+02:00,100.87687944004551,97.95993345440596,102.98739115244877,75.8827411167513
2025-09-06 12:58:00+02:00,103.54576993144484,100.04427369876755,104.9036453483142,80.37967113095239
2025-09-06 12:59:00+02:00,106.55544736322597,102.12822060599495,106.81950963831832,85.22606462585034
2025-09-06 13:00:00+02:00,109.94184277188351,104.21177417608834,108.73498402246112,82.99691216931218
2025-09-06 13:01:00+02:00,113.32851276131036,106.29493440904758,110.65006850074262,80.1088362745098
2025-09-06 13:02:00+02:00,116.71545733150644,108.37770130487276,112.56476307316277,81.20214679759052
2025-09-06 13:03:00+02:00,123.11404522699635,120.9961056563339,125.51355338074636,94.92625
2025-09-06 13:04:00+02:00,144.7328626156741,145.61412908796152,150.37003037974478,114.21061507936508
2025-09-06 13:05:00+02:00,177.61785613546112,180.3329139434376,185.23590975740083,144.05631944444443
2025-09-06 13:06:00+02:00,185.5477590218885,190.36802114704872,195.2232161533622,149.06030753968255
2025-09-06 13:07:00+02:00,191.11057714998623,195.6901593259884,200.5974348300411,147.011
2025-09-06 13:08:00+02:00,209.833657356154,211.02898932391292,217.2849877521635,170.52466865079364
2025-09-06 13:09:00+02:00,221.5903270850725,213.93839834618456,231.6981324109576,182.43165173237756
2025-09-06 13:10:00+02:00,211.97624725564256,211.71386553521972,220.4824872717085,172.08169312169312
2025-09-06 13:11:00+02:00,213.11843287519696,209.4888752675726,217.41542934675897,178.1333043345543
2025-09-06 13:12:00+02:00,214.73163759125663,207.26342754324315,214.68002457245888,178.9498901098901
2025-09-06 13:13:00+02:00,216.3449043058614,205.03752236223133,211.943805917228,174.79550010442776
2025-09-06 13:14:00+02:00,217.95823301901115,202.8111597245372,209.20677338106657,170.91928205128204
2025-09-06 13:15:00+02:00,219.571623730706,202.02192804945884,206.80094240881544,166.36111698717949
2025-09-06 13:16:00+02:00,221.1850764409457,206.8145734896997,210.89372179792937,166.976494047619
2025-09-06 13:17:00+02:00,222.79859114973056,212.1551009098984,217.4875752894237,170.5575920168067
2025-09-06 13:18:00+02:00,224.4121678570604,219.1159112905609,225.6749260244079,174.9087730994152
2025-09-06 13:19:00+02:00,228.6340932695205,230.5511306879397,237.19310968580467,184.66031415343917
2025-09-06 13:20:00+02:00,255.1015215790859,257.71448861255,264.11259581902124,209.489125
2025-09-06 13:21:00+02:00,269.7641694348371,274.2110202513001,279.87193681710727,227.671450094162
2025-09-06 13:22:00+02:00,264.63888064135824,268.9681089171784,274.85022766160074,227.7276490897677
2025-09-06 13:23:00+02:00,259.2807156683781,263.4498925094904,269.7905923797682,219.75782407407405
2025-09-06 13:24:00+02:00,252.34800793792385,255.59158056600128,262.8779271620978,210.26908653846155
2025-09-06 13:25:00+02:00,243.5930401744788,245.8700608267557,252.93388758565823,202.93560294117648
2025-09-06 13:26:00+02:00,232.6069803987541,235.54210755413595,242.16450241948988,194.99918091168087
2025-09-06 13:27:00+02:00,216.33624673560985,218.78040392695087,225.50662928840987,177.96753472222224
2025-09-06 13:28:00+02:00,201.79823875298723,199.95495980863944,206.8376596789069,162.9851666666667
2025-09-06 13:29:00+02:00,187.0094076836676,187.56295078367825,193.147759086556,153.98132936507935
2025-09-06 13:30:00+02:00,176.9673358242009,180.674424529158,185.7155140436145,153.228979958577
2025-09-06 13:31:00+02:00,171.39073747205623,175.08831060134008,180.0734332832895,150.67419468810917
2025-09-06 13:32:00+02:00,165.16294819582004,167.92970254947014,173.17320625653733,140.29543625356126
2025-09-06 13:33:00+02:00,153.89118016913002,155.18504118930534,160.96552085181608,130.9512678062678
2025-09-06 13:34:00+02:00,140.58720129767255,142.19320327456427,147.13059470164944,119.70538746438746
2025-09-06 13:35:00+02:00,136.67603810626812,142.01380565528794,146.31286671200596,112.79931643625191
2025-09-06 13:36:00+02:00,138.74954041502033,143.88563625261563,148.26877450302663,110.2096899641577
2025-09-06 13:37:00+02:00,140.82314552338676,145.75714708514064,150.22427231044236,110.17061904761904
2025-09-06 13:38:00+02:00,142.89685343136733,147.62833815286305,152.17936013425316,111.24622580645162
2025-09-06 13:39:00+02:00,144.970664138962,149.49920945578282,154.134037974459,114.13804883512545
2025-09-06 13:40:00+02:00,147.04457764617086,151.36976099390012,156.08830583106007,117.38016129032258
2025-09-06 13:41:00+02:00,149.11859395299385,153.23999276721474,158.04216370405615,120.66018631100084
2025-09-06 13:42:00+02:00,149.7505432788607,154.78002985463385,159.26141133344896,125.06621111111112
2025-09-06 13:43:00+02:00,148.06173140048233,153.48537880097632,157.66345301605293,129.39242702702705
2025-09-06 13:44:00+02:00,146.33801223436393,151.5394176280023,155.78130021432122,129.86580645161288
2025-09-06 13:45:00+02:00,144.61436407807588,149.5931102569789,153.89876699698166,128.70736486486484
2025-09-06 13:46:00+02:00,142.89078693161818,147.64645668790598,152.01585336403414,126.26920884260056
2025-09-06 13:47:00+02:00,141.16728079499083,145.6994569207836,150.13255931547874,125.19006369426752
2025-09-06 13:48:00+02:00,139.4438456681939,143.75211095561176,148.2488848513155,124.5327388535032
2025-09-06 13:49:00+02:00,137.7204815512274,141.80441879239046,146.3648299715444,122.74110346527146
2025-09-06 13:50:00+02:00,135.9971884440913,138.31344582916347,143.5535199348739,118.45212703962704
2025-09-06 13:51:00+02:00,126.70236034552816,126.92275241972985,132.13132477377042,108.2449537037037
2025-09-06 13:52:00+02:00,109.82154057350888,112.95940056064543,117.16485946485813,86.69204761904763
2025-09-06 13:53:00+02:00,114.21562219166242,118.79217314054544,123.05620980284824,85.34240343915344
2025-09-06 13:54:00+02:00,118.65824299538238,123.3595177243339,127.48801866062963,104.84343915343916
2025-09-06 13:55:00+02:00,114.3631951986386,118.60234293630975,122.70806937060784,108.667882751938
2025-09-06 13:56:00+02:00,109.82500755717636,113.15170340115664,117.35615364537036,102.3347435897436
2025-09-06 13:57:00+02:00,104.89374802784155,105.9284457857846,110.58626670632836,93.6533173076923
2025-09-06 13:58:00+02:00,96.71819849509936,95.7991079045742,100.7750597917415,86.37328947368421
2025-09-06 13:59:00+02:00,88.9118210396877,89.97187430212787,94.35738154353936,81.88696575342466
2025-09-06 14:00:00+02:00,84.00731547292264,85.2396295986979,89.4177340786952,80.20827829419439
2025-09-06 14:01:00+02:00,79.2587530794507,80.40281894187876,84.42703631806573,76.06799198833573
2025-09-06 14:02:00+02:00,72.96170554159787,70.3648935583921,74.21940475161945,67.10701923076923
2025-09-06 14:03:00+02:00,61.71033977121722,57.31887397206765,60.97309647730307,52.76726851851851
2025-09-06 14:04:00+02:00,63.05894925765692,50.270924639582205,53.548918221432174,45.162123263888894
2025-09-06 14:05:00+02:00,66.09107109182231,54.59621368869439,57.91715281848965,45.9596342737722
2025-09-06 14:06:00+02:00,69.1234135218331,59.17631339517395,62.69538219103251,48.44399990761272
2025-09-06 14:07:00+02:00,72.15597654768926,64.74340113696174,68.64710943647205,54.6892297979798
2025-09-06 14:08:00+02:00,75.71525682525078,75.2536714171685,79.37271072126173,64.57324705387207
2025-09-06 14:09:00+02:00,81.0367784651769,81.53490823289249,85.93470339158429,71.85544041647667
2025-09-06 14:10:00+02:00,86.50076554636678,85.3615760183428,90.51112750039894,74.44307170542636
2025-09-06 14:11:00+02:00,89.27523779278589,89.18692175398141,95.08533515680168,78.02266741071428
2025-09-06 14:12:00+02:00,87.74288396144327,92.93011170536806,97.39235817100908,80.56883333333333
2025-09-06 14:13:00+02:00,86.15149630641478,92.89766003990168,95.5435109640952,82.26415511551154
2025-09-06 14:14:00+02:00,84.56016935156843,90.77334389055385,93.60127321162848,83.19787997220773
2025-09-06 14:15:00+02:00,82.96890309690424,88.64861970114072,91.6586357034351,83.15776315789476
2025-09-06 14:16:00+02:00,81.37769754242224,86.52348747166224,89.7155984395151,82.51039473684214
2025-09-06 14:17:00+02:00,79.78655268812237,84.39794720211839,87.77216141986847,81.66279135338345
2025-09-06 14:18:00+02:00,78.19546853400465,82.27199889250916,85.82832464449518,79.52391046741276
2025-09-06 14:19:00+02:00,76.60444508006904,80.14564254283457,83.88408811339522,76.27589989143921
2025-09-06 14:20:00+02:00,75.08860975750068,78.89621790684215,82.5742034485025,70.32018079278812
2025-09-06 14:21:00+02:00,74.70855473055795,78.88735623624494,82.53909064173725,66.48100960855356
2025-09-06 14:22:00+02:00,74.70855473055795,78.88735623624494,82.53909064173725,68.82967147435896
2025-09-06 14:23:00+02:00,74.70855473055795,78.88735623624494,82.53909064173725,69.11998931623928
2025-09-06 14:24:00+02:00,74.70855473055795,78.88735623624494,82.53909064173725,69.3212713675213
2025-09-06 14:25:00+02:00,74.70855473055795,78.88735623624494,82.53909064173725,69.52255341880333
2025-09-06 14:26:00+02:00,74.70855473055795,78.88735623624494,82.53909064173725,69.72383547008535
2025-09-06 14:27:00+02:00,74.70855473055795,78.88735623624494,82.53909064173725,69.9251175213674
2025-09-06 14:28:00+02:00,74.70855473055795,78.88735623624494,82.53909064173725,70.1263995726495
2025-09-06 14:29:00+02:00,74.70855473055795,79.05749907398973,82.61679380772708,70.32768162393161
2025-09-06 14:30:00+02:00,76.04983959199053,82.11962359434864,85.51526355886014,71.30591262595524
2025-09-06 14:31:00+02:00,81.62808452200017,86.20114011412564,89.81650828604612,72.71252688172042
2025-09-06 14:32:00+02:00,87.5394143726349,90.28115243500562,94.11579532745866,74.42959901433692
2025-09-06 14:33:00+02:00,95.7593526316442,95.64943888330636,99.85577524927648,80.06511103479853
2025-09-06 14:34:00+02:00,106.71305135215108,107.77784743557638,111.9208896673773,89.89892094017095
2025-09-06 14:35:00+02:00,119.1059927864722,121.4545457571003,125.91947097981556,102.6704398148148
2025-09-06 14:36:00+02:00,119.21006133182426,124.13600017543092,128.26006396268698,109.07994565217392
2025-09-06 14:37:00+02:00,118.43017845958649,123.35122054288786,127.46392909161705,111.17359860248446
2025-09-06 14:38:00+02:00,117.65031014307048,122.56638489936093,126.66772657515308,111.880248015873
2025-09-06 14:39:00+02:00,116.8704563822762,121.78149324485013,125.871456413295,111.18357142857144
2025-09-06 14:40:00+02:00,116.09061717720368,120.99654557935548,125.0751186060429,109.90829781105992
2025-09-06 14:41:00+02:00,115.31079252785293,120.21154190287696,124.27871315339686,107.58401785714284
2025-09-06 14:42:00+02:00,114.53098243422389,119.42648221541457,123.4822400553568,105.81095547309832
2025-09-06 14:43:00+02:00,113.7511868963166,118.64136651696822,122.68569931192276,104.51378787878788
2025-09-06 14:44:00+02:00,112.97140591413108,117.856194807538,121.88909092309464,102.58773737373735
2025-09-06 14:45:00+02:00,110.77997438302953,114.05277422820046,118.24765439021022,98.41904616013072
2025-09-06 14:46:00+02:00,106.66836834871692,111.6836256482358,115.35760986697407,95.82413793103446
2025-09-06 14:47:00+02:00,107.18078506122023,114.07515753633056,117.84077352403187,93.34445945945946
2025-09-06 14:48:00+02:00,110.41055679284835,116.46617029845706,120.32328068397236,92.4432380952381
2025-09-06 14:49:00+02:00,113.64057828688036,118.85666393461528,122.80513134679548,93.42690929705216
2025-09-06 14:50:00+02:00,116.87084954331628,121.24663844480526,125.28632551250126,95.71888274754347
2025-09-06 14:51:00+02:00,119.5136978915024,123.6360938290268,127.76686318108966,101.72542906746033
2025-09-06 14:52:00+02:00,118.32869477150555,123.5048153510098,127.7258133287798,106.335843837535
2025-09-06 14:53:00+02:00,116.44147546464023,120.82883799786735,125.15567714936,107.9888900560224
2025-09-06 14:54:00+02:00,114.55434139897454,118.15220958910815,122.58483620306184,106.55854779411766
2025-09-06 14:55:00+02:00,112.6672925745084,115.47493012473232,120.0132904898852,104.94306966726084
2025-09-06 14:56:00+02:00,110.78032899124167,112.7969996047397,117.44104000983032,102.18675757575755
2025-09-06 14:57:00+02:00,108.8934506491746,110.12561938995928,114.86808476289704,99.1642101042502
2025-09-06 14:58:00+02:00,107.00665754830707,107.60305500868957,112.30417479098853,96.94455426356588
2025-09-06 14:59:00+02:00,105.05797232581308,105.13935171407913,109.75109128798792,94.5789537037037
2025-09-06 15:00:00+02:00,102.5578093006421,102.67509813858966,107.19731461901168,91.6151388888889
2025-09-06 15:01:00+02:00,99.92765939928184,100.21029428222124,104.64284478405985,89.23547297297297
2025-09-06 15:02:00+02:00,97.29767518991213,97.74494014497388,102.0876817831323,87.93542792792793
2025-09-06 15:03:00+02:00,94.66785667253292,95.27953179743724,99.53182561622916,86.64874155405404
2025-09-06 15:04:00+02:00,92.03820384714436,93.01204410718496,97.17538836365075,84.68302526595745
2025-09-06 15:05:00+02:00,89.80898499022331,90.90240163302344,95.10141244578868,82.80180360065468
2025-09-06 15:06:00+02:00,88.91920082001407,88.79235672752796,93.029002753813,81.45769088319089
2025-09-06 15:07:00+02:00,88.13719621976979,86.68190939069852,90.9561379748064,80.5129166666667
2025-09-06 15:08:00+02:00,87.3552062758046,84.57105962253519,88.88281810876899,79.49406310916179
2025-09-06 15:09:00+02:00,86.57323098811855,82.45980742303794,86.80904315570066,78.28537836669138
2025-09-06 15:10:00+02:00,85.79127035671164,80.34815279220679,84.73481311560153,76.94987146925268
2025-09-06 15:11:00+02:00,85.00932438158378,79.6275582177677,83.11665353743818,75.54297317436662
2025-09-06 15:12:00+02:00,84.22739306273506,81.35548534915704,84.45988772435189,75.00272727272723
2025-09-06 15:13:00+02:00,83.4454764001655,83.1286519223119,86.33346018911719,74.67545454545446
2025-09-06 15:14:00+02:00,82.66357439387511,84.90153469651788,88.20666138621108,74.34818181818174
2025-09-06 15:15:00+02:00,80.23917900499956,86.674133671775,90.07949131563365,74.02090909090906
2025-09-06 15:16:00+02:00,76.31707050783297,88.44644884808325,91.95194997738486,73.08373379296152
2025-09-06 15:17:00+02:00,78.88616619214969,90.21848022544256,93.82403737146466,72.80659292035399
2025-09-06 15:18:00+02:00,84.51956330372515,91.99022780385312,95.6957534978731,73.94616795722715
2025-09-06 15:19:00+02:00,91.99100646394722,94.36751840899004,98.224156960373,81.62792144892144
2025-09-06 15:20:00+02:00,109.54284165841912,109.89043836860806,114.88136103686082,99.38819444444444
2025-09-06 15:21:00+02:00,135.451493763742,136.85212888475226,141.6727012755813,125.2319246031746
2025-09-06 15:22:00+02:00,165.36342442209755,169.4985541024532,173.37692349184204,153.05017857142855
2025-09-06 15:23:00+02:00,204.55245847292903,210.54271240324908,213.94324159867728,188.5102083333333
2025-09-06 15:24:00+02:00,317.39058185778566,327.8604166298351,329.84884341686546,319.3983333333333
2025-09-06 15:25:00+02:00,436.97826824954245,450.1208453657524,448.0602730182511,462.7136111111111
2025-09-06 15:26:00+02:00,501.417840877518,522.0415682993769,507.1810401010321,517.3198703703704
2025-09-06 15:27:00+02:00,494.68855002876745,507.4839870943852,501.47516609352425,495.27484126984126
2025-09-06 15:28:00+02:00,467.8507672341792,472.6550998323319,468.849362395238,461.6320092592593
2025-09-06 15:29:00+02:00,444.9194720266476,453.4178032520571,446.5114663613375,432.8047222222222
2025-09-06 15:30:00+02:00,423.2149715694984,435.9091526097336,413.3854183961983,417.0533680555556
2025-09-06 15:31:00+02:00,404.340449247889,412.3502474022337,411.4175558102386,391.2616452991453
2025-09-06 15:32:00+02:00,342.20832390764207,352.4525502201998,356.9757203487431,300.79979166666664
2025-09-06 15:33:00+02:00,285.3537823331136,289.3556529397584,291.03506309930594,230.6255555555556
2025-09-06 15:34:00+02:00,260.75927310505256,269.9095407911548,270.9134094320279,202.54088575268813
2025-09-06 15:35:00+02:00,239.00223135275857,242.4013992601953,247.7444476429675,184.29667094017097
2025-09-06 15:36:00+02:00,223.7790575518054,227.97390399015055,233.1864581695104,173.15621693121693
2025-09-06 15:37:00+02:00,201.3442528744324,203.1662277582588,209.07621074421093,155.26694444444442
2025-09-06 15:38:00+02:00,183.7801202829807,188.3155294345234,193.2992780112528,141.31838189588188
2025-09-06 15:39:00+02:00,189.1491939851572,193.69754431993928,198.9341403307544,146.44994052706554
2025-09-06 15:40:00+02:00,194.3551166867633,199.00330922914807,204.17757344454392,156.68482175925925
2025-09-06 15:41:00+02:00,189.39054346236605,195.01581854323743,199.3299315627273,162.96750925925926
2025-09-06 15:42:00+02:00,181.758043004426,184.97016086209496,190.3512801925976,151.02556216931217
2025-09-06 15:43:00+02:00,163.32278075129022,163.8526259942016,170.5955913529359,130.45601190476188
2025-09-06 15:44:00+02:00,153.12019096936763,159.01144006901242,162.57832107294175,119.41144702842378
2025-09-06 15:45:00+02:00,158.94723099506336,164.40722746648598,168.27774185221986,120.39515180878554
2025-09-06 15:46:00+02:00,166.6829795100273,171.22013312514886,174.85906749020012,133.35849206349204
2025-09-06 15:47:00+02:00,181.0014320148746,183.5328012223773,189.4141284038245,151.18716826923077
2025-09-06 15:48:00+02:00,185.05615769020253,178.70439325712033,194.44060909799327,150.6391168091168
2025-09-06 15:49:00+02:00,188.5668123884313,173.0309147914081,198.11392544901665,143.03517195767196
2025-09-06 15:50:00+02:00,192.0777610818178,179.48173247705154,201.78578039544095,145.3549457671958
2025-09-06 15:51:00+02:00,198.19499105746556,199.0887457110728,208.07213620060315,163.5098544973545
2025-09-06 15:52:00+02:00,225.83320747207588,231.5371355117541,239.2495156532007,202.2247474747475
2025-09-06 15:53:00+02:00,238.14927973649807,242.53971328846688,253.42333466685068,202.1411557239057
2025-09-06 15:54:00+02:00,257.1076392541336,261.0820003886061,268.9293541309836,220.39380291005293
2025-09-06 15:55:00+02:00,314.4789032425016,316.4354123598338,329.4661344256971,301.4943055555555
2025-09-06 15:56:00+02:00,328.6182044219018,338.6792705914262,347.278256403489,335.024376984127
2025-09-06 15:57:00+02:00,272.74774390065613,277.2554668005486,284.2808594553049,243.62329365079367
2025-09-06 15:58:00+02:00,239.62571076411172,244.39494504541216,251.55082243954803,202.8756086309524
2025-09-06 15:59:00+02:00,230.95428139528173,235.37571328126097,234.4186929100231,209.5580555555556
2025-09-06 16:00:00+02:00,202.1462380689064,203.1693445902434,209.69775585203087,172.37465656565655
2025-09-06 16:01:00+02:00,187.4323909606807,197.838207064224,202.81997113212967,159.4041543179043
2025-09-06 16:02:00+02:00,193.47405145744227,199.75203273095167,204.4905301563481,171.18541666666667
2025-09-06 16:03:00+02:00,182.70983901897253,186.9744675690365,192.3469565132162,165.81820436507937
2025-09-06 16:04:00+02:00,176.64913993984572,180.10614261329255,186.0950476184627,153.6225
2025-09-06 16:05:00+02:00,168.72926860198393,169.9899932141264,177.50143148380732,143.96052884615384
2025-09-06 16:06:00+02:00,158.50350124530547,159.86088888994857,166.6445752273416,136.61634528423775
2025-09-06 16:07:00+02:00,150.4099260876363,152.29680220615634,157.81925593648364,135.50704192546584
2025-09-06 16:08:00+02:00,145.19852596473817,143.27385655196994,148.48029277570384,133.55761574074072
2025-09-06 16:09:00+02:00,152.22042777874358,137.98698659657796,141.61305140757392,121.97941287878788
2025-09-06 16:10:00+02:00,145.98417926076223,148.87479634186937,153.17608773155814,140.95424206349205
2025-09-06 16:11:00+02:00,130.1165937424167,131.87854232021823,137.8300040306538,118.75723379629628
2025-09-06 16:12:00+02:00,115.04956147536222,115.33599691383358,120.70611688066106,102.3584074074074
2025-09-06 16:13:00+02:00,101.1723553460447,100.7199993949121,105.89627504132818,89.28029131054132
2025-09-06 16:14:00+02:00,91.12099487452193,89.66277220952443,94.4829064393832,80.54912898212899
2025-09-06 16:15:00+02:00,84.25289868641977,87.20736046518267,92.82310550748518,75.06595996732027
2025-09-06 16:16:00+02:00,87.75159887047671,87.99878780567785,96.32646173131135,74.65588235294119
2025-09-06 16:17:00+02:00,92.93539772477,88.79015855426668,99.82851731024684,76.7560407239819
2025-09-06 16:18:00+02:00,97.05409694098118,89.58147271094919,103.32927224429169,80.49819444444445
2025-09-06 16:19:00+02:00,97.3853386607424,90.37273027572536,105.47720476910936,81.58500000000002
2025-09-06 16:20:00+02:00,97.3853386607424,91.1639312485952,104.77225201560448,80.98500000000004
2025-09-06 16:21:00+02:00,97.3853386607424,91.95507562955872,103.97412386025658,80.57253546099292
2025-09-06 16:22:00+02:00,97.3853386607424,92.7461634186159,103.17592805951465,81.0868085106383
2025-09-06 16:23:00+02:00,97.3853386607424,93.5371946157667,102.37766461337868,81.81398936170213
2025-09-06 16:24:00+02:00,97.3853386607424,98.15147601387842,101.57933352184864,84.69811355311356
2025-09-06 16:25:00+02:00,97.3853386607424,100.4450282423505,100.78093478492454,87.81175675675676
2025-09-06 16:26:00+02:00,97.3853386607424,98.72768517971345,99.9824684026064,89.53706393140128
2025-09-06 16:27:00+02:00,97.3853386607424,97.01007507002448,99.1839343748942,88.42485567269075
2025-09-06 16:28:00+02:00,96.37580794734792,95.29219791328347,98.38533270178796,85.51474405025051
2025-09-06 16:29:00+02:00,93.8485584114256,93.5740537094905,97.13421813651269,83.81616440019427
2025-09-06 16:30:00+02:00,91.30734447342071,91.85564245864556,95.50003155351064,84.67694173103135
2025-09-06 16:31:00+02:00,88.76628527565838,90.13696416074858,93.8655618614174,84.45116935483874
2025-09-06 16:32:00+02:00,86.2253808181386,88.41801881579961,92.23080906023296,83.57490495391706
2025-09-06 16:33:00+02:00,83.6846311008614,86.04507747688854,90.196252138237,78.65630753968254
2025-09-06 16:34:00+02:00,81.38452640447018,77.8504918753204,82.1180791142164,71.25076417004048
2025-09-06 16:35:00+02:00,79.38608908058148,70.82626267239661,74.51368474552113,67.45991143127065
2025-09-06 16:36:00+02:00,77.3885013283919,68.9235830057892,72.54266817320844,68.23366836572156
2025-09-06 16:37:00+02:00,75.39100925770772,67.16175013071773,70.78009057522745,69.7146750926862
2025-09-06 16:38:00+02:00,73.39361286852905,65.39963778944221,69.01718534801576,69.11756521739127
2025-09-06 16:39:00+02:00,71.39631216085579,63.63724598196259,67.25395249157351,68.25627210884353
2025-09-06 16:40:00+02:00,69.39910713468794,61.87457470827887,65.49039200590056,67.26367346938774
2025-09-06 16:41:00+02:00,67.21103430384348,60.11162396839104,63.72650389099698,65.42847523219815
2025-09-06 16:42:00+02:00,62.99902341828556,58.34839376229911,61.962288146862704,62.713093395252834
2025-09-06 16:43:00+02:00,58.25285316290197,56.55503416985823,60.19774477349773,59.37133567821068
2025-09-06 16:44:00+02:00,53.48866858180636,51.55153520407545,55.78530050673432,55.08445816864295
2025-09-06 16:45:00+02:00,48.05142508295034,44.40939266598738,48.44232862190235,49.76329797979798
2025-09-06 16:46:00+02:00,42.27956450553256,40.96784267304147,44.149867969592165,45.398921107628006
2025-09-06 16:47:00+02:00,37.8198179458654,41.75983850414547,44.88356710469545,42.39464352449445
2025-09-06 16:48:00+02:00,38.87761210082554,42.55177813162263,45.685307783481136,40.50921042053185
2025-09-06 16:49:00+02:00,40.54931588466646,43.34366155547299,46.48698104913146,39.36923469387754
2025-09-06 16:50:00+02:00,42.22108680229223,44.13548877569654,47.28858690164642,38.10781428571429
2025-09-06 16:51:00+02:00,43.89292485370285,44.927259792293256,48.09012534102602,37.40672981220657
2025-09-06 16:52:00+02:00,45.56483003889833,45.71897460526317,48.89159636727027,38.101584507042254
2025-09-06 16:53:00+02:00,47.23680235787867,46.510633214606266,49.69299998037916,39.56376462478576
2025-09-06 16:54:00+02:00,48.90884181064387,47.30223562032253,50.4943361803527,43.45186360153257
2025-09-06 16:55:00+02:00,50.58094839719393,48.11024870778985,51.30606885241571,46.90889508856682
2025-09-06 16:56:00+02:00,52.07963377098846,49.122846225222126,52.36286203546358,48.742207147325615
2025-09-06 16:57:00+02:00,52.92157867314014,50.19650314067533,53.522658433150525,49.16359712230215
2025-09-06 16:58:00+02:00,53.70157814035056,51.27005661441014,54.68231353206477,49.51755395683452
2025-09-06 16:59:00+02:00,54.4815922134316,52.34350664642653,55.84182733220635,49.87151079136689
2025-09-06 17:00:00+02:00,55.26162089238326,53.41685323672456,57.00119983357523,50.23248337179312
2025-09-06 17:01:00+02:00,56.04166417720556,54.49009638530421,58.16043103617136,51.55898879716981
2025-09-06 17:02:00+02:00,56.82172206789848,55.58562951658604,59.47716668295759,53.04656249999999
2025-09-06 17:03:00+02:00,57.60179456446201,57.49399788696779,61.60431593572878,54.12980595501475
2025-09-06 17:04:00+02:00,58.38188166689618,59.80669668776349,63.8435412306244,54.9662389380531
2025-09-06 17:05:00+02:00,59.16198337520096,62.118914755312815,66.08223873227709,55.98000000000001
2025-09-06 17:06:00+02:00,61.02070063601046,64.4306520896158,68.3204084406869,57.26782258064515
2025-09-06 17:07:00+02:00,64.23207827039818,66.74190869067242,70.55805035585381,59.14094870071685
2025-09-06 17:08:00+02:00,66.44746735015475,69.05268455848271,72.79516447777777,63.11255636724388
2025-09-06 17:09:00+02:00,63.74125171765289,70.39156751542734,73.88342391530017,66.19231962481962
2025-09-06 17:10:00+02:00,60.35860433649654,65.92265285923031,69.30747934384395,65.6188095238095
2025-09-06 17:11:00+02:00,56.976231536109495,60.478406811605495,63.95613201290362,64.02711640211639
2025-09-06 17:12:00+02:00,53.59413331649178,54.25607182839691,57.88386893355414,58.21436458333333
2025-09-06 17:13:00+02:00,48.1480113019577,45.433730892265736,49.087738999765406,51.3380967911231
2025-09-06 17:14:00+02:00,40.95619574678733,41.73921432547076,44.87826592464517,45.90461538461539
2025-09-06 17:15:00+02:00,38.69006177780457,43.95498503230071,47.12282946410545,43.69268136335211
2025-09-06 17:16:00+02:00,42.02122879246938,46.17031570775837,49.39828023681325,44.37048780487808
2025-09-06 17:17:00+02:00,45.35266237138017,48.38520635184378,51.67318765563976,45.83698277545839
2025-09-06 17:18:00+02:00,48.68436251453695,50.599656964556914,53.94755172058498,48.41027356624918
2025-09-06 17:19:00+02:00,51.97633300782495,52.81366754589777,56.22137243164892,51.3021543040293
2025-09-06 17:20:00+02:00,55.020292578460285,55.014941697218575,58.46623717537904,54.428126780626776
2025-09-06 17:21:00+02:00,58.02171380888589,55.89409997077615,59.27122834840473,57.85403403403404
2025-09-06 17:22:00+02:00,61.02335127422636,55.89409997077615,59.27122834840473,60.05823858341101
2025-09-06 17:23:00+02:00,64.02520497448167,55.89409997077615,59.27122834840473,61.62322988505748
2025-09-06 17:24:00+02:00,66.47423740316151,55.89409997077615,59.27122834840473,66.7912933671076
2025-09-06 17:25:00+02:00,64.12450662874,55.89409997077615,59.27122834840473,69.44828947368421
2025-09-06 17:26:00+02:00,60.66436543535137,55.89409997077615,59.27122834840473,67.19009159482759
2025-09-06 17:27:00+02:00,57.20451154295303,55.89409997077615,59.27122834840473,65.60185763888889
2025-09-06 17:28:00+02:00,53.744944951544944,55.89409997077615,59.27122834840473,62.3036038961039
2025-09-06 17:29:00+02:00,53.38139080629317,55.89409997077615,59.27122834840473,58.94915
2025-09-06 17:30:00+02:00,55.64170374986334,55.95990038567631,59.349060617368494,57.462672199730086
2025-09-06 17:31:00+02:00,57.90213933874776,56.61130350657227,60.02506266483336,57.71850202429148
2025-09-06 17:32:00+02:00,60.16269757294644,57.40083193702945,60.82552923536076,58.082874493927086
2025-09-06 17:33:00+02:00,62.423378452459374,58.19030435650279,61.62592839275281,58.447246963562726
2025-09-06 17:34:00+02:00,64.68418197728661,58.97972076499238,62.42626013700952,59.14225737093712
2025-09-06 17:35:00+02:00,66.7154420453507,59.76908116249808,63.22652446813085,60.983439844401225
2025-09-06 17:36:00+02:00,66.50754764191798,60.558385549019945,64.02672138611682,62.38557614092872
2025-09-06 17:37:00+02:00,65.72596318834162,61.34763392455797,64.82685089096744,62.114771689497736
2025-09-06 17:38:00+02:00,64.94439339104437,62.136826289112136,65.62691298268271,61.68463470319636
2025-09-06 17:39:00+02:00,64.16283825002624,62.92596264268244,66.42690766126262,61.25449771689498
2025-09-06 17:40:00+02:00,63.3812977652872,63.235025782892905,66.66022674403386,60.59702661244293
2025-09-06 17:41:00+02:00,62.59977193682731,61.814579506301584,65.18021996008767,59.6008621031746
2025-09-06 17:42:00+02:00,61.81826076464654,60.23609302390591,63.57995308552063,58.336047619047626
2025-09-06 17:43:00+02:00,61.03676424874487,58.65738249757487,61.97941655841218,56.60424293785311
2025-09-06 17:44:00+02:00,60.2552823891224,57.07844792730839,60.37861037876228,54.83942188937065
2025-09-06 17:45:00+02:00,55.1157294504439,55.499289313106615,58.77753454657095,52.96863372093024
2025-09-06 17:46:00+02:00,50.00333031617055,53.91990665496944,57.17618906183819,51.48316939890711
2025-09-06 17:47:00+02:00,47.91034042986372,52.34029995289684,55.57457392456399,49.86195293094883
2025-09-06 17:48:00+02:00,45.817455731003534,50.76046920688887,53.97268913474837,48.12364973262032
2025-09-06 17:49:00+02:00,43.72467621958994,49.18041441694548,52.37053469239129,47.001691176470594
2025-09-06 17:50:00+02:00,41.63200189562295,44.29598056706478,48.40462363874328,45.60888333333333
2025-09-06 17:51:00+02:00,39.53943275910255,38.48070476061384,42.70006966605146,43.64585384615384
2025-09-06 17:52:00+02:00,37.46130215022143,35.18692885203576,39.11830296121513,40.15450162156685
2025-09-06 17:53:00+02:00,35.68067836643718,31.89218164155514,35.59376790308663,36.02532407407408
2025-09-06 17:54:00+02:00,34.018370888360295,28.59646312917197,32.06793220006749,33.35797271985461
2025-09-06 17:55:00+02:00,32.35612980701494,25.560749533795523,28.74892576198173,31.584431698905387
2025-09-06 17:56:00+02:00,30.693955122401118,24.40357117890525,27.442416244408328,30.49230769230769
2025-09-06 17:57:00+02:00,29.03184683451878,23.611705223388626,26.639143040345505,29.64486866791745
2025-09-06 17:58:00+02:00,27.369804943367967,22.819783256888165,25.83580242314732,28.62426829268293
2025-09-06 17:59:00+02:00,25.707829448948655,22.02780527940385,25.032394392813785,27.64010055626872
2025-09-06 18:00:00+02:00,24.04592035126084,21.235771290935723,24.228918949344887,26.84763157894737
2025-09-06 18:01:00+02:00,22.409466414342965,20.44368129148375,23.425376092740628,26.600906148867324
2025-09-06 18:02:00+02:00,21.84399306854,19.651535281047927,22.621765823001013,26.9348867313916
2025-09-06 18:03:00+02:00,21.84399306854,18.859333259628254,21.818088140126044,27.268867313915862
2025-09-06 18:04:00+02:00,21.84399306854,18.06707522722473,21.01434304411572,27.60284789644013
2025-09-06 18:05:00+02:00,21.84399306854,17.76006018234062,20.64258813787787,27.9368284789644
2025-09-06 18:06:00+02:00,21.84399306854,18.51602832249092,21.38943247811068,28.29419613962089
2025-09-06 18:07:00+02:00,21.84399306854,19.30825461533697,22.19314611465785,28.686726190476183
2025-09-06 18:08:00+02:00,21.84399306854,20.10042489719917,22.996792338069653,29.07958333333333
2025-09-06 18:09:00+02:00,21.84399306854,20.892539168077494,23.80037114834611,29.472440476190467
2025-09-06 18:10:00+02:00,21.84399306854,21.68459742797196,24.60388254548719,29.915743714711837
2025-09-06 18:11:00+02:00,21.95746188255513,22.476599676882564,25.40732652949292,30.50979865771811
2025-09-06 18:12:00+02:00,22.65449138862617,23.268545914809323,26.210703100363297,31.14688114562197
2025-09-06 18:13:00+02:00,23.432584634874853,24.060436141752238,27.014012258098305,32.70497606019152
2025-09-06 18:14:00+02:00,24.210692436845285,24.84787143345543,27.81502286899891,33.907795624159824
2025-09-06 18:15:00+02:00,24.98881479453746,24.746695698440234,27.76302693806231,34.51251773049645
2025-09-06 18:16:00+02:00,25.766951707951392,23.954854014349955,26.958398060346177,34.7777659574468
2025-09-06 18:17:00+02:00,26.545103177087064,23.162956319275835,26.153701537236,35.043014184397144
2025-09-06 18:18:00+02:00,27.32326920194449,22.37100261321786,25.348937368731757,35.30826241134749
2025-09-06 18:19:00+02:00,28.101449782523662,21.57899289617604,24.54410555483347,35.57351063829784
2025-09-06 18:20:00+02:00,28.8796449188246,20.78692716815041,23.73920609554113,35.83875886524819
2025-09-06 18:21:00+02:00,28.9347676263434,19.99480542914092,22.93423899085475,36.10400709219856
2025-09-06 18:22:00+02:00,27.433510565892234,19.20262767914757,22.129204240774307,35.73156249999999
2025-09-06 18:23:00+02:00,25.877188947777974,18.410393918170392,21.32410184529983,34.42046401515151
2025-09-06 18:24:00+02:00,24.320925552550698,17.546454180397635,20.44971398936251,32.285725267379675
2025-09-06 18:25:00+02:00,22.764720380210427,15.5991296482791,18.528679494307184,30.30850354030501
2025-09-06 18:26:00+02:00,21.208573430757152,13.28886934773888,16.256951328230684,28.88525267094017
2025-09-06 18:27:00+02:00,19.65248470419088,10.978133109266402,13.984685070749212,27.48621737466514
2025-09-06 18:28:00+02:00,18.0964542005116,9.764806060164844,12.580029227934062,26.097611940298503
2025-09-06 18:29:00+02:00,16.540481919719294,9.764806060164844,12.56424541028171,25.551226765799257
2025-09-06 18:30:00+02:00,14.986728813184676,9.764806060164844,12.56424541028171,25.885799256505575
2025-09-06 18:31:00+02:00,14.297391022546469,9.764806060164844,12.56424541028171,26.2203717472119
2025-09-06 18:32:00+02:00,14.297391022546469,9.764806060164844,12.56424541028171,26.55494423791822
2025-09-06 18:33:00+02:00,13.566125620429789,9.764806060164844,12.56424541028171,27.102989360338423
2025-09-06 18:34:00+02:00,12.4704064012309,9.764806060164844,12.4704064012309,28.73612818590705
2025-09-06 18:35:00+02:00,11.423114237563002,9.764806060164844,11.423114237563002,29.90961738257377
2025-09-06 18:36:00+02:00,10.432294283197832,9.764806060164844,10.432294283197832,29.416807228915676
2025-09-06 18:37:00+02:00,9.497139223214027,9.497139223214027,9.497139223214027,28.874638554216872
2025-09-06 18:38:00+02:00,8.616749015669333,8.616749015669333,8.616749015669333,28.9040625
2025-09-06 18:39:00+02:00,7.790132869563799,7.790132869563799,7.790132869563799,29.4665625
2025-09-06 18:40:00+02:00,7.016208326196007,7.016208326196007,7.016208326196007,29.942279317010307
2025-09-06 18:41:00+02:00,6.293801549511001,6.293801549511001,6.293801549511001,29.34
2025-09-06 18:42:00+02:00,5.621648123523179,5.621648123523179,5.621648123523179,28.174562732309425
2025-09-06 18:43:00+02:00,4.998394382074374,4.998394382074374,4.998394382074374,26.586921768707484
2025-09-06 18:44:00+02:00,4.422599254342244,4.346774720194418,4.422599254342244,25.394632327132328
2025-09-06 18:45:00+02:00,3.9476427791823454,3.5507604590086963,3.9476427791823454,24.050470085470085
2025-09-06 18:46:00+02:00,3.521238001333605,2.754689800557614,3.521238001333605,21.979644334160465
2025-09-06 18:47:00+02:00,3.120198961041443,0.9140764714758872,3.120198961041443,20.2484872080089
2025-09-06 18:48:00+02:00,2.564561178495712,0.0,0.0,17.951391283524902
2025-09-06 18:49:00+02:00,1.7855198563982615,0.0,0.0,13.895297619047618
2025-09-06 18:50:00+02:00,1.0064931401714272,0.0,0.0,11.176118188512518
2025-09-06 18:51:00+02:00,0.2274810298152179,0.0,0.0,10.406932989690718
2025-09-06 18:52:00+02:00,0.0,0.0,0.0,9.8966237113402
2025-09-06 18:53:00+02:00,0.0,0.0,0.0,9.326445244115927
2025-09-06 18:54:00+02:00,0.0,0.0,0.0,7.747693492491336
2025-09-06 18:55:00+02:00,0.0,0.0,0.0,6.187398573887386
2025-09-06 18:56:00+02:00,0.0,0.0,0.0,5.899913941480204
2025-09-06 18:57:00+02:00,0.0,0.0,0.0,5.753270223752146
2025-09-06 18:58:00+02:00,0.0,0.0,0.0,5.606626506024089
2025-09-06 18:59:00+02:00,0.0,0.0,0.0,5.459982788296031
2025-09-06 19:00:00+02:00,0.0,0.0,0.0,5.313339070567974
2025-09-06 19:01:00+02:00,0.0,0.0,0.0,5.166695352839921
2025-09-06 19:02:00+02:00,0.0,0.0,0.0,5.0200516351118685
2025-09-06 19:03:00+02:00,0.0,0.0,0.0,4.873407917383816
2025-09-06 19:04:00+02:00,0.0,0.0,0.0,4.726764199655764
2025-09-06 19:05:00+02:00,0.0,0.0,0.0,4.460208202191301
2025-09-06 19:06:00+02:00,0.0,0.0,0.0,3.947352941176472
2025-09-06 19:07:00+02:00,0.0,0.0,0.0,3.4179411764705887
2025-09-06 19:08:00+02:00,0.0,0.0,0.0,2.936317016317016
2025-09-06 19:09:00+02:00,0.0,0.0,0.0,2.597499999999998
2025-09-06 19:10:00+02:00,0.0,0.0,0.0,2.268129370629368
2025-09-06 19:11:00+02:00,0.0,0.0,0.0,1.93875874125874
2025-09-06 19:12:00+02:00,0.0,0.0,0.0,1.609388111888111
2025-09-06 19:13:00+02:00,0.0,0.0,0.0,1.371522020362227
2025-09-06 19:14:00+02:00,0.0,0.0,0.0,1.2554639175257738
2025-09-06 19:15:00+02:00,0.0,0.0,0.0,1.140000000000001
2025-09-06 19:16:00+02:00,0.0,0.0,0.0,1.0245360824742282
2025-09-06 19:17:00+02:00,0.0,0.0,0.0,0.909072164948455
2025-09-06 19:18:00+02:00,0.0,0.0,0.0,0.7936082474226817
2025-09-06 19:19:00+02:00,0.0,0.0,0.0,0.6781443298969081
2025-09-06 19:20:00+02:00,0.0,0.0,0.0,0.5626804123711346
2025-09-06 19:21:00+02:00,0.0,0.0,0.0,0.4472164948453611
2025-09-06 19:22:00+02:00,0.0,0.0,0.0,0.3338633131887665
2025-09-06 19:23:00+02:00,0.0,0.0,0.0,0.2775000000000001
2025-09-06 19:24:00+02:00,0.0,0.0,0.0,0.2464655172413797
2025-09-06 19:25:00+02:00,0.0,0.0,0.0,0.2154310344827589
2025-09-06 19:26:00+02:00,0.0,0.0,0.0,0.1843965517241381
2025-09-06 19:27:00+02:00,0.0,0.0,0.0,0.1533620689655174
2025-09-06 19:28:00+02:00,0.0,0.0,0.0,0.1223275862068967
2025-09-06 19:29:00+02:00,0.0,0.0,0.0,0.0912931034482759
2025-09-06 19:30:00+02:00,0.0,0.0,0.0,0.0602586206896551
2025-09-06 19:31:00+02:00,0.0,0.0,0.0,0.0292241379310344
2025-09-06 19:32:00+02:00,0.0,0.0,0.0,0.0061798919817199
2025-09-06 19:33:00+02:00,0.0,0.0,0.0,0.0176850258175558
2025-09-06 19:34:00+02:00,0.0,0.0,0.0,0.0331755593803786
2025-09-06 19:35:00+02:00,0.0,0.0,0.0,0.0486660929432013
2025-09-06 19:36:00+02:00,0.0,0.0,0.0,0.064156626506024
2025-09-06 19:37:00+02:00,0.0,0.0,0.0,0.0796471600688467
2025-09-06 19:38:00+02:00,0.0,0.0,0.0,0.0951376936316694
2025-09-06 19:39:00+02:00,0.0,0.0,0.0,0.1106282271944922
2025-09-06 19:40:00+02:00,0.0,0.0,0.0,0.1261187607573149
2025-09-06 19:41:00+02:00,0.0,0.0,0.0,0.1416092943201377
2025-09-06 19:42:00+02:00,0.0,0.0,0.0,0.15
2025-09-06 19:43:00+02:00,0.0,0.0,0.0,0.15
2025-09-06 19:44:00+02:00,0.0,0.0,0.0,0.15
2025-09-06 19:45:00+02:00,0.0,0.0,0.0,0.15
2025-09-06 19:46:00+02:00,0.0,0.0,0.0,0.15
2025-09-06 19:47:00+02:00,0.0,0.0,0.0,0.15
2025-09-06 19:48:00+02:00,0.0,0.0,0.0,0.15
2025-09-06 19:49:00+02:00,0.0,0.0,0.0,0.15
2025-09-06 19:50:00+02:00,0.0,0.0,0.0,0.15
2025-09-06 19:51:00+02:00,0.0,0.0,0.0,0.1502405498281787
2025-09-06 19:52:00+02:00,0.0,0.0,0.0,0.1554725085910652
2025-09-06 19:53:00+02:00,0.0,0.0,0.0,0.162689003436426
2025-09-06 19:54:00+02:00,0.0,0.0,0.0,0.1699054982817868
2025-09-06 19:55:00+02:00,0.0,0.0,0.0,0.1771219931271476
2025-09-06 19:56:00+02:00,0.0,0.0,0.0,0.1843384879725084
2025-09-06 19:57:00+02:00,0.0,0.0,0.0,0.1915549828178692
2025-09-06 19:58:00+02:00,0.0,0.0,0.0,0.19877147766323
2025-09-06 19:59:00+02:00,0.0,0.0,0.0,0.2059879725085908
2025-09-06 20:00:00+02:00,0.0,0.0,0.0,0.2132044673539517
2025-09-07 05:00:00+02:00,0.0,0.0,0.0,0.1027022375215147
2025-09-07 05:01:00+02:00,0.0,0.0,0.0,0.0944406196213426
2025-09-07 05:02:00+02:00,0.0,0.0,0.0,0.0861790017211704
2025-09-07 05:03:00+02:00,0.0,0.0,0.0,0.0779173838209982
2025-09-07 05:04:00+02:00,0.0,0.0,0.0,0.0724697806002334
2025-09-07 05:05:00+02:00,0.0,0.0,0.0,0.0793103448275861
2025-09-07 05:06:00+02:00,0.0,0.0,0.0,0.0875862068965515
2025-09-07 05:07:00+02:00,0.0,0.0,0.0,0.095862068965517
2025-09-07 05:08:00+02:00,0.0,0.0,0.0,0.1041379310344826
2025-09-07 05:09:00+02:00,0.0,0.0,0.0,0.1124137931034481
2025-09-07 05:10:00+02:00,0.0,0.0,0.0,0.1206896551724137
2025-09-07 05:11:00+02:00,0.0,0.0,0.0,0.1289655172413791
2025-09-07 05:12:00+02:00,0.0,0.0,0.0,0.1372413793103446
2025-09-07 05:13:00+02:00,0.0,0.0,0.0,0.1455172413793103
2025-09-07 05:14:00+02:00,0.0,0.0,0.0,0.1533132530120481
2025-09-07 05:15:00+02:00,0.0,0.0,0.0,0.1605421686746986
2025-09-07 05:16:00+02:00,0.0,0.0,0.0,0.1677710843373491
2025-09-07 05:17:00+02:00,0.0,0.0,0.0,0.1749999999999996
2025-09-07 05:18:00+02:00,0.0,0.0,0.0,0.1822289156626503
2025-09-07 05:19:00+02:00,0.0,0.0,0.0,0.189457831325301
2025-09-07 05:20:00+02:00,0.0,0.0,0.0,0.1966867469879516
2025-09-07 05:21:00+02:00,0.0,0.0,0.0,0.2039156626506023
2025-09-07 05:22:00+02:00,0.0,0.0,0.0,0.2111445783132529
2025-09-07 05:23:00+02:00,0.0,0.0,0.0,0.2176914900983243
2025-09-07 05:24:00+02:00,0.0,0.0,0.0,0.204258620689655
2025-09-07 05:25:00+02:00,0.0,0.0,0.0,0.1814999999999998
2025-09-07 05:26:00+02:00,0.0,0.0,0.0,0.1587413793103445
2025-09-07 05:27:00+02:00,0.0,0.0,0.0,0.1359827586206893
2025-09-07 05:28:00+02:00,0.0,0.0,0.0,0.1132241379310342
2025-09-07 05:29:00+02:00,0.0,0.0,0.0,0.090465517241379
2025-09-07 05:30:00+02:00,0.0,0.0,0.0,0.0677068965517239
2025-09-07 05:31:00+02:00,0.0,0.0,0.0,0.0449482758620688
2025-09-07 05:32:00+02:00,0.0,0.0,0.0,0.0221896551724137
2025-09-07 05:33:00+02:00,0.0,0.0,0.0,0.0053852648418058
2025-09-07 05:34:00+02:00,0.0,0.0,0.0,0.0171391752577319
2025-09-07 05:35:00+02:00,0.0,0.0,0.0,0.0326030927835051
2025-09-07 05:36:00+02:00,0.0,0.0,0.0,0.0480670103092783
2025-09-07 05:37:00+02:00,0.0,0.0,0.0,0.0635309278350515
2025-09-07 05:38:00+02:00,0.0,0.0,0.0,0.0789948453608246
2025-09-07 05:39:00+02:00,0.0,0.0,0.0,0.0944587628865978
2025-09-07 05:40:00+02:00,0.0,0.0,0.0,0.109922680412371
2025-09-07 05:41:00+02:00,0.0,0.0,0.0,0.1253865979381442
2025-09-07 05:42:00+02:00,0.0,0.0,0.0,0.1408505154639174
2025-09-07 05:43:00+02:00,0.0,0.0,0.0,0.1720870300051457
2025-09-07 05:44:00+02:00,0.0,0.0,0.0,0.2256282271944921
2025-09-07 05:45:00+02:00,0.0,0.0,0.0,0.2793287435456108
2025-09-07 05:46:00+02:00,0.0,0.0,0.0,0.3330292598967294
2025-09-07 05:47:00+02:00,0.0,0.0,0.0,0.386729776247848
2025-09-07 05:48:00+02:00,0.0,0.0,0.0,0.4404302925989666
2025-09-07 05:49:00+02:00,0.0,0.0,0.0,0.4941308089500855
2025-09-07 05:50:00+02:00,0.0,0.0,0.0,0.5478313253012047
2025-09-07 05:51:00+02:00,0.0,0.0,0.0,0.6015318416523238
2025-09-07 05:52:00+02:00,0.0,0.0,0.0,0.65466570716363
2025-09-07 05:53:00+02:00,0.0,0.0,0.0,0.6925000000000003
2025-09-07 05:54:00+02:00,0.0,0.0,0.0,0.7235344827586214
2025-09-07 05:55:00+02:00,0.0,0.0,0.0,0.7545689655172425
2025-09-07 05:56:00+02:00,0.0,0.0,0.0,0.7856034482758635
2025-09-07 05:57:00+02:00,0.0,0.0,0.0,0.8166379310344841
2025-09-07 05:58:00+02:00,0.0,0.0,0.0,0.8476724137931044
2025-09-07 05:59:00+02:00,0.0,0.0,0.0,0.878706896551725
2025-09-07 06:00:00+02:00,0.0,0.0,0.0,0.9097413793103452
2025-09-07 06:01:00+02:00,0.0,0.0,0.0,0.9407758620689658
2025-09-07 06:02:00+02:00,0.0,0.0,0.0,0.9706648626801524
2025-09-07 06:03:00+02:00,0.0,0.0,0.0,0.9950514579759862
2025-09-07 06:04:00+02:00,0.0,0.0,0.0,1.018722126929675
2025-09-07 06:05:00+02:00,0.0,0.0,0.0,1.042392795883363
2025-09-07 06:06:00+02:00,0.0,0.0,0.0,1.0660634648370506
2025-09-07 06:07:00+02:00,0.0,0.0,0.0,1.0897341337907382
2025-09-07 06:08:00+02:00,0.0,0.0,0.0,1.113404802744426
2025-09-07 06:09:00+02:00,0.0,0.0,0.0,1.1370754716981135
2025-09-07 06:10:00+02:00,0.0,0.0,0.0,1.1607461406518012
2025-09-07 06:11:00+02:00,0.0,0.0,0.0,1.1844168096054888
2025-09-07 06:12:00+02:00,0.0,0.0,0.0,1.2295926243567756
2025-09-07 06:13:00+02:00,0.0,0.0,0.0,1.313224699828475
2025-09-07 06:14:00+02:00,0.0,0.0,0.0,1.397615780445971
2025-09-07 06:15:00+02:00,0.0,0.0,0.0,1.482006861063467
2025-09-07 06:16:00+02:00,0.0,0.0,0.0,1.566397941680962
2025-09-07 06:17:00+02:00,0.0,0.0,0.0,1.6507890222984571
2025-09-07 06:18:00+02:00,0.0,0.0,0.0,1.735180102915953
2025-09-07 06:19:00+02:00,0.0,0.0,0.0,1.819571183533448
2025-09-07 06:20:00+02:00,0.0,0.0,0.0,1.903962264150944
2025-09-07 06:21:00+02:00,0.0,0.0,0.0,1.9898309748427672
2025-09-07 06:22:00+02:00,0.0,0.0,0.0,2.205731132075472
2025-09-07 06:23:00+02:00,0.0,0.0,0.0,2.502900943396227
2025-09-07 06:24:00+02:00,0.0,0.0,0.0,2.8000707547169816
2025-09-07 06:25:00+02:00,0.0,0.0,0.0,3.08646621554875
2025-09-07 06:26:00+02:00,0.0,0.0,0.0,3.3271989528795807
2025-09-07 06:27:00+02:00,0.0,0.0,0.0,3.562801047120418
2025-09-07 06:28:00+02:00,0.0,0.0,0.0,3.798403141361256
2025-09-07 06:29:00+02:00,0.0,0.0,0.0,4.034005235602094
2025-09-07 06:30:00+02:00,0.0,0.0,0.0,4.269607329842933
2025-09-07 06:31:00+02:00,0.0,0.0,0.0,4.521124927283305
2025-09-07 06:32:00+02:00,0.0,0.0,0.0,5.202361111111112
2025-09-07 06:33:00+02:00,0.0,0.0,0.0,6.073765025990904
2025-09-07 06:34:00+02:00,0.0,0.0,0.0,6.938421052631579
2025-09-07 06:35:00+02:00,0.0,0.0,0.0,7.685024685206994
2025-09-07 06:36:00+02:00,0.0,0.0,0.0,7.795877796901894
2025-09-07 06:37:00+02:00,0.0,0.0,0.0,7.811368330464716
2025-09-07 06:38:00+02:00,0.0,0.0,0.0,7.826858864027538
2025-09-07 06:39:00+02:00,0.0,0.0,0.0,7.84234939759036
2025-09-07 06:40:00+02:00,0.0,0.0,0.0,7.857839931153182
2025-09-07 06:41:00+02:00,0.0,0.0,0.0,7.873330464716004
2025-09-07 06:42:00+02:00,0.0,0.0,0.0,7.888820998278827
2025-09-07 06:43:00+02:00,0.0,0.0,0.0,7.904311531841649
2025-09-07 06:44:00+02:00,0.0,0.0,0.0,7.919802065404472
2025-09-07 06:45:00+02:00,0.0,0.0,0.0,8.051356368330465
2025-09-07 06:46:00+02:00,0.0,0.0,0.0,8.390460000000001
2025-09-07 06:47:00+02:00,0.0,0.0,0.0,8.73366
2025-09-07 06:48:00+02:00,0.0,0.0,0.0,9.07686
2025-09-07 06:49:00+02:00,0.0,0.0,0.0,9.411101720430109
2025-09-07 06:50:00+02:00,0.0,0.0,0.0,9.717048387096776
2025-09-07 06:51:00+02:00,0.0,0.0,0.1281158194244174,10.02091935483871
2025-09-07 06:52:00+02:00,0.0,0.0,0.9322291637721404,10.324790322580649
2025-09-07 06:53:00+02:00,0.0,0.0,1.736275326049066,10.628661290322585
2025-09-07 06:54:00+02:00,3.880185615913895,0.1603325427211537,2.5402543062551874,11.038594758064514
2025-09-07 06:55:00+02:00,6.745014066954257,0.9538554898433028,3.3441661043905047,12.04906501004016
2025-09-07 06:56:00+02:00,6.752158524412346,1.7429144310580875,4.148010720455037,12.512951807228916
2025-09-07 06:57:00+02:00,6.752158524412346,2.058081711031175,4.730756057313165,12.635843373493977
2025-09-07 06:58:00+02:00,6.752158524412346,2.058081711031175,4.75754809725739,12.758734939759035
2025-09-07 06:59:00+02:00,6.752158524412346,2.058081711031175,4.75754809725739,12.881626506024096
2025-09-07 07:00:00+02:00,6.752158524412346,2.058081711031175,4.75754809725739,13.00451807228916
2025-09-07 07:01:00+02:00,6.752158524412346,2.058081711031175,4.75754809725739,13.127409638554218
2025-09-07 07:02:00+02:00,6.752158524412346,2.058081711031175,4.75754809725739,13.25030120481928
2025-09-07 07:03:00+02:00,6.752158524412346,2.058081711031175,4.75754809725739,13.37319277108434
2025-09-07 07:04:00+02:00,6.774922252228006,2.058081711031175,4.75754809725739,13.4960843373494
2025-09-07 07:05:00+02:00,7.331011475617144,2.058081711031175,4.75754809725739,13.682840791738384
2025-09-07 07:06:00+02:00,8.111500128058434,2.223970652899972,4.75754809725739,14.29618956043956
2025-09-07 07:07:00+02:00,8.892003436778829,3.994305566167196,6.122078876340911,15.020499999999998
2025-09-07 07:08:00+02:00,9.672521401778326,6.165374685982258,8.6407038481249,15.78156043956044
2025-09-07 07:09:00+02:00,10.45305402305694,8.336024190701323,11.1586687884931,16.634285714285717
2025-09-07 07:10:00+02:00,11.23360130061467,9.737678984250335,12.560749206301882,17.613595505617976
2025-09-07 07:11:00+02:00,12.014163234451512,9.764806060164844,12.56424541028171,18.610900043343445
2025-09-07 07:12:00+02:00,12.794739824567465,9.764806060164844,12.56424541028171,18.97928783382788
2025-09-07 07:13:00+02:00,13.575331070962536,9.764806060164844,12.56424541028171,19.24635014836794
2025-09-07 07:14:00+02:00,14.2269191537248,9.764806060164844,12.56424541028171,19.513412462908004
2025-09-07 07:15:00+02:00,14.297391022546469,9.764806060164844,12.56424541028171,19.780474777448067
2025-09-07 07:16:00+02:00,14.297391022546469,9.764806060164844,12.56424541028171,20.04753709198813
2025-09-07 07:17:00+02:00,14.297391022546469,9.764806060164844,12.56424541028171,20.23604792967018
2025-09-07 07:18:00+02:00,14.297391022546469,9.764806060164844,12.56424541028171,20.30645689655172
2025-09-07 07:19:00+02:00,14.297391022546469,9.77694020061942,12.587709591674088,20.375767241379307
2025-09-07 07:20:00+02:00,14.297391022546469,10.300901933432735,13.160888211016342,20.44507758620689
2025-09-07 07:21:00+02:00,14.297391022546469,11.095070971440313,13.965291708648667,20.51438793103448
2025-09-07 07:22:00+02:00,14.297391022546469,11.889183805821062,14.76962779314564,20.583698275862066
2025-09-07 07:23:00+02:00,14.297391022546469,12.683240436574984,15.573896464507255,20.653008620689647
2025-09-07 07:24:00+02:00,15.019663808818889,13.477240863702114,16.37809772273351,20.722318965517232
2025-09-07 07:25:00+02:00,16.827926229674517,14.271185087202417,17.1822315678244,20.791629310344817
2025-09-07 07:26:00+02:00,18.646369975187596,15.06507310707589,17.986297999779943,20.89582454361054
2025-09-07 07:27:00+02:00,20.464893241551845,15.858904923322571,18.79029701860012,21.67147414611006
2025-09-07 07:28:00+02:00,21.783372335048185,16.652680535942427,19.59422862428495,21.96081653225808
2025-09-07 07:29:00+02:00,21.84399306854,17.357109317214196,20.28086682077901,22.17734879032261
2025-09-07 07:30:00+02:00,21.84399306854,17.466242210051337,20.364599821400176,22.39388104838713
2025-09-07 07:31:00+02:00,21.84399306854,17.466242210051337,20.364599821400176,22.610413306451637
2025-09-07 07:32:00+02:00,21.84399306854,17.466242210051337,20.364599821400176,22.826945564516148
2025-09-07 07:33:00+02:00,21.84399306854,17.466242210051337,20.364599821400176,23.043477822580652
2025-09-07 07:34:00+02:00,21.84399306854,17.466242210051337,20.364599821400176,23.260010080645163
2025-09-07 07:35:00+02:00,21.84399306854,17.466242210051337,20.364599821400176,23.5957721203591
2025-09-07 07:36:00+02:00,21.84399306854,17.466242210051337,20.364599821400176,24.804182209209856
2025-09-07 07:37:00+02:00,21.84399306854,17.466242210051337,20.364599821400176,24.546896551724128
2025-09-07 07:38:00+02:00,20.644297148679644,17.466242210051337,20.364599821400176,23.98137931034482
2025-09-07 07:39:00+02:00,18.02689889779628,17.105286742174574,19.882287710118355,22.874125183119222
2025-09-07 07:40:00+02:00,15.409665382530331,15.604115544427028,18.31460574254466,21.371736111111105
2025-09-07 07:41:00+02:00,12.792596602881812,14.019083245052126,16.70646051955877,20.713402777777777
2025-09-07 07:42:00+02:00,10.175692558850717,12.43382690174182,15.098045644031448,18.603847853535356
2025-09-07 07:43:00+02:00,7.606198472050138,10.848346514496114,13.48936111596269,14.53090845372386
2025-09-07 07:44:00+02:00,6.752158524412346,9.262642083315011,11.8804069353525,13.292085889570556
2025-09-07 07:45:00+02:00,6.752158524412346,7.676713608198501,10.27118310220088,12.688404907975462
2025-09-07 07:46:00+02:00,6.752158524412346,6.090561089146608,8.661689616507815,12.071809583565718
2025-09-07 07:47:00+02:00,6.752158524412346,4.5041845261593245,7.051926478273305,11.397045454545456
2025-09-07 07:48:00+02:00,6.752158524412346,2.917583919236627,5.4541935711490055,10.797005582137162
2025-09-07 07:49:00+02:00,6.752158524412346,2.487841032023024,5.287584719282176,10.946754385964915
2025-09-07 07:50:00+02:00,6.752158524412346,3.281199680259199,6.092647742088758,11.277280701754394
2025-09-07 07:51:00+02:00,6.752158524412346,4.074502317511545,6.897643351759982,11.60780701754387
2025-09-07 07:52:00+02:00,6.752158524412346,4.867748943780043,7.70257154829585,11.938333333333338
2025-09-07 07:53:00+02:00,7.118908990265,5.6609395590646905,8.507432331696357,12.49028212422949
2025-09-07 07:54:00+02:00,8.952709863976427,6.45407416336548,9.31222570196151,13.625795480354304
2025-09-07 07:55:00+02:00,10.938269700641987,7.247152756682436,10.1169516590913,14.506218487394955
2025-09-07 07:56:00+02:00,12.923924381342127,8.04017533901553,10.921610203085738,15.890751416845807
2025-09-07 07:57:00+02:00,14.909673906076854,8.83314191036478,11.726201333944816,20.73651162790697
2025-09-07 07:58:00+02:00,16.895518274846165,9.713974460497312,12.700944410881169,25.194033680834
2025-09-07 07:59:00+02:00,18.881457487650056,11.793090693959495,14.900954392148968,18.40460098522168
2025-09-07 08:00:00+02:00,20.867491544488534,14.25112601831625,17.338652897358823,19.37502556022409
2025-09-07 08:01:00+02:00,22.739692394024352,16.708622707620652,19.77573197855446,20.859099264705897
2025-09-07 08:02:00+02:00,24.501780150416508,19.165580761872697,22.21219163573587,22.343658088235312
2025-09-07 08:03:00+02:00,26.26394255399929,21.622000181072423,24.648031868903026,23.82821691176472
2025-09-07 08:04:00+02:00,28.0261796047727,24.078580569604405,27.084033098247545,25.35658717105264
2025-09-07 08:05:00+02:00,29.788491302736738,26.81439886321389,29.831498040985608,28.840586124401916
2025-09-07 08:06:00+02:00,31.55087764789141,29.77261089503404,32.82698195325752,31.49461734997029
2025-09-07 08:07:00+02:00,33.3133386402367,32.730040648859045,35.82152756643093,32.01088235294118
2025-09-07 08:08:00+02:00,35.075874279772655,35.686688124688914,38.81513488050584,32.516764705882345
2025-09-07 08:09:00+02:00,37.47522567235754,38.64255332252365,41.80780389548228,34.07762578108166
2025-09-07 08:10:00+02:00,44.76913284570707,41.42716342132766,44.63709791744381,42.148417022792025
2025-09-07 08:11:00+02:00,51.46667221592357,43.92294932090173,47.19101798940047,46.888621913580245
2025-09-07 08:12:00+02:00,52.04409673110813,46.41367588540207,49.73996539601428,47.89897222222223
2025-09-07 08:13:00+02:00,52.04409673110813,48.90384620396259,52.28823095345784,48.42230555555557
2025-09-07 08:14:00+02:00,52.04409673110813,51.393460276583255,54.835814661731234,48.9918498931624
2025-09-07 08:15:00+02:00,52.04409673110813,53.882518103264175,57.38271652083435,49.84822115384616
2025-09-07 08:16:00+02:00,52.04409673110813,55.9658730006294,59.42792285558714,51.9186647033522
2025-09-07 08:17:00+02:00,52.04409673110813,56.83824770707439,60.28202438107441,52.733269980506826
2025-09-07 08:18:00+02:00,52.04409673110813,57.63047771175492,61.08522934990046,48.79646802325581
2025-09-07 08:19:00+02:00,52.04409673110813,58.42265131917013,61.88836643987139,48.75114380635975
2025-09-07 08:20:00+02:00,52.04409673110813,59.214768529319926,62.691435650987216,46.92030612244898
2025-09-07 08:21:00+02:00,54.04126997378346,60.006829342204426,63.49443698324792,46.74666666666668
2025-09-07 08:22:00+02:00,58.39907125068868,60.79883375782353,64.2973704366535,49.66193191865606
2025-09-07 08:23:00+02:00,62.75732836822755,61.59078177617731,65.10023601120396,54.15688864942528
2025-09-07 08:24:00+02:00,66.44515248542542,62.38267339726573,65.90303370689927,57.4075625
2025-09-07 08:25:00+02:00,65.58073527447682,63.17450862108879,66.75091505945743,59.87593137254902
2025-09-07 08:26:00+02:00,63.85056831224199,62.88637510855243,72.50776025536328,59.38338235294117
2025-09-07 08:27:00+02:00,62.120473175254745,61.30700688666116,69.602424486965,58.45838782763965
2025-09-07 08:28:00+02:00,60.39044986351503,59.72301403464809,63.435898175606624,57.47062153053133
2025-09-07 08:29:00+02:00,58.66049837702293,58.1387955935736,59.09309535266894,55.27107466063348
2025-09-07 08:30:00+02:00,56.93061871577844,56.55435156343775,58.2104221932301,53.73209383753502
2025-09-07 08:31:00+02:00,55.20081087978152,54.96968194424045,57.40973540646051,52.34510382059801
2025-09-07 08:32:00+02:00,53.471074869032165,53.38478673598172,56.60898120655558,51.542674418604655
2025-09-07 08:33:00+02:00,52.58933303354433,51.799665938661605,55.808159593515285,50.6128175313059
2025-09-07 08:34:00+02:00,54.05201047287795,50.21431955228007,55.00727056733963,48.197838104877576
2025-09-07 08:35:00+02:00,55.64777253684764,48.75400826349991,54.20631412802862,45.325148305084745
2025-09-07 08:36:00+02:00,57.243595729218114,49.52277863405058,53.405290275582246,45.97399660637773
2025-09-07 08:37:00+02:00,58.839480049989376,51.102784881141375,52.604199010000514,45.35999999999999
2025-09-07 08:38:00+02:00,60.43542549916144,52.68256708429677,51.82532437817323,44.77874025031743
2025-09-07 08:39:00+02:00,62.03143207673428,54.26212524351676,52.07107747069379,45.39076576576576
2025-09-07 08:40:00+02:00,63.6274997827079,55.84145935880127,52.87359242984584,46.6588536036036
2025-09-07 08:41:00+02:00,65.2236286170823,57.42056943015038,53.67603974360385,50.01201298701299
2025-09-07 08:42:00+02:00,66.71460335687966,58.99945545756411,54.478419411967806,54.188372319688106
2025-09-07 08:43:00+02:00,65.83636644217319,60.5781174410424,55.28073143493771,55.23917989417989
2025-09-07 08:44:00+02:00,63.978555662234086,62.15655538058532,56.08297581251357,55.73759259259258
2025-09-07 08:45:00+02:00,62.12082769558931,63.22513574431669,56.88515254469537,56.168418209876535
2025-09-07 08:46:00+02:00,60.26318254223888,61.937741923267566,57.687261631483125,55.78479166666665
2025-09-07 08:47:00+02:00,58.40562020218282,60.351107846132734,58.48930307287682,55.159791666666656
2025-09-07 08:48:00+02:00,56.54814067542115,58.76424740137257,59.102907445342325,54.42972822681705
2025-09-07 08:49:00+02:00,54.69074396195384,57.17716058898709,58.514734516087074,53.55109022556392
2025-09-07 08:50:00+02:00,52.83858915236021,55.5898474089763,57.71131233492464,51.429388575605685
2025-09-07 08:51:00+02:00,52.04409673110813,54.002307861340185,56.90782227490711,46.33511111111111
2025-09-07 08:52:00+02:00,52.04409673110813,52.41454194607881,56.10426433603445,44.71863782051283
2025-09-07 08:53:00+02:00,52.04409673110813,50.826549663192125,55.30063851830667,45.02056089743591
2025-09-07 08:54:00+02:00,52.04409673110813,49.23833101268009,54.49694482172377,45.32248397435898
2025-09-07 08:55:00+02:00,52.04409673110813,47.778765811557065,53.69318324628577,45.624407051282056
2025-09-07 08:56:00+02:00,52.04409673110813,46.53691446526771,52.88935379199268,45.92633012820513
2025-09-07 08:57:00+02:00,52.04409673110813,45.29832990212424,52.085456458844526,45.94421650432125
2025-09-07 08:58:00+02:00,52.04409673110813,44.05960776876102,50.79023930465271,45.45217877094973
2025-09-07 08:59:00+02:00,52.04409673110813,42.82074806517809,48.38928613324109,44.94938547486034
2025-09-07 09:00:00+02:00,52.04409673110813,41.5817507913754,45.946768405017885,44.060863382427634
2025-09-07 09:01:00+02:00,52.04409673110813,41.56991369964906,44.76470623840056,43.499848484848485
2025-09-07 09:02:00+02:00,52.04409673110813,44.890657928918735,48.06148127178718,44.27867768595042
2025-09-07 09:03:00+02:00,52.04409673110813,48.39425870910142,51.74833425138492,45.0795
2025-09-07 09:04:00+02:00,52.04409673110813,51.89675856156855,55.43376027871906,45.89950000000001
2025-09-07 09:05:00+02:00,52.04409673110813,54.74821248074166,58.022885771087616,47.28360180754918
2025-09-07 09:06:00+02:00,52.04409673110813,47.081618747238586,50.30685009788117,45.37796009292004
2025-09-07 09:07:00+02:00,52.04409673110813,44.11808661786283,47.258580505169874,43.665
2025-09-07 09:08:00+02:00,52.04409673110813,51.14911628847844,54.93451980767949,45.7536217948718
2025-09-07 09:09:00+02:00,52.04409673110813,55.786725583196485,59.260442969438856,48.194211570593154
2025-09-07 09:10:00+02:00,52.98436518320988,55.89409997077615,59.27122834840473,48.53778195488725
2025-09-07 09:11:00+02:00,55.70550653779141,55.89409997077615,59.27122834840473,48.87612781954891
2025-09-07 09:12:00+02:00,58.469047794529445,55.89409997077615,59.27122834840473,49.21447368421054
2025-09-07 09:13:00+02:00,61.23277236374125,55.89409997077615,59.27122834840473,49.83796789270473
2025-09-07 09:14:00+02:00,63.99668024542677,55.89409997077615,59.27122834840473,51.80913454438045
2025-09-07 09:15:00+02:00,66.4715909145952,55.89409997077615,59.27122834840473,54.23835007932311
2025-09-07 09:16:00+02:00,64.82573581422426,55.89409997077615,59.27122834840473,56.99972350230414
2025-09-07 09:17:00+02:00,61.82382445132495,55.89409997077615,59.27122834840473,55.56560544217688
2025-09-07 09:18:00+02:00,58.82212932334052,55.898494214498754,59.29120809186308,52.01781818181818
2025-09-07 09:19:00+02:00,55.82065043027096,56.375259353751616,59.85062386124652,49.85069344608879
2025-09-07 09:20:00+02:00,53.02841643065805,57.166161087586886,60.64973214131982,48.90441860465115
2025-09-07 09:21:00+02:00,54.0487662467649,57.957006617795386,61.448773239322335,48.19301044540796
2025-09-07 09:22:00+02:00,56.47879803655477,58.74779594437702,62.24774715525409,46.96618997175141
2025-09-07 09:23:00+02:00,58.90897157600988,59.53852906733188,63.04665388911506,47.18069444444445
2025-09-07 09:24:00+02:00,61.33928686513015,60.32920598665992,63.84549344090527,48.49719246031746
2025-09-07 09:25:00+02:00,63.76974390391567,61.11982670236112,64.64426581062466,51.01024234693877
2025-09-07 09:26:00+02:00,66.20329938941101,61.910391214435535,65.44297099827325,54.009503205128205
2025-09-07 09:27:00+02:00,68.95486168346095,62.70089952288309,66.24160900385105,55.41461538461538
2025-09-07 09:28:00+02:00,71.91803790623636,63.75313427267467,67.64446538388074,56.25036057692307
2025-09-07 09:29:00+02:00,74.8814247476753,67.13464282674995,72.55542480384713,58.3459375
2025-09-07 09:30:00+02:00,77.84502220777773,71.39193760678194,78.14527264393857,60.84918560606061
2025-09-07 09:31:00+02:00,80.80883028654365,78.0038802887791,83.81433317604547,64.73719696969697
2025-09-07 09:32:00+02:00,88.3330389786729,85.52560835106509,90.30501285051488,70.06541666666666
2025-09-07 09:33:00+02:00,102.41187778262312,99.33330357963926,104.09117974717246,81.7058723036223
2025-09-07 09:34:00+02:00,108.63347615414382,104.71061113622856,108.93882838889824,88.28363675213676
2025-09-07 09:35:00+02:00,100.00658260394316,107.7656400683531,112.04896902035604,83.86561475908194
2025-09-07 09:36:00+02:00,102.83549334578385,110.81982288859813,115.15808111945668,83.83209302325581
2025-09-07 09:37:00+02:00,108.72835284986012,113.87315959696362,118.2661646862002,85.02911175710595
2025-09-07 09:38:00+02:00,110.34199172825774,115.8976488992506,119.76998525670844,91.28761224668064
2025-09-07 09:39:00+02:00,103.54008025475665,107.27561948900215,111.48136148326184,89.03268867924528
2025-09-07 09:40:00+02:00,96.6570707676052,98.64474932680696,103.0787237892987,81.37344473938224
2025-09-07 09:41:00+02:00,90.34639699659944,92.56930869272492,96.75654608629068,81.84914351851852
2025-09-07 09:42:00+02:00,83.95842655709451,84.64034040205003,88.87949098759856,73.87783333333333
2025-09-07 09:43:00+02:00,73.34414153336874,68.67704809216019,74.82177775815877,60.398829365079365
2025-09-07 09:44:00+02:00,66.23792002635528,58.8773921680782,70.87175882762467,52.99348060344828
2025-09-07 09:45:00+02:00,64.43906876280788,63.11655259470069,67.62828288711886,53.58822948175035
2025-09-07 09:46:00+02:00,62.640295138028,69.30197356525719,64.38369806114102,57.53980555555555
2025-09-07 09:47:00+02:00,60.84159915201569,61.35930780307088,61.13800434969119,54.74837037505623
2025-09-07 09:48:00+02:00,59.042980804770906,57.30125128713688,60.49200969020954,51.75425480769232
2025-09-07 09:49:00+02:00,57.24444009629367,59.61399014903644,62.89308918939881,51.2782932692308
2025-09-07 09:50:00+02:00,55.44597702658397,61.92624827768964,65.29356197036985,50.80233173076925
2025-09-07 09:51:00+02:00,53.647591595641806,64.2380256730965,67.69342803312271,50.11528846153846
2025-09-07 09:52:00+02:00,54.24105020488697,66.54932233525699,70.09268737765731,49.257458333333325
2025-09-07 09:53:00+02:00,62.33151347375406,68.86013826417113,72.49134000397368,51.0945
2025-09-07 09:54:00+02:00,68.8072148320533,70.74532482763763,74.31894906792505,59.24115625
2025-09-07 09:55:00+02:00,72.57637933649634,69.29909364015904,72.75835064120079,62.58620689655172
2025-09-07 09:56:00+02:00,76.33911536609105,67.13518231589565,70.63844782430617,60.858095238095245
2025-09-07 09:57:00+02:00,80.10219094716005,64.97084939955384,68.51807106950424,62.2805
2025-09-07 09:58:00+02:00,80.1283938319096,62.80609489113364,66.39722037679493,67.25466666666667
2025-09-07 09:59:00+02:00,74.2081025248843,60.64091879063507,64.2758957461783,66.53271929824562
2025-09-07 10:00:00+02:00,68.99743268355388,58.47532109805809,62.15409717765429,60.13213095238095
2025-09-07 10:01:00+02:00,72.53539279614292,57.59147502190652,60.51605493226653,52.99108566252588
2025-09-07 10:02:00+02:00,78.46246485546071,69.73682327811163,72.78067639321367,57.39525
2025-09-07 10:03:00+02:00,83.47778381751291,83.55534053407192,87.53202701370505,67.93207969114219
2025-09-07 10:04:00+02:00,86.95076266454183,84.52754225797828,88.14618905999767,70.26711581541218
2025-09-07 10:05:00+02:00,90.3999205905063,81.98345290168963,85.60753757585404,66.97636363636364
2025-09-07 10:06:00+02:00,93.8493636368162,79.43877921847618,83.06820424254015,70.25551195090439
2025-09-07 10:07:00+02:00,95.6733547709394,76.893521208338,80.52818906005606,74.68727252252252
2025-09-07 10:08:00+02:00,83.56653341893634,74.34767887127506,77.98749202840179,69.14489001937984
2025-09-07 10:09:00+02:00,72.5009871594997,72.4747534515428,76.02645472866384,63.190549418604654
2025-09-07 10:10:00+02:00,73.99372145821756,79.03896879263854,82.86525090321686,56.86458225667528
2025-09-07 10:11:00+02:00,90.64170999608189,92.68211328904366,97.4752190653254,75.39446296296296
2025-09-07 10:12:00+02:00,85.37844705235254,86.82706384769925,91.46412706605877,74.55534722222222
2025-09-07 10:13:00+02:00,71.71448918359911,74.91374892129149,78.71342651604718,60.37500648148148
2025-09-07 10:14:00+02:00,79.67304751301461,82.24823090397885,86.79867313752929,64.76636203703704
2025-09-07 10:15:00+02:00,85.3568453228628,80.60658417097211,83.63007558000287,69.16934794372294
2025-09-07 10:16:00+02:00,89.02930001308208,79.54664518587774,83.15036245836747,67.0703253968254
2025-09-07 10:17:00+02:00,92.7020779587092,90.93976338526586,95.08748648021307,72.91990476190476
2025-09-07 10:18:00+02:00,96.26477735072898,98.56404661509136,102.55034131103363,72.80043492063491
2025-09-07 10:19:00+02:00,96.1596816300781,100.36929606845447,104.29778907913445,84.85791666666667
2025-09-07 10:20:00+02:00,94.24963852471002,97.39163436984347,101.34371969907528,82.92890053763442
2025-09-07 10:21:00+02:00,92.3396828276042,94.4131699423874,98.38872393470588,84.20313116039428
2025-09-07 10:22:00+02:00,90.42981453876064,91.43390278608624,95.43280178602636,84.9915625
2025-09-07 10:23:00+02:00,88.52003365817937,88.45383290093996,92.47595325303676,77.79124537037036
2025-09-07 10:24:00+02:00,86.61034018586035,84.81000379355734,88.95566591661266,68.68257156970867
2025-09-07 10:25:00+02:00,84.70073412180365,80.04374439002132,84.0964476774538,72.21601851851852
2025-09-07 10:26:00+02:00,82.94287976783244,75.25790671494492,79.17760445705716,71.9130150462963
2025-09-07 10:27:00+02:00,84.09902740509226,72.28964996043588,75.87321635840306,64.23218660968661
2025-09-07 10:28:00+02:00,86.3666616301923,74.79516624596137,78.35359323347828,65.8003105590062
2025-09-07 10:29:00+02:00,88.6344191145996,77.66703654611113,81.34342310795299,62.81125
2025-09-07 10:30:00+02:00,90.90229985831436,80.53816319324174,84.33230863955029,62.272298634336686
2025-09-07 10:31:00+02:00,93.17030386133628,83.40854618735325,87.32024982827022,64.778327991453
2025-09-07 10:32:00+02:00,95.43843112366564,86.78920340536267,91.3328572518836,71.0456923076923
2025-09-07 10:33:00+02:00,97.8683829986838,94.71445961502565,101.26292230077964,80.23023518199705
2025-09-07 10:34:00+02:00,100.87321020748088,102.3573626575586,107.76673228483966,82.73308411214954
2025-09-07 10:35:00+02:00,103.92851958895612,106.17683110410736,111.17453648441752,84.7848100553825
2025-09-07 10:36:00+02:00,106.98405254726796,109.77041725051204,114.5811061226382,89.6505137576848
2025-09-07 10:37:00+02:00,110.03980908241633,113.36283230781012,117.9864411995018,88.58520917678813
2025-09-07 10:38:00+02:00,114.97817147425062,117.71546188849774,122.51627514321888,94.3317015022015
2025-09-07 10:39:00+02:00,125.19512364516766,127.53424171571538,132.40753128385214,101.88580555555556
2025-09-07 10:40:00+02:00,130.51854554882755,134.25790255784986,138.75450963795274,109.41428240740738
2025-09-07 10:41:00+02:00,134.07962964378007,137.66848304435973,142.28068653636183,108.96356986215538
2025-09-07 10:42:00+02:00,137.6410170296081,141.07800329934318,145.8055328335902,109.96318713450292
2025-09-07 10:43:00+02:00,141.2077724956344,144.4864633228002,149.32904852963782,113.8159889214728
2025-09-07 10:44:00+02:00,146.8009697789505,148.8339877410594,154.18931507692471,117.79143244289584
2025-09-07 10:45:00+02:00,154.01104597224622,157.16164532137162,162.40992086646165,121.62795238975116
2025-09-07 10:46:00+02:00,165.3544086071116,167.00518457345044,172.20176080120686,133.6368220899471
2025-09-07 10:47:00+02:00,170.03577577009727,175.8050009951938,180.58998834733885,141.0136273148148
2025-09-07 10:48:00+02:00,163.21202128917554,169.00380540029144,173.63826343091463,142.26869444444444
2025-09-07 10:49:00+02:00,150.79461661419683,153.20511909836026,158.7104255485938,125.82626984126983
2025-09-07 10:50:00+02:00,132.79581556966767,133.79335195309653,139.18024898800846,112.1073646640827
2025-09-07 10:51:00+02:00,123.25987137132908,125.9930437378635,130.73613982516156,108.46697674418606
2025-09-07 10:52:00+02:00,116.43426257191298,119.87956795351778,124.33434893007228,104.2686030361757
2025-09-07 10:53:00+02:00,120.85552689906544,125.45232454971004,129.593834338701,98.1951851851852
2025-09-07 10:54:00+02:00,131.12880287415754,134.85191523515104,139.54005228730057,108.26574508101852
2025-09-07 10:55:00+02:00,137.0256539091852,140.53752740775406,145.49915142520408,110.42337239583333
2025-09-07 10:56:00+02:00,143.56458817122905,145.96583373304313,150.7724216223048,116.3179415954416
2025-09-07 10:57:00+02:00,153.55898241010456,145.10610052173675,149.09418887971572,123.98014376218325
2025-09-07 10:58:00+02:00,154.52092313958113,141.43772115521804,145.57058447692253,122.71381303418804
2025-09-07 10:59:00+02:00,147.84087591610535,137.76811358158724,142.04564947294878,123.1768923237754
2025-09-07 11:00:00+02:00,138.0031083985442,134.09727780084438,138.51938386779452,116.88788095238095
2025-09-07 11:01:00+02:00,117.38373614075611,119.74008218517926,124.42099341025876,95.98228333333331
2025-09-07 11:02:00+02:00,108.46883769367322,111.16223809991526,115.4041752248045,92.37209444444444
2025-09-07 11:03:00+02:00,104.0202572126008,105.36261501154765,109.75407547918005,89.26073770491803
2025-09-07 11:04:00+02:00,99.57395531473875,103.1931310371968,106.9813337540224,86.0377794117647
2025-09-07 11:05:00+02:00,99.3959853717128,105.96799346326624,109.75851871533705,79.58306074297188
2025-09-07 11:06:00+02:00,102.79448166338253,108.770484886011,112.67282933303868,77.65614457831323
2025-09-07 11:07:00+02:00,106.19325459645796,111.5722641533146,115.58623672512172,79.0415332535817
2025-09-07 11:08:00+02:00,109.59230417093922,114.3733312651772,118.49874089158632,84.62925
2025-09-07 11:09:00+02:00,119.52989157057966,122.46655885089817,127.06698003028802,97.25897486772487
2025-09-07 11:10:00+02:00,149.2727317320436,150.38958378406704,156.07952531568236,120.96425925925926
2025-09-07 11:11:00+02:00,153.46708462267858,160.10058078319875,163.95557232275226,125.91369047619048
2025-09-07 11:12:00+02:00,145.73966920040655,151.07645173273562,154.97836118028638,122.75355555555556
2025-09-07 11:13:00+02:00,146.76222075330023,151.87400626678777,156.33783667990969,114.93713384383088
2025-09-07 11:14:00+02:00,152.13765771675347,156.9717512308368,161.48888599358887,115.90913338937928
2025-09-07 11:15:00+02:00,156.71103327760417,161.51814958941512,166.0881976676089,126.67525595238097
2025-09-07 11:16:00+02:00,153.33783708214943,158.16920988066286,162.8177439250951,133.05759550712943
2025-09-07 11:17:00+02:00,147.89787180872767,152.20559853649527,156.94550255699528,131.23122469397364
2025-09-07 11:18:00+02:00,138.61036391011103,141.3178872680223,146.30341949572835,119.13881084656084
2025-09-07 11:19:00+02:00,116.72863932770646,117.4773961962156,122.41625259780707,98.85414351851853
2025-09-07 11:20:00+02:00,90.96349834818508,90.37769913062483,95.91241248676674,74.20878769841269
2025-09-07 11:21:00+02:00,71.8539853480007,76.15255952996648,79.51560678444358,57.27404463566828
2025-09-07 11:22:00+02:00,82.9750632616734,83.50589868712201,87.13477717056874,61.850509334415584
2025-09-07 11:23:00+02:00,94.85668673053806,97.72879613195538,101.53675843469964,75.2551917989418
2025-09-07 11:24:00+02:00,87.82401515430973,91.16691786869596,94.40158599786234,73.36748148148148
2025-09-07 11:25:00+02:00,83.76135022863518,76.98422584125883,80.52392102340092,64.66139814814815
2025-09-07 11:26:00+02:00,86.82737134900604,75.638673971479,79.0477670216512,62.79188718323587
2025-09-07 11:27:00+02:00,89.95537949058773,81.20726084654045,84.78624757218441,60.4325303030303
2025-09-07 11:28:00+02:00,93.08362213263524,87.43291072424938,91.17356735326486,67.47935515873016
2025-09-07 11:29:00+02:00,96.22141056902268,97.04609729079264,100.90837604331466,72.59673141186299
2025-09-07 11:30:00+02:00,100.17889849835744,104.1033473644011,108.04594002792818,88.17255949566588
2025-09-07 11:31:00+02:00,104.6489830785997,108.42649097112216,112.41786321245,84.3830950270179
2025-09-07 11:32:00+02:00,109.11954623122116,112.74794024558167,116.78775413933012,84.41535714285713
2025-09-07 11:33:00+02:00,113.82927613914842,115.1060164967603,119.3201875745644,94.211875
2025-09-07 11:34:00+02:00,119.13994773695632,107.43565918086786,111.53921911328084,91.29140105820106
2025-09-07 11:35:00+02:00,124.48023371282927,120.49791782299737,125.64863063292744,101.01038105413106
2025-09-07 11:36:00+02:00,130.00364053350202,130.41460749526095,136.43768060570363,106.71166666666666
2025-09-07 11:37:00+02:00,135.7858063711679,134.6817527006194,143.08439855842877,108.33695370370371
2025-09-07 11:38:00+02:00,141.10158601071365,137.39400597107192,149.19898211973845,114.64765802154194
2025-09-07 11:39:00+02:00,135.02501254886667,140.10558872343273,144.70568052401904,114.30920535714286
2025-09-07 11:40:00+02:00,130.88200653628567,142.81650095770178,140.60370905551216,109.25032051282052
2025-09-07 11:41:00+02:00,138.20959165707697,145.52674267387908,147.5473667640586,112.97533333333332
2025-09-07 11:42:00+02:00,155.28129678374438,156.21065278017923,163.07012019353726,124.21552777777778
2025-09-07 11:43:00+02:00,167.52186638284445,169.7003653233072,177.37219723974124,133.5920833333333
2025-09-07 11:44:00+02:00,168.44743436826593,175.69120961373508,178.14154930048736,137.40578125
2025-09-07 11:45:00+02:00,159.51768500550116,163.11557561124744,167.56301782194166,134.41975801282052
2025-09-07 11:46:00+02:00,145.3190524779002,141.92484358447626,154.53691192869715,114.611579218107
2025-09-07 11:47:00+02:00,150.0253225290713,137.250667113032,159.21833057467623,114.85581750553972
2025-09-07 11:48:00+02:00,154.83227233246905,150.8325696387417,163.89739569988828,123.92471296296296
2025-09-07 11:49:00+02:00,158.45088855925556,162.53908140663685,167.69688772110786,133.8055603546911
2025-09-07 11:50:00+02:00,160.05983089887658,163.77441893463902,169.41036094175445,135.50831521739136
2025-09-07 11:51:00+02:00,161.63742858755376,164.55765168359522,171.0345529870985,134.50775778495887
2025-09-07 11:52:00+02:00,163.21508571841233,165.3408282289245,172.65846092384956,133.63459459459463
2025-09-07 11:53:00+02:00,164.79280229145226,166.12394857062708,174.2820847520076,131.58005065505066
2025-09-07 11:54:00+02:00,166.3705783066736,166.90701270870278,175.90542447157276,128.4250305250305
2025-09-07 11:55:00+02:00,167.94841376407638,167.6900206431517,177.52848008254497,129.03346153846155
2025-09-07 11:56:00+02:00,169.52630866366053,168.4729723739738,179.15125158492413,130.4624434794596
2025-09-07 11:57:00+02:00,171.10426300542622,169.25586790116907,180.7737389787103,135.56720085470087
2025-09-07 11:58:00+02:00,172.53188136378165,170.03761998687534,182.1502775671204,140.20977243659618
2025-09-07 11:59:00+02:00,168.74309495087763,166.75700267878727,177.80283990147697,139.22330935251804
2025-09-07 12:00:00+02:00,162.34310801514093,159.11634169820584,171.0344534742307,137.52444890241657
2025-09-07 12:01:00+02:00,153.00627544986406,151.4703332673074,160.08373161728497,129.98178872053873
2025-09-07 12:02:00+02:00,137.86011345738453,139.56690314178212,144.68000072747245,118.097375
2025-09-07 12:03:00+02:00,123.91051363874942,125.16064278454776,130.37710229381022,107.44986655011654
2025-09-07 12:04:00+02:00,112.63056336275868,113.391414681154,117.93769831821282,98.77545347707849
2025-09-07 12:05:00+02:00,103.65062268349337,104.13059994315851,108.30910423123268,91.4276701388889
2025-09-07 12:06:00+02:00,98.30416044965104,103.32082901023928,107.2395380933688,86.24817283950618
2025-09-07 12:07:00+02:00,100.0188407765773,104.92904698892774,108.90991700240744,82.65409572879332
2025-09-07 12:08:00+02:00,101.95772151560791,106.5370305875941,110.5799993842568,81.091875
2025-09-07 12:09:00+02:00,103.89669229723287,108.14477980623847,112.249785238917,81.75634615384617
2025-09-07 12:10:00+02:00,105.83575312145211,109.75229464486074,113.9192745663881,83.07862393162394
2025-09-07 12:11:00+02:00,107.77490398826568,111.359575103461,115.58846736667005,87.47900500541125
2025-09-07 12:12:00+02:00,109.71414489767352,112.96662118203926,117.2573636397628,91.7585212010212
2025-09-07 12:13:00+02:00,111.66070821258197,114.57343288059536,118.92596338566624,93.02619658119654
2025-09-07 12:14:00+02:00,116.50054265070726,116.18001019912938,120.67696110105356,94.4332727920228
2025-09-07 12:15:00+02:00,123.64866007630924,117.8466715856208,127.71757683863424,99.73152777777776
2025-09-07 12:16:00+02:00,124.22037992447426,119.5933620267518,133.92092416583753,105.3389701897019
2025-09-07 12:17:00+02:00,115.40785180572266,121.34016680810475,123.87029354377194,100.42530949741317
2025-09-07 12:18:00+02:00,114.61233300297296,123.08669425251227,123.67961987627274,94.42536652191892
2025-09-07 12:19:00+02:00,117.21325133921223,124.83294435997428,126.18747299052788,95.77765313390312
2025-09-07 12:20:00+02:00,119.81433159111046,126.57891713049072,128.69465529752222,100.64466503770667
2025-09-07 12:21:00+02:00,122.4155737586677,128.3246125640616,131.2011667972558,102.7639208633094
2025-09-07 12:22:00+02:00,125.01697784188376,130.07003066068694,133.7070074897286,103.44161870503596
2025-09-07 12:23:00+02:00,129.16375960939953,132.13492911535943,137.08331508514632,107.0359476418865
2025-09-07 12:24:00+02:00,143.46615415602787,145.734523731609,151.6964955715877,118.66277777777778
2025-09-07 12:25:00+02:00,162.69090825895043,164.94868633087344,171.82100589715145,132.90914814814815
2025-09-07 12:26:00+02:00,182.479431655276,185.4019861527541,191.2408067225139,146.93282407407406
2025-09-07 12:27:00+02:00,202.6036507435242,206.17602230931925,212.2292773422317,163.1125
2025-09-07 12:28:00+02:00,216.3004352257624,220.4945194703191,226.1033971156645,173.24230589016554
2025-09-07 12:29:00+02:00,212.84957145015665,217.90434654053632,222.44060426944057,172.9929603547209
2025-09-07 12:30:00+02:00,207.0177705623132,211.2296319799781,215.79425402794544,169.25518518518518
2025-09-07 12:31:00+02:00,200.46962968458595,203.6737608661495,208.41416865053725,164.83824255952382
2025-09-07 12:32:00+02:00,192.77527480531228,195.3162248735821,200.4972778756725,158.67579166666667
2025-09-07 12:33:00+02:00,182.7322862829332,184.34666314237623,189.41038824012512,151.21599074074075
2025-09-07 12:34:00+02:00,170.94121751316442,172.49875245629352,178.0583577248591,141.22249421296297
2025-09-07 12:35:00+02:00,162.62416798817816,162.25741568577308,168.55530725632113,135.53791091954022
2025-09-07 12:36:00+02:00,155.18316351082203,156.34683544037622,161.63320367421798,131.87918756530826
2025-09-07 12:37:00+02:00,148.73504028207768,150.78239662848256,155.3175790576703,127.34906904186796
2025-09-07 12:38:00+02:00,142.66243097323897,145.50811556110764,149.69306929990313,121.9752629556434
2025-09-07 12:39:00+02:00,138.2556343576342,140.62148686926608,144.83416855043427,117.55858034083992
2025-09-07 12:40:00+02:00,134.05118922913604,135.73458303323366,139.97273766834937,115.23020215633424
2025-09-07 12:41:00+02:00,129.84716680059455,131.76932979289433,136.02322432289247,112.86761796733212
2025-09-07 12:42:00+02:00,126.5908742748775,129.65859822463466,133.9092260535101,109.41399348032242
2025-09-07 12:43:00+02:00,124.38180256139816,127.59858373561164,131.84535682814712,109.1424324324324
2025-09-07 12:44:00+02:00,122.17284759769638,125.53818296468596,129.78103251575325,110.3006274131274
2025-09-07 12:45:00+02:00,119.96400938377226,123.47739591185754,127.71625311632852,112.8252192982456
2025-09-07 12:46:00+02:00,117.75528791962576,121.41622257712643,125.65101862987294,112.4032894736842
2025-09-07 12:47:00+02:00,115.5466832052568,119.35466296049267,123.58532905638646,110.63753106725146
2025-09-07 12:48:00+02:00,113.25020007419108,116.19285463635887,120.72441464828104,102.68178215303216
2025-09-07 12:49:00+02:00,103.32088116596574,104.73963241622836,109.16632253167872,91.73500427350427
2025-09-07 12:50:00+02:00,98.86896202490496,103.78818747920371,107.6645787474086,84.1453302373581
2025-09-07 12:51:00+02:00,101.0140528872806,105.75943552724128,109.69747470299846,82.99184210526316
2025-09-07 12:52:00+02:00,103.15925396929178,107.7303313955163,111.7299313994535,84.1286605263158
2025-09-07 12:53:00+02:00,105.3045652709386,109.70087508402877,113.76194883677384,85.65095277777777
2025-09-07 12:54:00+02:00,107.44998679222095,111.67106659277866,115.7935270149594,86.41489583333338
2025-09-07 12:55:00+02:00,109.59551853313884,113.640905921766,117.82466593401024,87.24721217105264
2025-09-07 12:56:00+02:00,111.83060188573288,115.61039307099075,119.85536559392617,92.19372132253712
2025-09-07 12:57:00+02:00,119.79075857429623,120.39477915205548,125.5372967411876,100.3568287037037
2025-09-07 12:58:00+02:00,131.6094741110789,132.50479518857333,138.10894052020456,109.4542742165242
2025-09-07 12:59:00+02:00,144.88100233247602,146.69552069126885,152.52858526466974,119.77894444444443
2025-09-07 13:00:00+02:00,159.9950267596413,162.3806671918789,167.9065552825087,130.97046296296296
2025-09-07 13:01:00+02:00,174.6280303394742,176.60728064238253,182.6874599684195,142.17440374440375
2025-09-07 13:02:00+02:00,187.36054141739783,189.5968680916978,196.02183466187088,152.20630662393162
2025-09-07 13:03:00+02:00,195.37279375904765,198.02535226759727,204.2222135316364,159.02759444444445
2025-09-07 13:04:00+02:00,201.8562229721876,204.60922508951228,211.02228643413747,163.33045119047617
2025-09-07 13:05:00+02:00,200.2312227926019,206.6115723013153,210.79987874021845,167.20904761904762
2025-09-07 13:06:00+02:00,196.3444345444614,202.1456543355344,206.6688460703068,168.89435006435005
2025-09-07 13:07:00+02:00,192.45800646669807,197.62478623033527,202.53596010546272,166.6914319126819
2025-09-07 13:08:00+02:00,187.17363103360205,190.8215571152196,196.8796411053309,156.43355820105822
2025-09-07 13:09:00+02:00,166.59483827841228,168.03349758385173,175.34461581683772,137.63006613756613
2025-09-07 13:10:00+02:00,136.75791268285292,138.26540131192394,143.4762929939446,115.3658611111111
2025-09-07 13:11:00+02:00,111.46348884306636,111.43605206750132,116.40018466897764,97.10811805555556
2025-09-07 13:12:00+02:00,93.3866858756834,92.62681295223368,97.75711953291828,83.81099572649573
2025-09-07 13:13:00+02:00,82.97007312332124,82.78806408051263,87.11542492238952,75.26268452380953
2025-09-07 13:14:00+02:00,82.2661131594267,76.93648741783967,81.08023303121863,70.9780856374808
2025-09-07 13:15:00+02:00,82.2661131594267,72.21122374012914,75.93906851889989,68.69819743130228
2025-09-07 13:16:00+02:00,82.2661131594267,73.2222070890916,76.70829074146275,67.72982584712372
2025-09-07 13:17:00+02:00,82.2661131594267,75.02098063538887,78.54998397144122,68.01978723404257
2025-09-07 13:18:00+02:00,82.2661131594267,76.819462554168,80.39131904913089,68.66078191489362
2025-09-07 13:19:00+02:00,82.2661131594267,78.61765284542906,82.23229597453182,70.21631140350878
2025-09-07 13:20:00+02:00,82.2661131594267,80.41555150917206,84.07291474764399,71.04397129186604
2025-09-07 13:21:00+02:00,82.2661131594267,82.21315854539691,85.91317536846739,71.47459330143543
2025-09-07 13:22:00+02:00,82.26889397011645,84.01047395410363,87.75307783700198,71.90521531100481
2025-09-07 13:23:00+02:00,83.38401399905024,85.80886688412181,89.59481526055586,73.71717271551312
2025-09-07 13:24:00+02:00,85.38629933942768,87.7986157741573,91.62914750294144,76.774227703236
2025-09-07 13:25:00+02:00,87.38868078421169,89.92350317959664,93.78360970819313,77.30339779005526
2025-09-07 13:26:00+02:00,89.3911583334023,92.04798254497057,95.93758021826956,76.78295580110499
2025-09-07 13:27:00+02:00,91.39373198699948,94.17205387027909,98.09105903317074,76.27734612537466
2025-09-07 13:28:00+02:00,93.39640174500325,96.2957171555222,100.24404615289671,76.67338235294118
2025-09-07 13:29:00+02:00,95.39916760741362,98.41897240070004,102.39654157744746,77.9585673374613
2025-09-07 13:30:00+02:00,98.16241661493515,100.54181960581244,104.54854530682304,82.1545562865497
2025-09-07 13:31:00+02:00,105.34156508486132,105.61436078752229,110.0254977585672,87.64916666666666
2025-09-07 13:32:00+02:00,113.76605897382044,115.17876985731306,119.75312751349074,95.0318287037037
2025-09-07 13:33:00+02:00,124.42516581049318,125.83340666191916,130.57510509237693,102.97757326007326
2025-09-07 13:34:00+02:00,134.55637843640727,131.6309104608562,140.6422991951419,110.6873247863248
2025-09-07 13:35:00+02:00,141.26202060078694,129.71919859857084,149.19877480116918,115.66722544893378
2025-09-07 13:36:00+02:00,136.63528633939046,127.73085424094305,147.06978478731483,115.71999999999998
2025-09-07 13:37:00+02:00,130.92391152236578,125.74215000586152,139.23926379409792,113.00793430335098
2025-09-07 13:38:00+02:00,126.02413640380112,123.75308589332664,134.08265668082618,107.27369047619048
2025-09-07 13:39:00+02:00,122.2041712480372,121.7636619033382,130.339016059734,107.54965354090352
2025-09-07 13:40:00+02:00,118.38981937093727,119.77387803589625,126.59387831875053,112.32449018723212
2025-09-07 13:41:00+02:00,114.57581565938312,117.49930260340426,122.81097838692487,105.16867691798944
2025-09-07 13:42:00+02:00,101.52199009438482,102.91188768733096,107.48570347572556,87.3236011904762
2025-09-07 13:43:00+02:00,90.02753125471244,91.09841784719316,95.88831546937962,78.57497495446265
2025-09-07 13:44:00+02:00,83.26067124620724,81.51427065636224,86.77365336430849,74.37870722446952
2025-09-07 13:45:00+02:00,83.13972062288,73.28852861223528,78.24249696410051,68.5656173901957
2025-09-07 13:46:00+02:00,83.91627595010198,73.36048523006066,76.46943744840358,66.15801749370364
2025-09-07 13:47:00+02:00,84.69284573351972,75.62438315406509,78.8977657228574,66.12872881355935
2025-09-07 13:48:00+02:00,85.4694299731332,77.88781910332389,81.32547133448412,66.93720697063739
2025-09-07 13:49:00+02:00,86.24602866894243,80.1507930778371,83.75255428328376,68.07133802816901
2025-09-07 13:50:00+02:00,87.02264182094738,82.41330507760472,86.17901456925622,69.96948232323233
2025-09-07 13:51:00+02:00,87.79926942914808,84.67535510262678,88.60485219240158,71.64614583333335
2025-09-07 13:52:00+02:00,88.57591149354462,87.50539232216033,91.79308648409898,75.20378228557506
2025-09-07 13:53:00+02:00,89.35256801413688,92.12952286534818,96.51207338026056,78.82907755570612
2025-09-07 13:54:00+02:00,94.03616400691578,96.88332028990098,101.27086619974436,82.30669612794613
2025-09-07 13:55:00+02:00,102.00001673131251,101.79889045375944,106.32525935200748,87.70874722499723
2025-09-07 13:56:00+02:00,108.67274232349833,107.89115907822509,112.80751573580942,93.20475852272727
2025-09-07 13:57:00+02:00,114.23266503996692,114.2091504292108,119.403202127417,97.97904135338348
2025-09-07 13:58:00+02:00,118.310428675378,119.44283819686224,124.3999150448666,101.2335012020629
2025-09-07 13:59:00+02:00,122.38135606938197,123.75996692405508,128.7234527546824,103.71013098464316
2025-09-07 14:00:00+02:00,126.439506716676,128.07540131898645,133.0449960154755,106.83968398268398
2025-09-07 14:01:00+02:00,130.0764662155079,132.2988628999345,137.19050926983547,110.69557990763872
2025-09-07 14:02:00+02:00,133.51610835357224,135.99668965363855,140.7847102734579,112.64682432432431
2025-09-07 14:03:00+02:00,136.95603345607017,139.60887264386136,144.33723452599125,114.04961902286902
2025-09-07 14:04:00+02:00,140.3962415230018,143.2198659565519,147.88840762782277,116.16501025641026
2025-09-07 14:05:00+02:00,142.04776470230152,146.60497289095562,151.12288342341597,120.35097352941176
2025-09-07 14:06:00+02:00,139.66797647557755,145.05488063316727,149.53599302049844,123.23344975490195
2025-09-07 14:07:00+02:00,137.13108004107397,141.48680816496454,146.28554537845318,122.3016271551724
2025-09-07 14:08:00+02:00,134.59433748354968,137.91757373891946,143.03396530004304,119.59891159128227
2025-09-07 14:09:00+02:00,132.05774880300473,134.34717735503196,139.7812527852681,116.97690522243714
2025-09-07 14:10:00+02:00,129.52131399943903,133.49064529408355,137.43680061866442,114.98597222222224
2025-09-07 14:11:00+02:00,128.78266873940964,135.65688066310184,139.4071775033792,112.58746527777778
2025-09-07 14:12:00+02:00,131.71467073773647,137.82268842453522,141.93133969265597,110.16307511737092
2025-09-07 14:13:00+02:00,134.75178355290424,139.98806857838363,144.45482003276254,111.03025070422537
2025-09-07 14:14:00+02:00,137.78911696391748,142.15302112464718,146.97761852369888,114.96445396825398
2025-09-07 14:15:00+02:00,140.82667097077606,144.31754606332586,149.49973516546504,119.63156314699796
2025-09-07 14:16:00+02:00,145.2045552542872,146.48164339441954,152.68871070139448,123.49292132616488
2025-09-07 14:17:00+02:00,151.84877629935286,152.2568621792052,159.75036786477435,127.7593846930847
2025-09-07 14:18:00+02:00,160.67307627147426,162.65409414125705,168.9701134857598,137.40746626984128
2025-09-07 14:19:00+02:00,179.57758119842364,182.4533187523173,188.9423005938392,153.82916666666668
2025-09-07 14:20:00+02:00,199.53896951495085,203.5568425134424,209.1271902796172,169.39437037037038
2025-09-07 14:21:00+02:00,219.46182156339577,224.1692853647681,229.34681505776507,185.5012896825397
2025-09-07 14:22:00+02:00,246.0634610934624,250.7917805581881,256.00742972822616,208.28526455026451
2025-09-07 14:23:00+02:00,268.2009752015844,272.7520905896288,277.5705321985211,225.49219312169316
2025-09-07 14:24:00+02:00,287.5142442814326,292.0990334931724,297.8161193415543,246.6281349206349
2025-09-07 14:25:00+02:00,284.8651413539854,289.3865923025737,294.77668274580253,246.3586177248677
2025-09-07 14:26:00+02:00,275.3539895868399,280.0548233563151,285.622428436054,234.75494570244567
2025-09-07 14:27:00+02:00,267.9466901729047,272.40843509128695,278.4589721976962,229.30753338675217
2025-09-07 14:28:00+02:00,255.85513340182604,259.2009702958659,266.05005758926825,216.75974702380952
2025-09-07 14:29:00+02:00,233.80606328811183,237.6892210310328,244.3866904857456,197.73787698412696
2025-09-07 14:30:00+02:00,212.15813225165192,214.70570477195204,222.1821744972108,180.4310185185185
2025-09-07 14:31:00+02:00,188.92941948518808,189.79936230881907,197.69136657626663,159.13392857142858
2025-09-07 14:32:00+02:00,162.9149769207616,164.69488036209592,171.15043499757695,138.32937996031748
2025-09-07 14:33:00+02:00,146.2432227846291,150.21597738653122,154.9921954221156,125.7396527777778
2025-09-07 14:34:00+02:00,149.34688605592598,154.62802194436398,158.80544657543678,123.69566666666668
2025-09-07 14:35:00+02:00,155.6973897766169,160.2246211119854,164.67651452341036,131.51849326599327
2025-09-07 14:36:00+02:00,164.6970980228921,168.66683745427932,173.6013812243339,144.83958723146222
2025-09-07 14:37:00+02:00,223.62499422684112,230.20035145259536,238.140627277332,218.0834084084084
2025-09-07 14:38:00+02:00,480.2830597970511,495.1811449243432,500.29251591078736,510.0570138888889
2025-09-07 14:39:00+02:00,328.49906060653046,336.68436328497984,338.71586240870954,306.8886111111111
2025-09-07 14:40:00+02:00,225.5796333036684,230.86701631017223,236.3306763145725,195.0892748397436
2025-09-07 14:41:00+02:00,222.7603756108761,227.72750797145437,233.0129773700017,183.71258703703705
2025-09-07 14:42:00+02:00,226.75196420760452,231.56732552260164,236.95466355463716,183.06033333333332
2025-09-07 14:43:00+02:00,230.74393218047123,235.405775828899,240.89465276789485,188.3892720797721
2025-09-07 14:44:00+02:00,242.48441685004465,246.8117566442507,253.25482468108044,205.93645833333332
2025-09-07 14:45:00+02:00,265.79352698065264,272.0513143540898,276.0725498966991,228.1223055555556
2025-09-07 14:46:00+02:00,293.47639462965094,299.42567783431485,303.57267357459773,252.0605238095238
2025-09-07 14:47:00+02:00,300.6933923157264,304.456216518644,311.5223605226458,255.6673703703704
2025-09-07 14:48:00+02:00,288.11902092596046,292.1563385522797,298.69160579770164,243.52238425925927
2025-09-07 14:49:00+02:00,273.8786165865499,278.7940892547048,283.9753199507361,230.0360515873016
2025-09-07 14:50:00+02:00,249.08032351223156,252.9410835198617,258.78432479154566,207.51839285714289
2025-09-07 14:51:00+02:00,221.8345270751492,224.9405163498787,235.34608022314407,183.45834482038427
2025-09-07 14:52:00+02:00,207.7186470332395,211.85467345808533,229.24730765787115,177.66988648705097
2025-09-07 14:53:00+02:00,211.94697783317247,216.8504070854745,222.175554795211,175.04552579365077
2025-09-07 14:54:00+02:00,221.64691678858557,225.76577194684933,231.7061990638364,188.21016666666665
2025-09-07 14:55:00+02:00,229.646103168874,233.9521092227024,239.74105677996076,191.9875992063492
2025-09-07 14:56:00+02:00,244.32455981507056,248.5894357165884,255.3618355559554,206.9806904761905
2025-09-07 14:57:00+02:00,268.6356229633729,272.98713303819665,279.3902203461451,225.80704365079364
2025-09-07 14:58:00+02:00,292.73983377149017,297.3094752245814,303.1153188149903,246.64727182539684
2025-09-07 14:59:00+02:00,302.53340837761124,306.6979736958031,312.57754361133726,252.20083364129096
2025-09-07 15:00:00+02:00,311.14866863004085,315.2677209777441,321.1398692506773,257.7653464963221
2025-09-07 15:01:00+02:00,319.2834738452888,325.1050466599289,330.3481505924409,267.41019841269843
2025-09-07 15:02:00+02:00,327.96858248354255,331.55003477237227,336.7178577947374,279.2023611111111
2025-09-07 15:03:00+02:00,337.8211056845733,343.11595523900195,347.5856806985767,288.7804401709401
2025-09-07 15:04:00+02:00,334.8839255391595,350.3848111154317,344.67810039934943,284.8947797619048
2025-09-07 15:05:00+02:00,367.2913523154605,377.0394276825589,377.8994109197234,322.36358333333334
2025-09-07 15:06:00+02:00,378.5602560298843,391.9176862515342,389.5163364101925,333.70373015873014
2025-09-07 15:07:00+02:00,414.4880215792036,426.3477863077784,428.14366867702745,366.9766666666667
2025-09-07 15:08:00+02:00,448.49571204815146,456.5034827011529,459.7778897236868,422.769
2025-09-07 15:09:00+02:00,425.1522460911971,433.19046607151256,439.4486167945759,392.0912638888889
2025-09-07 15:10:00+02:00,348.30183925989337,345.8220628400399,351.30824166548854,299.95708333333334
2025-09-07 15:11:00+02:00,311.4860565054222,318.45196899555526,324.42160003242185,269.90744909688016
2025-09-07 15:12:00+02:00,300.8732924211035,308.2040204167208,314.0843579556604,261.9007193090485
2025-09-07 15:13:00+02:00,296.3316707178389,299.5884721443321,305.2254005810408,256.2708978174603
2025-09-07 15:14:00+02:00,300.73864421915937,293.6837958044265,299.49365184930895,251.2493931051587
2025-09-07 15:15:00+02:00,305.4385312487867,300.5406189729505,306.53509295814126,250.7980677083333
2025-09-07 15:16:00+02:00,329.67748354294696,333.9071122156233,338.7308103301929,290.77519841269844
2025-09-07 15:17:00+02:00,356.6354832462385,372.9919145832301,370.0964892886726,320.3688210978836
2025-09-07 15:18:00+02:00,345.2522470565489,352.4212429958157,352.7684610998391,307.8490873015873
2025-09-07 15:19:00+02:00,319.1797030904144,325.26706895453594,335.825652622386,287.2380092592593
2025-09-07 15:20:00+02:00,298.52994559921325,303.3899423257568,305.86066266399365,260.44462855297155
2025-09-07 15:21:00+02:00,289.9395562492345,295.0509792001312,295.48114744853365,256.5176375430663
2025-09-07 15:22:00+02:00,276.1848959065972,281.7407264382211,287.1989720957362,240.07547875817
2025-09-07 15:23:00+02:00,265.1935147256152,270.021495474317,279.2085726272728,234.840095996732
2025-09-07 15:24:00+02:00,255.70510367567863,260.4994429142409,266.24349819504147,223.27597222222224
2025-09-07 15:25:00+02:00,243.89958637944864,248.7679608174298,249.06631831500783,206.63354956604957
2025-09-07 15:26:00+02:00,247.47528789687416,252.03640968495188,250.12536601123577,203.25808677098152
2025-09-07 15:27:00+02:00,252.7390531569647,257.3545839418275,259.7894137675029,209.3465555555556
2025-09-07 15:28:00+02:00,255.8717561192966,260.80500555982525,268.98614966450555,223.30315277777777
2025-09-07 15:29:00+02:00,232.65979463141457,238.16741943143492,243.5208083100811,200.9269427910053
2025-09-07 15:30:00+02:00,217.1576720066734,221.2821750990656,227.5279274072448,186.36494318181815
2025-09-07 15:31:00+02:00,205.55265797200832,209.48299562228692,215.8896867461,176.72240740740742
2025-09-07 15:32:00+02:00,195.17522372818496,199.37303935080885,205.07474332120924,167.13802243589743
2025-09-07 15:33:00+02:00,188.3247614114982,191.9970823998292,198.1322002875693,164.69660256410256
2025-09-07 15:34:00+02:00,182.12880236312012,186.11154249190676,191.8733387725536,157.59733333333335
2025-09-07 15:35:00+02:00,180.63900158992604,185.5599230980186,190.36764268382584,153.4895033112583
2025-09-07 15:36:00+02:00,180.63900158992604,185.5599230980186,190.36764268382584,152.09811258278145
2025-09-07 15:37:00+02:00,180.63900158992604,185.5599230980186,190.36764268382584,151.47427152317874
2025-09-07 15:38:00+02:00,180.63900158992604,185.5599230980186,190.36764268382584,150.60182475254575
2025-09-07 15:39:00+02:00,180.63900158992604,185.5599230980186,190.36764268382584,149.6319804951238
2025-09-07 15:40:00+02:00,180.63900158992604,185.5599230980186,190.36764268382584,150.56538461538466
2025-09-07 15:41:00+02:00,180.63900158992604,185.5599230980186,190.36764268382584,151.87453063885266
2025-09-07 15:42:00+02:00,180.63900158992604,185.5599230980186,190.36764268382584,153.41185420590082
2025-09-07 15:43:00+02:00,180.63900158992604,185.5599230980186,190.36764268382584,154.94522852639872
2025-09-07 15:44:00+02:00,180.04975760711005,183.9850681142694,189.70090876993132,153.6719184397163
2025-09-07 15:45:00+02:00,177.22991896040998,180.43463692434332,186.50944510374927,150.25856834795323
2025-09-07 15:46:00+02:00,174.19985611286512,176.87810657070847,183.07858497416743,148.43989473684212
2025-09-07 15:47:00+02:00,171.17001239297784,173.32041425923117,179.64645315563126,147.3001403508772
2025-09-07 15:48:00+02:00,168.14038780074804,172.48837447574076,176.5048261791054,145.63709494324044
2025-09-07 15:49:00+02:00,168.94586184288002,178.81167824011092,181.729998576197,145.3084477124183
2025-09-07 15:50:00+02:00,185.08216145901375,189.8434807261023,195.1461752802872,162.97119047619046
2025-09-07 15:51:00+02:00,177.61184211972937,179.90588304721064,186.5120319995302,153.91072420634922
2025-09-07 15:52:00+02:00,165.1118649981607,167.94672137224492,174.15459892907552,144.0108611111111
2025-09-07 15:53:00+02:00,159.11019355743736,162.1111933116438,167.90747000230851,139.83436455722642
2025-09-07 15:54:00+02:00,153.60353430541505,156.3326649041329,162.0051850457342,135.48438500765803
2025-09-07 15:55:00+02:00,148.91624129321806,151.02006965851726,156.569933686992,129.9612832270069
2025-09-07 15:56:00+02:00,145.38704627744798,145.86190347111196,151.44480206992415,126.04486243386242
2025-09-07 15:57:00+02:00,141.86641672995978,140.73923154169958,146.31849254175447,123.22459340659344
2025-09-07 15:58:00+02:00,138.34608346107817,136.04802108520792,141.36588531178518,121.46218137254904
2025-09-07 15:59:00+02:00,133.99172519106477,131.4769266383911,136.52811778418186,119.51429738562092
2025-09-07 16:00:00+02:00,126.30104914192928,126.90392843984549,131.68784654814277,113.5775
2025-09-07 16:01:00+02:00,117.5388810318894,118.49087961156692,123.7766858318596,105.33725694444443
2025-09-07 16:02:00+02:00,107.36669430098902,109.41282472972144,113.90457846701338,97.0481971153846
2025-09-07 16:03:00+02:00,104.30382096779056,107.41725878707982,111.59507965130702,92.64030555555556
2025-09-07 16:04:00+02:00,103.52421635243356,105.7629637692014,109.94890822900156,92.92353174603176
2025-09-07 16:05:00+02:00,102.7446262927983,104.1084206376073,108.30244864669484,93.44527518978607
2025-09-07 16:06:00+02:00,101.9650507888848,102.45362939229751,106.65570090438682,92.565
2025-09-07 16:07:00+02:00,101.18548984069308,100.79859003327208,105.00866500207762,90.68278260869566
2025-09-07 16:08:00+02:00,100.40594344822308,99.14330256053094,103.36134093976712,88.59550825082509
2025-09-07 16:09:00+02:00,99.6264116114748,97.4877669740742,101.71372871745535,87.96868811881187
2025-09-07 16:10:00+02:00,98.84689433044834,95.83198327390184,100.06582833514231,87.50235148514851
2025-09-07 16:11:00+02:00,98.06739160514358,93.96356828037948,98.36009782388489,86.99638809275665
2025-09-07 16:12:00+02:00,95.99340310223948,90.8613557368832,95.45976756529625,85.37054756030703
2025-09-07 16:13:00+02:00,89.70345069917413,87.55947670350552,92.08351879254823,83.74334069293478
2025-09-07 16:14:00+02:00,85.68768044380667,84.25661234238655,88.70606224740432,81.33770172978028
2025-09-07 16:15:00+02:00,81.95507550416745,80.95276265352626,85.32739792986447,78.10667530721966
2025-09-07 16:16:00+02:00,78.22280454967905,77.11974655396584,81.63716469302524,75.26250467237425
2025-09-07 16:17:00+02:00,74.42725145879497,72.43997083410714,76.96475545829885,71.90666337285903
2025-09-07 16:18:00+02:00,70.32648842155466,67.74860934848894,72.21805477122948,68.11088709677419
2025-09-07 16:19:00+02:00,66.18637651817832,63.61780973897642,67.79805554901336,64.40375133652081
2025-09-07 16:20:00+02:00,62.04667581325853,61.73620266077239,66.30566208503349,61.74440019910404
2025-09-07 16:21:00+02:00,59.29244136026327,60.08697859038972,65.50428018623178,60.203232182925525
2025-09-07 16:22:00+02:00,58.49700179199219,58.43750995072749,64.702830642036,59.65405759162305
2025-09-07 16:23:00+02:00,57.71556756527673,56.7877967417857,63.9013134524462,59.16086387434556
2025-09-07 16:24:00+02:00,56.934147994840416,55.13783896356436,63.09972861746235,58.49387715033657
2025-09-07 16:25:00+02:00,56.1527430806832,53.48763661606347,62.29807613708442,57.00002407704654
2025-09-07 16:26:00+02:00,55.371352822805086,51.83718969928309,61.49635601131247,55.876399212522806
2025-09-07 16:27:00+02:00,54.58997722120609,50.18649821322315,60.69456824014642,54.72532051282051
2025-09-07 16:28:00+02:00,53.808616275886216,48.57615296555636,59.89271282358638,53.71833165997324
2025-09-07 16:29:00+02:00,53.0272699868455,47.57928318421643,55.460406627084126,53.114457831325325
2025-09-07 16:30:00+02:00,52.20809670866077,46.78770044976954,50.8939331676024,52.52168674698797
2025-09-07 16:31:00+02:00,50.5023911223286,45.99606151169583,50.09125134981168,51.787387387387376
2025-09-07 16:32:00+02:00,48.42377727522675,45.204366369995306,49.28850188662692,50.92826178588226
2025-09-07 16:33:00+02:00,46.34526717301789,44.41261502466797,48.485684778048096,49.88500000000001
2025-09-07 16:34:00+02:00,44.65078084471976,43.62080747571381,47.68280002407524,48.81450238453815
2025-09-07 16:35:00+02:00,44.49201649367699,42.82894372313284,46.87984762470831,47.85913254310345
2025-09-07 16:36:00+02:00,44.49201649367699,42.037023766925046,46.07682757994735,46.440868226600976
2025-09-07 16:37:00+02:00,44.49201649367699,41.24504760709044,45.27373988979232,44.82973389355743
2025-09-07 16:38:00+02:00,44.49201649367699,40.59932545401044,44.47058455424326,44.87943277310927
2025-09-07 16:39:00+02:00,44.49201649367699,40.53882146422776,43.8001211488647,45.29539915966388
2025-09-07 16:40:00+02:00,44.49201649367699,40.53882146422776,43.72760564332047,45.711365546218495
2025-09-07 16:41:00+02:00,44.49201649367699,40.53882146422776,43.72760564332047,46.30352361634309
2025-09-07 16:42:00+02:00,44.49201649367699,40.53882146422776,43.72760564332047,47.45849156836056
2025-09-07 16:43:00+02:00,44.49201649367699,40.53882146422776,43.72760564332047,47.06542763157893
2025-09-07 16:44:00+02:00,45.39209153993596,40.53882146422776,43.72760564332047,46.44569078947367
2025-09-07 16:45:00+02:00,47.222812681351776,40.53882146422776,43.72760564332047,45.227483060417846
2025-09-07 16:46:00+02:00,49.05361431042876,40.53882146422776,43.72760564332047,43.801558441558434
2025-09-07 16:47:00+02:00,50.88449642716694,40.53882146422776,43.72760564332047,43.57582251082251
2025-09-07 16:48:00+02:00,52.71545903156628,40.95464226635345,43.72760564332047,44.53888311688312
2025-09-07 16:49:00+02:00,54.546502123626816,41.74663903418456,44.08226331577901,46.12987878787879
2025-09-07 16:50:00+02:00,56.377625703348485,42.53857959838884,44.88158444341639,49.147281746031744
2025-09-07 16:51:00+02:00,58.208829770731256,43.33046395896632,45.68195014791485,52.475895536562206
2025-09-07 16:52:00+02:00,59.36776867400052,44.12229211591698,46.48224867034251,54.93265516890517
2025-09-07 16:53:00+02:00,58.695473202560194,44.91406406924081,47.28248001069936,55.34257936507935
2025-09-07 16:54:00+02:00,57.91672058211627,45.70577981893784,48.08264416898539,54.59496031746031
2025-09-07 16:55:00+02:00,57.13798251739408,46.49743936500804,48.88274114520062,53.41281860311155
2025-09-07 16:56:00+02:00,56.359259008393664,47.28904270745143,49.682770939345055,51.945526315789465
2025-09-07 16:57:00+02:00,55.580550055114976,48.08066174749988,50.48273355141869,51.1925065859537
2025-09-07 16:58:00+02:00,54.80185565755805,48.87320463137969,51.28273241183118,51.46883386581468
2025-09-07 16:59:00+02:00,54.02317581572287,49.66600142857703,52.08545645884458,51.769792332268345
2025-09-07 17:00:00+02:00,53.24451052960944,50.458741828509005,52.889353791992825,52.07075079872201
2025-09-07 17:01:00+02:00,52.46585979921774,51.25142583117564,53.69318324628594,52.37170926517569
2025-09-07 17:02:00+02:00,52.465859799217725,52.0440534365769,54.49694482172394,52.84248817396042
2025-09-07 17:03:00+02:00,53.24451052960941,52.83662464471283,55.30063851830684,53.851836240310085
2025-09-07 17:04:00+02:00,54.02317581572284,53.629139455583385,56.10426433603462,54.95172619047619
2025-09-07 17:05:00+02:00,54.80185565755802,54.4215978691886,56.90782227490728,55.91259561803444
2025-09-07 17:06:00+02:00,55.58055005511495,55.21399988552848,57.71131233492481,56.58634751773048
2025-09-07 17:07:00+02:00,56.35925900839364,57.07232153286272,58.51473451608716,57.27096177131984
2025-09-07 17:08:00+02:00,57.13798251739407,62.30608822936367,63.12714664900017,58.05817073170732
2025-09-07 17:09:00+02:00,57.91672058211624,62.952266223167896,66.33116472302704,58.758541040204925
2025-09-07 17:10:00+02:00,58.695473202560166,62.16313173663046,65.52840322938773,58.55726027397261
2025-09-07 17:11:00+02:00,59.428811893672574,61.37394123910917,64.72557385689333,58.14630136986303
2025-09-07 17:12:00+02:00,59.597546516398666,60.58469473060396,63.92267660554383,57.73534246575344
2025-09-07 17:13:00+02:00,59.597546516398666,59.79539221111489,63.11971147533917,57.36190589636689
2025-09-07 17:14:00+02:00,59.597546516398666,59.00603368064199,62.31667846627941,57.09478260869566
2025-09-07 17:15:00+02:00,59.597546516398666,58.2166191391852,61.51357757836455,56.8339130434783
2025-09-07 17:16:00+02:00,59.597546516398666,57.427148586744565,60.71040881159456,56.57304347826092
2025-09-07 17:17:00+02:00,59.597546516398666,56.637622023320105,59.90717216596954,56.31217391304352
2025-09-07 17:18:00+02:00,59.597546516398666,55.97086708367695,59.55530272107303,56.0513043478261
2025-09-07 17:19:00+02:00,59.597546516398666,55.89409997077615,60.30701323508815,56.16010288065843
2025-09-07 17:20:00+02:00,59.597546516398666,55.89409997077615,61.10883370152797,56.62183127572016
2025-09-07 17:21:00+02:00,59.597546516398666,55.89409997077615,61.91058652257372,57.08355967078188
2025-09-07 17:22:00+02:00,59.597546516398666,55.89409997077615,62.71227169822541,57.545288065843614
2025-09-07 17:23:00+02:00,59.597546516398666,55.89409997077615,63.51388922848308,57.93281967213115
2025-09-07 17:24:00+02:00,59.597546516398666,55.89409997077615,64.31543911334667,58.2436393442623
2025-09-07 17:25:00+02:00,59.597546516398666,55.89409997077615,65.11692135281623,58.55445901639344
2025-09-07 17:26:00+02:00,59.597546516398666,55.89409997077615,65.91833594689173,58.86527868852459
2025-09-07 17:27:00+02:00,59.597546516398666,55.89409997077615,66.71523115494048,59.176098360655736
2025-09-07 17:28:00+02:00,59.597546516398666,55.325073415622,65.59569613751161,58.91486433832264
2025-09-07 17:29:00+02:00,59.597546516398666,53.84546824668611,62.85637136570946,57.47328502415459
2025-09-07 17:30:00+02:00,59.597546516398666,52.35531749536824,60.11625647463876,55.91781481481481
2025-09-07 17:31:00+02:00,58.619503850477656,50.864967358651285,57.37535146429949,54.85319344344344
2025-09-07 17:32:00+02:00,56.07670036240548,49.37441783653527,54.63365633469165,53.67724041184041
2025-09-07 17:33:00+02:00,53.51627185939334,48.067237757428686,52.01522303546985,52.91768571428573
2025-09-07 17:34:00+02:00,50.95600073045292,47.24946387516543,50.81485178466424,52.3794
2025-09-07 17:35:00+02:00,48.39588697558422,46.457857722540695,50.013542549944844,51.77334545454545
2025-09-07 17:36:00+02:00,45.83593059478728,45.666195366289145,49.2121659020901,49.94567687747036
2025-09-07 17:37:00+02:00,44.1215968493023,44.87447680641078,48.41072184109999,48.32868333690298
2025-09-07 17:38:00+02:00,43.34177679086939,44.0827020429056,47.60921036697453,47.78182266009853
2025-09-07 17:39:00+02:00,42.561971338307096,43.29087107577361,46.80763147971371,47.27344827586208
2025-09-07 17:40:00+02:00,41.78218049161544,42.4989839050148,46.005985179317534,46.73375498475253
2025-09-07 17:41:00+02:00,41.00240425079439,41.707040530629165,45.204271465786,45.8911224489796
2025-09-07 17:42:00+02:00,40.22264261584398,40.91504095261672,44.40249033911911,45.03774725274726
2025-09-07 17:43:00+02:00,39.44289558676419,39.67445866143324,43.41707605822881,44.33884615384617
2025-09-07 17:44:00+02:00,38.66316316355501,38.02786816835184,41.817231611248936,43.70013083228248
2025-09-07 17:45:00+02:00,37.88344534621648,36.38103484979481,40.16768015767972,43.28854508196722
2025-09-07 17:46:00+02:00,37.136229476949445,34.73395870576215,38.517843590713376,42.902479508196734
2025-09-07 17:47:00+02:00,36.941305804105255,33.191892376204926,36.86772191034997,42.516413934426254
2025-09-07 17:48:00+02:00,36.941305804105255,32.853249912082795,35.94857219240204,42.09375846400571
2025-09-07 17:49:00+02:00,36.941305804105255,32.853249912082795,35.94627993791956,41.471521739130445
2025-09-07 17:50:00+02:00,36.941305804105255,32.853249912082795,35.94627993791956,40.81322360248448
2025-09-07 17:51:00+02:00,36.941305804105255,32.853249912082795,35.94627993791956,39.989571428571416
2025-09-07 17:52:00+02:00,36.941305804105255,32.853249912082795,35.94627993791956,39.2223182434264
2025-09-07 17:53:00+02:00,36.941305804105255,32.853249912082795,35.94627993791956,39.268814041745735
2025-09-07 17:54:00+02:00,36.941305804105255,32.853249912082795,35.94627993791956,39.45666982922201
2025-09-07 17:55:00+02:00,36.941305804105255,32.853249912082795,35.94627993791956,39.64452561669829
2025-09-07 17:56:00+02:00,37.27801501133607,32.853249912082795,35.94627993791956,39.83238140417456
2025-09-07 17:57:00+02:00,38.74143667225034,33.408402681882166,36.06147040077695,40.02023719165084
2025-09-07 17:58:00+02:00,40.29556910331224,35.35962996044369,37.74672992327983,40.20809297912714
2025-09-07 17:59:00+02:00,41.84975955769698,37.37778239739989,39.92863855821504,40.39594876660342
2025-09-07 18:00:00+02:00,43.40400803540456,39.3955702165262,42.11004858089456,40.5838045540797
2025-09-07 18:01:00+02:00,44.95831453643498,41.412993417822605,44.2909599913184,41.36095577922613
2025-09-07 18:02:00+02:00,46.51267906078823,43.43005200128909,46.471372789486566,43.88387799564271
2025-09-07 18:03:00+02:00,48.06710160846432,45.44674596692567,48.65128697539906,46.4421875
2025-09-07 18:04:00+02:00,49.621582179463246,47.44907428483701,50.78688951728812,48.52940120967741
2025-09-07 18:05:00+02:00,51.176120773785016,47.79036242123418,51.01348775865009,49.945243137512016
2025-09-07 18:06:00+02:00,51.4687792445398,46.99879467442111,50.20943204150658,49.5498780487805
2025-09-07 18:07:00+02:00,49.9288571501832,46.20717072398122,49.40530844550796,48.67821895424837
2025-09-07 18:08:00+02:00,48.37169421135181,45.41549056991451,48.60111697065422,47.01863849385908
2025-09-07 18:09:00+02:00,46.81458949540743,44.623754212220994,47.79685761694537,46.45774725274728
2025-09-07 18:10:00+02:00,45.25754300235005,43.83196165090065,46.9925303843814,45.963241758241765
2025-09-07 18:11:00+02:00,43.70055473217964,43.0401128859535,46.188135272962334,45.31101488627652
2025-09-07 18:12:00+02:00,42.14362468489626,42.24820791737953,44.789786263652914,44.2625303911205
2025-09-07 18:13:00+02:00,40.58675286049986,41.45624674517874,42.736005757923394,43.605170454545465
2025-09-07 18:14:00+02:00,39.02993925899047,40.09928263566461,40.72401887150524,43.09380681818183
2025-09-07 18:15:00+02:00,37.458735225905016,33.50717096449569,38.75458495610299,42.534570565202586
2025-09-07 18:16:00+02:00,35.155559540918745,31.971721462147364,35.635245116057355,41.4279213483146
2025-09-07 18:17:00+02:00,32.44318015620939,31.176297789866773,34.81209191596482,39.67009852549179
2025-09-07 18:18:00+02:00,29.919319247662045,30.38081752567985,32.267801971739296,36.98270880255255
2025-09-07 18:19:00+02:00,29.39196466239292,29.58528066958658,30.54621372557744,34.459408049353705
2025-09-07 18:20:00+02:00,28.870449684063185,28.789687221586988,28.870449684063185,32.529067321178125
2025-09-07 18:21:00+02:00,27.24112601150916,27.24112601150916,27.24112601150916,31.362894585253454
2025-09-07 18:22:00+02:00,25.658833320773947,25.658833320773947,25.658833320773947,31.081651785714268
2025-09-07 18:23:00+02:00,24.124133375581025,24.124133375581025,24.124133375581025,30.851294642857116
2025-09-07 18:24:00+02:00,22.637555565359744,22.637555565359744,22.637555565359744,30.62093749999998
2025-09-07 18:25:00+02:00,21.199592246025915,21.199592246025915,21.199592246025915,30.39058035714284
2025-09-07 18:26:00+02:00,19.81069860860134,19.81069860860134,19.81069860860134,30.160223214285704
2025-09-07 18:27:00+02:00,18.471282736941287,18.471282736941287,18.471282736941287,29.929866071428563
2025-09-07 18:28:00+02:00,17.18170513049946,17.18170513049946,17.18170513049946,29.647894345238097
2025-09-07 18:29:00+02:00,15.942273139759632,15.942273139759632,15.942273139759632,28.10833333333333
2025-09-07 18:30:00+02:00,14.753236211443545,14.753236211443545,14.753236211443545,26.127849099099095
2025-09-07 18:31:00+02:00,13.614780927199236,13.614780927199236,13.614780927199236,24.77929617117117
2025-09-07 18:32:00+02:00,12.49983763310948,12.49983763310948,12.49983763310948,23.29241883116883
2025-09-07 18:33:00+02:00,11.442043861726956,11.442043861726956,11.442043861726956,22.115547619047614
2025-09-07 18:34:00+02:00,10.441550372142537,10.441550372142537,10.441550372142537,21.194954545454557
2025-09-07 18:35:00+02:00,9.49756026247347,9.49756026247347,9.49756026247347,20.349659874608147
2025-09-07 18:36:00+02:00,8.609182053620875,8.609182053620875,8.609182053620875,19.564741379310338
2025-09-07 18:37:00+02:00,7.775430945657482,7.775430945657482,7.775430945657482,18.63765517241379
2025-09-07 18:38:00+02:00,6.995224632305652,6.995224632305652,6.995224632305652,17.183854166666666
2025-09-07 18:39:00+02:00,6.267385605081625,6.267385605081625,6.267385605081625,16.14197916666667
2025-09-07 18:40:00+02:00,5.590640960173821,4.886162932384419,5.590640960173821,15.319602649006626
2025-09-07 18:41:00+02:00,4.963623337449002,2.3500994494201333,4.963623337449002,14.667947019867553
2025-09-07 18:42:00+02:00,4.384872401621099,2.058081711031175,4.384872401621099,14.035167165135654
2025-09-07 18:43:00+02:00,3.8528368535710498,2.058081711031175,3.8528368535710498,13.528225806451609
2025-09-07 18:44:00+02:00,3.409573427751381,2.058081711031175,3.409573427751381,13.044354838709674
2025-09-07 18:45:00+02:00,3.0150218467717784,2.058081711031175,3.0150218467717784,12.57063918757467
2025-09-07 18:46:00+02:00,2.646721854319691,2.058081711031175,2.646721854319691,12.20456989247312
2025-09-07 18:47:00+02:00,2.305144589176146,2.058081711031175,2.305144589176146,11.86693548387097
2025-09-07 18:48:00+02:00,1.7985037587462198,2.058081711031175,2.157462259835385,11.52930107526882
2025-09-07 18:49:00+02:00,0.7078701048687766,1.846785096689384,1.846785096689384,11.191666666666672
2025-09-07 18:50:00+02:00,0.0,1.56499223084087,1.56499223084087,10.839042869269951
2025-09-07 18:51:00+02:00,0.0,1.3117460322217631,1.3117460322217631,10.446447368421053
2025-09-07 18:52:00+02:00,0.0,0.978453351657091,1.0845825859693627,10.051710526315787
2025-09-07 18:53:00+02:00,0.0,0.1835686541347261,0.8850845795163749,9.656973684210524
2025-09-07 18:54:00+02:00,0.0,0.0,0.7121322670887748,9.247093447088035
2025-09-07 18:55:00+02:00,0.0,0.0,0.564134416555576,8.817054794520542
2025-09-07 18:56:00+02:00,0.0,0.0,0.4392883638380329,8.386917808219176
2025-09-07 18:57:00+02:00,0.0,0.0,0.0,7.950852135374698
2025-09-07 18:58:00+02:00,0.0,0.0,0.0,7.4041176470588255
2025-09-07 18:59:00+02:00,0.0,0.0,0.0,6.81588235294118
2025-09-07 19:00:00+02:00,0.0,0.0,0.0,6.23275246514791
2025-09-07 19:01:00+02:00,0.0,0.0,0.0,5.663236994219653
2025-09-07 19:02:00+02:00,0.0,0.0,0.0,5.094450867052022
2025-09-07 19:03:00+02:00,0.0,0.0,0.0,4.560896955302465
2025-09-07 19:04:00+02:00,0.0,0.0,0.0,4.090346534653462
2025-09-07 19:05:00+02:00,0.0,0.0,0.0,3.621039603960394
2025-09-07 19:06:00+02:00,0.0,0.0,0.0,3.1797691889516053
2025-09-07 19:07:00+02:00,0.0,0.0,0.0,2.925408878504674
2025-09-07 19:08:00+02:00,0.0,0.0,0.0,2.705315420560748
2025-09-07 19:09:00+02:00,0.0,0.0,0.0,2.485221962616824
2025-09-07 19:10:00+02:00,0.0,0.0,0.0,2.265128504672899
2025-09-07 19:11:00+02:00,0.0,0.0,0.0,2.045035046728974
2025-09-07 19:12:00+02:00,0.0,0.0,0.0,1.824941588785048
2025-09-07 19:13:00+02:00,0.0,0.0,0.0,1.611350708991299
2025-09-07 19:14:00+02:00,0.0,0.0,0.0,1.478577586206896
2025-09-07 19:15:00+02:00,0.0,0.0,0.0,1.3699568965517228
2025-09-07 19:16:00+02:00,0.0,0.0,0.0,1.26133620689655
2025-09-07 19:17:00+02:00,0.0,0.0,0.0,1.1527155172413768
2025-09-07 19:18:00+02:00,0.0,0.0,0.0,1.044094827586204
2025-09-07 19:19:00+02:00,0.0,0.0,0.0,0.935474137931032
2025-09-07 19:20:00+02:00,0.0,0.0,0.0,0.8268534482758603
2025-09-07 19:21:00+02:00,0.0,0.0,0.0,0.7182327586206885
2025-09-07 19:22:00+02:00,0.0,0.0,0.0,0.6096120689655168
2025-09-07 19:23:00+02:00,0.0,0.0,0.0,0.5143649212824272
2025-09-07 19:24:00+02:00,0.0,0.0,0.0,0.461358595194085
2025-09-07 19:25:00+02:00,0.0,0.0,0.0,0.4114510166358596
2025-09-07 19:26:00+02:00,0.0,0.0,0.0,0.3615434380776341
2025-09-07 19:27:00+02:00,0.0,0.0,0.0,0.3116358595194086
2025-09-07 19:28:00+02:00,0.0,0.0,0.0,0.2617282809611831
2025-09-07 19:29:00+02:00,0.0,0.0,0.0,0.2118207024029577
2025-09-07 19:30:00+02:00,0.0,0.0,0.0,0.1619131238447322
2025-09-07 19:31:00+02:00,0.0,0.0,0.0,0.1120055452865065
2025-09-07 19:32:00+02:00,0.0,0.0,0.0,0.0729112754158965
2025-09-07 19:33:00+02:00,0.0,0.0,0.0,0.07
2025-09-07 19:34:00+02:00,0.0,0.0,0.0,0.07
2025-09-07 19:35:00+02:00,0.0,0.0,0.0,0.07
2025-09-07 19:36:00+02:00,0.0,0.0,0.0,0.07
2025-09-07 19:37:00+02:00,0.0,0.0,0.0,0.07
2025-09-07 19:38:00+02:00,0.0,0.0,0.0,0.07
2025-09-07 19:39:00+02:00,0.0,0.0,0.0,0.07
2025-09-07 19:40:00+02:00,0.0,0.0,0.0,0.07
2025-09-07 19:41:00+02:00,0.0,0.0,0.0,0.0700114744693057
2025-09-07 19:42:00+02:00,0.0,0.0,0.0,0.0746127366609294
2025-09-07 19:43:00+02:00,0.0,0.0,0.0,0.0828743545611015
2025-09-07 19:44:00+02:00,0.0,0.0,0.0,0.0911359724612737
2025-09-07 19:45:00+02:00,0.0,0.0,0.0,0.0993975903614459
2025-09-07 19:46:00+02:00,0.0,0.0,0.0,0.107659208261618
2025-09-07 19:47:00+02:00,0.0,0.0,0.0,0.1159208261617901
2025-09-07 19:48:00+02:00,0.0,0.0,0.0,0.1241824440619622
2025-09-07 19:49:00+02:00,0.0,0.0,0.0,0.1324440619621342
2025-09-07 19:50:00+02:00,0.0,0.0,0.0,0.1407056798623063
2025-09-07 19:51:00+02:00,0.0,0.0,0.0,0.1483935742971887
2025-09-07 19:52:00+02:00,0.0,0.0,0.0,0.15
2025-09-07 19:53:00+02:00,0.0,0.0,0.0,0.15
2025-09-07 19:54:00+02:00,0.0,0.0,0.0,0.15
2025-09-07 19:55:00+02:00,0.0,0.0,0.0,0.15
2025-09-07 19:56:00+02:00,0.0,0.0,0.0,0.15
2025-09-07 19:57:00+02:00,0.0,0.0,0.0,0.15
2025-09-07 19:58:00+02:00,0.0,0.0,0.0,0.15
2025-09-07 19:59:00+02:00,0.0,0.0,0.0,0.15
2025-09-07 20:00:00+02:00,0.0,0.0,0.0,0.15
2025-09-08 05:00:00+02:00,0.0,0.0,0.0,0.07
2025-09-08 05:01:00+02:00,0.0,0.0,0.0,0.07
2025-09-08 05:02:00+02:00,0.0,0.0,0.0,0.07
2025-09-08 05:03:00+02:00,0.0,0.0,0.0,0.07
2025-09-08 05:04:00+02:00,0.0,0.0,0.0,0.07
2025-09-08 05:05:00+02:00,0.0,0.0,0.0,0.07
2025-09-08 05:06:00+02:00,0.0,0.0,0.0,0.07
2025-09-08 05:07:00+02:00,0.0,0.0,0.0,0.07
2025-09-08 05:08:00+02:00,0.0,0.0,0.0,0.07
2025-09-08 05:09:00+02:00,0.0,0.0,0.0,0.07
2025-09-08 05:10:00+02:00,0.0,0.0,0.0,0.07
2025-09-08 05:11:00+02:00,0.0,0.0,0.0,0.07
2025-09-08 05:12:00+02:00,0.0,0.0,0.0,0.07
2025-09-08 05:13:00+02:00,0.0,0.0,0.0,0.07
2025-09-08 05:14:00+02:00,0.0,0.0,0.0,0.0732816982214572
2025-09-08 05:15:00+02:00,0.0,0.0,0.0,0.0814974182444062
2025-09-08 05:16:00+02:00,0.0,0.0,0.0,0.0897590361445783
2025-09-08 05:17:00+02:00,0.0,0.0,0.0,0.0980206540447505
2025-09-08 05:18:00+02:00,0.0,0.0,0.0,0.1062822719449227
2025-09-08 05:19:00+02:00,0.0,0.0,0.0,0.1145438898450948
2025-09-08 05:20:00+02:00,0.0,0.0,0.0,0.1228055077452669
2025-09-08 05:21:00+02:00,0.0,0.0,0.0,0.1310671256454389
2025-09-08 05:22:00+02:00,0.0,0.0,0.0,0.1393287435456109
2025-09-08 05:23:00+02:00,0.0,0.0,0.0,0.1475685880488078
2025-09-08 05:24:00+02:00,0.0,0.0,0.0,0.1551116838487972
2025-09-08 05:25:00+02:00,0.0,0.0,0.0,0.162328178694158
2025-09-08 05:26:00+02:00,0.0,0.0,0.0,0.1695446735395188
2025-09-08 05:27:00+02:00,0.0,0.0,0.0,0.1767611683848796
2025-09-08 05:28:00+02:00,0.0,0.0,0.0,0.1839776632302404
2025-09-08 05:29:00+02:00,0.0,0.0,0.0,0.1911941580756012
2025-09-08 05:30:00+02:00,0.0,0.0,0.0,0.198410652920962
2025-09-08 05:31:00+02:00,0.0,0.0,0.0,0.2056271477663228
2025-09-08 05:32:00+02:00,0.0,0.0,0.0,0.2128436426116836
2025-09-08 05:33:00+02:00,0.0,0.0,0.0,0.2271176975945017
2025-09-08 05:34:00+02:00,0.0,0.0,0.0,0.2823711340206185
2025-09-08 05:35:00+02:00,0.0,0.0,0.0,0.344226804123711
2025-09-08 05:36:00+02:00,0.0,0.0,0.0,0.4060824742268036
2025-09-08 05:37:00+02:00,0.0,0.0,0.0,0.4679381443298962
2025-09-08 05:38:00+02:00,0.0,0.0,0.0,0.5297938144329889
2025-09-08 05:39:00+02:00,0.0,0.0,0.0,0.5916494845360815
2025-09-08 05:40:00+02:00,0.0,0.0,0.0,0.653505154639174
2025-09-08 05:41:00+02:00,0.0,0.0,0.0,0.7153608247422673
2025-09-08 05:42:00+02:00,0.0,0.0,0.0,0.7772164948453605
2025-09-08 05:43:00+02:00,0.0,0.0,0.0,0.859233436237302
2025-09-08 05:44:00+02:00,0.0,0.0,0.0,0.9817445054945048
2025-09-08 05:45:00+02:00,0.0,0.0,0.0,1.1053708791208785
2025-09-08 05:46:00+02:00,0.0,0.0,0.0,1.2289972527472517
2025-09-08 05:47:00+02:00,0.0,0.0,0.0,1.352623626373625
2025-09-08 05:48:00+02:00,0.0,0.0,0.0,1.4762499999999994
2025-09-08 05:49:00+02:00,0.0,0.0,0.0,1.5976316981987084
2025-09-08 05:50:00+02:00,0.0,0.0,0.0,1.7133676975945014
2025-09-08 05:51:00+02:00,0.0,0.0,0.0,1.828831615120274
2025-09-08 05:52:00+02:00,0.0,0.0,0.0,1.944295532646047
2025-09-08 05:53:00+02:00,0.0,0.0,0.0,2.05975945017182
2025-09-08 05:54:00+02:00,0.0,0.0,0.0,2.1752233676975927
2025-09-08 05:55:00+02:00,0.0,0.0,0.0,2.290687285223365
2025-09-08 05:56:00+02:00,0.0,0.0,0.0,2.4061512027491383
2025-09-08 05:57:00+02:00,0.0,0.0,0.0,2.521615120274911
2025-09-08 05:58:00+02:00,0.0,0.0,0.0,2.637079037800686
2025-09-08 05:59:00+02:00,0.0,0.0,0.0,2.821756756756756
2025-09-08 06:00:00+02:00,0.0,0.0,0.0,3.067191441441441
2025-09-08 06:01:00+02:00,0.0,0.0,0.0,3.3921923076923086
2025-09-08 06:02:00+02:00,0.0,0.0,0.0,3.756807692307694
2025-09-08 06:03:00+02:00,0.0,0.0,0.0,4.121423076923077
2025-09-08 06:04:00+02:00,0.0,0.0,0.0,4.4860384615384605
2025-09-08 06:05:00+02:00,0.0,0.0,0.0,4.84486562203229
2025-09-08 06:06:00+02:00,0.0,0.0,0.0,5.193907407407409
2025-09-08 06:07:00+02:00,0.0,0.0,0.0,5.542796296296298
2025-09-08 06:08:00+02:00,0.0,0.0,0.0,5.891685185185185
2025-09-08 06:09:00+02:00,0.0,0.0,0.0,6.248508309591643
2025-09-08 06:10:00+02:00,0.0,0.0,0.0,6.6960576923076935
2025-09-08 06:11:00+02:00,0.0,0.0,0.0,7.169134615384618
2025-09-08 06:12:00+02:00,0.394935201431431,0.0,0.0,7.642211538461541
2025-09-08 06:13:00+02:00,0.5107494275839364,0.0,0.0,8.211101953601956
2025-09-08 06:14:00+02:00,0.6488494290862785,0.0,0.0,8.92404761904762
2025-09-08 06:15:00+02:00,0.8111034749314937,0.0,0.0,9.7252152014652
2025-09-08 06:16:00+02:00,0.9991829294550164,0.0,0.9617439507278824,10.710883452133451
2025-09-08 06:17:00+02:00,1.2145331768902976,0.0,1.2145331768902976,11.363416988416988
2025-09-08 06:18:00+02:00,1.456427935369759,0.6374078753427739,1.456427935369759,11.745656370656372
2025-09-08 06:19:00+02:00,1.7257901872801549,1.633836906012082,1.7257901872801549,12.127895752895755
2025-09-08 06:20:00+02:00,2.023818492741193,2.023818492741193,2.023818492741193,12.51013513513514
2025-09-08 06:21:00+02:00,2.350696028887948,2.350696028887948,2.350696028887948,13.229222972972975
2025-09-08 06:22:00+02:00,2.499104489174413,2.499104489174413,2.499104489174413,14.939369824016564
2025-09-08 06:23:00+02:00,2.855459180349188,2.855459180349188,2.855459180349188,16.479375
2025-09-08 06:24:00+02:00,3.238181661908712,3.238181661908712,3.238181661908712,17.5684375
2025-09-08 06:25:00+02:00,3.68279727423413,3.68279727423413,3.68279727423413,18.55141668936093
2025-09-08 06:26:00+02:00,4.200822126496097,4.200822126496097,4.200822126496097,19.070413943355117
2025-09-08 06:27:00+02:00,4.765259448258529,4.765259448258529,4.765259448258529,19.28479302832242
2025-09-08 06:28:00+02:00,5.377694542367227,5.377694542367227,5.377694542367227,19.499172113289728
2025-09-08 06:29:00+02:00,6.039620363923701,6.039620363923701,6.039620363923701,19.71355119825705
2025-09-08 06:30:00+02:00,6.752435486052295,6.752435486052295,6.752435486052295,19.92793028322438
2025-09-08 06:31:00+02:00,7.517442606112758,7.517442606112758,7.517442606112758,20.142309368191707
2025-09-08 06:32:00+02:00,8.335847595903326,8.335847595903326,8.335847595903326,20.356688453159038
2025-09-08 06:33:00+02:00,9.208759097020002,9.208759097020002,9.208759097020002,20.74006291405451
2025-09-08 06:34:00+02:00,10.1371886267423,10.1371886267423,10.1371886267423,22.698577598955627
2025-09-08 06:35:00+02:00,11.122051204913394,11.122051204913394,11.122051204913394,25.449880335061824
2025-09-08 06:36:00+02:00,12.164167171083609,12.164167171083609,12.164167171083609,26.35275229357799
2025-09-08 06:37:00+02:00,13.264260895882591,13.264260895882591,13.264260895882591,27.58197132616488
2025-09-08 06:38:00+02:00,14.403042338894933,14.403042338894933,14.403042338894933,25.843958333333333
2025-09-08 06:39:00+02:00,15.578660845633276,15.578660845633276,15.578660845633276,26.70984375
2025-09-08 06:40:00+02:00,16.804876998648467,16.804876998648467,16.804876998648467,29.037450256107167
2025-09-08 06:41:00+02:00,18.08145321466623,18.08145321466623,18.08145321466623,30.8368646572104
2025-09-08 06:42:00+02:00,19.40809218676073,19.40809218676073,19.40809218676073,27.61265320475233
2025-09-08 06:43:00+02:00,20.78444179832249,20.78444179832249,20.78444179832249,26.74864173228347
2025-09-08 06:44:00+02:00,22.210099812307355,22.210099812307355,22.210099812307355,26.92580708661418
2025-09-08 06:45:00+02:00,23.68461837579234,23.68461837579234,23.68461837579234,27.10297244094489
2025-09-08 06:46:00+02:00,25.20750829526862,25.20750829526862,25.20750829526862,27.280137795275603
2025-09-08 06:47:00+02:00,26.778244160772697,26.73642456487758,26.778244160772697,27.457303149606314
2025-09-08 06:48:00+02:00,28.39626394773748,27.98715495728254,28.39626394773748,27.634468503937025
2025-09-08 06:49:00+02:00,30.060978934066934,29.237745533460483,30.060978934066934,27.811633858267736
2025-09-08 06:50:00+02:00,31.771772926205465,30.48819629341137,31.771772926205465,27.98879921259844
2025-09-08 06:51:00+02:00,33.52800647449908,31.738507237135224,33.52800647449908,28.75023255813954
2025-09-08 06:52:00+02:00,34.98898234997651,33.0505746711498,34.93537549472369,29.98834754521964
2025-09-08 06:53:00+02:00,35.76730630441492,34.61004083703219,36.184642466946165,31.155666666666672
2025-09-08 06:54:00+02:00,36.54564481457509,36.19487836382376,37.89587028153894,33.80757726168792
2025-09-08 06:55:00+02:00,38.14524626748375,37.77949107610806,39.654557678713445,37.19473616803279
2025-09-08 06:56:00+02:00,40.59404617835256,39.36387897388509,41.412921138224775,36.98160879629629
2025-09-08 06:57:00+02:00,43.042990146848645,40.94804205715488,43.17096066007295,36.20847222222222
2025-09-08 06:58:00+02:00,45.296185848328285,42.53198032591736,44.928676244258,36.742885802469125
2025-09-08 06:59:00+02:00,47.27247061781475,44.11569378017261,46.686067890779874,35.86431647940075
2025-09-08 07:00:00+02:00,49.246870289853696,45.69918241992061,48.44313559963859,36.3791573033708
2025-09-08 07:01:00+02:00,51.22136357018753,47.28244624516133,50.199879370834125,38.68306646453838
2025-09-08 07:02:00+02:00,53.19595045881627,49.23134536290864,52.17600690169338,45.115462962962965
2025-09-08 07:03:00+02:00,55.17063095573992,51.6971706946874,54.673799462252646,50.916252641407446
2025-09-08 07:04:00+02:00,57.1454050609584,54.16614418879176,57.19321379224984,53.57267543859649
2025-09-08 07:05:00+02:00,59.13172155585718,56.63457034862964,59.71196093607139,54.51927631578948
2025-09-08 07:06:00+02:00,61.35570699654028,59.102449174201,62.230040893717344,57.894852421652416
2025-09-08 07:07:00+02:00,63.6742737885277,61.56978066550589,64.74745366518763,56.32527989417989
2025-09-08 07:08:00+02:00,65.99296957946972,64.00374734901376,67.20902244416875,65.4187269345238
2025-09-08 07:09:00+02:00,68.31179436936628,66.33913123961024,69.43616549452604,69.23647429435484
2025-09-08 07:10:00+02:00,70.63074815821744,68.66753988426913,71.63652336575922,71.97611662531018
2025-09-08 07:11:00+02:00,72.94983094602311,70.99546046567433,73.83637076754671,74.07002136752136
2025-09-08 07:12:00+02:00,75.32396451989763,73.32289298382582,76.03570769988852,76.74138888888889
2025-09-08 07:13:00+02:00,77.83637807559612,75.64983743872361,78.23453416278467,79.47480292792793
2025-09-08 07:14:00+02:00,80.35560099344862,77.976426039083,80.4328501562351,82.61195115285231
2025-09-08 07:15:00+02:00,82.87497608328542,80.31673596632825,82.67459181551708,85.64681498180668
2025-09-08 07:16:00+02:00,85.39450334510666,82.66600072041103,85.14170289617118,87.92835695389266
2025-09-08 07:17:00+02:00,87.91418277891225,85.01476737421218,87.63953687835748,91.0309147930922
2025-09-08 07:18:00+02:00,90.61027659289924,87.36303592773169,90.13671082912796,93.90733253588516
2025-09-08 07:19:00+02:00,93.74990270692044,89.71080638096953,92.63322474848258,96.63200163398692
2025-09-08 07:20:00+02:00,96.91113340527748,92.0580787339257,95.12907863642135,99.50476779755284
2025-09-08 07:21:00+02:00,100.07260353217166,94.91169081066408,97.75355283373078,103.10960381464416
2025-09-08 07:22:00+02:00,103.23431308760296,99.91178091950428,101.98347176353906,106.4748484848485
2025-09-08 07:23:00+02:00,106.61075628245042,105.15073294193265,106.69123022943484,109.61968013468014
2025-09-08 07:24:00+02:00,110.24098756487857,110.28730543147918,111.3974565477029,112.777546875
2025-09-08 07:25:00+02:00,113.8715343911335,115.1061107305576,116.4297076230293,115.4228440860215
2025-09-08 07:26:00+02:00,117.50239676121524,119.89968262017796,121.50817437016744,118.18457978465204
2025-09-08 07:27:00+02:00,120.9770518783433,124.37555428233485,124.4998524894265,121.18461429381738
2025-09-08 07:28:00+02:00,124.1180548182234,126.89122301562745,127.51190176015072,123.61682501418036
2025-09-08 07:29:00+02:00,127.24885742368951,129.0690811529552,130.54378183994788,126.41572984749456
2025-09-08 07:30:00+02:00,130.3798945296214,131.24650760054848,133.5949609735474,129.29579464285715
2025-09-08 07:31:00+02:00,133.51116613601897,133.42350235840732,136.66491589353214,131.30823606271778
2025-09-08 07:32:00+02:00,137.71485824037146,135.60006542653164,139.75313379000374,134.52224426668997
2025-09-08 07:33:00+02:00,142.85910393404444,137.77619680492148,142.85910393404444,141.8057448107448
2025-09-08 07:34:00+02:00,145.98232995932443,140.06076170601318,145.98232995932443,148.93826388888888
2025-09-08 07:35:00+02:00,149.12232150156825,143.0204007684931,149.12232150156825,155.27854166666663
2025-09-08 07:36:00+02:00,152.2785961418567,146.0955497375647,152.2785961418567,165.75535185185186
2025-09-08 07:37:00+02:00,155.45067928975809,149.16983541525823,155.45067928975809,176.56271292547612
2025-09-08 07:38:00+02:00,158.6381040574471,152.24325780157375,158.6381040574471,181.6696197089947
2025-09-08 07:39:00+02:00,161.84041116204835,155.73747331663552,161.84041116204835,185.58033143939392
2025-09-08 07:40:00+02:00,165.05714876816535,161.3981411077402,165.05714876816535,186.2193867924528
2025-09-08 07:41:00+02:00,168.28787238820604,167.35673737124282,168.28787238820604,181.1783968253968
2025-09-08 07:42:00+02:00,171.5321447522554,171.5321447522554,171.5321447522554,172.07749084249085
2025-09-08 07:43:00+02:00,174.7895356785965,174.7895356785965,174.7895356785965,168.70735347985345
2025-09-08 07:44:00+02:00,178.05962417027382,178.05962417027382,178.05962417027382,170.84870472120474
2025-09-08 07:45:00+02:00,181.3419894750907,181.3419894750907,181.3419894750907,174.3720448179272
2025-09-08 07:46:00+02:00,184.6362241440253,184.6362241440253,184.6362241440253,177.83911764705883
2025-09-08 07:47:00+02:00,187.94192513834133,187.94192513834133,187.94192513834133,180.54170097771785
2025-09-08 07:48:00+02:00,191.25869589044535,191.25869589044535,191.25869589044535,183.064452887538
2025-09-08 07:49:00+02:00,194.58614620669624,194.58614620669624,194.58614620669624,186.36268562610232
2025-09-08 07:50:00+02:00,197.92389211098956,197.92389211098956,197.92389211098956,189.5210306122449
2025-09-08 07:51:00+02:00,201.271555749224,201.271555749224,201.271555749224,192.089206486358
2025-09-08 07:52:00+02:00,204.6287652662309,204.6287652662309,204.6287652662309,195.43625395738852
2025-09-08 07:53:00+02:00,207.99515468214912,207.99515468214912,207.99515468214912,198.2570324933687
2025-09-08 07:54:00+02:00,211.3703638031876,211.3703638031876,211.3703638031876,203.32147569444444
2025-09-08 07:55:00+02:00,214.75404034173832,214.75404034173832,214.75404034173832,209.4277505967506
2025-09-08 07:56:00+02:00,218.1458307478405,218.1458307478405,218.1458307478405,212.33814397731064
2025-09-08 07:57:00+02:00,221.5453937073034,221.5453937073034,221.5453937073034,213.4660648148148
2025-09-08 07:58:00+02:00,224.9523909553183,224.9523909553183,224.9523909553183,214.95177732974912
2025-09-08 07:59:00+02:00,228.3664894621067,228.3664894621067,228.3664894621067,217.9802671370968
2025-09-08 08:00:00+02:00,231.7873612888056,231.7873612888056,231.7873612888056,221.8723387096774
2025-09-08 08:01:00+02:00,235.21468350996363,235.21468350996363,235.21468350996363,225.17693181818183
2025-09-08 08:02:00+02:00,238.6481381051642,238.6481381051642,238.6481381051642,228.8551087801088
2025-09-08 08:03:00+02:00,242.0874118529977,242.0874118529977,239.9168535126485,232.57309218559217
2025-09-08 08:04:00+02:00,245.53219625871384,245.53219625871384,240.70067787161557,235.81099099099097
2025-09-08 08:05:00+02:00,247.3804921266896,248.98218741941352,241.48443504851176,238.8150659962288
2025-09-08 08:06:00+02:00,249.03011205788997,249.86505459271604,242.2681250433372,241.4079150516796
2025-09-08 08:07:00+02:00,250.6797967125241,250.64208527145308,243.05174785609185,244.55823170731708
2025-09-08 08:08:00+02:00,252.3295460905922,251.41905974656345,244.8694940500916,247.4470184665732
2025-09-08 08:09:00+02:00,253.9793601920943,252.1959780180469,251.31716860330584,250.13286956521745
2025-09-08 08:10:00+02:00,255.62923901703024,252.9728400859036,254.57700516555,253.26424346405227
2025-09-08 08:11:00+02:00,257.58745419424145,254.48948522526769,257.419278906828,256.2348702614379
2025-09-08 08:12:00+02:00,259.8644992674572,258.1015543434032,260.26066622631816,259.2785569613821
2025-09-08 08:13:00+02:00,262.1416675999802,261.461332430828,263.10116712402044,262.7049479166667
2025-09-08 08:14:00+02:00,264.4189591918107,263.7018015091826,265.9196997549672,264.83681365576103
2025-09-08 08:15:00+02:00,266.69637404294866,265.867843328797,268.3000353296079,267.45979166666666
2025-09-08 08:16:00+02:00,268.9739121533941,268.033447224971,270.5059116560958,268.9700555555555
2025-09-08 08:17:00+02:00,271.2938105999587,270.19861319770456,272.7112524937938,271.1352777777778
2025-09-08 08:18:00+02:00,274.1896309283963,272.3633412469977,274.91605784270166,273.3001707175926
2025-09-08 08:19:00+02:00,277.2679623751149,274.5276313728501,277.12032770281934,276.23441375969
2025-09-08 08:20:00+02:00,280.3465189118761,277.05816280340827,279.3240620741469,278.9394422911284
2025-09-08 08:21:00+02:00,283.4253005386802,280.5100752049187,281.6100303276301,282.19691648384736
2025-09-08 08:22:00+02:00,286.50117111565487,284.0052888907468,284.7725096716957,286.0315873015873
2025-09-08 08:23:00+02:00,289.54692909547344,287.4993585637581,288.1654734704434,290.15559523809526
2025-09-08 08:24:00+02:00,292.58532244613093,290.9548182951679,291.5571655802368,293.38500000000005
2025-09-08 08:25:00+02:00,295.623934924446,294.1212949235544,294.94758600107605,295.93331207483
2025-09-08 08:26:00+02:00,298.6627665304188,297.2269206585832,298.14735859932586,299.0664880952382
2025-09-08 08:27:00+02:00,301.76107104115687,300.3316409231107,301.07828115280324,301.1354797979798
2025-09-08 08:28:00+02:00,305.4327953629794,303.4354557171368,304.0063403509454,304.7967540792541
2025-09-08 08:29:00+02:00,309.2481512065568,306.45552831350534,306.9334491038488,308.9218235930736
2025-09-08 08:30:00+02:00,313.0638523082559,309.1434839058443,309.8596074115136,312.00701340326344
2025-09-08 08:31:00+02:00,316.7481707264751,311.7965210007696,312.6181937327502,314.2589637205608
2025-09-08 08:32:00+02:00,319.26034801616527,314.4488954659823,314.9569711862087,317.3357664416104
2025-09-08 08:33:00+02:00,321.49601462635525,317.10060730148257,317.2749544812494,319.76599989996004
2025-09-08 08:34:00+02:00,323.7317997095436,319.7516565072708,319.5923403326087,322.0136734693878
2025-09-08 08:35:00+02:00,325.96770326573,322.10857652507565,321.90912874028675,324.82168034655723
2025-09-08 08:36:00+02:00,328.2037252949147,324.11821507049547,324.22531970428344,327.07941750767884
2025-09-08 08:37:00+02:00,330.439865797098,326.1274725016053,326.5530989784212,329.3767828441649
2025-09-08 08:38:00+02:00,332.84622415543583,328.13634881840505,329.2091982541371,332.68437500000005
2025-09-08 08:39:00+02:00,335.9331628685018,330.1448440208947,332.0106521895873,335.76043831168835
2025-09-08 08:40:00+02:00,339.0906796409745,332.15295810907446,334.8112306466234,338.0826335470086
2025-09-08 08:41:00+02:00,342.24843253956124,334.160691082944,337.61093362524554,340.34585729346367
2025-09-08 08:42:00+02:00,345.40642156426213,336.313988060589,340.4097611254537,343.1314424651925
2025-09-08 08:43:00+02:00,348.3973138481901,339.3140573261542,343.2559655969732,346.663982275586
2025-09-08 08:44:00+02:00,351.03141805847724,342.44972485946283,346.18752274359343,349.0814595976314
2025-09-08 08:45:00+02:00,353.6545296124719,345.58446141730644,349.1198200846572,352.15581232493
2025-09-08 08:46:00+02:00,356.277804014012,348.7182669996847,352.0511545969616,355.57455982620326
2025-09-08 08:47:00+02:00,358.9012412630977,351.6837108033675,354.9815262805064,358.4942521258503
2025-09-08 08:48:00+02:00,361.52484135972907,354.22731336569865,357.86838945162555,360.8586119832548
2025-09-08 08:49:00+02:00,364.0818166741806,356.7500168978166,360.6338094074184,363.9932948717948
2025-09-08 08:50:00+02:00,366.56989096859695,359.2721161841964,363.3912842108435,365.4998787878788
2025-09-08 08:51:00+02:00,369.058111685432,361.7936112248382,366.1479048232872,366.8622943722944
2025-09-08 08:52:00+02:00,371.5464788246858,364.3145020197416,368.9036712447496,370.1484457615555
2025-09-08 08:53:00+02:00,374.0349923863584,366.8805893729959,371.6585834752305,372.640987804878
2025-09-08 08:54:00+02:00,376.52365237045,369.5327697072089,374.4126415147303,375.5633543019481
2025-09-08 08:55:00+02:00,379.0529679047161,372.1863358816831,377.1658453632489,378.21986111111113
2025-09-08 08:56:00+02:00,381.64725322678026,374.8392315380655,379.9181950207858,380.8810289279059
2025-09-08 08:57:00+02:00,384.2424342462799,377.4914566763561,382.6696904873414,383.05898584905657
2025-09-08 08:58:00+02:00,386.8377744332733,380.1496173227821,385.4203317629157,384.6124404761904
2025-09-08 08:59:00+02:00,389.43327378776064,383.0184411502843,388.25415221257856,386.8574430641822
2025-09-08 09:00:00+02:00,392.0289323097421,385.9855153090883,391.2557909121546,389.27809369438086
2025-09-08 09:01:00+02:00,394.7000414810727,388.9517489686797,394.26105658107065,391.4114826700898
2025-09-08 09:02:00+02:00,397.4441468174872,391.9171421290587,397.2653005859401,393.98971907665504
2025-09-08 09:03:00+02:00,400.1884300028244,394.875695602125,400.26852292676296,396.8951388888888
2025-09-08 09:04:00+02:00,402.93289103708406,397.6156546056301,403.09063875005177,398.9075675213675
2025-09-08 09:05:00+02:00,405.6775299202664,400.246504649024,405.5708921994081,400.4763949820788
2025-09-08 09:06:00+02:00,408.396566296296,402.8766920627057,408.0423669615432,403.6043995349036
2025-09-08 09:07:00+02:00,410.9301471818577,405.5062168466749,410.5131485577026,406.1019354838709
2025-09-08 09:08:00+02:00,413.42778278815626,408.1350790009318,412.9832369878863,407.4585054706659
2025-09-08 09:09:00+02:00,415.92556561808914,410.7491251063558,415.4526322520944,410.14658408408405
2025-09-08 09:10:00+02:00,418.4234956716564,413.2897446395437,417.8445407321723,412.7425589419207
2025-09-08 09:11:00+02:00,420.92157294885806,415.8196399964119,420.0630574238572,414.9544155844157
2025-09-08 09:12:00+02:00,423.4131120684191,418.3489207640078,422.2746177688951,417.1323376623377
2025-09-08 09:13:00+02:00,425.8283473252801,420.8775869423318,424.4856212610906,418.9658783783784
2025-09-08 09:14:00+02:00,428.22220823984384,423.4056385313837,426.6960679004443,420.47461580766816
2025-09-08 09:15:00+02:00,430.61620430345226,426.0489855171718,428.9059576869559,422.69371471993054
2025-09-08 09:16:00+02:00,433.0103355161049,429.0576645627749,431.1152906206252,425.0796338724169
2025-09-08 09:17:00+02:00,435.404601877802,432.0923136618063,433.5919016835894,427.69146750524106
2025-09-08 09:18:00+02:00,437.79900338854367,435.1260757374691,436.3100639567032,429.50591168091177
2025-09-08 09:19:00+02:00,440.2483754273043,438.1589507897637,439.0273823925698,431.6725909361956
2025-09-08 09:20:00+02:00,442.7545864286131,441.7200346405938,441.7438569911894,434.184286005712
2025-09-08 09:21:00+02:00,445.2609454613663,446.4081543396881,444.4594877525621,436.8705989787903
2025-09-08 09:22:00+02:00,447.7674525255638,451.12939171272,447.15591663319657,438.6193930348259
2025-09-08 09:23:00+02:00,450.2741076212056,454.9913076247054,449.7571287997599,440.37825
2025-09-08 09:24:00+02:00,452.7809107482921,455.9841230703999,452.3444606909591,443.1189871794872
2025-09-08 09:25:00+02:00,455.107705304656,456.74609960769385,454.93102519894114,445.6657692307693
2025-09-08 09:26:00+02:00,457.17984781211806,457.508019941361,457.5168223237061,447.0045408163266
2025-09-08 09:27:00+02:00,459.2502715071502,458.2698840714015,460.1018520652536,449.0546118012423
2025-09-08 09:28:00+02:00,461.3207961495892,459.031691997815,462.3805828653131,451.2057779600766
2025-09-08 09:29:00+02:00,463.391421739435,459.79344372060194,464.00705119726615,453.3791760156383
2025-09-08 09:30:00+02:00,465.4621482766876,460.5551392397622,465.6128538976831,455.61673660502606
2025-09-08 09:31:00+02:00,467.5329757613469,461.3167785552956,467.2183600709109,456.70842105263154
2025-09-08 09:32:00+02:00,469.7051851933963,462.07836166720216,468.8235697169496,458.9523287671232
2025-09-08 09:33:00+02:00,472.39840984679546,464.9380019826395,470.4284828357991,460.93297611092544
2025-09-08 09:34:00+02:00,475.16415810089495,469.7725556363742,472.0330994274594,463.032518666003
2025-09-08 09:35:00+02:00,477.9300863596418,472.341585652092,473.6374194919306,465.25610675039246
2025-09-08 09:36:00+02:00,480.6961946230361,474.6355475575221,475.2414430292123,467.2174317617866
2025-09-08 09:37:00+02:00,483.4624828910776,476.9289983749419,476.91598506746175,469.7501201206289
2025-09-08 09:38:00+02:00,485.8472417743519,479.22193810435215,478.9543159303019,472.522514871117
2025-09-08 09:39:00+02:00,487.8867618855737,481.51436674575234,481.04272559205214,473.7005765819042
2025-09-08 09:40:00+02:00,489.9263798211573,483.80001933048345,483.1306319487513,476.61359649122807
2025-09-08 09:41:00+02:00,491.96609558110265,485.68428685604255,485.2180350003991,478.044887218045
2025-09-08 09:42:00+02:00,494.0059091654099,487.3311191613013,487.3049347469955,478.75766917293225
2025-09-08 09:43:00+02:00,496.045820574079,488.9776873949389,489.3913311885409,480.41271601436944
2025-09-08 09:44:00+02:00,498.08582980711,490.62399155695607,491.47722432503537,482.9715891472868
2025-09-08 09:45:00+02:00,500.1156995239514,492.2700316473526,493.562614156479,484.9728703703704
2025-09-08 09:46:00+02:00,502.0930144329664,493.91580766612856,495.647500682872,486.97493750000007
2025-09-08 09:47:00+02:00,504.0631081643066,495.561319613284,497.7318839042137,489.22099775817895
2025-09-08 09:48:00+02:00,506.0332931038295,497.20656748881856,499.8157638205042,491.2037667725989
2025-09-08 09:49:00+02:00,508.00356925153454,498.8596445405674,501.8991404317434,493.11195312500007
2025-09-08 09:50:00+02:00,509.97393660742176,500.8062503302347,503.98201373793137,493.0594627192982
2025-09-08 09:51:00+02:00,511.94439517149095,502.8987305176415,506.06187083724654,495.6915008241324
2025-09-08 09:52:00+02:00,513.9149449437423,504.99078309746295,508.1100015451535,497.528932748538
2025-09-08 09:53:00+02:00,516.0395460919372,507.0824080696995,510.148315927337,499.2422441520468
2025-09-08 09:54:00+02:00,518.4927198637276,509.17360543435103,512.1861476154397,501.5500614509641
2025-09-08 09:55:00+02:00,520.956300176806,511.26437519141774,514.223496609462,503.1374157303371
2025-09-08 09:56:00+02:00,523.4200230026684,513.3542910326614,516.2603629094037,504.44563389513104
2025-09-08 09:57:00+02:00,525.8838883413152,515.4221842181057,518.2967465152647,506.94152777777776
2025-09-08 09:58:00+02:00,528.3478961927467,517.4775849101575,520.3315153785734,509.2420398351648
2025-09-08 09:59:00+02:00,530.7272891265568,519.5325718353363,522.2073513845294,511.2708582621083
2025-09-08 10:00:00+02:00,532.7475866878151,521.5871449936415,523.9707528701765,513.1997222222221
2025-09-08 10:01:00+02:00,534.727615586814,523.6413043850732,525.7337919100394,514.5858618578255
2025-09-08 10:02:00+02:00,536.7077364836723,525.6950500096314,527.4964685041177,515.4220462001093
2025-09-08 10:03:00+02:00,538.6879493783902,527.7483818673163,529.2587826524118,517.0748655985169
2025-09-08 10:04:00+02:00,540.6682542709677,530.0117438066081,531.0207343549216,518.7051245777027
2025-09-08 10:05:00+02:00,542.6486511614048,532.4780974679886,532.7823236116469,521.3408041037361
2025-09-08 10:06:00+02:00,544.6291400497016,534.9438536349267,534.5435504225879,522.9632352941178
2025-09-08 10:07:00+02:00,546.1546578604259,537.4090123074227,536.0418992666118,524.3112001050421
2025-09-08 10:08:00+02:00,546.9521133823869,539.8735734854765,536.8400275260926,526.6111105994072
2025-09-08 10:09:00+02:00,547.7413096794671,542.3351630682134,537.600585429585,528.4612034428795
2025-09-08 10:10:00+02:00,548.5305205824181,543.8467015465794,538.3610756876833,530.5783402777778
2025-09-08 10:11:00+02:00,549.3197460912397,544.600873976998,539.1214983003874,531.8425684523809
2025-09-08 10:12:00+02:00,550.1089862059318,545.3549903964324,539.8818532676976,531.0333333333333
2025-09-08 10:13:00+02:00,550.8982409264947,546.1090508048833,540.6421405896137,532.3037499999999
2025-09-08 10:14:00+02:00,551.6875102529282,546.8630552023503,541.4023602661359,533.7578260869567
2025-09-08 10:15:00+02:00,552.4767941852322,547.6170035888335,542.1625122972639,535.0885657171415
2025-09-08 10:16:00+02:00,553.3832706959565,548.3708959643322,542.9225966829979,536.5681140911025
2025-09-08 10:17:00+02:00,558.4902124018038,549.1247323288469,545.2312496181955,537.9023456790122
2025-09-08 10:18:00+02:00,562.2393467477716,549.878512682378,548.8490889417415,539.5895532128515
2025-09-08 10:19:00+02:00,563.9319380898751,550.7484704658389,551.012635706556,539.0734939759036
2025-09-08 10:20:00+02:00,565.6245965657633,553.0627341741372,551.7706275075986,539.3050633453175
2025-09-08 10:21:00+02:00,567.3173221754364,555.8079851535622,552.5285518955059,541.9523787878787
2025-09-08 10:22:00+02:00,569.0101149188945,558.315819128193,553.2864088702777,544.9636159844055
2025-09-08 10:23:00+02:00,570.7029747961374,560.075639531399,554.0441984319141,546.3891666666667
2025-09-08 10:24:00+02:00,572.395901807165,561.7803333799056,554.8019205804153,547.3578582621083
2025-09-08 10:25:00+02:00,574.0888959519775,563.4847401134375,555.5595753157811,549.0076638795987
2025-09-08 10:26:00+02:00,575.7769234440243,565.1888597319949,556.3171626380117,551.189061054579
2025-09-08 10:27:00+02:00,576.9238676849116,566.8926922355772,557.0746825471074,553.2073442249241
2025-09-08 10:28:00+02:00,577.7109091975756,568.596237624185,557.8940973639906,555.1446299235744
2025-09-08 10:29:00+02:00,578.4979652160705,570.2994958978184,559.6500126275632,556.8790123456789
2025-09-08 10:30:00+02:00,579.2850357403959,571.9985111024046,561.7188856649152,558.0852554012346
2025-09-08 10:31:00+02:00,580.0721207705519,573.1434848252511,563.7872553972154,559.3454383503401
2025-09-08 10:32:00+02:00,580.8592203065386,573.896770408385,565.478601184974,560.5704761904761
2025-09-08 10:33:00+02:00,581.6463343483558,574.649999787892,566.2748028541498,560.7280253212397
2025-09-08 10:34:00+02:00,582.4334628960034,575.4031729637722,567.0327383711995,562.9217857142858
2025-09-08 10:35:00+02:00,583.2206059494818,576.1562899360258,567.7906062428549,564.2134523809524
2025-09-08 10:36:00+02:00,584.0501362945326,576.9093507046525,568.5484064691166,565.1165200138025
2025-09-08 10:37:00+02:00,585.289553278448,577.6623552696522,569.306139049984,565.6805434782608
2025-09-08 10:38:00+02:00,586.6314774432608,578.4153036310254,570.0638039854575,566.2414130434782
2025-09-08 10:39:00+02:00,587.9734437609777,579.1681957887722,570.8214012755368,566.8398426177538
2025-09-08 10:40:00+02:00,589.3154522315988,579.9482561391953,571.5789309202221,567.5094062500003
2025-09-08 10:41:00+02:00,590.6575028551242,580.9915661427278,572.3813044072219,568.2164620535715
2025-09-08 10:42:00+02:00,591.8673830166745,582.1005877966372,579.064126669952,569.5147567287785
2025-09-08 10:43:00+02:00,592.6821881974718,583.2094874347326,580.8516949225548,568.8992917363436
2025-09-08 10:44:00+02:00,593.4708729146512,584.3182650570145,581.6070283989595,569.756430479243
2025-09-08 10:45:00+02:00,594.2595721875525,585.4269206634831,582.3622944622291,569.2433333333333
2025-09-08 10:46:00+02:00,595.0482860161756,586.5354542541381,583.1174931123635,571.1419135802469
2025-09-08 10:47:00+02:00,595.8370144005203,587.5276317061721,583.8726243493622,571.2017609351432
2025-09-08 10:48:00+02:00,596.6257573405867,588.2862728711211,584.6276881732258,577.0080309106098
2025-09-08 10:49:00+02:00,597.4145148363748,589.038427824629,585.382684583954,575.1853766769865
2025-09-08 10:50:00+02:00,598.2032868878853,589.7905265745098,586.1376135815472,575.8193218355718
2025-09-08 10:51:00+02:00,598.9920734951177,590.542569120764,586.8924751660052,578.2286080586081
2025-09-08 10:52:00+02:00,600.0397997410857,591.2945554633914,589.3400038988391,579.2405586757553
2025-09-08 10:53:00+02:00,601.3552620816283,592.0464856023918,593.7353505505207,580.2984596774194
2025-09-08 10:54:00+02:00,602.6707649010862,592.7983595377655,595.9852592386951,580.2570553618135
2025-09-08 10:55:00+02:00,603.9863081994579,593.5501772695131,597.592567386487,581.2526757268021
2025-09-08 10:56:00+02:00,605.3018919767444,594.3463744975306,599.1995691508996,581.241846638305
2025-09-08 10:57:00+02:00,606.6094692767476,599.6180928479619,600.806264531933,584.642027027027
2025-09-08 10:58:00+02:00,607.5776423182601,602.4684589042699,602.4126535295875,585.138380952381
2025-09-08 10:59:00+02:00,608.3666018959855,603.2208461208872,604.0187361438623,586.6207751465365
2025-09-08 11:00:00+02:00,609.1555760294323,603.9731769402395,605.6245123747578,589.7070997712979
2025-09-08 11:01:00+02:00,609.944564718601,604.7254513623263,607.2299822222744,591.8286021505378
2025-09-08 11:02:00+02:00,610.7335679634914,605.4776693871479,608.7883327564793,592.764165826613
2025-09-08 11:03:00+02:00,611.5225857641035,606.2298310147039,609.24976311671,592.0224399038461
2025-09-08 11:04:00+02:00,612.3116181204375,606.9819362449946,609.24976311671,590.3524586707152
2025-09-08 11:05:00+02:00,613.1006650324935,607.7339850780202,609.24976311671,592.1419576719577
2025-09-08 11:06:00+02:00,613.8897265002715,608.4859775137802,609.24976311671,594.3013888888889
2025-09-08 11:07:00+02:00,614.9129389753543,611.6585628095236,609.24976311671,594.7177777777778
2025-09-08 11:08:00+02:00,617.4971556891062,615.6529326559196,609.24976311671,594.7315195440524
2025-09-08 11:09:00+02:00,620.36773159565,614.1395468526068,609.24976311671,596.540013082156
2025-09-08 11:10:00+02:00,622.5599749297787,612.62593232164,609.24976311671,598.6068336734694
2025-09-08 11:11:00+02:00,623.3894682512612,611.1120890630191,609.24976311671,597.832691503268
2025-09-08 11:12:00+02:00,624.1814410754735,609.5980170767439,609.6615722148608,599.0861683006536
2025-09-08 11:13:00+02:00,624.973428555965,608.0837163628148,612.051137469861,601.3513055555555
2025-09-08 11:14:00+02:00,625.7654306927354,606.5691869212314,614.6972473765832,598.6370848108747
2025-09-08 11:15:00+02:00,626.5574474857851,605.054428751994,617.3425236126793,598.4679166666666
2025-09-08 11:16:00+02:00,627.3494789351139,603.5394418551023,619.9869661781497,600.7014460204886
2025-09-08 11:17:00+02:00,628.1415250407215,608.1518348615084,622.6305750729941,598.3367247321237
2025-09-08 11:18:00+02:00,628.9335858026079,621.0237719340919,622.9960506748018,605.0830847193348
2025-09-08 11:19:00+02:00,629.7977188090358,626.8015000081261,621.1501545488777,606.2025000000002
2025-09-08 11:20:00+02:00,635.0790671527448,630.210860102326,619.3038518918268,607.0434722222222
2025-09-08 11:21:00+02:00,635.515895818151,627.8299599554075,617.457142703649,606.7641097308489
2025-09-08 11:22:00+02:00,632.0743103221891,625.1788635505038,615.6100269843446,606.5237681159421
2025-09-08 11:23:00+02:00,628.6330014676328,622.527063622266,613.7625047339134,605.1384832451499
2025-09-08 11:24:00+02:00,625.1919692544818,619.8745601706946,611.9145759523553,606.7712044817928
2025-09-08 11:25:00+02:00,625.3654017577203,618.731556423252,610.2289104604677,604.1573198314413
2025-09-08 11:26:00+02:00,634.5603777685678,631.4471061078389,619.7564600211679,607.0928611111111
2025-09-08 11:27:00+02:00,635.9777472769745,633.5116324706491,625.4673234789668,612.9625670498085
2025-09-08 11:28:00+02:00,633.2750379573956,635.3464084139357,627.4776576942652,612.8913348385332
2025-09-08 11:29:00+02:00,630.5724992389341,637.1808468499903,629.4875092154828,612.7272275641025
2025-09-08 11:30:00+02:00,627.8701311215902,639.0149477788132,631.4968780426198,605.6900457875457
2025-09-08 11:31:00+02:00,625.1679336053639,640.8487112004043,633.5057641756764,547.2957383040936
2025-09-08 11:32:00+02:00,627.2133313095048,642.6821371147639,635.5141676146518,607.4668325358851
2025-09-08 11:33:00+02:00,642.5475436780821,644.5152255218916,637.5214737025999,612.2487777777778
2025-09-08 11:34:00+02:00,649.3311336675804,645.8519688562603,639.282490077898,619.4193518518518
2025-09-08 11:35:00+02:00,641.2227770799034,646.6023887582296,640.847139834566,614.1349671717172
2025-09-08 11:36:00+02:00,647.788013943152,647.3527520682926,642.411496243938,617.9717234169653
2025-09-08 11:37:00+02:00,652.9100485069832,648.1030587864491,643.9755593060142,622.2279467664258
2025-09-08 11:38:00+02:00,653.9405464715196,648.8533089126995,645.5393290207944,621.7470833333333
2025-09-08 11:39:00+02:00,654.7303609553021,649.6035024470434,647.1028053882785,620.9727546296295
2025-09-08 11:40:00+02:00,655.5201899948065,650.353639389481,648.665988408467,623.2749529190207
2025-09-08 11:41:00+02:00,656.3100335900326,651.1037197400121,650.2288780813594,622.1913945243394
2025-09-08 11:42:00+02:00,657.0998917409804,651.8537434986363,651.7914744069558,620.5389621212121
2025-09-08 11:43:00+02:00,657.8897644476501,653.037159469977,653.5407186090297,626.9471626984126
2025-09-08 11:44:00+02:00,658.6796517100413,659.2945543981493,655.7338088397175,628.2566798642534
2025-09-08 11:45:00+02:00,659.4695535281551,660.0065977166034,657.9452755504244,626.5812803921568
2025-09-08 11:46:00+02:00,660.2594699019908,660.0065977166034,660.156153880939,570.5515194444444
2025-09-08 11:47:00+02:00,666.1116959086501,660.0065977166034,662.3664438312619,605.339208408206
2025-09-08 11:48:00+02:00,666.2044021860406,660.0065977166034,664.5761454013932,634.8967012578615
2025-09-08 11:49:00+02:00,663.7971434961951,660.0065977166034,666.7235982621207,638.7291505847953
2025-09-08 11:50:00+02:00,661.3900199553939,660.0065977166034,665.0813743773635,637.6433936403508
2025-09-08 11:51:00+02:00,658.983031563637,660.0065977166034,661.1594860405639,636.610974099099
2025-09-08 11:52:00+02:00,656.576178320925,660.0065977166034,657.235744408832,596.3151957726957
2025-09-08 11:53:00+02:00,654.1778561326687,660.0065977166034,653.9736324546543,514.6267361111111
2025-09-08 11:54:00+02:00,655.1277094801246,662.1033255243722,655.774767274029,628.8132193732193
2025-09-08 11:55:00+02:00,658.7473940315576,666.6764662587909,658.6220883758895,631.9528985507246
2025-09-08 11:56:00+02:00,662.3673842666838,671.2474975730117,661.4684340218628,632.7569261417401
2025-09-08 11:57:00+02:00,665.9876801855037,667.819526151429,664.3138042119483,633.70029209622
2025-09-08 11:58:00+02:00,667.2796719653479,657.2226305703732,666.7876102449975,637.5638377192982
2025-09-08 11:59:00+02:00,664.078055798393,653.1962372932805,664.8411876127202,640.0337046783626
2025-09-08 12:00:00+02:00,660.7584982807277,649.1682118559268,661.5924969258233,638.5530426356589
2025-09-08 12:01:00+02:00,657.4391977909033,645.1385542583109,658.3425345499718,638.9345639688692
2025-09-08 12:02:00+02:00,653.6392915086478,641.107264500434,655.0913004851661,643.8222513227513
2025-09-08 12:03:00+02:00,648.1515838511505,650.1519426816733,657.8707687749395,637.3698941798942
2025-09-08 12:04:00+02:00,655.3756899872126,661.85565939671,655.8923793378783,641.517873015873
2025-09-08 12:05:00+02:00,641.1847867393215,637.5246355231,622.5868335085445,613.1645363756614
2025-09-08 12:06:00+02:00,643.5626097080367,654.642702113696,661.7482720010767,631.7806388888889
2025-09-08 12:07:00+02:00,623.730233179034,663.0897161444752,667.4520641289428,635.9144259259259
2025-09-08 12:08:00+02:00,603.9070432036558,668.9596718141981,667.4662831477951,632.6214444444444
2025-09-08 12:09:00+02:00,584.0930397819025,673.8296284866638,667.4662831477951,634.5781660798121
2025-09-08 12:10:00+02:00,600.4461958346401,673.7544294816662,667.4662831477951,637.062539612676
2025-09-08 12:11:00+02:00,666.7652724143973,673.0060600931031,667.4662831477951,641.1210069444445
2025-09-08 12:12:00+02:00,674.0534095509443,672.2576341126335,667.4662831477951,644.2209696342305
2025-09-08 12:13:00+02:00,673.7888740683095,671.5091515402576,667.4662831477951,644.2255263157895
2025-09-08 12:14:00+02:00,670.773369337031,670.7606123759754,667.4662831477951,642.8268165204678
2025-09-08 12:15:00+02:00,667.7580766077858,670.0120166197869,667.4662831477951,639.5950609080842
2025-09-08 12:16:00+02:00,664.7429958805742,669.2633642716924,667.4347539861203,639.1907015503875
2025-09-08 12:17:00+02:00,661.7266111109493,668.5146553316915,665.805584164048,638.9837596899224
2025-09-08 12:18:00+02:00,658.6134186500503,667.7658897997846,663.2823671406577,635.85921875
2025-09-08 12:19:00+02:00,655.4430675410238,666.28379117738,660.75838273405,633.7950071225072
2025-09-08 12:20:00+02:00,652.2729509324631,663.3282930225907,658.2336309442251,607.2185650022492
2025-09-08 12:21:00+02:00,649.1030688243682,665.1491682889189,655.7081117711825,636.1821109986505
2025-09-08 12:22:00+02:00,646.5086361432984,661.4027867215675,653.994200619522,631.4033223684211
2025-09-08 12:23:00+02:00,650.3853426843721,660.8689420191322,657.9746292423113,631.9201937134502
2025-09-08 12:24:00+02:00,656.0601586564085,662.4607653700514,663.0381953982262,629.0472718253968
2025-09-08 12:25:00+02:00,660.0097918442705,664.0523332832574,664.9026997100418,633.2198601190477
2025-09-08 12:26:00+02:00,658.4276692087321,665.6436457587511,651.6523335280506,633.9991104868915
2025-09-08 12:27:00+02:00,656.4245965358994,667.2347027965318,636.4426175443743,632.3741839254986
2025-09-08 12:28:00+02:00,654.4216174713617,668.8255043965996,621.2051552599096,632.0139352989354
2025-09-08 12:29:00+02:00,652.4187320151188,670.4160505589543,605.9399466746565,631.8095994582044
2025-09-08 12:30:00+02:00,650.4159401671711,672.0063412835964,590.6469917886152,606.3800898692809
2025-09-08 12:31:00+02:00,648.4132419275184,673.596376570526,575.3262906017853,580.3249037674037
2025-09-08 12:32:00+02:00,646.410637296161,668.5638252678009,559.977843114167,573.2699074074075
2025-09-08 12:33:00+02:00,573.6104237035631,585.072266795996,575.6509365665354,549.7917361111112
2025-09-08 12:34:00+02:00,646.3824403705171,661.59506856498,654.2473199924493,631.4477916666666
2025-09-08 12:35:00+02:00,642.999304963412,654.9734136490042,650.76117462554,623.1303472222222
2025-09-08 12:36:00+02:00,649.5930311718741,657.8331576731355,657.1347153694446,629.6588706140351
2025-09-08 12:37:00+02:00,642.4793151404315,655.1980468129345,650.5005574168385,627.6744907407407
2025-09-08 12:38:00+02:00,650.3187676148696,652.5622366867176,657.4723550933713,629.4606958333334
2025-09-08 12:39:00+02:00,642.7056263835773,649.9257272944844,650.2637880233442,626.749988034188
2025-09-08 12:40:00+02:00,646.4023663366258,647.2885186362353,654.023123261846,626.6997083333334
2025-09-08 12:41:00+02:00,643.5974935176155,649.3540798811666,654.4384248140213,624.5447304894179
2025-09-08 12:42:00+02:00,644.8193485775721,650.9592620119122,651.899842362534,631.7255456349206
2025-09-08 12:43:00+02:00,647.1576123890666,663.6824448808077,654.9513804156461,632.1019444444445
2025-09-08 12:44:00+02:00,646.2684478335618,658.3389692299424,654.5311795255009,625.6655605413106
2025-09-08 12:45:00+02:00,644.284737429625,655.0575708027407,652.2594449664707,623.6048528439153
2025-09-08 12:46:00+02:00,651.942081070169,651.7750880028916,659.1324509352999,629.2526152319903
2025-09-08 12:47:00+02:00,649.4637882246673,648.4915208303951,656.5270935383157,630.9224468183501
2025-09-08 12:48:00+02:00,646.5081360022846,645.2068692852515,653.9100130937343,631.0930674353599
2025-09-08 12:49:00+02:00,643.552687680701,641.9211333674602,651.2921089625165,630.9207076719575
2025-09-08 12:50:00+02:00,640.5974432599166,638.634313077022,648.6733811446625,628.2129454926626
2025-09-08 12:51:00+02:00,643.5936022322692,635.3464084139359,651.1682209178496,622.52825
2025-09-08 12:52:00+02:00,638.1928306967075,635.9408992555018,652.3646730452749,607.3625833333333
2025-09-08 12:53:00+02:00,651.3183238844058,660.7190974057478,660.586825486318,632.2301924603174
2025-09-08 12:54:00+02:00,644.7281467823691,652.7797534994877,653.3800812334205,622.264007997936
2025-09-08 12:55:00+02:00,643.9398710652756,652.7599467019741,654.1276295135599,619.1268207282914
2025-09-08 12:56:00+02:00,643.1516098540128,652.7599467019741,654.8751106116285,618.1678409090908
2025-09-08 12:57:00+02:00,642.3633631485807,652.7599467019741,655.6225245276264,614.995462962963
2025-09-08 12:58:00+02:00,641.5751309489792,652.7599467019741,656.3698712615535,618.8961061507937
2025-09-08 12:59:00+02:00,640.7869132552087,652.7599467019741,657.1171508134096,618.4612148148149
2025-09-08 13:00:00+02:00,639.9987100672693,652.7599467019741,657.8643631831944,620.0346555555556
2025-09-08 13:01:00+02:00,639.2105213851607,652.7599467019741,658.6115083709085,617.2872007575758
2025-09-08 13:02:00+02:00,638.4223472088827,652.7599467019741,659.3585863765516,608.9049243348115
2025-09-08 13:03:00+02:00,637.4972117068701,652.6310058338056,659.8708765623458,539.1895128726287
2025-09-08 13:04:00+02:00,635.8676711964627,650.0948287722936,656.3460304168586,618.3746165040233
2025-09-08 13:05:00+02:00,634.1403605324051,646.6549110887347,651.3557761033082,617.3299845916795
2025-09-08 13:06:00+02:00,632.4131195496786,643.2138037276443,646.3625279371015,618.4136111111111
2025-09-08 13:07:00+02:00,630.6519139963234,639.9587918712036,641.3662859182389,616.3758928571428
2025-09-08 13:08:00+02:00,625.2324071291589,648.610873162741,648.5584931821193,615.2758296783626
2025-09-08 13:09:00+02:00,617.9930085049764,641.9575073709382,642.2514702873641,612.2797514619883
2025-09-08 13:10:00+02:00,626.9104025474699,645.4443705889105,649.3740056345748,610.2786223723724
2025-09-08 13:11:00+02:00,630.0094918124862,651.3950609966403,652.9502105514591,618.4878688538769
2025-09-08 13:12:00+02:00,630.0094918124862,647.5153626514368,652.9502105514591,618.0053634876111
2025-09-08 13:13:00+02:00,630.0094918124862,642.0398038142018,652.9502105514591,615.6494051932367
2025-09-08 13:14:00+02:00,630.0094918124862,638.349708650725,652.9502105514591,611.7964583333334
2025-09-08 13:15:00+02:00,630.0094918124862,638.2507800749738,652.9502105514591,501.7915765765766
2025-09-08 13:16:00+02:00,630.0094918124862,638.2507800749738,652.9502105514591,478.7416934272983
2025-09-08 13:17:00+02:00,630.0094918124862,638.2507800749738,652.9502105514591,614.3064221113541
2025-09-08 13:18:00+02:00,630.0094918124862,638.2507800749738,652.9502105514591,614.6720600799227
2025-09-08 13:19:00+02:00,630.0094918124862,638.2507800749738,652.9502105514591,614.0750542005419
2025-09-08 13:20:00+02:00,629.5343352781167,638.2507800749738,651.6961458316102,612.1861519607844
2025-09-08 13:21:00+02:00,627.2604448814523,638.2507800749738,642.7410412688866,608.7902093545752
2025-09-08 13:22:00+02:00,624.816995824694,638.2507800749738,641.1499081355573,606.22765625
2025-09-08 13:23:00+02:00,622.3736862646617,638.2018212836376,645.2092040836376,606.4345238095237
2025-09-08 13:24:00+02:00,619.9305162013552,635.0189839812865,649.2665240925623,606.4262280701754
2025-09-08 13:25:00+02:00,617.4874856347751,629.9803301472039,649.8654710926216,607.0761373260738
2025-09-08 13:26:00+02:00,615.8587504266445,625.8098868259783,632.3712882705843,600.0283842592593
2025-09-08 13:27:00+02:00,621.1057842401362,633.8963503176674,634.9725012390556,601.3295520833334
2025-09-08 13:28:00+02:00,627.7294473725951,636.6399388786424,637.7898177741931,604.7931711386309
2025-09-08 13:29:00+02:00,623.5852601690106,633.8378559165133,637.0395155647905,602.8273485909516
2025-09-08 13:30:00+02:00,614.8721404627436,631.0349856375742,636.2891459422524,601.1580098280098
2025-09-08 13:31:00+02:00,612.3343249337163,628.2313280418259,635.5387089065789,600.1138389046941
2025-09-08 13:32:00+02:00,610.2933900247936,625.4268831292679,634.78820445777,600.6017690058479
2025-09-08 13:33:00+02:00,608.2525525059409,622.528455459284,634.0376325958259,598.6592156862745
2025-09-08 13:34:00+02:00,606.2118123771584,619.4890260186314,633.2869933207464,598.8756512605041
2025-09-08 13:35:00+02:00,604.1711696384464,616.4473686401193,632.5362866325313,595.3962678571428
2025-09-08 13:36:00+02:00,602.1306242898045,613.4047867624733,631.7855125311803,593.5616666666667
2025-09-08 13:37:00+02:00,600.3723314839908,610.37819130824,627.9547572639333,590.4119781144781
2025-09-08 13:38:00+02:00,606.135875824403,609.1689884300074,623.2720279534158,590.7480887012199
2025-09-08 13:39:00+02:00,613.1390569554408,609.1689884300074,622.5204224233962,590.3382971972502
2025-09-08 13:40:00+02:00,608.8457859208565,609.1689884300074,621.768749480241,589.5979306147292
2025-09-08 13:41:00+02:00,602.8438038235543,609.1689884300074,621.0170091239506,586.40143081761
2025-09-08 13:42:00+02:00,599.4097152606796,609.1689884300074,620.2652013545251,585.7452132435466
2025-09-08 13:43:00+02:00,599.3930456006597,609.1689884300074,619.5133261719639,585.42675
2025-09-08 13:44:00+02:00,599.3930456006597,609.1689884300074,618.7613835762675,582.1306707070706
2025-09-08 13:45:00+02:00,599.3930456006597,609.1689884300074,618.0093735674354,581.4061282593376
2025-09-08 13:46:00+02:00,599.3930456006597,609.1689884300074,617.2572961454678,581.2299793281653
2025-09-08 13:47:00+02:00,599.3930456006597,608.730362912366,615.2323209559293,579.8853080553081
2025-09-08 13:48:00+02:00,599.3930456006597,604.3869348515493,609.041557814119,579.1879552767052
2025-09-08 13:49:00+02:00,599.3930456006597,599.1196519029838,606.9636056083357,577.8254029304029
2025-09-08 13:50:00+02:00,599.3930456006597,598.2922997354297,605.1219530977905,575.2120055555555
2025-09-08 13:51:00+02:00,599.2786021487275,606.5931737026172,603.27989746517,578.1326923076923
2025-09-08 13:52:00+02:00,596.4830072724371,597.6856303480231,601.437438710474,574.303766025641
2025-09-08 13:53:00+02:00,592.559673736687,591.8987021448811,599.5945768337019,576.1425138888889
2025-09-08 13:54:00+02:00,588.6367003713149,588.3402403318512,597.7513118348543,574.3459404761905
2025-09-08 13:55:00+02:00,584.21936874795,584.7805201727781,595.9076437139306,569.7628611111111
2025-09-08 13:56:00+02:00,573.9972996475115,581.3281076328847,588.2065590617597,562.8124145299145
2025-09-08 13:57:00+02:00,579.03897875231,581.8026846168054,589.8375121503498,558.4543612637362
2025-09-08 13:58:00+02:00,576.4228372577975,584.2292755673102,585.069050246462,560.3344417989418
2025-09-08 13:59:00+02:00,577.3212152801757,586.6552821908906,588.853180404177,559.6880555555556
2025-09-08 14:00:00+02:00,572.9464863819749,589.0807044875462,584.3182345617511,556.2337152777778
2025-09-08 14:01:00+02:00,578.9442701472512,591.505542457277,590.023368754154,555.5154090608465
2025-09-08 14:02:00+02:00,583.1906045006635,593.8221941035692,593.7920337623143,563.1172851307189
2025-09-08 14:03:00+02:00,580.56090787536,591.4939332073075,591.2057645978721,563.5415535714286
2025-09-08 14:04:00+02:00,577.2237287907167,586.6570690890451,588.113046467513,559.3537909244102
2025-09-08 14:05:00+02:00,573.8868104860951,581.8462761820006,585.0191959007886,557.2636691542288
2025-09-08 14:06:00+02:00,570.5501529614955,579.5328805896838,581.9242128976996,556.9585669191919
2025-09-08 14:07:00+02:00,568.4228103828652,578.781307068916,579.7222333337197,554.5990853658535
2025-09-08 14:08:00+02:00,567.6318700935165,578.0296775371642,578.9504740277819,556.5197532369767
2025-09-08 14:09:00+02:00,566.8409444604467,577.2779919944287,578.1949034818508,552.9969232503607
2025-09-08 14:10:00+02:00,566.0500334836563,576.5262504407092,577.4392655227846,551.2290404040405
2025-09-08 14:11:00+02:00,565.2591371631449,575.7744528760061,576.6835601505829,548.3747252726303
2025-09-08 14:12:00+02:00,564.4682554989124,575.0225993003194,575.9277873652459,549.82695035461
2025-09-08 14:13:00+02:00,563.6773884909594,574.2706897136491,575.1719471667734,551.2500000000001
2025-09-08 14:14:00+02:00,562.8865361392857,573.5187241159949,574.4160395551655,550.248209090909
2025-09-08 14:15:00+02:00,562.0956984438913,572.314756475449,573.660064530422,546.1732833333333
2025-09-08 14:16:00+02:00,559.2459545950717,567.1857517399949,572.8315382329365,544.1725087719298
2025-09-08 14:17:00+02:00,551.8345472420124,563.7727810007443,568.9445669721244,542.799709176788
2025-09-08 14:18:00+02:00,549.524426922244,561.5449455143782,564.4086984979413,538.6104517168991
2025-09-08 14:19:00+02:00,547.2144317316822,559.316619484136,561.6037446383839,537.919074074074
2025-09-08 14:20:00+02:00,544.9045616703274,557.0878029100184,558.8320834533627,537.8450221483943
2025-09-08 14:21:00+02:00,542.5948167381796,554.8584957920241,556.059519042723,535.3047265288544
2025-09-08 14:22:00+02:00,540.2851969352382,552.6286981301541,553.2860514064648,531.6861754241926
2025-09-08 14:23:00+02:00,538.2563052696717,550.881680663751,550.9163325508671,528.4217432249322
2025-09-08 14:24:00+02:00,537.3498872538455,550.7515715762099,550.6272973636501,527.8869028261712
2025-09-08 14:25:00+02:00,536.5595229562659,550.7515715762099,550.6272973636501,527.8206429912391
2025-09-08 14:26:00+02:00,535.7691733149657,550.7515715762099,550.6272973636501,526.2629078014185
2025-09-08 14:27:00+02:00,534.9788383299442,550.7515715762099,550.6272973636501,523.9790873015874
2025-09-08 14:28:00+02:00,534.188518001202,550.7515715762099,550.6272973636501,524.2453333333333
2025-09-08 14:29:00+02:00,533.398212328739,550.7515715762099,550.6272973636501,525.2596964285714
2025-09-08 14:30:00+02:00,532.6079213125549,550.7515715762099,550.6272973636501,526.1617922008546
2025-09-08 14:31:00+02:00,531.8176449526507,550.7515715762099,550.6272973636501,524.1232147435898
2025-09-08 14:32:00+02:00,531.0273832490257,550.7515715762099,550.6272973636501,520.2174687500001
2025-09-08 14:33:00+02:00,528.9756110330347,547.7505967029103,548.9648472943579,518.8525312500001
2025-09-08 14:34:00+02:00,525.3422168352874,541.6441800255659,544.3278334043812,516.699178592725
2025-09-08 14:35:00+02:00,522.1015074566883,536.2643994458263,539.6295550360542,513.9012967473287
2025-09-08 14:36:00+02:00,519.5697291087336,533.9779440236143,535.6895607325939,511.679375
2025-09-08 14:37:00+02:00,517.0520877458403,532.0388785416965,533.9041700692455,511.853717948718
2025-09-08 14:38:00+02:00,514.5345952288683,530.0994436072897,532.2452645814653,509.1290116077616
2025-09-08 14:39:00+02:00,512.0172515578174,528.1596392203944,530.5860375825127,506.3605612169546
2025-09-08 14:40:00+02:00,509.5000567326872,526.2194653810102,528.9264890723878,504.25620023419214
2025-09-08 14:41:00+02:00,507.0883309701831,524.2789220891375,527.2666190510904,502.81056122448985
2025-09-08 14:42:00+02:00,504.9136998707782,522.3847665938904,525.6064275186206,501.49291520056295
2025-09-08 14:43:00+02:00,502.74795568568845,526.8301373755496,523.9459144749785,500.6009701149425
2025-09-08 14:44:00+02:00,500.5823217202338,534.4060291927908,522.2850799201642,500.954262585034
2025-09-08 14:45:00+02:00,498.4167979744148,531.1568544190839,519.8133509422994,498.4941081081081
2025-09-08 14:46:00+02:00,496.2513844482313,525.5110855037972,515.8051326260781,495.70748427672953
2025-09-08 14:47:00+02:00,494.0860811416833,517.3595329165346,511.75861518153823,492.81143649193547
2025-09-08 14:48:00+02:00,492.06523083150967,509.5734587577253,507.7470151826424,487.8387141203704
2025-09-08 14:49:00+02:00,490.4293747127894,516.1002615212087,505.2873388153958,485.3047313596491
2025-09-08 14:50:00+02:00,488.8142003649492,519.294839447575,503.6475110049004,485.9302604166667
2025-09-08 14:51:00+02:00,487.1990873613205,511.5485872990332,502.0073711215768,484.3822530241935
2025-09-08 14:52:00+02:00,485.584035701903,502.0191797804421,500.36691916542486,480.3695731707317
2025-09-08 14:53:00+02:00,483.96904538669753,496.5452126996849,498.7261551364448,477.3756456551578
2025-09-08 14:54:00+02:00,482.3541164157035,505.7093291582871,497.0850790346364,477.5698265895953
2025-09-08 14:55:00+02:00,480.739248788921,503.9356960843552,495.4436908599998,477.0010404624277
2025-09-08 14:56:00+02:00,479.12444250634974,501.5685404471705,493.8019906125349,476.42829363229527
2025-09-08 14:57:00+02:00,477.4824415302913,499.2008374757194,492.146440467347,475.2955197132617
2025-09-08 14:58:00+02:00,475.33174747999135,496.8325871700018,489.804497437327,472.0452189265537
2025-09-08 14:59:00+02:00,472.9903897977032,494.4637895300178,487.07813147504976,470.5308474576271
2025-09-08 15:00:00+02:00,470.6491611143696,492.0811963262309,484.3509060733187,469.2793785310735
2025-09-08 15:01:00+02:00,468.3080614299907,489.6026397375146,481.6228212321335,466.2029166666666
2025-09-08 15:02:00+02:00,465.9670907445663,487.1049279678597,478.893876951494,463.4574074074074
2025-09-08 15:03:00+02:00,463.6262490580965,484.6066085338267,476.3750432494979,462.04493464052285
2025-09-08 15:04:00+02:00,461.4843864974765,482.107681435416,474.418202836848,460.418256302521
2025-09-08 15:05:00+02:00,459.8152411371626,479.6081466726277,472.4910727601287,458.9529723502304
2025-09-08 15:06:00+02:00,458.1663330461752,477.1586547111377,470.5635147595162,456.31081950844856
2025-09-08 15:07:00+02:00,456.51748898079984,474.9519370390758,468.6355288350106,454.072465437788
2025-09-08 15:08:00+02:00,454.86870894103663,472.7764161714534,466.7071149866119,451.9895604048072
2025-09-08 15:09:00+02:00,453.21999292688565,470.6004355964426,464.77827321432005,451.0433823529413
2025-09-08 15:10:00+02:00,451.5713409383467,468.4239953140436,462.84900351813496,450.10220588235296
2025-09-08 15:11:00+02:00,449.9227529754198,466.2470953242564,460.39773957623794,447.9497140522876
2025-09-08 15:12:00+02:00,448.2742290381056,464.0697356270808,457.47373199323926,445.8428070175439
2025-09-08 15:13:00+02:00,446.52606770161066,461.76772845615153,454.54874254743567,443.4427717391304
2025-09-08 15:14:00+02:00,444.1990953444731,459.1857173836681,451.6227712388269,440.9139891304348
2025-09-08 15:15:00+02:00,441.77899194407337,456.59270621795537,448.695818067413,438.8126149425288
2025-09-08 15:16:00+02:00,439.359026568149,453.9990439966261,445.6263412979851,436.3019977335276
2025-09-08 15:17:00+02:00,436.9391992167004,451.4047307196799,442.3782380346527,434.6930738911079
2025-09-08 15:18:00+02:00,434.5195098897272,448.8016617002861,439.12848329084136,433.0417297441365
2025-09-08 15:19:00+02:00,431.9454892330612,444.5359245928304,435.8775207746341,429.5876964285714
2025-09-08 15:20:00+02:00,424.429202494013,439.0192027381,426.7626624888368,427.5181004140787
2025-09-08 15:21:00+02:00,403.5058728010399,431.2049538229519,393.53933282717645,426.0941739130433
2025-09-08 15:22:00+02:00,393.0266149519789,409.9681975591826,412.35143295832086,419.2598526570048
2025-09-08 15:23:00+02:00,410.78969786449534,424.5812189538128,430.0298129668555,387.5810682720057
2025-09-08 15:24:00+02:00,413.255771087355,430.4127235128512,426.20514180152907,395.8853013468013
2025-09-08 15:25:00+02:00,410.3811583378878,426.9790821991594,422.3788025489165,415.6138271604938
2025-09-08 15:26:00+02:00,407.5067406112556,423.544305689672,418.57030289188464,412.3886111111111
2025-09-08 15:27:00+02:00,404.6325179074585,420.10839398438907,415.7489131030458,408.5928713768116
2025-09-08 15:28:00+02:00,401.7742901927599,417.3193929143858,413.47967235766464,405.3519810606061
2025-09-08 15:29:00+02:00,399.4218232742117,415.4462494867416,411.20984620746094,405.45483931419454
2025-09-08 15:30:00+02:00,397.30646090568666,413.57931709196026,408.93943465243456,405.7250416666666
2025-09-08 15:31:00+02:00,395.1912042121506,411.7120500142631,406.6684376925857,403.10763496677737
2025-09-08 15:32:00+02:00,393.0760531936037,409.84444825365006,404.3968553279141,400.8648262065517
2025-09-08 15:33:00+02:00,390.9610078500459,407.9765118101212,402.1749304421581,397.3428487641391
2025-09-08 15:34:00+02:00,388.8460681814773,406.1082406836764,400.1788032945909,395.0730519480519
2025-09-08 15:35:00+02:00,386.7312341878979,404.2396348743156,398.2096804443818,393.4731701321728
2025-09-08 15:36:00+02:00,384.2969243625968,401.9738836560357,396.240118335038,390.46868697478993
2025-09-08 15:37:00+02:00,381.5536712189362,399.2385611930728,394.27011696655927,387.71375
2025-09-08 15:38:00+02:00,378.8105959241983,396.50252219891576,392.299676338946,384.9222924128948
2025-09-08 15:39:00+02:00,376.0676984783829,393.7657666735647,390.32879645219776,383.3986746987952
2025-09-08 15:40:00+02:00,373.32497888149,391.0282946170199,388.3574773063151,381.830162037037
2025-09-08 15:41:00+02:00,370.6157781955784,388.2991251916787,385.9917752722436,379.18694517543855
2025-09-08 15:42:00+02:00,368.1467921049021,385.6184520709117,383.18989281709975,377.0436842105264
2025-09-08 15:43:00+02:00,365.72462225141976,382.94447564683327,380.387123940168,376.0392143962849
2025-09-08 15:44:00+02:00,363.30259115560943,380.2698166053326,377.5834686414484,373.5304800221976
2025-09-08 15:45:00+02:00,360.8806988174712,377.59447494640966,374.7789269209407,371.2893923418424
2025-09-08 15:46:00+02:00,358.4589452370049,374.9184506700645,372.05454037548833,368.7594741532977
2025-09-08 15:47:00+02:00,356.0343622672408,372.4259453286426,369.63620563038427,365.505
2025-09-08 15:48:00+02:00,353.4847239325844,370.1505883444946,367.2461715877869,362.1479693280821
2025-09-08 15:49:00+02:00,350.8691387362388,367.874738316888,364.8554949051412,359.45399301825995
2025-09-08 15:50:00+02:00,348.2537154555522,365.5983952458225,362.46417558244696,357.5948684210526
2025-09-08 15:51:00+02:00,345.6384540905245,363.32155913129833,360.0722136197041,356.29959821428565
2025-09-08 15:52:00+02:00,343.02335464115583,361.0442299733154,357.6531886599828,354.3915625
2025-09-08 15:53:00+02:00,340.41530146025616,358.696292763474,354.90504380111093,352.25760571796286
2025-09-08 15:54:00+02:00,337.88612563944656,355.7236483281042,352.057857649636,349.23699706227967
2025-09-08 15:55:00+02:00,335.37924831742146,352.60283841541235,349.2097625649699,346.95209010487633
2025-09-08 15:56:00+02:00,332.8725198413175,349.4811040035867,346.3607585471124,346.9408461538462
2025-09-08 15:57:00+02:00,330.3659402111345,346.3584450926271,343.5112792895976,343.76893065998325
2025-09-08 15:58:00+02:00,327.8595094268727,343.3369837761673,340.83442241194416,339.4716129032258
2025-09-08 15:59:00+02:00,325.3252109504045,340.7013642033064,338.29519414556574,338.5040438596492
2025-09-08 16:00:00+02:00,322.3148149670598,338.1015769111961,335.7552451858763,334.720457126343
2025-09-08 16:01:00+02:00,319.1365589044745,335.50114983694624,333.2145755328761,334.08191860465115
2025-09-08 16:02:00+02:00,315.95854227042656,332.90008298055653,330.67318518656487,333.7315074750831
2025-09-08 16:03:00+02:00,312.7807650649156,330.2983763420273,328.13174221372344,330.20196428571427
2025-09-08 16:04:00+02:00,309.7377902894579,327.8196576843218,325.648385268419,325.7328442229605
2025-09-08 16:05:00+02:00,307.47632075270764,325.53820631376726,323.20110488377765,323.837532481712
2025-09-08 16:06:00+02:00,305.34084091076585,323.25851216396023,320.75315731296047,323.13563380281687
2025-09-08 16:07:00+02:00,303.20546923312713,320.978327470277,318.3045425559675,322.3532562539415
2025-09-08 16:08:00+02:00,301.0702057197914,318.69765223271776,315.855260612799,320.83790588980554
2025-09-08 16:09:00+02:00,298.9350503707585,316.4164864512822,313.4053114834547,317.38240702851186
2025-09-08 16:10:00+02:00,296.8000031860285,314.1051883387366,310.8836783794975,314.8560538720539
2025-09-08 16:11:00+02:00,294.6005777440665,311.3451651103705,308.27738570306667,311.3996816134316
2025-09-08 16:12:00+02:00,291.77754518282825,308.43439261948515,305.6703388171346,308.38929846513184
2025-09-08 16:13:00+02:00,288.79878317895395,305.5228225870034,303.06253772170146,307.320925925926
2025-09-08 16:14:00+02:00,285.820231793743,302.6104550129252,300.4539824167671,305.77479272556684
2025-09-08 16:15:00+02:00,282.84189102719563,299.6883318593541,297.8437077814888,303.4979143126177
2025-09-08 16:16:00+02:00,279.8738217752387,296.3113978415737,295.1837646503568,298.732963633041
2025-09-08 16:17:00+02:00,277.0769852643232,292.6794175374599,292.49567697116777,296.9311979166667
2025-09-08 16:18:00+02:00,274.3406919418328,289.04619910136853,289.80678979452205,294.1925505050505
2025-09-08 16:19:00+02:00,271.6045764682649,285.41174253329905,287.1171031204197,291.72775252525247
2025-09-08 16:20:00+02:00,268.8686388436195,281.01023735182946,284.42661694886084,289.45097953216373
2025-09-08 16:21:00+02:00,266.1328790678968,275.9137085878051,275.9866587458765,286.51735294117645
2025-09-08 16:22:00+02:00,243.8109060720845,270.6199490521723,200.7846648681096,282.8152559912854
2025-09-08 16:23:00+02:00,150.12846586382824,220.1684565863329,109.98688050540215,278.6843914232359
2025-09-08 16:24:00+02:00,98.09418676974926,126.47158022206176,98.019284327763,271.95114370748297
2025-09-08 16:25:00+02:00,97.3853386607424,103.1780190152742,98.019284327763,209.2165
2025-09-08 16:26:00+02:00,97.3853386607424,104.8417101349119,98.019284327763,112.5442361111111
2025-09-08 16:27:00+02:00,97.3853386607424,106.505150431696,98.019284327763,61.236962833914056
2025-09-08 16:28:00+02:00,97.3853386607424,108.16833990562654,98.019284327763,57.286219512195125
2025-09-08 16:29:00+02:00,97.3853386607424,109.83127855670357,98.019284327763,57.65207317073172
2025-09-08 16:30:00+02:00,97.3853386607424,111.4939663849271,98.019284327763,58.01792682926831
2025-09-08 16:31:00+02:00,97.3853386607424,113.15640339029706,98.019284327763,59.01176575203253
2025-09-08 16:32:00+02:00,97.3853386607424,114.81858957281338,98.019284327763,77.00830158730159
2025-09-08 16:33:00+02:00,97.59536647518728,116.8036499029974,99.0960746545146,118.4134722222222
2025-09-08 16:34:00+02:00,102.16373288589104,149.2359635226215,102.88017990254102,173.68506944444445
2025-09-08 16:35:00+02:00,108.46574823724087,204.7006600250517,106.79317251599832,225.6767509920635
2025-09-08 16:36:00+02:00,129.42178331986065,245.02469981888763,110.70453900494846,248.04578042328043
2025-09-08 16:37:00+02:00,182.94471191352187,237.80078800630704,131.09139789835567,243.42201388888893
2025-09-08 16:38:00+02:00,213.6365855844304,184.17124315999823,194.28259470696872,190.5405555555556
2025-09-08 16:39:00+02:00,187.93153891129032,172.89566687019703,227.4427883049133,141.30727182539684
2025-09-08 16:40:00+02:00,164.4204867573102,201.58454559051148,178.40016344730566,177.01715277777774
2025-09-08 16:41:00+02:00,181.5649731589836,217.7593076820625,172.42353233517397,207.7729674796748
2025-09-08 16:42:00+02:00,206.01829378403187,222.672331222003,200.1946044511655,221.3576488095238
2025-09-08 16:43:00+02:00,215.7801679864031,220.7643537878728,213.03674762143592,231.25719444444448
2025-09-08 16:44:00+02:00,215.63921931894373,218.84269322983533,219.45182229717796,228.24854166666665
2025-09-08 16:45:00+02:00,211.34753015720491,216.92069086058527,215.09418674166247,224.4970908045977
2025-09-08 16:46:00+02:00,207.056279796845,214.99834668012284,208.98245269139304,221.16678611111112
2025-09-08 16:47:00+02:00,203.0343931000794,213.07566068844787,187.4919302275099,219.65729166666665
2025-09-08 16:48:00+02:00,199.96858774897532,211.15263288556028,144.61725522108725,217.92945363965745
2025-09-08 16:49:00+02:00,196.986579339005,209.2292632714602,138.4271280439899,214.54654451345755
2025-09-08 16:50:00+02:00,194.0047829310683,206.617064848208,175.67885036307962,211.2513146441372
2025-09-08 16:51:00+02:00,191.02319852516507,203.3381202662454,204.17270449798733,208.04513632872505
2025-09-08 16:52:00+02:00,188.06078456322425,200.0581832294201,200.2779860438355,204.1781111111111
2025-09-08 16:53:00+02:00,185.18964183024292,196.77725373773217,196.3543695009815,201.5454098360656
2025-09-08 16:54:00+02:00,182.3305431473069,193.55526130739932,192.42908487084128,199.06480453688496
2025-09-08 16:55:00+02:00,179.47163948720586,190.91214919082225,176.93617726884358,197.01185714285717
2025-09-08 16:56:00+02:00,176.61293084993986,188.4133833731619,140.54648133913253,195.86881746031747
2025-09-08 16:57:00+02:00,173.03080643517472,185.9140428206481,102.38999016731373,193.33219782282285
2025-09-08 16:58:00+02:00,152.81577627908106,183.41412753328072,82.74510157052082,190.7040856481481
2025-09-08 16:59:00+02:00,119.7892575744057,180.91363751105973,81.4959876539392,189.0984628378378
2025-09-08 17:00:00+02:00,89.3114821671826,177.24577594163355,80.69863394561487,186.50356185390456
2025-09-08 17:01:00+02:00,81.66327307500556,155.2803628276492,79.90121305521971,183.47437217145125
2025-09-08 17:02:00+02:00,80.88542777548366,119.71242851900448,79.10372498275375,180.81318292682928
2025-09-08 17:03:00+02:00,80.10759698179245,87.76934912547922,78.30616972821696,177.33033333333333
2025-09-08 17:04:00+02:00,79.32978069393194,72.68431541112123,77.50854729160935,160.9702777777778
2025-09-08 17:05:00+02:00,78.5519789119021,71.22822568033585,76.71085767293098,123.20541666666666
2025-09-08 17:06:00+02:00,77.77419163570296,71.22822568033585,75.91310087218179,80.0567261904762
2025-09-08 17:07:00+02:00,76.99641886533453,71.22822568033585,75.11509654180723,50.50491319444444
2025-09-08 17:08:00+02:00,76.2186606007968,71.22822568033585,74.29177418097086,45.14070157027363
2025-09-08 17:09:00+02:00,75.4409168420898,71.22822568033585,73.45052275990044,44.76503731343284
2025-09-08 17:10:00+02:00,74.50091088259606,71.22822568033585,72.60919666984759,44.42921641791045
2025-09-08 17:11:00+02:00,72.78144473853538,71.22822568033585,71.76779591081225,44.09339552238806
2025-09-08 17:12:00+02:00,70.96063524769973,71.22822568033585,70.92632048279442,43.75923270162346
2025-09-08 17:13:00+02:00,69.13990527771529,71.22822568033585,70.08477038579407,43.444029605263154
2025-09-08 17:14:00+02:00,67.47097266208846,70.9375044789511,69.24314561981122,43.13416118421051
2025-09-08 17:15:00+02:00,67.1523658495486,70.15526208753874,68.4014461848459,42.82429276315786
2025-09-08 17:16:00+02:00,67.1523658495486,69.36528396663745,67.55967208089814,42.51442434210523
2025-09-08 17:17:00+02:00,67.1523658495486,68.5752496421094,67.03937158313869,42.20397789663006
2025-09-08 17:18:00+02:00,67.1523658495486,67.78515911395449,67.03352534808808,41.88370503597124
2025-09-08 17:19:00+02:00,67.1523658495486,66.99501238217276,67.03352534808808,41.55996402877701
2025-09-08 17:20:00+02:00,67.1523658495486,66.20480944676422,67.03352534808808,41.23622302158277
2025-09-08 17:21:00+02:00,67.1523658495486,65.41455030772886,67.03352534808808,40.91248201438851
2025-09-08 17:22:00+02:00,67.1523658495486,64.62423496506666,67.03352534808808,40.5921855456811
2025-09-08 17:23:00+02:00,67.1523658495486,63.82283374548874,67.03352534808808,40.28341503267973
2025-09-08 17:24:00+02:00,66.95696533927078,62.46248334545754,67.03352534808808,39.97557189542483
2025-09-08 17:25:00+02:00,66.20793853575628,60.78937803775868,67.03352534808808,39.66772875816992
2025-09-08 17:26:00+02:00,65.42635970042026,59.116020994293976,67.01905766177012,39.359885620915016
2025-09-08 17:27:00+02:00,64.64479552136333,57.44241221506341,66.47928591373514,39.03852568512786
2025-09-08 17:28:00+02:00,63.863245998585526,56.04522101115889,65.67791867143544,38.65223684210529
2025-09-08 17:29:00+02:00,63.08171113208684,55.89409997077615,64.87648378374173,38.257500000000014
2025-09-08 17:30:00+02:00,62.300190921867255,55.89409997077615,64.07498125065395,37.86276315789474
2025-09-08 17:31:00+02:00,61.51868536792679,55.89409997077615,63.27341107217214,37.50565181335693
2025-09-08 17:32:00+02:00,60.73719447026546,55.89409997077615,62.47177324829627,37.23796918767511
2025-09-08 17:33:00+02:00,59.95571822888331,55.89409997077615,61.67006777902634,36.974103641456615
2025-09-08 17:34:00+02:00,58.45565810233511,55.89409997077615,60.86829466436238,36.71023809523812
2025-09-08 17:35:00+02:00,56.3476386321465,55.89409997077615,60.06645390430435,36.44637254901962
2025-09-08 17:36:00+02:00,54.2397258222563,55.89409997077615,59.08558143302052,36.18250700280112
2025-09-08 17:37:00+02:00,52.351477836692254,55.89409997077615,57.06528778342698,35.90654813301469
2025-09-08 17:38:00+02:00,52.04409673110813,55.59094978834119,54.87707273005395,35.60629969418964
2025-09-08 17:39:00+02:00,52.04409673110813,54.8027206772617,52.68835437162989,35.30538226299698
2025-09-08 17:40:00+02:00,52.04409673110813,54.0089230790897,51.13472452208777,35.004464831804306
2025-09-08 17:41:00+02:00,52.04409673110813,53.21506888901136,50.33206299791527,34.70354740061163
2025-09-08 17:42:00+02:00,52.04409673110813,52.421158107026685,49.52933382834872,34.39595434884426
2025-09-08 17:43:00+02:00,52.04409673110813,51.62719073313568,48.72653701338812,34.012027027027045
2025-09-08 17:44:00+02:00,52.04409673110813,50.83316676733834,47.92367255303347,33.60662162162165
2025-09-08 17:45:00+02:00,52.04409673110813,50.03908620963468,47.12074044728476,33.20121621621624
2025-09-08 17:46:00+02:00,52.04409673110813,49.24494906002472,46.31774069614201,32.796981981981986
2025-09-08 17:47:00+02:00,51.81050671566115,48.365207137777496,45.51467329960521,32.39666666666669
2025-09-08 17:48:00+02:00,51.05134821274926,44.74729124517268,44.71153825767436,31.99666666666669
2025-09-08 17:49:00+02:00,50.27273848097384,40.6887587332176,43.90646330956188,31.596666666666675
2025-09-08 17:50:00+02:00,49.494143304920165,39.631404358207725,43.06636851472862,31.191120448179262
2025-09-08 17:51:00+02:00,48.71556268458825,38.83652585462479,42.21309158605759,30.77773109243697
2025-09-08 17:52:00+02:00,47.93699661997807,38.04159075913552,41.35973834134372,30.36428571428571
2025-09-08 17:53:00+02:00,47.15844511108965,37.24659907173992,40.50630878058701,29.950840336134448
2025-09-08 17:54:00+02:00,46.379908157922976,36.45155079243798,39.65280290378748,29.54491343674034
2025-09-08 17:55:00+02:00,45.601385760478045,35.656445921229746,38.7992207109451,29.14841409691631
2025-09-08 17:56:00+02:00,44.78802349633356,34.861284458115186,37.94556220205989,28.751938325991198
2025-09-08 17:57:00+02:00,38.45055483488337,34.066066403094304,37.09182737713184,28.355505838447183
2025-09-08 17:58:00+02:00,36.1551229230734,33.270791756167085,36.23864082469833,27.961266375545858
2025-09-08 17:59:00+02:00,35.37545208795203,32.4334831297349,35.41702666000507,27.56825327510917
2025-09-08 18:00:00+02:00,34.59579585870128,31.54971206136848,34.61304154095565,27.17524017467249
2025-09-08 18:01:00+02:00,33.81615423532116,30.66587112645103,33.80898877651217,26.782425565700677
2025-09-08 18:02:00+02:00,33.036527217811674,29.781960324982585,33.00486836667466,26.392077922077927
2025-09-08 18:03:00+02:00,32.2569148061728,28.897979656963123,32.20068031144308,26.002467532467545
2025-09-08 18:04:00+02:00,31.477317000404547,28.01392912239264,31.396424610817466,25.612857142857155
2025-09-08 18:05:00+02:00,30.69773380050692,27.129808721271125,30.59210126479779,25.228322830306222
2025-09-08 18:06:00+02:00,29.918165206479927,26.24561845359859,29.787710273384064,24.875295202952017
2025-09-08 18:07:00+02:00,29.132540071973587,25.36472579363064,28.98325163657629,24.527693726937247
2025-09-08 18:08:00+02:00,28.335431983481392,24.546628079184277,28.17344954895355,24.180092250922492
2025-09-08 18:09:00+02:00,27.53806659502736,23.75204630853852,27.32840383883564,23.832490774907743
2025-09-08 18:10:00+02:00,26.74071648867352,22.9574081406274,26.476834161468304,23.473622641509422
2025-09-08 18:11:00+02:00,25.943381664419867,22.162713575450937,25.625188723082037,23.10230188679244
2025-09-08 18:12:00+02:00,25.146062122266407,21.367962613009126,24.773467523676857,22.730981132075453
2025-09-08 18:13:00+02:00,24.348757862213155,20.573155253301955,23.92167056325277,22.35966037735848
2025-09-08 18:14:00+02:00,23.551468884260096,19.778291496329444,23.069797841809773,21.984697120158884
2025-09-08 18:15:00+02:00,22.75419518840723,18.98337134209156,22.217849359347877,21.59223684210525
2025-09-08 18:16:00+02:00,21.95833226689808,18.188394790588333,21.365825115867075,21.197499999999984
2025-09-08 18:17:00+02:00,21.178441422463223,17.38992639189089,20.51634794821889,20.80276315789473
2025-09-08 18:18:00+02:00,20.403054878666676,16.57684029456712,19.70255199018578,20.406513157894736
2025-09-08 18:19:00+02:00,19.627682791065844,15.76205905187566,18.900008466892363,20.006666666666664
2025-09-08 18:20:00+02:00,18.85232515966078,14.947218592485388,18.09739776152813,19.606666666666666
2025-09-08 18:21:00+02:00,18.07698198445144,14.13231891639629,17.294719874093097,19.206666666666667
2025-09-08 18:22:00+02:00,17.301653265437846,13.317360023608362,16.491974804587276,18.842417582417585
2025-09-08 18:23:00+02:00,16.526339002619984,12.502341914121605,15.689162553010648,18.512747252747253
2025-09-08 18:24:00+02:00,15.751039195997867,11.687264587936015,14.886283119363233,18.18307692307692
2025-09-08 18:25:00+02:00,14.975753845571486,10.872128045051603,14.083336503645013,17.853406593406593
2025-09-08 18:26:00+02:00,14.351228937484557,10.057123268651992,13.280322705855998,17.506970152243593
2025-09-08 18:27:00+02:00,14.297391022546469,9.254283107934484,12.471148649974475,17.039817708333334
2025-09-08 18:28:00+02:00,14.297391022546469,8.458616629885103,11.637531991746886,16.549192708333333
2025-09-08 18:29:00+02:00,13.636768739917944,7.662893754570369,10.801322826033765,16.062361875
2025-09-08 18:30:00+02:00,12.510642495987538,6.867114481990285,9.96504084639571,15.65426
2025-09-08 18:31:00+02:00,11.443335472569784,6.071278812144847,9.128686052832716,15.277460000000008
2025-09-08 18:32:00+02:00,10.434156474163071,5.275386745034052,8.292258445344785,14.90066000000001
2025-09-08 18:33:00+02:00,9.482318703852966,4.479438280657913,7.45575802393191,14.523959411764707
2025-09-08 18:34:00+02:00,8.586937865943417,3.68343341901641,6.619184788594097,14.161176470588236
2025-09-08 18:35:00+02:00,7.747030681105699,2.8873721601095568,5.78253873933134,13.80823529411765
2025-09-08 18:36:00+02:00,6.96151337031115,2.1741860578381047,4.977198147576994,13.455294117647062
2025-09-08 18:37:00+02:00,6.229203217366295,2.058081711031175,4.75754809725739,13.102352941176472
2025-09-08 18:38:00+02:00,5.548815420660012,2.058081711031175,4.75754809725739,12.728723991780116
2025-09-08 18:39:00+02:00,4.918965806135918,2.058081711031175,4.75754809725739,12.318100436681217
2025-09-08 18:40:00+02:00,4.338171399089774,2.058081711031175,4.338171399089774,11.906746724890825
2025-09-08 18:41:00+02:00,3.804852118889333,2.058081711031175,3.804852118889333,11.495393013100434
2025-09-08 18:42:00+02:00,3.317333055323222,2.058081711031175,3.317333055323222,11.071041666666664
2025-09-08 18:43:00+02:00,2.908280466443995,2.058081711031175,2.908280466443995,10.634930555555547
2025-09-08 18:44:00+02:00,2.547023666663871,2.058081711031175,2.547023666663871,10.19881944444444
2025-09-08 18:45:00+02:00,2.397267911562176,2.058081711031175,2.397267911562176,9.764808833106809
2025-09-08 18:46:00+02:00,2.065435791172129,0.0,2.065435791172129,9.348119266055043
2025-09-08 18:47:00+02:00,1.7626414391286545,0.0,1.7626414391286545,8.935275229357792
2025-09-08 18:48:00+02:00,1.488735790816941,0.0,1.488735790816941,8.522431192660546
2025-09-08 18:49:00+02:00,1.242823470757151,0.0,1.242823470757151,8.127516011770817
2025-09-08 18:50:00+02:00,1.0233558849171736,0.0,1.0233558849171736,7.770849056603776
2025-09-08 18:51:00+02:00,0.8314964533524778,0.0,0.6437393533749649,7.41537735849057
2025-09-08 18:52:00+02:00,0.6658150903578866,0.0,0.0,7.059905660377363
2025-09-08 18:53:00+02:00,0.5246497699790436,0.0,0.0,6.703185886896841
2025-09-08 18:54:00+02:00,0.0211460015771951,0.0,0.0,6.333236514522823
2025-09-08 18:55:00+02:00,0.0,0.0,0.0,5.959792531120335
2025-09-08 18:56:00+02:00,0.0,0.0,0.0,5.586348547717846
2025-09-08 18:57:00+02:00,0.0,0.0,0.0,5.218526111739806
2025-09-08 18:58:00+02:00,0.0,0.0,0.0,4.914984848484852
2025-09-08 18:59:00+02:00,0.0,0.0,0.0,4.629530303030308
2025-09-08 19:00:00+02:00,0.0,0.0,0.0,4.344075757575761
2025-09-08 19:01:00+02:00,0.0,0.0,0.0,4.058621212121214
2025-09-08 19:02:00+02:00,0.0,0.0,0.0,3.773166666666667
2025-09-08 19:03:00+02:00,0.0,0.0,0.0,3.5186922753172745
2025-09-08 19:04:00+02:00,0.0,0.0,0.0,3.316591880341877
2025-09-08 19:05:00+02:00,0.0,0.0,0.0,3.115309829059825
2025-09-08 19:06:00+02:00,0.0,0.0,0.0,2.914027777777775
2025-09-08 19:07:00+02:00,0.0,0.0,0.0,2.712745726495724
2025-09-08 19:08:00+02:00,0.0,0.0,0.0,2.511463675213674
2025-09-08 19:09:00+02:00,0.0,0.0,0.0,2.310181623931623
2025-09-08 19:10:00+02:00,0.0,0.0,0.0,2.109007604467509
2025-09-08 19:11:00+02:00,0.0,0.0,0.0,1.951046312178388
2025-09-08 19:12:00+02:00,0.0,0.0,0.0,1.8275471698113213
2025-09-08 19:13:00+02:00,0.0,0.0,0.0,1.704048027444255
2025-09-08 19:14:00+02:00,0.0,0.0,0.0,1.5805488850771887
2025-09-08 19:15:00+02:00,0.0,0.0,0.0,1.4570497427101223
2025-09-08 19:16:00+02:00,0.0,0.0,0.0,1.333550600343056
2025-09-08 19:17:00+02:00,0.0,0.0,0.0,1.210051457975989
2025-09-08 19:18:00+02:00,0.0,0.0,0.0,1.0865523156089212
2025-09-08 19:19:00+02:00,0.0,0.0,0.0,0.9630531732418534
2025-09-08 19:20:00+02:00,0.0,0.0,0.0,0.8382215621470109
2025-09-08 19:21:00+02:00,0.0,0.0,0.0,0.6968292682926828
2025-09-08 19:22:00+02:00,0.0,0.0,0.0,0.5549905382674516
2025-09-08 19:23:00+02:00,0.0,0.0,0.0,0.4896982758620691
2025-09-08 19:24:00+02:00,0.0,0.0,0.0,0.4514224137931033
2025-09-08 19:25:00+02:00,0.0,0.0,0.0,0.4131465517241378
2025-09-08 19:26:00+02:00,0.0,0.0,0.0,0.3748706896551723
2025-09-08 19:27:00+02:00,0.0,0.0,0.0,0.3365948275862068
2025-09-08 19:28:00+02:00,0.0,0.0,0.0,0.2983189655172413
2025-09-08 19:29:00+02:00,0.0,0.0,0.0,0.2600431034482758
2025-09-08 19:30:00+02:00,0.0,0.0,0.0,0.2217672413793103
2025-09-08 19:31:00+02:00,0.0,0.0,0.0,0.1834913793103448
2025-09-08 19:32:00+02:00,0.0,0.0,0.0,0.1526580459770115
2025-09-08 19:33:00+02:00,0.0,0.0,0.0,0.15
2025-09-08 19:34:00+02:00,0.0,0.0,0.0,0.15
2025-09-08 19:35:00+02:00,0.0,0.0,0.0,0.15
2025-09-08 19:36:00+02:00,0.0,0.0,0.0,0.15
2025-09-08 19:37:00+02:00,0.0,0.0,0.0,0.15
2025-09-08 19:38:00+02:00,0.0,0.0,0.0,0.15
2025-09-08 19:39:00+02:00,0.0,0.0,0.0,0.15
2025-09-08 19:40:00+02:00,0.0,0.0,0.0,0.15
2025-09-08 19:41:00+02:00,0.0,0.0,0.0,0.15
2025-09-08 19:42:00+02:00,0.0,0.0,0.0,0.1464779874213837
2025-09-08 19:43:00+02:00,0.0,0.0,0.0,0.1382675814751288
2025-09-08 19:44:00+02:00,0.0,0.0,0.0,0.1300343053173244
2025-09-08 19:45:00+02:00,0.0,0.0,0.0,0.12180102915952
2025-09-08 19:46:00+02:00,0.0,0.0,0.0,0.1135677530017155
2025-09-08 19:47:00+02:00,0.0,0.0,0.0,0.105334476843911
2025-09-08 19:48:00+02:00,0.0,0.0,0.0,0.0971012006861064
2025-09-08 19:49:00+02:00,0.0,0.0,0.0,0.0888679245283019
2025-09-08 19:50:00+02:00,0.0,0.0,0.0,0.0806346483704974
2025-09-08 19:51:00+02:00,0.0,0.0,0.0,0.0732161234991423
2025-09-08 19:52:00+02:00,0.0,0.0,0.0,0.0822212692967409
2025-09-08 19:53:00+02:00,0.0,0.0,0.0,0.0976586620926242
2025-09-08 19:54:00+02:00,0.0,0.0,0.0,0.1130960548885075
2025-09-08 19:55:00+02:00,0.0,0.0,0.0,0.1285334476843909
2025-09-08 19:56:00+02:00,0.0,0.0,0.0,0.1439708404802742
2025-09-08 19:57:00+02:00,0.0,0.0,0.0,0.1594082332761575
2025-09-08 19:58:00+02:00,0.0,0.0,0.0,0.1748456260720408
2025-09-08 19:59:00+02:00,0.0,0.0,0.0,0.1902830188679243
2025-09-08 20:00:00+02:00,0.0,0.0,0.0,0.2057204116638078
2025-09-09 05:00:00+02:00,0.0,0.0,0.0,0.0
2025-09-09 05:01:00+02:00,0.0,0.0,0.0,0.0
2025-09-09 05:02:00+02:00,0.0,0.0,0.0,0.0
2025-09-09 05:03:00+02:00,0.0,0.0,0.0,0.0
2025-09-09 05:04:00+02:00,0.0,0.0,0.0,0.0
2025-09-09 05:05:00+02:00,0.0,0.0,0.0,0.0
2025-09-09 05:06:00+02:00,0.0,0.0,0.0,0.0
2025-09-09 05:07:00+02:00,0.0,0.0,0.0,0.0028418803418803
2025-09-09 05:08:00+02:00,0.0,0.0,0.0,0.017051282051282
2025-09-09 05:09:00+02:00,0.0,0.0,0.0,0.0324358974358973
2025-09-09 05:10:00+02:00,0.0,0.0,0.0,0.0478205128205128
2025-09-09 05:11:00+02:00,0.0,0.0,0.0,0.0632051282051281
2025-09-09 05:12:00+02:00,0.0,0.0,0.0,0.0785897435897435
2025-09-09 05:13:00+02:00,0.0,0.0,0.0,0.0939743589743588
2025-09-09 05:14:00+02:00,0.0,0.0,0.0,0.1093589743589742
2025-09-09 05:15:00+02:00,0.0,0.0,0.0,0.1247435897435896
2025-09-09 05:16:00+02:00,0.0,0.0,0.0,0.140128205128205
2025-09-09 05:17:00+02:00,0.0,0.0,0.0,0.1498504273504273
2025-09-09 05:18:00+02:00,0.0,0.0,0.0,0.15
2025-09-09 05:19:00+02:00,0.0,0.0,0.0,0.15
2025-09-09 05:20:00+02:00,0.0,0.0,0.0,0.15
2025-09-09 05:21:00+02:00,0.0,0.0,0.0,0.15
2025-09-09 05:22:00+02:00,0.0,0.0,0.0,0.15
2025-09-09 05:23:00+02:00,0.0,0.0,0.0,0.15
2025-09-09 05:24:00+02:00,0.0,0.0,0.0,0.15
2025-09-09 05:25:00+02:00,0.0,0.0,0.0,0.15
2025-09-09 05:26:00+02:00,0.0,0.0,0.0,0.15
2025-09-09 05:27:00+02:00,0.0,0.0,0.0,0.15
2025-09-09 05:28:00+02:00,0.0,0.0,0.0,0.15
2025-09-09 05:29:00+02:00,0.0,0.0,0.0,0.15
2025-09-09 05:30:00+02:00,0.0,0.0,0.0,0.15
2025-09-09 05:31:00+02:00,0.0,0.0,0.0,0.15
2025-09-09 05:32:00+02:00,0.0,0.0,0.0,0.15
2025-09-09 05:33:00+02:00,0.0,0.0,0.0,0.15
2025-09-09 05:34:00+02:00,0.0,0.0,0.0,0.15
2025-09-09 05:35:00+02:00,0.0,0.0,0.0,0.15
2025-09-09 05:36:00+02:00,0.0,0.0,0.0,0.1580034423407917
2025-09-09 05:37:00+02:00,0.0,0.0,0.0,0.2124784853700516
2025-09-09 05:38:00+02:00,0.0,0.0,0.0,0.2744406196213425
2025-09-09 05:39:00+02:00,0.0,0.0,0.0,0.3364027538726331
2025-09-09 05:40:00+02:00,0.0,0.0,0.0,0.3983648881239239
2025-09-09 05:41:00+02:00,0.0,0.0,0.0,0.4603270223752149
2025-09-09 05:42:00+02:00,0.0,0.0,0.0,0.5222891566265059
2025-09-09 05:43:00+02:00,0.0,0.0,0.0,0.5842512908777971
2025-09-09 05:44:00+02:00,0.0,0.0,0.0,0.6462134251290882
2025-09-09 05:45:00+02:00,0.0,0.0,0.0,0.7081755593803788
2025-09-09 05:46:00+02:00,0.0,0.0,0.0,0.7935664376776206
2025-09-09 05:47:00+02:00,0.0,0.0,0.0,0.9233284883720924
2025-09-09 05:48:00+02:00,0.0,0.0,0.0,1.054142441860464
2025-09-09 05:49:00+02:00,0.0,0.0,0.0,1.1849563953488358
2025-09-09 05:50:00+02:00,0.0,0.0,0.0,1.315770348837208
2025-09-09 05:51:00+02:00,0.0,0.0,0.0,1.4467868632336651
2025-09-09 05:52:00+02:00,0.0,0.0,0.0,1.6061619047619056
2025-09-09 05:53:00+02:00,0.0,0.0,0.0,1.7855904761904773
2025-09-09 05:54:00+02:00,0.0,0.0,0.0,1.965019047619048
2025-09-09 05:55:00+02:00,0.0,0.0,0.0,2.1444476190476185
2025-09-09 05:56:00+02:00,0.0,0.0,0.0,2.3238761904761884
2025-09-09 05:57:00+02:00,0.0,0.0,0.0,2.5033047619047584
2025-09-09 05:58:00+02:00,0.0,0.0,0.0,2.682733333333331
2025-09-09 05:59:00+02:00,0.0,0.0,0.0,2.862161904761903
2025-09-09 06:00:00+02:00,0.0,0.0,0.0,3.0469140394088665
2025-09-09 06:01:00+02:00,0.0,0.0,0.0,3.297830459770116
2025-09-09 06:02:00+02:00,0.0,0.0,0.0,3.568520114942531
2025-09-09 06:03:00+02:00,0.0,0.0,0.0,3.839209770114946
2025-09-09 06:04:00+02:00,0.0,0.0,0.0,4.10989942528736
2025-09-09 06:05:00+02:00,0.0,0.0,0.0,4.380589080459774
2025-09-09 06:06:00+02:00,0.0,0.0,0.0,4.647085418984057
2025-09-09 06:07:00+02:00,0.0,0.0,0.0,4.892016129032261
2025-09-09 06:08:00+02:00,0.0,0.0,0.0,5.133951612903232
2025-09-09 06:09:00+02:00,0.0,0.0,0.0,5.375887096774197
2025-09-09 06:10:00+02:00,0.0,0.0,0.0,5.617822580645164
2025-09-09 06:11:00+02:00,0.0,0.0,0.0,5.85975806451613
2025-09-09 06:12:00+02:00,0.0,0.0,0.0,6.118934811827958
2025-09-09 06:13:00+02:00,0.0,0.0,0.0,6.592395833333335
2025-09-09 06:14:00+02:00,0.0,0.0,0.0,7.129895833333336
2025-09-09 06:15:00+02:00,0.0,0.0,0.0,7.669997774216526
2025-09-09 06:16:00+02:00,0.0,0.0,0.0,8.376623931623934
2025-09-09 06:17:00+02:00,0.0,0.0,0.0,9.180756766381768
2025-09-09 06:18:00+02:00,0.0,0.0,0.0,9.94875
2025-09-09 06:19:00+02:00,0.0,0.0,0.0,10.69875
2025-09-09 06:20:00+02:00,1.1138803573167646,0.0,0.0,11.190273809523813
2025-09-09 06:21:00+02:00,1.8411906113694596,0.0,0.2220606689195445,11.414559523809531
2025-09-09 06:22:00+02:00,2.151163686912154,0.0,1.5028855131430952,11.638845238095252
2025-09-09 06:23:00+02:00,2.2986221957407325,0.0840442174598532,2.2986221957407325,11.863130952380969
2025-09-09 06:24:00+02:00,2.6394600292042827,0.8816768604842373,2.6394600292042827,12.087416666666678
2025-09-09 06:25:00+02:00,3.020599441293223,1.6792529116022887,3.020599441293223,12.311702380952388
2025-09-09 06:26:00+02:00,3.480177101821164,2.058081711031175,3.480177101821164,12.535988095238098
2025-09-09 06:27:00+02:00,3.9846399893357343,2.058081711031175,3.9846399893357343,13.0118359375
2025-09-09 06:28:00+02:00,4.535731070728929,2.058081711031175,4.535731070728929,13.7477734375
2025-09-09 06:29:00+02:00,5.135097919592211,2.058081711031175,4.75754809725739,14.396288614693562
2025-09-09 06:30:00+02:00,5.784290150379622,2.058081711031175,4.75754809725739,14.897010582010578
2025-09-09 06:31:00+02:00,6.484757476584567,2.058081711031175,4.75754809725739,15.395423280423277
2025-09-09 06:32:00+02:00,6.752158524412346,2.058081711031175,4.75754809725739,15.848232804232802
2025-09-09 06:33:00+02:00,6.752158524412346,2.058081711031175,4.75754809725739,16.171833333333336
2025-09-09 06:34:00+02:00,6.752158524412346,2.058081711031175,4.780991070974922,16.487833333333338
2025-09-09 06:35:00+02:00,7.1749155038823815,2.2765116944548733,5.353651678169065,16.80383333333334
2025-09-09 06:36:00+02:00,7.955401225067849,5.796503450344485,6.157328339056594,17.119833333333343
2025-09-09 06:37:00+02:00,8.735901602532415,9.633022640121034,6.9609378178733365,17.532343537414963
2025-09-09 06:38:00+02:00,9.516416636276094,10.673081693409408,7.764480114619285,18.218299319727887
2025-09-09 06:39:00+02:00,10.296946326298889,11.468591199070218,8.56795522929444,18.915854438160803
2025-09-09 06:40:00+02:00,11.077490672600792,12.264044307465682,9.371363161898795,19.5203313253012
2025-09-09 06:41:00+02:00,11.85804967518181,13.059441018595791,10.174703912432353,20.08780120481927
2025-09-09 06:42:00+02:00,12.638623334041942,13.854781332460544,10.977977480895111,20.72263930722892
2025-09-09 06:43:00+02:00,13.419211649181186,14.65006524905995,11.78118386728708,21.775749246987957
2025-09-09 06:44:00+02:00,14.529036731297865,15.44529276839399,13.711886628836384,22.9071686746988
2025-09-09 06:45:00+02:00,19.12889924152008,16.24046389046269,20.01394689651283,23.920696273465964
2025-09-09 06:46:00+02:00,22.238835848387,17.035578615266036,21.295661495963444,24.66104651162792
2025-09-09 06:47:00+02:00,23.01558668298197,18.01330064533889,22.09938299737641,25.377026631962128
2025-09-09 06:48:00+02:00,23.79235202340766,19.206789999742654,22.903037085654,26.03905109489051
2025-09-09 06:49:00+02:00,24.569131869664048,20.400152241611195,23.70662376079624,26.709560785300777
2025-09-09 06:50:00+02:00,25.34592622175113,21.593387370944534,24.51014302280312,27.548793103448265
2025-09-09 06:51:00+02:00,26.122735079668907,22.786495387742637,25.31359487167464,28.43767483080889
2025-09-09 06:52:00+02:00,26.8995584434174,23.979476292005494,26.1169793074108,29.31967289719626
2025-09-09 06:53:00+02:00,27.676396312996587,25.12053326955413,26.920296330011617,30.227726564712544
2025-09-09 06:54:00+02:00,28.45324868840649,25.96074416160113,27.72354593947707,31.238686868686877
2025-09-09 06:55:00+02:00,29.264904431835937,26.75244395119899,28.8973693693148,32.16421296296297
2025-09-09 06:56:00+02:00,30.66800265444163,27.544087729813,30.50900711012508,33.047570341659494
2025-09-09 06:57:00+02:00,32.27989605445381,28.335675497443155,32.12037333551488,34.058255813953494
2025-09-09 06:58:00+02:00,33.891851895066964,29.12720725408942,33.731468045484206,35.31769411615199
2025-09-09 06:59:00+02:00,35.503870176281104,29.91868299975185,35.343416140269305,37.04924739195231
2025-09-09 07:00:00+02:00,37.14187098454004,30.7101027344304,37.054066343708186,38.67681818181818
2025-09-09 07:01:00+02:00,38.88362084494686,31.50146645812512,38.82625738301966,40.17408854166666
2025-09-09 07:02:00+02:00,40.63616332344339,32.29277417083598,40.59811954854612,41.71632812499999
2025-09-09 07:03:00+02:00,42.38877958533234,34.06878548517261,42.36965284028754,42.92670212765958
2025-09-09 07:04:00+02:00,44.14146963061371,37.94471125323606,44.14085725824393,43.91826290386131
2025-09-09 07:05:00+02:00,45.89423345928748,41.25245663083872,45.911732802415294,45.17612339743589
2025-09-09 07:06:00+02:00,47.64707107135363,43.42852049466712,47.6822794728016,46.59633603238867
2025-09-09 07:07:00+02:00,49.399982466812205,45.58184671812257,49.4524972694029,48.67922830725462
2025-09-09 07:08:00+02:00,51.15296764566319,47.734757238955744,51.24336292624592,51.499837028587024
2025-09-09 07:09:00+02:00,53.09756900271633,49.887252057166606,53.294549825032135,54.032913343965966
2025-09-09 07:10:00+02:00,55.24030667587223,52.03933117275521,55.4231744357825,55.74785469107551
2025-09-09 07:11:00+02:00,57.38315456866371,54.19099458572156,57.55132294205504,57.18876811594203
2025-09-09 07:12:00+02:00,59.52611268109078,56.7035439081744,59.67899534384975,58.97607558139535
2025-09-09 07:13:00+02:00,61.66918101315345,60.238919290400446,61.806191641166606,61.154184782608695
2025-09-09 07:14:00+02:00,63.81235956485165,63.83334883566151,63.93291183400568,62.809493586540064
2025-09-09 07:15:00+02:00,65.95564833618539,67.42661642308019,66.05915592236691,64.2569061302682
2025-09-09 07:16:00+02:00,67.93396842938127,70.84620292177837,68.06484591878711,77.77004298941799
2025-09-09 07:17:00+02:00,69.70537803517037,72.93912254150368,69.96852791940988,76.25936802700697
2025-09-09 07:18:00+02:00,71.47634538478401,74.75571541933171,71.87182794694188,71.15100719424457
2025-09-09 07:19:00+02:00,73.2473879659085,76.57201087777669,73.77474600138304,71.79848920863306
2025-09-09 07:20:00+02:00,75.01850577854381,78.38800891683863,75.67728208273343,72.46825504041212
2025-09-09 07:21:00+02:00,76.78969882268997,80.20370953651752,77.57943619099302,73.16596296296298
2025-09-09 07:22:00+02:00,78.56096709834695,82.01911273681328,79.48120832616178,73.96494620811289
2025-09-09 07:23:00+02:00,80.33231060551476,83.83421851772597,81.38259848823972,75.12464285714286
2025-09-09 07:24:00+02:00,82.9506183914615,85.64902687925562,86.25756593753584,79.14153968253969
2025-09-09 07:25:00+02:00,92.97383110681383,85.66250262474573,95.27738721076476,91.9479761904762
2025-09-09 07:26:00+02:00,90.2509369857025,83.61384318203775,95.5751013939668,93.4944246031746
2025-09-09 07:27:00+02:00,82.05772469982153,81.55909658208141,91.8612067085748,81.2424255377827
2025-09-09 07:28:00+02:00,81.19656415459272,79.50396886781516,88.14585061858368,81.72611736736738
2025-09-09 07:29:00+02:00,80.41872755856927,77.4484600392389,84.42903312399346,82.04684523809524
2025-09-09 07:30:00+02:00,79.64090546837647,75.39257009635276,82.14508248480871,74.52800264550264
2025-09-09 07:31:00+02:00,78.86309788401435,73.33629903915666,81.34365933592944,71.88666057585824
2025-09-09 07:32:00+02:00,78.08530480548289,71.63280768423313,80.54216830819509,67.44586811767044
2025-09-09 07:33:00+02:00,77.30752623278221,72.06414384460473,79.74060940160561,69.48826833607005
2025-09-09 07:34:00+02:00,76.52976216591222,72.85392993644773,78.93898261616098,71.61968548842462
2025-09-09 07:35:00+02:00,75.75201260487292,73.64365982466389,78.13728795186127,63.81373517786562
2025-09-09 07:36:00+02:00,75.02620405310324,74.43333350925325,77.33552540870642,64.1860671936759
2025-09-09 07:37:00+02:00,75.86417513440541,75.22295099021578,76.53369498669647,64.55839920948618
2025-09-09 07:38:00+02:00,77.42236570719231,76.01251226755149,75.73179668583148,64.93073122529647
2025-09-09 07:39:00+02:00,78.9806145028662,76.8020173412604,75.23553191479012,65.86999999999999
2025-09-09 07:40:00+02:00,80.53892152142707,77.59146621134248,77.69632695313456,67.00859259259262
2025-09-09 07:41:00+02:00,82.09728676287497,78.38085887779776,80.89549450799542,67.77303703703706
2025-09-09 07:42:00+02:00,83.65571022720987,79.59308059837879,84.09358097739558,67.89933635676493
2025-09-09 07:43:00+02:00,85.21419191443174,81.51997033611595,87.29058636133495,67.34060651004586
2025-09-09 07:44:00+02:00,86.77273182454061,83.45769148755919,90.48651065981346,68.63791561910747
2025-09-09 07:45:00+02:00,88.33132995753648,85.39507370618742,93.6813538728312,71.82080792330792
2025-09-09 07:46:00+02:00,92.11393628240056,93.29417946796266,97.0143302850789,78.67829365079365
2025-09-09 07:47:00+02:00,106.98836358801366,105.0826555471994,108.96835635596908,98.28375
2025-09-09 07:48:00+02:00,103.9734019128418,111.92086857727053,120.35998603563796,94.29431547619048
2025-09-09 07:49:00+02:00,136.9223037162815,138.63121662815507,142.8073573899199,132.51477777777777
2025-09-09 07:50:00+02:00,194.8171237640275,194.8171237640275,194.8171237640275,202.93716666666668
2025-09-09 07:51:00+02:00,198.16277986243736,198.16277986243736,198.16277986243736,211.66505092592595
2025-09-09 07:52:00+02:00,201.51821448673843,201.51821448673843,201.51821448673843,225.40327380952385
2025-09-09 07:53:00+02:00,204.88305308495447,204.88305308495447,204.88305308495447,241.9292341269841
2025-09-09 07:54:00+02:00,208.2569271012677,208.2569271012677,208.2569271012677,257.2366626984127
2025-09-09 07:55:00+02:00,211.6394761522589,211.6394761522589,211.6394761522589,267.83696759259254
2025-09-09 07:56:00+02:00,215.0303388226639,215.0303388226639,215.0303388226639,279.34660424760426
2025-09-09 07:57:00+02:00,218.4291661530653,218.4291661530653,218.4291661530653,288.5577255639098
2025-09-09 07:58:00+02:00,221.8356124823303,221.8356124823303,221.8356124823303,291.92730335097
2025-09-09 07:59:00+02:00,225.2493375622339,225.2493375622339,225.2493375622339,289.5616798941799
2025-09-09 08:00:00+02:00,228.67000647142208,228.67000647142208,228.67000647142208,277.14124634502923
2025-09-09 08:01:00+02:00,232.09728950013687,232.09728950013687,232.09728950013687,272.7021331699346
2025-09-09 08:02:00+02:00,235.5308620358371,235.5308620358371,235.5308620358371,267.38539663461535
2025-09-09 08:03:00+02:00,238.97040448424477,238.97040448424477,238.97040448424477,260.3841550925926
2025-09-09 08:04:00+02:00,242.41560212692525,242.41560212692525,242.41560212692525,251.48079137529135
2025-09-09 08:05:00+02:00,245.86614504516132,245.86614504516132,245.86614504516132,245.53194785335825
2025-09-09 08:06:00+02:00,249.3217303337447,249.3217303337447,245.20910376729157,243.5221376811594
2025-09-09 08:07:00+02:00,248.878894202968,252.489327871767,241.13029475716823,243.59750000000008
2025-09-09 08:08:00+02:00,248.878894202968,250.17635387403828,237.35685314825332,243.89750000000012
2025-09-09 08:09:00+02:00,248.878894202968,247.86288177602785,237.9271249436554,244.19750000000025
2025-09-09 08:10:00+02:00,248.878894202968,245.54891157773585,239.9013766786177,244.49750000000012
2025-09-09 08:11:00+02:00,248.878894202968,243.2344432791621,241.87520233617408,244.80434523809527
2025-09-09 08:12:00+02:00,248.878894202968,240.91947688030683,243.8486019163244,245.71357142857144
2025-09-09 08:13:00+02:00,248.878894202968,239.40949264914377,245.8215754190689,246.85973958333335
2025-09-09 08:14:00+02:00,248.878894202968,242.53745007318813,247.79412284440755,248.01788194444444
2025-09-09 08:15:00+02:00,248.878894202968,246.40475952488543,249.76624419234025,250.76109330686327
2025-09-09 08:16:00+02:00,251.07192164513577,250.27067826014684,252.10504476449145,253.58738223514212
2025-09-09 08:17:00+02:00,255.2494331949981,254.0047244703424,255.67121426974927,257.59121111111114
2025-09-09 08:18:00+02:00,259.42735972443234,257.27388134786014,259.33474519802195,261.6103125
2025-09-09 08:19:00+02:00,263.5583207945805,260.501511596875,262.9968029599352,265.33258101065843
2025-09-09 08:20:00+02:00,267.2313471792827,263.7281705439873,266.63913539939847,269.00639336917567
2025-09-09 08:21:00+02:00,270.79009988275635,266.9538581891973,270.1740707909179,271.1045596405229
2025-09-09 08:22:00+02:00,274.3491535122734,270.63234552871324,273.69056997925827,274.42346464646465
2025-09-09 08:23:00+02:00,277.9097237457948,274.8109105475174,277.20570756315857,278.70745388669303
2025-09-09 08:24:00+02:00,281.57758395628707,278.98784340606,280.7055363794322,283.2332226247987
2025-09-09 08:25:00+02:00,285.31263765569014,283.12676048882787,283.697806023603,287.2795242133032
2025-09-09 08:26:00+02:00,289.0480226082707,286.878549266383,286.4371285280548,289.9761475409836
2025-09-09 08:27:00+02:00,292.77855008958136,290.5272160553106,289.1756223764295,293.75675063131314
2025-09-09 08:28:00+02:00,292.2321194211486,294.174634666606,291.91328756872707,298.3056249999999
2025-09-09 08:29:00+02:00,287.59740877697624,297.58893510589394,294.6501241049475,300.2368666056166
2025-09-09 08:30:00+02:00,282.96320802479664,293.8256320152411,295.30203958699826,305.13826770451766
2025-09-09 08:31:00+02:00,278.3295171646096,286.59761196746257,287.2486372955131,308.7499639423076
2025-09-09 08:32:00+02:00,273.28094781091187,279.06153933035984,277.9085151217068,303.4041519764957
2025-09-09 08:33:00+02:00,272.9595489246543,271.3079908105467,269.6901742690038,282.41541666666666
2025-09-09 08:34:00+02:00,301.6162318023308,297.50003491151205,303.4445136496008,326.60644675925926
2025-09-09 08:35:00+02:00,170.18244140939737,164.22566765514856,171.25722227270737,138.8069270833333
2025-09-09 08:36:00+02:00,135.422060266508,125.35096887477326,140.78660027317514,93.450343883547
2025-09-09 08:37:00+02:00,167.7411096499324,164.05199540920702,173.14845676965297,147.03451388888888
2025-09-09 08:38:00+02:00,265.4501067572044,266.1594734227114,275.0760385018894,275.8938888888889
2025-09-09 08:39:00+02:00,155.82930459021563,153.09110873565498,157.56770654031595,120.22788766788769
2025-09-09 08:40:00+02:00,201.8348743384669,199.1773613594928,200.46456505286105,187.49722222222223
2025-09-09 08:41:00+02:00,257.5888597396006,259.5153942939444,260.86612230782004,260.75972222222225
2025-09-09 08:42:00+02:00,363.0297999234585,357.8037017402701,364.0566124910075,383.96125
2025-09-09 08:43:00+02:00,267.6472033637451,260.0258580455193,269.73787300999504,231.1175
2025-09-09 08:44:00+02:00,277.6672907300461,273.98124048575085,277.0629316328134,258.3350694444444
2025-09-09 08:45:00+02:00,313.12343121217725,309.4820593758926,313.33724781709606,307.95391666666666
2025-09-09 08:46:00+02:00,389.9432824118525,389.4584629302319,391.2165288634267,411.1438541666666
2025-09-09 08:47:00+02:00,383.92104563623,385.16965370268247,385.7166296426649,412.5816643518519
2025-09-09 08:48:00+02:00,366.9839513606195,363.0998451767803,368.2181357006439,378.4680555555556
2025-09-09 08:49:00+02:00,225.2152881299692,232.37034677393848,231.2318078117182,177.54342013888888
2025-09-09 08:50:00+02:00,303.6139989887847,302.5568518861129,304.30858122392743,295.8843055555556
2025-09-09 08:51:00+02:00,311.2234841980065,307.96499920778905,312.7950834266557,296.90215277777776
2025-09-09 08:52:00+02:00,339.9675658887019,334.4604958456288,336.747162005471,335.39381944444443
2025-09-09 08:53:00+02:00,378.4662855376261,367.7626230619919,375.9393241910665,384.7143068376069
2025-09-09 08:54:00+02:00,379.2537127168712,370.7144046729727,380.4900161578596,384.3443436467813
2025-09-09 08:55:00+02:00,380.04115455239554,373.6653568438206,381.26302423480325,382.1460144927536
2025-09-09 08:56:00+02:00,380.82861104419896,376.61547957453575,382.0359648986115,382.9238466783557
2025-09-09 08:57:00+02:00,381.6160821922815,379.5647728651179,382.8088381492844,384.4810895883777
2025-09-09 08:58:00+02:00,382.4035679966428,382.0907579704074,383.5816439868219,385.8052976190476
2025-09-09 08:59:00+02:00,383.1910684572833,384.2587251714796,384.3543824112245,386.9677976190477
2025-09-09 09:00:00+02:00,383.9785835742028,386.4262437554041,385.1270534224915,388.0500198412697
2025-09-09 09:01:00+02:00,384.7661133474015,388.5933137221807,385.8996570206233,389.1831881313131
2025-09-09 09:02:00+02:00,387.4537291458507,390.75993507180925,386.67219320561975,391.2334898989898
2025-09-09 09:03:00+02:00,394.9996353585888,392.9261078042901,390.1679737544432,393.72395454545455
2025-09-09 09:04:00+02:00,397.5100502520078,395.09895620572667,396.46783410683065,397.2600297619047
2025-09-09 09:05:00+02:00,400.020613991348,397.57180149096064,399.1892247923222,399.7610863095238
2025-09-09 09:06:00+02:00,402.5313265766097,400.2026625781832,401.9097767469833,403.424417868729
2025-09-09 09:07:00+02:00,405.0421880077925,402.8328610356934,404.6294899708137,404.4571532846715
2025-09-09 09:08:00+02:00,407.5522349531813,405.4623968634911,407.34836446381365,405.3692323600974
2025-09-09 09:09:00+02:00,409.958866462544,408.0912700615765,409.96261991240976,408.8635560344828
2025-09-09 09:10:00+02:00,412.29674869799743,410.6327926606342,412.16108920454144,408.79257716049386
2025-09-09 09:11:00+02:00,414.6347599324055,412.7009547597168,414.3161138840853,402.4550617283951
2025-09-09 09:12:00+02:00,416.97290016576807,414.6978074595587,416.4706107703864,395.7490972222223
2025-09-09 09:13:00+02:00,419.3111693980852,416.6942773341419,418.6245798634446,409.58832905982905
2025-09-09 09:14:00+02:00,421.649567629357,418.6903643834664,420.77802116326006,418.6001079734219
2025-09-09 09:15:00+02:00,423.91221249792994,420.68606860753215,422.9309346698327,420.0782475083056
2025-09-09 09:16:00+02:00,425.8533657977779,422.6813900063392,425.04628255423006,422.3846715167549
2025-09-09 09:17:00+02:00,427.7584702533758,424.68296432941344,427.0441624872663,422.231095959596
2025-09-09 09:18:00+02:00,429.6636603057146,427.6129375108389,429.033009419614,419.61716666666666
2025-09-09 09:19:00+02:00,431.5689359547946,431.1986323145178,431.0214053011596,422.0279637681159
2025-09-09 09:20:00+02:00,433.4742972006159,434.78308898621896,433.009350131903,424.0844857195944
2025-09-09 09:21:00+02:00,435.3797440431782,438.3663075259427,434.9968439118441,427.544081326871
2025-09-09 09:22:00+02:00,437.2852764824818,441.2215948414882,436.9838866409831,431.7630013550136
2025-09-09 09:23:00+02:00,439.53282934361926,443.2174473212541,438.9840418754705,434.8426644736842
2025-09-09 09:24:00+02:00,443.2297609882712,445.2129152532652,441.5557253801708,437.3993728070175
2025-09-09 09:25:00+02:00,447.0898701936554,447.2079986375213,444.4285669111845,441.1587932692307
2025-09-09 09:26:00+02:00,450.95033050889,449.2026974740226,447.3004640993208,443.2067594268476
2025-09-09 09:27:00+02:00,454.6940933893089,451.1970117627693,450.1714169445797,445.7568470942594
2025-09-09 09:28:00+02:00,458.02215548757874,453.1909415037612,453.0414254469612,447.1848472961613
2025-09-09 09:29:00+02:00,461.3140928493826,455.2967803712032,455.7605329447719,449.1022107649554
2025-09-09 09:30:00+02:00,464.6062853932316,457.9795635040558,458.3237979691541,451.835291147696
2025-09-09 09:31:00+02:00,467.8987331191256,460.7418172527846,460.886308784035,455.6817993895672
2025-09-09 09:32:00+02:00,470.36518751881385,463.5033319746293,463.4480653894144,457.9204488279017
2025-09-09 09:33:00+02:00,472.0325956047098,466.26410766959,466.0090677852925,459.45028169014086
2025-09-09 09:34:00+02:00,473.7000691233322,469.0219199033364,468.56815076416586,461.0756995305164
2025-09-09 09:35:00+02:00,475.36760807468096,471.6982515095072,471.0841865775029,463.5348333333333
2025-09-09 09:36:00+02:00,477.0352124587562,474.3336977462981,473.57844238708657,464.5613043478261
2025-09-09 09:37:00+02:00,478.7028822755578,476.968469467879,476.0719815352023,465.5069565217392
2025-09-09 09:38:00+02:00,480.3706175250859,479.6025666742498,478.5648040218498,466.7016483516484
2025-09-09 09:39:00+02:00,482.0384182073404,482.2359893654105,481.0569098470293,467.6563186813187
2025-09-09 09:40:00+02:00,483.70628432232127,483.769757505189,483.4979655356141,471.0826423611111
2025-09-09 09:41:00+02:00,485.0508593005023,479.6436424573404,484.7593404922113,475.530859375
2025-09-09 09:42:00+02:00,485.8488094713514,474.6986563240151,485.52451632127054,477.1204545454545
2025-09-09 09:43:00+02:00,486.6382328358119,470.9775612496689,486.289624504936,475.5002173913044
2025-09-09 09:44:00+02:00,487.4276708565515,473.1911603003064,487.05466504320736,476.4182966964729
2025-09-09 09:45:00+02:00,488.2171235335702,476.18226248136,487.8196379360848,478.08915593286497
2025-09-09 09:46:00+02:00,489.006590866868,479.1724955281325,488.584543183568,479.28740196078434
2025-09-09 09:47:00+02:00,489.796072856445,482.1618594406241,489.3493807856573,480.9737140081258
2025-09-09 09:48:00+02:00,490.5855695023008,484.9876355124873,490.1141507423525,483.1268275418276
2025-09-09 09:49:00+02:00,491.37508080443536,487.298805968924,490.87885305365376,485.9175340136055
2025-09-09 09:50:00+02:00,492.6096962978462,489.57176984576336,491.91941926321545,487.89369791666667
2025-09-09 09:51:00+02:00,500.8596465506703,491.8442304873009,494.28503467951015,488.16918836805553
2025-09-09 09:52:00+02:00,503.404667394119,494.1161878935361,496.8223606635538,491.8392994204261
2025-09-09 09:53:00+02:00,505.82188806483606,496.3876420644693,499.1699681448617,494.0360066324348
2025-09-09 09:54:00+02:00,508.2392460326284,498.6535143263803,500.8454663591786,496.0105821513002
2025-09-09 09:55:00+02:00,510.6567412974959,500.7345297482557,502.4619262694926,498.32566036249017
2025-09-09 09:56:00+02:00,513.0743738594383,502.7233524826218,504.0780831357309,499.8779333785005
2025-09-09 09:57:00+02:00,515.4769299530694,504.7117889350852,505.6939369578934,492.7372172949003
2025-09-09 09:58:00+02:00,517.8110919543824,506.69983910564594,507.3094877359805,485.1651623376624
2025-09-09 09:59:00+02:00,520.1370709584342,508.687502994304,508.92473546999184,503.020101010101
2025-09-09 10:00:00+02:00,522.4631770044682,510.67478060105947,510.5396801599276,478.3693559218559
2025-09-09 10:01:00+02:00,524.7894100924841,512.6616719259125,512.1543218057877,507.93313351933966
2025-09-09 10:02:00+02:00,527.1157702224825,517.7513177802105,513.6656062871016,510.9556454425204
2025-09-09 10:03:00+02:00,529.4422573944632,527.6006390326904,514.5370637109925,513.7348831569665
2025-09-09 10:04:00+02:00,530.9858034185961,528.7577849684574,515.2982924660844,516.2195519943019
2025-09-09 10:05:00+02:00,531.7719977907468,528.7577849684574,516.0594538080411,516.9604999999998
2025-09-09 10:06:00+02:00,532.5582066687282,528.7577849684574,516.8205477368624,517.4311149710504
2025-09-09 10:07:00+02:00,533.3444300525402,528.7577849684574,517.5815742525483,503.75510690789474
2025-09-09 10:08:00+02:00,534.130667942183,528.7577849684574,518.3425333550988,519.0553705357144
2025-09-09 10:09:00+02:00,534.9169203376564,528.7577849684574,519.1034250445141,519.7560476190476
2025-09-09 10:10:00+02:00,535.70318723896,528.7577849684574,519.8642493207944,523.6788095238095
2025-09-09 10:11:00+02:00,536.4894686460943,528.7577849684574,520.6250061839396,525.8090865384615
2025-09-09 10:12:00+02:00,537.2757645590593,528.7577849684574,526.4070189283873,485.5282509796652
2025-09-09 10:13:00+02:00,538.2078256989075,529.343930411764,528.5392148248061,528.6669420234937
2025-09-09 10:14:00+02:00,541.617799913347,530.9208259583681,528.5392148248061,528.0750789835164
2025-09-09 10:15:00+02:00,545.5985721584286,532.5129551465363,528.5392148248061,530.7284027777778
2025-09-09 10:16:00+02:00,547.8136810955693,534.1048353228407,528.5392148248061,532.6490165165167
2025-09-09 10:17:00+02:00,549.7443693040841,535.6964664872812,528.5392148248061,533.6667117117119
2025-09-09 10:18:00+02:00,551.6751449208612,537.2878486398579,528.5392148248061,533.6184595959596
2025-09-09 10:19:00+02:00,553.6060079459005,538.8789817805703,528.5392148248061,532.7552461149961
2025-09-09 10:20:00+02:00,555.5369583792021,540.4698659094186,528.5392148248061,531.5378736710444
2025-09-09 10:21:00+02:00,557.4679962207658,542.0605010264026,528.5392148248061,533.6031595959596
2025-09-09 10:22:00+02:00,559.399121470592,543.751348393138,537.2850723358906,539.1589588319089
2025-09-09 10:23:00+02:00,561.1302819894956,545.7988915642256,543.8092763034253,544.0451212335215
2025-09-09 10:24:00+02:00,562.0136487398258,547.8772334868654,544.5692141241384,545.817531779661
2025-09-09 10:25:00+02:00,562.8017672394292,549.9551498213161,545.3290842994577,543.6174236111111
2025-09-09 10:26:00+02:00,563.5899002947544,552.0326405675773,546.0888868293832,548.3723611111113
2025-09-09 10:27:00+02:00,564.3780479058014,554.1097057256493,546.8486217139146,549.2908843537416
2025-09-09 10:28:00+02:00,565.16621007257,556.1863452955315,547.6082889530521,550.240969387755
2025-09-09 10:29:00+02:00,565.9543867950604,558.2740785455551,548.3678885467953,551.2134568733153
2025-09-09 10:30:00+02:00,566.7425780732726,560.4101910183324,549.1274204951444,552.2236320754715
2025-09-09 10:31:00+02:00,567.530783907207,562.5513358507715,549.8868847980998,554.7734682914046
2025-09-09 10:32:00+02:00,568.3190042968633,564.6920276786348,554.5065217885876,556.7969848975189
2025-09-09 10:33:00+02:00,572.0483129536856,566.8322665019223,560.3462810355375,558.1310194174756
2025-09-09 10:34:00+02:00,577.1702689205233,568.9720523206345,562.7344956748204,558.2063129798845
2025-09-09 10:35:00+02:00,578.7525176160977,571.1113851347711,565.1220395068426,557.9841346153846
2025-09-09 10:36:00+02:00,580.3348249367889,572.8515981577284,567.5089125316038,562.0059549071617
2025-09-09 10:37:00+02:00,581.9171908825963,573.6440556052564,569.8951147491043,561.1460513024987
2025-09-09 10:38:00+02:00,583.4996154535202,574.3960118677471,572.1854658217148,567.7798644338118
2025-09-09 10:39:00+02:00,585.0820986495598,575.1479121192542,573.2924732071049,566.853875
2025-09-09 10:40:00+02:00,586.664640470716,575.8997563597775,574.0458920563997,561.7828637415824
2025-09-09 10:41:00+02:00,588.2472409169889,576.6515445893167,574.7992439535021,550.9900000000001
2025-09-09 10:42:00+02:00,589.8298999883777,577.4032768078719,575.5525288984127,570.2066666666667
2025-09-09 10:43:00+02:00,591.346669943729,578.1549530154427,576.3057468911309,571.6350765765766
2025-09-09 10:44:00+02:00,591.7423579173515,578.9065732120298,577.0588979316565,571.4790315315314
2025-09-09 10:45:00+02:00,591.7423579173515,579.658137397633,577.8119820199895,566.3248028673835
2025-09-09 10:46:00+02:00,591.7423579173515,581.6279392066365,578.5649991561306,570.7121527777778
2025-09-09 10:47:00+02:00,591.7423579173515,584.6279035858695,579.3179493400794,573.32050477679
2025-09-09 10:48:00+02:00,591.7423579173515,587.2120077085565,580.4523697311377,574.4448214756259
2025-09-09 10:49:00+02:00,591.7423579173515,588.1358351359843,583.1124102698709,572.3148161616161
2025-09-09 10:50:00+02:00,591.7423579173515,588.8880013302175,585.9292889487433,573.9795666666666
2025-09-09 10:51:00+02:00,591.7423579173515,589.6401113208237,588.2253087965462,576.521811594203
2025-09-09 10:52:00+02:00,591.7423579173515,590.3921651078033,590.0179371252307,577.109678475577
2025-09-09 10:53:00+02:00,592.2423610327662,591.144162691156,591.8101850383075,577.9472261904762
2025-09-09 10:54:00+02:00,594.6353140819535,591.8961040708818,593.6020525357767,579.3943162578163
2025-09-09 10:55:00+02:00,597.2069950842188,592.6479892469811,595.3935396176382,578.2882944355839
2025-09-09 10:56:00+02:00,599.7788308267263,593.3998182194537,597.1846462838921,578.1342867867868
2025-09-09 10:57:00+02:00,602.3508213094765,594.1515909882996,598.9753725345379,580.3575446428571
2025-09-09 10:58:00+02:00,604.9229665324692,597.7042528030245,600.765718369576,584.2996369047619
2025-09-09 10:59:00+02:00,607.0890434880343,602.2088019591686,601.9217812096911,589.8141675266598
2025-09-09 11:00:00+02:00,607.9721202876576,602.9719267827209,601.9441550542479,591.4676068826575
2025-09-09 11:01:00+02:00,608.7610871432437,603.7255733665495,601.9441550542479,590.4093981481484
2025-09-09 11:02:00+02:00,609.5500685545514,604.4791633584716,601.9441550542479,589.752739197531
2025-09-09 11:03:00+02:00,610.3390645215809,605.2326967584875,601.9441550542479,590.5543577569916
2025-09-09 11:04:00+02:00,611.1280750443323,605.9861735665972,601.9441550542479,588.4266858813702
2025-09-09 11:05:00+02:00,611.9171001228053,606.7395937828003,601.9441550542479,578.7187673978286
2025-09-09 11:06:00+02:00,612.7061397570003,607.492957407097,601.9441550542479,456.01535240464347
2025-09-09 11:07:00+02:00,613.4951939469174,608.246264439487,601.9441550542479,595.792585978836
2025-09-09 11:08:00+02:00,614.2842626925562,609.4997269453336,602.1877775141941,597.0964444444445
2025-09-09 11:09:00+02:00,622.0481784783551,616.2526576906157,615.2777569183268,603.1813141025641
2025-09-09 11:10:00+02:00,624.4546197166856,617.3927940012413,617.457856716165,603.627037037037
2025-09-09 11:11:00+02:00,626.0607737027801,618.1440617321416,618.209916161296,603.2673076923077
2025-09-09 11:12:00+02:00,627.666987965322,618.8952730657766,618.9619081932917,605.1987019230769
2025-09-09 11:13:00+02:00,629.2732625043113,619.6464280021462,619.7138328121521,603.7856469886702
2025-09-09 11:14:00+02:00,630.8795973197482,620.3975265412503,620.465690017877,598.8149218038636
2025-09-09 11:15:00+02:00,632.4859924116322,621.1485686830893,621.2174798104666,564.1472380952381
2025-09-09 11:16:00+02:00,634.0924477799631,621.8995544276627,621.9692021899209,604.5540615942028
2025-09-09 11:17:00+02:00,635.6989634247416,622.6504837749708,622.7208571562405,603.9662721961091
2025-09-09 11:18:00+02:00,637.2452916611201,623.4057166825041,623.4724447094245,606.0465285390286
2025-09-09 11:19:00+02:00,637.6670272350914,625.0545761447811,624.9704907581795,604.7793402777778
2025-09-09 11:20:00+02:00,637.6670272350914,627.3743528284533,627.1901261472149,608.7796678403755
2025-09-09 11:21:00+02:00,637.6670272350914,629.6935908770736,629.4091731560579,610.8067433339352
2025-09-09 11:22:00+02:00,637.6670272350914,630.2828793697611,630.6351525088589,614.2521507252326
2025-09-09 11:23:00+02:00,637.6670272350914,628.3966348010342,628.8500760460054,615.7543373493977
2025-09-09 11:24:00+02:00,637.6670272350914,626.4882566387371,626.8538402203899,614.735806798623
2025-09-09 11:25:00+02:00,637.6670272350914,624.5795138586097,624.8571282902958,615.0584453038116
2025-09-09 11:26:00+02:00,637.6670272350914,622.6704064606524,622.859940255724,615.2046178343951
2025-09-09 11:27:00+02:00,637.6670272350914,620.7609344448654,620.8622761166746,614.520541401274
2025-09-09 11:28:00+02:00,635.8873369890016,618.8510978112481,618.8641358731472,612.6415635521886
2025-09-09 11:29:00+02:00,623.7372045187892,617.6198302464566,615.629161285779,608.903625
2025-09-09 11:30:00+02:00,601.8760134070412,626.2432200328844,597.0056515745175,607.3269355158731
2025-09-09 11:31:00+02:00,577.5592766168634,608.7139140821346,573.7267782834699,614.6524471434998
2025-09-09 11:32:00+02:00,572.623720253629,579.284174526782,573.6554436254125,576.528295940171
2025-09-09 11:33:00+02:00,625.1892276855067,621.2461826347369,620.9627008535933,605.2595833333334
2025-09-09 11:34:00+02:00,623.6605996053763,627.3045525943842,626.5345466693859,604.4551593660968
2025-09-09 11:35:00+02:00,637.3798449406847,624.6757502697794,628.3472397350884,618.1850597145909
2025-09-09 11:36:00+02:00,639.873678147932,605.7955936031681,615.5998892520865,619.3413183922559
2025-09-09 11:37:00+02:00,584.3763234383293,584.9994348151663,588.3370960421112,577.6020072751322
2025-09-09 11:38:00+02:00,640.0714999053787,633.1134838214946,625.9743189637247,617.6640185185184
2025-09-09 11:39:00+02:00,639.0469089610779,637.7487550401734,630.62487481975,618.2507861721612
2025-09-09 11:40:00+02:00,634.4244801934785,642.3818717186427,635.2728464242064,616.8752648046399
2025-09-09 11:41:00+02:00,659.2578394364584,654.8716122934154,650.3339551469089,634.8223664021165
2025-09-09 11:42:00+02:00,681.3849365490719,674.4394729758283,671.2463870596703,653.7346706349207
2025-09-09 11:43:00+02:00,687.5089268117381,678.1245176837822,678.8846225513273,665.8693668300654
2025-09-09 11:44:00+02:00,679.3803488595777,681.055475772594,670.8642498496813,659.6079197855285
2025-09-09 11:45:00+02:00,680.7589777006256,683.9855647271252,671.9905408941759,653.2269565217391
2025-09-09 11:46:00+02:00,687.6761570605183,686.9147845473751,678.5272689402859,653.5159722222222
2025-09-09 11:47:00+02:00,573.0995443458476,571.5277889791698,563.8935330228574,529.5922222222222
2025-09-09 11:48:00+02:00,658.8646832999714,667.0468829719032,663.174587660267,660.7092301587302
2025-09-09 11:49:00+02:00,554.8894991704749,554.2770063407736,560.7489246449522,565.1218749999999
2025-09-09 11:50:00+02:00,443.1555057858329,453.4529110823547,456.0079921087989,393.07997222222224
2025-09-09 11:51:00+02:00,435.1516633205572,439.5583077470278,442.769933741408,396.1715833333333
2025-09-09 11:52:00+02:00,524.5486547391124,521.7529533801066,506.60746009699807,506.42677083333336
2025-09-09 11:53:00+02:00,637.2061183148007,619.7185423570884,633.1537352617627,612.5522222222222
2025-09-09 11:54:00+02:00,432.0858449428847,458.83785953418936,459.96357334805634,417.5763888888889
2025-09-09 11:55:00+02:00,194.8351621985284,192.50232477685043,204.7403965856378,135.53329954954958
2025-09-09 11:56:00+02:00,259.3374485984142,260.67250830401264,266.32001525733386,215.14027777777775
2025-09-09 11:57:00+02:00,373.31544583516137,372.20517217969615,381.3839338433843,333.25333333333333
2025-09-09 11:58:00+02:00,244.715394437282,253.10168516150264,253.37013112068905,188.65103968253968
2025-09-09 11:59:00+02:00,363.190703720388,357.6841564958446,360.86245240813537,322.34711309523806
2025-09-09 12:00:00+02:00,570.4938146711797,573.7321857085374,574.8229813093419,559.3511706349207
2025-09-09 12:01:00+02:00,708.2182058349119,697.1610574023143,695.2895175200745,705.9647777777777
2025-09-09 12:02:00+02:00,733.0420572167759,720.8749014583077,734.6047450859189,726.1230158730159
2025-09-09 12:03:00+02:00,528.3700985779926,501.5171683811106,533.2759499882272,476.0825
2025-09-09 12:04:00+02:00,406.4067951277617,403.6262958836747,410.5193246430691,343.91625
2025-09-09 12:05:00+02:00,546.0505051320354,550.6222969179739,560.1548394385334,546.1641633597884
2025-09-09 12:06:00+02:00,681.7276041314142,676.533294865357,680.8568656297073,659.1034166666667
2025-09-09 12:07:00+02:00,659.3034008999227,655.1073408479256,664.2422076944094,647.8622222222222
2025-09-09 12:08:00+02:00,323.8582315718,328.14496743187107,334.745308881326,256.5108333333333
2025-09-09 12:09:00+02:00,170.74606018095932,174.62078457162167,179.3189898724627,114.48683586105676
2025-09-09 12:10:00+02:00,173.67947102667276,179.0665337229489,183.809497682444,112.22088153221716
2025-09-09 12:11:00+02:00,192.7944341965247,195.3632145901912,200.2673050001717,135.36950396825395
2025-09-09 12:12:00+02:00,563.9367591902123,562.2899750994218,567.9513353170476,555.61473139413
2025-09-09 12:13:00+02:00,708.3099998293701,699.3048244057156,698.3199166584109,680.3672113032844
2025-09-09 12:14:00+02:00,683.5451699142193,692.0396410073795,680.45024354309,685.4999305555556
2025-09-09 12:15:00+02:00,393.17539883079615,392.1059141111714,391.4319958461712,348.84291666666667
2025-09-09 12:16:00+02:00,433.6365127696412,428.0228729275639,429.7503042257854,373.38125
2025-09-09 12:17:00+02:00,595.8255902545595,597.2290966517132,603.0268675977782,619.7159722222221
2025-09-09 12:18:00+02:00,613.3962873981188,617.8451555205604,618.2107517454085,616.7143452380952
2025-09-09 12:19:00+02:00,358.2759879521448,379.173044475056,360.0151752013663,306.7761805555555
2025-09-09 12:20:00+02:00,181.50967285220395,183.5249661648521,190.47095945969087,139.47423361823363
2025-09-09 12:21:00+02:00,171.86095446166345,177.2927619349005,190.3068675704252,134.176746017871
2025-09-09 12:22:00+02:00,202.9618067694172,206.15006567528172,213.64443198236413,170.0747638888889
2025-09-09 12:23:00+02:00,464.4325244081839,476.2805663639506,481.0521513001601,458.91689814814816
2025-09-09 12:24:00+02:00,513.5078273593588,524.7136299067254,520.5489335312166,515.3484523809524
2025-09-09 12:25:00+02:00,399.5754429904314,408.8166830302144,410.5677610141983,354.3818055555556
2025-09-09 12:26:00+02:00,372.88732551856646,387.44835747323714,397.2208901203855,370.6012894736842
2025-09-09 12:27:00+02:00,243.3600827812672,246.7259161168069,250.67817788586436,172.60566468253967
2025-09-09 12:28:00+02:00,216.47934599729052,205.0973489610059,210.11328234735012,161.0533283730159
2025-09-09 12:29:00+02:00,221.3195336320112,216.9205346709896,221.53939518300064,168.2217059314954
2025-09-09 12:30:00+02:00,229.09739245875303,231.2430369927989,235.71569869200596,181.287876984127
2025-09-09 12:31:00+02:00,347.6258664328472,352.29173619344,356.5088494186265,327.5749007936508
2025-09-09 12:32:00+02:00,625.5133221724268,625.8178382224742,630.703653639747,618.0579166666666
2025-09-09 12:33:00+02:00,729.4111207694668,730.2229400838983,730.4873122545293,739.0268055555556
2025-09-09 12:34:00+02:00,724.0583883480565,736.8600997125511,723.4222357718036,735.3150694444445
2025-09-09 12:35:00+02:00,726.1468707861602,736.9386687883696,730.0362598482634,729.6103472222222
2025-09-09 12:36:00+02:00,728.1199044996556,735.6825726089041,741.6478890821036,725.1925961538462
2025-09-09 12:37:00+02:00,736.4350332989,749.2791330548673,743.9971329819821,726.0164420485175
2025-09-09 12:38:00+02:00,614.8702568173135,635.2742537969536,629.2785709457014,600.3910529215718
2025-09-09 12:39:00+02:00,677.1512292345965,674.2543997685593,659.2604266967821,661.525763888889
2025-09-09 12:40:00+02:00,190.19432811505337,194.7636097606168,202.51102501875272,128.66747023809523
2025-09-09 12:41:00+02:00,173.68584933391062,178.8976214474821,184.00206242453984,117.50199324324323
2025-09-09 12:42:00+02:00,514.7897300682077,524.5070096305556,520.719396461687,514.2336527777778
2025-09-09 12:43:00+02:00,684.0829252477006,684.3068326815858,678.1964019477457,501.0531666666666
2025-09-09 12:44:00+02:00,678.9913729147395,689.8407595116462,694.2550442049983,676.9252222222223
2025-09-09 12:45:00+02:00,694.8682700222039,699.8192826356201,706.5621093067616,680.3064342948718
2025-09-09 12:46:00+02:00,706.3268707924178,710.3005946916946,691.3496486977695,690.6841765873015
2025-09-09 12:47:00+02:00,685.7883663483144,691.6230058806134,673.4235399423565,679.0190178571429
2025-09-09 12:48:00+02:00,284.4976827842871,299.9939027543508,292.7298186121947,210.9086111111111
2025-09-09 12:49:00+02:00,262.38673602936336,270.5853273880651,273.6646285738939,230.822875
2025-09-09 12:50:00+02:00,462.79059440437504,475.76826822070575,484.29471114421534,456.3643055555556
2025-09-09 12:51:00+02:00,683.8965489527527,679.7159285274568,687.3082456669902,679.2445304232805
2025-09-09 12:52:00+02:00,685.5712460285467,682.5821605680455,678.3974183156863,680.2040277777778
2025-09-09 12:53:00+02:00,392.8995275103152,396.8999800142548,399.1084163006962,329.64846688034186
2025-09-09 12:54:00+02:00,204.4151241524225,209.2710913050202,211.59013732100044,143.6869419642857
2025-09-09 12:55:00+02:00,240.1248290941735,244.26263082449125,253.5441240045052,183.2711574074074
2025-09-09 12:56:00+02:00,603.2969398081661,610.6876614696166,615.1757080521797,603.8135245310245
2025-09-09 12:57:00+02:00,687.5550100396536,691.57500360526,704.2219625708899,680.0301058201059
2025-09-09 12:58:00+02:00,685.5406905460457,695.2131787254566,703.201145452025,678.5135555555556
2025-09-09 12:59:00+02:00,674.126757059254,700.6253864156092,691.9799386877776,670.152978896104
2025-09-09 13:00:00+02:00,500.7638060974628,523.7624929757651,539.6496557637402,479.9938383838384
2025-09-09 13:01:00+02:00,176.8997091654143,172.65533574153395,178.87404824182667,118.197720410628
2025-09-09 13:02:00+02:00,182.7273230726225,176.7214231586111,172.89771728215513,120.88948183760684
2025-09-09 13:03:00+02:00,188.55574736317936,180.7859929164654,170.6918620635449,119.38635645604396
2025-09-09 13:04:00+02:00,237.63160845988284,238.52998051043667,236.0810940197373,205.48364087301584
2025-09-09 13:05:00+02:00,380.9399498252358,399.4737872820144,398.8590574439462,332.2256313131313
2025-09-09 13:06:00+02:00,231.4882543915467,234.97376459414332,241.65970814776264,186.6336616161616
2025-09-09 13:07:00+02:00,641.1795525172602,653.6213225215758,657.7413026189822,667.1493055555555
2025-09-09 13:08:00+02:00,673.31266351452,680.8644152840898,695.1854576632909,676.6554365079365
2025-09-09 13:09:00+02:00,635.8377942390505,634.9708144581459,642.2788632389011,601.3283514957265
2025-09-09 13:10:00+02:00,230.1612425024272,231.34011450898188,237.558680851968,174.1681907894737
2025-09-09 13:11:00+02:00,187.6129889522896,188.52056553102892,195.02046743151024,145.39661044973545
2025-09-09 13:12:00+02:00,176.10632509417465,179.87733129418035,184.53936624739885,140.741712749616
2025-09-09 13:13:00+02:00,177.05242735329188,183.4835773852909,187.8254718673848,141.20352534562213
2025-09-09 13:14:00+02:00,181.44419309844423,187.09435859056893,191.6867216914295,141.681866359447
2025-09-09 13:15:00+02:00,185.8364190991259,190.70394065769565,195.54635902717104,142.60688508064518
2025-09-09 13:16:00+02:00,379.62868319162095,394.2700101032791,394.45257851881473,365.2738141025641
2025-09-09 13:17:00+02:00,421.122138701122,430.92919488517134,432.8114962073674,389.2091118421053
2025-09-09 13:18:00+02:00,245.46777775521213,250.08353539826788,263.863020147853,198.80347222222224
2025-09-09 13:19:00+02:00,174.0501973353034,182.14395257919972,182.17707611965864,139.14687402738875
2025-09-09 13:20:00+02:00,175.1418180074006,186.61788812909185,183.912323844558,137.89352083333333
2025-09-09 13:21:00+02:00,259.50839768453784,266.06938059146427,274.16193509282493,250.2051851851852
2025-09-09 13:22:00+02:00,599.8361358500965,614.8908020577767,611.302033589833,646.9532266414141
2025-09-09 13:23:00+02:00,235.2445864283234,239.626458618607,231.5351838979585,184.6916805555556
2025-09-09 13:24:00+02:00,283.07879678672595,285.3924655996483,274.3424748898691,255.473373015873
2025-09-09 13:25:00+02:00,556.5926826293721,571.9330006915907,580.1917269068049,549.2152777777777
2025-09-09 13:26:00+02:00,140.00616841501207,143.48432514543475,147.85945231460198,110.1776488095238
2025-09-09 13:27:00+02:00,142.4976058423534,147.4915158359761,151.9091621068692,107.58464285714284
2025-09-09 13:28:00+02:00,150.23443692198725,152.97939311582604,157.45482009152926,110.79801587301588
2025-09-09 13:29:00+02:00,361.5891901989388,368.3598518073824,378.8515315424689,370.94209722222223
2025-09-09 13:30:00+02:00,337.85165506702344,343.5976190147465,366.3414863082206,314.82579545454547
2025-09-09 13:31:00+02:00,332.1962508836272,330.05928746393823,342.6181141483949,310.8685197210197
2025-09-09 13:32:00+02:00,337.1200886052363,342.3121960036691,334.5189936005009,267.8376349206349
2025-09-09 13:33:00+02:00,370.8042907219886,389.8147223112013,377.4977405713812,356.6145601851852
2025-09-09 13:34:00+02:00,414.2959866662178,408.5208491153233,373.9037693763853,368.45866666666666
2025-09-09 13:35:00+02:00,182.56526877321016,185.3786533138096,189.5180061024905,130.02578703703702
2025-09-09 13:36:00+02:00,161.39751185486972,159.88311512144617,162.12555420101273,111.06094693732192
2025-09-09 13:37:00+02:00,168.08628935303545,164.8025969746111,159.75340866810686,108.18277182539684
2025-09-09 13:38:00+02:00,419.7810386692116,421.8350417447568,429.86225294705366,411.1927777777778
2025-09-09 13:39:00+02:00,274.26257026943404,281.15635668871323,281.29845053907417,223.9963888888889
2025-09-09 13:40:00+02:00,150.6002764951994,154.03664900636352,157.70193929468476,107.9792261904762
2025-09-09 13:41:00+02:00,149.8311059536016,151.0367222996588,159.56141515345027,101.2475
2025-09-09 13:42:00+02:00,159.79344417285728,154.839306744371,167.05411736221708,99.4447344771242
2025-09-09 13:43:00+02:00,169.75815349297756,158.64056913927138,174.5407823056362,97.67971668328347
2025-09-09 13:44:00+02:00,272.01093237283686,267.62276808154047,281.61385357209866,226.7943985404896
2025-09-09 13:45:00+02:00,184.65150819374347,181.1716111527883,182.4673295793866,133.24178571428573
2025-09-09 13:46:00+02:00,515.836213516468,524.8325985535848,527.2442547183907,533.3402777777778
2025-09-09 13:47:00+02:00,598.4617089118967,606.9570354557316,612.3665995983397,595.3660623781676
2025-09-09 13:48:00+02:00,615.494048601757,615.0390626004344,620.0794841444749,592.7248653752437
2025-09-09 13:49:00+02:00,611.387382651704,620.6710981524761,611.9788715623474,595.9228365384615
2025-09-09 13:50:00+02:00,601.1545489337323,617.3101591345221,607.7253299109989,593.8936593915345
2025-09-09 13:51:00+02:00,594.6237680862544,601.334783536862,602.9781715178199,587.0455277777778
2025-09-09 13:52:00+02:00,595.5434718059948,598.435873037231,591.9327167496406,575.7605080409356
2025-09-09 13:53:00+02:00,601.317962513215,604.26523328544,601.3671263786332,582.5428289810548
2025-09-09 13:54:00+02:00,580.5877225101974,589.9751745739698,587.7832218914966,593.2941395154553
2025-09-09 13:55:00+02:00,297.69570402089795,313.7980721630932,301.9749549983105,241.83862003968247
2025-09-09 13:56:00+02:00,463.62037905398233,470.21673702921447,471.27080423066207,432.6327777777778
2025-09-09 13:57:00+02:00,320.1715748626887,330.3673260163105,331.6570370406956,285.24959859584857
2025-09-09 13:58:00+02:00,582.9057684237873,595.562508821894,593.4075808386276,601.5057751322751
2025-09-09 13:59:00+02:00,510.0420088182647,520.8312652965667,518.2792736497356,490.6554677960928
2025-09-09 14:00:00+02:00,212.8440291494236,217.44288651600365,228.57655200118663,154.35484126984127
2025-09-09 14:01:00+02:00,258.5130159805843,263.14863855927314,261.24606538584885,211.41222222222223
2025-09-09 14:02:00+02:00,469.0981278742207,486.9653850926698,490.9818702778173,487.0947023809524
2025-09-09 14:03:00+02:00,275.29211107219805,286.4230165146293,293.55316901469394,233.2561805555556
2025-09-09 14:04:00+02:00,193.980147889358,189.75448532938591,194.90809505012,147.36188311688315
2025-09-09 14:05:00+02:00,215.5389526289665,212.14711949092785,217.41178213173404,181.1062355699856
2025-09-09 14:06:00+02:00,298.0212171664908,305.26498888966506,309.1162950903674,260.3974305555556
2025-09-09 14:07:00+02:00,183.5913712337461,188.7224285555466,201.3646388094421,150.45402618135378
2025-09-09 14:08:00+02:00,189.05251200083043,193.91906807696185,205.498049874517,153.1516071428571
2025-09-09 14:09:00+02:00,195.07565017752697,199.31246108399725,209.6296076446596,156.87982585470084
2025-09-09 14:10:00+02:00,208.50896824287736,211.85623303845892,215.9155943245908,166.4276851851852
2025-09-09 14:11:00+02:00,223.0040966049974,226.4667980093956,230.21776282285495,176.45888888888888
2025-09-09 14:12:00+02:00,238.7840998095486,243.11322450341896,246.04163152234415,187.099115497076
2025-09-09 14:13:00+02:00,512.1192550610995,529.4546627106299,517.7306753241746,522.8681666666666
2025-09-09 14:14:00+02:00,585.4114143096447,594.732985936136,594.9330112227324,608.937123015873
2025-09-09 14:15:00+02:00,434.66519144634896,443.6434049496913,449.5017402047536,418.6176388888889
2025-09-09 14:16:00+02:00,203.0861803927,214.59735340347652,219.66016135363688,162.39111111111112
2025-09-09 14:17:00+02:00,235.3787401105229,241.15523779703867,245.55731395375372,195.66176587301587
2025-09-09 14:18:00+02:00,385.7365938058501,391.63977621707096,394.5400800296552,385.6501388888889
2025-09-09 14:19:00+02:00,532.8354943526156,568.4776916526612,551.9344290993395,567.7485912698413
2025-09-09 14:20:00+02:00,242.3221850855853,249.6093200830664,253.31239614370568,195.85208333333333
2025-09-09 14:21:00+02:00,196.68574938085607,209.8171402092348,206.8337989732686,152.90047619047618
2025-09-09 14:22:00+02:00,254.0350883762194,266.181608780776,264.27976403222044,231.8181349206349
2025-09-09 14:23:00+02:00,567.6585521776562,586.6285370985061,589.9287857346453,583.5178650097466
2025-09-09 14:24:00+02:00,564.9066530527791,587.4379374240452,589.7375612383432,577.1928282828283
2025-09-09 14:25:00+02:00,562.1434182547832,590.5297590626376,583.8008557660796,578.1092872692442
2025-09-09 14:26:00+02:00,559.3803623787023,578.5737666320008,577.9721508974765,570.5295299145299
2025-09-09 14:27:00+02:00,556.6174854245369,572.407397356187,572.3291908750325,573.9389904420549
2025-09-09 14:28:00+02:00,548.9067470222117,563.4886629590692,564.2229631215368,564.6855342152425
2025-09-09 14:29:00+02:00,458.349034425744,468.61485527074,480.099740426874,456.1164236111111
2025-09-09 14:30:00+02:00,433.3525632280417,443.3538768893435,449.56648268443655,460.0280423280423
2025-09-09 14:31:00+02:00,395.31431658094783,408.24666789284,413.29537512375,398.8531712962963
2025-09-09 14:32:00+02:00,162.52286012835822,166.92941033809942,179.11978708227622,134.5103638888889
2025-09-09 14:33:00+02:00,169.64322795115206,173.80418977553762,185.0155644632773,136.40952962962962
2025-09-09 14:34:00+02:00,186.2568768693562,190.22688920279612,195.0028560603629,147.94175925925927
2025-09-09 14:35:00+02:00,393.4673481654614,401.2116533855014,403.2473886766907,394.4704166666666
2025-09-09 14:36:00+02:00,227.6247787662928,238.2547735276429,242.1237279543957,171.7226388888889
2025-09-09 14:37:00+02:00,240.3454334596764,252.00509781627775,253.2770087195848,185.32902777777775
2025-09-09 14:38:00+02:00,350.05254213725084,359.35225193559324,364.8752617317468,323.3875
2025-09-09 14:39:00+02:00,569.8894175741364,581.8484466857553,586.0672550740421,571.7707777777778
2025-09-09 14:40:00+02:00,554.1389036709677,574.2013413240172,570.8295045967011,554.1082638888889
2025-09-09 14:41:00+02:00,513.9478396589259,524.2894695185619,527.2376444814354,505.6191618217054
2025-09-09 14:42:00+02:00,530.7316660703932,541.0023505766558,544.0575255086148,522.225941860465
2025-09-09 14:43:00+02:00,541.4374127311994,552.7569222901416,567.4913922968647,535.5467407407408
2025-09-09 14:44:00+02:00,510.7377521505294,507.96688589233867,517.9088567951028,491.4129861111112
2025-09-09 14:45:00+02:00,533.9155681815819,544.3275785678284,543.7721175134775,541.4847301587301
2025-09-09 14:46:00+02:00,547.096722683702,557.30141476053,564.8160360781083,538.407470103426
2025-09-09 14:47:00+02:00,545.2910259002201,563.5082252770569,553.97882316608,536.7743277310924
2025-09-09 14:48:00+02:00,547.6978761006837,568.4103525863595,558.5253542673413,538.3715257064365
2025-09-09 14:49:00+02:00,557.3740197621164,573.827395073756,575.7735372181428,553.598579059829
2025-09-09 14:50:00+02:00,567.2427314946783,581.1985609109429,581.521748207663,562.5269444444444
2025-09-09 14:51:00+02:00,577.1931996423757,590.1146242497891,588.3414847872489,573.8959561965812
2025-09-09 14:52:00+02:00,575.8891691410738,602.198111391845,593.2300224535024,577.2538991910867
2025-09-09 14:53:00+02:00,521.9114528398418,534.1027149915196,539.2207247881415,521.3534722222222
2025-09-09 14:54:00+02:00,551.3566398637931,558.9877632035864,570.3973181285462,574.7383597883598
2025-09-09 14:55:00+02:00,402.7537332937025,411.9425589006264,418.90176532755896,388.7069444444445
2025-09-09 14:56:00+02:00,221.56812050121897,225.54673636911227,231.0595453443969,180.32140873015877
2025-09-09 14:57:00+02:00,185.0409091641565,182.46331446717645,188.00231219955532,142.91589805366593
2025-09-09 14:58:00+02:00,208.4925243237585,209.76066646114083,215.96967705962263,170.59428898482466
2025-09-09 14:59:00+02:00,301.95469259922567,311.42345607624816,316.5703423005404,287.14323412698417
2025-09-09 15:00:00+02:00,201.98965008327636,216.52188519111837,221.20425008434853,172.9932986111111
2025-09-09 15:01:00+02:00,180.12035435496352,180.71563260133576,189.15624741413777,146.1249074074074
2025-09-09 15:02:00+02:00,140.99824082983054,154.50541478182262,156.6651818796412,105.84410995370372
2025-09-09 15:03:00+02:00,155.40760008523327,167.7719989927825,166.49404125622823,111.07756944444444
2025-09-09 15:04:00+02:00,416.8861609003857,430.511185507392,427.3426401569003,433.9282395382396
2025-09-09 15:05:00+02:00,489.0230824398647,510.9578179399072,504.0212235008512,501.5596001683502
2025-09-09 15:06:00+02:00,476.624719154835,523.5329588097532,511.9307506363137,507.9205277777778
2025-09-09 15:07:00+02:00,460.9776188825928,523.3640356392043,506.2092632556981,510.2960854700855
2025-09-09 15:08:00+02:00,445.3362813363862,480.63407091792953,497.6124797070749,506.0353514957265
2025-09-09 15:09:00+02:00,387.6774737703586,402.969375815782,414.8567826127498,394.9339861111111
2025-09-09 15:10:00+02:00,155.1560997563376,159.06572915137957,164.564551653057,116.70258618233618
2025-09-09 15:11:00+02:00,129.82236904596863,126.70619427156564,130.87708319482962,91.89422435660808
2025-09-09 15:12:00+02:00,133.22334127821995,130.38570234851224,134.55050649222042,92.4315121106284
2025-09-09 15:13:00+02:00,136.624590151877,134.1330141913312,138.29246285343507,97.46073548922055
2025-09-09 15:14:00+02:00,140.02611566693977,137.87904697493963,142.0329220947583,99.71510131633498
2025-09-09 15:15:00+02:00,152.06200037577466,154.27871947994117,156.74268831403307,117.00389550264548
2025-09-09 15:16:00+02:00,303.8250618897484,315.67447381075925,307.87913568447703,290.86354166666666
2025-09-09 15:17:00+02:00,170.25104180647028,179.74515601045175,181.96505443998583,133.91636904761904
2025-09-09 15:18:00+02:00,133.93181271843184,142.83800608497526,144.00385330384222,87.23649547803619
2025-09-09 15:19:00+02:00,201.8301322031357,206.02176258523212,211.93710795505783,168.84697222222223
2025-09-09 15:20:00+02:00,243.34436977338223,250.16586473588427,249.80337936735287,200.57035714285715
2025-09-09 15:21:00+02:00,230.7395401713267,245.51654494708805,231.27939343041743,215.075
2025-09-09 15:22:00+02:00,362.0366243099567,379.7787691606641,378.0140041513956,398.514
2025-09-09 15:23:00+02:00,207.8690009845196,213.48139530695383,220.7017167680995,157.46474867724868
2025-09-09 15:24:00+02:00,271.5745272743643,283.36657266673,286.3460558313388,224.49178331842575
2025-09-09 15:25:00+02:00,155.72231527713623,155.3071904482776,162.9612530222158,105.66347383720928
2025-09-09 15:26:00+02:00,402.5540704364727,415.2033079227686,413.5258284227914,408.38244047619054
2025-09-09 15:27:00+02:00,411.3291524017748,425.2711648623212,422.2904126255372,415.7347278528529
2025-09-09 15:28:00+02:00,406.501153448316,418.5086831854586,416.17461948349495,410.43287443693697
2025-09-09 15:29:00+02:00,403.87476323040113,410.221319768843,413.4745913111651,406.7806485109718
2025-09-09 15:30:00+02:00,401.2485358600321,401.56827793086177,410.7981657749741,407.4336848484849
2025-09-09 15:31:00+02:00,398.622471337209,392.9080582185138,408.1209263578523,407.1909035353535
2025-09-09 15:32:00+02:00,395.9965696619315,384.2406606317987,405.4428730598,404.3233967391304
2025-09-09 15:33:00+02:00,388.9046110534605,385.65803015995016,402.4705443278079,400.70455533596834
2025-09-09 15:34:00+02:00,300.5438895363772,325.72866521874414,311.5213148659633,293.3776085858586
2025-09-09 15:35:00+02:00,167.39814661374203,176.1915624426413,177.93904770652733,121.88778935185184
2025-09-09 15:36:00+02:00,365.2966796710348,382.7748531953779,376.4464818098794,377.89945035461
2025-09-09 15:37:00+02:00,382.8645149525064,400.4021162616727,392.0379698813343,397.904121838619
2025-09-09 15:38:00+02:00,380.19354082239033,397.73191698733086,389.53441865934695,395.06221970863817
2025-09-09 15:39:00+02:00,377.52273530389147,395.0610350955668,387.0301587387348,391.6088775510204
2025-09-09 15:40:00+02:00,374.8520983970095,392.3894705863804,384.5251901194978,389.4409680088252
2025-09-09 15:41:00+02:00,372.1816301017449,389.71722345977184,382.01951280163627,387.8197972972973
2025-09-09 15:42:00+02:00,262.7794173735114,272.9121043088253,277.6303078997875,242.95861111111117
2025-09-09 15:43:00+02:00,110.47099083318032,110.1867857588117,114.1459290183922,69.94934510091487
2025-09-09 15:44:00+02:00,106.08137391755928,103.5148885787925,114.63684594067443,68.3593243243243
2025-09-09 15:45:00+02:00,107.76197601767932,106.75587689990466,115.4340699025886,68.62629145225843
2025-09-09 15:46:00+02:00,109.44264574979243,110.82830555134576,116.2312262191087,71.83196847507331
2025-09-09 15:47:00+02:00,111.12338311389854,114.89923000388988,117.02831489023474,75.6492811262026
2025-09-09 15:48:00+02:00,112.80418810999772,114.95801428922373,117.82533591596666,80.0508744517544
2025-09-09 15:49:00+02:00,114.48506073808998,109.37731099376252,118.62228929630444,79.31047676282053
2025-09-09 15:50:00+02:00,116.16600099817528,104.08010349466852,119.41917503124822,76.53953703703704
2025-09-09 15:51:00+02:00,117.84700889025352,108.91423932983038,120.21599312079786,78.34257936507937
2025-09-09 15:52:00+02:00,119.58854464473346,118.13088365370952,121.38654444118797,82.3905529953917
2025-09-09 15:53:00+02:00,123.88066139067186,126.18963983557012,128.89302453221524,87.73271519161841
2025-09-09 15:54:00+02:00,129.52013246628874,137.10692883381938,135.9438198550803,93.06307598039216
2025-09-09 15:55:00+02:00,143.06841478869163,159.31121023022737,149.23687010749356,104.45830370370368
2025-09-09 15:56:00+02:00,293.3154134996888,303.7398866628104,306.1908679563034,301.8099305555556
2025-09-09 15:57:00+02:00,303.63131876824843,327.5981282475136,316.8677555035965,315.6613888888889
2025-09-09 15:58:00+02:00,338.38559441871746,348.9341309234103,350.5044358227064,351.986798245614
2025-09-09 15:59:00+02:00,336.9917202136853,344.651601414888,356.08677921476567,356.0352083333334
2025-09-09 16:00:00+02:00,334.3236433931888,339.72473342981465,360.784989985911,355.98310096153847
2025-09-09 16:01:00+02:00,331.6557351843094,334.7955665053269,362.0113370801787,357.9182735042735
2025-09-09 16:02:00+02:00,328.98799558704684,329.86410064142484,349.28841285147945,353.8862971611722
2025-09-09 16:03:00+02:00,326.3204246014016,324.9303358381086,340.4553311178665,350.34455357142855
2025-09-09 16:04:00+02:00,321.60238606376686,334.82737004164466,337.6657335767057,336.07701388888887
2025-09-09 16:05:00+02:00,342.2721795344102,351.93533395673774,335.1701081580167,361.57327380952376
2025-09-09 16:06:00+02:00,285.38514399203825,294.69857885590886,289.08587069615584,277.2240972222222
2025-09-09 16:07:00+02:00,330.08180914336634,342.6550604608194,340.608614187452,353.90986111111107
2025-09-09 16:08:00+02:00,313.246849534432,325.8136397957898,324.10930234912354,340.3208333333334
2025-09-09 16:09:00+02:00,302.46755960068657,315.15249469771254,313.5430335338062,330.6781369047619
2025-09-09 16:10:00+02:00,305.9088188985984,317.15864105182726,315.4897863534072,332.86009523809525
2025-09-09 16:11:00+02:00,299.6207424934163,311.4684254761653,309.6401785070083,330.3775
2025-09-09 16:12:00+02:00,274.3650858401215,284.79042742972723,285.01061600742327,298.6675925925926
2025-09-09 16:13:00+02:00,170.67593778748687,173.63021248368844,179.43878137444918,158.91005376344086
2025-09-09 16:14:00+02:00,122.6742974864414,127.3269405273328,131.55219298344565,93.1948387096774
2025-09-09 16:15:00+02:00,125.48512695895332,130.13257858478747,134.41474072087934,95.07311754352276
2025-09-09 16:16:00+02:00,128.29614546317433,132.93750011104814,137.2764129798991,99.91488095238095
2025-09-09 16:17:00+02:00,131.1073529991044,135.74170510611486,140.137209760505,104.03580486542442
2025-09-09 16:18:00+02:00,133.91874956674354,138.5451935699877,142.99713106269698,109.68363466183575
2025-09-09 16:19:00+02:00,209.6003252663716,213.2951846232988,219.85706728794972,220.16041666666663
2025-09-09 16:20:00+02:00,135.59419043105888,137.87125532915906,138.13740036239233,119.51314814814816
2025-09-09 16:21:00+02:00,112.64632584417144,114.8326049573025,116.96039357286602,93.01786458333332
2025-09-09 16:22:00+02:00,105.9007585994159,109.4709964674095,110.9831092493944,88.92916666666667
2025-09-09 16:23:00+02:00,105.8355590999986,109.4709964674095,107.23845284939922,81.82575702075702
2025-09-09 16:24:00+02:00,106.61386955315852,109.4709964674095,110.93582004990208,79.65319306589467
2025-09-09 16:25:00+02:00,107.39219451214926,109.4709964674095,115.22548180292874,79.95604938271605
2025-09-09 16:26:00+02:00,108.17053397697067,109.4709964674095,119.48937069983543,86.22079704704704
2025-09-09 16:27:00+02:00,108.94888794762286,109.4709964674095,119.78312142495872,91.82179593692304
2025-09-09 16:28:00+02:00,109.72725642410572,109.4709964674095,117.09895216659068,90.9035101952208
2025-09-09 16:29:00+02:00,110.50563940641932,109.4709964674095,114.41401552500533,87.30859401336822
2025-09-09 16:30:00+02:00,111.2840368945636,109.4709964674095,111.72831150020264,84.13329633204633
2025-09-09 16:31:00+02:00,112.06244888853864,109.1705278538407,109.04184009218255,81.16263095238095
2025-09-09 16:32:00+02:00,110.06030093184458,104.3265511121618,106.61219194559372,76.43938025210083
2025-09-09 16:33:00+02:00,103.2387936834667,97.9589683909781,107.9065935270611,70.43777777777778
2025-09-09 16:34:00+02:00,96.32988493243369,98.61306336879947,110.41866154693868,68.86259615384616
2025-09-09 16:35:00+02:00,92.04006006330374,109.34623540754777,112.9300587595554,96.1589213659148
2025-09-09 16:36:00+02:00,98.4564915627314,150.62921088602852,115.4407851649112,157.12726190476192
2025-09-09 16:37:00+02:00,110.00224738449538,172.79918065017495,117.95084076300616,169.95498346560848
2025-09-09 16:38:00+02:00,127.45337963703028,143.3228286885038,121.61340265541229,128.71013888888888
2025-09-09 16:39:00+02:00,188.3723825033727,161.85950033793677,172.91866138226365,156.43409722222222
2025-09-09 16:40:00+02:00,163.99291619630196,170.03108243744393,183.70125035297048,140.82947222222222
2025-09-09 16:41:00+02:00,159.61861641480257,197.1155098510397,141.54309126044936,180.59455357142855
2025-09-09 16:42:00+02:00,168.52251860894611,211.0662359703203,142.432353887757,200.103125
2025-09-09 16:43:00+02:00,175.6880190463762,214.67258227248493,147.119852462384,216.30130892255892
2025-09-09 16:44:00+02:00,189.33684917675689,212.1088477681897,155.8819106719707,219.03845880681817
2025-09-09 16:45:00+02:00,189.8394973195623,209.5445055995168,158.93060633938376,217.28096966911767
2025-09-09 16:46:00+02:00,181.8944796656518,206.97955576646612,119.15491482016328,214.33865527292
2025-09-09 16:47:00+02:00,152.99975789271463,204.4139982690378,92.84306644769504,211.71205524205524
2025-09-09 16:48:00+02:00,115.5763509715228,201.84836436081653,97.38186548234312,208.6705183150183
2025-09-09 16:49:00+02:00,117.553986425137,199.494672689181,102.48000986114656,203.9744184981685
2025-09-09 16:50:00+02:00,158.1679452769758,197.3100122003704,125.37400136016356,199.14655172413796
2025-09-09 16:51:00+02:00,179.03021933111847,195.12491168018764,179.54994370253442,197.61722870182555
2025-09-09 16:52:00+02:00,175.52036331973483,192.93937112863253,185.39289116038685,196.7957720588236
2025-09-09 16:53:00+02:00,172.01080130350897,190.7533905457053,150.64691475285693,195.91457390648569
2025-09-09 16:54:00+02:00,168.50153328244068,188.5669699314056,111.09927160444158,194.0910201802211
2025-09-09 16:55:00+02:00,159.66634294390985,186.34984238992035,89.5017542219864,192.06922535211268
2025-09-09 16:56:00+02:00,128.2407412882495,181.46790241135463,87.14496424927488,190.0775019033118
2025-09-09 16:57:00+02:00,94.75551462029688,174.9174669975331,84.91659587077632,187.38700044208665
2025-09-09 16:58:00+02:00,76.21448065897519,160.77401003149038,82.68770222738209,184.04606612685564
2025-09-09 16:59:00+02:00,74.70855473055795,127.89853606182643,80.45828331909217,180.93919250104736
2025-09-09 17:00:00+02:00,74.70855473055795,93.2957503592456,78.2283391459066,176.626121031746
2025-09-09 17:01:00+02:00,74.70855473055795,78.49792465391809,75.99786970782527,164.37774206349206
2025-09-09 17:02:00+02:00,74.70855473055795,77.70581821054694,74.7894794458656,131.5582242063492
2025-09-09 17:03:00+02:00,74.70855473055795,76.91365517526947,74.7894794458656,90.09787698412698
2025-09-09 17:04:00+02:00,74.70855473055795,76.12143554808569,74.7894794458656,57.40154761904762
2025-09-09 17:05:00+02:00,74.70855473055795,75.32915932899553,74.7894794458656,48.40489423076924
2025-09-09 17:06:00+02:00,74.70855473055795,74.53682651799905,74.7894794458656,48.22374038461542
2025-09-09 17:07:00+02:00,74.70855473055795,73.74443711509625,74.7894794458656,48.0425865384616
2025-09-09 17:08:00+02:00,74.38608593790093,72.95199112028712,74.7894794458656,47.86143269230777
2025-09-09 17:09:00+02:00,73.6076109482407,72.15948853357173,74.7894794458656,47.68027884615392
2025-09-09 17:10:00+02:00,72.82589336679573,71.36210269940807,74.7894794458656,47.49912500000005
2025-09-09 17:11:00+02:00,72.04419044162987,70.49885971014903,74.76283754364815,47.317971153846194
2025-09-09 17:12:00+02:00,71.26250217274313,69.61471550170579,74.18335763882831,47.136817307692326
2025-09-09 17:13:00+02:00,70.48082856013549,68.73050088824304,73.38401686766137,46.94909837822536
2025-09-09 17:14:00+02:00,69.69916960380696,67.84621586976074,72.58460868335908,46.686309148265
2025-09-09 17:15:00+02:00,68.91752530375754,66.96186044625887,71.78513308592143,46.40239747634072
2025-09-09 17:16:00+02:00,68.13589565998731,66.07743461773752,70.98559007534845,46.11848580441645
2025-09-09 17:17:00+02:00,67.34596651341957,65.19293838419661,70.18597965164008,45.83457413249215
2025-09-09 17:18:00+02:00,66.36126763279252,64.30837174563612,69.38630181479637,45.54822065142606
2025-09-09 17:19:00+02:00,65.29464212219543,63.444447849412285,68.58655656481729,44.76129629629631
2025-09-09 17:20:00+02:00,64.22804390777713,62.64977129018233,67.78674390170285,43.75729454306377
2025-09-09 17:21:00+02:00,63.16147298953763,61.86061533276775,66.8722880244406,43.17718934911241
2025-09-09 17:22:00+02:00,62.09492936747691,61.07140336436929,65.40729869053322,42.61979289940827
2025-09-09 17:23:00+02:00,61.02841304159499,60.282135384986944,63.87045060204936,41.97640785106076
2025-09-09 17:24:00+02:00,59.97525495629452,59.49281139462072,62.33335379669832,41.211422764227656
2025-09-09 17:25:00+02:00,59.597546516398666,58.70343139327066,60.79600827448012,40.63644305220525
2025-09-09 17:26:00+02:00,59.597546516398666,57.91399538093674,59.45703394610804,40.38414835164837
2025-09-09 17:27:00+02:00,59.597546516398666,57.12450335761899,59.27122834840473,40.13689560439564
2025-09-09 17:28:00+02:00,59.597546516398666,56.33495532331736,59.27122834840473,39.88964285714291
2025-09-09 17:29:00+02:00,59.597546516398666,55.89519664754518,59.27122834840473,39.64239010989015
2025-09-09 17:30:00+02:00,59.597546516398666,55.89409997077615,59.27122834840473,39.39513736263738
2025-09-09 17:31:00+02:00,59.597546516398666,55.89409997077615,59.27122834840473,39.13873350113574
2025-09-09 17:32:00+02:00,59.597546516398666,55.89409997077615,59.27122834840473,38.86280726256985
2025-09-09 17:33:00+02:00,59.597546516398666,55.89409997077615,59.27122834840473,38.58627094972071
2025-09-09 17:34:00+02:00,59.52170186093701,55.89409997077615,59.27122834840473,38.30973463687156
2025-09-09 17:35:00+02:00,58.862942660684666,55.89409997077615,59.27122834840473,38.03319832402239
2025-09-09 17:36:00+02:00,58.08284655129695,55.89409997077615,59.00992964226171,37.7566620111732
2025-09-09 17:37:00+02:00,57.30276504777987,55.89409997077615,58.22376640187052,37.336786588730256
2025-09-09 17:38:00+02:00,56.522698150133394,55.310318822421365,57.423080738653184,36.64544444444443
2025-09-09 17:39:00+02:00,55.74264585835756,48.1220063598114,56.622327662300506,36.002176769868825
2025-09-09 17:40:00+02:00,54.962608172452335,47.14206896916876,55.82150717281246,35.60443359374998
2025-09-09 17:41:00+02:00,54.18258509241774,46.34909264067673,55.02061927018907,35.236464843749964
2025-09-09 17:42:00+02:00,53.40257661825377,45.55605991491933,54.21966395443032,34.86849609374997
2025-09-09 17:43:00+02:00,52.62258274996043,44.762970791896585,53.41864122553619,34.50544030272482
2025-09-09 17:44:00+02:00,51.16833663405911,43.969825271608485,52.617551083506726,34.21665689149558
2025-09-09 17:45:00+02:00,48.11163577608888,43.17662335405504,51.803801698285774,33.95272727272724
2025-09-09 17:46:00+02:00,45.16904366016901,42.38336503923623,49.63614823951654,33.68879765395889
2025-09-09 17:47:00+02:00,44.49201649367699,41.59005032715207,46.56723256630893,33.42486803519056
2025-09-09 17:48:00+02:00,44.49201649367699,40.79663734775648,44.00478364791896,33.16093841642226
2025-09-09 17:49:00+02:00,44.49201649367699,40.00140168477864,43.72760564332047,32.89584516016996
2025-09-09 17:50:00+02:00,44.49201649367699,39.20517667416418,43.72760564332047,32.62634670487106
2025-09-09 17:51:00+02:00,44.49201649367699,38.40889487599305,43.72760564332047,32.35643266475645
2025-09-09 17:52:00+02:00,44.49201649367699,37.61255629026523,43.72760564332047,32.08651862464183
2025-09-09 17:53:00+02:00,44.49201649367699,36.8161609169807,43.72760564332047,31.816604584527223
2025-09-09 17:54:00+02:00,44.49201649367699,36.01970875613947,43.72760564332047,31.54669054441261
2025-09-09 17:55:00+02:00,44.49201649367699,35.22319980774157,43.72760564332047,31.190181213098032
2025-09-09 17:56:00+02:00,44.3406428620718,34.42663407178697,43.72760564332047,30.659744318181826
2025-09-09 17:57:00+02:00,43.61621952982903,33.630011548275704,43.72760564332047,30.12451704545455
2025-09-09 17:58:00+02:00,42.83774880519631,32.94287900980424,43.42133033383236,29.54462265316205
2025-09-09 17:59:00+02:00,42.05929263628536,32.853249912082795,42.62496850448363,28.89326086956521
2025-09-09 18:00:00+02:00,41.28085102309614,32.853249912082795,41.82297053223134,28.308750093381143
2025-09-09 18:01:00+02:00,40.50242396562867,32.853249912082795,41.02090514684368,28.02900773195877
2025-09-09 18:02:00+02:00,39.72401146388295,32.853249912082795,40.21877234832067,27.786224226804126
2025-09-09 18:03:00+02:00,38.94561351785898,32.853249912082795,39.416572136662296,27.54344072164949
2025-09-09 18:04:00+02:00,38.16723012755677,32.853249912082795,38.61430451186856,27.30065721649485
2025-09-09 18:05:00+02:00,37.38886129297629,32.853249912082795,37.81196947393948,27.057873711340207
2025-09-09 18:06:00+02:00,34.71612509920781,32.853249912082795,37.00956702287503,26.81337151877385
2025-09-09 18:07:00+02:00,30.02009073001379,32.853249912082795,36.12025175946059,26.38411042944785
2025-09-09 18:08:00+02:00,28.63190895842002,32.21133571906734,31.56649682056744,25.831963190184045
2025-09-09 18:09:00+02:00,27.85237906995018,30.484040174810787,27.777747934036093,25.29124244052925
2025-09-09 18:10:00+02:00,27.07286378735097,28.739515813526644,26.97588071025533,24.86104700854702
2025-09-09 18:11:00+02:00,26.293363110622373,26.99471933318503,26.17394630440377,24.45848290598291
2025-09-09 18:12:00+02:00,25.5138770397644,25.24965073378594,25.37194471648141,24.055918803418805
2025-09-09 18:13:00+02:00,24.734405574777057,23.504310015329374,24.569875946488267,23.63557328224228
2025-09-09 18:14:00+02:00,23.954948715660336,21.758697177815343,23.767739994424357,23.104860335195536
2025-09-09 18:15:00+02:00,23.17550646241424,20.01281222124385,22.96553686028965,22.55513966480448
2025-09-09 18:16:00+02:00,22.39607881503877,18.266655145614887,22.16326654408413,22.01915857115337
2025-09-09 18:17:00+02:00,21.59017119281577,17.036318601269702,21.36092904580783,21.56295566502462
2025-09-09 18:18:00+02:00,20.727758565766017,16.242570153736146,20.55331728509946,21.11960591133004
2025-09-09 18:19:00+02:00,19.86359759017203,15.448765502575776,19.63758080709013,20.677512817935053
2025-09-09 18:20:00+02:00,18.999454570889945,14.654904647788584,18.678790115662743,20.34600583090378
2025-09-09 18:21:00+02:00,18.135329507919742,13.86098758937458,17.7199035391958,20.083615160349847
2025-09-09 18:22:00+02:00,17.27122240126144,13.067014327333752,16.7609210776893,19.821224489795917
2025-09-09 18:23:00+02:00,16.40713325091502,12.272984861666108,15.801842731143232,19.55883381924198
2025-09-09 18:24:00+02:00,15.543062056880494,11.478899192371664,14.842668499557632,19.296443148688045
2025-09-09 18:25:00+02:00,14.67912655324389,10.68475731945038,13.883398382932466,19.01401892600616
2025-09-09 18:26:00+02:00,13.862301683620252,9.88677018304744,12.925098855400616,18.553296089385483
2025-09-09 18:27:00+02:00,13.083048576398753,9.041630249251476,12.060562284645798,18.0505027932961
2025-09-09 18:28:00+02:00,12.303810075047869,8.182350898300857,11.25461432174568,17.567790538817952
2025-09-09 18:29:00+02:00,11.427319250342414,7.323005774636737,10.448598713451512,17.250669642857133
2025-09-09 18:30:00+02:00,10.41045549424612,6.463594878259105,9.642515459763295,16.970312499999977
2025-09-09 18:31:00+02:00,9.451769072566414,5.604118209167957,8.836364560681027,16.689955357142832
2025-09-09 18:32:00+02:00,8.550380260656038,4.7445757673632905,8.030146016204707,16.409598214285698
2025-09-09 18:33:00+02:00,7.705306211505627,3.884967552845122,7.223859826334333,16.129241071428563
2025-09-09 18:34:00+02:00,6.915459533182334,3.0252935656134383,6.417505991069913,15.60000218837535
2025-09-09 18:35:00+02:00,6.179647374755016,2.170067693225564,5.611084510411448,14.600955452356382
2025-09-09 18:36:00+02:00,5.496570605271151,1.362627474687235,4.792794766316861,13.726578947368422
2025-09-09 18:37:00+02:00,4.864825788668935,0.5677699422511662,3.8837310025706495,12.9428242481203
2025-09-09 18:38:00+02:00,4.282903221230917,0.0,2.9556967188361067,12.31348214285714
2025-09-09 18:39:00+02:00,3.4918638360741188,0.0,2.027572897029371,11.752767857142857
2025-09-09 18:40:00+02:00,2.6505389851235623,0.0,1.0993595371504377,11.21497274249005
2025-09-09 18:41:00+02:00,1.809231168114957,0.0,0.1710566391993104,10.866172638436488
2025-09-09 18:42:00+02:00,0.9679403850483012,0.0,0.0,10.559332247557004
2025-09-09 18:43:00+02:00,0.1266666359235859,0.0,0.0,10.252491856677524
2025-09-09 18:44:00+02:00,0.0,0.0,0.0,9.945651465798043
2025-09-09 18:45:00+02:00,0.0,0.0,0.0,9.642884093376765
2025-09-09 18:46:00+02:00,0.0,0.0,0.0,9.401691176470594
2025-09-09 18:47:00+02:00,0.0,0.0,0.0,9.18110294117648
2025-09-09 18:48:00+02:00,0.0,0.0,0.0,8.96051470588236
2025-09-09 18:49:00+02:00,0.0,0.0,0.0,8.739926470588241
2025-09-09 18:50:00+02:00,0.0,0.0,0.0,8.519338235294121
2025-09-09 18:51:00+02:00,0.0,0.0,0.0,8.298750000000002
2025-09-09 18:52:00+02:00,0.0,0.0,0.0,8.03422881652661
2025-09-09 18:53:00+02:00,0.0,0.0,0.0,7.514613095238094
2025-09-09 18:54:00+02:00,0.0,0.0,0.0,6.9538988095238095
2025-09-09 18:55:00+02:00,0.0,0.0,0.0,6.370319616977226
2025-09-09 18:56:00+02:00,0.0,0.0,0.0,5.721956521739131
2025-09-09 18:57:00+02:00,0.0,0.0,0.0,5.0931027667984194
2025-09-09 18:58:00+02:00,0.0,0.0,0.0,4.671798418972333
2025-09-09 18:59:00+02:00,0.0,0.0,0.0,4.299466403162056
2025-09-09 19:00:00+02:00,0.0,0.0,0.0,3.92713438735178
2025-09-09 19:01:00+02:00,0.0,0.0,0.0,3.5577454033084472
2025-09-09 19:02:00+02:00,0.0,0.0,0.0,3.2952111111111098
2025-09-09 19:03:00+02:00,0.0,0.0,0.0,3.085877777777775
2025-09-09 19:04:00+02:00,0.0,0.0,0.0,2.876544444444441
2025-09-09 19:05:00+02:00,0.0,0.0,0.0,2.667211111111108
2025-09-09 19:06:00+02:00,0.0,0.0,0.0,2.4578777777777754
2025-09-09 19:07:00+02:00,0.0,0.0,0.0,2.248544444444443
2025-09-09 19:08:00+02:00,0.0,0.0,0.0,2.0392111111111104
2025-09-09 19:09:00+02:00,0.0,0.0,0.0,1.839242463067983
2025-09-09 19:10:00+02:00,0.0,0.0,0.0,1.6672589792060488
2025-09-09 19:11:00+02:00,0.0,0.0,0.0,1.4971266540642716
2025-09-09 19:12:00+02:00,0.0,0.0,0.0,1.3269943289224944
2025-09-09 19:13:00+02:00,0.0,0.0,0.0,1.1568620037807171
2025-09-09 19:14:00+02:00,0.0,0.0,0.0,0.98672967863894
2025-09-09 19:15:00+02:00,0.0,0.0,0.0,0.8165973534971634
2025-09-09 19:16:00+02:00,0.0,0.0,0.0,0.6464650283553869
2025-09-09 19:17:00+02:00,0.0,0.0,0.0,0.4763327032136104
2025-09-09 19:18:00+02:00,0.0,0.0,0.0,0.3566374493229185
2025-09-09 19:19:00+02:00,0.0,0.0,0.0,0.3176415094339623
2025-09-09 19:20:00+02:00,0.0,0.0,0.0,0.2795626072041168
2025-09-09 19:21:00+02:00,0.0,0.0,0.0,0.2414837049742712
2025-09-09 19:22:00+02:00,0.0,0.0,0.0,0.2034048027444256
2025-09-09 19:23:00+02:00,0.0,0.0,0.0,0.1653259005145801
2025-09-09 19:24:00+02:00,0.0,0.0,0.0,0.1272469982847344
2025-09-09 19:25:00+02:00,0.0,0.0,0.0,0.0891680960548887
2025-09-09 19:26:00+02:00,0.0,0.0,0.0,0.0510891938250429
2025-09-09 19:27:00+02:00,0.0,0.0,0.0,0.0140847887550863
2025-09-09 19:28:00+02:00,0.0,0.0,0.0,0.0168213058419243
2025-09-09 19:29:00+02:00,0.0,0.0,0.0,0.0395017182130583
2025-09-09 19:30:00+02:00,0.0,0.0,0.0,0.0621821305841923
2025-09-09 19:31:00+02:00,0.0,0.0,0.0,0.0848625429553264
2025-09-09 19:32:00+02:00,0.0,0.0,0.0,0.1075429553264604
2025-09-09 19:33:00+02:00,0.0,0.0,0.0,0.1302233676975944
2025-09-09 19:34:00+02:00,0.0,0.0,0.0,0.1529037800687284
2025-09-09 19:35:00+02:00,0.0,0.0,0.0,0.1755841924398623
2025-09-09 19:36:00+02:00,0.0,0.0,0.0,0.1982646048109964
2025-09-09 19:37:00+02:00,0.0,0.0,0.0,0.2977430908474904
2025-09-09 19:38:00+02:00,0.0,0.0,0.0,0.7921830985915493
2025-09-09 19:39:00+02:00,0.0,0.0,0.0,1.341478873239437
2025-09-09 19:40:00+02:00,0.0,0.0,0.0,1.8907746478873244
2025-09-09 19:41:00+02:00,0.0,0.0,0.0,0.7222727272727272
2025-09-09 19:42:00+02:00,0.0,0.0,0.0,1.3064393939393937
2025-09-09 19:43:00+02:00,0.0,0.0,0.0,0.167419540229885
2025-09-09 19:44:00+02:00,0.0,0.0,0.0,0.1383448275862069
2025-09-09 19:45:00+02:00,0.0,0.0,0.0,0.1300689655172414
2025-09-09 19:46:00+02:00,0.0,0.0,0.0,0.121793103448276
2025-09-09 19:47:00+02:00,0.0,0.0,0.0,0.1135172413793105
2025-09-09 19:48:00+02:00,0.0,0.0,0.0,0.105241379310345
2025-09-09 19:49:00+02:00,0.0,0.0,0.0,0.0969655172413794
2025-09-09 19:50:00+02:00,0.0,0.0,0.0,0.0886896551724138
2025-09-09 19:51:00+02:00,0.0,0.0,0.0,0.0804137931034483
2025-09-09 19:52:00+02:00,0.0,0.0,0.0,0.0727931034482758
2025-09-09 19:53:00+02:00,0.0,0.0,0.0,0.0768275862068964
2025-09-09 19:54:00+02:00,0.0,0.0,0.0,0.0851034482758619
2025-09-09 19:55:00+02:00,0.0,0.0,0.0,0.0933793103448274
2025-09-09 19:56:00+02:00,0.0,0.0,0.0,0.1016551724137929
2025-09-09 19:57:00+02:00,0.0,0.0,0.0,0.1099310344827584
2025-09-09 19:58:00+02:00,0.0,0.0,0.0,0.118206896551724
2025-09-09 19:59:00+02:00,0.0,0.0,0.0,0.1264827586206895
2025-09-09 20:00:00+02:00,0.0,0.0,0.0,0.134758620689655
