{
  "mae": 11.380228074028405,
  "rmse": 18.355946041954354,
  "r2": 0.9562034028259203,
  "mape": 8.51030036592923,
  "max_error": 85.01625791157656,
  "bias": -0.8957971487294268,
  "n_samples": 6
}