index,time,y_true,y_pred
0,2025-09-04 05:00:00+02:00,9.231776773950688,0.0
1,2025-09-04 05:01:00+02:00,4.704665404040404,0.0
2,2025-09-04 05:02:00+02:00,12.008492063492064,0.0
3,2025-09-04 05:03:00+02:00,10.161666666666664,0.0
4,2025-09-04 05:04:00+02:00,11.244766009852215,0.0
5,2025-09-04 05:05:00+02:00,11.05645061728395,0.0
6,2025-09-04 05:06:00+02:00,4.391586538461538,0.0
7,2025-09-04 05:07:00+02:00,9.839023795300676,0.0
8,2025-09-04 05:08:00+02:00,7.593682795698925,0.0
9,2025-09-04 05:09:00+02:00,9.28898148148148,0.0
10,2025-09-04 05:10:00+02:00,7.300175653594771,0.0
11,2025-09-04 05:11:00+02:00,11.944659786721706,0.0
12,2025-09-04 05:12:00+02:00,9.340016291951777,0.0
13,2025-09-04 05:13:00+02:00,11.361290322580643,0.0
14,2025-09-04 05:14:00+02:00,5.33653634085213,0.0
15,2025-09-04 05:15:00+02:00,11.338849206349204,0.0
16,2025-09-04 05:16:00+02:00,12.653005291005291,0.0
17,2025-09-04 05:17:00+02:00,8.136484848484848,0.0
18,2025-09-04 05:18:00+02:00,6.38236111111111,0.0
19,2025-09-04 05:19:00+02:00,8.925095238095237,0.0
20,2025-09-04 05:20:00+02:00,9.34657738095238,0.0
21,2025-09-04 05:21:00+02:00,7.56988492063492,0.0
22,2025-09-04 05:22:00+02:00,10.677013888888888,0.0
23,2025-09-04 05:23:00+02:00,10.81254072681704,0.0
24,2025-09-04 05:24:00+02:00,7.523323412698413,0.0
25,2025-09-04 05:25:00+02:00,10.505537878787878,0.0
26,2025-09-04 05:26:00+02:00,8.387188552188553,0.0
27,2025-09-04 05:27:00+02:00,11.797598484848486,0.0
28,2025-09-04 05:28:00+02:00,7.931528846153846,0.0
29,2025-09-04 05:29:00+02:00,10.518148148148148,0.0
30,2025-09-04 05:30:00+02:00,8.008584656084656,0.0
31,2025-09-04 05:31:00+02:00,9.303257936507936,0.0
32,2025-09-04 05:32:00+02:00,10.637055555555555,0.0
33,2025-09-04 05:33:00+02:00,11.725776515151514,0.0
34,2025-09-04 05:34:00+02:00,10.318263888888888,0.0
35,2025-09-04 05:35:00+02:00,12.284913793103447,0.0
36,2025-09-04 05:36:00+02:00,10.35546783625731,0.0
37,2025-09-04 05:37:00+02:00,11.65573611111111,0.0
38,2025-09-04 05:38:00+02:00,10.483391934293095,0.0
39,2025-09-04 05:39:00+02:00,12.299836563307494,0.0
40,2025-09-04 05:40:00+02:00,10.46062962962963,0.0
41,2025-09-04 05:41:00+02:00,11.814533730158727,0.0
42,2025-09-04 05:42:00+02:00,12.376398809523808,0.0
43,2025-09-04 05:43:00+02:00,11.939322916666669,0.0
44,2025-09-04 05:44:00+02:00,10.552448653198653,0.0
45,2025-09-04 05:45:00+02:00,11.510642091648188,0.0
46,2025-09-04 05:46:00+02:00,9.062761130468449,0.0
47,2025-09-04 05:47:00+02:00,12.68114620467252,0.0
48,2025-09-04 05:48:00+02:00,11.55127435897436,0.0
49,2025-09-04 05:49:00+02:00,13.434580200501252,0.0
50,2025-09-04 05:50:00+02:00,13.403912927350428,0.0
51,2025-09-04 05:51:00+02:00,12.440531844316672,0.0
52,2025-09-04 05:52:00+02:00,13.221550925925923,0.0
53,2025-09-04 05:53:00+02:00,14.277727185649598,0.0
54,2025-09-04 05:54:00+02:00,14.287992212036327,0.0
55,2025-09-04 05:55:00+02:00,14.444393939393938,0.0
56,2025-09-04 05:56:00+02:00,9.922928030303032,0.0
57,2025-09-04 05:57:00+02:00,13.079947811447813,0.0
58,2025-09-04 05:58:00+02:00,13.715840982286636,0.0
59,2025-09-04 05:59:00+02:00,12.920304347826084,0.0
60,2025-09-04 06:00:00+02:00,16.869637992241252,-9.416874045408727
61,2025-09-04 06:01:00+02:00,10.757930790960453,-8.637667844834677
62,2025-09-04 06:02:00+02:00,14.392423903998598,-7.856242533625991
63,2025-09-04 06:03:00+02:00,18.444014355742297,-7.074817222417302
64,2025-09-04 06:04:00+02:00,20.63370098039216,-6.293391911208619
65,2025-09-04 06:05:00+02:00,17.493537763638503,-5.511966599999932
66,2025-09-04 06:06:00+02:00,17.217755758807588,-4.730541288791246
67,2025-09-04 06:07:00+02:00,22.838871212121216,-3.949115977582558
68,2025-09-04 06:08:00+02:00,22.584483327181,-3.167690666373872
69,2025-09-04 06:09:00+02:00,25.3485443583118,-2.3938625456908316
70,2025-09-04 06:10:00+02:00,22.00681917211329,-2.10625461864875
71,2025-09-04 06:11:00+02:00,23.99084656084656,-2.10625461864875
72,2025-09-04 06:12:00+02:00,24.375820105820107,-2.10625461864875
73,2025-09-04 06:13:00+02:00,21.78684135472371,-2.10625461864875
74,2025-09-04 06:14:00+02:00,21.73517948717949,-2.10625461864875
75,2025-09-04 06:15:00+02:00,22.16380687830688,-2.10625461864875
76,2025-09-04 06:16:00+02:00,23.417677248677247,-2.10625461864875
77,2025-09-04 06:17:00+02:00,20.43798397435897,-2.10625461864875
78,2025-09-04 06:18:00+02:00,23.160625,-2.10625461864875
79,2025-09-04 06:19:00+02:00,26.56576388888889,-1.8997292700262864
80,2025-09-04 06:20:00+02:00,27.236764705882354,-0.3163682639207579
81,2025-09-04 06:21:00+02:00,25.868849206349207,1.519412612723336
82,2025-09-04 06:22:00+02:00,31.366136363636368,3.3551934893674336
83,2025-09-04 06:23:00+02:00,28.45547288359789,5.190974366011531
84,2025-09-04 06:24:00+02:00,32.10469642857143,7.026755242655643
85,2025-09-04 06:25:00+02:00,27.109113425925926,8.862536119299754
86,2025-09-04 06:26:00+02:00,29.218697916666667,10.69831699594387
87,2025-09-04 06:27:00+02:00,29.69968055555556,12.422164035012432
88,2025-09-04 06:28:00+02:00,34.373114035087724,13.34008744353703
89,2025-09-04 06:29:00+02:00,31.949490740740742,14.10130347945585
90,2025-09-04 06:30:00+02:00,35.30596338383838,14.862519515374672
91,2025-09-04 06:31:00+02:00,35.67612381989833,15.623735551293496
92,2025-09-04 06:32:00+02:00,37.44074377828054,16.384951587212317
93,2025-09-04 06:33:00+02:00,39.26883333333333,17.146167623131124
94,2025-09-04 06:34:00+02:00,37.98869444444444,17.90738365904991
95,2025-09-04 06:35:00+02:00,34.92974740537241,18.668599694968687
96,2025-09-04 06:36:00+02:00,38.82118055555556,19.429815730887473
97,2025-09-04 06:37:00+02:00,41.22595833333333,20.50503338162277
98,2025-09-04 06:38:00+02:00,44.73447222222222,22.250121143966627
99,2025-09-04 06:39:00+02:00,41.0886037037037,24.01614234729826
100,2025-09-04 06:40:00+02:00,44.44565347222223,25.782163550629893
101,2025-09-04 06:41:00+02:00,48.101628472222224,27.35280597140903
102,2025-09-04 06:42:00+02:00,43.57473475355054,28.183800143953743
103,2025-09-04 06:43:00+02:00,47.41945370370371,28.945016179872564
104,2025-09-04 06:44:00+02:00,42.87685854076479,29.706232215791385
105,2025-09-04 06:45:00+02:00,44.08283333333333,30.467448251710206
106,2025-09-04 06:46:00+02:00,44.37138480392158,31.228664287629027
107,2025-09-04 06:47:00+02:00,43.36953533496732,31.989880323547833
108,2025-09-04 06:48:00+02:00,49.94092592592593,32.751096359466615
109,2025-09-04 06:49:00+02:00,51.033920138888895,33.51231239538541
110,2025-09-04 06:50:00+02:00,52.98494738247863,34.27352843130417
111,2025-09-04 06:51:00+02:00,55.59309821428571,40.30069340434717
112,2025-09-04 06:52:00+02:00,55.730879629629634,44.44991332174433
113,2025-09-04 06:53:00+02:00,59.304479166666674,46.875766623024035
114,2025-09-04 06:54:00+02:00,64.99244212962962,49.30161992430375
115,2025-09-04 06:55:00+02:00,58.51839583333334,51.72747322558345
116,2025-09-04 06:56:00+02:00,62.987678571428575,54.153326526863154
117,2025-09-04 06:57:00+02:00,66.3285909090909,56.6379360988209
118,2025-09-04 06:58:00+02:00,69.15118650793652,59.60705891821577
119,2025-09-04 06:59:00+02:00,71.4708134920635,62.68375091008271
120,2025-09-04 07:00:00+02:00,68.10162698412698,89.81366925226791
121,2025-09-04 07:01:00+02:00,71.53193347953216,91.59091941373255
122,2025-09-04 07:02:00+02:00,83.49599206349207,94.22200739501713
123,2025-09-04 07:03:00+02:00,90.55029970760232,99.62243114711644
124,2025-09-04 07:04:00+02:00,79.94534722222222,94.64769475287471
125,2025-09-04 07:05:00+02:00,78.80426587301588,95.93195420092539
126,2025-09-04 07:06:00+02:00,81.63570512820513,98.1117439288756
127,2025-09-04 07:07:00+02:00,92.59597222222222,100.2915336568258
128,2025-09-04 07:08:00+02:00,91.76939814814814,97.84076302842772
129,2025-09-04 07:09:00+02:00,86.55398214285714,98.74973121773391
130,2025-09-04 07:10:00+02:00,104.13118055555556,104.03337534030294
131,2025-09-04 07:11:00+02:00,105.99770833333334,107.70294941469393
132,2025-09-04 07:12:00+02:00,111.05402777777778,107.81680030264302
133,2025-09-04 07:13:00+02:00,110.20394444444445,106.33856604456913
134,2025-09-04 07:14:00+02:00,107.8890277777778,105.04728733734254
135,2025-09-04 07:15:00+02:00,95.48892195767196,104.6011595981274
136,2025-09-04 07:16:00+02:00,111.20431712962964,108.95673208761613
137,2025-09-04 07:17:00+02:00,117.22064814814814,106.15986953226827
138,2025-09-04 07:18:00+02:00,109.32807870370372,106.18389381394525
139,2025-09-04 07:19:00+02:00,107.72948412698412,105.67417692518285
140,2025-09-04 07:20:00+02:00,135.62587962962962,115.8575746829916
141,2025-09-04 07:21:00+02:00,134.3011111111111,116.03427751093837
142,2025-09-04 07:22:00+02:00,140.25956590413944,121.44532444220617
143,2025-09-04 07:23:00+02:00,145.94383796296296,124.44574089126705
144,2025-09-04 07:24:00+02:00,153.38979166666667,126.41803040507072
145,2025-09-04 07:25:00+02:00,149.25219907407407,123.5885273179261
146,2025-09-04 07:26:00+02:00,147.24283333333335,120.2457406482686
147,2025-09-04 07:27:00+02:00,140.6078869047619,127.22146089589278
148,2025-09-04 07:28:00+02:00,164.18680555555554,130.0127107535622
149,2025-09-04 07:29:00+02:00,157.67765625,130.92269621182197
150,2025-09-04 07:30:00+02:00,158.74180555555554,134.38077236959435
151,2025-09-04 07:31:00+02:00,157.90147817460317,132.28072324620737
152,2025-09-04 07:32:00+02:00,167.3439351851852,134.73497081726651
153,2025-09-04 07:33:00+02:00,167.2725,141.6494253814506
154,2025-09-04 07:34:00+02:00,171.55001984126986,142.9162917221368
155,2025-09-04 07:35:00+02:00,190.13054487179488,151.12131929199128
156,2025-09-04 07:36:00+02:00,187.8655687830688,146.99549235268884
157,2025-09-04 07:37:00+02:00,187.3601587301587,151.5967123265316
158,2025-09-04 07:38:00+02:00,199.03354166666668,156.26421970341738
159,2025-09-04 07:39:00+02:00,196.4743055555556,159.45216218054458
160,2025-09-04 07:40:00+02:00,199.48962009803924,162.66903980435907
161,2025-09-04 07:41:00+02:00,200.2495724789916,165.91789837977532
162,2025-09-04 07:42:00+02:00,202.2269756441224,169.12980804003774
163,2025-09-04 07:43:00+02:00,210.83064814814816,171.91921488788932
164,2025-09-04 07:44:00+02:00,215.4163701201201,174.58974261741992
165,2025-09-04 07:45:00+02:00,220.30405621530625,177.3515510970277
166,2025-09-04 07:46:00+02:00,221.8776136363637,183.9814187246315
167,2025-09-04 07:47:00+02:00,229.46661904761905,193.60848006001106
168,2025-09-04 07:48:00+02:00,229.678625,208.39902642720273
169,2025-09-04 07:49:00+02:00,229.50433827160492,230.13888301366006
170,2025-09-04 07:50:00+02:00,236.80807936507935,250.66768156212964
171,2025-09-04 07:51:00+02:00,239.96181576797383,252.04821505649807
172,2025-09-04 07:52:00+02:00,245.66082843137252,249.03004466395163
173,2025-09-04 07:53:00+02:00,252.4442943805875,244.26422045954473
174,2025-09-04 07:54:00+02:00,254.4434595959596,232.95068201332725
175,2025-09-04 07:55:00+02:00,254.81298611111117,220.4752783024694
176,2025-09-04 07:56:00+02:00,258.9481875,205.2659252250853
177,2025-09-04 07:57:00+02:00,263.8421701388889,190.4696603532367
178,2025-09-04 07:58:00+02:00,260.4986525341131,188.1170782873799
179,2025-09-04 07:59:00+02:00,265.1859371693121,190.0788890425352
180,2025-09-04 08:00:00+02:00,277.461673992674,241.59495337038538
181,2025-09-04 08:01:00+02:00,280.1079556878307,245.7831463089757
182,2025-09-04 08:02:00+02:00,282.7079563492064,249.75344002035553
183,2025-09-04 08:03:00+02:00,288.6481712962963,253.43367307213708
184,2025-09-04 08:04:00+02:00,292.0890277777778,257.1124911938718
185,2025-09-04 08:05:00+02:00,294.9993148148148,260.7913093156066
186,2025-09-04 08:06:00+02:00,299.1408485623781,264.4701274373417
187,2025-09-04 08:07:00+02:00,302.95236912393165,268.0841368467802
188,2025-09-04 08:08:00+02:00,308.30952777777776,271.63114063842056
189,2025-09-04 08:09:00+02:00,311.1153683862434,275.1781444300607
190,2025-09-04 08:10:00+02:00,315.4574603174603,278.7251482217009
191,2025-09-04 08:11:00+02:00,320.20237962962966,282.272152013341
192,2025-09-04 08:12:00+02:00,324.71334722222224,285.8147572387711
193,2025-09-04 08:13:00+02:00,326.10333531746033,289.3503247582657
194,2025-09-04 08:14:00+02:00,323.6992328042328,292.88581230382897
195,2025-09-04 08:15:00+02:00,328.58995701058205,296.4212998493923
196,2025-09-04 08:16:00+02:00,332.0451654259719,299.9567873949556
197,2025-09-04 08:17:00+02:00,336.4208186123912,303.4986295749963
198,2025-09-04 08:18:00+02:00,335.9662400793651,307.05645462357086
199,2025-09-04 08:19:00+02:00,342.19097222222223,310.61504993087
200,2025-09-04 08:20:00+02:00,345.69511574074073,314.17364523816894
201,2025-09-04 08:21:00+02:00,345.5948247863248,317.73224054546813
202,2025-09-04 08:22:00+02:00,351.67559027777776,321.5721777894554
203,2025-09-04 08:23:00+02:00,349.7042881944444,326.4120194841046
204,2025-09-04 08:24:00+02:00,358.27242824074074,331.339305294211
205,2025-09-04 08:25:00+02:00,358.67909722222225,336.2665911043174
206,2025-09-04 08:26:00+02:00,362.1525,340.34143333647813
207,2025-09-04 08:27:00+02:00,363.2418187830688,343.4088422492484
208,2025-09-04 08:28:00+02:00,373.5288194444445,346.476251162019
209,2025-09-04 08:29:00+02:00,375.0714583333333,349.54366007478956
210,2025-09-04 08:30:00+02:00,376.3157001262626,352.61106898756015
211,2025-09-04 08:31:00+02:00,374.4029629629629,355.6784779003307
212,2025-09-04 08:32:00+02:00,379.9729652777778,359.13955543663343
213,2025-09-04 08:33:00+02:00,385.6899444444445,362.93373719284796
214,2025-09-04 08:34:00+02:00,388.7931150793651,366.72791894906214
215,2025-09-04 08:35:00+02:00,384.1382744107744,370.5221007052765
216,2025-09-04 08:36:00+02:00,393.82973484848486,374.2895286157738
217,2025-09-04 08:37:00+02:00,398.7422916666666,377.5018142276455
218,2025-09-04 08:38:00+02:00,400.9936944444444,380.4933806123528
219,2025-09-04 08:39:00+02:00,401.4208981481481,383.4849469970602
220,2025-09-04 08:40:00+02:00,406.2734758297258,386.4765133817677
221,2025-09-04 08:41:00+02:00,411.60376984126987,389.46807976647534
222,2025-09-04 08:42:00+02:00,416.0090873015873,392.47250672095856
223,2025-09-04 08:43:00+02:00,413.762375,395.943871285753
224,2025-09-04 08:44:00+02:00,418.00428472222217,399.64771538110506
225,2025-09-04 08:45:00+02:00,420.3708573717949,403.3515594764571
226,2025-09-04 08:46:00+02:00,424.93919444444447,407.05540357180917
227,2025-09-04 08:47:00+02:00,429.0158492063492,410.7608386654842
228,2025-09-04 08:48:00+02:00,430.2646904761905,414.4933207306458
229,2025-09-04 08:49:00+02:00,433.80925595238097,418.2353487857438
230,2025-09-04 08:50:00+02:00,434.3238734567901,421.97737684084177
231,2025-09-04 08:51:00+02:00,437.86327380952383,425.71940489593976
232,2025-09-04 08:52:00+02:00,440.8408101851852,429.41941254143575
233,2025-09-04 08:53:00+02:00,443.0525854700855,432.7964633245609
234,2025-09-04 08:54:00+02:00,446.2151592592593,436.1062814523225
235,2025-09-04 08:55:00+02:00,444.7519805555556,439.4160995800838
236,2025-09-04 08:56:00+02:00,447.6434259259259,442.72591770784516
237,2025-09-04 08:57:00+02:00,451.06567708333336,446.0357358356066
238,2025-09-04 08:58:00+02:00,456.2679563492063,449.5436501800639
239,2025-09-04 08:59:00+02:00,458.3929722222222,453.28567823516187
240,2025-09-04 09:00:00+02:00,457.6244212962963,456.7073837742223
241,2025-09-04 09:01:00+02:00,464.5726041666667,459.8288832639496
242,2025-09-04 09:02:00+02:00,467.0649305555556,462.95166258126585
243,2025-09-04 09:03:00+02:00,465.6323611111111,466.21202336440655
244,2025-09-04 09:04:00+02:00,470.1613194444444,469.5638918201652
245,2025-09-04 09:05:00+02:00,469.7845833333333,472.9157602759239
246,2025-09-04 09:06:00+02:00,475.0057657657658,476.26762873168275
247,2025-09-04 09:07:00+02:00,475.5455341484342,479.1699567262308
248,2025-09-04 09:08:00+02:00,479.0392595899471,480.1670894327896
249,2025-09-04 09:09:00+02:00,480.022290954416,480.95015525305763
250,2025-09-04 09:10:00+02:00,486.0135509259259,481.7332210733256
251,2025-09-04 09:11:00+02:00,483.3288506944445,482.51628689359353
252,2025-09-04 09:12:00+02:00,485.4184675925926,483.29935271386125
253,2025-09-04 09:13:00+02:00,488.0599404761904,484.08241853412886
254,2025-09-04 09:14:00+02:00,495.4319791666667,484.86548435439653
255,2025-09-04 09:15:00+02:00,498.4633796296296,485.64855017466414
256,2025-09-04 09:16:00+02:00,495.0844444444445,486.4316159949318
257,2025-09-04 09:17:00+02:00,501.3008110119047,493.3558963539249
258,2025-09-04 09:18:00+02:00,502.50780555555554,497.03672257468975
259,2025-09-04 09:19:00+02:00,499.0437500000001,499.26855636218517
260,2025-09-04 09:20:00+02:00,506.3939583333333,501.5003901496806
261,2025-09-04 09:21:00+02:00,504.5941944444445,503.732223937176
262,2025-09-04 09:22:00+02:00,508.10850529100526,505.9640577246714
263,2025-09-04 09:23:00+02:00,510.8716666666666,508.19589151216684
264,2025-09-04 09:24:00+02:00,513.5574603174604,510.41534123405347
265,2025-09-04 09:25:00+02:00,516.9803777777778,512.6149764509663
266,2025-09-04 09:26:00+02:00,517.2546,514.81438650305
267,2025-09-04 09:27:00+02:00,523.7589030934342,517.0137965551335
268,2025-09-04 09:28:00+02:00,522.6042058404558,519.2132066072172
269,2025-09-04 09:29:00+02:00,520.4641250263546,521.4126166593014
270,2025-09-04 09:30:00+02:00,521.0788060224089,523.6120267113856
271,2025-09-04 09:31:00+02:00,529.8508829365079,525.8961398921073
272,2025-09-04 09:32:00+02:00,525.8233134920634,528.2678274939627
273,2025-09-04 09:33:00+02:00,532.4471805555555,530.6395150958182
274,2025-09-04 09:34:00+02:00,531.786662037037,533.0112026976736
275,2025-09-04 09:35:00+02:00,534.2745256410257,535.3828902995291
276,2025-09-04 09:36:00+02:00,530.6952457264957,537.7545779013846
277,2025-09-04 09:37:00+02:00,537.9364115133233,537.2862582849176
278,2025-09-04 09:38:00+02:00,534.608197167756,531.4996260369478
279,2025-09-04 09:39:00+02:00,543.8914583333334,540.948262735233
280,2025-09-04 09:40:00+02:00,544.8064351851853,543.0033676029044
281,2025-09-04 09:41:00+02:00,549.6918518518519,545.0584724705759
282,2025-09-04 09:42:00+02:00,547.6843428330928,547.1135773382473
283,2025-09-04 09:43:00+02:00,546.3302645502646,549.1686822059181
284,2025-09-04 09:44:00+02:00,548.5192180735932,551.2237870735889
285,2025-09-04 09:45:00+02:00,551.6412297771673,553.2788919412596
286,2025-09-04 09:46:00+02:00,554.5105937118437,556.1503301313667
287,2025-09-04 09:47:00+02:00,560.1256076388889,561.7533452080869
288,2025-09-04 09:48:00+02:00,567.1182407407408,567.5680551149255
289,2025-09-04 09:49:00+02:00,541.9346944444445,562.6590962765775
290,2025-09-04 09:50:00+02:00,566.655735042735,565.6206251928292
291,2025-09-04 09:51:00+02:00,560.0271924603175,572.1850319650341
292,2025-09-04 09:52:00+02:00,553.0826898148149,574.7582794197386
293,2025-09-04 09:53:00+02:00,569.5755879629629,577.331526874443
294,2025-09-04 09:54:00+02:00,573.5648333333334,579.9047743291476
295,2025-09-04 09:55:00+02:00,574.7687857142856,582.4780217838519
296,2025-09-04 09:56:00+02:00,584.1544484126983,584.4622926564211
297,2025-09-04 09:57:00+02:00,580.9350925925926,579.4325097083911
298,2025-09-04 09:58:00+02:00,577.3232559523809,572.6754419488279
299,2025-09-04 09:59:00+02:00,572.5596388888889,574.7191515769479
300,2025-09-04 10:00:00+02:00,572.3150529100529,574.2416563774519
301,2025-09-04 10:01:00+02:00,581.1480555555555,580.1525121471697
302,2025-09-04 10:02:00+02:00,581.9703009259259,584.5265454167607
303,2025-09-04 10:03:00+02:00,587.2840701058202,588.8101773628151
304,2025-09-04 10:04:00+02:00,591.6925,593.0938093088698
305,2025-09-04 10:05:00+02:00,598.5298633040935,593.5374089992187
306,2025-09-04 10:06:00+02:00,599.0677361111111,585.7469161710404
307,2025-09-04 10:07:00+02:00,592.7759027777778,583.7204339691293
308,2025-09-04 10:08:00+02:00,597.5329738562092,593.6797546576388
309,2025-09-04 10:09:00+02:00,602.1037608932462,589.0020819268148
310,2025-09-04 10:10:00+02:00,591.5547777777778,579.5314771498618
311,2025-09-04 10:11:00+02:00,589.1121666666667,580.8888623358241
312,2025-09-04 10:12:00+02:00,600.5561388888889,599.3256590921214
313,2025-09-04 10:13:00+02:00,614.3091527777777,614.246548987156
314,2025-09-04 10:14:00+02:00,611.7076753968255,620.1401854571529
315,2025-09-04 10:15:00+02:00,623.5145734126985,625.8516947185589
316,2025-09-04 10:16:00+02:00,624.8773784722222,630.0687110549596
317,2025-09-04 10:17:00+02:00,624.0504473304474,632.4117550716053
318,2025-09-04 10:18:00+02:00,630.4863194444445,634.7501141574515
319,2025-09-04 10:19:00+02:00,630.2722652116403,637.0884732432977
320,2025-09-04 10:20:00+02:00,634.0915324074074,639.4268323291438
321,2025-09-04 10:21:00+02:00,639.4335694444444,641.7651914149901
322,2025-09-04 10:22:00+02:00,641.7265972222223,644.1035505008363
323,2025-09-04 10:23:00+02:00,647.7979305555556,645.896586441393
324,2025-09-04 10:24:00+02:00,648.800337962963,646.7677175929325
325,2025-09-04 10:25:00+02:00,646.1604166666667,647.6244439821437
326,2025-09-04 10:26:00+02:00,654.0461557539683,648.4811703713548
327,2025-09-04 10:27:00+02:00,659.6554606227106,649.3378967605659
328,2025-09-04 10:28:00+02:00,652.4091527777778,650.1946231497769
329,2025-09-04 10:29:00+02:00,649.9346338383838,651.051349538988
330,2025-09-04 10:30:00+02:00,658.7590740740741,651.9080759281989
331,2025-09-04 10:31:00+02:00,661.6202175925927,652.7648023174092
332,2025-09-04 10:32:00+02:00,662.2513888888889,653.7379986994011
333,2025-09-04 10:33:00+02:00,663.4397987117552,658.9462345358969
334,2025-09-04 10:34:00+02:00,652.0275865079365,668.7730068764456
335,2025-09-04 10:35:00+02:00,680.4336842592593,675.6601252732651
336,2025-09-04 10:36:00+02:00,673.7973981481482,664.1508761705009
337,2025-09-04 10:37:00+02:00,666.4189351851852,658.0998195026123
338,2025-09-04 10:38:00+02:00,635.6497853535353,653.7024628146273
339,2025-09-04 10:39:00+02:00,601.5052916666667,649.3051061266419
340,2025-09-04 10:40:00+02:00,661.8163525132276,653.2496979408269
341,2025-09-04 10:41:00+02:00,671.6096230158731,652.6434327456035
342,2025-09-04 10:42:00+02:00,667.2304970760234,634.7457838628479
343,2025-09-04 10:43:00+02:00,663.4319444444444,657.5292179168292
344,2025-09-04 10:44:00+02:00,685.371351851852,686.1727399963705
345,2025-09-04 10:45:00+02:00,687.3190740740741,695.5772628022992
346,2025-09-04 10:46:00+02:00,698.6569444444444,700.7172291277342
347,2025-09-04 10:47:00+02:00,685.8556712962964,682.48068646893
348,2025-09-04 10:48:00+02:00,684.4663888888889,698.0598348706887
349,2025-09-04 10:49:00+02:00,680.2485972222222,693.2828609652433
350,2025-09-04 10:50:00+02:00,682.3074470899471,675.123396800141
351,2025-09-04 10:51:00+02:00,684.8059351851851,678.518630128799
352,2025-09-04 10:52:00+02:00,707.7903051346801,701.012436832346
353,2025-09-04 10:53:00+02:00,618.4409722222223,627.5781797105728
354,2025-09-04 10:54:00+02:00,717.2123228276354,713.6769668650638
355,2025-09-04 10:55:00+02:00,712.7930317460317,708.7260377083995
356,2025-09-04 10:56:00+02:00,714.6994935388685,717.7751892428028
357,2025-09-04 10:57:00+02:00,715.409212962963,712.3961514151188
358,2025-09-04 10:58:00+02:00,661.3195965608465,704.4908664958333
359,2025-09-04 10:59:00+02:00,706.5262962962962,698.1378404470514
360,2025-09-04 11:00:00+02:00,702.8419444444444,728.8074316482457
361,2025-09-04 11:01:00+02:00,693.709375,729.3953548446501
362,2025-09-04 11:02:00+02:00,684.228134920635,729.9892061365246
363,2025-09-04 11:03:00+02:00,694.7807638888889,728.7336637983054
364,2025-09-04 11:04:00+02:00,711.0271626984127,727.2110938751208
365,2025-09-04 11:05:00+02:00,729.7515277777778,726.0289142596666
366,2025-09-04 11:06:00+02:00,713.5694573412699,728.0267238348944
367,2025-09-04 11:07:00+02:00,718.0819444444445,726.8937315158655
368,2025-09-04 11:08:00+02:00,716.410375,726.5927699145221
369,2025-09-04 11:09:00+02:00,718.4479907407407,726.4339727994172
370,2025-09-04 11:10:00+02:00,724.4453333333335,726.2751756843122
371,2025-09-04 11:11:00+02:00,704.1086111111111,726.1163785692073
372,2025-09-04 11:12:00+02:00,721.9203194444444,725.9575814541023
373,2025-09-04 11:13:00+02:00,723.3300347222222,725.7987843389974
374,2025-09-04 11:14:00+02:00,719.8054687499999,725.6399872238924
375,2025-09-04 11:15:00+02:00,731.8174305555555,725.3440240109643
376,2025-09-04 11:16:00+02:00,732.3259722222223,724.7882850046082
377,2025-09-04 11:17:00+02:00,683.3018885281385,724.0251364826759
378,2025-09-04 11:18:00+02:00,757.2877297008548,723.2137709026745
379,2025-09-04 11:19:00+02:00,764.2979530423281,723.5234520333828
380,2025-09-04 11:20:00+02:00,760.8877663690477,723.86163107481
381,2025-09-04 11:21:00+02:00,752.551880787037,724.2168173761696
382,2025-09-04 11:22:00+02:00,737.2951455026455,725.4756823040252
383,2025-09-04 11:23:00+02:00,739.3103849206349,727.5390463344637
384,2025-09-04 11:24:00+02:00,708.8516666666666,729.2003508754751
385,2025-09-04 11:25:00+02:00,675.7854166666667,730.2076908560547
386,2025-09-04 11:26:00+02:00,687.7779861111111,729.5500843674845
387,2025-09-04 11:27:00+02:00,740.6587222222223,725.4767580729028
388,2025-09-04 11:28:00+02:00,738.52375,724.668993276808
389,2025-09-04 11:29:00+02:00,742.3360251322752,725.1341522468183
390,2025-09-04 11:30:00+02:00,739.1926388888888,726.4217689470527
391,2025-09-04 11:31:00+02:00,546.5036944444445,736.9818506187164
392,2025-09-04 11:32:00+02:00,597.0452083333333,737.0942951499909
393,2025-09-04 11:33:00+02:00,537.6073611111111,737.9270610395056
394,2025-09-04 11:34:00+02:00,205.4924479166667,763.0981216351515
395,2025-09-04 11:35:00+02:00,739.0035357142857,725.7674331298077
396,2025-09-04 11:36:00+02:00,722.8790277777779,725.9656683442233
397,2025-09-04 11:37:00+02:00,726.1420405982907,725.7337741443876
398,2025-09-04 11:38:00+02:00,721.465707070707,725.5018799445517
399,2025-09-04 11:39:00+02:00,719.0320128205127,725.2699857447159
400,2025-09-04 11:40:00+02:00,719.9878089387465,725.03809154488
401,2025-09-04 11:41:00+02:00,728.4111659356726,724.9817295597785
402,2025-09-04 11:42:00+02:00,726.3051636904762,725.1161276511501
403,2025-09-04 11:43:00+02:00,729.0409201388889,725.2509001104643
404,2025-09-04 11:44:00+02:00,727.1689202279202,725.3856725697784
405,2025-09-04 11:45:00+02:00,732.7820138888889,725.5204450290927
406,2025-09-04 11:46:00+02:00,729.4888670634922,725.6552174884068
407,2025-09-04 11:47:00+02:00,732.0959583333333,725.789989947721
408,2025-09-04 11:48:00+02:00,731.9813095238096,725.9247624070352
409,2025-09-04 11:49:00+02:00,729.9291203703702,726.0595348663494
410,2025-09-04 11:50:00+02:00,723.9989384920635,725.6312689509061
411,2025-09-04 11:51:00+02:00,729.1919343711844,725.9000466905229
412,2025-09-04 11:52:00+02:00,730.7206481481481,729.1369423052075
413,2025-09-04 11:53:00+02:00,730.6100438034188,726.4790107799372
414,2025-09-04 11:54:00+02:00,729.8935694444444,725.5236454527819
415,2025-09-04 11:55:00+02:00,726.1428333333333,726.0173160998867
416,2025-09-04 11:56:00+02:00,716.8080952380952,725.9813313735106
417,2025-09-04 11:57:00+02:00,713.737183080808,725.8141765155053
418,2025-09-04 11:58:00+02:00,720.3885902777778,725.6470216575001
419,2025-09-04 11:59:00+02:00,714.2271071428572,725.4798667994949
420,2025-09-04 12:00:00+02:00,718.7155021367521,728.3664543875701
421,2025-09-04 12:01:00+02:00,726.0267261904761,729.1678496914894
422,2025-09-04 12:02:00+02:00,729.5424074074075,729.9334658547116
423,2025-09-04 12:03:00+02:00,725.1547323848239,726.893031702637
424,2025-09-04 12:04:00+02:00,725.2181822612087,723.4053250164357
425,2025-09-04 12:05:00+02:00,721.5918859649123,721.6365889163717
426,2025-09-04 12:06:00+02:00,716.296736111111,719.8678528163077
427,2025-09-04 12:07:00+02:00,711.4994391025642,716.6713725277789
428,2025-09-04 12:08:00+02:00,699.9016944444444,715.3083686157969
429,2025-09-04 12:09:00+02:00,711.6350347222223,719.6044883274192
430,2025-09-04 12:10:00+02:00,716.2553282828284,722.3341427852922
431,2025-09-04 12:11:00+02:00,720.7432916666667,724.3023758640844
432,2025-09-04 12:12:00+02:00,727.5870126262625,724.3928693389714
433,2025-09-04 12:13:00+02:00,725.1940567129628,724.3928693389714
434,2025-09-04 12:14:00+02:00,726.6025,724.3928693389714
435,2025-09-04 12:15:00+02:00,723.2014888888889,724.3928693389714
436,2025-09-04 12:16:00+02:00,723.0008023504273,724.3928693389714
437,2025-09-04 12:17:00+02:00,723.5738657407406,724.3928693389714
438,2025-09-04 12:18:00+02:00,717.0684543650794,724.3928693389714
439,2025-09-04 12:19:00+02:00,718.4905773809523,724.3928693389714
440,2025-09-04 12:20:00+02:00,723.7526785714285,724.3928693389714
441,2025-09-04 12:21:00+02:00,727.4151388888889,722.8824618008905
442,2025-09-04 12:22:00+02:00,715.1994004629629,719.814183133812
443,2025-09-04 12:23:00+02:00,718.2532638888888,717.2690375123475
444,2025-09-04 12:24:00+02:00,715.9863422035481,715.093821687424
445,2025-09-04 12:25:00+02:00,710.0398638344227,715.0651972143071
446,2025-09-04 12:26:00+02:00,708.9853472222222,715.7892315950891
447,2025-09-04 12:27:00+02:00,704.7991666666667,720.155642734461
448,2025-09-04 12:28:00+02:00,719.4032407407408,724.9239984264907
449,2025-09-04 12:29:00+02:00,723.894861111111,725.5948983265151
450,2025-09-04 12:30:00+02:00,722.9968148148149,726.2657982265393
451,2025-09-04 12:31:00+02:00,724.0978450854701,726.9366981265634
452,2025-09-04 12:32:00+02:00,723.0871212121211,727.6075980265878
453,2025-09-04 12:33:00+02:00,723.3813596491227,728.2784979266119
454,2025-09-04 12:34:00+02:00,727.7445833333333,728.9493978266361
455,2025-09-04 12:35:00+02:00,728.3899074074075,729.6202977266603
456,2025-09-04 12:36:00+02:00,731.2455092592592,730.0068697539252
457,2025-09-04 12:37:00+02:00,731.2389583333334,728.9266425194489
458,2025-09-04 12:38:00+02:00,732.7872097578347,727.6343556271513
459,2025-09-04 12:39:00+02:00,733.4494907407408,726.3420687348538
460,2025-09-04 12:40:00+02:00,705.1500694444445,725.0497818425561
461,2025-09-04 12:41:00+02:00,731.8664682539684,723.8614296496467
462,2025-09-04 12:42:00+02:00,731.5650853174603,722.7805353662744
463,2025-09-04 12:43:00+02:00,729.736550925926,721.6996410829022
464,2025-09-04 12:44:00+02:00,732.0659305555555,720.6187467995297
465,2025-09-04 12:45:00+02:00,732.4516203703703,719.537852516157
466,2025-09-04 12:46:00+02:00,712.2002678571429,720.779229575769
467,2025-09-04 12:47:00+02:00,684.4249305555555,711.8354426000769
468,2025-09-04 12:48:00+02:00,658.2391666666666,703.5604182505724
469,2025-09-04 12:49:00+02:00,634.7120833333333,697.6205552992566
470,2025-09-04 12:50:00+02:00,651.6411527777777,702.1472192634317
471,2025-09-04 12:51:00+02:00,662.5798958333334,707.3297783325279
472,2025-09-04 12:52:00+02:00,660.8766837606837,710.728143197683
473,2025-09-04 12:53:00+02:00,680.9258333333333,714.5809074625288
474,2025-09-04 12:54:00+02:00,693.9672268518519,719.3486891589708
475,2025-09-04 12:55:00+02:00,703.6225793650793,723.0621551745089
476,2025-09-04 12:56:00+02:00,699.7841666666667,720.1416134823481
477,2025-09-04 12:57:00+02:00,700.7037023809524,723.5862240663702
478,2025-09-04 12:58:00+02:00,707.4535011574075,726.6758226681263
479,2025-09-04 12:59:00+02:00,708.101537037037,729.2353193129265
480,2025-09-04 13:00:00+02:00,713.877232905983,725.5990382212327
481,2025-09-04 13:01:00+02:00,713.3112777777778,720.4497360030581
482,2025-09-04 13:02:00+02:00,718.9642708333334,718.9821950621349
483,2025-09-04 13:03:00+02:00,718.5105158730158,717.5146541212116
484,2025-09-04 13:04:00+02:00,723.0136058201057,716.0471131802885
485,2025-09-04 13:05:00+02:00,718.6418194444444,714.5795722393649
486,2025-09-04 13:06:00+02:00,717.2936721611721,713.1120312984411
487,2025-09-04 13:07:00+02:00,715.6409885531135,711.6444903575176
488,2025-09-04 13:08:00+02:00,712.6422781986531,710.1769494165941
489,2025-09-04 13:09:00+02:00,706.3041633597883,708.6487313021512
490,2025-09-04 13:10:00+02:00,703.43083994709,704.0462030627488
491,2025-09-04 13:11:00+02:00,702.441858974359,697.7244882403094
492,2025-09-04 13:12:00+02:00,701.3163952991454,698.1459358951388
493,2025-09-04 13:13:00+02:00,706.0421441798941,704.4676507175784
494,2025-09-04 13:14:00+02:00,707.4550299145299,704.9299363234566
495,2025-09-04 13:15:00+02:00,701.1237500000001,695.7932615351856
496,2025-09-04 13:16:00+02:00,698.3347685185186,688.8740874888942
497,2025-09-04 13:17:00+02:00,685.531875,681.3407106588207
498,2025-09-04 13:18:00+02:00,643.904675925926,631.2985734736449
499,2025-09-04 13:19:00+02:00,657.5038194444445,651.7557542543362
500,2025-09-04 13:20:00+02:00,687.1524930555555,680.9799348925029
501,2025-09-04 13:21:00+02:00,699.4446388888888,689.7593051402948
502,2025-09-04 13:22:00+02:00,691.4447023809524,692.0677965080395
503,2025-09-04 13:23:00+02:00,690.219742063492,694.376287875784
504,2025-09-04 13:24:00+02:00,689.1567592592593,696.6847792435285
505,2025-09-04 13:25:00+02:00,696.3937222222222,698.9932706112733
506,2025-09-04 13:26:00+02:00,703.595517094017,702.4016902189438
507,2025-09-04 13:27:00+02:00,716.3533333333334,712.3238275283727
508,2025-09-04 13:28:00+02:00,724.8670138888889,712.4597908802518
509,2025-09-04 13:29:00+02:00,722.2087847222223,709.0355286847639
510,2025-09-04 13:30:00+02:00,720.4422817460318,705.6112664892761
511,2025-09-04 13:31:00+02:00,708.1902223875662,702.2205754917833
512,2025-09-04 13:32:00+02:00,705.7078630952382,699.5264868526859
513,2025-09-04 13:33:00+02:00,699.0746964285714,697.1093605970473
514,2025-09-04 13:34:00+02:00,699.9434027777778,694.6922343414087
515,2025-09-04 13:35:00+02:00,696.6433333333333,692.2751080857698
516,2025-09-04 13:36:00+02:00,696.471550925926,689.8579818301315
517,2025-09-04 13:37:00+02:00,683.1485601851851,688.5497954549292
518,2025-09-04 13:38:00+02:00,679.3632962962963,683.5682250901676
519,2025-09-04 13:39:00+02:00,678.5407465277777,674.2870215873556
520,2025-09-04 13:40:00+02:00,673.9803712606838,670.7353988837062
521,2025-09-04 13:41:00+02:00,671.3977435897435,667.8211331854186
522,2025-09-04 13:42:00+02:00,668.9441018518519,664.906867487131
523,2025-09-04 13:43:00+02:00,668.8563888888889,661.9926017888434
524,2025-09-04 13:44:00+02:00,661.0307407407407,663.7218573110965
525,2025-09-04 13:45:00+02:00,658.0255026455027,670.7459848915846
526,2025-09-04 13:46:00+02:00,666.4543402777778,673.2665476798211
527,2025-09-04 13:47:00+02:00,665.9219502314814,671.7418298191214
528,2025-09-04 13:48:00+02:00,662.9563888888889,670.2171119584218
529,2025-09-04 13:49:00+02:00,664.1065625,668.6923940977222
530,2025-09-04 13:50:00+02:00,667.8545833333334,667.1676762370225
531,2025-09-04 13:51:00+02:00,666.5134722222223,665.6429583763229
532,2025-09-04 13:52:00+02:00,661.6230085470086,664.1182405156233
533,2025-09-04 13:53:00+02:00,660.2928174603175,662.5935226549237
534,2025-09-04 13:54:00+02:00,658.3978571428571,661.068804794224
535,2025-09-04 13:55:00+02:00,658.1136342592592,660.2683279173565
536,2025-09-04 13:56:00+02:00,659.0643531746032,660.2683279173565
537,2025-09-04 13:57:00+02:00,658.2680694444444,660.2683279173565
538,2025-09-04 13:58:00+02:00,658.6502643849207,660.2683279173565
539,2025-09-04 13:59:00+02:00,660.2943701923077,660.2683279173565
540,2025-09-04 14:00:00+02:00,658.5457361111111,658.5158385657652
541,2025-09-04 14:01:00+02:00,657.0259313725489,658.5158385657652
542,2025-09-04 14:02:00+02:00,655.9457046568627,658.5158385657652
543,2025-09-04 14:03:00+02:00,659.0776048976608,658.5158385657652
544,2025-09-04 14:04:00+02:00,653.5769415204678,658.3161304954647
545,2025-09-04 14:05:00+02:00,646.4336388888888,653.9724799664268
546,2025-09-04 14:06:00+02:00,645.0893783068783,647.981237857409
547,2025-09-04 14:07:00+02:00,645.1530972222222,643.7734093693214
548,2025-09-04 14:08:00+02:00,643.7699444444444,642.9431479020981
549,2025-09-04 14:09:00+02:00,645.1839682539683,642.1929580668349
550,2025-09-04 14:10:00+02:00,641.5288234126984,641.4427682315717
551,2025-09-04 14:11:00+02:00,642.3164675925926,640.6925783963085
552,2025-09-04 14:12:00+02:00,636.12515625,639.9423885610453
553,2025-09-04 14:13:00+02:00,638.8309722222222,639.1921987257823
554,2025-09-04 14:14:00+02:00,638.5709126984127,638.4420088905198
555,2025-09-04 14:15:00+02:00,635.954417989418,637.6918190552572
556,2025-09-04 14:16:00+02:00,633.9223015873016,636.9277985596573
557,2025-09-04 14:17:00+02:00,631.1751884920635,634.6769820777911
558,2025-09-04 14:18:00+02:00,624.8975892857143,631.4372733818036
559,2025-09-04 14:19:00+02:00,629.107800925926,628.683935426634
560,2025-09-04 14:20:00+02:00,628.7433055555556,626.7528393276389
561,2025-09-04 14:21:00+02:00,628.3560277777777,624.8345907576462
562,2025-09-04 14:22:00+02:00,625.2373611111111,622.9163421876536
563,2025-09-04 14:23:00+02:00,627.9858589616402,620.998093617661
564,2025-09-04 14:24:00+02:00,627.03275,619.0798450476684
565,2025-09-04 14:25:00+02:00,623.470302579365,617.1615964776757
566,2025-09-04 14:26:00+02:00,617.8813044871795,615.2067468430145
567,2025-09-04 14:27:00+02:00,612.4004662698412,612.492425116475
568,2025-09-04 14:28:00+02:00,612.5852314814815,609.4761446064177
569,2025-09-04 14:29:00+02:00,605.7188472222223,606.4598640963604
570,2025-09-04 14:30:00+02:00,607.965,603.4435835863031
571,2025-09-04 14:31:00+02:00,601.3103472222223,600.5124784539983
572,2025-09-04 14:32:00+02:00,596.0170238095238,598.2837425905436
573,2025-09-04 14:33:00+02:00,590.5401111111111,596.2109431878977
574,2025-09-04 14:34:00+02:00,597.3764583333333,594.1381437852517
575,2025-09-04 14:35:00+02:00,594.0683449074074,592.0653443826059
576,2025-09-04 14:36:00+02:00,590.6684628817414,589.9925449799599
577,2025-09-04 14:37:00+02:00,589.4976111111112,587.919745577314
578,2025-09-04 14:38:00+02:00,588.1388576388889,585.799053561584
579,2025-09-04 14:39:00+02:00,587.7820185185185,583.2151093611133
580,2025-09-04 14:40:00+02:00,585.6329710144927,580.5153521144574
581,2025-09-04 14:41:00+02:00,584.5027777777779,577.8155948678013
582,2025-09-04 14:42:00+02:00,578.9187499999999,575.1158376211449
583,2025-09-04 14:43:00+02:00,579.045267094017,572.4160803744884
584,2025-09-04 14:44:00+02:00,574.1488888888889,567.8100847561171
585,2025-09-04 14:45:00+02:00,574.1750000000001,561.2332325161427
586,2025-09-04 14:46:00+02:00,566.5493819444445,555.883934799368
587,2025-09-04 14:47:00+02:00,568.4146031746031,553.2966347597926
588,2025-09-04 14:48:00+02:00,565.5180868055555,550.811630930484
589,2025-09-04 14:49:00+02:00,560.8734132996633,548.3266271011751
590,2025-09-04 14:50:00+02:00,562.6098611111112,545.8416232718666
591,2025-09-04 14:51:00+02:00,559.1538888888889,543.3566194425584
592,2025-09-04 14:52:00+02:00,551.8369642857143,544.5247999236676
593,2025-09-04 14:53:00+02:00,551.4292303240741,549.8911885611926
594,2025-09-04 14:54:00+02:00,554.0831096491228,555.042792530563
595,2025-09-04 14:55:00+02:00,551.732829710145,555.9461333394376
596,2025-09-04 14:56:00+02:00,551.3845833333334,555.1959435041744
597,2025-09-04 14:57:00+02:00,549.2552804232804,554.4457536689112
598,2025-09-04 14:58:00+02:00,546.1110945767197,553.695563833648
599,2025-09-04 14:59:00+02:00,542.8562499999999,552.9453739983846
600,2025-09-04 15:00:00+02:00,544.9449603174603,554.2939881225313
601,2025-09-04 15:01:00+02:00,548.6423148148148,553.5463317367089
602,2025-09-04 15:02:00+02:00,551.3827222222222,552.7986753508866
603,2025-09-04 15:03:00+02:00,546.1157015669515,552.0510189650643
604,2025-09-04 15:04:00+02:00,546.3038995726496,550.7667535023286
605,2025-09-04 15:05:00+02:00,540.6833785529716,545.9316619935958
606,2025-09-04 15:06:00+02:00,540.7443287037037,541.786816817713
607,2025-09-04 15:07:00+02:00,540.3477777777778,538.3947259777547
608,2025-09-04 15:08:00+02:00,535.0999305555556,535.0026351377965
609,2025-09-04 15:09:00+02:00,536.2604166666666,531.610544297838
610,2025-09-04 15:10:00+02:00,530.017003968254,528.4536402232565
611,2025-09-04 15:11:00+02:00,528.159525462963,525.6730349732771
612,2025-09-04 15:12:00+02:00,521.9462731481482,522.8967058463047
613,2025-09-04 15:13:00+02:00,525.694212962963,520.1203767193323
614,2025-09-04 15:14:00+02:00,520.4643518518518,517.3440475923603
615,2025-09-04 15:15:00+02:00,516.2067923280423,513.6451031656937
616,2025-09-04 15:16:00+02:00,509.4841773504274,506.6671340928144
617,2025-09-04 15:17:00+02:00,504.50932692307697,499.60652706193775
618,2025-09-04 15:18:00+02:00,506.9318055555555,493.2713765703812
619,2025-09-04 15:19:00+02:00,500.6888333333333,483.87745909219916
620,2025-09-04 15:20:00+02:00,497.799875,463.0746110335546
621,2025-09-04 15:21:00+02:00,461.2548611111111,484.2353455705821
622,2025-09-04 15:22:00+02:00,459.66151175213673,499.46012982358786
623,2025-09-04 15:23:00+02:00,487.3647156084656,497.77065822306577
624,2025-09-04 15:24:00+02:00,493.6076587301588,496.0811866225438
625,2025-09-04 15:25:00+02:00,491.7026145833333,494.3917150220221
626,2025-09-04 15:26:00+02:00,493.1985127314815,492.7022434215002
627,2025-09-04 15:27:00+02:00,489.1496363636364,491.01277182097846
628,2025-09-04 15:28:00+02:00,486.80049242424246,489.32330022045664
629,2025-09-04 15:29:00+02:00,488.483373015873,487.6338286199349
630,2025-09-04 15:30:00+02:00,485.2753830891331,485.90202014221995
631,2025-09-04 15:31:00+02:00,485.9008234126984,483.88796581655043
632,2025-09-04 15:32:00+02:00,482.7311111111112,481.822166418756
633,2025-09-04 15:33:00+02:00,480.02288194444446,479.7563670209616
634,2025-09-04 15:34:00+02:00,479.4271527777778,477.69056762316717
635,2025-09-04 15:35:00+02:00,474.4177083333333,475.6247682253727
636,2025-09-04 15:36:00+02:00,471.06902777777776,473.55896882757804
637,2025-09-04 15:37:00+02:00,469.5726507936508,471.45526411219464
638,2025-09-04 15:38:00+02:00,463.4556944444444,469.0602299559161
639,2025-09-04 15:39:00+02:00,463.9524166666667,466.60454729149575
640,2025-09-04 15:40:00+02:00,463.6268194444445,464.1488646270751
641,2025-09-04 15:41:00+02:00,466.7484111721612,461.6931819626545
642,2025-09-04 15:42:00+02:00,462.41467460317466,459.23749929823396
643,2025-09-04 15:43:00+02:00,456.2336363636364,456.8285312281881
644,2025-09-04 15:44:00+02:00,452.6801816239317,454.6743700365503
645,2025-09-04 15:45:00+02:00,450.956748366013,452.5584298766734
646,2025-09-04 15:46:00+02:00,449.56350710155857,450.44248971679644
647,2025-09-04 15:47:00+02:00,446.454445611578,448.32654955691953
648,2025-09-04 15:48:00+02:00,446.85130411255415,446.2106093970425
649,2025-09-04 15:49:00+02:00,445.22204166666666,444.0946692371656
650,2025-09-04 15:50:00+02:00,445.8456392450142,441.46855239429607
651,2025-09-04 15:51:00+02:00,438.0244444444445,437.1353058814131
652,2025-09-04 15:52:00+02:00,431.674963023088,432.6647041077245
653,2025-09-04 15:53:00+02:00,426.3334325396825,428.3497949331195
654,2025-09-04 15:54:00+02:00,425.1309722222222,425.4205498903593
655,2025-09-04 15:55:00+02:00,421.9634325396826,422.8182593056748
656,2025-09-04 15:56:00+02:00,417.6920138888889,420.21596872099036
657,2025-09-04 15:57:00+02:00,415.8584490740741,417.6136781363059
658,2025-09-04 15:58:00+02:00,413.03657051282056,415.0113875516215
659,2025-09-04 15:59:00+02:00,412.4561111111111,412.04819923266416
660,2025-09-04 16:00:00+02:00,406.6550854700855,413.6881271970248
661,2025-09-04 16:01:00+02:00,404.2471527777778,409.6382217353374
662,2025-09-04 16:02:00+02:00,404.5684722222222,405.5883162736499
663,2025-09-04 16:03:00+02:00,399.93888888888887,402.0516994499269
664,2025-09-04 16:04:00+02:00,398.2627777777778,399.38283096510213
665,2025-09-04 16:05:00+02:00,395.3652991452991,396.7275210480729
666,2025-09-04 16:06:00+02:00,393.47583333333336,394.07221113104373
667,2025-09-04 16:07:00+02:00,387.3679166666666,391.4169012140146
668,2025-09-04 16:08:00+02:00,389.4938333333334,388.76159129698544
669,2025-09-04 16:09:00+02:00,389.328514957265,386.7031346507454
670,2025-09-04 16:10:00+02:00,383.4148680555556,385.8434641483883
671,2025-09-04 16:11:00+02:00,385.0247441520468,385.01681106101114
672,2025-09-04 16:12:00+02:00,384.9766319444445,384.1901579736342
673,2025-09-04 16:13:00+02:00,381.2868513431013,383.36350488625726
674,2025-09-04 16:14:00+02:00,382.1600712250713,382.53685179888026
675,2025-09-04 16:15:00+02:00,379.8055555555556,381.7101987115034
676,2025-09-04 16:16:00+02:00,377.3065740740741,380.8835456241263
677,2025-09-04 16:17:00+02:00,372.2190376984127,380.0568925367495
678,2025-09-04 16:18:00+02:00,373.4110694444444,379.18348188411767
679,2025-09-04 16:19:00+02:00,375.4265555555556,372.16655006636506
680,2025-09-04 16:20:00+02:00,369.0974038461538,363.840009322432
681,2025-09-04 16:21:00+02:00,362.8144395424836,356.4791433947182
682,2025-09-04 16:22:00+02:00,362.8248888888889,352.57599606585757
683,2025-09-04 16:23:00+02:00,345.7852387566137,349.8299063226054
684,2025-09-04 16:24:00+02:00,324.6665743978244,347.0838165793528
685,2025-09-04 16:25:00+02:00,304.2684325396826,344.3377268361002
686,2025-09-04 16:26:00+02:00,295.1675747863248,341.5916370928477
687,2025-09-04 16:27:00+02:00,302.5519841269841,338.8217097650182
688,2025-09-04 16:28:00+02:00,314.29564814814813,335.8801518282355
689,2025-09-04 16:29:00+02:00,339.7200114379085,332.90522127304547
690,2025-09-04 16:30:00+02:00,338.603192499222,329.93029071785526
691,2025-09-04 16:31:00+02:00,332.8493659722222,326.9553601626651
692,2025-09-04 16:32:00+02:00,334.7532349537037,323.97728581008874
693,2025-09-04 16:33:00+02:00,329.91252777777777,319.7416925030239
694,2025-09-04 16:34:00+02:00,321.78764087301585,314.5032278297542
695,2025-09-04 16:35:00+02:00,255.2900138888889,309.26476315648455
696,2025-09-04 16:36:00+02:00,176.88318452380952,265.28938819396603
697,2025-09-04 16:37:00+02:00,224.29310515873013,202.4714411130063
698,2025-09-04 16:38:00+02:00,271.9530740740741,240.39393928877058
699,2025-09-04 16:39:00+02:00,284.1671750992064,277.8944382388139
700,2025-09-04 16:40:00+02:00,309.3316388888889,291.5586020302391
701,2025-09-04 16:41:00+02:00,309.403875,305.86964956506563
702,2025-09-04 16:42:00+02:00,309.69108796296297,304.1019491163874
703,2025-09-04 16:43:00+02:00,308.1639087301588,302.3268524315225
704,2025-09-04 16:44:00+02:00,304.5311755952381,300.55175574665776
705,2025-09-04 16:45:00+02:00,302.5082638888889,298.7766590617929
706,2025-09-04 16:46:00+02:00,300.7962400793651,297.0015623769282
707,2025-09-04 16:47:00+02:00,299.12267022357724,295.2264656920634
708,2025-09-04 16:48:00+02:00,299.2090955284553,293.4513690071986
709,2025-09-04 16:49:00+02:00,294.72093253968256,291.67627232233383
710,2025-09-04 16:50:00+02:00,287.1020087505088,289.3053532540296
711,2025-09-04 16:51:00+02:00,288.1541137566137,285.9271570997599
712,2025-09-04 16:52:00+02:00,283.9328587962964,282.533222241022
713,2025-09-04 16:53:00+02:00,277.70550925925926,279.1392873822838
714,2025-09-04 16:54:00+02:00,277.3048544973545,275.7370472596716
715,2025-09-04 16:55:00+02:00,269.1226488095238,271.6039439161567
716,2025-09-04 16:56:00+02:00,261.3470701754386,267.0140510595775
717,2025-09-04 16:57:00+02:00,257.6816632553606,262.42415820299846
718,2025-09-04 16:58:00+02:00,253.05001253132832,258.0999196802775
719,2025-09-04 16:59:00+02:00,247.2304261363637,254.78137256430526
720,2025-09-04 17:00:00+02:00,248.89458333333332,251.55770199613926
721,2025-09-04 17:01:00+02:00,244.41076566951563,248.3340314279733
722,2025-09-04 17:02:00+02:00,245.54306666666665,245.11036085980734
723,2025-09-04 17:03:00+02:00,243.58652777777775,241.89327284191856
724,2025-09-04 17:04:00+02:00,239.82837632275127,238.6995795635284
725,2025-09-04 17:05:00+02:00,241.5581994047619,235.50793221292713
726,2025-09-04 17:06:00+02:00,234.7054671717172,232.31628486232572
727,2025-09-04 17:07:00+02:00,234.2993650793651,229.1246375117243
728,2025-09-04 17:08:00+02:00,224.3632936507936,221.28580559556588
729,2025-09-04 17:09:00+02:00,225.3452380952381,187.61527949194866
730,2025-09-04 17:10:00+02:00,217.84897016178263,138.80466317384543
731,2025-09-04 17:11:00+02:00,214.0802297979798,97.28920248038999
732,2025-09-04 17:12:00+02:00,215.6742474747475,81.6971269751959
733,2025-09-04 17:13:00+02:00,214.44708333333327,81.6971269751959
734,2025-09-04 17:14:00+02:00,205.8945555555556,81.6971269751959
735,2025-09-04 17:15:00+02:00,184.2987222222222,81.6971269751959
736,2025-09-04 17:16:00+02:00,134.46166666666667,81.6971269751959
737,2025-09-04 17:17:00+02:00,81.83036111111112,81.6971269751959
738,2025-09-04 17:18:00+02:00,50.20405303030304,81.6971269751959
739,2025-09-04 17:19:00+02:00,47.79932291666666,81.6971269751959
740,2025-09-04 17:20:00+02:00,44.69572382478632,81.6971269751959
741,2025-09-04 17:21:00+02:00,49.30421626984127,81.66256452898672
742,2025-09-04 17:22:00+02:00,48.355401785714285,81.04044049722145
743,2025-09-04 17:23:00+02:00,45.91380341880342,80.21094178820114
744,2025-09-04 17:24:00+02:00,45.25862268518518,79.38144307918083
745,2025-09-04 17:25:00+02:00,46.94650462962963,78.5519443701605
746,2025-09-04 17:26:00+02:00,40.76117181540809,77.72244566114018
747,2025-09-04 17:27:00+02:00,44.55905092592593,76.89294695211986
748,2025-09-04 17:28:00+02:00,42.54344410491469,76.06344824309954
749,2025-09-04 17:29:00+02:00,41.39115909090909,75.23394953407922
750,2025-09-04 17:30:00+02:00,44.25628890445066,74.4044508250589
751,2025-09-04 17:31:00+02:00,44.78520401382244,73.7281789608993
752,2025-09-04 17:32:00+02:00,44.61979797979797,73.66481447618246
753,2025-09-04 17:33:00+02:00,44.36307870370371,73.66481447618246
754,2025-09-04 17:34:00+02:00,41.51211574074074,73.66481447618246
755,2025-09-04 17:35:00+02:00,40.99288492063492,73.66481447618246
756,2025-09-04 17:36:00+02:00,43.26228174603174,73.66481447618246
757,2025-09-04 17:37:00+02:00,41.86903600464576,73.66481447618246
758,2025-09-04 17:38:00+02:00,41.47073051948052,73.66481447618246
759,2025-09-04 17:39:00+02:00,41.0166617063492,73.66481447618246
760,2025-09-04 17:40:00+02:00,40.053023504273504,73.66481447618246
761,2025-09-04 17:41:00+02:00,40.10972426470588,71.08299974435671
762,2025-09-04 17:42:00+02:00,38.62259520609319,66.06715092192081
763,2025-09-04 17:43:00+02:00,39.67075268817205,65.632501977169
764,2025-09-04 17:44:00+02:00,39.46842307692308,65.632501977169
765,2025-09-04 17:45:00+02:00,39.065694444444446,65.632501977169
766,2025-09-04 17:46:00+02:00,36.99806693510738,65.632501977169
767,2025-09-04 17:47:00+02:00,37.5046,65.632501977169
768,2025-09-04 17:48:00+02:00,36.52732976190476,65.632501977169
769,2025-09-04 17:49:00+02:00,34.09972222222222,65.632501977169
770,2025-09-04 17:50:00+02:00,37.40508333333333,65.632501977169
771,2025-09-04 17:51:00+02:00,34.83632738095238,65.632501977169
772,2025-09-04 17:52:00+02:00,34.63553571428572,65.25361931212119
773,2025-09-04 17:53:00+02:00,38.60821180555556,64.42696622474415
774,2025-09-04 17:54:00+02:00,33.289922528860025,63.60031313736708
775,2025-09-04 17:55:00+02:00,38.10332407407408,62.773660049990035
776,2025-09-04 17:56:00+02:00,35.43216726190476,61.947006962613
777,2025-09-04 17:57:00+02:00,35.617393162393164,61.12035387523599
778,2025-09-04 17:58:00+02:00,35.31997707847708,60.29370078785899
779,2025-09-04 17:59:00+02:00,33.90540740740741,59.46704770048197
780,2025-09-04 18:00:00+02:00,35.2252380952381,38.228910025407075
781,2025-09-04 18:01:00+02:00,36.2223685515873,37.418238831651664
782,2025-09-04 18:02:00+02:00,36.90951058201058,37.17816882148376
783,2025-09-04 18:03:00+02:00,37.31077380952381,37.17816882148376
784,2025-09-04 18:04:00+02:00,34.38849977954145,37.17816882148376
785,2025-09-04 18:05:00+02:00,36.82948148148149,37.17816882148376
786,2025-09-04 18:06:00+02:00,33.87822222222223,37.17816882148376
787,2025-09-04 18:07:00+02:00,34.589224664224666,37.17816882148376
788,2025-09-04 18:08:00+02:00,33.386625,37.17816882148376
789,2025-09-04 18:09:00+02:00,30.964915674603176,37.17816882148376
790,2025-09-04 18:10:00+02:00,35.52553571428572,37.17816882148376
791,2025-09-04 18:11:00+02:00,35.46248207885305,36.48808859951744
792,2025-09-04 18:12:00+02:00,33.028691425120776,32.03393443955306
793,2025-09-04 18:13:00+02:00,31.855538302277434,29.085409854787883
794,2025-09-04 18:14:00+02:00,34.40135846560847,29.064498332910112
795,2025-09-04 18:15:00+02:00,34.47236111111111,29.064498332910112
796,2025-09-04 18:16:00+02:00,27.592822954822957,29.064498332910112
797,2025-09-04 18:17:00+02:00,34.17976851851852,29.064498332910112
798,2025-09-04 18:18:00+02:00,33.00691798941799,29.064498332910112
799,2025-09-04 18:19:00+02:00,28.24200244200244,29.064498332910112
800,2025-09-04 18:20:00+02:00,30.150808857808855,29.064498332910112
801,2025-09-04 18:21:00+02:00,32.188951851851854,29.064498332910112
802,2025-09-04 18:22:00+02:00,30.16332175925926,29.040143404342352
803,2025-09-04 18:23:00+02:00,34.04083333333333,28.445187292187065
804,2025-09-04 18:24:00+02:00,26.4924173414305,27.61016116986385
805,2025-09-04 18:25:00+02:00,27.569252136752137,26.775135047540637
806,2025-09-04 18:26:00+02:00,26.580016025641022,25.94010892521743
807,2025-09-04 18:27:00+02:00,32.04817982456141,25.105082802894245
808,2025-09-04 18:28:00+02:00,32.03688596491228,24.270056680571074
809,2025-09-04 18:29:00+02:00,29.918223684210528,23.435030558247902
810,2025-09-04 18:30:00+02:00,23.373230158730163,22.60000443592473
811,2025-09-04 18:31:00+02:00,28.978838383838383,21.76497831360156
812,2025-09-04 18:32:00+02:00,26.88030073995772,20.715025516936585
813,2025-09-04 18:33:00+02:00,26.75010527586109,18.492745405679912
814,2025-09-04 18:34:00+02:00,27.41888888888889,16.094616197234497
815,2025-09-04 18:35:00+02:00,25.69694599723948,13.719802133871209
816,2025-09-04 18:36:00+02:00,24.403832437275984,12.837157355762834
817,2025-09-04 18:37:00+02:00,16.62252688172043,12.837157355762834
818,2025-09-04 18:38:00+02:00,16.026772137887413,12.837157355762834
819,2025-09-04 18:39:00+02:00,15.867626050420162,12.837157355762834
820,2025-09-04 18:40:00+02:00,16.354180672268907,12.837157355762834
821,2025-09-04 18:41:00+02:00,16.840735294117653,12.837157355762834
822,2025-09-04 18:42:00+02:00,17.008872549019607,12.837157355762834
823,2025-09-04 18:43:00+02:00,19.594523809523803,12.837157355762834
824,2025-09-04 18:44:00+02:00,24.42309523809523,12.837157355762834
825,2025-09-04 18:45:00+02:00,22.234897660818717,12.761383134245985
826,2025-09-04 18:46:00+02:00,19.36314484126984,12.060763024528615
827,2025-09-04 18:47:00+02:00,23.646766666666664,11.221417801572713
828,2025-09-04 18:48:00+02:00,21.864246626984126,10.382072578616818
829,2025-09-04 18:49:00+02:00,23.11617424242424,9.542727355660926
830,2025-09-04 18:50:00+02:00,22.363524720893142,8.703382132705038
831,2025-09-04 18:51:00+02:00,23.75559595959596,7.864036909749149
832,2025-09-04 18:52:00+02:00,24.15481091617934,7.024691686793258
833,2025-09-04 18:53:00+02:00,23.040974025974023,6.185346463837366
834,2025-09-04 18:54:00+02:00,19.9086531986532,5.346001240881478
835,2025-09-04 18:55:00+02:00,20.01541456228956,3.5517214795433922
836,2025-09-04 18:56:00+02:00,20.144742424242423,-0.5122577643262805
837,2025-09-04 18:57:00+02:00,18.43355054302423,-3.3150570427865453
838,2025-09-04 18:58:00+02:00,20.363333333333333,-3.39018362138445
839,2025-09-04 18:59:00+02:00,14.703765567765569,-3.39018362138445
840,2025-09-04 19:00:00+02:00,18.413942307692302,-3.39018362138445
841,2025-09-04 19:01:00+02:00,15.994565018315017,-3.39018362138445
842,2025-09-04 19:02:00+02:00,14.847838095238096,-3.39018362138445
843,2025-09-04 19:03:00+02:00,16.31781177156177,-3.39018362138445
844,2025-09-04 19:04:00+02:00,16.436178674055828,-3.39018362138445
845,2025-09-04 19:05:00+02:00,14.356180555555556,-3.39018362138445
846,2025-09-04 19:06:00+02:00,12.362359375,-3.3913433798876778
847,2025-09-04 19:07:00+02:00,14.549680555555556,-3.8564065396815677
848,2025-09-04 19:08:00+02:00,15.691380952380952,-4.6914326620047575
849,2025-09-04 19:09:00+02:00,13.060006172839506,-5.526458784327947
850,2025-09-04 19:10:00+02:00,11.79735096153846,-6.361484906651137
851,2025-09-04 19:11:00+02:00,11.935671146953403,-7.1965110289743235
852,2025-09-04 19:12:00+02:00,13.948992063492064,-8.03153715129751
853,2025-09-04 19:13:00+02:00,13.150648148148148,-8.866563273620695
854,2025-09-04 19:14:00+02:00,11.46946875,-9.70158939594388
855,2025-09-04 19:15:00+02:00,12.41986111111111,-10.536615518267068
856,2025-09-04 19:16:00+02:00,8.908561507936508,-11.322931783454735
857,2025-09-04 19:17:00+02:00,11.0605,-11.503854109958091
858,2025-09-04 19:18:00+02:00,10.83995987654321,-11.503854109958091
859,2025-09-04 19:19:00+02:00,11.810190377722634,-11.503854109958091
860,2025-09-04 19:20:00+02:00,13.728828185703186,-11.503854109958091
861,2025-09-04 19:21:00+02:00,12.894141414141414,-11.503854109958091
862,2025-09-04 19:22:00+02:00,11.14744363044363,-11.503854109958091
863,2025-09-04 19:23:00+02:00,11.287579365079369,-11.503854109958091
864,2025-09-04 19:24:00+02:00,12.599976293103447,-11.503854109958091
865,2025-09-04 19:25:00+02:00,12.971027777777778,-11.503854109958091
866,2025-09-04 19:26:00+02:00,12.543981196581194,-11.503854109958091
867,2025-09-04 19:27:00+02:00,10.231518518518518,-11.503854109958091
868,2025-09-04 19:28:00+02:00,9.806446225071223,-11.503854109958091
869,2025-09-04 19:29:00+02:00,6.971861772486772,-11.503854109958091
870,2025-09-04 19:30:00+02:00,10.898470169677068,-11.503854109958091
871,2025-09-04 19:31:00+02:00,11.994685618500272,-11.503854109958091
872,2025-09-04 19:32:00+02:00,10.790111111111113,-11.503854109958091
873,2025-09-04 19:33:00+02:00,7.3676006944444445,-11.503854109958091
874,2025-09-04 19:34:00+02:00,12.971333333333332,-11.503854109958091
875,2025-09-04 19:35:00+02:00,11.35793771043771,-11.503854109958091
876,2025-09-04 19:36:00+02:00,11.580436507936506,-11.503854109958091
877,2025-09-04 19:37:00+02:00,8.998561253561252,-11.503854109958091
878,2025-09-04 19:38:00+02:00,9.195972222222222,-11.503854109958091
879,2025-09-04 19:39:00+02:00,12.960603174603174,-11.503854109958091
880,2025-09-04 19:40:00+02:00,10.608166666666667,-11.503854109958091
881,2025-09-04 19:41:00+02:00,10.605427248677248,-11.503854109958091
882,2025-09-04 19:42:00+02:00,9.822977092352092,-11.503854109958091
883,2025-09-04 19:43:00+02:00,10.572407407407407,-11.503854109958091
884,2025-09-04 19:44:00+02:00,12.99181818181818,-11.503854109958091
885,2025-09-04 19:45:00+02:00,10.622351851851851,-11.503854109958091
886,2025-09-04 19:46:00+02:00,11.82112962962963,-11.503854109958091
887,2025-09-04 19:47:00+02:00,9.464848927875243,-11.503854109958091
888,2025-09-04 19:48:00+02:00,10.93097953216374,-11.503854109958091
889,2025-09-04 19:49:00+02:00,13.07461111111111,-11.503854109958091
890,2025-09-04 19:50:00+02:00,10.699222222222224,-11.503854109958091
891,2025-09-04 19:51:00+02:00,12.524301075268816,-11.503854109958091
892,2025-09-04 19:52:00+02:00,11.89831746031746,-11.503854109958091
893,2025-09-04 19:53:00+02:00,9.000224867724867,-11.503854109958091
894,2025-09-04 19:54:00+02:00,10.3690826873385,-11.503854109958091
895,2025-09-04 19:55:00+02:00,9.069642981539532,-11.503854109958091
896,2025-09-04 19:56:00+02:00,8.834069041867954,-11.503854109958091
897,2025-09-04 19:57:00+02:00,9.999492296918769,-11.503854109958091
898,2025-09-04 19:58:00+02:00,11.677373737373737,-11.503854109958091
899,2025-09-04 19:59:00+02:00,12.584090909090907,-11.503854109958091
900,2025-09-04 20:00:00+02:00,11.730092592592593,-11.503854109958091
901,2025-09-05 05:00:00+02:00,12.981944444444444,-11.503854109958091
902,2025-09-05 05:01:00+02:00,11.902219336219336,-11.503854109958091
903,2025-09-05 05:02:00+02:00,11.993181818181816,-11.503854109958091
904,2025-09-05 05:03:00+02:00,13.14767195767196,-11.503854109958091
905,2025-09-05 05:04:00+02:00,9.343651515151516,-11.503854109958091
906,2025-09-05 05:05:00+02:00,11.299989583333334,-11.503854109958091
907,2025-09-05 05:06:00+02:00,10.801157407407407,-11.503854109958091
908,2025-09-05 05:07:00+02:00,10.057976190476188,-11.503854109958091
909,2025-09-05 05:08:00+02:00,10.801286764705884,-11.503854109958091
910,2025-09-05 05:09:00+02:00,8.721078431372549,-11.503854109958091
911,2025-09-05 05:10:00+02:00,9.003712121212121,-11.503854109958091
912,2025-09-05 05:11:00+02:00,10.442336182336184,-11.503854109958091
913,2025-09-05 05:12:00+02:00,13.156324074074073,-11.503854109958091
914,2025-09-05 05:13:00+02:00,8.959169973544974,-11.503854109958091
915,2025-09-05 05:14:00+02:00,11.493253968253969,-11.503854109958091
916,2025-09-05 05:15:00+02:00,11.408425925925926,-11.503854109958091
917,2025-09-05 05:16:00+02:00,11.991474747474747,-11.503854109958091
918,2025-09-05 05:17:00+02:00,10.60664351851852,-11.503854109958091
919,2025-09-05 05:18:00+02:00,9.923680555555556,-11.503854109958091
920,2025-09-05 05:19:00+02:00,10.34517543859649,-11.503854109958091
921,2025-09-05 05:20:00+02:00,9.359916666666663,-11.503854109958091
922,2025-09-05 05:21:00+02:00,10.094310185185185,-11.503854109958091
923,2025-09-05 05:22:00+02:00,9.400540849673202,-11.503854109958091
924,2025-09-05 05:23:00+02:00,9.682152777777777,-11.503854109958091
925,2025-09-05 05:24:00+02:00,11.232666666666669,-11.503854109958091
926,2025-09-05 05:25:00+02:00,10.398527777777778,-11.503854109958091
927,2025-09-05 05:26:00+02:00,10.675651515151516,-11.503854109958091
928,2025-09-05 05:27:00+02:00,8.729132553606236,-11.503854109958091
929,2025-09-05 05:28:00+02:00,11.830500730994151,-11.503854109958091
930,2025-09-05 05:29:00+02:00,11.450525793650792,-11.503854109958091
931,2025-09-05 05:30:00+02:00,10.331267973856209,-11.503854109958091
932,2025-09-05 05:31:00+02:00,10.22675,-11.503854109958091
933,2025-09-05 05:32:00+02:00,10.865281746031746,-11.503854109958091
934,2025-09-05 05:33:00+02:00,13.79626636904762,-11.503854109958091
935,2025-09-05 05:34:00+02:00,10.28526851851852,-11.503854109958091
936,2025-09-05 05:35:00+02:00,8.514040113781492,-11.503854109958091
937,2025-09-05 05:36:00+02:00,11.54737962962963,-11.503854109958091
938,2025-09-05 05:37:00+02:00,7.787875,-11.503854109958091
939,2025-09-05 05:38:00+02:00,11.666176470588235,-11.503854109958091
940,2025-09-05 05:39:00+02:00,10.80360201627821,-11.503854109958091
941,2025-09-05 05:40:00+02:00,12.747133152173914,-11.503854109958091
942,2025-09-05 05:41:00+02:00,12.74689236111111,-11.503854109958091
943,2025-09-05 05:42:00+02:00,13.177072222222222,-11.503854109958091
944,2025-09-05 05:43:00+02:00,11.337354497354497,-11.503854109958091
945,2025-09-05 05:44:00+02:00,13.018798076923076,-11.503854109958091
946,2025-09-05 05:45:00+02:00,10.365252525252524,-11.503854109958091
947,2025-09-05 05:46:00+02:00,11.264444444444443,-11.503854109958091
948,2025-09-05 05:47:00+02:00,11.953209475709476,-11.503854109958091
949,2025-09-05 05:48:00+02:00,11.84547311827957,-11.503854109958091
950,2025-09-05 05:49:00+02:00,13.108194444444443,-11.503854109958091
951,2025-09-05 05:50:00+02:00,14.294666666666666,-11.503854109958091
952,2025-09-05 05:51:00+02:00,14.268333333333333,-11.503854109958091
953,2025-09-05 05:52:00+02:00,13.838958333333332,-11.503854109958091
954,2025-09-05 05:53:00+02:00,14.675944444444442,-11.503854109958091
955,2025-09-05 05:54:00+02:00,14.703261904761904,-11.503854109958091
956,2025-09-05 05:55:00+02:00,12.721005938505938,-11.503854109958091
957,2025-09-05 05:56:00+02:00,16.10392929292929,-11.503854109958091
958,2025-09-05 05:57:00+02:00,13.049947204968944,-11.45978328683548
959,2025-09-05 05:58:00+02:00,15.226454545454544,-10.814957559041462
960,2025-09-05 05:59:00+02:00,14.10732886904762,-9.979931436718275
961,2025-09-05 06:00:00+02:00,14.487092013888889,-31.440547074146536
962,2025-09-05 06:01:00+02:00,15.192073412698411,-30.333425631669545
963,2025-09-05 06:02:00+02:00,14.881765873015873,-29.226304189192554
964,2025-09-05 06:03:00+02:00,16.035246825396825,-28.119182746715556
965,2025-09-05 06:04:00+02:00,18.15672161172161,-27.012061304238557
966,2025-09-05 06:05:00+02:00,16.13112103174603,-25.90493986176157
967,2025-09-05 06:06:00+02:00,18.40527777777778,-24.797818419284575
968,2025-09-05 06:07:00+02:00,16.60777777777778,-23.690345585169915
969,2025-09-05 06:08:00+02:00,19.867669082125605,-22.581467184504575
970,2025-09-05 06:09:00+02:00,18.793604497354497,-21.472443471507862
971,2025-09-05 06:10:00+02:00,19.083761904761904,-20.36341975851115
972,2025-09-05 06:11:00+02:00,17.755303724053725,-19.254396045514447
973,2025-09-05 06:12:00+02:00,21.63283333333333,-18.145372332517734
974,2025-09-05 06:13:00+02:00,18.06472685185185,-17.036348619521025
975,2025-09-05 06:14:00+02:00,16.88149928774929,-15.927324906524316
976,2025-09-05 06:15:00+02:00,21.93027777777778,-14.818301193527589
977,2025-09-05 06:16:00+02:00,22.37333333333333,-13.709277480530872
978,2025-09-05 06:17:00+02:00,24.8131905982906,-12.250911297940188
979,2025-09-05 06:18:00+02:00,26.971158424908424,-10.298525461378244
980,2025-09-05 06:19:00+02:00,27.81892063492064,-8.342610913002229
981,2025-09-05 06:20:00+02:00,29.52948484848485,-6.386696364626211
982,2025-09-05 06:21:00+02:00,28.54684027777778,-4.430781816250185
983,2025-09-05 06:22:00+02:00,31.207619047619048,-2.545600026699084
984,2025-09-05 06:23:00+02:00,34.42346031746032,-1.2899397906897718
985,2025-09-05 06:24:00+02:00,30.751196581196584,-0.1828183482127983
986,2025-09-05 06:25:00+02:00,34.38234548611111,0.9243030942642037
987,2025-09-05 06:26:00+02:00,36.88348576388889,2.0314245367411985
988,2025-09-05 06:27:00+02:00,37.55094444444445,3.1385459792181933
989,2025-09-05 06:28:00+02:00,36.65104497354498,4.245667421695195
990,2025-09-05 06:29:00+02:00,37.52449372759857,5.35278886417219
991,2025-09-05 06:30:00+02:00,40.21169130824373,6.459910306649192
992,2025-09-05 06:31:00+02:00,39.44405505952381,7.56703174912618
993,2025-09-05 06:32:00+02:00,40.69750992063492,9.060270229136542
994,2025-09-05 06:33:00+02:00,44.15989087301588,11.70737008875237
995,2025-09-05 06:34:00+02:00,44.01291666666666,14.430795409275937
996,2025-09-05 06:35:00+02:00,46.03454670329671,17.154220729799512
997,2025-09-05 06:36:00+02:00,47.31704312354312,19.433162483860286
998,2025-09-05 06:37:00+02:00,49.01665764790764,20.5941607222722
999,2025-09-05 06:38:00+02:00,48.485166666666665,21.701282164749216
1000,2025-09-05 06:39:00+02:00,48.2144623655914,22.808403607226253
1001,2025-09-05 06:40:00+02:00,51.80091018748277,23.91552504970325
1002,2025-09-05 06:41:00+02:00,49.88459502923977,25.02264649218023
1003,2025-09-05 06:42:00+02:00,53.15943650793651,26.12976793465721
1004,2025-09-05 06:43:00+02:00,51.01568518518519,27.23688937713417
1005,2025-09-05 06:44:00+02:00,43.57517482517483,28.34401081961113
1006,2025-09-05 06:45:00+02:00,47.84290178571428,29.4511322620881
1007,2025-09-05 06:46:00+02:00,48.38082692307692,31.38308214853499
1008,2025-09-05 06:47:00+02:00,50.97520515499826,34.061305389049856
1009,2025-09-05 06:48:00+02:00,50.39313852813853,36.73952862956471
1010,2025-09-05 06:49:00+02:00,53.00792748917749,39.41775187007962
1011,2025-09-05 06:50:00+02:00,54.299675925925925,41.30024266245362
1012,2025-09-05 06:51:00+02:00,58.92104788011696,42.413090595150344
1013,2025-09-05 06:52:00+02:00,61.4550625,43.52593852784707
1014,2025-09-05 06:53:00+02:00,56.57098150782361,44.638786460543805
1015,2025-09-05 06:54:00+02:00,60.83597222222222,45.75163439324053
1016,2025-09-05 06:55:00+02:00,60.95205555555555,46.86448232593725
1017,2025-09-05 06:56:00+02:00,63.02726190476191,47.977330258633934
1018,2025-09-05 06:57:00+02:00,63.48666666666667,49.0901781913306
1019,2025-09-05 06:58:00+02:00,64.94480952380952,50.20302612402727
1020,2025-09-05 06:59:00+02:00,63.395595427963855,51.54282889674483
1021,2025-09-05 07:00:00+02:00,67.5345928030303,60.53443120928711
1022,2025-09-05 07:01:00+02:00,67.70566666666667,63.59321719641716
1023,2025-09-05 07:02:00+02:00,71.69730753968254,65.67715714308444
1024,2025-09-05 07:03:00+02:00,71.16964583333333,67.27573942130098
1025,2025-09-05 07:04:00+02:00,75.51488720538721,68.87432169951752
1026,2025-09-05 07:05:00+02:00,80.95306397306398,70.47290397773408
1027,2025-09-05 07:06:00+02:00,77.47484046546548,72.0714862559506
1028,2025-09-05 07:07:00+02:00,82.66803240740741,73.67006853416713
1029,2025-09-05 07:08:00+02:00,79.1016388888889,75.26865081238361
1030,2025-09-05 07:09:00+02:00,79.06030681818181,76.8672330906001
1031,2025-09-05 07:10:00+02:00,90.22760378510378,78.99341935234804
1032,2025-09-05 07:11:00+02:00,90.49092037037036,81.91285635856646
1033,2025-09-05 07:12:00+02:00,94.52894612794611,84.8396724414776
1034,2025-09-05 07:13:00+02:00,102.69633766233768,87.7664885243887
1035,2025-09-05 07:14:00+02:00,104.16947132616488,90.73962348567615
1036,2025-09-05 07:15:00+02:00,104.98468862007168,94.24240475187575
1037,2025-09-05 07:16:00+02:00,113.06241666666666,97.8942119745906
1038,2025-09-05 07:17:00+02:00,118.07231481481482,101.54601919730534
1039,2025-09-05 07:18:00+02:00,123.45754166666666,105.23434449224727
1040,2025-09-05 07:19:00+02:00,121.3083457402812,109.02005131312826
1041,2025-09-05 07:20:00+02:00,127.54055555555556,112.81097500147028
1042,2025-09-05 07:21:00+02:00,129.04710069444445,116.61132637961316
1043,2025-09-05 07:22:00+02:00,133.2092137254902,120.66622538237903
1044,2025-09-05 07:23:00+02:00,134.97090587245,124.83425666275508
1045,2025-09-05 07:24:00+02:00,140.66974206349207,129.00228794313114
1046,2025-09-05 07:25:00+02:00,136.4845588235294,131.95171409414425
1047,2025-09-05 07:26:00+02:00,141.76605158730158,133.8700128280041
1048,2025-09-05 07:27:00+02:00,145.17053703703704,135.78831156186394
1049,2025-09-05 07:28:00+02:00,153.79017653642654,137.70661029572375
1050,2025-09-05 07:29:00+02:00,157.2118695054945,139.62490902958362
1051,2025-09-05 07:30:00+02:00,160.5751456365272,141.54320776344346
1052,2025-09-05 07:31:00+02:00,159.84985323886642,143.47476397052398
1053,2025-09-05 07:32:00+02:00,164.38812499999997,146.57297782103373
1054,2025-09-05 07:33:00+02:00,167.40575492831542,150.40035269868676
1055,2025-09-05 07:34:00+02:00,175.28402860449737,154.2277275763398
1056,2025-09-05 07:35:00+02:00,177.51858333333334,158.3681360946485
1057,2025-09-05 07:36:00+02:00,184.4017911255411,163.55600333361292
1058,2025-09-05 07:37:00+02:00,185.1351186868687,168.83422376064172
1059,2025-09-05 07:38:00+02:00,195.7098017075517,174.50123780018433
1060,2025-09-05 07:39:00+02:00,207.6077314814815,180.39823020427187
1061,2025-09-05 07:40:00+02:00,208.2218297101449,185.7701982367504
1062,2025-09-05 07:41:00+02:00,211.4527976190476,190.35279396226406
1063,2025-09-05 07:42:00+02:00,212.31867938842203,194.9280466895734
1064,2025-09-05 07:43:00+02:00,212.84244152046784,197.59006551222825
1065,2025-09-05 07:44:00+02:00,214.47688888888888,198.27399504363018
1066,2025-09-05 07:45:00+02:00,213.5041501322752,198.9579245750321
1067,2025-09-05 07:46:00+02:00,214.35096296296297,199.64185410643398
1068,2025-09-05 07:47:00+02:00,211.8593543417367,200.3257836378359
1069,2025-09-05 07:48:00+02:00,213.846875,201.0097131692378
1070,2025-09-05 07:49:00+02:00,219.5007222222222,201.69364270063974
1071,2025-09-05 07:50:00+02:00,222.0356871345029,202.37757223204162
1072,2025-09-05 07:51:00+02:00,224.3419583333333,203.06150176344357
1073,2025-09-05 07:52:00+02:00,232.675382936508,203.82604798851403
1074,2025-09-05 07:53:00+02:00,239.43010582010584,205.96107800594964
1075,2025-09-05 07:54:00+02:00,236.75973862942607,208.57980818539642
1076,2025-09-05 07:55:00+02:00,240.0009434523809,211.27192426021486
1077,2025-09-05 07:56:00+02:00,244.5006388888889,214.13846478200375
1078,2025-09-05 07:57:00+02:00,248.66989583333336,217.0124502496999
1079,2025-09-05 07:58:00+02:00,248.63777138157897,219.88643571739607
1080,2025-09-05 07:59:00+02:00,249.21477525252524,222.76642616203793
1081,2025-09-05 08:00:00+02:00,262.02043981481484,245.8798569892079
1082,2025-09-05 08:01:00+02:00,269.4641931652047,250.4967030739394
1083,2025-09-05 08:02:00+02:00,269.5235,255.1135491586707
1084,2025-09-05 08:03:00+02:00,276.98475210084035,259.6471521094499
1085,2025-09-05 08:04:00+02:00,283.0420454598506,263.146161823969
1086,2025-09-05 08:05:00+02:00,281.2126360544217,266.33598275523804
1087,2025-09-05 08:06:00+02:00,289.7920289855072,269.525803686507
1088,2025-09-05 08:07:00+02:00,289.7667485119048,272.715624617776
1089,2025-09-05 08:08:00+02:00,292.8955275974026,275.9054455490449
1090,2025-09-05 08:09:00+02:00,301.72318650793653,276.6381949844622
1091,2025-09-05 08:10:00+02:00,299.6558760683761,272.1958796721763
1092,2025-09-05 08:11:00+02:00,302.5032777777778,267.57903358744477
1093,2025-09-05 08:12:00+02:00,307.2234294871795,262.9621875027136
1094,2025-09-05 08:13:00+02:00,299.10527777777776,278.5882358221507
1095,2025-09-05 08:14:00+02:00,303.4916666666666,284.36709215455915
1096,2025-09-05 08:15:00+02:00,302.59639741715404,289.1087178632021
1097,2025-09-05 08:16:00+02:00,307.72223684210525,293.8468861364327
1098,2025-09-05 08:17:00+02:00,314.508,298.3637785432598
1099,2025-09-05 08:18:00+02:00,322.71257936507936,302.74978232375435
1100,2025-09-05 08:19:00+02:00,318.2784072871573,307.1357861042493
1101,2025-09-05 08:20:00+02:00,326.4735912698413,311.51480674864376
1102,2025-09-05 08:21:00+02:00,325.5525598290598,315.446906682614
1103,2025-09-05 08:22:00+02:00,330.113253968254,319.114645035641
1104,2025-09-05 08:23:00+02:00,332.0546825396825,322.78238338866794
1105,2025-09-05 08:24:00+02:00,337.4786423611111,326.45012174169483
1106,2025-09-05 08:25:00+02:00,337.15846759259256,330.0830933694829
1107,2025-09-05 08:26:00+02:00,343.46450000000004,333.3185150521482
1108,2025-09-05 08:27:00+02:00,342.73904861111106,336.4420785753492
1109,2025-09-05 08:28:00+02:00,346.6413888888889,339.5656420985503
1110,2025-09-05 08:29:00+02:00,345.3788833333333,342.68920562175134
1111,2025-09-05 08:30:00+02:00,347.9302651515152,345.8127691449524
1112,2025-09-05 08:31:00+02:00,352.8099363425926,349.2835037389089
1113,2025-09-05 08:32:00+02:00,359.1896514423077,353.6274261774937
1114,2025-09-05 08:33:00+02:00,358.74057539682536,358.01342995798854
1115,2025-09-05 08:34:00+02:00,360.9842546296297,362.3994337384834
1116,2025-09-05 08:35:00+02:00,364.0899629629629,366.2183068976923
1117,2025-09-05 08:36:00+02:00,366.8708657616893,368.6107606154852
1118,2025-09-05 08:37:00+02:00,367.25930847953214,370.9344712276679
1119,2025-09-05 08:38:00+02:00,369.6013333333333,373.2581818398505
1120,2025-09-05 08:39:00+02:00,375.4172916666666,375.5818924520333
1121,2025-09-05 08:40:00+02:00,378.58020691609977,377.90560306421605
1122,2025-09-05 08:41:00+02:00,379.8377891156462,380.22931367639876
1123,2025-09-05 08:42:00+02:00,384.9966666666666,382.55918489969815
1124,2025-09-05 08:43:00+02:00,389.5958035714286,385.1127336958494
1125,2025-09-05 08:44:00+02:00,390.67031770833336,387.77764738526395
1126,2025-09-05 08:45:00+02:00,391.1252564102565,390.44256107467845
1127,2025-09-05 08:46:00+02:00,391.1122485380117,393.1074747640931
1128,2025-09-05 08:47:00+02:00,395.3129006410256,395.77238845350763
1129,2025-09-05 08:48:00+02:00,402.1827662037037,398.43730214292225
1130,2025-09-05 08:49:00+02:00,402.6646527777778,401.262450971725
1131,2025-09-05 08:50:00+02:00,405.6295695970696,404.7285403580805
1132,2025-09-05 08:51:00+02:00,405.82270833333337,408.26089239606296
1133,2025-09-05 08:52:00+02:00,411.65069444444447,411.7932444340453
1134,2025-09-05 08:53:00+02:00,415.8749934640523,415.3255964720276
1135,2025-09-05 08:54:00+02:00,420.6947222222222,418.7796868181507
1136,2025-09-05 08:55:00+02:00,421.227748015873,421.9556308810433
1137,2025-09-05 08:56:00+02:00,426.0161805555556,425.10725036403346
1138,2025-09-05 08:57:00+02:00,426.3016792929293,428.25886984702373
1139,2025-09-05 08:58:00+02:00,427.8210037878789,431.4104893300139
1140,2025-09-05 08:59:00+02:00,430.7195575396825,434.56197969060645
1141,2025-09-05 09:00:00+02:00,432.8971527777778,432.2627456675757
1142,2025-09-05 09:01:00+02:00,433.0514444444445,434.76300494452204
1143,2025-09-05 09:02:00+02:00,433.9955370370371,437.26326422146843
1144,2025-09-05 09:03:00+02:00,434.0058531746032,439.7635234984145
1145,2025-09-05 09:04:00+02:00,443.33759502923976,442.2637827753605
1146,2025-09-05 09:05:00+02:00,446.6516666666666,444.7925379936782
1147,2025-09-05 09:06:00+02:00,451.5037191358024,447.5562751285373
1148,2025-09-05 09:07:00+02:00,450.39999629629625,450.37218175606137
1149,2025-09-05 09:08:00+02:00,452.6614603174603,453.18808838358547
1150,2025-09-05 09:09:00+02:00,452.89791501322753,456.0039950111095
1151,2025-09-05 09:10:00+02:00,458.73852564102566,458.7792876007367
1152,2025-09-05 09:11:00+02:00,462.3047394179894,461.19311525308063
1153,2025-09-05 09:12:00+02:00,463.5598903903904,463.5216534258408
1154,2025-09-05 09:13:00+02:00,460.59625,465.85019159860093
1155,2025-09-05 09:14:00+02:00,462.5686253561253,468.17872977136136
1156,2025-09-05 09:15:00+02:00,468.5459259259259,470.50726794412185
1157,2025-09-05 09:16:00+02:00,475.0334330484331,472.8220552844629
1158,2025-09-05 09:17:00+02:00,477.57633333333337,474.96593942187707
1159,2025-09-05 09:18:00+02:00,474.18773290598295,477.05874903887633
1160,2025-09-05 09:19:00+02:00,472.50586004273504,479.1515586558756
1161,2025-09-05 09:20:00+02:00,478.9927744708995,481.24436827287496
1162,2025-09-05 09:21:00+02:00,480.3133854166667,483.3371778898745
1163,2025-09-05 09:22:00+02:00,485.4760143849206,485.42998750687406
1164,2025-09-05 09:23:00+02:00,482.6905753205128,487.5552863054278
1165,2025-09-05 09:24:00+02:00,488.5753454415954,489.8182773496158
1166,2025-09-05 09:25:00+02:00,489.3833523638846,492.0967394326394
1167,2025-09-05 09:26:00+02:00,495.9165325295971,494.3752015156631
1168,2025-09-05 09:27:00+02:00,501.4812847222222,496.6536635986869
1169,2025-09-05 09:28:00+02:00,500.80444444444447,498.9321256817105
1170,2025-09-05 09:29:00+02:00,501.1752546296296,501.22923589190134
1171,2025-09-05 09:30:00+02:00,504.9876374007936,503.70672435033174
1172,2025-09-05 09:31:00+02:00,508.90441468253965,506.2293073708221
1173,2025-09-05 09:32:00+02:00,506.53824013157896,508.7518903913125
1174,2025-09-05 09:33:00+02:00,505.0338657407408,511.27447341180283
1175,2025-09-05 09:34:00+02:00,512.045625,513.7970564322932
1176,2025-09-05 09:35:00+02:00,514.876369047619,516.3642606147027
1177,2025-09-05 09:36:00+02:00,523.6097685185185,519.0266566092064
1178,2025-09-05 09:37:00+02:00,525.2747601010101,521.6920273478377
1179,2025-09-05 09:38:00+02:00,524.5478051900585,524.3573980864688
1180,2025-09-05 09:39:00+02:00,522.1535039941903,527.0227688251
1181,2025-09-05 09:40:00+02:00,530.2347115384615,529.5451244059461
1182,2025-09-05 09:41:00+02:00,536.8286507936508,531.1797996970907
1183,2025-09-05 09:42:00+02:00,534.630422979798,532.6615967161202
1184,2025-09-05 09:43:00+02:00,533.4921275252525,534.1433937351499
1185,2025-09-05 09:44:00+02:00,530.4343833333334,535.6251907541794
1186,2025-09-05 09:45:00+02:00,533.6891007834757,537.1069877732089
1187,2025-09-05 09:46:00+02:00,537.5602380952381,538.5887847922382
1188,2025-09-05 09:47:00+02:00,538.840167989418,540.0705818112673
1189,2025-09-05 09:48:00+02:00,542.9151612103175,541.5523788302962
1190,2025-09-05 09:49:00+02:00,544.0198690476191,543.034175849325
1191,2025-09-05 09:50:00+02:00,543.4356011825818,544.170559702979
1192,2025-09-05 09:51:00+02:00,546.4732477069546,544.8987279975534
1193,2025-09-05 09:52:00+02:00,546.6125858585859,545.6268962921276
1194,2025-09-05 09:53:00+02:00,544.8037089947089,546.3550645867022
1195,2025-09-05 09:54:00+02:00,547.7332261904762,547.0832328812764
1196,2025-09-05 09:55:00+02:00,543.926875,547.8114011758508
1197,2025-09-05 09:56:00+02:00,551.3659788359788,548.5395694704252
1198,2025-09-05 09:57:00+02:00,552.7746031746032,549.2677377649998
1199,2025-09-05 09:58:00+02:00,543.5998474945534,549.9959060595747
1200,2025-09-05 09:59:00+02:00,550.2042003367004,550.880910602212
1201,2025-09-05 10:00:00+02:00,553.0070132275132,555.9265494623743
1202,2025-09-05 10:01:00+02:00,557.174917929293,561.0647697241493
1203,2025-09-05 10:02:00+02:00,563.9709154040403,565.822992989073
1204,2025-09-05 10:03:00+02:00,569.5867592592593,570.5812162539963
1205,2025-09-05 10:04:00+02:00,567.2060615079365,572.1866109313451
1206,2025-09-05 10:05:00+02:00,565.6777870370371,569.9518083568594
1207,2025-09-05 10:06:00+02:00,566.7810617236025,567.70452085179
1208,2025-09-05 10:07:00+02:00,572.6706944444445,565.4572333467206
1209,2025-09-05 10:08:00+02:00,569.8197863247864,563.2099458416511
1210,2025-09-05 10:09:00+02:00,568.0507222222222,560.9626583365817
1211,2025-09-05 10:10:00+02:00,562.6925036075036,560.7861352902731
1212,2025-09-05 10:11:00+02:00,566.0209841269841,568.0188983399609
1213,2025-09-05 10:12:00+02:00,573.8635555555555,575.2578699646575
1214,2025-09-05 10:13:00+02:00,579.9843097781849,581.4024657343086
1215,2025-09-05 10:14:00+02:00,580.9583392857143,585.4841474209175
1216,2025-09-05 10:15:00+02:00,581.1588253968254,577.2779022285391
1217,2025-09-05 10:16:00+02:00,578.811617063492,583.1560084931474
1218,2025-09-05 10:17:00+02:00,582.1421527777778,581.7774244446059
1219,2025-09-05 10:18:00+02:00,585.7408055555555,580.0262970120776
1220,2025-09-05 10:19:00+02:00,586.8688425925926,578.0316216322068
1221,2025-09-05 10:20:00+02:00,588.5247118055555,588.1357289003768
1222,2025-09-05 10:21:00+02:00,591.2090277777778,599.0202589233837
1223,2025-09-05 10:22:00+02:00,594.4013888888888,591.8358533030911
1224,2025-09-05 10:23:00+02:00,586.4587447089947,589.25355745167
1225,2025-09-05 10:24:00+02:00,588.8888666666667,592.419810107511
1226,2025-09-05 10:25:00+02:00,592.0182905982906,595.5860627633524
1227,2025-09-05 10:26:00+02:00,591.0844795482295,598.7523154191939
1228,2025-09-05 10:27:00+02:00,589.8848194444445,598.9433398240641
1229,2025-09-05 10:28:00+02:00,588.8547924836602,589.7608860935899
1230,2025-09-05 10:29:00+02:00,588.6762731481482,594.0865198388749
1231,2025-09-05 10:30:00+02:00,591.8979675925926,599.6587293006816
1232,2025-09-05 10:31:00+02:00,564.815692251462,599.2239133886085
1233,2025-09-05 10:32:00+02:00,594.2414583333333,595.6301498256495
1234,2025-09-05 10:33:00+02:00,589.4916666666667,592.0363862626905
1235,2025-09-05 10:34:00+02:00,591.3477187627187,588.5562552946594
1236,2025-09-05 10:35:00+02:00,593.8832457264957,588.8015742612794
1237,2025-09-05 10:36:00+02:00,596.1458333333334,590.8151013639297
1238,2025-09-05 10:37:00+02:00,580.7345441595442,592.8286284665807
1239,2025-09-05 10:38:00+02:00,593.9639097222222,594.8421555692316
1240,2025-09-05 10:39:00+02:00,595.9688194444444,596.8556826718826
1241,2025-09-05 10:40:00+02:00,601.1337083333334,598.8692097745337
1242,2025-09-05 10:41:00+02:00,602.8487530525031,600.8854841328873
1243,2025-09-05 10:42:00+02:00,605.8147023809523,602.9896706737242
1244,2025-09-05 10:43:00+02:00,606.3945138888889,605.1350660501001
1245,2025-09-05 10:44:00+02:00,608.6595584795322,607.2804614264761
1246,2025-09-05 10:45:00+02:00,604.3955568181818,609.4258568028521
1247,2025-09-05 10:46:00+02:00,613.7170436507937,611.571252179228
1248,2025-09-05 10:47:00+02:00,614.2481018518519,613.7166475556043
1249,2025-09-05 10:48:00+02:00,614.2844017094018,614.7063569888378
1250,2025-09-05 10:49:00+02:00,611.8550892857143,609.5744622036276
1251,2025-09-05 10:50:00+02:00,608.5443113425926,603.7050306994005
1252,2025-09-05 10:51:00+02:00,604.9460683760684,604.1580742974967
1253,2025-09-05 10:52:00+02:00,606.1245833333334,607.7824230822681
1254,2025-09-05 10:53:00+02:00,597.4539409722222,611.4067718670397
1255,2025-09-05 10:54:00+02:00,617.440371896622,614.9297395621927
1256,2025-09-05 10:55:00+02:00,620.6986574074075,617.0707229304412
1257,2025-09-05 10:56:00+02:00,622.6001666666667,618.7741668592835
1258,2025-09-05 10:57:00+02:00,616.0022992424243,620.4776107881257
1259,2025-09-05 10:58:00+02:00,624.1929684343435,622.1810547169681
1260,2025-09-05 10:59:00+02:00,626.3178174603175,623.8844986458109
1261,2025-09-05 11:00:00+02:00,625.8780395299145,628.4798543489819
1262,2025-09-05 11:01:00+02:00,628.0450628306878,630.2319750152232
1263,2025-09-05 11:02:00+02:00,629.8270138888889,631.9840956814644
1264,2025-09-05 11:03:00+02:00,630.7918447293447,633.9820312200964
1265,2025-09-05 11:04:00+02:00,624.6061111111111,636.2341143386576
1266,2025-09-05 11:05:00+02:00,634.050712962963,638.4861974572192
1267,2025-09-05 11:06:00+02:00,636.9342991452992,640.738280575781
1268,2025-09-05 11:07:00+02:00,635.7892857142857,642.9903636943428
1269,2025-09-05 11:08:00+02:00,638.189837962963,645.2424468129046
1270,2025-09-05 11:09:00+02:00,644.4140138888889,646.6466726220322
1271,2025-09-05 11:10:00+02:00,642.984787037037,641.7690315289309
1272,2025-09-05 11:11:00+02:00,636.9692044159544,635.6351003531585
1273,2025-09-05 11:12:00+02:00,630.8670555555556,634.949069617009
1274,2025-09-05 11:13:00+02:00,634.8245340501793,638.181764573173
1275,2025-09-05 11:14:00+02:00,627.3338194444444,641.4144595293371
1276,2025-09-05 11:15:00+02:00,633.6093201754386,644.6471544855011
1277,2025-09-05 11:16:00+02:00,646.568363095238,649.303620044849
1278,2025-09-05 11:17:00+02:00,654.935625,659.0229082901416
1279,2025-09-05 11:18:00+02:00,661.0134166666667,661.0595904886956
1280,2025-09-05 11:19:00+02:00,657.7349537037037,659.5145105361017
1281,2025-09-05 11:20:00+02:00,662.6046843434343,657.969430583508
1282,2025-09-05 11:21:00+02:00,657.5380407407407,656.4243506309142
1283,2025-09-05 11:22:00+02:00,650.0717314814815,654.8792706783207
1284,2025-09-05 11:23:00+02:00,652.40330634278,653.3341907257276
1285,2025-09-05 11:24:00+02:00,655.7793162393162,651.7891107731344
1286,2025-09-05 11:25:00+02:00,654.4432270069112,650.2440308205413
1287,2025-09-05 11:26:00+02:00,650.2845133053221,648.698950867948
1288,2025-09-05 11:27:00+02:00,654.5589285714285,649.5985533403465
1289,2025-09-05 11:28:00+02:00,655.4756944444445,655.9838673110971
1290,2025-09-05 11:29:00+02:00,657.5611825396826,661.0031233788144
1291,2025-09-05 11:30:00+02:00,660.5573437500001,658.1457281678432
1292,2025-09-05 11:31:00+02:00,660.488179563492,654.1816542623209
1293,2025-09-05 11:32:00+02:00,659.3715277777778,650.2175803567982
1294,2025-09-05 11:33:00+02:00,653.2759722222222,642.9354593751143
1295,2025-09-05 11:34:00+02:00,629.8028472222222,641.53298322908
1296,2025-09-05 11:35:00+02:00,661.3385049603174,658.5084134019077
1297,2025-09-05 11:36:00+02:00,656.6505972222222,652.4189784627837
1298,2025-09-05 11:37:00+02:00,658.7357589285714,660.1766688216092
1299,2025-09-05 11:38:00+02:00,658.3346527777777,655.0841178748483
1300,2025-09-05 11:39:00+02:00,657.5242063492063,650.0685649636765
1301,2025-09-05 11:40:00+02:00,658.729523046398,658.2070244958269
1302,2025-09-05 11:41:00+02:00,656.7783333333333,651.8324449640605
1303,2025-09-05 11:42:00+02:00,661.4183333333333,665.6871985879225
1304,2025-09-05 11:43:00+02:00,666.3224116161616,673.7452655483855
1305,2025-09-05 11:44:00+02:00,665.603888888889,665.957215545633
1306,2025-09-05 11:45:00+02:00,649.4423771367522,660.0432947481885
1307,2025-09-05 11:46:00+02:00,643.0330961538461,656.0430192544873
1308,2025-09-05 11:47:00+02:00,661.7816666666666,652.0427437607866
1309,2025-09-05 11:48:00+02:00,651.7939444444445,651.2667643941847
1310,2025-09-05 11:49:00+02:00,642.5602083333333,646.5583689540771
1311,2025-09-05 11:50:00+02:00,663.1850972222222,665.6109602372546
1312,2025-09-05 11:51:00+02:00,675.8022569444445,680.2740934220343
1313,2025-09-05 11:52:00+02:00,676.1418055555556,671.5412712833629
1314,2025-09-05 11:53:00+02:00,675.6207936507936,672.5024861296109
1315,2025-09-05 11:54:00+02:00,669.5542460317461,675.5026927498865
1316,2025-09-05 11:55:00+02:00,676.2322222222223,678.502899370162
1317,2025-09-05 11:56:00+02:00,677.4665350877193,681.5031059904376
1318,2025-09-05 11:57:00+02:00,680.2561111111112,682.8308318377692
1319,2025-09-05 11:58:00+02:00,678.1472382478632,677.8081741059943
1320,2025-09-05 11:59:00+02:00,679.3670833333333,672.15617195683
1321,2025-09-05 12:00:00+02:00,664.7539898989899,677.2048430483885
1322,2025-09-05 12:01:00+02:00,669.9589871031745,677.9690041903202
1323,2025-09-05 12:02:00+02:00,672.2388518518518,678.7331653322518
1324,2025-09-05 12:03:00+02:00,670.227962962963,679.4973264741834
1325,2025-09-05 12:04:00+02:00,671.8024537037037,680.2614876161151
1326,2025-09-05 12:05:00+02:00,676.5972916666667,681.0256487580468
1327,2025-09-05 12:06:00+02:00,682.1704166666667,680.3270565276581
1328,2025-09-05 12:07:00+02:00,678.4351851851852,677.3669366658286
1329,2025-09-05 12:08:00+02:00,678.2356031746032,678.4862735137654
1330,2025-09-05 12:09:00+02:00,677.064032967033,679.8112868699588
1331,2025-09-05 12:10:00+02:00,681.8828670634921,681.1031155278498
1332,2025-09-05 12:11:00+02:00,684.643167989418,679.7292452723666
1333,2025-09-05 12:12:00+02:00,671.3633432539683,676.7162128789932
1334,2025-09-05 12:13:00+02:00,668.4344316239316,674.181018222014
1335,2025-09-05 12:14:00+02:00,666.2474305555555,674.3009082473267
1336,2025-09-05 12:15:00+02:00,675.5448611111111,677.7270198287085
1337,2025-09-05 12:16:00+02:00,679.5199074074075,679.1025098841857
1338,2025-09-05 12:17:00+02:00,681.3023148148148,680.4779999396626
1339,2025-09-05 12:18:00+02:00,679.1645497311828,681.2287882616105
1340,2025-09-05 12:19:00+02:00,681.6399710648149,679.9421319388831
1341,2025-09-05 12:20:00+02:00,679.9041666666666,678.4978673806322
1342,2025-09-05 12:21:00+02:00,676.9524074074073,677.2140766621869
1343,2025-09-05 12:22:00+02:00,676.0559201388888,678.0164458612151
1344,2025-09-05 12:23:00+02:00,675.5185185185186,679.4607104194658
1345,2025-09-05 12:24:00+02:00,681.4502430555556,680.9049749777168
1346,2025-09-05 12:25:00+02:00,680.9277751322751,684.2120280281185
1347,2025-09-05 12:26:00+02:00,680.9121388888889,683.7624233093112
1348,2025-09-05 12:27:00+02:00,688.7588194444444,685.9462140113179
1349,2025-09-05 12:28:00+02:00,683.2282407407407,685.1224663610826
1350,2025-09-05 12:29:00+02:00,687.380042989418,684.0199743318835
1351,2025-09-05 12:30:00+02:00,683.0603703703704,682.9174823026843
1352,2025-09-05 12:31:00+02:00,690.0326767676769,681.8470278962408
1353,2025-09-05 12:32:00+02:00,688.673574074074,681.3746091145708
1354,2025-09-05 12:33:00+02:00,678.0798958333334,681.126453692191
1355,2025-09-05 12:34:00+02:00,682.6969166666667,680.8782982698111
1356,2025-09-05 12:35:00+02:00,681.2923148148149,680.6301428474313
1357,2025-09-05 12:36:00+02:00,689.517261904762,680.3819874250515
1358,2025-09-05 12:37:00+02:00,691.354898989899,680.1338320026716
1359,2025-09-05 12:38:00+02:00,684.7869003267974,679.8856765802918
1360,2025-09-05 12:39:00+02:00,684.0728023478023,679.637521157912
1361,2025-09-05 12:40:00+02:00,683.2543837181338,679.389365735532
1362,2025-09-05 12:41:00+02:00,680.1826458333334,679.0585436273619
1363,2025-09-05 12:42:00+02:00,680.6994463645673,678.3553740941209
1364,2025-09-05 12:43:00+02:00,685.0283333333333,677.6070504888095
1365,2025-09-05 12:44:00+02:00,682.4916547619048,677.2210355578861
1366,2025-09-05 12:45:00+02:00,684.568365834458,679.80892963646
1367,2025-09-05 12:46:00+02:00,686.1310599415204,679.4492622236983
1368,2025-09-05 12:47:00+02:00,681.4863194444445,679.5027700952214
1369,2025-09-05 12:48:00+02:00,685.2954166666667,679.5492070223
1370,2025-09-05 12:49:00+02:00,679.0554398148148,680.2705338777982
1371,2025-09-05 12:50:00+02:00,695.6124834656084,685.1984064900163
1372,2025-09-05 12:51:00+02:00,687.305,680.0898837552818
1373,2025-09-05 12:52:00+02:00,668.3821057692307,674.4762042913947
1374,2025-09-05 12:53:00+02:00,660.0497222222222,669.1893496747803
1375,2025-09-05 12:54:00+02:00,661.6915486111111,671.849302997854
1376,2025-09-05 12:55:00+02:00,670.1856666666666,675.20902580505
1377,2025-09-05 12:56:00+02:00,674.3648595848596,677.6426147571224
1378,2025-09-05 12:57:00+02:00,681.2976805555555,679.3932384640932
1379,2025-09-05 12:58:00+02:00,684.7647777777778,680.9250342076926
1380,2025-09-05 12:59:00+02:00,680.3539021164021,676.82200989448
1381,2025-09-05 13:00:00+02:00,677.3771428571429,674.7062676782543
1382,2025-09-05 13:01:00+02:00,494.6552777777778,626.1722515873363
1383,2025-09-05 13:02:00+02:00,334.60013888888886,578.7554159295241
1384,2025-09-05 13:03:00+02:00,377.8641666666667,599.2505361566075
1385,2025-09-05 13:04:00+02:00,487.92159722222215,620.5868704407674
1386,2025-09-05 13:05:00+02:00,706.0667777777777,678.6777533784788
1387,2025-09-05 13:06:00+02:00,708.3892521367521,685.5852462814034
1388,2025-09-05 13:07:00+02:00,691.3528472222223,680.4446515516712
1389,2025-09-05 13:08:00+02:00,676.6697222222223,676.7050488757736
1390,2025-09-05 13:09:00+02:00,691.9193055555555,676.4241113254388
1391,2025-09-05 13:10:00+02:00,300.12005555555555,583.7489568969563
1392,2025-09-05 13:11:00+02:00,215.3862103174603,556.9851166061668
1393,2025-09-05 13:12:00+02:00,364.428125,590.9159261017014
1394,2025-09-05 13:13:00+02:00,255.62833333333333,563.9071281408401
1395,2025-09-05 13:14:00+02:00,189.3638586182336,546.4938061190719
1396,2025-09-05 13:15:00+02:00,267.3663408119658,563.6323485302205
1397,2025-09-05 13:16:00+02:00,473.5716071428572,617.525572327625
1398,2025-09-05 13:17:00+02:00,661.5784206349207,671.2802757974973
1399,2025-09-05 13:18:00+02:00,675.9698148148149,674.6119394089517
1400,2025-09-05 13:19:00+02:00,551.5065972222222,643.272904341864
1401,2025-09-05 13:20:00+02:00,552.7666666666667,642.4716929627477
1402,2025-09-05 13:21:00+02:00,648.6171064814815,665.5823817284426
1403,2025-09-05 13:22:00+02:00,631.8957554436305,662.3001019364524
1404,2025-09-05 13:23:00+02:00,634.4244662698412,659.9402806907815
1405,2025-09-05 13:24:00+02:00,620.421717948718,657.0576712187312
1406,2025-09-05 13:25:00+02:00,594.5513888888889,647.2264501119528
1407,2025-09-05 13:26:00+02:00,618.4691157407407,658.891641681877
1408,2025-09-05 13:27:00+02:00,649.5783171296297,669.1085744790622
1409,2025-09-05 13:28:00+02:00,660.0153951719576,673.4331084708837
1410,2025-09-05 13:29:00+02:00,661.362549475987,675.3210359980089
1411,2025-09-05 13:30:00+02:00,685.1410264550265,678.617426530889
1412,2025-09-05 13:31:00+02:00,697.6188425925926,680.4041742022217
1413,2025-09-05 13:32:00+02:00,684.7737435897435,677.956268171288
1414,2025-09-05 13:33:00+02:00,670.6784126984127,673.3240819283805
1415,2025-09-05 13:34:00+02:00,655.9507777777777,666.167070776627
1416,2025-09-05 13:35:00+02:00,638.881590909091,659.9229275563224
1417,2025-09-05 13:36:00+02:00,629.3844444444445,655.8836858535755
1418,2025-09-05 13:37:00+02:00,376.250625,591.8553667055637
1419,2025-09-05 13:38:00+02:00,154.95791666666668,534.6781114160192
1420,2025-09-05 13:39:00+02:00,413.9159722222223,597.5049055480074
1421,2025-09-05 13:40:00+02:00,587.5613888888889,645.4594583785931
1422,2025-09-05 13:41:00+02:00,664.0715656565657,665.6604126600139
1423,2025-09-05 13:42:00+02:00,670.800300925926,669.0365972420905
1424,2025-09-05 13:43:00+02:00,670.6493386243386,671.5491141261065
1425,2025-09-05 13:44:00+02:00,624.6182142857143,662.4790956350472
1426,2025-09-05 13:45:00+02:00,651.2785069444445,664.2333212771138
1427,2025-09-05 13:46:00+02:00,536.5353472222222,633.6205939178395
1428,2025-09-05 13:47:00+02:00,621.7425480769231,648.3611139648973
1429,2025-09-05 13:48:00+02:00,596.3763611111111,619.3911066344485
1430,2025-09-05 13:49:00+02:00,365.38409722222224,589.5267448257648
1431,2025-09-05 13:50:00+02:00,619.8229861111112,650.8189956184393
1432,2025-09-05 13:51:00+02:00,596.5452843915344,647.0570569734937
1433,2025-09-05 13:52:00+02:00,605.5030815527066,650.2678603805872
1434,2025-09-05 13:53:00+02:00,606.4679398148148,653.0415797248263
1435,2025-09-05 13:54:00+02:00,613.5591595441596,653.8811749981753
1436,2025-09-05 13:55:00+02:00,618.3559065656566,649.1139610705043
1437,2025-09-05 13:56:00+02:00,292.36791666666664,576.4732805191927
1438,2025-09-05 13:57:00+02:00,294.6928472222222,575.4134845354763
1439,2025-09-05 13:58:00+02:00,151.24196031746033,534.6260853916315
1440,2025-09-05 13:59:00+02:00,150.04111111111112,535.1194117027665
1441,2025-09-05 14:00:00+02:00,406.7801613756614,592.6491318826779
1442,2025-09-05 14:01:00+02:00,599.4755317460317,643.2448540004118
1443,2025-09-05 14:02:00+02:00,619.0154444444445,649.467669444033
1444,2025-09-05 14:03:00+02:00,618.0395138888889,647.0873420420063
1445,2025-09-05 14:04:00+02:00,456.0511111111111,611.3265640692047
1446,2025-09-05 14:05:00+02:00,285.26682539682537,567.4967751050641
1447,2025-09-05 14:06:00+02:00,134.2665462962963,519.4270952200549
1448,2025-09-05 14:07:00+02:00,144.77116666666666,520.9326159214573
1449,2025-09-05 14:08:00+02:00,154.91300462962965,525.3565879142814
1450,2025-09-05 14:09:00+02:00,179.10009259259257,532.8873206004955
1451,2025-09-05 14:10:00+02:00,194.2449074074074,540.1398592317585
1452,2025-09-05 14:11:00+02:00,323.4928472222222,575.5547789360946
1453,2025-09-05 14:12:00+02:00,630.7586666666667,651.1507863608294
1454,2025-09-05 14:13:00+02:00,640.3830570818071,658.2707443978686
1455,2025-09-05 14:14:00+02:00,632.6038854166667,656.2922997975251
1456,2025-09-05 14:15:00+02:00,618.203625,652.4394569545503
1457,2025-09-05 14:16:00+02:00,611.50625,646.0964797613016
1458,2025-09-05 14:17:00+02:00,609.4682936507936,647.2960390811475
1459,2025-09-05 14:18:00+02:00,614.5695016788767,651.7087579550574
1460,2025-09-05 14:19:00+02:00,603.448006021756,650.428832573857
1461,2025-09-05 14:20:00+02:00,520.1430555555555,629.1371172179123
1462,2025-09-05 14:21:00+02:00,157.8971527777778,535.6126422729276
1463,2025-09-05 14:22:00+02:00,160.41250802660247,533.3335807486126
1464,2025-09-05 14:23:00+02:00,162.94189950980393,534.9034335293201
1465,2025-09-05 14:24:00+02:00,170.129853988604,536.494808485247
1466,2025-09-05 14:25:00+02:00,343.6796527777778,575.3667875108555
1467,2025-09-05 14:26:00+02:00,589.3218611111112,639.3446384716215
1468,2025-09-05 14:27:00+02:00,601.4368824786325,646.3126569264533
1469,2025-09-05 14:28:00+02:00,602.2692222222223,648.9020571748963
1470,2025-09-05 14:29:00+02:00,594.3459722222223,647.110349044129
1471,2025-09-05 14:30:00+02:00,593.3941944444445,642.765401670429
1472,2025-09-05 14:31:00+02:00,522.8928472222223,626.4754172925489
1473,2025-09-05 14:32:00+02:00,493.9179166666667,616.8854649095358
1474,2025-09-05 14:33:00+02:00,552.5403823260073,631.5787953317741
1475,2025-09-05 14:34:00+02:00,412.6619191919192,599.511785598171
1476,2025-09-05 14:35:00+02:00,139.84442857142858,525.9908850803314
1477,2025-09-05 14:36:00+02:00,144.24826240079366,526.9214104708711
1478,2025-09-05 14:37:00+02:00,154.6482158119658,528.2586924692515
1479,2025-09-05 14:38:00+02:00,162.84161375661378,529.6620700146783
1480,2025-09-05 14:39:00+02:00,165.4162554466231,532.4369301613177
1481,2025-09-05 14:40:00+02:00,241.1966666666667,544.7962385114488
1482,2025-09-05 14:41:00+02:00,535.1925,615.8289189404321
1483,2025-09-05 14:42:00+02:00,503.3484722222222,608.2714584371109
1484,2025-09-05 14:43:00+02:00,444.9088472222222,602.4430183273245
1485,2025-09-05 14:44:00+02:00,550.74,629.0694442780748
1486,2025-09-05 14:45:00+02:00,577.2330555555556,635.7995316255693
1487,2025-09-05 14:46:00+02:00,584.2254464285714,640.6195514356237
1488,2025-09-05 14:47:00+02:00,523.7530753968255,626.0815261811717
1489,2025-09-05 14:48:00+02:00,556.4334974747475,635.1947096818996
1490,2025-09-05 14:49:00+02:00,561.5784027777778,634.4665090642941
1491,2025-09-05 14:50:00+02:00,555.3313253968254,633.2528413682851
1492,2025-09-05 14:51:00+02:00,555.4878333333332,632.0391736722759
1493,2025-09-05 14:52:00+02:00,542.8910876068376,630.7125826405869
1494,2025-09-05 14:53:00+02:00,537.2641239316239,629.0081327548928
1495,2025-09-05 14:54:00+02:00,539.4095187138131,627.2732804326695
1496,2025-09-05 14:55:00+02:00,540.4140277777778,625.5384281104463
1497,2025-09-05 14:56:00+02:00,537.4006226851852,623.803575788223
1498,2025-09-05 14:57:00+02:00,524.6085416666666,620.0055744369669
1499,2025-09-05 14:58:00+02:00,520.0396717171717,621.9198003379697
1500,2025-09-05 14:59:00+02:00,520.9064748677248,623.8248337173194
1501,2025-09-05 15:00:00+02:00,526.3329444444445,625.5245270501721
1502,2025-09-05 15:01:00+02:00,523.7507361111111,624.8372586302144
1503,2025-09-05 15:02:00+02:00,524.1163446969697,622.1193487780436
1504,2025-09-05 15:03:00+02:00,519.7640740740741,614.5238975495187
1505,2025-09-05 15:04:00+02:00,515.1450066137567,604.3530203787379
1506,2025-09-05 15:05:00+02:00,210.58569444444444,544.0773886714552
1507,2025-09-05 15:06:00+02:00,300.2200138888889,564.130495439337
1508,2025-09-05 15:07:00+02:00,318.5693055555556,569.1045527803897
1509,2025-09-05 15:08:00+02:00,399.7814814814815,587.6642612425443
1510,2025-09-05 15:09:00+02:00,443.6154861111111,597.5999480900351
1511,2025-09-05 15:10:00+02:00,105.52222883597882,515.9420466637514
1512,2025-09-05 15:11:00+02:00,101.076841991342,511.30920034061216
1513,2025-09-05 15:12:00+02:00,115.47839781746032,509.5038696427986
1514,2025-09-05 15:13:00+02:00,107.8014494301994,508.7344101179492
1515,2025-09-05 15:14:00+02:00,102.10112654320989,509.8254441733466
1516,2025-09-05 15:15:00+02:00,110.84891203703704,510.9537758594801
1517,2025-09-05 15:16:00+02:00,118.66633333333334,512.0821075456136
1518,2025-09-05 15:17:00+02:00,126.92333333333332,514.2120380111047
1519,2025-09-05 15:18:00+02:00,147.5534722222222,520.3055705209712
1520,2025-09-05 15:19:00+02:00,191.8830109126984,532.9858638576707
1521,2025-09-05 15:20:00+02:00,206.84333333333333,540.7728442608058
1522,2025-09-05 15:21:00+02:00,197.52164983164985,538.301043476137
1523,2025-09-05 15:22:00+02:00,200.6955555555556,537.2694259345293
1524,2025-09-05 15:23:00+02:00,194.8922673611111,536.2378083929215
1525,2025-09-05 15:24:00+02:00,184.419,535.2375333981507
1526,2025-09-05 15:25:00+02:00,176.62801282051282,537.6482230005884
1527,2025-09-05 15:26:00+02:00,252.85444444444445,549.997610639227
1528,2025-09-05 15:27:00+02:00,142.35964616402117,522.2886843309907
1529,2025-09-05 15:28:00+02:00,134.91547123015872,518.6484882763732
1530,2025-09-05 15:29:00+02:00,132.9947023809524,515.599630457696
1531,2025-09-05 15:30:00+02:00,111.78518022486772,508.3096754546833
1532,2025-09-05 15:31:00+02:00,97.60641203703705,503.4963031894708
1533,2025-09-05 15:32:00+02:00,90.98807407407408,499.97729172390507
1534,2025-09-05 15:33:00+02:00,80.9641736694678,495.8730839423531
1535,2025-09-05 15:34:00+02:00,74.53655303030304,491.5355479183995
1536,2025-09-05 15:35:00+02:00,65.42256335282651,488.8115634520829
1537,2025-09-05 15:36:00+02:00,65.819,486.73543314959727
1538,2025-09-05 15:37:00+02:00,61.97886363636365,486.3152268664855
1539,2025-09-05 15:38:00+02:00,65.94542121212122,486.06621573575256
1540,2025-09-05 15:39:00+02:00,67.7395,485.81720460501964
1541,2025-09-05 15:40:00+02:00,65.32541666666667,485.5681934742867
1542,2025-09-05 15:41:00+02:00,64.26172222222222,485.31918234355385
1543,2025-09-05 15:42:00+02:00,61.048110119047614,485.0701712128209
1544,2025-09-05 15:43:00+02:00,61.18230324074074,484.821160082088
1545,2025-09-05 15:44:00+02:00,61.962409188034194,484.5721489513551
1546,2025-09-05 15:45:00+02:00,61.06726851851852,484.3231378206222
1547,2025-09-05 15:46:00+02:00,58.27391559829059,484.31394203286055
1548,2025-09-05 15:47:00+02:00,57.04224508713386,484.5612476079035
1549,2025-09-05 15:48:00+02:00,58.69096203844049,484.80855318294647
1550,2025-09-05 15:49:00+02:00,60.1205056980057,485.0558587579894
1551,2025-09-05 15:50:00+02:00,58.08452777777779,485.3031643330323
1552,2025-09-05 15:51:00+02:00,59.24652243589745,485.5504699080753
1553,2025-09-05 15:52:00+02:00,66.1432142857143,485.79777548311824
1554,2025-09-05 15:53:00+02:00,65.55034722222221,486.0450810581612
1555,2025-09-05 15:54:00+02:00,68.872791005291,486.2923866332042
1556,2025-09-05 15:55:00+02:00,70.20723684210527,486.5181815355576
1557,2025-09-05 15:56:00+02:00,70.37424074074075,486.21020089624665
1558,2025-09-05 15:57:00+02:00,71.72019764957265,485.67229975723325
1559,2025-09-05 15:58:00+02:00,67.898025,485.1343986182199
1560,2025-09-05 15:59:00+02:00,69.28960842293907,484.59649747920656
1561,2025-09-05 16:00:00+02:00,68.92413625502336,484.0585963401932
1562,2025-09-05 16:01:00+02:00,69.47121642246643,483.5206952011799
1563,2025-09-05 16:02:00+02:00,59.844569841269845,482.9827940621665
1564,2025-09-05 16:03:00+02:00,62.09821458333334,482.44489292315313
1565,2025-09-05 16:04:00+02:00,58.88979166666667,481.86239954685794
1566,2025-09-05 16:05:00+02:00,51.117148809523805,480.3546172469645
1567,2025-09-05 16:06:00+02:00,49.32575613454646,478.47894898949585
1568,2025-09-05 16:07:00+02:00,39.93318747078074,476.8336795896612
1569,2025-09-05 16:08:00+02:00,38.29060714285715,475.87692770624454
1570,2025-09-05 16:09:00+02:00,35.85875755360624,474.96571978305786
1571,2025-09-05 16:10:00+02:00,34.72604166666667,474.05451185987124
1572,2025-09-05 16:11:00+02:00,34.71126756066411,473.14330393668456
1573,2025-09-05 16:12:00+02:00,32.88777777777778,472.28735038856513
1574,2025-09-05 16:13:00+02:00,31.531013888888893,471.92316077854406
1575,2025-09-05 16:14:00+02:00,28.63843434343434,471.67500535616415
1576,2025-09-05 16:15:00+02:00,32.81604166666667,471.4268499337843
1577,2025-09-05 16:16:00+02:00,29.87613425925926,471.17869451140444
1578,2025-09-05 16:17:00+02:00,26.79371616809117,470.93053908902453
1579,2025-09-05 16:18:00+02:00,27.714077991452992,470.6823836666447
1580,2025-09-05 16:19:00+02:00,26.02091666666667,470.4342282442648
1581,2025-09-05 16:20:00+02:00,28.537745039682545,470.1860728218849
1582,2025-09-05 16:21:00+02:00,29.501580687830693,469.93791739950507
1583,2025-09-05 16:22:00+02:00,30.29196296296297,469.82908382492104
1584,2025-09-05 16:23:00+02:00,26.81256097560976,470.06089739121813
1585,2025-09-05 16:24:00+02:00,29.34993055555556,470.3082029662611
1586,2025-09-05 16:25:00+02:00,25.469220238095243,470.55550854130405
1587,2025-09-05 16:26:00+02:00,20.59996031746032,470.802814116347
1588,2025-09-05 16:27:00+02:00,25.261388888888888,471.05011969138997
1589,2025-09-05 16:28:00+02:00,23.46951625094482,471.2974252664329
1590,2025-09-05 16:29:00+02:00,24.919468652325797,471.5447308414759
1591,2025-09-05 16:30:00+02:00,26.90121164021164,471.79203641651884
1592,2025-09-05 16:31:00+02:00,27.143323529411763,472.03999154278335
1593,2025-09-05 16:32:00+02:00,28.82514619883041,472.5477671576794
1594,2025-09-05 16:33:00+02:00,30.83796477983577,473.26274961225903
1595,2025-09-05 16:34:00+02:00,30.82108716475096,473.97773206683866
1596,2025-09-05 16:35:00+02:00,36.25577962962964,474.6927145214183
1597,2025-09-05 16:36:00+02:00,34.39905251911831,475.40769697599796
1598,2025-09-05 16:37:00+02:00,32.85874446290144,476.1226794305776
1599,2025-09-05 16:38:00+02:00,41.91710830896687,476.8841533010574
1600,2025-09-05 16:39:00+02:00,46.91919590643275,478.27937857775504
1601,2025-09-05 16:40:00+02:00,48.760182980599645,479.87525101781125
1602,2025-09-05 16:41:00+02:00,50.34791666666667,481.3957628148648
1603,2025-09-05 16:42:00+02:00,56.27680555555556,481.77699900887825
1604,2025-09-05 16:43:00+02:00,59.38270833333333,481.77699900887825
1605,2025-09-05 16:44:00+02:00,59.1235625,481.77699900887825
1606,2025-09-05 16:45:00+02:00,64.80671626984127,481.77699900887825
1607,2025-09-05 16:46:00+02:00,66.27177248677249,481.77699900887825
1608,2025-09-05 16:47:00+02:00,66.10001851851852,481.77699900887825
1609,2025-09-05 16:48:00+02:00,64.48521969696971,481.77699900887825
1610,2025-09-05 16:49:00+02:00,57.85400462962963,481.77699900887825
1611,2025-09-05 16:50:00+02:00,58.05063492063493,481.77699900887825
1612,2025-09-05 16:51:00+02:00,50.90875308641975,481.51112519144874
1613,2025-09-05 16:52:00+02:00,41.49766666666667,479.9681075010098
1614,2025-09-05 16:53:00+02:00,51.11306944444445,478.2589186746774
1615,2025-09-05 16:54:00+02:00,48.30970726495727,476.7760925096238
1616,2025-09-05 16:55:00+02:00,43.92920061728395,475.86260273505945
1617,2025-09-05 16:56:00+02:00,41.23132300569801,474.97655085883196
1618,2025-09-05 16:57:00+02:00,37.848092185592186,474.0904989826044
1619,2025-09-05 16:58:00+02:00,34.763333333333335,473.2044471063769
1620,2025-09-05 16:59:00+02:00,34.412912698412704,472.3485582499275
1621,2025-09-05 17:00:00+02:00,29.77219841269841,471.9486632807127
1622,2025-09-05 17:01:00+02:00,29.941929683306498,471.70135770566975
1623,2025-09-05 17:02:00+02:00,22.64632575757576,471.4540521306268
1624,2025-09-05 17:03:00+02:00,29.72295008354219,471.20674655558383
1625,2025-09-05 17:04:00+02:00,31.526726190476197,470.9594409805409
1626,2025-09-05 17:05:00+02:00,27.31957437275986,470.7121354054979
1627,2025-09-05 17:06:00+02:00,30.537188172043013,470.46482983045496
1628,2025-09-05 17:07:00+02:00,27.688386409865245,470.217524255412
1629,2025-09-05 17:08:00+02:00,29.02014473684211,469.97021868036904
1630,2025-09-05 17:09:00+02:00,27.923674603174604,469.8168649087658
1631,2025-09-05 17:10:00+02:00,30.252597222222224,470.02890772104433
1632,2025-09-05 17:11:00+02:00,25.66600747863248,470.2770631434242
1633,2025-09-05 17:12:00+02:00,30.138497549019608,470.5252185658041
1634,2025-09-05 17:13:00+02:00,28.966411111111118,470.77337398818395
1635,2025-09-05 17:14:00+02:00,23.12417755779849,471.0215294105638
1636,2025-09-05 17:15:00+02:00,28.31025724637681,471.2696848329437
1637,2025-09-05 17:16:00+02:00,28.53911421911422,471.51784025532356
1638,2025-09-05 17:17:00+02:00,32.72250248015873,471.7659956777035
1639,2025-09-05 17:18:00+02:00,31.585320767195768,472.0141511000833
1640,2025-09-05 17:19:00+02:00,31.27061818000797,472.1485686205391
1641,2025-09-05 17:20:00+02:00,30.018737373737377,472.1485686205391
1642,2025-09-05 17:21:00+02:00,33.566625,472.1485686205391
1643,2025-09-05 17:22:00+02:00,32.14842592592593,472.1485686205391
1644,2025-09-05 17:23:00+02:00,32.93065107212476,472.1485686205391
1645,2025-09-05 17:24:00+02:00,29.57193703703704,472.1485686205391
1646,2025-09-05 17:25:00+02:00,32.48884920634921,472.1485686205391
1647,2025-09-05 17:26:00+02:00,34.25888888888889,472.1485686205391
1648,2025-09-05 17:27:00+02:00,30.110776353276357,472.1485686205391
1649,2025-09-05 17:28:00+02:00,33.24126543209877,472.164434678147
1650,2025-09-05 17:29:00+02:00,31.84255984848485,472.5520197997115
1651,2025-09-05 17:30:00+02:00,31.2850873015873,473.09599891769676
1652,2025-09-05 17:31:00+02:00,31.53723099415205,473.639978035682
1653,2025-09-05 17:32:00+02:00,33.734375,474.1839571536673
1654,2025-09-05 17:33:00+02:00,36.4741335978836,474.72793627165254
1655,2025-09-05 17:34:00+02:00,35.36116762866763,475.2719153896378
1656,2025-09-05 17:35:00+02:00,38.52938988095238,475.81589450762306
1657,2025-09-05 17:36:00+02:00,43.44119444444445,476.3598736256083
1658,2025-09-05 17:37:00+02:00,42.09733592796093,476.9196108688368
1659,2025-09-05 17:38:00+02:00,49.04013888888889,477.63177215987247
1660,2025-09-05 17:39:00+02:00,49.051620370370365,478.38203946285995
1661,2025-09-05 17:40:00+02:00,52.12694444444444,479.13230676584743
1662,2025-09-05 17:41:00+02:00,54.921309523809526,479.8825740688349
1663,2025-09-05 17:42:00+02:00,53.67164384920636,480.63284137182234
1664,2025-09-05 17:43:00+02:00,55.521578947368425,481.3831086748098
1665,2025-09-05 17:44:00+02:00,57.461230854915065,481.44248357021627
1666,2025-09-05 17:45:00+02:00,55.49433531746032,480.60502533916053
1667,2025-09-05 17:46:00+02:00,53.58810810810812,479.76288857050116
1668,2025-09-05 17:47:00+02:00,51.42612903225807,478.92075180184173
1669,2025-09-05 17:48:00+02:00,48.55960934095861,478.07861503318236
1670,2025-09-05 17:49:00+02:00,44.81756260521886,477.23972979719304
1671,2025-09-05 17:50:00+02:00,47.99101262626263,476.5380001211055
1672,2025-09-05 17:51:00+02:00,38.08696801346802,475.90869094539704
1673,2025-09-05 17:52:00+02:00,36.73771441372248,475.2793817696886
1674,2025-09-05 17:53:00+02:00,38.07933333333333,474.65007259398016
1675,2025-09-05 17:54:00+02:00,39.90887962962963,474.0207634182717
1676,2025-09-05 17:55:00+02:00,38.58702047952048,473.39145424256327
1677,2025-09-05 17:56:00+02:00,35.60505747126437,472.7621450668548
1678,2025-09-05 17:57:00+02:00,34.442851851851856,472.1434246497434
1679,2025-09-05 17:58:00+02:00,25.195039682539683,471.5824610977065
1680,2025-09-05 17:59:00+02:00,31.56822115384616,471.0301610754309
1681,2025-09-05 18:00:00+02:00,24.74061088527552,50.682378798251584
1682,2025-09-05 18:01:00+02:00,28.864344566832767,55.4450562043237
1683,2025-09-05 18:02:00+02:00,23.187453703703707,60.207733610395806
1684,2025-09-05 18:03:00+02:00,25.14559259259259,64.9704110164679
1685,2025-09-05 18:04:00+02:00,19.840085227272727,69.73308842254
1686,2025-09-05 18:05:00+02:00,23.227542087542087,74.49576582861212
1687,2025-09-05 18:06:00+02:00,23.998,77.70395824798013
1688,2025-09-05 18:07:00+02:00,19.731543209876545,77.78995103447865
1689,2025-09-05 18:08:00+02:00,20.402708333333333,77.78995103447865
1690,2025-09-05 18:09:00+02:00,15.98925,77.78995103447865
1691,2025-09-05 18:10:00+02:00,18.131834625323,77.78995103447865
1692,2025-09-05 18:11:00+02:00,17.796383838383836,77.78995103447865
1693,2025-09-05 18:12:00+02:00,18.155066666666663,77.78995103447865
1694,2025-09-05 18:13:00+02:00,15.3054945799458,77.78995103447865
1695,2025-09-05 18:14:00+02:00,18.792638888888888,77.78995103447865
1696,2025-09-05 18:15:00+02:00,24.23254298941799,77.60892775807054
1697,2025-09-05 18:16:00+02:00,24.72642857142857,72.54027601864323
1698,2025-09-05 18:17:00+02:00,23.59767195767196,65.29934496231849
1699,2025-09-05 18:18:00+02:00,24.66011111111111,58.05841390599375
1700,2025-09-05 18:19:00+02:00,26.6372208994709,50.81748284966903
1701,2025-09-05 18:20:00+02:00,24.49762688700189,43.576551793344315
1702,2025-09-05 18:21:00+02:00,27.39225205350205,36.95154646320342
1703,2025-09-05 18:22:00+02:00,30.785732323232324,34.14952839903083
1704,2025-09-05 18:23:00+02:00,33.76996428571429,32.005913697330584
1705,2025-09-05 18:24:00+02:00,35.38154377723311,29.86229899563031
1706,2025-09-05 18:25:00+02:00,40.793970238095234,27.718684293930067
1707,2025-09-05 18:26:00+02:00,39.8140873015873,25.57506959222981
1708,2025-09-05 18:27:00+02:00,43.61974722222222,23.43145489052955
1709,2025-09-05 18:28:00+02:00,43.82696047307813,21.287840188829293
1710,2025-09-05 18:29:00+02:00,44.57478805916306,19.144225487129034
1711,2025-09-05 18:30:00+02:00,39.59708333333334,17.000610785428776
1712,2025-09-05 18:31:00+02:00,46.06268187830688,15.556648104422308
1713,2025-09-05 18:32:00+02:00,47.06758207070707,15.517943950086064
1714,2025-09-05 18:33:00+02:00,47.36580808080808,15.517943950086064
1715,2025-09-05 18:34:00+02:00,43.57349206349207,15.517943950086064
1716,2025-09-05 18:35:00+02:00,42.85217592592593,15.517943950086064
1717,2025-09-05 18:36:00+02:00,48.86760090968161,15.517943950086064
1718,2025-09-05 18:37:00+02:00,50.44407243867244,15.517943950086064
1719,2025-09-05 18:38:00+02:00,45.84451388888889,15.517943950086064
1720,2025-09-05 18:39:00+02:00,51.0702803030303,15.517943950086064
1721,2025-09-05 18:40:00+02:00,47.6115874534822,15.517943950086064
1722,2025-09-05 18:41:00+02:00,44.84086476608187,16.67508530528488
1723,2025-09-05 18:42:00+02:00,50.567546992481205,18.811346268728826
1724,2025-09-05 18:43:00+02:00,49.34490553306343,20.947607232172842
1725,2025-09-05 18:44:00+02:00,52.08122364672365,23.08386819561683
1726,2025-09-05 18:45:00+02:00,52.11907407407407,25.220129159060846
1727,2025-09-05 18:46:00+02:00,51.866129611129615,27.35639012250485
1728,2025-09-05 18:47:00+02:00,50.6364183964184,29.492651085948864
1729,2025-09-05 18:48:00+02:00,50.731590909090905,31.628912049392866
1730,2025-09-05 18:49:00+02:00,47.61510714285714,33.76517301283688
1731,2025-09-05 18:50:00+02:00,47.63084590878606,35.90162769983143
1732,2025-09-05 18:51:00+02:00,52.75068309859156,38.04072314469883
1733,2025-09-05 18:52:00+02:00,45.72623448773448,40.18065465962642
1734,2025-09-05 18:53:00+02:00,45.91636994949496,42.320586174553966
1735,2025-09-05 18:54:00+02:00,37.89059722222222,44.460517689481556
1736,2025-09-05 18:55:00+02:00,36.81166666666667,46.60044920440914
1737,2025-09-05 18:56:00+02:00,34.50366811983009,48.740380719336706
1738,2025-09-05 18:57:00+02:00,35.74443661971831,50.880312234264274
1739,2025-09-05 18:58:00+02:00,37.76726851851852,53.02024374919185
1740,2025-09-05 18:59:00+02:00,31.131966666666667,55.16017526411945
1741,2025-09-05 19:00:00+02:00,34.758473297491044,58.83698411705285
1742,2025-09-05 19:01:00+02:00,34.22857103070813,68.33197146386526
1743,2025-09-05 19:02:00+02:00,33.51294918699187,77.14634170384653
1744,2025-09-05 19:03:00+02:00,29.2532895256917,80.054711887777
1745,2025-09-05 19:04:00+02:00,31.10560118425636,82.19464340270457
1746,2025-09-05 19:05:00+02:00,33.03000631313132,84.33457491763214
1747,2025-09-05 19:06:00+02:00,30.90032738095238,86.47450643255972
1748,2025-09-05 19:07:00+02:00,20.429871502694645,88.6144379474873
1749,2025-09-05 19:08:00+02:00,18.017831400165697,90.75436946241489
1750,2025-09-05 19:09:00+02:00,16.64272968580715,92.89430097734247
1751,2025-09-05 19:10:00+02:00,15.216102564102563,95.03423249227006
1752,2025-09-05 19:11:00+02:00,13.803846153846155,97.17416400719765
1753,2025-09-05 19:12:00+02:00,12.376328125,98.52648183954771
1754,2025-09-05 19:13:00+02:00,10.858649945175438,98.54728672927618
1755,2025-09-05 19:14:00+02:00,9.474805194805196,98.54728672927618
1756,2025-09-05 19:15:00+02:00,8.462225770586425,98.54728672927618
1757,2025-09-05 19:16:00+02:00,7.916584699453548,98.54728672927618
1758,2025-09-05 19:17:00+02:00,7.401830601092896,98.54728672927618
1759,2025-09-05 19:18:00+02:00,6.92820175270995,98.54728672927618
1760,2025-09-05 19:19:00+02:00,6.600734265734268,98.54728672927618
1761,2025-09-05 19:20:00+02:00,6.286048951048952,98.54728672927618
1762,2025-09-05 19:21:00+02:00,5.971363636363637,98.54728672927618
1763,2025-09-05 19:22:00+02:00,5.656678321678322,98.54728672927618
1764,2025-09-05 19:23:00+02:00,5.15467106967107,98.54728672927618
1765,2025-09-05 19:24:00+02:00,4.35294871794872,98.54728672927618
1766,2025-09-05 19:25:00+02:00,3.5225422776340207,98.54728672927618
1767,2025-09-05 19:26:00+02:00,2.6600823335685715,98.54728672927618
1768,2025-09-05 19:27:00+02:00,1.9690384615384624,98.54728672927618
1769,2025-09-05 19:28:00+02:00,1.3921153846153846,98.54728672927618
1770,2025-09-05 19:29:00+02:00,0.8808050204512469,98.54728672927618
1771,2025-09-05 19:30:00+02:00,0.7504716981132078,98.54728672927618
1772,2025-09-05 19:31:00+02:00,0.6815180102915956,98.54728672927618
1773,2025-09-05 19:32:00+02:00,0.6125643224699834,98.54728672927618
1774,2025-09-05 19:33:00+02:00,0.5436106346483712,98.54728672927618
1775,2025-09-05 19:34:00+02:00,0.4746569468267589,98.54728672927618
1776,2025-09-05 19:35:00+02:00,0.4057032590051463,98.54728672927618
1777,2025-09-05 19:36:00+02:00,0.3367495711835338,98.54728672927618
1778,2025-09-05 19:37:00+02:00,0.2677958833619213,98.54728672927618
1779,2025-09-05 19:38:00+02:00,0.1988421955403088,98.54728672927618
1780,2025-09-05 19:39:00+02:00,0.1466123499142367,98.54728672927618
1781,2025-09-05 19:40:00+02:00,0.1300600343053174,98.54728672927618
1782,2025-09-05 19:41:00+02:00,0.114622641509434,98.54728672927618
1783,2025-09-05 19:42:00+02:00,0.0991852487135507,98.54728672927618
1784,2025-09-05 19:43:00+02:00,0.0837478559176673,98.54728672927618
1785,2025-09-05 19:44:00+02:00,0.0683104631217839,98.54728672927618
1786,2025-09-05 19:45:00+02:00,0.0528730703259005,98.54728672927618
1787,2025-09-05 19:46:00+02:00,0.0374356775300171,98.54728672927618
1788,2025-09-05 19:47:00+02:00,0.0219982847341337,98.54728672927618
1789,2025-09-05 19:48:00+02:00,0.0066739339514577,98.54728672927618
1790,2025-09-05 19:49:00+02:00,0.0047508591065291,98.54728672927618
1791,2025-09-05 19:50:00+02:00,0.0119673539518899,98.54728672927618
1792,2025-09-05 19:51:00+02:00,0.0191838487972508,98.54728672927618
1793,2025-09-05 19:52:00+02:00,0.0264003436426116,98.54728672927618
1794,2025-09-05 19:53:00+02:00,0.0336168384879724,98.54728672927618
1795,2025-09-05 19:54:00+02:00,0.0408333333333332,98.54728672927618
1796,2025-09-05 19:55:00+02:00,0.048049828178694,98.54728672927618
1797,2025-09-05 19:56:00+02:00,0.0552663230240549,98.54728672927618
1798,2025-09-05 19:57:00+02:00,0.0624828178694157,98.54728672927618
1799,2025-09-05 19:58:00+02:00,0.0698052274348228,98.54728672927618
1800,2025-09-05 19:59:00+02:00,0.0778902229845626,98.54728672927618
1801,2025-09-05 20:00:00+02:00,0.0861234991423671,98.54728672927618
1802,2025-09-06 05:00:00+02:00,0.132314974182444,98.54728672927618
1803,2025-09-06 05:01:00+02:00,0.1465070869117243,98.54728672927618
1804,2025-09-06 05:02:00+02:00,0.1436192109777016,98.54728672927618
1805,2025-09-06 05:03:00+02:00,0.1353859348198973,98.54728672927618
1806,2025-09-06 05:04:00+02:00,0.1271526586620929,98.54728672927618
1807,2025-09-06 05:05:00+02:00,0.1189193825042884,98.54728672927618
1808,2025-09-06 05:06:00+02:00,0.1106861063464839,98.54728672927618
1809,2025-09-06 05:07:00+02:00,0.1024528301886794,98.54728672927618
1810,2025-09-06 05:08:00+02:00,0.0942195540308749,98.54728672927618
1811,2025-09-06 05:09:00+02:00,0.0859862778730703,98.54728672927618
1812,2025-09-06 05:10:00+02:00,0.0777530017152658,98.54728672927618
1813,2025-09-06 05:11:00+02:00,0.070800457404231,98.54728672927618
1814,2025-09-06 05:12:00+02:00,0.07,98.54728672927618
1815,2025-09-06 05:13:00+02:00,0.07,98.54728672927618
1816,2025-09-06 05:14:00+02:00,0.07,98.54728672927618
1817,2025-09-06 05:15:00+02:00,0.07,98.54728672927618
1818,2025-09-06 05:16:00+02:00,0.07,98.54728672927618
1819,2025-09-06 05:17:00+02:00,0.07,98.54728672927618
1820,2025-09-06 05:18:00+02:00,0.07,98.54728672927618
1821,2025-09-06 05:19:00+02:00,0.07,98.54728672927618
1822,2025-09-06 05:20:00+02:00,0.07,98.54728672927618
1823,2025-09-06 05:21:00+02:00,0.07,98.54728672927618
1824,2025-09-06 05:22:00+02:00,0.07,98.54728672927618
1825,2025-09-06 05:23:00+02:00,0.07,98.54728672927618
1826,2025-09-06 05:24:00+02:00,0.07,98.54728672927618
1827,2025-09-06 05:25:00+02:00,0.07,98.54728672927618
1828,2025-09-06 05:26:00+02:00,0.07,98.54728672927618
1829,2025-09-06 05:27:00+02:00,0.07,98.54728672927618
1830,2025-09-06 05:28:00+02:00,0.07,98.54728672927618
1831,2025-09-06 05:29:00+02:00,0.07,98.54728672927618
1832,2025-09-06 05:30:00+02:00,0.0703872633390705,98.54728672927618
1833,2025-09-06 05:31:00+02:00,0.0812306368330463,98.54728672927618
1834,2025-09-06 05:32:00+02:00,0.096721170395869,98.54728672927618
1835,2025-09-06 05:33:00+02:00,0.1122117039586918,98.54728672927618
1836,2025-09-06 05:34:00+02:00,0.1277022375215145,98.54728672927618
1837,2025-09-06 05:35:00+02:00,0.1431927710843373,98.54728672927618
1838,2025-09-06 05:36:00+02:00,0.1586833046471602,98.54728672927618
1839,2025-09-06 05:37:00+02:00,0.174173838209983,98.54728672927618
1840,2025-09-06 05:38:00+02:00,0.1896643717728056,98.54728672927618
1841,2025-09-06 05:39:00+02:00,0.2051549053356283,98.54728672927618
1842,2025-09-06 05:40:00+02:00,0.2218502581755594,98.54728672927618
1843,2025-09-06 05:41:00+02:00,0.2447418244406195,98.54728672927618
1844,2025-09-06 05:42:00+02:00,0.2684939759036144,98.54728672927618
1845,2025-09-06 05:43:00+02:00,0.2922461273666092,98.54728672927618
1846,2025-09-06 05:44:00+02:00,0.3159982788296041,98.54728672927618
1847,2025-09-06 05:45:00+02:00,0.3397504302925989,98.54728672927618
1848,2025-09-06 05:46:00+02:00,0.3635025817555936,98.54728672927618
1849,2025-09-06 05:47:00+02:00,0.3872547332185885,98.54728672927618
1850,2025-09-06 05:48:00+02:00,0.4110068846815833,98.54728672927618
1851,2025-09-06 05:49:00+02:00,0.4347590361445781,98.54728672927618
1852,2025-09-06 05:50:00+02:00,0.486511500547645,98.54728672927618
1853,2025-09-06 05:51:00+02:00,0.5856003430531728,98.54728672927618
1854,2025-09-06 05:52:00+02:00,0.6854288164665516,98.54728672927618
1855,2025-09-06 05:53:00+02:00,0.7852572898799304,98.54728672927618
1856,2025-09-06 05:54:00+02:00,0.8850857632933091,98.54728672927618
1857,2025-09-06 05:55:00+02:00,0.984914236706688,98.54728672927618
1858,2025-09-06 05:56:00+02:00,1.0847427101200675,98.54728672927618
1859,2025-09-06 05:57:00+02:00,1.1845711835334485,98.54728672927618
1860,2025-09-06 05:58:00+02:00,1.2843996569468272,98.54728672927618
1861,2025-09-06 05:59:00+02:00,1.385147247119078,98.54728672927618
1862,2025-09-06 06:00:00+02:00,1.544718309859155,98.54728672927618
1863,2025-09-06 06:01:00+02:00,1.7846268656716415,98.54728672927618
1864,2025-09-06 06:02:00+02:00,2.078358208955224,98.54728672927618
1865,2025-09-06 06:03:00+02:00,2.372089552238806,98.54728672927618
1866,2025-09-06 06:04:00+02:00,2.6658208955223883,98.54728672927618
1867,2025-09-06 06:05:00+02:00,2.9595522388059705,98.54728672927618
1868,2025-09-06 06:06:00+02:00,3.247982190496792,98.54728672927618
1869,2025-09-06 06:07:00+02:00,3.4802173913043464,98.54728672927618
1870,2025-09-06 06:08:00+02:00,3.6976086956521703,98.54728672927618
1871,2025-09-06 06:09:00+02:00,3.914999999999996,98.54728672927618
1872,2025-09-06 06:10:00+02:00,4.132391304347821,98.54728672927618
1873,2025-09-06 06:11:00+02:00,4.349782608695646,98.54728672927618
1874,2025-09-06 06:12:00+02:00,4.567173913043475,98.35343230109201
1875,2025-09-06 06:13:00+02:00,4.831048186098034,96.56102443434297
1876,2025-09-06 06:14:00+02:00,5.404808917197456,94.41371384522598
1877,2025-09-06 06:15:00+02:00,6.035382165605097,92.266403256109
1878,2025-09-06 06:16:00+02:00,6.656057565810898,90.119092666992
1879,2025-09-06 06:17:00+02:00,7.260000000000002,87.97178207787502
1880,2025-09-06 06:18:00+02:00,7.861175607899334,85.82447148875804
1881,2025-09-06 06:19:00+02:00,8.302007299270072,83.67716089964107
1882,2025-09-06 06:20:00+02:00,8.64799270072992,81.52985031052408
1883,2025-09-06 06:21:00+02:00,8.99397810218977,79.38253972140708
1884,2025-09-06 06:22:00+02:00,9.33996350364963,77.85258092666123
1885,2025-09-06 06:23:00+02:00,9.72567808560053,77.78995103447865
1886,2025-09-06 06:24:00+02:00,10.29034090909091,77.78995103447865
1887,2025-09-06 06:25:00+02:00,10.876704545454544,77.78995103447865
1888,2025-09-06 06:26:00+02:00,11.380881113111313,77.78995103447865
1889,2025-09-06 06:27:00+02:00,11.592960396039604,77.78995103447865
1890,2025-09-06 06:28:00+02:00,11.779495049504948,77.78995103447865
1891,2025-09-06 06:29:00+02:00,11.966029702970287,77.78995103447865
1892,2025-09-06 06:30:00+02:00,12.152564356435636,77.78995103447865
1893,2025-09-06 06:31:00+02:00,12.33909900990098,77.78696865866043
1894,2025-09-06 06:32:00+02:00,12.525633663366325,76.591035955555
1895,2025-09-06 06:33:00+02:00,12.712168316831672,74.44372536643803
1896,2025-09-06 06:34:00+02:00,12.915067641343567,72.29641477732105
1897,2025-09-06 06:35:00+02:00,13.559813084112143,70.14910418820408
1898,2025-09-06 06:36:00+02:00,14.38062420288946,68.00179359908711
1899,2025-09-06 06:37:00+02:00,15.045335570469796,65.85448300997012
1900,2025-09-06 06:38:00+02:00,15.677550335570466,63.70717242085314
1901,2025-09-06 06:39:00+02:00,16.84363040729112,61.559861831736136
1902,2025-09-06 06:40:00+02:00,17.71638321995464,59.41255124261914
1903,2025-09-06 06:41:00+02:00,17.929988662131496,57.1775840520725
1904,2025-09-06 06:42:00+02:00,18.14359410430836,54.09473846224287
1905,2025-09-06 06:43:00+02:00,18.35719954648524,50.79992327259247
1906,2025-09-06 06:44:00+02:00,18.57080498866211,47.50510808294206
1907,2025-09-06 06:45:00+02:00,18.78441043083899,44.21029289329166
1908,2025-09-06 06:46:00+02:00,18.99801587301587,40.91547770364126
1909,2025-09-06 06:47:00+02:00,19.533649049363337,37.6343909106144
1910,2025-09-06 06:48:00+02:00,20.89813701923077,36.2752796448836
1911,2025-09-06 06:49:00+02:00,22.1644089673913,36.2752796448836
1912,2025-09-06 06:50:00+02:00,22.58597826086956,36.2752796448836
1913,2025-09-06 06:51:00+02:00,22.912065217391294,36.2752796448836
1914,2025-09-06 06:52:00+02:00,23.23815217391304,36.2752796448836
1915,2025-09-06 06:53:00+02:00,23.564239130434785,36.2752796448836
1916,2025-09-06 06:54:00+02:00,24.952497522891893,36.2752796448836
1917,2025-09-06 06:55:00+02:00,25.23902214022139,36.2752796448836
1918,2025-09-06 06:56:00+02:00,24.89142066420662,36.2752796448836
1919,2025-09-06 06:57:00+02:00,24.543819188191872,36.2752796448836
1920,2025-09-06 06:58:00+02:00,24.19621771217712,36.2752796448836
1921,2025-09-06 06:59:00+02:00,24.120932173607443,36.2752796448836
1922,2025-09-06 07:00:00+02:00,24.539285714285697,36.2752796448836
1923,2025-09-06 07:01:00+02:00,24.96785714285713,36.2752796448836
1924,2025-09-06 07:02:00+02:00,25.35251572327044,36.2752796448836
1925,2025-09-06 07:03:00+02:00,25.18113207547171,36.2752796448836
1926,2025-09-06 07:04:00+02:00,24.841509433962283,36.2752796448836
1927,2025-09-06 07:05:00+02:00,24.501886792452847,36.2752796448836
1928,2025-09-06 07:06:00+02:00,24.1622641509434,36.2752796448836
1929,2025-09-06 07:07:00+02:00,23.07028278499777,36.7389314731179
1930,2025-09-06 07:08:00+02:00,21.799802631578952,38.75403364967471
1931,2025-09-06 07:09:00+02:00,21.20769736842106,40.893965164602264
1932,2025-09-06 07:10:00+02:00,20.660138535182043,43.03389667952983
1933,2025-09-06 07:11:00+02:00,20.313225806451605,45.173828194457414
1934,2025-09-06 07:12:00+02:00,19.990645161290317,47.31375970938499
1935,2025-09-06 07:13:00+02:00,19.668064516129014,49.45369122431255
1936,2025-09-06 07:14:00+02:00,19.345483870967733,51.59362273924013
1937,2025-09-06 07:15:00+02:00,18.70256272401433,53.73355425416771
1938,2025-09-06 07:16:00+02:00,17.71236466165413,55.873485769095325
1939,2025-09-06 07:17:00+02:00,17.151815789473673,58.35703931092689
1940,2025-09-06 07:18:00+02:00,16.656026315789468,61.24669161182679
1941,2025-09-06 07:19:00+02:00,16.145258533931727,64.13634391272669
1942,2025-09-06 07:20:00+02:00,15.463217054263568,67.02599621362658
1943,2025-09-06 07:21:00+02:00,14.722031007751935,69.91564851452647
1944,2025-09-06 07:22:00+02:00,13.630333333333333,72.80530081542636
1945,2025-09-06 07:23:00+02:00,12.58815789473684,75.69495311632625
1946,2025-09-06 07:24:00+02:00,11.799468450362182,77.71770972695616
1947,2025-09-06 07:25:00+02:00,11.324474940334134,77.78995103447865
1948,2025-09-06 07:26:00+02:00,11.099653937947506,77.78995103447865
1949,2025-09-06 07:27:00+02:00,10.87483293556087,77.78995103447865
1950,2025-09-06 07:28:00+02:00,10.65001193317423,77.78995103447865
1951,2025-09-06 07:29:00+02:00,10.4251909307876,77.78995103447865
1952,2025-09-06 07:30:00+02:00,10.20036992840096,77.78995103447865
1953,2025-09-06 07:31:00+02:00,9.982736674622116,77.78995103447865
1954,2025-09-06 07:32:00+02:00,10.275,77.78995103447865
1955,2025-09-06 07:33:00+02:00,10.875,77.7632477724356
1956,2025-09-06 07:34:00+02:00,11.530598958333334,76.38357923354468
1957,2025-09-06 07:35:00+02:00,12.472135416666667,74.24731827010066
1958,2025-09-06 07:36:00+02:00,12.75597932449495,72.11105730665666
1959,2025-09-06 07:37:00+02:00,12.05064393939394,69.97479634321266
1960,2025-09-06 07:38:00+02:00,11.506502785587834,67.83853537976864
1961,2025-09-06 07:39:00+02:00,11.517843642611677,65.70227441632463
1962,2025-09-06 07:40:00+02:00,11.572482817869403,63.56601345288063
1963,2025-09-06 07:41:00+02:00,11.627121993127128,61.42975248943665
1964,2025-09-06 07:42:00+02:00,11.681761168384854,59.293491525992664
1965,2025-09-06 07:43:00+02:00,11.736400343642588,57.364922600661295
1966,2025-09-06 07:44:00+02:00,11.791039518900329,57.03261533968112
1967,2025-09-06 07:45:00+02:00,11.845678694158062,57.03261533968112
1968,2025-09-06 07:46:00+02:00,11.9003178694158,57.03261533968112
1969,2025-09-06 07:47:00+02:00,11.95495704467354,57.03261533968112
1970,2025-09-06 07:48:00+02:00,12.10125,57.03261533968112
1971,2025-09-06 07:49:00+02:00,12.325096153846154,57.03261533968112
1972,2025-09-06 07:50:00+02:00,12.548942307692307,57.03261533968112
1973,2025-09-06 07:51:00+02:00,12.77278846153846,57.03261533968112
1974,2025-09-06 07:52:00+02:00,13.253964216163585,57.03261533968112
1975,2025-09-06 07:53:00+02:00,14.491736701943696,53.674811036110945
1976,2025-09-06 07:54:00+02:00,16.025545147020555,41.87162015083391
1977,2025-09-06 07:55:00+02:00,17.471832090265824,36.2752796448836
1978,2025-09-06 07:56:00+02:00,18.63457831325301,36.2752796448836
1979,2025-09-06 07:57:00+02:00,19.61113534495123,36.2752796448836
1980,2025-09-06 07:58:00+02:00,20.45389377934272,36.2752796448836
1981,2025-09-06 07:59:00+02:00,21.572887323943657,36.2752796448836
1982,2025-09-06 08:00:00+02:00,22.233411098502557,36.2752796448836
1983,2025-09-06 08:01:00+02:00,21.821943127962097,36.2752796448836
1984,2025-09-06 08:02:00+02:00,21.395402843601897,36.2752796448836
1985,2025-09-06 08:03:00+02:00,20.899412848867826,36.2752796448836
1986,2025-09-06 08:04:00+02:00,19.28941919191919,36.2752796448836
1987,2025-09-06 08:05:00+02:00,17.75403759820426,36.2752796448836
1988,2025-09-06 08:06:00+02:00,16.828749999999996,36.2752796448836
1989,2025-09-06 08:07:00+02:00,16.35165895061728,36.2752796448836
1990,2025-09-06 08:08:00+02:00,16.57799999999999,36.2752796448836
1991,2025-09-06 08:09:00+02:00,16.817999999999987,36.2752796448836
1992,2025-09-06 08:10:00+02:00,17.05799999999998,36.2752796448836
1993,2025-09-06 08:11:00+02:00,17.297999999999977,36.2752796448836
1994,2025-09-06 08:12:00+02:00,17.537999999999986,36.2752796448836
1995,2025-09-06 08:13:00+02:00,17.966740740740736,36.2752796448836
1996,2025-09-06 08:14:00+02:00,19.02753891572732,35.12676309496903
1997,2025-09-06 08:15:00+02:00,20.14673913043478,30.35061500325115
1998,2025-09-06 08:16:00+02:00,21.28520652173913,25.308347223138412
1999,2025-09-06 08:17:00+02:00,22.444055555555558,20.26607944302569
2000,2025-09-06 08:18:00+02:00,23.471666666666664,15.223811662912894
2001,2025-09-06 08:19:00+02:00,24.230233494363933,10.181543882800057
2002,2025-09-06 08:20:00+02:00,24.686062801932376,5.139276102687248
2003,2025-09-06 08:21:00+02:00,25.14113526570049,0.09700832257449576
2004,2025-09-06 08:22:00+02:00,25.703826949620435,-4.663087876200777
2005,2025-09-06 08:23:00+02:00,26.880201542588864,-7.2544939212682635
2006,2025-09-06 08:24:00+02:00,27.431443661971823,-9.394425436195831
2007,2025-09-06 08:25:00+02:00,27.74834507042252,-11.534356951123428
2008,2025-09-06 08:26:00+02:00,28.06524647887323,-13.674288466050982
2009,2025-09-06 08:27:00+02:00,28.38214788732394,-15.81421998097855
2010,2025-09-06 08:28:00+02:00,29.009924882629107,-17.95415149590613
2011,2025-09-06 08:29:00+02:00,31.39367567567568,-20.0940830108337
2012,2025-09-06 08:30:00+02:00,33.0350731981982,-22.234014525761268
2013,2025-09-06 08:31:00+02:00,32.24152777777777,-24.37394604068885
2014,2025-09-06 08:32:00+02:00,30.36108950617284,-20.564230216182906
2015,2025-09-06 08:33:00+02:00,26.65548560020122,2.664891715227938
2016,2025-09-06 08:34:00+02:00,21.594146776825784,27.06624244947136
2017,2025-09-06 08:35:00+02:00,19.026897974493625,33.14549072729716
2018,2025-09-06 08:36:00+02:00,19.535806451612903,28.82854049614346
2019,2025-09-06 08:37:00+02:00,20.182403560830853,24.511590264989778
2020,2025-09-06 08:38:00+02:00,20.449465875370905,20.194640033836052
2021,2025-09-06 08:39:00+02:00,20.716528189910967,15.877689802682312
2022,2025-09-06 08:40:00+02:00,20.98359050445103,11.560739571528586
2023,2025-09-06 08:41:00+02:00,21.25065281899109,7.243789340374889
2024,2025-09-06 08:42:00+02:00,21.63616088876022,2.9268391092211488
2025,2025-09-06 08:43:00+02:00,23.57425685975609,-1.390111121932648
2026,2025-09-06 08:44:00+02:00,26.90190025252525,-5.30559798445131
2027,2025-09-06 08:45:00+02:00,31.006154714850368,-7.61523137242925
2028,2025-09-06 08:46:00+02:00,33.09379407979407,-9.758846074129508
2029,2025-09-06 08:47:00+02:00,32.554932432432416,-11.902460775829766
2030,2025-09-06 08:48:00+02:00,31.860168918918912,-14.04607547753001
2031,2025-09-06 08:49:00+02:00,29.52019500145307,-16.18969017923027
2032,2025-09-06 08:50:00+02:00,27.48997260132341,-18.333304880930527
2033,2025-09-06 08:51:00+02:00,28.241524390243907,-20.476919582630785
2034,2025-09-06 08:52:00+02:00,30.483002636783123,-22.620534284331043
2035,2025-09-06 08:53:00+02:00,33.12263090676884,-24.7641489860313
2036,2025-09-06 08:54:00+02:00,34.560287356321844,-27.36036579784208
2037,2025-09-06 08:55:00+02:00,33.91103448275862,-30.559072431553204
2038,2025-09-06 08:56:00+02:00,32.99826149425287,-33.76071804000526
2039,2025-09-06 08:57:00+02:00,30.39586206896552,-36.96236364845731
2040,2025-09-06 08:58:00+02:00,29.02343251761216,-40.164009256909395
2041,2025-09-06 08:59:00+02:00,31.02778972520908,-43.36565486536145
2042,2025-09-06 09:00:00+02:00,37.86997222222222,-46.11931152620474
2043,2025-09-06 09:01:00+02:00,43.437697344322345,-44.917288583993695
2044,2025-09-06 09:02:00+02:00,43.64415384615385,-42.77735706906611
2045,2025-09-06 09:03:00+02:00,41.46020526960785,-40.63742555413853
2046,2025-09-06 09:04:00+02:00,39.70475260416666,-38.49749403921098
2047,2025-09-06 09:05:00+02:00,39.24376953124999,-36.357562524283395
2048,2025-09-06 09:06:00+02:00,38.87580078124997,-34.21763100935581
2049,2025-09-06 09:07:00+02:00,38.50783203124997,-32.07769949442826
2050,2025-09-06 09:08:00+02:00,37.96576612285539,-29.937767979500677
2051,2025-09-06 09:09:00+02:00,36.87988922841863,-27.79783646457311
2052,2025-09-06 09:10:00+02:00,37.42305194805194,-28.951005360358977
2053,2025-09-06 09:11:00+02:00,38.08327662337663,-38.81237530632467
2054,2025-09-06 09:12:00+02:00,39.66590769230769,-49.13370244738425
2055,2025-09-06 09:13:00+02:00,41.44839743589744,-59.455029588443836
2056,2025-09-06 09:14:00+02:00,43.42524132730015,-69.7763567295033
2057,2025-09-06 09:15:00+02:00,46.08511859582543,-80.09768387056275
2058,2025-09-06 09:16:00+02:00,49.48392473118279,-86.48199061885433
2059,2025-09-06 09:17:00+02:00,52.93275793650793,-80.41932186620505
2060,2025-09-06 09:18:00+02:00,55.28174783549783,-73.44206617047482
2061,2025-09-06 09:19:00+02:00,54.65564285714285,-66.46481047474458
2062,2025-09-06 09:20:00+02:00,51.52942606516291,-59.487554779014346
2063,2025-09-06 09:21:00+02:00,46.45173902894491,-52.51029908328405
2064,2025-09-06 09:22:00+02:00,42.92613924050633,-45.94274964716439
2065,2025-09-06 09:23:00+02:00,41.69891637897968,-40.669272421278464
2066,2025-09-06 09:24:00+02:00,42.28732323232322,-35.490727133595016
2067,2025-09-06 09:25:00+02:00,43.90081470672345,-30.31218184591168
2068,2025-09-06 09:26:00+02:00,43.7978488372093,-25.133636558228332
2069,2025-09-06 09:27:00+02:00,40.71351155869324,-19.955091270544983
2070,2025-09-06 09:28:00+02:00,37.64422077922078,-14.776545982861634
2071,2025-09-06 09:29:00+02:00,35.40152867965368,-9.598000695178285
2072,2025-09-06 09:30:00+02:00,31.717223118279566,-9.967896787155667
2073,2025-09-06 09:31:00+02:00,31.719265704584043,-25.322787968898638
2074,2025-09-06 09:32:00+02:00,35.88411306042885,-41.213157453438754
2075,2025-09-06 09:33:00+02:00,37.70187969924812,-41.490595868840046
2076,2025-09-06 09:34:00+02:00,38.37857142857143,-32.59459485678397
2077,2025-09-06 09:35:00+02:00,37.83808673469388,-23.698593844727924
2078,2025-09-06 09:36:00+02:00,34.98890884652981,-14.802592832671834
2079,2025-09-06 09:37:00+02:00,30.983354978354978,-6.70970302309297
2080,2025-09-06 09:38:00+02:00,28.06700564971751,-5.239391744711469
2081,2025-09-06 09:39:00+02:00,27.54204724409449,-5.239391744711469
2082,2025-09-06 09:40:00+02:00,28.25070866141733,-5.239391744711469
2083,2025-09-06 09:41:00+02:00,28.422047244094497,-5.239391744711469
2084,2025-09-06 09:42:00+02:00,27.716000000000008,-5.239391744711469
2085,2025-09-06 09:43:00+02:00,26.437319515306125,-5.239391744711469
2086,2025-09-06 09:44:00+02:00,24.52926779313876,-5.239391744711469
2087,2025-09-06 09:45:00+02:00,25.155967741935488,-5.239391744711469
2088,2025-09-06 09:46:00+02:00,27.211792114695346,-5.239391744711469
2089,2025-09-06 09:47:00+02:00,30.07137387387387,-3.8628526407406696
2090,2025-09-06 09:48:00+02:00,29.433756127450977,1.1844574071522231
2091,2025-09-06 09:49:00+02:00,27.59751436781609,6.42841589846951
2092,2025-09-06 09:50:00+02:00,24.404525041050903,11.672374389786796
2093,2025-09-06 09:51:00+02:00,23.38022471910112,16.91633288110407
2094,2025-09-06 09:52:00+02:00,24.12848732773353,22.160291372421355
2095,2025-09-06 09:53:00+02:00,23.43436893203884,27.404249863738613
2096,2025-09-06 09:54:00+02:00,21.72206373606616,32.64820835505584
2097,2025-09-06 09:55:00+02:00,18.29398809523809,36.180597061012584
2098,2025-09-06 09:56:00+02:00,16.164494047619048,36.2752796448836
2099,2025-09-06 09:57:00+02:00,14.626009615384618,36.2752796448836
2100,2025-09-06 09:58:00+02:00,13.88469137136272,36.2752796448836
2101,2025-09-06 09:59:00+02:00,14.476207865168549,36.2752796448836
2102,2025-09-06 10:00:00+02:00,15.10654494382023,36.2752796448836
2103,2025-09-06 10:01:00+02:00,15.39989014612017,36.2752796448836
2104,2025-09-06 10:02:00+02:00,15.142830985915497,36.2752796448836
2105,2025-09-06 10:03:00+02:00,14.87747887323944,36.2752796448836
2106,2025-09-06 10:04:00+02:00,14.612126760563385,36.236641992530735
2107,2025-09-06 10:05:00+02:00,14.34677464788733,34.7951603470587
2108,2025-09-06 10:06:00+02:00,14.081422535211273,32.6552288321311
2109,2025-09-06 10:07:00+02:00,14.106595201916898,30.515297317203547
2110,2025-09-06 10:08:00+02:00,14.496535269709549,28.37536580227598
2111,2025-09-06 10:09:00+02:00,14.88740663900415,26.235434287348383
2112,2025-09-06 10:10:00+02:00,15.278278008298756,24.09550277242083
2113,2025-09-06 10:11:00+02:00,16.113546511627906,21.955571257493247
2114,2025-09-06 10:12:00+02:00,17.564753796867585,19.815639742565693
2115,2025-09-06 10:13:00+02:00,19.751498144712432,17.675708227638083
2116,2025-09-06 10:14:00+02:00,22.46125,13.936442094378009
2117,2025-09-06 10:15:00+02:00,24.90665071321321,0.25938165313976924
2118,2025-09-06 10:16:00+02:00,30.14420022295022,-15.82425829106515
2119,2025-09-06 10:17:00+02:00,34.051048741048746,-32.32015420746052
2120,2025-09-06 10:18:00+02:00,37.77380235042735,-51.662737717761644
2121,2025-09-06 10:19:00+02:00,45.703755341880345,-82.89837732379408
2122,2025-09-06 10:20:00+02:00,59.501488095238095,-135.68052453954851
2123,2025-09-06 10:21:00+02:00,75.57875,-198.26999526517662
2124,2025-09-06 10:22:00+02:00,88.96228703703703,-252.3275162016109
2125,2025-09-06 10:23:00+02:00,99.56065962098168,-287.90387924802917
2126,2025-09-06 10:24:00+02:00,97.4146852300242,-265.2715922675196
2127,2025-09-06 10:25:00+02:00,89.28099404761905,-263.40875444875576
2128,2025-09-06 10:26:00+02:00,87.74137387387385,-275.3841404265237
2129,2025-09-06 10:27:00+02:00,91.26433652402402,-287.3595264042915
2130,2025-09-06 10:28:00+02:00,104.44716132478634,-293.85800796639114
2131,2025-09-06 10:29:00+02:00,105.85503418803415,-287.45820936673556
2132,2025-09-06 10:30:00+02:00,105.35433333333332,-280.5198241762738
2133,2025-09-06 10:31:00+02:00,107.0321875,-273.5814389858124
2134,2025-09-06 10:32:00+02:00,106.0003125,-266.64305379535085
2135,2025-09-06 10:33:00+02:00,101.24004301619432,-259.70466860488943
2136,2025-09-06 10:34:00+02:00,91.98364886039884,-242.69931726535825
2137,2025-09-06 10:35:00+02:00,81.98826388888888,-203.46801631644925
2138,2025-09-06 10:36:00+02:00,75.0270596995597,-176.64597420779305
2139,2025-09-06 10:37:00+02:00,74.52333333333334,-178.62080406208983
2140,2025-09-06 10:38:00+02:00,74.46850649350648,-185.53991596035567
2141,2025-09-06 10:39:00+02:00,72.23788741451784,-192.45902785862145
2142,2025-09-06 10:40:00+02:00,70.91214285714288,-199.3781397568873
2143,2025-09-06 10:41:00+02:00,73.54227002164502,-206.29725165515308
2144,2025-09-06 10:42:00+02:00,82.16737001424501,-215.630780377979
2145,2025-09-06 10:43:00+02:00,88.36929050925926,-236.56213277592363
2146,2025-09-06 10:44:00+02:00,97.16632264957263,-264.7145880671477
2147,2025-09-06 10:45:00+02:00,102.97461013645226,-282.4441747961439
2148,2025-09-06 10:46:00+02:00,92.9728313840156,-243.73799767706228
2149,2025-09-06 10:47:00+02:00,86.75592505720824,-216.07503899946434
2150,2025-09-06 10:48:00+02:00,84.43914402173912,-197.75350514940234
2151,2025-09-06 10:49:00+02:00,81.0791087962963,-181.47324185936506
2152,2025-09-06 10:50:00+02:00,70.9439227582846,-155.00806768685106
2153,2025-09-06 10:51:00+02:00,63.59108894328846,-137.25434663082197
2154,2025-09-06 10:52:00+02:00,62.76056489629164,-152.03228668815981
2155,2025-09-06 10:53:00+02:00,68.94944444444444,-167.84382077123215
2156,2025-09-06 10:54:00+02:00,82.22810185185186,-211.73431215238313
2157,2025-09-06 10:55:00+02:00,93.42980555555556,-250.5466674492836
2158,2025-09-06 10:56:00+02:00,96.49576388888887,-245.22923722904275
2159,2025-09-06 10:57:00+02:00,95.86983333333332,-237.14196358171918
2160,2025-09-06 10:58:00+02:00,94.54411111111112,-229.05468993439544
2161,2025-09-06 10:59:00+02:00,90.05888541666667,-220.9674162870716
2162,2025-09-06 11:00:00+02:00,83.10336805555555,-209.22687229406253
2163,2025-09-06 11:01:00+02:00,73.52557407407407,-174.60145153346176
2164,2025-09-06 11:02:00+02:00,63.79735576923077,-134.7550805794305
2165,2025-09-06 11:03:00+02:00,55.50110735735735,-100.75198555264515
2166,2025-09-06 11:04:00+02:00,53.44241068185121,-104.05850270199542
2167,2025-09-06 11:05:00+02:00,58.29082375841751,-125.30480627953466
2168,2025-09-06 11:06:00+02:00,63.53443540669857,-145.81549445825897
2169,2025-09-06 11:07:00+02:00,68.41284151034151,-166.16780896876773
2170,2025-09-06 11:08:00+02:00,73.2773139287613,-188.8923904158248
2171,2025-09-06 11:09:00+02:00,80.49355911680912,-215.4274642941339
2172,2025-09-06 11:10:00+02:00,91.7984837962963,-257.31047115540207
2173,2025-09-06 11:11:00+02:00,97.95618055555556,-288.2400542433925
2174,2025-09-06 11:12:00+02:00,95.82234953703704,-268.14558848200693
2175,2025-09-06 11:13:00+02:00,92.34009377758164,-250.17595294332247
2176,2025-09-06 11:14:00+02:00,91.55177184466017,-242.9560100929581
2177,2025-09-06 11:15:00+02:00,91.09449029126208,-235.7360672425937
2178,2025-09-06 11:16:00+02:00,90.63720873786406,-228.51612439222927
2179,2025-09-06 11:17:00+02:00,89.0047997997998,-221.29618154186485
2180,2025-09-06 11:18:00+02:00,85.23744658119658,-214.16053473857468
2181,2025-09-06 11:19:00+02:00,81.27521781086297,-208.1739761559261
2182,2025-09-06 11:20:00+02:00,79.12947470172338,-202.5512215659132
2183,2025-09-06 11:21:00+02:00,78.78160958904115,-196.9284669759003
2184,2025-09-06 11:22:00+02:00,78.47339041095898,-191.30571238588735
2185,2025-09-06 11:23:00+02:00,78.16517123287676,-185.6829577958745
2186,2025-09-06 11:24:00+02:00,77.85695205479453,-180.0602032058616
2187,2025-09-06 11:25:00+02:00,76.53327272727273,-174.43744861584875
2188,2025-09-06 11:26:00+02:00,73.0018765873016,-163.36633022566534
2189,2025-09-06 11:27:00+02:00,68.48088421052631,-145.4634076973366
2190,2025-09-06 11:28:00+02:00,63.38483913043478,-132.28587084465494
2191,2025-09-06 11:29:00+02:00,59.003412698412696,-135.8638375816698
2192,2025-09-06 11:30:00+02:00,56.53999084249083,-140.89591896222694
2193,2025-09-06 11:31:00+02:00,55.45350596212297,-145.92800034278406
2194,2025-09-06 11:32:00+02:00,55.4195744680851,-150.96008172334092
2195,2025-09-06 11:33:00+02:00,56.05787234042552,-155.99216310389772
2196,2025-09-06 11:34:00+02:00,57.44852504432624,-161.02424448445467
2197,2025-09-06 11:35:00+02:00,62.24652777777777,-166.05632586501153
2198,2025-09-06 11:36:00+02:00,69.92032814407814,-174.43686935825255
2199,2025-09-06 11:37:00+02:00,79.17249465811966,-206.72119495409655
2200,2025-09-06 11:38:00+02:00,88.21763162878788,-241.12754611553677
2201,2025-09-06 11:39:00+02:00,96.36704586732712,-273.03464854796346
2202,2025-09-06 11:40:00+02:00,105.4276208097458,-304.3679074732245
2203,2025-09-06 11:41:00+02:00,113.91384615384614,-336.58291482021855
2204,2025-09-06 11:42:00+02:00,123.42031342409602,-365.7489806509076
2205,2025-09-06 11:43:00+02:00,132.81062500000002,-395.73676950308993
2206,2025-09-06 11:44:00+02:00,140.53596590909092,-427.61918408910606
2207,2025-09-06 11:45:00+02:00,146.12932043650792,-460.95295348254945
2208,2025-09-06 11:46:00+02:00,153.23215277777777,-490.2929948196928
2209,2025-09-06 11:47:00+02:00,161.16910515873016,-507.06200739326266
2210,2025-09-06 11:48:00+02:00,165.64315891472867,-513.7941162672513
2211,2025-09-06 11:49:00+02:00,162.50091246770026,-520.5262251412399
2212,2025-09-06 11:50:00+02:00,160.41457446808514,-527.2583340152283
2213,2025-09-06 11:51:00+02:00,161.4560227696902,-533.9904428892163
2214,2025-09-06 11:52:00+02:00,164.2907906920078,-540.7225517632047
2215,2025-09-06 11:53:00+02:00,186.32503968253968,-587.839522088445
2216,2025-09-06 11:54:00+02:00,228.06935714285717,-724.4313614751624
2217,2025-09-06 11:55:00+02:00,227.4146111111111,-720.9657183308108
2218,2025-09-06 11:56:00+02:00,201.45599603174605,-651.5158935513697
2219,2025-09-06 11:57:00+02:00,171.27692460317462,-549.5222684800226
2220,2025-09-06 11:58:00+02:00,148.0257242063492,-457.1933098280441
2221,2025-09-06 11:59:00+02:00,134.3493304843305,-400.765481186294
2222,2025-09-06 12:00:00+02:00,122.85043287037035,-355.8682228909307
2223,2025-09-06 12:01:00+02:00,111.56545548433049,-313.4558982028217
2224,2025-09-06 12:02:00+02:00,104.4054544595616,-305.72058255554543
2225,2025-09-06 12:03:00+02:00,104.23654620181408,-320.72588546744714
2226,2025-09-06 12:04:00+02:00,115.26198743386242,-340.53106175004007
2227,2025-09-06 12:05:00+02:00,140.0872222222222,-410.40384524576814
2228,2025-09-06 12:06:00+02:00,158.3130736714976,-481.3896088770392
2229,2025-09-06 12:07:00+02:00,193.022662037037,-581.9805924987206
2230,2025-09-06 12:08:00+02:00,196.81446794871795,-592.0359927329945
2231,2025-09-06 12:09:00+02:00,171.68081196581196,-535.2433631518751
2232,2025-09-06 12:10:00+02:00,172.74709307992202,-516.7923980898329
2233,2025-09-06 12:11:00+02:00,161.9134074074074,-490.5327210283192
2234,2025-09-06 12:12:00+02:00,146.30716666666666,-441.2482966026438
2235,2025-09-06 12:13:00+02:00,138.09431597222223,-437.1649519939566
2236,2025-09-06 12:14:00+02:00,146.77376273148147,-457.48663990256716
2237,2025-09-06 12:15:00+02:00,147.81261616161615,-471.2223583376433
2238,2025-09-06 12:16:00+02:00,143.71030555555552,-482.7542115014197
2239,2025-09-06 12:17:00+02:00,149.35826785714286,-494.286064665196
2240,2025-09-06 12:18:00+02:00,164.48023148148147,-521.3452189418452
2241,2025-09-06 12:19:00+02:00,189.64763888888888,-603.9199840703035
2242,2025-09-06 12:20:00+02:00,243.7509477124183,-763.5411076427514
2243,2025-09-06 12:21:00+02:00,254.81435151143796,-823.7538552336126
2244,2025-09-06 12:22:00+02:00,264.1722398589065,-812.435124589209
2245,2025-09-06 12:23:00+02:00,235.78939407814408,-734.816660154082
2246,2025-09-06 12:24:00+02:00,218.0665211640212,-669.1205630085883
2247,2025-09-06 12:25:00+02:00,189.6128125,-586.9655996894876
2248,2025-09-06 12:26:00+02:00,188.9884375,-572.4605471838785
2249,2025-09-06 12:27:00+02:00,183.54382275132275,-539.830037329153
2250,2025-09-06 12:28:00+02:00,165.04644973544973,-479.79224222939
2251,2025-09-06 12:29:00+02:00,157.32219025875193,-453.84427687474215
2252,2025-09-06 12:30:00+02:00,156.603493150685,-442.4703943022505
2253,2025-09-06 12:31:00+02:00,155.56278662480975,-431.0965117297586
2254,2025-09-06 12:32:00+02:00,148.6488653846154,-415.53081875961004
2255,2025-09-06 12:33:00+02:00,136.848544973545,-378.0487773012899
2256,2025-09-06 12:34:00+02:00,120.51007936507936,-326.36363179276555
2257,2025-09-06 12:35:00+02:00,107.80109788359788,-276.6157933035041
2258,2025-09-06 12:36:00+02:00,91.35620634920636,-225.51960419233987
2259,2025-09-06 12:37:00+02:00,83.89526133040935,-201.4803654214729
2260,2025-09-06 12:38:00+02:00,82.26749999999998,-188.01614767349602
2261,2025-09-06 12:39:00+02:00,80.16877214452215,-177.00983446433239
2262,2025-09-06 12:40:00+02:00,82.49980814143395,-200.37066581587985
2263,2025-09-06 12:41:00+02:00,85.62165605095544,-209.3108998835401
2264,2025-09-06 12:42:00+02:00,86.30955414012742,-203.22072804154587
2265,2025-09-06 12:43:00+02:00,89.1806574368955,-197.13055619955142
2266,2025-09-06 12:44:00+02:00,94.60117389060888,-191.04038435755703
2267,2025-09-06 12:45:00+02:00,92.5994012605042,-184.95021251556258
2268,2025-09-06 12:46:00+02:00,89.34554868742369,-178.86004067356808
2269,2025-09-06 12:47:00+02:00,81.21260185185186,-172.17451549445568
2270,2025-09-06 12:48:00+02:00,70.51249515013495,-153.1354085701438
2271,2025-09-06 12:49:00+02:00,65.90057945041816,-134.37788406313695
2272,2025-09-06 12:50:00+02:00,66.41278103616814,-141.3830935076482
2273,2025-09-06 12:51:00+02:00,68.5360386119257,-151.8489770512435
2274,2025-09-06 12:52:00+02:00,70.44089887640448,-162.31486059483885
2275,2025-09-06 12:53:00+02:00,71.66617607924304,-172.13534798657926
2276,2025-09-06 12:54:00+02:00,73.90645263751595,-179.66206256834832
2277,2025-09-06 12:55:00+02:00,74.88375634517767,-186.98818104886502
2278,2025-09-06 12:56:00+02:00,75.3832487309645,-194.31429952938183
2279,2025-09-06 12:57:00+02:00,75.8827411167513,-201.64041800989858
2280,2025-09-06 12:58:00+02:00,80.37967113095239,-208.96653649041534
2281,2025-09-06 12:59:00+02:00,85.22606462585034,-217.2275551650878
2282,2025-09-06 13:00:00+02:00,82.99691216931218,-226.5218845806688
2283,2025-09-06 13:01:00+02:00,80.1088362745098,-235.81621399624973
2284,2025-09-06 13:02:00+02:00,81.20214679759052,-245.11054341183055
2285,2025-09-06 13:03:00+02:00,94.92625,-262.6672583152332
2286,2025-09-06 13:04:00+02:00,114.21061507936508,-321.96600589232185
2287,2025-09-06 13:05:00+02:00,144.05631944444443,-412.10828104301913
2288,2025-09-06 13:06:00+02:00,149.06030753968255,-433.8346435002268
2289,2025-09-06 13:07:00+02:00,147.011,-449.0732100278543
2290,2025-09-06 13:08:00+02:00,170.52466865079364,-500.34763630613566
2291,2025-09-06 13:09:00+02:00,182.43165173237756,-532.5323835331149
2292,2025-09-06 13:10:00+02:00,172.08169312169312,-506.21380530460556
2293,2025-09-06 13:11:00+02:00,178.1333043345543,-509.3408580774096
2294,2025-09-06 13:12:00+02:00,178.9498901098901,-513.7573124805579
2295,2025-09-06 13:13:00+02:00,174.79550010442776,-518.1737668837062
2296,2025-09-06 13:14:00+02:00,170.91928205128204,-522.5902212868546
2297,2025-09-06 13:15:00+02:00,166.36111698717949,-527.0066756900029
2298,2025-09-06 13:16:00+02:00,166.976494047619,-531.4231300931513
2299,2025-09-06 13:17:00+02:00,170.5575920168067,-535.8395844962996
2300,2025-09-06 13:18:00+02:00,174.9087730994152,-540.2560388994481
2301,2025-09-06 13:19:00+02:00,184.66031415343917,-551.810894429908
2302,2025-09-06 13:20:00+02:00,209.489125,-624.2223240253426
2303,2025-09-06 13:21:00+02:00,227.671450094162,-664.3178005882289
2304,2025-09-06 13:22:00+02:00,227.7276490897677,-650.3041239542134
2305,2025-09-06 13:23:00+02:00,219.75782407407405,-635.6518869931799
2306,2025-09-06 13:24:00+02:00,210.26908653846155,-616.6911946400331
2307,2025-09-06 13:25:00+02:00,202.93560294117648,-592.7422234944189
2308,2025-09-06 13:26:00+02:00,194.99918091168087,-562.6831042852609
2309,2025-09-06 13:27:00+02:00,177.96753472222224,-518.1500665041224
2310,2025-09-06 13:28:00+02:00,162.9851666666667,-478.3449001131487
2311,2025-09-06 13:29:00+02:00,153.98132936507935,-437.8388225546007
2312,2025-09-06 13:30:00+02:00,153.228979958577,-410.3258018376622
2313,2025-09-06 13:31:00+02:00,150.67419468810917,-395.04432770652284
2314,2025-09-06 13:32:00+02:00,140.29543625356126,-377.97599952438884
2315,2025-09-06 13:33:00+02:00,130.9512678062678,-347.0773239118944
2316,2025-09-06 13:34:00+02:00,119.70538746438746,-310.5971522770566
2317,2025-09-06 13:35:00+02:00,112.79931643625191,-299.87034154963453
2318,2025-09-06 13:36:00+02:00,110.2096899641577,-305.5572828358803
2319,2025-09-06 13:37:00+02:00,110.17061904761904,-311.2442241221262
2320,2025-09-06 13:38:00+02:00,111.24622580645162,-316.93116540837207
2321,2025-09-06 13:39:00+02:00,114.13804883512545,-322.61810669461795
2322,2025-09-06 13:40:00+02:00,117.38016129032258,-328.30504798086383
2323,2025-09-06 13:41:00+02:00,120.66018631100084,-333.9919892671097
2324,2025-09-06 13:42:00+02:00,125.06621111111112,-335.72473481065856
2325,2025-09-06 13:43:00+02:00,129.39242702702705,-331.094113192643
2326,2025-09-06 13:44:00+02:00,129.86580645161288,-326.3675851406965
2327,2025-09-06 13:45:00+02:00,128.70736486486484,-321.64105708875013
2328,2025-09-06 13:46:00+02:00,126.26920884260056,-316.91452903680363
2329,2025-09-06 13:47:00+02:00,125.19006369426752,-312.18800098485724
2330,2025-09-06 13:48:00+02:00,124.5327388535032,-307.46147293291085
2331,2025-09-06 13:49:00+02:00,122.74110346527146,-302.7349448809648
2332,2025-09-06 13:50:00+02:00,118.45212703962704,-298.00841682901876
2333,2025-09-06 13:51:00+02:00,108.2449537037037,-272.51185209822745
2334,2025-09-06 13:52:00+02:00,86.69204761904763,-226.19171506194877
2335,2025-09-06 13:53:00+02:00,85.34240343915344,-238.25066008336992
2336,2025-09-06 13:54:00+02:00,104.84343915343916,-250.441524738241
2337,2025-09-06 13:55:00+02:00,108.667882751938,-238.6556316327095
2338,2025-09-06 13:56:00+02:00,102.3347435897436,-226.20123021583103
2339,2025-09-06 13:57:00+02:00,93.6533173076923,-212.66656549522835
2340,2025-09-06 13:58:00+02:00,86.37328947368421,-190.22388337776013
2341,2025-09-06 13:59:00+02:00,81.88696575342466,-168.7905118807682
2342,2025-09-06 14:00:00+02:00,80.20827829419439,-155.322536218614
2343,2025-09-06 14:01:00+02:00,76.06799198833573,-142.28127819046895
2344,2025-09-06 14:02:00+02:00,67.10701923076923,-124.98503343280211
2345,2025-09-06 14:03:00+02:00,52.76726851851851,-94.07414435113262
2346,2025-09-06 14:04:00+02:00,45.162123263888894,-97.77962077870859
2347,2025-09-06 14:05:00+02:00,45.9596342737722,-106.1103240675906
2348,2025-09-06 14:06:00+02:00,48.44399990761272,-114.44102735647255
2349,2025-09-06 14:07:00+02:00,54.6892297979798,-122.77173064535441
2350,2025-09-06 14:08:00+02:00,64.57324705387207,-132.54859718589063
2351,2025-09-06 14:09:00+02:00,71.85544041647667,-147.1645484531163
2352,2025-09-06 14:10:00+02:00,74.44307170542636,-162.1698513650181
2353,2025-09-06 14:11:00+02:00,78.02266741071428,-169.78840635466955
2354,2025-09-06 14:12:00+02:00,80.56883333333333,-165.58070589241927
2355,2025-09-06 14:13:00+02:00,82.26415511551154,-161.2107404829881
2356,2025-09-06 14:14:00+02:00,83.19787997220773,-156.84077507355687
2357,2025-09-06 14:15:00+02:00,83.15776315789476,-152.47080966412574
2358,2025-09-06 14:16:00+02:00,82.51039473684214,-148.10084425469478
2359,2025-09-06 14:17:00+02:00,81.66279135338345,-143.7308788452638
2360,2025-09-06 14:18:00+02:00,79.52391046741276,-139.36091343583283
2361,2025-09-06 14:19:00+02:00,76.27589989143921,-134.99094802640187
2362,2025-09-06 14:20:00+02:00,70.32018079278812,-130.82734209463842
2363,2025-09-06 14:21:00+02:00,66.48100960855356,-129.78340591349664
2364,2025-09-06 14:22:00+02:00,68.82967147435896,-129.78340591349664
2365,2025-09-06 14:23:00+02:00,69.11998931623928,-129.78340591349664
2366,2025-09-06 14:24:00+02:00,69.3212713675213,-129.78340591349664
2367,2025-09-06 14:25:00+02:00,69.52255341880333,-129.78340591349664
2368,2025-09-06 14:26:00+02:00,69.72383547008535,-129.78340591349664
2369,2025-09-06 14:27:00+02:00,69.9251175213674,-129.78340591349664
2370,2025-09-06 14:28:00+02:00,70.1263995726495,-129.78340591349664
2371,2025-09-06 14:29:00+02:00,70.32768162393161,-129.78340591349664
2372,2025-09-06 14:30:00+02:00,71.30591262595524,-133.46760835283303
2373,2025-09-06 14:31:00+02:00,72.71252688172042,-148.78849898470745
2374,2025-09-06 14:32:00+02:00,74.42959901433692,-165.02198578861257
2375,2025-09-06 14:33:00+02:00,80.06511103479853,-187.59146983771765
2376,2025-09-06 14:34:00+02:00,89.89892094017095,-217.66013312430883
2377,2025-09-06 14:35:00+02:00,102.6704398148148,-251.67010982608488
2378,2025-09-06 14:36:00+02:00,109.07994565217392,-251.95566265323706
2379,2025-09-06 14:37:00+02:00,111.17359860248446,-249.81573113830947
2380,2025-09-06 14:38:00+02:00,111.880248015873,-247.6757996233819
2381,2025-09-06 14:39:00+02:00,111.18357142857144,-245.5358681084543
2382,2025-09-06 14:40:00+02:00,109.90829781105992,-243.39593659352673
2383,2025-09-06 14:41:00+02:00,107.58401785714284,-241.25600507859915
2384,2025-09-06 14:42:00+02:00,105.81095547309832,-239.11607356367162
2385,2025-09-06 14:43:00+02:00,104.51378787878788,-236.97614204874404
2386,2025-09-06 14:44:00+02:00,102.58773737373735,-234.83621053381646
2387,2025-09-06 14:45:00+02:00,98.41904616013072,-228.82211133873878
2388,2025-09-06 14:46:00+02:00,95.82413793103446,-217.53749120111368
2389,2025-09-06 14:47:00+02:00,93.34445945945946,-218.94391902246687
2390,2025-09-06 14:48:00+02:00,92.4432380952381,-227.80826166793204
2391,2025-09-06 14:49:00+02:00,93.42690929705216,-236.67260431339704
2392,2025-09-06 14:50:00+02:00,95.71888274754347,-245.53694695886216
2393,2025-09-06 14:51:00+02:00,101.72542906746033,-252.78880445192786
2394,2025-09-06 14:52:00+02:00,106.335843837535,-249.53726569117484
2395,2025-09-06 14:53:00+02:00,107.9888900560224,-244.35872040349156
2396,2025-09-06 14:54:00+02:00,106.55854779411766,-239.1801751158084
2397,2025-09-06 14:55:00+02:00,104.94306966726084,-234.00162982812512
2398,2025-09-06 14:56:00+02:00,102.18675757575755,-228.82308454044144
2399,2025-09-06 14:57:00+02:00,99.1642101042502,-223.64453925275805
2400,2025-09-06 14:58:00+02:00,96.94455426356588,-218.4659939650745
2401,2025-09-06 14:59:00+02:00,94.5789537037037,-213.11733221383432
2402,2025-09-06 15:00:00+02:00,91.6151388888889,-206.2546339369391
2403,2025-09-06 15:01:00+02:00,89.23547297297297,-199.03469108657472
2404,2025-09-06 15:02:00+02:00,87.93542792792793,-191.8147482362103
2405,2025-09-06 15:03:00+02:00,86.64874155405404,-184.5948053858459
2406,2025-09-06 15:04:00+02:00,84.68302526595745,-177.37486253548164
2407,2025-09-06 15:05:00+02:00,82.80180360065468,-171.2539900083876
2408,2025-09-06 15:06:00+02:00,81.45769088319089,-168.81077587069777
2409,2025-09-06 15:07:00+02:00,80.5129166666667,-166.66346528158076
2410,2025-09-06 15:08:00+02:00,79.49406310916179,-164.5161546924637
2411,2025-09-06 15:09:00+02:00,78.28537836669138,-162.36884410334667
2412,2025-09-06 15:10:00+02:00,76.94987146925268,-160.22153351422966
2413,2025-09-06 15:11:00+02:00,75.54297317436662,-158.0742229251126
2414,2025-09-06 15:12:00+02:00,75.00272727272723,-155.92691233599558
2415,2025-09-06 15:13:00+02:00,74.67545454545446,-153.7796017468787
2416,2025-09-06 15:14:00+02:00,74.34818181818174,-151.63229115776193
2417,2025-09-06 15:15:00+02:00,74.02090909090906,-144.97400158105307
2418,2025-09-06 15:16:00+02:00,73.08373379296152,-134.20161634147607
2419,2025-09-06 15:17:00+02:00,72.80659292035399,-141.25795794354002
2420,2025-09-06 15:18:00+02:00,73.94616795722715,-156.7292640514636
2421,2025-09-06 15:19:00+02:00,81.62792144892144,-177.2452738176547
2422,2025-09-06 15:20:00+02:00,99.38819444444444,-225.42682192260216
2423,2025-09-06 15:21:00+02:00,125.2319246031746,-296.51168294590263
2424,2025-09-06 15:22:00+02:00,153.05017857142855,-378.5254786561536
2425,2025-09-06 15:23:00+02:00,188.5102083333333,-485.887031610912
2426,2025-09-06 15:24:00+02:00,319.3983333333333,-794.457456838971
2427,2025-09-06 15:25:00+02:00,462.7136111111111,-1120.5858149287105
2428,2025-09-06 15:26:00+02:00,517.3198703703704,-1295.9382637276344
2429,2025-09-06 15:27:00+02:00,495.27484126984126,-1277.6390005897915
2430,2025-09-06 15:28:00+02:00,461.6320092592593,-1204.6289997985493
2431,2025-09-06 15:29:00+02:00,432.8047222222222,-1142.209731490657
2432,2025-09-06 15:30:00+02:00,417.0533680555556,-1083.09873606826
2433,2025-09-06 15:31:00+02:00,391.2616452991453,-1031.6704220971765
2434,2025-09-06 15:32:00+02:00,300.79979166666664,-862.2139583744693
2435,2025-09-06 15:33:00+02:00,230.6255555555556,-706.9327742550511
2436,2025-09-06 15:34:00+02:00,202.54088575268813,-639.6952811275397
2437,2025-09-06 15:35:00+02:00,184.29667094017097,-580.1821999256675
2438,2025-09-06 15:36:00+02:00,173.15621693121693,-538.5231989655567
2439,2025-09-06 15:37:00+02:00,155.26694444444442,-477.1016615685278
2440,2025-09-06 15:38:00+02:00,141.31838189588188,-428.9920196631946
2441,2025-09-06 15:39:00+02:00,146.44994052706554,-443.70050442829677
2442,2025-09-06 15:40:00+02:00,156.68482175925925,-457.9602413611992
2443,2025-09-06 15:41:00+02:00,162.96750925925926,-444.3616329160483
2444,2025-09-06 15:42:00+02:00,151.02556216931217,-423.45208545730407
2445,2025-09-06 15:43:00+02:00,130.45601190476188,-372.9322182000151
2446,2025-09-06 15:44:00+02:00,119.41144702842378,-344.9635497586062
2447,2025-09-06 15:45:00+02:00,120.39515180878554,-360.9382258616839
2448,2025-09-06 15:46:00+02:00,133.35849206349204,-382.14214103689073
2449,2025-09-06 15:47:00+02:00,151.18716826923077,-421.3791112469297
2450,2025-09-06 15:48:00+02:00,150.6391168091168,-432.4878727831888
2451,2025-09-06 15:49:00+02:00,143.03517195767196,-442.1051711746004
2452,2025-09-06 15:50:00+02:00,145.3549457671958,-451.7224695660125
2453,2025-09-06 15:51:00+02:00,163.5098544973545,-468.4770500506809
2454,2025-09-06 15:52:00+02:00,202.2247474747475,-544.1453674288954
2455,2025-09-06 15:53:00+02:00,202.1411557239057,-577.8484529436017
2456,2025-09-06 15:54:00+02:00,220.39380291005293,-629.7089418027535
2457,2025-09-06 15:55:00+02:00,301.4943055555555,-786.5054849829692
2458,2025-09-06 15:56:00+02:00,335.024376984127,-825.1156408623217
2459,2025-09-06 15:57:00+02:00,243.62329365079367,-672.4747692402353
2460,2025-09-06 15:58:00+02:00,202.8756086309524,-581.8880617917557
2461,2025-09-06 15:59:00+02:00,209.5580555555556,-558.1604502034884
2462,2025-09-06 16:00:00+02:00,172.37465656565655,-479.2978857632569
2463,2025-09-06 16:01:00+02:00,159.4041543179043,-438.99755703798223
2464,2025-09-06 16:02:00+02:00,171.18541666666667,-455.54700720172764
2465,2025-09-06 16:03:00+02:00,165.81820436507937,-426.05977739724017
2466,2025-09-06 16:04:00+02:00,153.6225,-409.45390884140215
2467,2025-09-06 16:05:00+02:00,143.96052884615384,-387.75042482191134
2468,2025-09-06 16:06:00+02:00,136.61634528423775,-359.72183070606366
2469,2025-09-06 16:07:00+02:00,135.50704192546584,-337.532672486004
2470,2025-09-06 16:08:00+02:00,133.55761574074072,-323.2429473198398
2471,2025-09-06 16:09:00+02:00,121.97941287878788,-342.4966745573265
2472,2025-09-06 16:10:00+02:00,140.95424206349205,-325.3973325446749
2473,2025-09-06 16:11:00+02:00,118.75723379629628,-281.8780656408312
2474,2025-09-06 16:12:00+02:00,102.3584074074074,-240.5391470935718
2475,2025-09-06 16:13:00+02:00,89.28029131054132,-202.4515239845273
2476,2025-09-06 16:14:00+02:00,80.54912898212899,-174.85647770791425
2477,2025-09-06 16:15:00+02:00,75.06595996732027,-155.99695556235525
2478,2025-09-06 16:16:00+02:00,74.65588235294119,-165.60463665537574
2479,2025-09-06 16:17:00+02:00,76.7560407239819,-179.83823827466549
2480,2025-09-06 16:18:00+02:00,80.49819444444445,-191.14604400554575
2481,2025-09-06 16:19:00+02:00,81.58500000000002,-192.05541299788925
2482,2025-09-06 16:20:00+02:00,80.98500000000004,-192.05541299788925
2483,2025-09-06 16:21:00+02:00,80.57253546099292,-192.05541299788925
2484,2025-09-06 16:22:00+02:00,81.0868085106383,-192.05541299788925
2485,2025-09-06 16:23:00+02:00,81.81398936170213,-192.05541299788925
2486,2025-09-06 16:24:00+02:00,84.69811355311356,-192.05541299788925
2487,2025-09-06 16:25:00+02:00,87.81175675675676,-192.05541299788925
2488,2025-09-06 16:26:00+02:00,89.53706393140128,-192.05541299788925
2489,2025-09-06 16:27:00+02:00,88.42485567269075,-192.05541299788925
2490,2025-09-06 16:28:00+02:00,85.51474405025051,-189.2838919854186
2491,2025-09-06 16:29:00+02:00,83.81616440019427,-182.34539882133126
2492,2025-09-06 16:30:00+02:00,84.67694173103135,-175.3681431256011
2493,2025-09-06 16:31:00+02:00,84.45116935483874,-168.39088742987084
2494,2025-09-06 16:32:00+02:00,83.57490495391706,-161.41363173414058
2495,2025-09-06 16:33:00+02:00,78.65630753968254,-154.43637603841032
2496,2025-09-06 16:34:00+02:00,71.25076417004048,-148.11959887606523
2497,2025-09-06 16:35:00+02:00,67.45991143127065,-142.63100796247915
2498,2025-09-06 16:36:00+02:00,68.23366836572156,-137.14448751451508
2499,2025-09-06 16:37:00+02:00,69.7146750926862,-131.65796706655092
2500,2025-09-06 16:38:00+02:00,69.11756521739127,-126.17144661858691
2501,2025-09-06 16:39:00+02:00,68.25627210884353,-120.68492617062282
2502,2025-09-06 16:40:00+02:00,67.26367346938774,-115.19840572265872
2503,2025-09-06 16:41:00+02:00,65.42847523219815,-109.18725072051541
2504,2025-09-06 16:42:00+02:00,62.713093395252834,-97.61496944407222
2505,2025-09-06 16:43:00+02:00,59.37133567821068,-84.57371141592719
2506,2025-09-06 16:44:00+02:00,55.08445816864295,-71.48146049988017
2507,2025-09-06 16:45:00+02:00,49.76329797979798,-56.537775500007285
2508,2025-09-06 16:46:00+02:00,45.398921107628006,-40.672295988060114
2509,2025-09-06 16:47:00+02:00,42.39464352449445,-28.412001134788213
2510,2025-09-06 16:48:00+02:00,40.50921042053185,-31.320103198875927
2511,2025-09-06 16:49:00+02:00,39.36923469387754,-35.915823278904924
2512,2025-09-06 16:50:00+02:00,38.10781428571429,-40.51154335893389
2513,2025-09-06 16:51:00+02:00,37.40672981220657,-45.10726343896286
2514,2025-09-06 16:52:00+02:00,38.101584507042254,-49.7029835189918
2515,2025-09-06 16:53:00+02:00,39.56376462478576,-54.29870359902077
2516,2025-09-06 16:54:00+02:00,43.45186360153257,-58.89442367904974
2517,2025-09-06 16:55:00+02:00,46.90889508856682,-63.490143759078705
2518,2025-09-06 16:56:00+02:00,48.742207147325615,-67.60906557109934
2519,2025-09-06 16:57:00+02:00,49.16359712230215,-69.92296536851691
2520,2025-09-06 16:58:00+02:00,49.51755395683452,-72.06658007021716
2521,2025-09-06 16:59:00+02:00,49.87151079136689,-74.21019477191743
2522,2025-09-06 17:00:00+02:00,50.23248337179312,-76.35380947361767
2523,2025-09-06 17:01:00+02:00,51.55898879716981,-78.49742417531792
2524,2025-09-06 17:02:00+02:00,53.04656249999999,-80.64103887701819
2525,2025-09-06 17:03:00+02:00,54.12980595501475,-82.78465357871843
2526,2025-09-06 17:04:00+02:00,54.9662389380531,-84.9282682804187
2527,2025-09-06 17:05:00+02:00,55.98000000000001,-87.07188298211895
2528,2025-09-06 17:06:00+02:00,57.26782258064515,-92.17922659960561
2529,2025-09-06 17:07:00+02:00,59.14094870071685,-101.00284471964605
2530,2025-09-06 17:08:00+02:00,63.11255636724388,-107.08947693532846
2531,2025-09-06 17:09:00+02:00,66.19231962481962,-99.65428805798814
2532,2025-09-06 17:10:00+02:00,65.6188095238095,-90.35995864240718
2533,2025-09-06 17:11:00+02:00,64.02711640211639,-81.06562922682625
2534,2025-09-06 17:12:00+02:00,58.21436458333333,-71.77129981124531
2535,2025-09-06 17:13:00+02:00,51.3380967911231,-56.80324946274027
2536,2025-09-06 17:14:00+02:00,45.90461538461539,-37.034358324837854
2537,2025-09-06 17:15:00+02:00,43.69268136335211,-30.804492692348163
2538,2025-09-06 17:16:00+02:00,44.37048780487808,-39.96214079299418
2539,2025-09-06 17:17:00+02:00,45.83698277545839,-49.119788893640134
2540,2025-09-06 17:18:00+02:00,48.41027356624918,-58.27743699428609
2541,2025-09-06 17:19:00+02:00,51.3021543040293,-67.32516299438618
2542,2025-09-06 17:20:00+02:00,54.428126780626776,-75.69061388765016
2543,2025-09-06 17:21:00+02:00,57.85403403403404,-83.93856184584783
2544,2025-09-06 17:22:00+02:00,60.05823858341101,-92.18650980404553
2545,2025-09-06 17:23:00+02:00,61.62322988505748,-100.43445776224317
2546,2025-09-06 17:24:00+02:00,66.7912933671076,-107.16302387381569
2547,2025-09-06 17:25:00+02:00,69.44828947368421,-100.70729064635654
2548,2025-09-06 17:26:00+02:00,67.19009159482759,-91.20011399225083
2549,2025-09-06 17:27:00+02:00,65.60185763888889,-81.6929373381451
2550,2025-09-06 17:28:00+02:00,62.3036038961039,-72.18576068403937
2551,2025-09-06 17:29:00+02:00,58.94915,-71.18663781745965
2552,2025-09-06 17:30:00+02:00,57.462672199730086,-77.39830934707476
2553,2025-09-06 17:31:00+02:00,57.71850202429148,-83.60998087668989
2554,2025-09-06 17:32:00+02:00,58.082874493927086,-89.82165240630508
2555,2025-09-06 17:33:00+02:00,58.447246963562726,-96.03332393592032
2556,2025-09-06 17:34:00+02:00,59.14225737093712,-102.24499546553568
2557,2025-09-06 17:35:00+02:00,60.983439844401225,-107.82569741992415
2558,2025-09-06 17:36:00+02:00,62.38557614092872,-107.25453898267753
2559,2025-09-06 17:37:00+02:00,62.114771689497736,-105.10722839356052
2560,2025-09-06 17:38:00+02:00,61.68463470319636,-102.95991780444348
2561,2025-09-06 17:39:00+02:00,61.25449771689498,-100.81260721532644
2562,2025-09-06 17:40:00+02:00,60.59702661244293,-98.66529662620937
2563,2025-09-06 17:41:00+02:00,59.6008621031746,-96.51798603709236
2564,2025-09-06 17:42:00+02:00,58.336047619047626,-94.37067544797537
2565,2025-09-06 17:43:00+02:00,56.60424293785311,-92.22336485885842
2566,2025-09-06 17:44:00+02:00,54.83942188937065,-90.0760542697416
2567,2025-09-06 17:45:00+02:00,52.96863372093024,-75.95288490773694
2568,2025-09-06 17:46:00+02:00,51.48316939890711,-61.90260373374298
2569,2025-09-06 17:47:00+02:00,49.86195293094883,-56.14999337952651
2570,2025-09-06 17:48:00+02:00,48.12364973262032,-50.39738302531015
2571,2025-09-06 17:49:00+02:00,47.001691176470594,-44.64477267109376
2572,2025-09-06 17:50:00+02:00,45.60888333333333,-38.8921623168774
2573,2025-09-06 17:51:00+02:00,43.64585384615384,-33.13955196266099
2574,2025-09-06 17:52:00+02:00,40.15450162156685,-27.426347868975043
2575,2025-09-06 17:53:00+02:00,36.02532407407408,-22.530823681295033
2576,2025-09-06 17:54:00+02:00,33.35797271985461,-17.960401142990904
2577,2025-09-06 17:55:00+02:00,31.584431698905387,-13.389978604686831
2578,2025-09-06 17:56:00+02:00,30.49230769230769,-8.819556066382816
2579,2025-09-06 17:57:00+02:00,29.64486866791745,-4.249133528078801
2580,2025-09-06 17:58:00+02:00,28.62426829268293,0.3212890102252146
2581,2025-09-06 17:59:00+02:00,27.64010055626872,4.89171154852923
2582,2025-09-06 18:00:00+02:00,26.84763157894737,27.056153178641
2583,2025-09-06 18:01:00+02:00,26.600906148867324,24.756362646293272
2584,2025-09-06 18:02:00+02:00,26.9348867313916,23.961653647104004
2585,2025-09-06 18:03:00+02:00,27.268867313915862,23.961653647104004
2586,2025-09-06 18:04:00+02:00,27.60284789644013,23.961653647104004
2587,2025-09-06 18:05:00+02:00,27.9368284789644,23.961653647104004
2588,2025-09-06 18:06:00+02:00,28.29419613962089,23.961653647104004
2589,2025-09-06 18:07:00+02:00,28.686726190476183,23.961653647104004
2590,2025-09-06 18:08:00+02:00,29.07958333333333,23.961653647104004
2591,2025-09-06 18:09:00+02:00,29.472440476190467,23.961653647104004
2592,2025-09-06 18:10:00+02:00,29.915743714711837,23.961653647104004
2593,2025-09-06 18:11:00+02:00,30.50979865771811,24.121122131845585
2594,2025-09-06 18:12:00+02:00,31.14688114562197,25.100714252401065
2595,2025-09-06 18:13:00+02:00,32.70497606019152,26.19421243348624
2596,2025-09-06 18:14:00+02:00,33.907795624159824,27.287710614571413
2597,2025-09-06 18:15:00+02:00,34.51251773049645,28.381208795656594
2598,2025-09-06 18:16:00+02:00,34.7777659574468,29.474706976741775
2599,2025-09-06 18:17:00+02:00,35.043014184397144,30.56820515782695
2600,2025-09-06 18:18:00+02:00,35.30826241134749,31.661703338912123
2601,2025-09-06 18:19:00+02:00,35.57351063829784,32.7552015199973
2602,2025-09-06 18:20:00+02:00,35.83875886524819,33.84869970108248
2603,2025-09-06 18:21:00+02:00,36.10400709219856,33.926155822242706
2604,2025-09-06 18:22:00+02:00,35.73156249999999,31.816615581232558
2605,2025-09-06 18:23:00+02:00,34.42046401515151,29.629619219062203
2606,2025-09-06 18:24:00+02:00,32.285725267379675,27.442622856891855
2607,2025-09-06 18:25:00+02:00,30.30850354030501,25.2556264947215
2608,2025-09-06 18:26:00+02:00,28.88525267094017,23.068630132551146
2609,2025-09-06 18:27:00+02:00,27.48621737466514,20.88163377038079
2610,2025-09-06 18:28:00+02:00,26.097611940298503,18.694637408210443
2611,2025-09-06 18:29:00+02:00,25.551226765799257,16.507641046040053
2612,2025-09-06 18:30:00+02:00,25.885799256505575,14.323682178817133
2613,2025-09-06 18:31:00+02:00,26.2203717472119,13.354721290577753
2614,2025-09-06 18:32:00+02:00,26.55494423791822,13.354721290577753
2615,2025-09-06 18:33:00+02:00,27.102989360338423,13.354721290577753
2616,2025-09-06 18:34:00+02:00,28.73612818590705,13.354721290577753
2617,2025-09-06 18:35:00+02:00,29.90961738257377,13.354721290577753
2618,2025-09-06 18:36:00+02:00,29.416807228915676,13.354721290577753
2619,2025-09-06 18:37:00+02:00,28.874638554216872,13.354721290577753
2620,2025-09-06 18:38:00+02:00,28.9040625,13.354721290577753
2621,2025-09-06 18:39:00+02:00,29.4665625,13.354721290577753
2622,2025-09-06 18:40:00+02:00,29.942279317010307,13.103881674038288
2623,2025-09-06 18:41:00+02:00,29.34,9.735463966222518
2624,2025-09-06 18:42:00+02:00,28.174562732309425,5.435356254117281
2625,2025-09-06 18:43:00+02:00,26.586921768707484,2.359276381510348
2626,2025-09-06 18:44:00+02:00,25.394632327132328,1.2416410521007073
2627,2025-09-06 18:45:00+02:00,24.050470085470085,0.1462607743183142
2628,2025-09-06 18:46:00+02:00,21.979644334160465,-0.949119503464086
2629,2025-09-06 18:47:00+02:00,20.2484872080089,-2.04449978124649
2630,2025-09-06 18:48:00+02:00,17.951391283524902,-3.1398800590288882
2631,2025-09-06 18:49:00+02:00,13.895297619047618,-4.235260336811281
2632,2025-09-06 18:50:00+02:00,11.176118188512518,-5.3306406145936815
2633,2025-09-06 18:51:00+02:00,10.406932989690718,-6.426020892376085
2634,2025-09-06 18:52:00+02:00,9.8966237113402,-7.590699776018205
2635,2025-09-06 18:53:00+02:00,9.326445244115927,-11.271451118566517
2636,2025-09-06 18:54:00+02:00,7.747693492491336,-16.20490802857873
2637,2025-09-06 18:55:00+02:00,6.187398573887386,-18.46607577900099
2638,2025-09-06 18:56:00+02:00,5.899913941480204,-18.46607577900099
2639,2025-09-06 18:57:00+02:00,5.753270223752146,-18.46607577900099
2640,2025-09-06 18:58:00+02:00,5.606626506024089,-18.46607577900099
2641,2025-09-06 18:59:00+02:00,5.459982788296031,-18.46607577900099
2642,2025-09-06 19:00:00+02:00,5.313339070567974,-18.46607577900099
2643,2025-09-06 19:01:00+02:00,5.166695352839921,-18.46607577900099
2644,2025-09-06 19:02:00+02:00,5.0200516351118685,-18.46607577900099
2645,2025-09-06 19:03:00+02:00,4.873407917383816,-18.46607577900099
2646,2025-09-06 19:04:00+02:00,4.726764199655764,-18.46607577900099
2647,2025-09-06 19:05:00+02:00,4.460208202191301,-18.46607577900099
2648,2025-09-06 19:06:00+02:00,3.947352941176472,-18.46607577900099
2649,2025-09-06 19:07:00+02:00,3.4179411764705887,-18.46607577900099
2650,2025-09-06 19:08:00+02:00,2.936317016317016,-18.46607577900099
2651,2025-09-06 19:09:00+02:00,2.597499999999998,-18.46607577900099
2652,2025-09-06 19:10:00+02:00,2.268129370629368,-18.46607577900099
2653,2025-09-06 19:11:00+02:00,1.93875874125874,-18.46607577900099
2654,2025-09-06 19:12:00+02:00,1.609388111888111,-18.46607577900099
2655,2025-09-06 19:13:00+02:00,1.371522020362227,-18.46607577900099
2656,2025-09-06 19:14:00+02:00,1.2554639175257738,-18.46607577900099
2657,2025-09-06 19:15:00+02:00,1.140000000000001,-18.46607577900099
2658,2025-09-06 19:16:00+02:00,1.0245360824742282,-18.46607577900099
2659,2025-09-06 19:17:00+02:00,0.909072164948455,-18.46607577900099
2660,2025-09-06 19:18:00+02:00,0.7936082474226817,-18.46607577900099
2661,2025-09-06 19:19:00+02:00,0.6781443298969081,-18.46607577900099
2662,2025-09-06 19:20:00+02:00,0.5626804123711346,-18.46607577900099
2663,2025-09-06 19:21:00+02:00,0.4472164948453611,-18.46607577900099
2664,2025-09-06 19:22:00+02:00,0.3338633131887665,-18.46607577900099
2665,2025-09-06 19:23:00+02:00,0.2775000000000001,-18.46607577900099
2666,2025-09-06 19:24:00+02:00,0.2464655172413797,-18.46607577900099
2667,2025-09-06 19:25:00+02:00,0.2154310344827589,-18.46607577900099
2668,2025-09-06 19:26:00+02:00,0.1843965517241381,-18.46607577900099
2669,2025-09-06 19:27:00+02:00,0.1533620689655174,-18.46607577900099
2670,2025-09-06 19:28:00+02:00,0.1223275862068967,-18.46607577900099
2671,2025-09-06 19:29:00+02:00,0.0912931034482759,-18.46607577900099
2672,2025-09-06 19:30:00+02:00,0.0602586206896551,-18.46607577900099
2673,2025-09-06 19:31:00+02:00,0.0292241379310344,-18.46607577900099
2674,2025-09-06 19:32:00+02:00,0.0061798919817199,-18.46607577900099
2675,2025-09-06 19:33:00+02:00,0.0176850258175558,-18.46607577900099
2676,2025-09-06 19:34:00+02:00,0.0331755593803786,-18.46607577900099
2677,2025-09-06 19:35:00+02:00,0.0486660929432013,-18.46607577900099
2678,2025-09-06 19:36:00+02:00,0.064156626506024,-18.46607577900099
2679,2025-09-06 19:37:00+02:00,0.0796471600688467,-18.46607577900099
2680,2025-09-06 19:38:00+02:00,0.0951376936316694,-18.46607577900099
2681,2025-09-06 19:39:00+02:00,0.1106282271944922,-18.46607577900099
2682,2025-09-06 19:40:00+02:00,0.1261187607573149,-18.46607577900099
2683,2025-09-06 19:41:00+02:00,0.1416092943201377,-18.46607577900099
2684,2025-09-06 19:42:00+02:00,0.15,-18.46607577900099
2685,2025-09-06 19:43:00+02:00,0.15,-18.46607577900099
2686,2025-09-06 19:44:00+02:00,0.15,-18.46607577900099
2687,2025-09-06 19:45:00+02:00,0.15,-18.46607577900099
2688,2025-09-06 19:46:00+02:00,0.15,-18.46607577900099
2689,2025-09-06 19:47:00+02:00,0.15,-18.46607577900099
2690,2025-09-06 19:48:00+02:00,0.15,-18.46607577900099
2691,2025-09-06 19:49:00+02:00,0.15,-18.46607577900099
2692,2025-09-06 19:50:00+02:00,0.15,-18.46607577900099
2693,2025-09-06 19:51:00+02:00,0.1502405498281787,-18.46607577900099
2694,2025-09-06 19:52:00+02:00,0.1554725085910652,-18.46607577900099
2695,2025-09-06 19:53:00+02:00,0.162689003436426,-18.46607577900099
2696,2025-09-06 19:54:00+02:00,0.1699054982817868,-18.46607577900099
2697,2025-09-06 19:55:00+02:00,0.1771219931271476,-18.46607577900099
2698,2025-09-06 19:56:00+02:00,0.1843384879725084,-18.46607577900099
2699,2025-09-06 19:57:00+02:00,0.1915549828178692,-18.46607577900099
2700,2025-09-06 19:58:00+02:00,0.19877147766323,-18.46607577900099
2701,2025-09-06 19:59:00+02:00,0.2059879725085908,-18.46607577900099
2702,2025-09-06 20:00:00+02:00,0.2132044673539517,-18.46607577900099
2703,2025-09-07 05:00:00+02:00,0.1027022375215147,-18.46607577900099
2704,2025-09-07 05:01:00+02:00,0.0944406196213426,-18.46607577900099
2705,2025-09-07 05:02:00+02:00,0.0861790017211704,-18.46607577900099
2706,2025-09-07 05:03:00+02:00,0.0779173838209982,-18.46607577900099
2707,2025-09-07 05:04:00+02:00,0.0724697806002334,-18.46607577900099
2708,2025-09-07 05:05:00+02:00,0.0793103448275861,-18.46607577900099
2709,2025-09-07 05:06:00+02:00,0.0875862068965515,-18.46607577900099
2710,2025-09-07 05:07:00+02:00,0.095862068965517,-18.46607577900099
2711,2025-09-07 05:08:00+02:00,0.1041379310344826,-18.46607577900099
2712,2025-09-07 05:09:00+02:00,0.1124137931034481,-18.46607577900099
2713,2025-09-07 05:10:00+02:00,0.1206896551724137,-18.46607577900099
2714,2025-09-07 05:11:00+02:00,0.1289655172413791,-18.46607577900099
2715,2025-09-07 05:12:00+02:00,0.1372413793103446,-18.46607577900099
2716,2025-09-07 05:13:00+02:00,0.1455172413793103,-18.46607577900099
2717,2025-09-07 05:14:00+02:00,0.1533132530120481,-18.46607577900099
2718,2025-09-07 05:15:00+02:00,0.1605421686746986,-18.46607577900099
2719,2025-09-07 05:16:00+02:00,0.1677710843373491,-18.46607577900099
2720,2025-09-07 05:17:00+02:00,0.1749999999999996,-18.46607577900099
2721,2025-09-07 05:18:00+02:00,0.1822289156626503,-18.46607577900099
2722,2025-09-07 05:19:00+02:00,0.189457831325301,-18.46607577900099
2723,2025-09-07 05:20:00+02:00,0.1966867469879516,-18.46607577900099
2724,2025-09-07 05:21:00+02:00,0.2039156626506023,-18.46607577900099
2725,2025-09-07 05:22:00+02:00,0.2111445783132529,-18.46607577900099
2726,2025-09-07 05:23:00+02:00,0.2176914900983243,-18.46607577900099
2727,2025-09-07 05:24:00+02:00,0.204258620689655,-18.46607577900099
2728,2025-09-07 05:25:00+02:00,0.1814999999999998,-18.46607577900099
2729,2025-09-07 05:26:00+02:00,0.1587413793103445,-18.46607577900099
2730,2025-09-07 05:27:00+02:00,0.1359827586206893,-18.46607577900099
2731,2025-09-07 05:28:00+02:00,0.1132241379310342,-18.46607577900099
2732,2025-09-07 05:29:00+02:00,0.090465517241379,-18.46607577900099
2733,2025-09-07 05:30:00+02:00,0.0677068965517239,-18.46607577900099
2734,2025-09-07 05:31:00+02:00,0.0449482758620688,-18.46607577900099
2735,2025-09-07 05:32:00+02:00,0.0221896551724137,-18.46607577900099
2736,2025-09-07 05:33:00+02:00,0.0053852648418058,-18.46607577900099
2737,2025-09-07 05:34:00+02:00,0.0171391752577319,-18.46607577900099
2738,2025-09-07 05:35:00+02:00,0.0326030927835051,-18.46607577900099
2739,2025-09-07 05:36:00+02:00,0.0480670103092783,-18.46607577900099
2740,2025-09-07 05:37:00+02:00,0.0635309278350515,-18.46607577900099
2741,2025-09-07 05:38:00+02:00,0.0789948453608246,-18.46607577900099
2742,2025-09-07 05:39:00+02:00,0.0944587628865978,-18.46607577900099
2743,2025-09-07 05:40:00+02:00,0.109922680412371,-18.46607577900099
2744,2025-09-07 05:41:00+02:00,0.1253865979381442,-18.46607577900099
2745,2025-09-07 05:42:00+02:00,0.1408505154639174,-18.46607577900099
2746,2025-09-07 05:43:00+02:00,0.1720870300051457,-18.46607577900099
2747,2025-09-07 05:44:00+02:00,0.2256282271944921,-18.46607577900099
2748,2025-09-07 05:45:00+02:00,0.2793287435456108,-18.46607577900099
2749,2025-09-07 05:46:00+02:00,0.3330292598967294,-18.46607577900099
2750,2025-09-07 05:47:00+02:00,0.386729776247848,-18.46607577900099
2751,2025-09-07 05:48:00+02:00,0.4404302925989666,-18.46607577900099
2752,2025-09-07 05:49:00+02:00,0.4941308089500855,-18.46607577900099
2753,2025-09-07 05:50:00+02:00,0.5478313253012047,-18.46607577900099
2754,2025-09-07 05:51:00+02:00,0.6015318416523238,-18.46607577900099
2755,2025-09-07 05:52:00+02:00,0.65466570716363,-18.46607577900099
2756,2025-09-07 05:53:00+02:00,0.6925000000000003,-18.46607577900099
2757,2025-09-07 05:54:00+02:00,0.7235344827586214,-18.46607577900099
2758,2025-09-07 05:55:00+02:00,0.7545689655172425,-18.46607577900099
2759,2025-09-07 05:56:00+02:00,0.7856034482758635,-18.46607577900099
2760,2025-09-07 05:57:00+02:00,0.8166379310344841,-18.46607577900099
2761,2025-09-07 05:58:00+02:00,0.8476724137931044,-18.46607577900099
2762,2025-09-07 05:59:00+02:00,0.878706896551725,-18.46607577900099
2763,2025-09-07 06:00:00+02:00,0.9097413793103452,-18.46607577900099
2764,2025-09-07 06:01:00+02:00,0.9407758620689658,-18.46607577900099
2765,2025-09-07 06:02:00+02:00,0.9706648626801524,-18.46607577900099
2766,2025-09-07 06:03:00+02:00,0.9950514579759862,-18.46607577900099
2767,2025-09-07 06:04:00+02:00,1.018722126929675,-18.46607577900099
2768,2025-09-07 06:05:00+02:00,1.042392795883363,-18.46607577900099
2769,2025-09-07 06:06:00+02:00,1.0660634648370506,-18.46607577900099
2770,2025-09-07 06:07:00+02:00,1.0897341337907382,-18.46607577900099
2771,2025-09-07 06:08:00+02:00,1.113404802744426,-18.46607577900099
2772,2025-09-07 06:09:00+02:00,1.1370754716981135,-18.46607577900099
2773,2025-09-07 06:10:00+02:00,1.1607461406518012,-18.46607577900099
2774,2025-09-07 06:11:00+02:00,1.1844168096054888,-18.46607577900099
2775,2025-09-07 06:12:00+02:00,1.2295926243567756,-18.46607577900099
2776,2025-09-07 06:13:00+02:00,1.313224699828475,-18.46607577900099
2777,2025-09-07 06:14:00+02:00,1.397615780445971,-18.46607577900099
2778,2025-09-07 06:15:00+02:00,1.482006861063467,-18.46607577900099
2779,2025-09-07 06:16:00+02:00,1.566397941680962,-18.46607577900099
2780,2025-09-07 06:17:00+02:00,1.6507890222984571,-18.46607577900099
2781,2025-09-07 06:18:00+02:00,1.735180102915953,-18.46607577900099
2782,2025-09-07 06:19:00+02:00,1.819571183533448,-18.46607577900099
2783,2025-09-07 06:20:00+02:00,1.903962264150944,-18.46607577900099
2784,2025-09-07 06:21:00+02:00,1.9898309748427672,-18.46607577900099
2785,2025-09-07 06:22:00+02:00,2.205731132075472,-18.46607577900099
2786,2025-09-07 06:23:00+02:00,2.502900943396227,-18.46607577900099
2787,2025-09-07 06:24:00+02:00,2.8000707547169816,-18.352169718471288
2788,2025-09-07 06:25:00+02:00,3.08646621554875,-17.418140022127695
2789,2025-09-07 06:26:00+02:00,3.3271989528795807,-16.324641841042514
2790,2025-09-07 06:27:00+02:00,3.562801047120418,-15.231143659957333
2791,2025-09-07 06:28:00+02:00,3.798403141361256,-14.137645478872152
2792,2025-09-07 06:29:00+02:00,4.034005235602094,-13.04414729778697
2793,2025-09-07 06:30:00+02:00,4.269607329842933,-11.950649116701795
2794,2025-09-07 06:31:00+02:00,4.521124927283305,-10.85715093561662
2795,2025-09-07 06:32:00+02:00,5.202361111111112,-9.763652754531439
2796,2025-09-07 06:33:00+02:00,6.073765025990904,-8.670154573446252
2797,2025-09-07 06:34:00+02:00,6.938421052631579,-7.891037119423059
2798,2025-09-07 06:35:00+02:00,7.685024685206994,-7.859143422474743
2799,2025-09-07 06:36:00+02:00,7.795877796901894,-7.859143422474743
2800,2025-09-07 06:37:00+02:00,7.811368330464716,-7.859143422474743
2801,2025-09-07 06:38:00+02:00,7.826858864027538,-7.859143422474743
2802,2025-09-07 06:39:00+02:00,7.84234939759036,-7.859143422474743
2803,2025-09-07 06:40:00+02:00,7.857839931153182,-7.859143422474743
2804,2025-09-07 06:41:00+02:00,7.873330464716004,-7.859143422474743
2805,2025-09-07 06:42:00+02:00,7.888820998278827,-7.859143422474743
2806,2025-09-07 06:43:00+02:00,7.904311531841649,-7.859143422474743
2807,2025-09-07 06:44:00+02:00,7.919802065404472,-7.859143422474743
2808,2025-09-07 06:45:00+02:00,8.051356368330465,-7.859143422474743
2809,2025-09-07 06:46:00+02:00,8.390460000000001,-7.859143422474743
2810,2025-09-07 06:47:00+02:00,8.73366,-7.859143422474743
2811,2025-09-07 06:48:00+02:00,9.07686,-7.859143422474743
2812,2025-09-07 06:49:00+02:00,9.411101720430109,-7.859143422474743
2813,2025-09-07 06:50:00+02:00,9.717048387096776,-7.859143422474743
2814,2025-09-07 06:51:00+02:00,10.02091935483871,-7.859143422474743
2815,2025-09-07 06:52:00+02:00,10.324790322580649,-7.859143422474743
2816,2025-09-07 06:53:00+02:00,10.628661290322585,-7.256476811308476
2817,2025-09-07 06:54:00+02:00,11.038594758064514,-1.2900773607624565
2818,2025-09-07 06:55:00+02:00,12.04906501004016,2.7377444905320694
2819,2025-09-07 06:56:00+02:00,12.512951807228916,2.7477889340515063
2820,2025-09-07 06:57:00+02:00,12.635843373493977,2.7477889340515063
2821,2025-09-07 06:58:00+02:00,12.758734939759035,2.7477889340515063
2822,2025-09-07 06:59:00+02:00,12.881626506024096,2.7477889340515063
2823,2025-09-07 07:00:00+02:00,13.00451807228916,2.7477889340515063
2824,2025-09-07 07:01:00+02:00,13.127409638554218,2.7477889340515063
2825,2025-09-07 07:02:00+02:00,13.25030120481928,2.7477889340515063
2826,2025-09-07 07:03:00+02:00,13.37319277108434,2.7477889340515063
2827,2025-09-07 07:04:00+02:00,13.4960843373494,2.779792609265165
2828,2025-09-07 07:05:00+02:00,13.682840791738384,3.5615966751987926
2829,2025-09-07 07:06:00+02:00,14.29618956043956,4.658865539667044
2830,2025-09-07 07:07:00+02:00,15.020499999999998,5.756134404135281
2831,2025-09-07 07:08:00+02:00,15.78156043956044,6.853403268603508
2832,2025-09-07 07:09:00+02:00,16.634285714285717,7.950672133071734
2833,2025-09-07 07:10:00+02:00,17.613595505617976,9.04794099753996
2834,2025-09-07 07:11:00+02:00,18.610900043343445,10.145209862008194
2835,2025-09-07 07:12:00+02:00,18.97928783382788,11.242478726476417
2836,2025-09-07 07:13:00+02:00,19.24635014836794,12.33974759094465
2837,2025-09-07 07:14:00+02:00,19.513412462908004,13.25566229586882
2838,2025-09-07 07:15:00+02:00,19.780474777448067,13.354721290577753
2839,2025-09-07 07:16:00+02:00,20.04753709198813,13.354721290577753
2840,2025-09-07 07:17:00+02:00,20.23604792967018,13.354721290577753
2841,2025-09-07 07:18:00+02:00,20.30645689655172,13.354721290577753
2842,2025-09-07 07:19:00+02:00,20.375767241379307,13.354721290577753
2843,2025-09-07 07:20:00+02:00,20.44507758620689,13.354721290577753
2844,2025-09-07 07:21:00+02:00,20.51438793103448,13.354721290577753
2845,2025-09-07 07:22:00+02:00,20.583698275862066,13.354721290577753
2846,2025-09-07 07:23:00+02:00,20.653008620689647,13.354721290577753
2847,2025-09-07 07:24:00+02:00,20.722318965517232,14.369976529522365
2848,2025-09-07 07:25:00+02:00,20.791629310344817,16.91166447037671
2849,2025-09-07 07:26:00+02:00,20.89582454361054,19.467551785202314
2850,2025-09-07 07:27:00+02:00,21.67147414611006,22.023439100027925
2851,2025-09-07 07:28:00+02:00,21.96081653225808,23.876457403276486
2852,2025-09-07 07:29:00+02:00,22.17734879032261,23.961653647104004
2853,2025-09-07 07:30:00+02:00,22.39388104838713,23.961653647104004
2854,2025-09-07 07:31:00+02:00,22.610413306451637,23.961653647104004
2855,2025-09-07 07:32:00+02:00,22.826945564516148,23.961653647104004
2856,2025-09-07 07:33:00+02:00,23.043477822580652,23.961653647104004
2857,2025-09-07 07:34:00+02:00,23.260010080645163,23.961653647104004
2858,2025-09-07 07:35:00+02:00,23.5957721203591,23.961653647104004
2859,2025-09-07 07:36:00+02:00,24.804182209209856,23.961653647104004
2860,2025-09-07 07:37:00+02:00,24.546896551724128,23.961653647104004
2861,2025-09-07 07:38:00+02:00,23.98137931034482,22.27558058465041
2862,2025-09-07 07:39:00+02:00,22.874125183119222,18.596875721115286
2863,2025-09-07 07:40:00+02:00,21.371736111111105,14.918170857580161
2864,2025-09-07 07:41:00+02:00,20.713402777777777,11.239465994045045
2865,2025-09-07 07:42:00+02:00,18.603847853535356,7.560761130509924
2866,2025-09-07 07:43:00+02:00,14.53090845372386,3.9484773270108775
2867,2025-09-07 07:44:00+02:00,13.292085889570556,2.7477889340515063
2868,2025-09-07 07:45:00+02:00,12.688404907975462,2.7477889340515063
2869,2025-09-07 07:46:00+02:00,12.071809583565718,2.7477889340515063
2870,2025-09-07 07:47:00+02:00,11.397045454545456,2.7477889340515063
2871,2025-09-07 07:48:00+02:00,10.797005582137162,2.7477889340515063
2872,2025-09-07 07:49:00+02:00,10.946754385964915,2.7477889340515063
2873,2025-09-07 07:50:00+02:00,11.277280701754394,2.7477889340515063
2874,2025-09-07 07:51:00+02:00,11.60780701754387,2.7477889340515063
2875,2025-09-07 07:52:00+02:00,11.938333333333338,2.7477889340515063
2876,2025-09-07 07:53:00+02:00,12.49028212422949,3.263403701382643
2877,2025-09-07 07:54:00+02:00,13.625795480354304,5.841477538038355
2878,2025-09-07 07:55:00+02:00,14.506218487394955,8.632775526597904
2879,2025-09-07 07:56:00+02:00,15.890751416845807,11.424073515157431
2880,2025-09-07 07:57:00+02:00,20.73651162790697,14.21537150371697
2881,2025-09-07 07:58:00+02:00,25.194033680834,17.006669492276497
2882,2025-09-07 07:59:00+02:00,18.40460098522168,19.797967480836032
2883,2025-09-07 08:00:00+02:00,19.37502556022409,22.58926546939556
2884,2025-09-07 08:01:00+02:00,20.859099264705897,25.220453012372676
2885,2025-09-07 08:02:00+02:00,22.343658088235312,27.69677963257335
2886,2025-09-07 08:03:00+02:00,23.82821691176472,30.173106252774023
2887,2025-09-07 08:04:00+02:00,25.35658717105264,32.6494328729747
2888,2025-09-07 08:05:00+02:00,28.840586124401916,35.125759493175366
2889,2025-09-07 08:06:00+02:00,31.49461734997029,37.60208611337603
2890,2025-09-07 08:07:00+02:00,32.01088235294118,40.0784127335767
2891,2025-09-07 08:08:00+02:00,32.516764705882345,42.55473935377741
2892,2025-09-07 08:09:00+02:00,34.07762578108166,45.92561056728455
2893,2025-09-07 08:10:00+02:00,42.148417022792025,56.17169594077545
2894,2025-09-07 08:11:00+02:00,46.888621913580245,65.57845552301586
2895,2025-09-07 08:12:00+02:00,47.89897222222223,66.389383073209
2896,2025-09-07 08:13:00+02:00,48.42230555555557,66.389383073209
2897,2025-09-07 08:14:00+02:00,48.9918498931624,66.389383073209
2898,2025-09-07 08:15:00+02:00,49.84822115384616,66.389383073209
2899,2025-09-07 08:16:00+02:00,51.9186647033522,66.389383073209
2900,2025-09-07 08:17:00+02:00,52.733269980506826,66.389383073209
2901,2025-09-07 08:18:00+02:00,48.79646802325581,66.389383073209
2902,2025-09-07 08:19:00+02:00,48.75114380635975,66.389383073209
2903,2025-09-07 08:20:00+02:00,46.92030612244898,66.389383073209
2904,2025-09-07 08:21:00+02:00,46.74666666666668,69.19410076363663
2905,2025-09-07 08:22:00+02:00,49.66193191865606,75.31348481547873
2906,2025-09-07 08:23:00+02:00,54.15688864942528,81.43286886732079
2907,2025-09-07 08:24:00+02:00,57.4075625,86.61040497301576
2908,2025-09-07 08:25:00+02:00,59.87593137254902,85.39684391820543
2909,2025-09-07 08:26:00+02:00,59.38338235294117,82.96777543961157
2910,2025-09-07 08:27:00+02:00,58.45838782763965,80.53870696101774
2911,2025-09-07 08:28:00+02:00,57.47062153053133,78.10963848242386
2912,2025-09-07 08:29:00+02:00,55.27107466063348,75.68057000383006
2913,2025-09-07 08:30:00+02:00,53.73209383753502,73.25150152523632
2914,2025-09-07 08:31:00+02:00,52.34510382059801,70.82243304664257
2915,2025-09-07 08:32:00+02:00,51.542674418604655,68.39336456804884
2916,2025-09-07 08:33:00+02:00,50.6128175313059,67.15509559273752
2917,2025-09-07 08:34:00+02:00,48.197838104877576,69.2091837524967
2918,2025-09-07 08:35:00+02:00,45.325148305084745,71.45008495457972
2919,2025-09-07 08:36:00+02:00,45.97399660637773,73.69098615666275
2920,2025-09-07 08:37:00+02:00,45.35999999999999,75.93188735874577
2921,2025-09-07 08:38:00+02:00,44.77874025031743,78.1727885608288
2922,2025-09-07 08:39:00+02:00,45.39076576576576,80.41368976291182
2923,2025-09-07 08:40:00+02:00,46.6588536036036,82.65459096499484
2924,2025-09-07 08:41:00+02:00,50.01201298701299,84.89549216707786
2925,2025-09-07 08:42:00+02:00,54.188372319688106,86.98868369293068
2926,2025-09-07 08:43:00+02:00,55.23917989417989,85.75572883071906
2927,2025-09-07 08:44:00+02:00,55.73759259259258,83.14746677583565
2928,2025-09-07 08:45:00+02:00,56.168418209876535,80.53920472095216
2929,2025-09-07 08:46:00+02:00,55.78479166666665,77.93094266606862
2930,2025-09-07 08:47:00+02:00,55.159791666666656,75.32268061118508
2931,2025-09-07 08:48:00+02:00,54.42972822681705,72.71441855630155
2932,2025-09-07 08:49:00+02:00,53.55109022556392,70.10615650141803
2933,2025-09-07 08:50:00+02:00,51.429388575605685,67.50513961890918
2934,2025-09-07 08:51:00+02:00,46.33511111111111,66.389383073209
2935,2025-09-07 08:52:00+02:00,44.71863782051283,66.389383073209
2936,2025-09-07 08:53:00+02:00,45.02056089743591,66.389383073209
2937,2025-09-07 08:54:00+02:00,45.32248397435898,66.389383073209
2938,2025-09-07 08:55:00+02:00,45.624407051282056,66.389383073209
2939,2025-09-07 08:56:00+02:00,45.92633012820513,66.389383073209
2940,2025-09-07 08:57:00+02:00,45.94421650432125,66.389383073209
2941,2025-09-07 08:58:00+02:00,45.45217877094973,66.389383073209
2942,2025-09-07 08:59:00+02:00,44.94938547486034,66.389383073209
2943,2025-09-07 09:00:00+02:00,44.060863382427634,66.389383073209
2944,2025-09-07 09:01:00+02:00,43.499848484848485,66.389383073209
2945,2025-09-07 09:02:00+02:00,44.27867768595042,66.389383073209
2946,2025-09-07 09:03:00+02:00,45.0795,66.389383073209
2947,2025-09-07 09:04:00+02:00,45.89950000000001,66.389383073209
2948,2025-09-07 09:05:00+02:00,47.28360180754918,66.389383073209
2949,2025-09-07 09:06:00+02:00,45.37796009292004,66.389383073209
2950,2025-09-07 09:07:00+02:00,43.665,66.389383073209
2951,2025-09-07 09:08:00+02:00,45.7536217948718,66.389383073209
2952,2025-09-07 09:09:00+02:00,48.194211570593154,66.389383073209
2953,2025-09-07 09:10:00+02:00,48.53778195488725,67.70985991637413
2954,2025-09-07 09:11:00+02:00,48.87612781954891,71.531158209452
2955,2025-09-07 09:12:00+02:00,49.21447368421054,75.41174321793719
2956,2025-09-07 09:13:00+02:00,49.83796789270473,79.29232822642238
2957,2025-09-07 09:14:00+02:00,51.80913454438045,83.17291323490755
2958,2025-09-07 09:15:00+02:00,54.23835007932311,86.647521662391
2959,2025-09-07 09:16:00+02:00,56.99972350230414,84.33687457713253
2960,2025-09-07 09:17:00+02:00,55.56560544217688,80.12219946857905
2961,2025-09-07 09:18:00+02:00,52.01781818181818,75.90752436002558
2962,2025-09-07 09:19:00+02:00,49.85069344608879,71.69284925147211
2963,2025-09-07 09:20:00+02:00,48.90441860465115,67.77172306273356
2964,2025-09-07 09:21:00+02:00,48.19301044540796,69.20462785416373
2965,2025-09-07 09:22:00+02:00,46.96618997175141,72.61704577047252
2966,2025-09-07 09:23:00+02:00,47.18069444444445,76.02946368678128
2967,2025-09-07 09:24:00+02:00,48.49719246031746,79.44188160308994
2968,2025-09-07 09:25:00+02:00,51.01024234693877,82.85429951939862
2969,2025-09-07 09:26:00+02:00,54.009503205128205,86.27086834348492
2970,2025-09-07 09:27:00+02:00,55.41461538461538,90.13365975366808
2971,2025-09-07 09:28:00+02:00,56.25036057692307,94.29324106995287
2972,2025-09-07 09:29:00+02:00,58.3459375,98.45282238623766
2973,2025-09-07 09:30:00+02:00,60.84918560606061,102.61240370252249
2974,2025-09-07 09:31:00+02:00,64.73719696969697,106.77198501880726
2975,2025-09-07 09:32:00+02:00,70.06541666666666,117.33057136442062
2976,2025-09-07 09:33:00+02:00,81.7058723036223,137.08203865303213
2977,2025-09-07 09:34:00+02:00,88.28363675213676,145.8083138717155
2978,2025-09-07 09:35:00+02:00,83.86561475908194,133.70807672012748
2979,2025-09-07 09:36:00+02:00,83.83209302325581,137.67623365116145
2980,2025-09-07 09:37:00+02:00,85.02911175710595,145.9413757471559
2981,2025-09-07 09:38:00+02:00,91.28761224668064,148.20441223125613
2982,2025-09-07 09:39:00+02:00,89.03268867924528,138.66452680488786
2983,2025-09-07 09:40:00+02:00,81.37344473938224,129.0093168829176
2984,2025-09-07 09:41:00+02:00,81.84914351851852,120.15555743215245
2985,2025-09-07 09:42:00+02:00,73.87783333333333,111.1919883981052
2986,2025-09-07 09:43:00+02:00,60.398829365079365,96.29503957841496
2987,2025-09-07 09:44:00+02:00,52.99348060344828,86.31947224311045
2988,2025-09-07 09:45:00+02:00,53.58822948175035,83.79401215822325
2989,2025-09-07 09:46:00+02:00,57.53980555555555,81.26855207333604
2990,2025-09-07 09:47:00+02:00,54.74837037505623,78.74309198844887
2991,2025-09-07 09:48:00+02:00,51.75425480769232,76.21763190356167
2992,2025-09-07 09:49:00+02:00,51.2782932692308,73.69217181867448
2993,2025-09-07 09:50:00+02:00,50.80233173076925,71.16671173378728
2994,2025-09-07 09:51:00+02:00,50.11528846153846,68.6412516489001
2995,2025-09-07 09:52:00+02:00,49.257458333333325,69.47465347691285
2996,2025-09-07 09:53:00+02:00,51.0945,80.83501475876379
2997,2025-09-07 09:54:00+02:00,59.24115625,89.92639162202471
2998,2025-09-07 09:55:00+02:00,62.58620689655172,95.21735275588404
2999,2025-09-07 09:56:00+02:00,60.858095238095245,100.49881285041988
3000,2025-09-07 09:57:00+02:00,62.2805,105.78027294495578
3001,2025-09-07 09:58:00+02:00,67.25466666666667,105.81704690827044
3002,2025-09-07 09:59:00+02:00,66.53271929824562,97.50773429136217
3003,2025-09-07 10:00:00+02:00,60.13213095238095,90.19342121444842
3004,2025-09-07 10:01:00+02:00,52.99108566252588,95.15982051084555
3005,2025-09-07 10:02:00+02:00,57.39525,103.47898314341514
3006,2025-09-07 10:03:00+02:00,67.93207969114219,110.51749732467823
3007,2025-09-07 10:04:00+02:00,70.26711581541218,115.39099072788358
3008,2025-09-07 10:05:00+02:00,66.97636363636364,120.23065568143167
3009,2025-09-07 10:06:00+02:00,70.25551195090439,125.07032063497971
3010,2025-09-07 10:07:00+02:00,74.68727252252252,127.6292694728937
3011,2025-09-07 10:08:00+02:00,69.14489001937984,110.64204117020509
3012,2025-09-07 10:09:00+02:00,63.190549418604654,95.1115257464992
3013,2025-09-07 10:10:00+02:00,56.86458225667528,97.20682167662984
3014,2025-09-07 10:11:00+02:00,75.39446296296296,120.56990600967092
3015,2025-09-07 10:12:00+02:00,74.55534722222222,113.18467288141304
3016,2025-09-07 10:13:00+02:00,60.37500648148148,94.00751744858431
3017,2025-09-07 10:14:00+02:00,64.76636203703704,105.17799608873483
3018,2025-09-07 10:15:00+02:00,69.16934794372294,113.15436014307582
3019,2025-09-07 10:16:00+02:00,67.0703253968254,118.30752566041647
3020,2025-09-07 10:17:00+02:00,72.91990476190476,123.46069117775716
3021,2025-09-07 10:18:00+02:00,72.80043492063491,128.4589754426044
3022,2025-09-07 10:19:00+02:00,84.85791666666667,128.31153765141386
3023,2025-09-07 10:20:00+02:00,82.92890053763442,125.63189158239675
3024,2025-09-07 10:21:00+02:00,84.20313116039428,122.95224551337955
3025,2025-09-07 10:22:00+02:00,84.9915625,120.27259944436238
3026,2025-09-07 10:23:00+02:00,77.79124537037036,117.59295337534522
3027,2025-09-07 10:24:00+02:00,68.68257156970867,114.91330730632802
3028,2025-09-07 10:25:00+02:00,72.21601851851852,112.23366123731088
3029,2025-09-07 10:26:00+02:00,71.9130150462963,109.76685163992138
3030,2025-09-07 10:27:00+02:00,64.23218660968661,111.38929359577165
3031,2025-09-07 10:28:00+02:00,65.8003105590062,114.57137330272963
3032,2025-09-07 10:29:00+02:00,62.81125,117.75345300968746
3033,2025-09-07 10:30:00+02:00,62.272298634336686,120.93553271664544
3034,2025-09-07 10:31:00+02:00,64.778327991453,124.11761242360322
3035,2025-09-07 10:32:00+02:00,71.0456923076923,127.29969213056108
3036,2025-09-07 10:33:00+02:00,80.23023518199705,130.70861257383044
3037,2025-09-07 10:34:00+02:00,82.73308411214954,134.9237372556126
3038,2025-09-07 10:35:00+02:00,84.7848100553825,139.2093664905727
3039,2025-09-07 10:36:00+02:00,89.6505137576848,143.4949957255328
3040,2025-09-07 10:37:00+02:00,88.58520917678813,147.7806249604929
3041,2025-09-07 10:38:00+02:00,94.3317015022015,154.70590347390703
3042,2025-09-07 10:39:00+02:00,101.88580555555556,169.03097776181093
3043,2025-09-07 10:40:00+02:00,109.41428240740738,176.49350051526773
3044,2025-09-07 10:41:00+02:00,108.96356986215538,181.4849980948095
3045,2025-09-07 10:42:00+02:00,109.96318713450292,186.47649567435124
3046,2025-09-07 10:43:00+02:00,113.8159889214728,191.4750909521708
3047,2025-09-07 10:44:00+02:00,117.79143244289584,199.31276554110536
3048,2025-09-07 10:45:00+02:00,121.62795238975116,209.41460588065414
3049,2025-09-07 10:46:00+02:00,133.6368220899471,225.3039589147362
3050,2025-09-07 10:47:00+02:00,141.0136273148148,231.86018621405523
3051,2025-09-07 10:48:00+02:00,142.26869444444444,222.3033135770347
3052,2025-09-07 10:49:00+02:00,125.82626984126983,204.90836979938118
3053,2025-09-07 10:50:00+02:00,112.1073646640827,179.6855515869764
3054,2025-09-07 10:51:00+02:00,108.46697674418606,166.3178510636405
3055,2025-09-07 10:52:00+02:00,104.2686030361757,156.74768653143633
3056,2025-09-07 10:53:00+02:00,98.1951851851852,162.94690560966453
3057,2025-09-07 10:54:00+02:00,108.26574508101852,177.3489157119348
3058,2025-09-07 10:55:00+02:00,110.42337239583333,185.61405780792927
3059,2025-09-07 10:56:00+02:00,116.3179415954416,194.7777938411046
3060,2025-09-07 10:57:00+02:00,123.98014376218325,208.78128313843635
3061,2025-09-07 10:58:00+02:00,122.71381303418804,210.1289149340757
3062,2025-09-07 10:59:00+02:00,123.1768923237754,200.7698569724348
3063,2025-09-07 11:00:00+02:00,116.88788095238095,186.98396459493804
3064,2025-09-07 11:01:00+02:00,95.98228333333331,158.07903402807494
3065,2025-09-07 11:02:00+02:00,92.37209444444444,145.577412381981
3066,2025-09-07 11:03:00+02:00,89.26073770491803,139.3380404075538
3067,2025-09-07 11:04:00+02:00,86.0377794117647,133.10120001351572
3068,2025-09-07 11:05:00+02:00,79.58306074297188,132.85154723975737
3069,2025-09-07 11:06:00+02:00,77.65614457831323,137.61870784943204
3070,2025-09-07 11:07:00+02:00,79.0415332535817,142.3858684591067
3071,2025-09-07 11:08:00+02:00,84.62925,147.15302906878145
3072,2025-09-07 11:09:00+02:00,97.25897486772487,161.0882518835501
3073,2025-09-07 11:10:00+02:00,120.96425925925926,202.77607959699
3074,2025-09-07 11:11:00+02:00,125.91369047619048,208.6525372234603
3075,2025-09-07 11:12:00+02:00,122.75355555555556,197.82565939426541
3076,2025-09-07 11:13:00+02:00,114.93713384383088,199.25847063987206
3077,2025-09-07 11:14:00+02:00,115.90913338937928,206.7900202421392
3078,2025-09-07 11:15:00+02:00,126.67525595238097,213.19703632802666
3079,2025-09-07 11:16:00+02:00,133.05759550712943,208.4714649986535
3080,2025-09-07 11:17:00+02:00,131.23122469397364,200.84971719755688
3081,2025-09-07 11:18:00+02:00,119.13881084656084,187.83501975479928
3082,2025-09-07 11:19:00+02:00,98.85414351851853,157.16046350830075
3083,2025-09-07 11:20:00+02:00,74.20878769841269,121.02139835953142
3084,2025-09-07 11:21:00+02:00,57.27404463566828,94.20332992709459
3085,2025-09-07 11:22:00+02:00,61.850509334415584,109.81201590136286
3086,2025-09-07 11:23:00+02:00,75.2551917989418,126.48354761312828
3087,2025-09-07 11:24:00+02:00,73.36748148148148,116.61632746734804
3088,2025-09-07 11:25:00+02:00,64.66139814814815,110.91543002826174
3089,2025-09-07 11:26:00+02:00,62.79188718323587,115.21784754204543
3090,2025-09-07 11:27:00+02:00,60.4325303030303,119.60692299991834
3091,2025-09-07 11:28:00+02:00,67.47935515873016,123.99599845779125
3092,2025-09-07 11:29:00+02:00,72.59673141186299,128.39813664024115
3093,2025-09-07 11:30:00+02:00,88.17255949566588,133.94979458546726
3094,2025-09-07 11:31:00+02:00,84.3830950270179,140.21990238242864
3095,2025-09-07 11:32:00+02:00,84.41535714285713,146.49001017938997
3096,2025-09-07 11:33:00+02:00,94.211875,153.0948310837479
3097,2025-09-07 11:34:00+02:00,91.29140105820106,160.5415061673155
3098,2025-09-07 11:35:00+02:00,101.01038105413106,168.0287525366281
3099,2025-09-07 11:36:00+02:00,106.71166666666666,175.77173367444686
3100,2025-09-07 11:37:00+02:00,108.33695370370371,183.87635993944568
3101,2025-09-07 11:38:00+02:00,114.64765802154194,191.32628307605117
3102,2025-09-07 11:39:00+02:00,114.30920535714286,182.81005026351517
3103,2025-09-07 11:40:00+02:00,109.25032051282052,177.00297571006507
3104,2025-09-07 11:41:00+02:00,112.97533333333332,187.27334769841318
3105,2025-09-07 11:42:00+02:00,124.21552777777778,211.19413921044134
3106,2025-09-07 11:43:00+02:00,133.5920833333333,228.3395619367706
3107,2025-09-07 11:44:00+02:00,137.40578125,229.63580551709745
3108,2025-09-07 11:45:00+02:00,134.41975801282052,217.12863508588848
3109,2025-09-07 11:46:00+02:00,114.611579218107,197.23627613797598
3110,2025-09-07 11:47:00+02:00,114.85581750553972,203.83053302629267
3111,2025-09-07 11:48:00+02:00,123.92471296296296,210.56509325265844
3112,2025-09-07 11:49:00+02:00,133.8055603546911,215.63428208624129
3113,2025-09-07 11:50:00+02:00,135.50831521739136,217.88805060296838
3114,2025-09-07 11:51:00+02:00,134.50775778495887,220.09782817724465
3115,2025-09-07 11:52:00+02:00,133.63459459459463,222.3076057515209
3116,2025-09-07 11:53:00+02:00,131.58005065505066,224.51738332579714
3117,2025-09-07 11:54:00+02:00,128.4250305250305,226.72716090007336
3118,2025-09-07 11:55:00+02:00,129.03346153846155,228.93693847434963
3119,2025-09-07 11:56:00+02:00,130.4624434794596,231.1467160486259
3120,2025-09-07 11:57:00+02:00,135.56720085470087,233.35649362290238
3121,2025-09-07 11:58:00+02:00,140.20977243659618,235.35566798235342
3122,2025-09-07 11:59:00+02:00,139.22330935251804,230.0498675320048
3123,2025-09-07 12:00:00+02:00,137.52444890241657,221.0862627236728
3124,2025-09-07 12:01:00+02:00,129.98178872053873,208.00695377724006
3125,2025-09-07 12:02:00+02:00,118.097375,186.78355855216995
3126,2025-09-07 12:03:00+02:00,107.44986655011654,167.2300329319531
3127,2025-09-07 12:04:00+02:00,98.77545347707849,151.4138534849461
3128,2025-09-07 12:05:00+02:00,91.4276701388889,138.819578307774
3129,2025-09-07 12:06:00+02:00,86.24817283950618,131.31993318646087
3130,2025-09-07 12:07:00+02:00,82.65409572879332,133.7252720288489
3131,2025-09-07 12:08:00+02:00,81.091875,136.44499827411204
3132,2025-09-07 12:09:00+02:00,81.75634615384617,139.16472451937517
3133,2025-09-07 12:10:00+02:00,83.07862393162394,141.88445076463833
3134,2025-09-07 12:11:00+02:00,87.47900500541125,144.60417700990143
3135,2025-09-07 12:12:00+02:00,91.7585212010212,147.3239032551646
3136,2025-09-07 12:13:00+02:00,93.02619658119654,150.05377196160046
3137,2025-09-07 12:14:00+02:00,94.4332727920228,156.8406251371297
3138,2025-09-07 12:15:00+02:00,99.73152777777776,166.86292342676074
3139,2025-09-07 12:16:00+02:00,105.3389701897019,167.66445161905654
3140,2025-09-07 12:17:00+02:00,100.42530949741317,155.30842401616118
3141,2025-09-07 12:18:00+02:00,94.42536652191892,154.19290048869422
3142,2025-09-07 12:19:00+02:00,95.77765313390312,157.83998324738525
3143,2025-09-07 12:20:00+02:00,100.64466503770667,161.48706600607622
3144,2025-09-07 12:21:00+02:00,102.7639208633094,165.13414876476733
3145,2025-09-07 12:22:00+02:00,103.44161870503596,168.78123152345827
3146,2025-09-07 12:23:00+02:00,107.0359476418865,174.59441357597618
3147,2025-09-07 12:24:00+02:00,118.66277777777778,194.6398579241991
3148,2025-09-07 12:25:00+02:00,132.90914814814815,221.57341515890818
3149,2025-09-07 12:26:00+02:00,146.93282407407406,249.28389187900396
3150,2025-09-07 12:27:00+02:00,163.1125,277.4510389407893
3151,2025-09-07 12:28:00+02:00,173.24230589016554,296.61420973473383
3152,2025-09-07 12:29:00+02:00,172.9929603547209,291.7866956493918
3153,2025-09-07 12:30:00+02:00,169.25518518518518,283.62751691360234
3154,2025-09-07 12:31:00+02:00,164.83824255952382,274.4647668761533
3155,2025-09-07 12:32:00+02:00,158.67579166666667,263.69630275604885
3156,2025-09-07 12:33:00+02:00,151.21599074074075,249.63788730095715
3157,2025-09-07 12:34:00+02:00,141.22249421296297,233.12816750602684
3158,2025-09-07 12:35:00+02:00,135.53791091954022,221.47993455647125
3159,2025-09-07 12:36:00+02:00,131.87918756530826,211.05666322279455
3160,2025-09-07 12:37:00+02:00,127.34906904186796,202.0227095896405
3161,2025-09-07 12:38:00+02:00,121.9752629556434,193.51358577821316
3162,2025-09-07 12:39:00+02:00,117.55858034083992,187.33787563859846
3163,2025-09-07 12:40:00+02:00,115.23020215633424,181.44513544052833
3164,2025-09-07 12:41:00+02:00,112.86761796733212,175.5523952424583
3165,2025-09-07 12:42:00+02:00,109.41399348032242,170.9876722240627
3166,2025-09-07 12:43:00+02:00,109.1424324324324,167.89075766741257
3167,2025-09-07 12:44:00+02:00,110.3006274131274,164.79384311076242
3168,2025-09-07 12:45:00+02:00,112.8252192982456,161.69692855411245
3169,2025-09-07 12:46:00+02:00,112.4032894736842,158.60001399746253
3170,2025-09-07 12:47:00+02:00,110.63753106725146,155.5030994408126
3171,2025-09-07 12:48:00+02:00,102.68178215303216,152.28278778775703
3172,2025-09-07 12:49:00+02:00,91.73500427350427,138.35706764430313
3173,2025-09-07 12:50:00+02:00,84.1453302373581,132.1122428993445
3174,2025-09-07 12:51:00+02:00,82.99184210526316,135.12130172389098
3175,2025-09-07 12:52:00+02:00,84.1286605263158,138.13036054843744
3176,2025-09-07 12:53:00+02:00,85.65095277777777,141.13941937298395
3177,2025-09-07 12:54:00+02:00,86.41489583333338,144.14847819753044
3178,2025-09-07 12:55:00+02:00,87.24721217105264,147.1575370220768
3179,2025-09-07 12:56:00+02:00,92.19372132253712,150.29202553825058
3180,2025-09-07 12:57:00+02:00,100.3568287037037,161.4540143185755
3181,2025-09-07 12:58:00+02:00,109.4542742165242,178.02267758147678
3182,2025-09-07 12:59:00+02:00,119.77894444444443,196.62245824466152
3183,2025-09-07 13:00:00+02:00,130.97046296296296,217.7972761657516
3184,2025-09-07 13:01:00+02:00,142.17440374440375,238.29089995444295
3185,2025-09-07 13:02:00+02:00,152.20630662393162,256.11704789161973
3186,2025-09-07 13:03:00+02:00,159.02759444444445,267.3318238274007
3187,2025-09-07 13:04:00+02:00,163.33045119047617,276.4051327734036
3188,2025-09-07 13:05:00+02:00,167.20904761904762,274.13113944055857
3189,2025-09-07 13:06:00+02:00,168.89435006435005,268.6916869500323
3190,2025-09-07 13:07:00+02:00,166.6914319126819,263.25223445950604
3191,2025-09-07 13:08:00+02:00,156.43355820105822,255.85540323185862
3192,2025-09-07 13:09:00+02:00,137.63006613756613,227.04124476866687
3193,2025-09-07 13:10:00+02:00,115.3658611111111,185.23881170971757
3194,2025-09-07 13:11:00+02:00,97.10811805555556,149.77719646715698
3195,2025-09-07 13:12:00+02:00,83.81099572649573,124.42119404043135
3196,2025-09-07 13:13:00+02:00,75.26268452380953,109.80501306193162
3197,2025-09-07 13:14:00+02:00,70.9780856374808,108.81711249931399
3198,2025-09-07 13:15:00+02:00,68.69819743130228,108.81711249931399
3199,2025-09-07 13:16:00+02:00,67.72982584712372,108.81711249931399
3200,2025-09-07 13:17:00+02:00,68.01978723404257,108.81711249931399
3201,2025-09-07 13:18:00+02:00,68.66078191489362,108.81711249931399
3202,2025-09-07 13:19:00+02:00,70.21631140350878,108.81711249931399
3203,2025-09-07 13:20:00+02:00,71.04397129186604,108.81711249931399
3204,2025-09-07 13:21:00+02:00,71.47459330143543,108.81711249931399
3205,2025-09-07 13:22:00+02:00,71.90521531100481,108.82101497626637
3206,2025-09-07 13:23:00+02:00,73.71717271551312,110.38590823416448
3207,2025-09-07 13:24:00+02:00,76.774227703236,113.19569163986688
3208,2025-09-07 13:25:00+02:00,77.30339779005526,116.00547504556926
3209,2025-09-07 13:26:00+02:00,76.78295580110499,118.81525845127157
3210,2025-09-07 13:27:00+02:00,76.27734612537466,121.62504185697387
3211,2025-09-07 13:28:00+02:00,76.67338235294118,124.43482526267613
3212,2025-09-07 13:29:00+02:00,77.9585673374613,127.24460866837839
3213,2025-09-07 13:30:00+02:00,82.1545562865497,131.12109173078176
3214,2025-09-07 13:31:00+02:00,87.64916666666666,141.19131473532025
3215,2025-09-07 13:32:00+02:00,95.0318287037037,153.00618166194013
3216,2025-09-07 13:33:00+02:00,102.97757326007326,167.9515505134027
3217,2025-09-07 13:34:00+02:00,110.6873247863248,182.15321470626424
3218,2025-09-07 13:35:00+02:00,115.66722544893378,191.5511131487495
3219,2025-09-07 13:36:00+02:00,115.71999999999998,185.06694698679505
3220,2025-09-07 13:37:00+02:00,113.00793430335098,177.0617150196055
3221,2025-09-07 13:38:00+02:00,107.27369047619048,170.19317366997927
3222,2025-09-07 13:39:00+02:00,107.54965354090352,164.83775944113546
3223,2025-09-07 13:40:00+02:00,112.32449018723212,159.48972632019786
3224,2025-09-07 13:41:00+02:00,105.16867691798944,154.14169319926023
3225,2025-09-07 13:42:00+02:00,87.3236011904762,135.83379572559596
3226,2025-09-07 13:43:00+02:00,78.57497495446265,119.70815911539006
3227,2025-09-07 13:44:00+02:00,74.37870722446952,110.21281839382999
3228,2025-09-07 13:45:00+02:00,68.5656173901957,110.04308498915222
3229,2025-09-07 13:46:00+02:00,66.15801749370364,111.13283831345277
3230,2025-09-07 13:47:00+02:00,66.12872881355935,112.2225916377534
3231,2025-09-07 13:48:00+02:00,66.93720697063739,113.312344962054
3232,2025-09-07 13:49:00+02:00,68.07133802816901,114.40209828635463
3233,2025-09-07 13:50:00+02:00,69.96948232323233,115.49185161065523
3234,2025-09-07 13:51:00+02:00,71.64614583333335,116.58160493495586
3235,2025-09-07 13:52:00+02:00,75.20378228557506,117.6713582592566
3236,2025-09-07 13:53:00+02:00,78.82907755570612,118.76111158355732
3237,2025-09-07 13:54:00+02:00,82.30669612794613,125.33239535479765
3238,2025-09-07 13:55:00+02:00,87.70874722499723,136.50432563583476
3239,2025-09-07 13:56:00+02:00,93.20475852272727,145.86338359747555
3240,2025-09-07 13:57:00+02:00,97.97904135338348,153.66050012202044
3241,2025-09-07 13:58:00+02:00,101.2335012020629,159.37840888939215
3242,2025-09-07 13:59:00+02:00,103.71013098464316,165.0861751798996
3243,2025-09-07 14:00:00+02:00,106.83968398268398,170.77547410788233
3244,2025-09-07 14:01:00+02:00,110.69557990763872,175.87381743508038
3245,2025-09-07 14:02:00+02:00,112.64682432432431,180.69515032441063
3246,2025-09-07 14:03:00+02:00,114.04961902286902,185.51648321374068
3247,2025-09-07 14:04:00+02:00,116.16501025641026,190.33781610307068
3248,2025-09-07 14:05:00+02:00,120.35097352941176,192.6522279735253
3249,2025-09-07 14:06:00+02:00,123.23344975490195,189.31721085876055
3250,2025-09-07 14:07:00+02:00,122.3016271551724,185.76181453813717
3251,2025-09-07 14:08:00+02:00,119.59891159128227,182.20641821751383
3252,2025-09-07 14:09:00+02:00,116.97690522243714,178.65102189689048
3253,2025-09-07 14:10:00+02:00,114.98597222222224,175.0956255762671
3254,2025-09-07 14:11:00+02:00,112.58746527777778,174.0602039285456
3255,2025-09-07 14:12:00+02:00,110.16307511737092,178.1701317535239
3256,2025-09-07 14:13:00+02:00,111.03025070422537,182.42709457219667
3257,2025-09-07 14:14:00+02:00,114.96445396825398,186.6840573908695
3258,2025-09-07 14:15:00+02:00,119.63156314699796,190.9410202095423
3259,2025-09-07 14:16:00+02:00,123.49292132616488,197.0758374905575
3260,2025-09-07 14:17:00+02:00,127.7593846930847,206.38529174941954
3261,2025-09-07 14:18:00+02:00,137.40746626984128,218.74704747375333
3262,2025-09-07 14:19:00+02:00,153.82916666666668,245.22116046530206
3263,2025-09-07 14:20:00+02:00,169.39437037037038,273.16238704465746
3264,2025-09-07 14:21:00+02:00,185.5012896825397,301.0364170985966
3265,2025-09-07 14:22:00+02:00,208.28526455026451,338.23411571060893
3266,2025-09-07 14:23:00+02:00,225.49219312169316,369.1715823160139
3267,2025-09-07 14:24:00+02:00,246.6281349206349,396.1488398644816
3268,2025-09-07 14:25:00+02:00,246.3586177248677,392.44923876019135
3269,2025-09-07 14:26:00+02:00,234.75494570244567,379.1645347571173
3270,2025-09-07 14:27:00+02:00,229.30753338675217,368.8163080678233
3271,2025-09-07 14:28:00+02:00,216.75974702380952,351.9201146029279
3272,2025-09-07 14:29:00+02:00,197.73787698412696,321.0972337618172
3273,2025-09-07 14:30:00+02:00,180.4310185185185,290.8193734394306
3274,2025-09-07 14:31:00+02:00,159.13392857142858,258.3131804136958
3275,2025-09-07 14:32:00+02:00,138.32937996031748,221.8872586677243
3276,2025-09-07 14:33:00+02:00,125.7396527777778,198.53124896675965
3277,2025-09-07 14:34:00+02:00,123.69566666666668,202.8799779110086
3278,2025-09-07 14:35:00+02:00,131.51849326599327,211.77704490676726
3279,2025-09-07 14:36:00+02:00,144.83958723146222,224.38334061634998
3280,2025-09-07 14:37:00+02:00,218.0834084084084,306.85943431300194
3281,2025-09-07 14:38:00+02:00,510.0570138888889,664.7382227852509
3282,2025-09-07 14:39:00+02:00,306.8886111111111,453.3565121635017
3283,2025-09-07 14:40:00+02:00,195.0892748397436,309.5931830321241
3284,2025-09-07 14:41:00+02:00,183.71258703703705,305.65014232590426
3285,2025-09-07 14:42:00+02:00,183.06033333333332,311.2327383030233
3286,2025-09-07 14:43:00+02:00,188.3892720797721,316.8153342801424
3287,2025-09-07 14:44:00+02:00,205.93645833333332,333.2308248319091
3288,2025-09-07 14:45:00+02:00,228.1223055555556,365.80793073743564
3289,2025-09-07 14:46:00+02:00,252.0605238095238,404.47442185485767
3290,2025-09-07 14:47:00+02:00,255.6673703703704,414.5507041391945
3291,2025-09-07 14:48:00+02:00,243.52238425925927,396.99340724590076
3292,2025-09-07 14:49:00+02:00,230.0360515873016,377.1035382139515
3293,2025-09-07 14:50:00+02:00,207.51839285714289,342.45117901451744
3294,2025-09-07 14:51:00+02:00,183.45834482038427,304.35518398965917
3295,2025-09-07 14:52:00+02:00,177.66988648705097,284.608161846459
3296,2025-09-07 14:53:00+02:00,175.04552579365077,290.5239656069482
3297,2025-09-07 14:54:00+02:00,188.21016666666665,304.092775273557
3298,2025-09-07 14:55:00+02:00,191.9875992063492,315.28012038643453
3299,2025-09-07 14:56:00+02:00,206.9806904761905,335.8032884038683
3300,2025-09-07 14:57:00+02:00,225.80704365079364,369.77884532973184
3301,2025-09-07 14:58:00+02:00,246.64727182539684,403.44594770419906
3302,2025-09-07 14:59:00+02:00,252.20083364129096,417.1194356224779
3303,2025-09-07 15:00:00+02:00,257.7653464963221,429.14517099088096
3304,2025-09-07 15:01:00+02:00,267.41019841269843,440.4980013321713
3305,2025-09-07 15:02:00+02:00,279.2023611111111,452.61641205529173
3306,2025-09-07 15:03:00+02:00,288.7804401709401,466.36070808716534
3307,2025-09-07 15:04:00+02:00,284.8947797619048,462.2636695795609
3308,2025-09-07 15:05:00+02:00,322.36358333333334,507.45264811545974
3309,2025-09-07 15:06:00+02:00,333.70373015873014,523.1579125810898
3310,2025-09-07 15:07:00+02:00,366.9766666666667,573.2018697334788
3311,2025-09-07 15:08:00+02:00,422.769,620.5322723464342
3312,2025-09-07 15:09:00+02:00,392.0912638888889,588.0479519555629
3313,2025-09-07 15:10:00+02:00,299.95708333333334,480.9778393388492
3314,2025-09-07 15:11:00+02:00,269.90744909688016,429.6160687308398
3315,2025-09-07 15:12:00+02:00,261.9007193090485,414.8018563842474
3316,2025-09-07 15:13:00+02:00,256.2708978174603,408.4611290742121
3317,2025-09-07 15:14:00+02:00,251.2493931051587,414.6138788397847
3318,2025-09-07 15:15:00+02:00,250.7980677083333,421.17486792629586
3319,2025-09-07 15:16:00+02:00,290.77519841269844,455.0005635359446
3320,2025-09-07 15:17:00+02:00,320.3688210978836,492.5979080048463
3321,2025-09-07 15:18:00+02:00,307.8490873015873,476.7250484687152
3322,2025-09-07 15:19:00+02:00,287.2380092592593,440.3531939771896
3323,2025-09-07 15:20:00+02:00,260.44462855297155,411.5303078820116
3324,2025-09-07 15:21:00+02:00,256.5176375430663,399.5357019976084
3325,2025-09-07 15:22:00+02:00,240.07547875817,380.32522303373844
3326,2025-09-07 15:23:00+02:00,234.840095996732,364.9695723989759
3327,2025-09-07 15:24:00+02:00,223.27597222222224,351.71043935799287
3328,2025-09-07 15:25:00+02:00,206.63354956604957,335.2091985421324
3329,2025-09-07 15:26:00+02:00,203.25808677098152,340.2076484156727
3330,2025-09-07 15:27:00+02:00,209.3465555555556,347.56505814274294
3331,2025-09-07 15:28:00+02:00,223.30315277777777,351.943345768788
3332,2025-09-07 15:29:00+02:00,200.9269427910053,319.4943973441221
3333,2025-09-07 15:30:00+02:00,186.36494318181815,297.81336176105435
3334,2025-09-07 15:31:00+02:00,176.72240740740742,281.5775232562353
3335,2025-09-07 15:32:00+02:00,167.13802243589743,267.0553101731423
3336,2025-09-07 15:33:00+02:00,164.69660256410256,257.46678322242997
3337,2025-09-07 15:34:00+02:00,157.59733333333335,248.7930088013858
3338,2025-09-07 15:35:00+02:00,153.4895033112583,246.70723313415525
3339,2025-09-07 15:36:00+02:00,152.09811258278145,246.70723313415525
3340,2025-09-07 15:37:00+02:00,151.47427152317874,246.70723313415525
3341,2025-09-07 15:38:00+02:00,150.60182475254575,246.70723313415525
3342,2025-09-07 15:39:00+02:00,149.6319804951238,246.70723313415525
3343,2025-09-07 15:40:00+02:00,150.56538461538466,246.70723313415525
3344,2025-09-07 15:41:00+02:00,151.87453063885266,246.70723313415525
3345,2025-09-07 15:42:00+02:00,153.41185420590082,246.70723313415525
3346,2025-09-07 15:43:00+02:00,154.94522852639872,246.70723313415525
3347,2025-09-07 15:44:00+02:00,153.6719184397163,245.88224950642538
3348,2025-09-07 15:45:00+02:00,150.25856834795323,241.9341135737184
3349,2025-09-07 15:46:00+02:00,148.43989473684212,237.69134063110786
3350,2025-09-07 15:47:00+02:00,147.3001403508772,233.44856768849743
3351,2025-09-07 15:48:00+02:00,145.63709494324044,229.20579474588695
3352,2025-09-07 15:49:00+02:00,145.3084477124183,230.33383358380323
3353,2025-09-07 15:50:00+02:00,162.97119047619046,252.92760058648096
3354,2025-09-07 15:51:00+02:00,153.91072420634922,242.46887055842896
3355,2025-09-07 15:52:00+02:00,144.0108611111111,224.9642580424788
3356,2025-09-07 15:53:00+02:00,139.83436455722642,216.55783146621096
3357,2025-09-07 15:54:00+02:00,135.48438500765803,208.84369884328265
3358,2025-09-07 15:55:00+02:00,129.9612832270069,202.27659495193242
3359,2025-09-07 15:56:00+02:00,126.04486243386242,197.33155189311643
3360,2025-09-07 15:57:00+02:00,123.22459340659344,192.39809498310424
3361,2025-09-07 15:58:00+02:00,121.46218137254904,187.46463807309198
3362,2025-09-07 15:59:00+02:00,119.51429738562092,181.36178936723925
3363,2025-09-07 16:00:00+02:00,113.5775,170.58137347802443
3364,2025-09-07 16:01:00+02:00,105.33725694444443,158.29657460934845
3365,2025-09-07 16:02:00+02:00,97.0481971153846,144.0316592809035
3366,2025-09-07 16:03:00+02:00,92.64030555555556,139.7357735694975
3367,2025-09-07 16:04:00+02:00,92.92353174603176,138.6422753884123
3368,2025-09-07 16:05:00+02:00,93.44527518978607,137.5487772073271
3369,2025-09-07 16:06:00+02:00,92.565,136.45527902624193
3370,2025-09-07 16:07:00+02:00,90.68278260869566,135.36178084515677
3371,2025-09-07 16:08:00+02:00,88.59550825082509,134.2682826640716
3372,2025-09-07 16:09:00+02:00,87.96868811881187,133.17478448298638
3373,2025-09-07 16:10:00+02:00,87.50235148514851,132.08128630190126
3374,2025-09-07 16:11:00+02:00,86.99638809275665,130.98778812081605
3375,2025-09-07 16:12:00+02:00,85.37054756030703,128.07826632114362
3376,2025-09-07 16:13:00+02:00,83.74334069293478,119.25344042650735
3377,2025-09-07 16:14:00+02:00,81.33770172978028,113.61860451255637
3378,2025-09-07 16:15:00+02:00,78.10667530721966,108.38061322538297
3379,2025-09-07 16:16:00+02:00,75.26250467237425,103.14262193820947
3380,2025-09-07 16:17:00+02:00,71.90666337285903,97.81533764888019
3381,2025-09-07 16:18:00+02:00,68.11088709677419,92.05912804562413
3382,2025-09-07 16:19:00+02:00,64.40375133652081,86.24711031602072
3383,2025-09-07 16:20:00+02:00,61.74440019910404,80.4350925864173
3384,2025-09-07 16:21:00+02:00,60.203232182925525,76.5679087636821
3385,2025-09-07 16:22:00+02:00,59.65405759162305,75.45099511227579
3386,2025-09-07 16:23:00+02:00,59.16086387434556,74.35372624780754
3387,2025-09-07 16:24:00+02:00,58.49387715033657,73.25645738333928
3388,2025-09-07 16:25:00+02:00,57.00002407704654,72.15918851887102
3389,2025-09-07 16:26:00+02:00,55.876399212522806,71.06191965440277
3390,2025-09-07 16:27:00+02:00,54.72532051282051,69.96465078993451
3391,2025-09-07 16:28:00+02:00,53.71833165997324,68.86738192546626
3392,2025-09-07 16:29:00+02:00,53.114457831325325,67.77011306099807
3393,2025-09-07 16:30:00+02:00,52.52168674698797,66.61970047897331
3394,2025-09-07 16:31:00+02:00,51.787387387387376,64.2242065141933
3395,2025-09-07 16:32:00+02:00,50.92826178588226,61.304867333497995
3396,2025-09-07 16:33:00+02:00,49.88500000000001,58.385528152802706
3397,2025-09-07 16:34:00+02:00,48.81450238453815,56.00545579298587
3398,2025-09-07 16:35:00+02:00,47.85913254310345,55.78245071668276
3399,2025-09-07 16:36:00+02:00,46.440868226600976,55.78245071668276
3400,2025-09-07 16:37:00+02:00,44.82973389355743,55.78245071668276
3401,2025-09-07 16:38:00+02:00,44.87943277310927,55.78245071668276
3402,2025-09-07 16:39:00+02:00,45.29539915966388,55.78245071668276
3403,2025-09-07 16:40:00+02:00,45.711365546218495,55.78245071668276
3404,2025-09-07 16:41:00+02:00,46.30352361634309,55.78245071668276
3405,2025-09-07 16:42:00+02:00,47.45849156836056,55.78245071668276
3406,2025-09-07 16:43:00+02:00,47.06542763157893,55.78245071668276
3407,2025-09-07 16:44:00+02:00,46.44569078947367,57.046711340995955
3408,2025-09-07 16:45:00+02:00,45.227483060417846,59.618088881971985
3409,2025-09-07 16:46:00+02:00,43.801558441558434,62.189466422948016
3410,2025-09-07 16:47:00+02:00,43.57582251082251,64.76084396392409
3411,2025-09-07 16:48:00+02:00,44.53888311688312,67.33222150490019
3412,2025-09-07 16:49:00+02:00,46.12987878787879,69.90359904587632
3413,2025-09-07 16:50:00+02:00,49.147281746031744,72.47497658685242
3414,2025-09-07 16:51:00+02:00,52.475895536562206,75.04635412782844
3415,2025-09-07 16:52:00+02:00,54.93265516890517,76.67367823913425
3416,2025-09-07 16:53:00+02:00,55.34257936507935,75.72968003664494
3417,2025-09-07 16:54:00+02:00,54.59496031746031,74.63618185555976
3418,2025-09-07 16:55:00+02:00,53.41281860311155,73.54268367447457
3419,2025-09-07 16:56:00+02:00,51.945526315789465,72.44918549338941
3420,2025-09-07 16:57:00+02:00,51.1925065859537,71.35568731230423
3421,2025-09-07 16:58:00+02:00,51.46883386581468,70.26218913121905
3422,2025-09-07 16:59:00+02:00,51.769792332268345,69.16869095013388
3423,2025-09-07 17:00:00+02:00,52.07075079872201,68.0751927690487
3424,2025-09-07 17:01:00+02:00,52.37170926517569,66.9816945879635
3425,2025-09-07 17:02:00+02:00,52.84248817396042,66.98169458796349
3426,2025-09-07 17:03:00+02:00,53.851836240310085,68.07519276904866
3427,2025-09-07 17:04:00+02:00,54.95172619047619,69.16869095013384
3428,2025-09-07 17:05:00+02:00,55.91259561803444,70.26218913121902
3429,2025-09-07 17:06:00+02:00,56.58634751773048,71.35568731230418
3430,2025-09-07 17:07:00+02:00,57.27096177131984,72.44918549338936
3431,2025-09-07 17:08:00+02:00,58.05817073170732,73.54268367447455
3432,2025-09-07 17:09:00+02:00,58.758541040204925,74.63618185555971
3433,2025-09-07 17:10:00+02:00,58.55726027397261,75.7296800366449
3434,2025-09-07 17:11:00+02:00,58.14630136986303,76.75939082383344
3435,2025-09-07 17:12:00+02:00,57.73534246575344,76.99631542973525
3436,2025-09-07 17:13:00+02:00,57.36190589636689,76.99631542973525
3437,2025-09-07 17:14:00+02:00,57.09478260869566,76.99631542973525
3438,2025-09-07 17:15:00+02:00,56.8339130434783,76.99631542973525
3439,2025-09-07 17:16:00+02:00,56.57304347826092,76.99631542973525
3440,2025-09-07 17:17:00+02:00,56.31217391304352,76.99631542973525
3441,2025-09-07 17:18:00+02:00,56.0513043478261,76.99631542973525
3442,2025-09-07 17:19:00+02:00,56.16010288065843,76.99631542973525
3443,2025-09-07 17:20:00+02:00,56.62183127572016,76.99631542973525
3444,2025-09-07 17:21:00+02:00,57.08355967078188,76.99631542973525
3445,2025-09-07 17:22:00+02:00,57.545288065843614,76.99631542973525
3446,2025-09-07 17:23:00+02:00,57.93281967213115,76.99631542973525
3447,2025-09-07 17:24:00+02:00,58.2436393442623,76.99631542973525
3448,2025-09-07 17:25:00+02:00,58.55445901639344,76.99631542973525
3449,2025-09-07 17:26:00+02:00,58.86527868852459,76.99631542973525
3450,2025-09-07 17:27:00+02:00,59.176098360655736,76.99631542973525
3451,2025-09-07 17:28:00+02:00,58.91486433832264,76.99631542973525
3452,2025-09-07 17:29:00+02:00,57.47328502415459,76.99631542973525
3453,2025-09-07 17:30:00+02:00,55.91781481481481,76.99631542973525
3454,2025-09-07 17:31:00+02:00,54.85319344344344,75.6230073327274
3455,2025-09-07 17:32:00+02:00,53.67724041184041,72.05240628050699
3456,2025-09-07 17:33:00+02:00,52.91768571428573,68.45683599015916
3457,2025-09-07 17:34:00+02:00,52.3794,64.86126569981127
3458,2025-09-07 17:35:00+02:00,51.77334545454545,61.26569540946332
3459,2025-09-07 17:36:00+02:00,49.94567687747036,57.6701251191154
3460,2025-09-07 17:37:00+02:00,48.32868333690298,55.26214508473612
3461,2025-09-07 17:38:00+02:00,47.78182266009853,54.16676480695372
3462,2025-09-07 17:39:00+02:00,47.27344827586208,53.07138452917131
3463,2025-09-07 17:40:00+02:00,46.73375498475253,51.976004251388915
3464,2025-09-07 17:41:00+02:00,45.8911224489796,50.88062397360652
3465,2025-09-07 17:42:00+02:00,45.03774725274726,49.78524369582412
3466,2025-09-07 17:43:00+02:00,44.33884615384617,48.689863418041725
3467,2025-09-07 17:44:00+02:00,43.70013083228248,47.59448314025933
3468,2025-09-07 17:45:00+02:00,43.28854508196722,46.49910286247693
3469,2025-09-07 17:46:00+02:00,42.902479508196734,45.449363429602116
3470,2025-09-07 17:47:00+02:00,42.516413934426254,45.1755183601565
3471,2025-09-07 17:48:00+02:00,42.09375846400571,45.1755183601565
3472,2025-09-07 17:49:00+02:00,41.471521739130445,45.1755183601565
3473,2025-09-07 17:50:00+02:00,40.81322360248448,45.1755183601565
3474,2025-09-07 17:51:00+02:00,39.989571428571416,45.1755183601565
3475,2025-09-07 17:52:00+02:00,39.2223182434264,45.1755183601565
3476,2025-09-07 17:53:00+02:00,39.268814041745735,45.1755183601565
3477,2025-09-07 17:54:00+02:00,39.45666982922201,45.1755183601565
3478,2025-09-07 17:55:00+02:00,39.64452561669829,45.1755183601565
3479,2025-09-07 17:56:00+02:00,39.83238140417456,45.64855479458133
3480,2025-09-07 17:57:00+02:00,40.02023719165084,47.704443913427724
3481,2025-09-07 17:58:00+02:00,40.20809297912714,49.887688995388515
3482,2025-09-07 17:59:00+02:00,40.39594876660342,52.07093407734932
3483,2025-09-07 18:00:00+02:00,40.5838045540797,44.23995288010225
3484,2025-09-07 18:01:00+02:00,41.36095577922613,46.38831713400653
3485,2025-09-07 18:02:00+02:00,43.88387799564271,48.53668138791079
3486,2025-09-07 18:03:00+02:00,46.4421875,50.68504564181505
3487,2025-09-07 18:04:00+02:00,48.52940120967741,52.83340989571933
3488,2025-09-07 18:05:00+02:00,49.945243137512016,54.981774149623604
3489,2025-09-07 18:06:00+02:00,49.5498780487805,55.386217665511694
3490,2025-09-07 18:07:00+02:00,48.67821895424837,53.25806866612527
3491,2025-09-07 18:08:00+02:00,47.01863849385908,51.10601306470569
3492,2025-09-07 18:09:00+02:00,46.45774725274728,48.953957463286145
3493,2025-09-07 18:10:00+02:00,45.963241758241765,46.801901861866625
3494,2025-09-07 18:11:00+02:00,45.31101488627652,44.64984626044705
3495,2025-09-07 18:12:00+02:00,44.2625303911205,42.497790659027515
3496,2025-09-07 18:13:00+02:00,43.605170454545465,40.34573505760797
3497,2025-09-07 18:14:00+02:00,43.09380681818183,38.193679456188406
3498,2025-09-07 18:15:00+02:00,42.534570565202586,36.02164968601311
3499,2025-09-07 18:16:00+02:00,41.4279213483146,32.83759536554954
3500,2025-09-07 18:17:00+02:00,39.67009852549179,29.087606263674743
3501,2025-09-07 18:18:00+02:00,36.98270880255255,25.59803307165236
3502,2025-09-07 18:19:00+02:00,34.459408049353705,24.868868524065576
3503,2025-09-07 18:20:00+02:00,32.529067321178125,24.868868524065576
3504,2025-09-07 18:21:00+02:00,31.362894585253454,24.868868524065576
3505,2025-09-07 18:22:00+02:00,31.081651785714268,24.868868524065576
3506,2025-09-07 18:23:00+02:00,30.851294642857116,24.868868524065576
3507,2025-09-07 18:24:00+02:00,30.62093749999998,24.868868524065576
3508,2025-09-07 18:25:00+02:00,30.39058035714284,24.868868524065576
3509,2025-09-07 18:26:00+02:00,30.160223214285704,24.868868524065576
3510,2025-09-07 18:27:00+02:00,29.929866071428563,24.868868524065576
3511,2025-09-07 18:28:00+02:00,29.647894345238097,23.996656574186623
3512,2025-09-07 18:29:00+02:00,28.10833333333333,20.653177432983966
3513,2025-09-07 18:30:00+02:00,26.127849099099095,17.164329633468128
3514,2025-09-07 18:31:00+02:00,24.77929617117117,13.675481833952297
3515,2025-09-07 18:32:00+02:00,23.29241883116883,10.186634034436459
3516,2025-09-07 18:33:00+02:00,22.115547619047614,6.697786234920628
3517,2025-09-07 18:34:00+02:00,21.194954545454557,3.841817527952511
3518,2025-09-07 18:35:00+02:00,20.349659874608147,2.673526401111637
3519,2025-09-07 18:36:00+02:00,19.564741379310338,1.5956465732061496
3520,2025-09-07 18:37:00+02:00,18.63765517241379,0.5177667453006514
3521,2025-09-07 18:38:00+02:00,17.183854166666666,-0.5601130826048362
3522,2025-09-07 18:39:00+02:00,16.14197916666667,-1.6379929105103272
3523,2025-09-07 18:40:00+02:00,15.319602649006626,-2.7158727384158183
3524,2025-09-07 18:41:00+02:00,14.667947019867553,-3.793752566321306
3525,2025-09-07 18:42:00+02:00,14.035167165135654,-4.8716323942268005
3526,2025-09-07 18:43:00+02:00,13.528225806451609,-5.949512222132299
3527,2025-09-07 18:44:00+02:00,13.044354838709674,-7.260932679417323
3528,2025-09-07 18:45:00+02:00,12.57063918757467,-8.769964438485005
3529,2025-09-07 18:46:00+02:00,12.20456989247312,-10.27899619755269
3530,2025-09-07 18:47:00+02:00,11.86693548387097,-11.788027956620382
3531,2025-09-07 18:48:00+02:00,11.52930107526882,-13.297059715688075
3532,2025-09-07 18:49:00+02:00,11.191666666666672,-14.80609147475577
3533,2025-09-07 18:50:00+02:00,10.839042869269951,-16.304643846607718
3534,2025-09-07 18:51:00+02:00,10.446447368421053,-16.88101014347385
3535,2025-09-07 18:52:00+02:00,10.051710526315787,-16.88101014347385
3536,2025-09-07 18:53:00+02:00,9.656973684210524,-16.88101014347385
3537,2025-09-07 18:54:00+02:00,9.247093447088035,-16.88101014347385
3538,2025-09-07 18:55:00+02:00,8.817054794520542,-16.88101014347385
3539,2025-09-07 18:56:00+02:00,8.386917808219176,-16.88101014347385
3540,2025-09-07 18:57:00+02:00,7.950852135374698,-16.88101014347385
3541,2025-09-07 18:58:00+02:00,7.4041176470588255,-16.88101014347385
3542,2025-09-07 18:59:00+02:00,6.81588235294118,-16.88101014347385
3543,2025-09-07 19:00:00+02:00,6.23275246514791,-16.97083346246598
3544,2025-09-07 19:01:00+02:00,5.663236994219653,-17.860084320488006
3545,2025-09-07 19:02:00+02:00,5.094450867052022,-18.937964148393498
3546,2025-09-07 19:03:00+02:00,4.560896955302465,-20.01584397629899
3547,2025-09-07 19:04:00+02:00,4.090346534653462,-21.09372380420448
3548,2025-09-07 19:05:00+02:00,3.621039603960394,-22.17160363210997
3549,2025-09-07 19:06:00+02:00,3.1797691889516053,-23.249483460015465
3550,2025-09-07 19:07:00+02:00,2.925408878504674,-24.327363287920964
3551,2025-09-07 19:08:00+02:00,2.705315420560748,-25.405243115826458
3552,2025-09-07 19:09:00+02:00,2.485221962616824,-26.483122943731953
3553,2025-09-07 19:10:00+02:00,2.265128504672899,-27.278059316812254
3554,2025-09-07 19:11:00+02:00,2.045035046728974,-27.31847981035871
3555,2025-09-07 19:12:00+02:00,1.824941588785048,-27.31847981035871
3556,2025-09-07 19:13:00+02:00,1.611350708991299,-27.31847981035871
3557,2025-09-07 19:14:00+02:00,1.478577586206896,-27.31847981035871
3558,2025-09-07 19:15:00+02:00,1.3699568965517228,-27.31847981035871
3559,2025-09-07 19:16:00+02:00,1.26133620689655,-27.31847981035871
3560,2025-09-07 19:17:00+02:00,1.1527155172413768,-27.31847981035871
3561,2025-09-07 19:18:00+02:00,1.044094827586204,-27.31847981035871
3562,2025-09-07 19:19:00+02:00,0.935474137931032,-27.31847981035871
3563,2025-09-07 19:20:00+02:00,0.8268534482758603,-27.31847981035871
3564,2025-09-07 19:21:00+02:00,0.7182327586206885,-27.31847981035871
3565,2025-09-07 19:22:00+02:00,0.6096120689655168,-27.31847981035871
3566,2025-09-07 19:23:00+02:00,0.5143649212824272,-27.31847981035871
3567,2025-09-07 19:24:00+02:00,0.461358595194085,-27.31847981035871
3568,2025-09-07 19:25:00+02:00,0.4114510166358596,-27.31847981035871
3569,2025-09-07 19:26:00+02:00,0.3615434380776341,-27.31847981035871
3570,2025-09-07 19:27:00+02:00,0.3116358595194086,-27.31847981035871
3571,2025-09-07 19:28:00+02:00,0.2617282809611831,-27.31847981035871
3572,2025-09-07 19:29:00+02:00,0.2118207024029577,-27.31847981035871
3573,2025-09-07 19:30:00+02:00,0.1619131238447322,-27.31847981035871
3574,2025-09-07 19:31:00+02:00,0.1120055452865065,-27.31847981035871
3575,2025-09-07 19:32:00+02:00,0.0729112754158965,-27.31847981035871
3576,2025-09-07 19:33:00+02:00,0.07,-27.31847981035871
3577,2025-09-07 19:34:00+02:00,0.07,-27.31847981035871
3578,2025-09-07 19:35:00+02:00,0.07,-27.31847981035871
3579,2025-09-07 19:36:00+02:00,0.07,-27.31847981035871
3580,2025-09-07 19:37:00+02:00,0.07,-27.31847981035871
3581,2025-09-07 19:38:00+02:00,0.07,-27.31847981035871
3582,2025-09-07 19:39:00+02:00,0.07,-27.31847981035871
3583,2025-09-07 19:40:00+02:00,0.07,-27.31847981035871
3584,2025-09-07 19:41:00+02:00,0.0700114744693057,-27.31847981035871
3585,2025-09-07 19:42:00+02:00,0.0746127366609294,-27.31847981035871
3586,2025-09-07 19:43:00+02:00,0.0828743545611015,-27.31847981035871
3587,2025-09-07 19:44:00+02:00,0.0911359724612737,-27.31847981035871
3588,2025-09-07 19:45:00+02:00,0.0993975903614459,-27.31847981035871
3589,2025-09-07 19:46:00+02:00,0.107659208261618,-27.31847981035871
3590,2025-09-07 19:47:00+02:00,0.1159208261617901,-27.31847981035871
3591,2025-09-07 19:48:00+02:00,0.1241824440619622,-27.31847981035871
3592,2025-09-07 19:49:00+02:00,0.1324440619621342,-27.31847981035871
3593,2025-09-07 19:50:00+02:00,0.1407056798623063,-27.31847981035871
3594,2025-09-07 19:51:00+02:00,0.1483935742971887,-27.31847981035871
3595,2025-09-07 19:52:00+02:00,0.15,-27.31847981035871
3596,2025-09-07 19:53:00+02:00,0.15,-27.31847981035871
3597,2025-09-07 19:54:00+02:00,0.15,-27.31847981035871
3598,2025-09-07 19:55:00+02:00,0.15,-27.31847981035871
3599,2025-09-07 19:56:00+02:00,0.15,-27.31847981035871
3600,2025-09-07 19:57:00+02:00,0.15,-27.31847981035871
3601,2025-09-07 19:58:00+02:00,0.15,-27.31847981035871
3602,2025-09-07 19:59:00+02:00,0.15,-27.31847981035871
3603,2025-09-07 20:00:00+02:00,0.15,-27.31847981035871
