{
  "mse": 172.03012382703284,
  "mae": 8.756906271376922,
  "rmse": 13.116025458462364,
  "r2": 0.9787056868115518,
  "mape": 722755122.3211151,
  "max_error": 77.52262604919132,
  "bias": 0.2735710044507695,
  "n_samples": 1339,
  "coefficients": {
    "params": {
      "feature": 0,
      "threshold": 21.559313774108887,
      "left": {
        "feature": 0,
        "threshold": 5.725202560424805,
        "left": {
          "feature": 0,
          "threshold": 1.7577528357505798,
          "left": {
            "value": 0.9684909225751266
          },
          "right": {
            "value": 21.152619632609923
          }
        },
        "right": {
          "feature": 0,
          "threshold": 12.710362434387207,
          "left": {
            "value": 47.17337395080868
          },
          "right": {
            "value": 88.7141401322185
          }
        }
      },
      "right": {
        "feature": 0,
        "threshold": 39.62715530395508,
        "left": {
          "feature": 0,
          "threshold": 30.796271324157715,
          "left": {
            "value": 130.0711314995595
          },
          "right": {
            "value": 172.65169079215184
          }
        },
        "right": {
          "feature": 0,
          "threshold": 53.149282455444336,
          "left": {
            "value": 220.52322625835419
          },
          "right": {
            "value": 295.6694020530303
          }
        }
      }
    }
  }
}