{
  "mse": 138.49682782148554,
  "mae": 8.344187078787364,
  "rmse": 11.76846752221739,
  "r2": 0.9828565209300054,
  "mape": 678832269.7229004,
  "max_error": 38.48341987798676,
  "bias": 1.1148363738560862,
  "n_samples": 1339,
  "coefficients": {
    "params": {
      "feature": 0,
      "threshold": 21.198336601257324,
      "left": {
        "feature": 0,
        "threshold": 5.8679094314575195,
        "left": {
          "feature": 0,
          "threshold": 1.474223256111145,
          "left": {
            "value": 0.909634358195112
          },
          "right": {
            "value": 19.931482291981734
          }
        },
        "right": {
          "feature": 0,
          "threshold": 13.391011714935303,
          "left": {
            "value": 47.400570073874846
          },
          "right": {
            "value": 88.43062254069872
          }
        }
      },
      "right": {
        "feature": 0,
        "threshold": 39.79999923706055,
        "left": {
          "feature": 0,
          "threshold": 30.640380859375,
          "left": {
            "value": 126.98873665752916
          },
          "right": {
            "value": 171.25913496571198
          }
        },
        "right": {
          "feature": 0,
          "threshold": 53.157554626464844,
          "left": {
            "value": 220.25591345534656
          },
          "right": {
            "value": 295.66940205303035
          }
        }
      }
    }
  }
}