{
  "mse": 151.2363284634116,
  "mae": 8.507032928775553,
  "rmse": 12.297818036684866,
  "r2": 0.9812795941075475,
  "mape": 678832269.7315823,
  "max_error": 41.559248770655245,
  "bias": 0.7113601657070421,
  "n_samples": 1339,
  "coefficients": {
    "params": {
      "feature": 0,
      "threshold": 21.22681713104248,
      "left": {
        "feature": 0,
        "threshold": 5.928416013717651,
        "left": {
          "feature": 0,
          "threshold": 1.48412424325943,
          "left": {
            "value": 0.909634358195112
          },
          "right": {
            "value": 20.232478288128718
          }
        },
        "right": {
          "feature": 0,
          "threshold": 12.514868259429932,
          "left": {
            "value": 45.8853227555518
          },
          "right": {
            "value": 85.40413957730175
          }
        }
      },
      "right": {
        "feature": 0,
        "threshold": 40.259782791137695,
        "left": {
          "feature": 0,
          "threshold": 31.261510848999023,
          "left": {
            "value": 127.9846479036954
          },
          "right": {
            "value": 171.97068802204532
          }
        },
        "right": {
          "feature": 0,
          "threshold": 53.0497989654541,
          "left": {
            "value": 219.94870735174325
          },
          "right": {
            "value": 293.51639162779816
          }
        }
      }
    }
  }
}