{
  "mae": 7.757891211591778,
  "rmse": 16.053049707760387,
  "r2": 0.9903288518007596,
  "mape": 105113623.737829,
  "max_error": 104.52166666666676,
  "bias": 0.20684855927916296,
  "n_samples": 4570
}