{
  "mae": 7.78491761960823,
  "rmse": 15.556522944915487,
  "r2": 0.9909178639106768,
  "mape": 109139242.2472318,
  "max_error": 106.80707936507937,
  "bias": -0.10857868101788418,
  "n_samples": 4570
}