{
  "mae": 8.40451953501574,
  "rmse": 18.354609121634986,
  "r2": 0.9873569103363359,
  "mape": 128537396.64847416,
  "max_error": 159.61666666666667,
  "bias": 0.19659933533221285,
  "n_samples": 4570
}