{
  "mae": 22.851228229018247,
  "rmse": 31.64541977811935,
  "r2": 0.8679663793065864,
  "mape": 16.37450904642072,
  "max_error": 98.51994550151016,
  "bias": 3.0065821740984844,
  "n_samples": 488
}